segment,end_index,PW_WTC,E_CCDC,CD2_P
stream,0,,,
stream,1,,,
stream,2,,,
stream,3,,,
stream,4,,,
stream,5,,,
stream,6,,,
stream,7,,,
stream,8,,,
stream,9,,,
stream,10,,,
stream,11,,,
stream,12,,,
stream,13,,,
stream,14,,,
stream,15,,,
stream,16,,,
stream,17,,,
stream,18,,,
stream,19,,,
stream,20,,10.851223160328617,
stream,21,,10.542227505498289,0.5299403819664658
stream,22,,15.258847644227004,0.8024262789321173
stream,23,,16.021388921763318,1.1808555431663317
stream,24,,15.363541518878773,1.255144377298879
stream,25,,14.981896377723752,1.1865349329167738
stream,26,,14.727506609568898,1.1459283173581276
stream,27,,15.106499022722947,1.1634416544209816
stream,28,,16.8382385647795,1.1787176862434472
stream,29,,16.193376415861373,1.1721444663310192
stream,30,,16.21060725292352,1.159449355246521
stream,31,,15.975096869807041,1.1392720440177195
stream,32,,16.040975415911802,1.1655145032955196
stream,33,,14.654840331201783,1.152095558527612
stream,34,,15.195875944949528,1.1875185958213557
stream,35,,14.732845816816825,1.2080652262885148
stream,36,,15.166046161378011,1.2640113237926216
stream,37,,16.776525006117748,1.2591592228381852
stream,38,,17.781792178449464,1.2569764523724807
stream,39,,16.23443857594736,1.2717458797303727
stream,40,,16.36233350896925,1.2220762650044286
stream,41,,16.06917853446351,1.2219060959312367
stream,42,,12.688562951654411,0.9867028034951195
stream,43,,12.691950761432055,0.7287823095643231
stream,44,,12.595962905148019,0.6488522046430935
stream,45,,12.543138822008387,0.6340966248507314
stream,46,,13.008787138647586,0.6289795238502455
stream,47,,12.654123316077303,0.6060486779486272
stream,48,,13.703354536465518,0.6830302106260285
stream,49,,14.118079029714089,0.6940209107961739
stream,50,,17.066875281889644,0.7357542139207993
stream,51,,18.33164934385112,0.7590549775101885
stream,52,,19.863747611070632,0.7358233463707929
stream,53,,19.866967545984483,0.7670276053273778
stream,54,,19.528179205613007,0.7185108389217331
stream,55,,19.562390460035594,0.7158253931619658
stream,56,,17.75879414592898,0.6559054783780511
stream,57,,16.034758147103656,0.6686591971616039
stream,58,,14.980956887739776,0.6813189672899966
stream,59,,15.151350201190603,0.6360902815719953
stream,60,,15.031033928342314,0.6410916617296382
stream,61,,17.464526552401846,0.7209203493002057
stream,62,,19.626001410282807,0.6721162239731457
stream,63,,22.098933546600396,0.5258188475814454
stream,64,,22.050903840415735,0.7127612379209667
stream,65,,22.54542876229647,0.7046978721933445
stream,66,,21.95541361682382,0.6966734323134509
stream,67,,22.650495335499283,0.72711471381145
stream,68,,20.258902059020855,0.7227667880161556
stream,69,,20.009671593674174,0.6802761907160898
stream,70,,17.143983836982315,0.6390825452373209
stream,71,,15.930130571060555,0.619894958789075
stream,72,,13.62408082653559,0.6124389150662215
stream,73,,13.020214451668622,0.5971523132483204
stream,74,,12.782055013860724,0.551677477703744
stream,75,,12.749508126269177,0.5287981914257376
stream,76,,13.423854046023498,0.5365522010967427
stream,77,,15.637633075959844,0.5395845534660574
stream,78,,19.753656793632,0.5141892718557776
stream,79,,21.275860046753625,0.5468491193989581
stream,80,,21.273741761794632,0.6053533690215299
stream,81,,19.805168933196956,0.5393147469636251
stream,82,,18.442705632462417,0.7640111823181475
stream,83,,15.687687407748545,0.9222423592071962
stream,84,,15.560121933067915,0.7439298660312864
stream,85,,18.341891795645015,0.8957369229774631
stream,86,,18.289977631535606,0.9765479776270272
stream,87,,18.845682173497753,0.979209107260011
stream,88,,18.46316149724462,0.9264876870239616
stream,89,,18.695357403180804,0.9442190532445229
stream,90,,19.067222317167374,0.9438310100040196
stream,91,,19.38090965085988,0.9381698980316505
stream,92,,19.374171823029485,0.9632602229040589
stream,93,,19.919458289131537,0.9501954346406236
stream,94,,19.97565591138446,0.9866924526291811
stream,95,,19.970305590557185,0.9842195982874081
stream,96,,21.671373678083658,1.012255606241394
stream,97,,18.981857057383625,1.1517773357284542
stream,98,,15.260089373746796,1.1808912386363664
stream,99,,13.95112555434699,1.147254848087412
stream,100,,14.685358006658658,1.0856913078314905
stream,101,,14.285446478155746,1.0566706417290728
stream,102,,12.509216277967269,0.91524677307316
stream,103,,14.087725678729964,0.9386466701086505
stream,104,,14.098149653493113,1.0686962700315628
stream,105,,10.826652195197953,0.9174132215020402
stream,106,,10.8632192156303,0.839783088441238
stream,107,,11.268643067463492,0.8539698574985378
stream,108,,12.31968679079636,1.007314731700108
stream,109,,11.888930830978177,1.0213274880781196
stream,110,,13.391478463722095,1.0889436407879467
stream,111,,14.638832299622004,1.0899123616193271
stream,112,,15.273930899601119,1.0674583709573362
stream,113,,15.132866369197648,1.0665579540142136
stream,114,,16.370945701188305,1.030358264164113
stream,115,,22.542434424945874,1.518406447175259
stream,116,,21.543157532098057,1.5335599793569212
stream,117,,23.165994965864034,1.6063672544052632
stream,118,,23.29114199395964,1.6019334492114472
stream,119,,23.22589582340295,1.6755965210978494
stream,120,,22.500242433181857,1.6778879907081719
stream,121,,22.68010267292317,1.7256780654881096
stream,122,,22.673235802076285,1.6433209385312098
stream,123,,22.628969184370256,1.6159295751725493
stream,124,,22.601618531724736,1.5244199159505158
stream,125,,22.645319129803667,1.527494361119168
stream,126,,23.16620667516161,1.5624791094025863
stream,127,,21.48016388513392,1.518576081311402
stream,128,,21.259562559972018,1.347007772634465
stream,129,,21.46012720754125,1.4029513990757059
stream,130,,20.187054843548186,1.383388647050005
stream,131,,18.807375493444912,1.3861893242286825
stream,132,,18.175472769552876,1.3898117304940012
stream,133,,18.442715369611353,1.3962375163019973
stream,134,,18.037796596994912,1.5424173605822142
stream,135,,11.867325450756278,1.0833923255170141
stream,136,,10.424769875358937,1.0265180051204965
stream,137,,8.813351317071614,0.806774438186161
stream,138,,9.506350247175808,0.7995355472887486
stream,139,,9.553698676201057,0.8052915124933907
stream,140,,9.853084122189,0.7994093671435996
stream,141,,9.215230035938918,0.7538663295721308
stream,142,,9.008931756166456,0.7539092417637472
stream,143,,7.063231341213072,0.59935190854068
stream,144,,7.410912161253608,0.5515284242372646
stream,145,,7.96753927943411,0.5402404290464073
stream,146,,7.675879737142445,0.5057547009878801
stream,147,,7.840689998488006,0.5175781252494476
stream,148,,7.129618943057039,0.5162696033046577
stream,149,,9.119809500774975,0.4675194137892058
stream,150,,8.469979588324973,0.5451945931280642
stream,151,,8.243914816865834,0.5444282321518484
stream,152,,8.18520319097226,0.5381694916380102
stream,153,,7.470623932464104,0.5305343342033951
stream,154,,6.961333829591306,0.39206197689175826
stream,155,,8.578260948950934,0.38238257919979474
stream,156,,8.668184513726093,0.4884902331554211
stream,157,,8.469142695287768,0.4829407282036626
stream,158,,7.465442926517863,0.4811663324041861
stream,159,,7.107021814095431,0.4106698786518088
stream,160,,6.823043097675928,0.4091953444168806
stream,161,,8.102666825668262,0.4453680201639341
stream,162,,8.648604494746614,0.4526020430441866
stream,163,,9.051347219295419,0.4531725680822305
stream,164,,12.573821287430874,0.4938997800327043
stream,165,,13.453212656640353,0.5098258653696699
stream,166,,13.482309652246357,0.5291949761161644
stream,167,,13.54214368055585,0.4956063274149585
stream,168,,16.772253760706725,0.5342351829642411
stream,169,,14.635708345099705,0.5927253552113625
stream,170,,15.326411538684749,0.4753758922723301
stream,171,,15.64489131344216,0.4770874684153796
stream,172,,15.720071848712475,0.4831101871771872
stream,173,,15.747862705635743,0.4915762002733547
stream,174,,15.468818942760379,0.4826284578378591
stream,175,,14.130845019087365,0.4863367977265638
stream,176,,14.386115703035331,0.41116817018054186
stream,177,,14.395931099457831,0.41358692818268206
stream,178,,14.975371270766331,0.45090721195432215
stream,179,,15.81495645213302,0.4394119584795234
stream,180,,16.440484965608814,0.5256753777346787
stream,181,,15.65334775785793,0.6001855578624182
stream,182,,15.694619443873448,0.7057322535835195
stream,183,,15.178323230607342,0.7671790509629961
stream,184,,12.380432646344536,0.74404111600859
stream,185,,11.002308555598242,0.7403671276073768
stream,186,,11.351394986720527,0.7187459249523863
stream,187,,11.582173411349007,0.7174346287806497
stream,188,,8.221902715672654,0.6768224316037919
stream,189,,8.289700839489866,0.5867657665922842
stream,190,,11.126987536683501,0.6679864931240913
stream,191,,11.814864522933512,0.6957248010409637
stream,192,,12.168406270093328,0.7600942408472385
stream,193,,12.921944602501117,0.7507094184593592
stream,194,,12.872504124691613,0.7711118621961406
stream,195,,12.694549423009331,0.7609454237509389
stream,196,,12.607225253643204,0.7452657156319453
stream,197,,13.365174709503654,0.8037699619873665
stream,198,,12.688442559940928,0.7906785387155789
stream,199,,11.879273214033606,0.7914360146438008
stream,200,,11.235253214787058,0.7111077902146372
stream,201,,11.918917386329353,0.6785988837268021
stream,202,,11.232159981378699,0.5872232963903029
stream,203,,11.216933756078745,0.525205971085729
stream,204,,11.792312381346523,0.5429001369294181
stream,205,,12.829762775790037,0.5315243517566136
stream,206,,12.193971131210912,0.5741176440837347
stream,207,,11.761864100504976,0.5743656938124253
stream,208,,16.31191122074712,0.7849125608031697
stream,209,,17.211844622100333,0.8141761516273638
stream,210,,13.686217747244694,0.7837415038006847
stream,211,,12.955408116072558,0.7811893545057963
stream,212,,12.654986144880848,0.7107796452222342
stream,213,,12.020029111070755,0.7106770859115056
stream,214,,12.919156885700392,0.7059309294781896
stream,215,,13.323441780235985,0.8086442228983959
stream,216,,13.353220761973793,0.7942191407150803
stream,217,,12.584213716288641,0.7325594208994255
stream,218,,12.70609508359373,0.6919917133462962
stream,219,,13.249192951920978,0.6921663704857307
stream,220,,13.250799576815746,0.7059215975490375
stream,221,,12.481090676722728,0.6350027789110274
stream,222,,12.37681172346313,0.6304806197839278
stream,223,,13.824368867148246,0.7074473346543108
stream,224,,12.262816606424032,0.7468578737375953
stream,225,,11.242869094835829,0.7634429164216485
stream,226,,11.531031463455864,0.717405047713793
stream,227,,11.77331680084381,0.752056979051451
stream,228,,9.683277720974617,0.7014991200722982
stream,229,,9.176823324814928,0.8316523056177993
stream,230,,9.134510003214812,0.7979299756594166
stream,231,,8.980892925134468,0.7699453045833947
stream,232,,13.783397182091054,0.9000139336775779
stream,233,,16.509374808987168,0.9071229767097837
stream,234,,15.573711990226165,0.9491861305545423
stream,235,,15.069399614518014,0.8363279806037874
stream,236,,14.759343495779381,0.8359898482979878
stream,237,,14.962279588018776,0.8455859267309075
stream,238,,16.461130903741548,0.8635112426512372
stream,239,,15.906784967291573,0.930611287163887
stream,240,,16.221226438522656,0.913574740448563
stream,241,,16.457880178716426,1.0000628360690793
stream,242,,16.446829105628257,1.0123472668311708
stream,243,,15.08423970768896,0.9415819614922766
stream,244,,15.182492721623634,0.8625768365913684
stream,245,,15.672816094374824,0.8456938437284164
stream,246,,15.424121665984796,0.8537453874670763
stream,247,,15.263403058925707,0.8299570802379845
stream,248,,14.013683287880486,0.6896031325153528
stream,249,,13.844965631673952,0.5311210156488175
stream,250,,15.463403813971473,0.5304278867195743
stream,251,,16.203764684088455,0.6670263872579214
stream,252,,11.571419106937785,0.6129002795094283
stream,253,,8.686239983890054,0.6084531583363226
stream,254,,8.668575064578762,0.5502833007127578
stream,255,,9.310494503462314,0.5675158218757297
stream,256,,9.786358897722298,0.5681269532771357
stream,257,,9.577676406085049,0.5676050753164974
stream,258,,7.834229933499678,0.5496338810966788
stream,259,,7.83373778074976,0.48294324179074566
stream,260,,7.805540499572205,0.48622456086835253
stream,261,,8.57356174719212,0.5156995284830244
stream,262,,8.572219797639683,0.5278603382407684
stream,263,,8.453294427850295,0.5267575605133947
stream,264,,8.329855849959396,0.5325250248530559
stream,265,,10.364896901308446,0.6949515603604326
stream,266,,13.710491681012245,0.6860034085734982
stream,267,,14.095283123279893,0.7184184943304692
stream,268,,13.075041942397952,0.7219669606992575
stream,269,,14.22305544817468,0.8218811769357001
stream,270,,12.58266148970322,0.822095738010031
stream,271,,12.2844133972191,0.7010329243259229
stream,272,,12.362016433344106,0.6258068494003696
stream,273,,12.370405447837337,0.6410492944405168
stream,274,,12.993292119547663,0.6783561576480537
stream,275,,12.370171514784602,0.7172683040003257
stream,276,,14.685664385907504,0.8116227185741766
stream,277,,16.407694690197452,0.8031831030160002
stream,278,,16.879271318949574,0.8256069047625704
stream,279,,20.83525183746399,0.8782993451574328
stream,280,,25.375513518903603,0.8738386923141126
stream,281,,23.904477531748114,0.9852986615758015
stream,282,,24.259732276253647,0.9829189552523903
stream,283,,24.206337872437466,0.9892138641153729
stream,284,,24.36067484922187,0.9861063984454834
stream,285,,22.40441997768353,0.8260385302313547
stream,286,,19.266637140028113,0.8891714612081345
stream,287,,18.92272489805798,0.8707525470858615
stream,288,,19.09770344939218,0.8333689183969742
stream,289,,17.954216844919927,0.7781954792178495
stream,290,,18.08067043170669,0.7921820027840863
stream,291,,18.370815046814737,0.858013202683543
stream,292,,19.91238910977331,0.8629003696370539
stream,293,,20.683417443350983,0.8558010185086417
stream,294,,20.079342336569145,0.8541327532826688
stream,295,,20.453706090904728,0.8015633498864939
stream,296,,19.17235973097699,0.7192806277995679
stream,297,,17.89464927144304,0.83447645618895
stream,298,,18.05772545969529,0.8756812399793382
stream,299,,14.075867741700517,0.850761192257592
stream,300,,9.264805642581868,0.8492866503030799
stream,301,,9.173999350781669,0.6125583311418247
stream,302,,8.811372015917218,0.5726514712108671
stream,303,,9.39509213101916,0.5779989776048637
stream,304,,9.782872776025714,0.6564414733752651
stream,305,,9.124813550353279,0.6638664669562728
stream,306,,8.863362885805348,0.6006286239003219
stream,307,,9.812830694118073,0.6146152179463378
stream,308,,9.501571151069708,0.6790062199960191
stream,309,,10.73644654819596,0.7101930560563171
stream,310,,10.879103386385813,0.6920326938042946
stream,311,,10.959709700303401,0.619502067122221
stream,312,,9.842678058150916,0.6142211510644262
stream,313,,9.378590999661943,0.60623539420801
stream,314,,12.739852193925017,0.6287666034962351
stream,315,,13.156301217525769,0.6663706752633405
stream,316,,11.730830457681993,0.6682838332648035
stream,317,,11.581218658919171,0.5636722759472074
stream,318,,10.945445304276369,0.5101872162954623
stream,319,,11.548440343542438,0.5124665908740742
stream,320,,11.886710698984036,0.5739193831894099
stream,321,,12.895323954591317,0.6516817384122243
stream,322,,12.909254849122608,0.6998236925945227
stream,323,,12.864007642123582,0.7136049203619167
stream,324,,12.285638148441992,0.6427872125699143
stream,325,,15.733693805084444,0.7256973212262477
stream,326,,15.788462553978054,0.8832714981345298
stream,327,,14.911118112365164,0.8505614010210522
stream,328,,16.345815711848097,0.8922780498003517
stream,329,,14.798754202199625,0.8481300531899352
stream,330,,14.976740591657753,0.833472322245608
stream,331,,15.174172209467551,0.9250003754119793
stream,332,,14.705676594702645,0.9316647117048086
stream,333,,14.804803614222157,0.9308141984573598
stream,334,,12.026070826289434,0.8742104876903134
stream,335,,12.42122374205312,0.8381919831003215
stream,336,,12.37791756095508,0.864543975850058
stream,337,,12.244259509721791,0.8560919501776169
stream,338,,12.820608856056321,0.8902030569165309
stream,339,,15.132598331047529,0.896965024250855
stream,340,,16.831620991661815,0.8369349761784298
stream,341,,16.19343234623897,0.7870232809082677
stream,342,,18.752263633142583,0.7949904849707924
stream,343,,18.30283796976634,0.8232640902460335
stream,344,,20.197438960440465,0.8519707251027896
stream,345,,17.30874070271228,0.7717944362854952
stream,346,,17.2486945450452,0.6287001984811109
stream,347,,17.906446590190466,0.6479023310952148
stream,348,,16.419224445554093,0.5791783103959306
stream,349,,16.85653990163671,0.5576103454643473
stream,350,,19.019971182700427,0.7442116357064774
stream,351,,18.452465933094956,0.6649631562006882
stream,352,,18.383161308888347,0.6596234320424608
stream,353,,20.232216026033274,0.7978505885693958
stream,354,,19.83912656958276,0.9391636041350486
stream,355,,18.982221215321612,0.933152069356587
stream,356,,22.7063076338173,0.9617536354224656
stream,357,,22.865304462454088,1.015470620105665
stream,358,,22.308226492475956,0.9848337113253595
stream,359,,19.530773503205204,0.9479085222203498
stream,360,,17.46877094620488,0.9508582697991649
stream,361,,17.18866656389046,0.9238266057345935
stream,362,,14.916539429881022,0.8894323610953992
stream,363,,16.674103962369674,0.8451829449972287
stream,364,,15.361179673342608,1.003889439837101
stream,365,,14.767401834876399,1.0154664954308639
stream,366,,14.766780558031218,1.0026402330147155
stream,367,,15.042015318978656,1.0262132460350384
stream,368,,15.83092578915758,1.120471915055702
stream,369,,15.537957675602462,1.1523143678011547
stream,370,,13.932218406175894,0.9680852600118741
stream,371,,15.577153557833551,0.9540678675039279
stream,372,,15.997485457173276,0.9739906884645837
stream,373,,17.161066094806667,0.8695226639333168
stream,374,,17.825236416470766,0.7580368587836206
stream,375,,18.01871861244282,0.755827890057225
stream,376,,15.85105915211385,0.8238323678253482
stream,377,,17.33565052524696,0.7656731162140483
stream,378,,18.813513819965287,0.7518223452223196
stream,379,,18.701855376379957,0.7904729351325608
stream,380,,19.453388648246687,0.8070345083426721
stream,381,,20.212482808208943,0.8056293241640339
stream,382,,20.074994875484652,0.8359638614985019
stream,383,,18.735384757889108,0.8845276395029167
stream,384,,19.813214063046424,0.7049421524043789
stream,385,,22.62457280602485,0.6933651418916488
stream,386,,22.862206189833593,0.8783140401625688
stream,387,,21.753505327290046,0.8476394253447315
stream,388,,23.056140562340826,0.7826213827017283
stream,389,,23.396841146700563,0.750177912099939
stream,390,,22.75026556372768,0.7936338529400485
stream,391,,23.208955744079553,0.8110843547072718
stream,392,,22.543088031520977,0.8572739022880479
stream,393,,19.94394165129512,0.8337543377900712
stream,394,,19.560568176194113,0.8058288602198025
stream,395,,19.28527766232523,0.8073571235918889
stream,396,,17.863928624261757,0.6699062968022336
stream,397,,16.06671127206737,0.675135418830338
stream,398,,14.632970147695291,0.6755192354345682
stream,399,,14.62293605027562,0.6357009369764949
stream,400,,14.092350681199731,0.622502695889544
stream,401,,13.370650180794744,0.6526658450286424
stream,402,,13.209824899997638,0.6090841097857899
stream,403,,14.156739555219797,0.6016338940637678
stream,404,,12.472534354080045,0.648406117391206
stream,405,,10.313729392079628,0.6640703574076106
stream,406,,11.139794911769863,0.47846931194231046
stream,407,,11.430792659495667,0.5527737449495714
stream,408,,9.89144357117148,0.5539047271537404
stream,409,,13.224322510742464,0.5952780296655579
stream,410,,12.869483410232315,0.6413547805413026
stream,411,,12.185214696255162,0.6727690661005197
stream,412,,13.958627874150771,0.6051039084814359
stream,413,,13.650584744637307,0.6023829762896505
stream,414,,13.646183322990899,0.6007946509513787
stream,415,,13.445942450190634,0.628608447519661
stream,416,,14.629041256326714,0.6620943512653104
stream,417,,15.612719192818147,0.6561559655559356
stream,418,,16.672142837621802,0.6552413757158362
stream,419,,20.047870284479533,0.6682811379857125
stream,420,,20.933408689959013,0.6834161537779118
stream,421,,20.825544746240602,0.684709965565642
stream,422,,21.211333328839547,0.6790710110769609
stream,423,,19.8792358082546,0.6251887770534306
stream,424,,28.747032245584112,0.8059164896330401
stream,425,,33.1122377157993,0.7970288133929618
stream,426,,35.04050114631515,0.8059814338581723
stream,427,,39.864148139677134,0.7239891271885057
stream,428,,39.364849170418374,0.8830538771617015
stream,429,,36.25475045169267,0.8674525003499927
stream,430,,37.228174980742914,0.9057096295139383
stream,431,,35.520719378686316,0.8572650074166394
stream,432,,34.220492468854054,0.8589423555738663
stream,433,,37.501374107154426,0.9105799552871275
stream,434,,40.712801512508456,0.9089671066483409
stream,435,,40.688976542678525,1.0375180881058723
stream,436,,40.87455998602363,1.0746379584298467
stream,437,,40.52779605146185,1.0799093295542113
stream,438,,42.25109486870196,1.101131570281613
stream,439,,38.924983820630835,1.1754977295946045
stream,440,,40.53570775508002,1.2297764130147484
stream,441,,42.171258044878556,1.2050398007271166
stream,442,,42.10730386573523,1.244777275039439
stream,443,,42.243921912018564,1.2929482154029421
stream,444,,35.442473051581956,1.1717566093908935
stream,445,,31.672669564813976,1.4045740231391408
stream,446,,28.681848810469084,1.4241675887198437
stream,447,,24.119473878401323,1.4550958560769136
stream,448,,25.500390736702233,1.2353724336207146
stream,449,,28.41034581001173,1.2153519385625493
stream,450,,27.505736415574003,1.154856203966113
stream,451,,32.25823550240042,1.3183183684997875
stream,452,,34.836631312080186,1.3195941654315062
stream,453,,33.77577090494508,1.2603068247982738
stream,454,,31.546625714027936,1.2655626070630992
stream,455,,32.84738226432218,1.3254203475049318
stream,456,,38.9045043601208,1.3547144526903123
stream,457,,38.29973942051243,1.6021831820125374
stream,458,,35.59121261641667,1.584162114373401
stream,459,,35.52831565682219,1.5065216584927035
stream,460,,32.80737780314086,1.4293896871871754
stream,461,,31.964178089300457,1.4468614588707052
stream,462,,31.767762053954883,1.4124875984728962
stream,463,,31.518666284970152,1.3647894854586
stream,464,,30.59724533537259,1.2885578386623309
stream,465,,29.901316832685687,1.1444064593019003
stream,466,,33.18920601592409,1.1759014405737056
stream,467,,34.54207776251509,1.1392413830579453
stream,468,,33.75908652248892,1.140788886101412
stream,469,,31.94252908792198,1.1360580681400518
stream,470,,32.30555817552473,1.2119708674785357
stream,471,,27.68320032532114,1.1186216178617698
stream,472,,25.09672387620239,1.1770267934509497
stream,473,,22.66310044952858,1.2202748732929904
stream,474,,23.20515893739678,1.3405433912117137
stream,475,,21.863474789842694,1.1788326454641727
stream,476,,16.71919226832204,1.2011246210354591
stream,477,,19.506192406220233,0.9486839217219311
stream,478,,19.4779922070102,0.9989348442770793
stream,479,,23.224593364307744,1.0872069810342477
stream,480,,31.03582451509937,1.1173701638695879
stream,481,,30.856597792891677,1.2461893392705712
stream,482,,31.080223588534498,1.237986605986265
stream,483,,31.081205145633607,1.2386007131659464
stream,484,,30.020230620421028,1.1957174876535934
stream,485,,33.32191640206783,1.3121392125940943
stream,486,,30.125475732777684,1.4029678956247533
stream,487,,30.04916530767891,1.4358742547771108
stream,488,,29.8513122217428,1.6168809570345797
stream,489,,29.188097982385276,1.7105274174219527
stream,490,,31.940432584127883,1.5680196732233826
stream,491,,34.56168021688951,1.4889590548873293
stream,492,,35.44281417999968,1.4486370831963138
stream,493,,35.1758920300223,1.4990255507122001
stream,494,,33.819802069397205,1.3987398672518527
stream,495,,38.04348272864944,1.3860172621372675
stream,496,,35.96137373755,1.3494850919099601
stream,497,,33.24803496432873,1.408054204222364
stream,498,,33.182891875428886,1.36124128205455
stream,499,,29.434830799219295,1.2681253237996277
stream,500,,22.288298696336412,1.2744937675396066
stream,501,,21.655069965908464,1.1450003724587297
stream,502,,22.04803178724254,1.1729052615209528
stream,503,,27.189555157544863,1.2639806466442014
stream,504,,27.593801969303396,1.3360704885560968
stream,505,,24.56412181541861,1.1140473182135566
stream,506,,26.893269113584708,0.9840949448020705
stream,507,,30.915817694340202,0.9826725925498611
stream,508,,31.10882615027327,0.8665743929329733
stream,509,,30.785091561591983,0.866574322698522
stream,510,,27.656173741279996,0.9133908294200805
stream,511,,24.861156871365743,0.9207149070860288
stream,512,,25.023076586625862,1.005696132689684
stream,513,,25.178296415067354,1.0392167767482332
stream,514,,25.47952298328416,1.036706881086471
stream,515,,22.21648181706566,1.125785214374543
stream,516,,23.733184663026435,1.041482513408349
stream,517,,24.68961419528077,0.982913422332825
stream,518,,28.274936821300425,0.9981421309260188
stream,519,,34.132485583885334,0.9986805340093116
stream,520,,34.290017726112104,1.0483947731953052
stream,521,,35.05494761134748,1.0249866250074218
stream,522,,34.32715814337864,1.020781268822072
stream,523,,29.20667300408542,0.9271587777425055
stream,524,,29.640558423228605,0.868483052634824
stream,525,,29.239776923094553,0.9619299432149355
stream,526,,26.89624069254612,0.942667381894909
stream,527,,21.14860270200078,0.9061101293914943
stream,528,,21.351260870336255,0.885345899009589
stream,529,,20.526500407509854,0.8251141342181871
stream,530,,20.99786107875914,0.8035969454466637
stream,531,,20.943717744949577,0.7959434055508459
stream,532,,19.46560952844731,0.6903629273218777
stream,533,,19.988640632930455,0.6031013975950049
stream,534,,22.98126518666031,0.6157446585763273
stream,535,,23.279771560195485,0.5196363778147185
stream,536,,21.84252886568586,0.5220481369929709
stream,537,,24.007011816572252,0.5608896138132501
stream,538,,20.91189147888943,0.576645438165442
stream,539,,16.10256757834068,0.5749401574858002
stream,540,,16.23943207129511,0.48899943818924757
stream,541,,15.872164377179693,0.49324461185796054
stream,542,,15.855589303535213,0.4868177916085482
stream,543,,16.311008327019586,0.5188147923340101
stream,544,,15.445549669992227,0.505751289683482
stream,545,,15.690002160342303,0.4530884898571594
stream,546,,15.663331773204858,0.46347904072685514
stream,547,,15.678891389422978,0.46351202672395997
stream,548,,16.470673565229244,0.4298020671176807
stream,549,,17.087711375029567,0.38795222555821735
stream,550,,16.665362552143286,0.36155263120799447
stream,551,,17.044722868065758,0.3657229625663364
stream,552,,17.45320536335286,0.36572296724195835
stream,553,,18.416233921661966,0.33557418235392533
stream,554,,16.471778167024887,0.3005707865982183
stream,555,,16.42090656209678,0.26387960882315403
stream,556,,18.64249728375572,0.26359562016970195
stream,557,,15.468769312451904,0.34162747367588125
stream,558,,15.493382747044917,0.34966472495744405
stream,559,,14.490423461232385,0.37594711186029645
stream,560,,17.33033275481919,0.4807597060897564
stream,561,,16.96106752254163,0.5868056465961772
stream,562,,18.447774215641125,0.5959980063477188
stream,563,,20.38283710121667,0.5682596845404694
stream,564,,23.204727479625376,0.5631073126526883
stream,565,,22.643324304574943,0.601024117263809
stream,566,,23.780002026109248,0.6147691175925322
stream,567,,25.247840980103906,0.6192069217296206
stream,568,,25.335124703165835,0.6002186208976771
stream,569,,25.329762960882803,0.592256982728075
stream,570,,26.092045169571424,0.5873816463840411
stream,571,,25.535707783512965,0.5991970647322057
stream,572,,25.142712566681475,0.5986903936916013
stream,573,,23.76198890098888,0.6033017966713009
stream,574,,22.5419919107571,0.611108063566002
stream,575,,32.22611309052371,0.8016395239407348
stream,576,,30.802848721053234,0.954549516166832
stream,577,,32.730973412123326,0.8360549007132877
stream,578,,32.18310911574245,0.8616182308141381
stream,579,,35.29830080827915,0.9224925865249333
stream,580,,33.17931063410367,0.8230630232679472
stream,581,,34.10314439357223,0.7141191547367277
stream,582,,37.350001066124285,0.745533507381736
stream,583,,42.62627183460304,0.7509848992329441
stream,584,,44.832896448161776,0.7555506349238886
stream,585,,46.473070983156624,0.6978989642165097
stream,586,,45.37294429453414,0.7499249693382306
stream,587,,44.11953658159761,0.7793017805438345
stream,588,,42.467484440029835,0.7831056068189993
stream,589,,41.99499596962967,0.7802188953950279
stream,590,,41.75802012180086,0.8203735533682885
stream,591,,41.76153623863598,0.8277210962241859
stream,592,,42.27789896210157,0.8584013727761394
stream,593,,42.132317539023646,0.8875797204500792
stream,594,,41.35503625278372,0.8981398561354043
stream,595,,30.82140353102163,0.722269939398788
stream,596,,30.07756196388421,0.6289063851449621
stream,597,,29.39631666132827,0.6315422795185991
stream,598,,30.019278797111397,0.707921929945918
stream,599,0.9569025159743506,27.87884193563032,0.7123329888978799
stream,600,0.9579400543305923,28.835567083681404,0.9883691147548466
stream,601,0.9586207477374469,30.710017581675146,0.9873014277538352
stream,602,0.9590697897802364,29.641737628348075,0.9367340608976453
stream,603,0.9590202444767838,24.685822470115824,0.9296465723132846
stream,604,0.9587308038072044,19.636409310647867,0.9872412647153785
stream,605,0.9583528331870815,18.11455191240735,0.9644125752031311
stream,606,0.9580668966291676,18.727476122188786,0.8910639491814139
stream,607,0.9579704932843404,20.172813780319544,0.8642114181998489
stream,608,0.9582238521387229,21.010240357347385,0.8677866492720304
stream,609,0.9583789757905066,21.564220068549773,0.8676500431990428
stream,610,0.9589349445081348,20.94175008722484,0.8528071570572222
stream,611,0.959343597527681,22.32959428491774,0.8743494297932176
stream,612,0.9599711016432309,26.12282668644597,0.8735896280829807
stream,613,0.9614149965609433,26.004140481685948,0.9449799658204732
stream,614,0.9631145591450067,27.554609416904132,0.9487679847224351
stream,615,0.964826527595403,28.179370982646926,0.9387366836332124
stream,616,0.9665455297467147,31.34251117936358,0.9050471813589959
stream,617,0.968267006052927,30.052625296922113,1.0740902305929314
stream,618,0.9694222878155287,30.20550431075937,0.9624286963270298
stream,619,0.9704455245205295,29.744723541091894,0.8700856683905336
stream,620,0.9713361417218037,27.220613405757277,0.6337101291089162
stream,621,0.9720278203770532,24.77003656067289,0.6632487259955475
stream,622,0.9723328464199626,21.136153265327916,0.6941285238758965
stream,623,0.9724523154091395,18.427901472231742,0.6925979478061133
stream,624,0.9724310656679428,19.246051943853903,0.6411632249026435
stream,625,0.97229051729005,19.473504449526605,0.642381895477736
stream,626,0.9719803197585254,22.693478311903142,0.6820552549222816
stream,627,0.9714972975672711,21.482099545517315,0.7319469305337444
stream,628,0.9708538805260924,23.94656382953175,0.7717172002881223
stream,629,0.9700915530615924,26.866757573834654,0.7719474864369466
stream,630,0.969592142647895,27.577353798321628,1.0462319269663085
stream,631,0.9694498898031219,26.269470677790917,1.0086277973103341
stream,632,0.9693523459262295,21.966118848929973,0.9881616965820237
stream,633,0.9694108256695676,21.934686147523735,0.8737720567038935
stream,634,0.9691185715712454,20.40953739795273,0.8529225751814035
stream,635,0.9686225886567937,20.8739603870884,0.9214143631914388
stream,636,0.9680415703659272,18.802429598662698,0.8919039200605143
stream,637,0.9672196150025946,19.473564100500166,0.7272098657534162
stream,638,0.9655735093001295,18.82694199202692,0.7021748080575898
stream,639,0.9636023528149232,23.750832519041058,0.8244428666756707
stream,640,0.9617103127132774,27.066854384059027,0.7932810932591063
stream,641,0.9597598553228465,28.335696942942274,0.7785993932339876
stream,642,0.9580272301234529,29.917662570926513,0.7405064971301194
stream,643,0.9564515565526245,30.50198102402943,0.7569923173107646
stream,644,0.9552812373303585,30.859918533369466,0.8966474373393261
stream,645,0.9544495907696458,31.46932017458084,0.8939174197566836
stream,646,0.953942248603364,29.606746602675393,0.8584141385843197
stream,647,0.9533253440166432,31.74974264049493,0.8123324066909349
stream,648,0.9543634749647705,28.372671874942007,0.8587957261872017
stream,649,0.9559487464907028,27.72363540416771,0.9750517568626348
stream,650,0.9579806864260978,29.13554630034765,0.6724062246899031
stream,651,0.9590699301556044,30.075671442032224,0.6667045069174348
stream,652,0.9598164379149486,35.01505869841972,0.7447747435825518
stream,653,0.9603787981875491,40.98883151016443,0.7465836075267224
stream,654,0.960743122067409,43.85488509763984,0.763047040121822
stream,655,0.9611075738578551,44.62731458525484,0.6909127793644354
stream,656,0.9615242106113778,43.10902433300138,0.8023506250396067
stream,657,0.9621379424140543,44.22464964808922,0.8936563035507823
stream,658,0.9624944429407654,44.387525526716,0.9815264262094058
stream,659,0.9629920552689962,39.32312953933191,0.8561798675561083
stream,660,0.9635591938112893,36.316890941435155,0.8431328921850227
stream,661,0.9639227794296004,35.797674154081434,0.8319576350490951
stream,662,0.9640881685479871,40.24613175204527,0.8995736786014847
stream,663,0.9640083180031414,42.39129151101529,0.9172151539897203
stream,664,0.9638258695674512,42.48619512245232,0.773215496488535
stream,665,0.9637457351870113,41.7249812448407,0.7873388098732289
stream,666,0.9636141623674409,40.86078863204603,0.7818233735925895
stream,667,0.9634818682717913,39.43044631206981,0.7710813746145686
stream,668,0.9634673836291355,39.61655012808771,0.8111044276806811
stream,669,0.9635912707494203,36.705815545813984,0.6943413025301178
stream,670,0.9636944618778676,35.19052128803911,0.7196051118700147
stream,671,0.9635765515405726,34.16534359529456,0.7457827780520582
stream,672,0.963246741157874,29.233356161151544,0.6632984544160109
stream,673,0.9629652874200652,23.577903388971087,0.6764400467918463
stream,674,0.9627199925752623,21.29140222730487,0.658157389787902
stream,675,0.9624280446239881,22.353571135566945,0.9142681617231205
stream,676,0.9621114003813472,22.323277853508127,0.8656884416175759
stream,677,0.9617554271874554,20.529585346748853,0.7677279530460871
stream,678,0.9614782694031699,20.281929999224506,0.6687299271939218
stream,679,0.9612549485044498,20.481905109844476,0.6844929334291002
stream,680,0.9606301365008946,20.125518364959976,0.7132807553048455
stream,681,0.9605276626468507,19.1613690016435,0.7104547114041945
stream,682,0.9601126419824069,13.467272000563591,0.6853163415859622
stream,683,0.9599490488609925,12.057467635845736,0.6617967562687443
stream,684,0.9599804914194735,10.812095552358874,0.7183365282995239
stream,685,0.9594046853166284,12.139729575202484,0.8078574431158747
stream,686,0.9587476380614319,11.022179768519491,0.887167582178808
stream,687,0.9578381212280811,10.349064651158242,0.8991633828938209
stream,688,0.956681355837095,10.37581899004101,0.8268859558831329
stream,689,0.9558611125454131,11.561241553512044,0.8400759003475048
stream,690,0.9542593082077385,11.104844428675596,0.8953172380382827
stream,691,0.9525922460270173,11.363412169001878,0.907329534921535
stream,692,0.9508838945097865,11.432582014119484,0.9023915983596862
stream,693,0.9491593844709881,11.12526203524312,0.8855747559496284
stream,694,0.9468881691941031,10.514730225335864,0.8859763328386093
stream,695,0.9445264861939836,10.29641682904072,0.7248399341102314
stream,696,0.9427380281295713,10.586443032073763,0.8647344235279497
stream,697,0.9430648312910984,11.217041534842636,0.8676046457774997
stream,698,0.9437998257725299,12.32032674149476,0.9750154265611255
stream,699,0.9443660450711521,11.699481188132708,1.0239481173261227
stream,700,0.9456616172219555,11.971386236925936,1.0087321338706448
stream,701,0.9477078540912425,12.058443363921505,1.0074741140486896
stream,702,0.9495437972631976,11.73048001868766,0.975063449044544
stream,703,0.9511402367673505,11.373312248592061,0.9790511300927124
stream,704,0.9521013132332251,11.30085055626652,0.9503755202843648
stream,705,0.9534606360817127,13.005257063372248,1.0141914604015665
stream,706,0.9539404132513041,13.068529041817655,1.122477354844873
stream,707,0.9546769538617876,18.399702035569778,1.4667297731301807
stream,708,0.9553356064282553,18.8026684515599,1.4836431870055533
stream,709,0.9552925567496237,17.847309114586906,1.4706619582834124
stream,710,0.95535319873503,20.585663136199976,1.449142938185001
stream,711,0.9554999568241834,23.903235891346192,1.4110106843239127
stream,712,0.9554927464242848,23.912577389123165,1.4698621803154792
stream,713,0.9557977904135189,25.374327109807176,1.5067497851469691
stream,714,0.9565750113685769,27.20422104618524,1.5103218256909734
stream,715,0.9569542756665773,24.21197746446044,1.4922908547186775
stream,716,0.9570449354739392,24.851112785055154,1.356082805168337
stream,717,0.9577428589120628,25.50513539387941,1.3526333705376468
stream,718,0.9585881875620621,27.24932680140894,1.2695165278976044
stream,719,0.9590517625371556,27.388191908656523,1.3195864642596313
stream,720,0.9597231969645318,28.378399604299002,1.39500745878256
stream,721,0.9600771686600859,28.438259035261524,1.4821515769817513
stream,722,0.9603387413663959,28.532739526633048,1.5006247783411912
stream,723,0.9609062249501586,28.422182172839328,1.4986413614680205
stream,724,0.9614277166430933,29.645278784225482,1.4673842360608425
stream,725,0.961463226718646,26.752098060295083,1.413179681470701
stream,726,0.9612268210621494,26.62344985279446,1.2281578018020824
stream,727,0.9613111016497439,21.491806401482698,0.921014136551915
stream,728,0.961294672575604,21.081191987769238,0.847313936955855
stream,729,0.9611443484053638,21.464933819436784,0.9009117320618898
stream,730,0.9610743566820765,18.66379381215058,0.854786272372937
stream,731,0.9615770068542855,15.91303477254042,0.9144095312099004
stream,732,0.9630187781620548,21.138281495453686,0.9468957676274352
stream,733,0.964700737846598,20.1369966647399,0.9966560598890168
stream,734,0.9662535273783452,19.183589782545763,0.9951341450737144
stream,735,0.9674087475801728,19.506057347943365,0.9170906860579492
stream,736,0.9681350844254165,18.72439808754146,0.8793063099872448
stream,737,0.9688239625449837,18.68765886795307,0.9724159453151584
stream,738,0.9693834634500522,17.09795569937262,0.9480196554979022
stream,739,0.9700408124647589,19.917569064523853,0.8479387583159547
stream,740,0.9705461164213723,19.43854181984012,0.7728848598963236
stream,741,0.9708289104254451,19.15542841409438,0.7054267261877614
stream,742,0.9711642663043484,20.027587982006793,0.7092404730237338
stream,743,0.9712856255662523,19.140959609823405,0.7206224304710286
stream,744,0.971061709849577,18.01610537921213,0.7166602149295747
stream,745,0.9708713638879065,18.987731224254325,0.6845373954697846
stream,746,0.9708933997214754,18.99415679742099,0.7410771183396323
stream,747,0.9708825057774474,18.140867265847234,0.6920121086563674
stream,748,0.9707225583144147,18.382848200697275,0.7024426503468119
stream,749,0.9705601419697374,17.71711116313841,0.68035847310482
stream,750,0.9706444926862157,18.112486634202106,0.7034653357364586
stream,751,0.9705650885606367,18.51720403849674,0.6453060822780541
stream,752,0.9703001930053556,16.599917951084137,0.5649527017819217
stream,753,0.9700288953437444,18.386101841503482,0.4809273830005544
stream,754,0.9702912615732864,17.881522165466247,0.6494053136824688
stream,755,0.9703611566046326,17.625149065257077,0.6490826188700743
stream,756,0.9706434797994112,17.67815872448572,0.6198874481228829
stream,757,0.9712309624048179,16.945053037516097,0.5272390219059202
stream,758,0.9718071794834225,16.02390808526958,0.5272586891453703
stream,759,0.9722603206009718,13.539927205919186,0.5125212961192702
stream,760,0.9727251912617776,12.898136914110768,0.4976077125964832
stream,761,0.9732179479686195,14.633716723197844,0.5003357847035046
stream,762,0.9735739660203635,13.824159779652362,0.490709116675365
stream,763,0.9737439530396094,13.878821302128273,0.48076009935191516
stream,764,0.9737536899473748,13.868911616284414,0.4803041802830337
stream,765,0.97369554211564,13.889704663032164,0.4815523160612357
stream,766,0.9735156450944736,14.000565816532347,0.4526207238067542
stream,767,0.9730778746437793,16.25252932594973,0.4942514662385341
stream,768,0.9725474581823041,16.648586448023362,0.4976397615475088
stream,769,0.9720188470082332,17.63003993060429,0.4659489362329918
stream,770,0.9718279093628727,17.1413964896803,0.46191209035598385
stream,771,0.9717865836612356,16.21579936676505,0.4672669882112053
stream,772,0.9721756426639869,12.818162360137269,0.48036494497211935
stream,773,0.97246349832871,15.295012720666438,0.6784677274327888
stream,774,0.9726307460715377,14.92344412662196,0.6964006457232033
stream,775,0.9732092088741386,15.105781599332545,0.7084514480360881
stream,776,0.9738942626756951,15.54742341876044,0.7102233171560882
stream,777,0.9745468194700873,15.046581109987521,0.7219321417527066
stream,778,0.9751033632952115,15.139257751149549,0.7449640747402284
stream,779,0.9752625000652936,14.920408508993804,0.7475564393290617
stream,780,0.9752325499613341,14.76252375914889,0.7658583413626044
stream,781,0.9751583482480489,13.138999818263898,0.7434398468886914
stream,782,0.9751323008647863,13.019163616346148,0.7207711366936048
stream,783,0.9749958113167722,13.896688241960993,0.7196987837876074
stream,784,0.9747734563201493,16.412508239893132,0.7418699083258953
stream,785,0.9746845362329138,17.740392885268538,0.6593997366863152
stream,786,0.974460340255106,18.309370901940472,0.6408598514617205
stream,787,0.9742187857712296,16.077041531282728,0.6202654841392854
stream,788,0.9739020053006648,16.25015351902053,0.6334963463070401
stream,789,0.9734866442356682,15.229210680913708,0.6657247052021855
stream,790,0.9731455453625597,15.777169329334711,0.6521411081237253
stream,791,0.9731481704470647,15.879278669133729,0.7268200538492579
stream,792,0.9730276695498759,17.232245819181983,0.8300350547689803
stream,793,0.9729560789745428,15.111254798023847,0.6351935107483315
stream,794,0.9728767439773957,15.204812864833773,0.5841834327902289
stream,795,0.972803196312538,15.176199553744137,0.5908024433638487
stream,796,0.9726956172971357,14.770229145537494,0.5897840253558996
stream,797,0.9725583660660988,16.063764153283046,0.5840742544174253
stream,798,0.9723764175657114,15.621533402208385,0.6322072644759543
stream,799,0.9722325855932256,15.365535070876119,0.6316443322700329
stream,800,0.972059619820336,15.515927896939186,0.6197864334286095
stream,801,0.9718452718723501,15.38055718478301,0.6355941095887693
stream,802,0.9714929027532953,15.63289461664608,0.6544748532868921
stream,803,0.9710856846546623,14.938168638150946,0.6399141871323942
stream,804,0.970809809020908,14.120653458978403,0.7389699868318546
stream,805,0.9707588749602127,12.16203975858475,0.7449132476979841
stream,806,0.9707865106083332,11.819613501802872,0.8039318091368365
stream,807,0.9707777252451252,13.222412966171035,0.8012857295733897
stream,808,0.970835892404796,12.951345566204823,0.7715914098160082
stream,809,0.970934193792288,13.386643719845297,0.7471937974982662
stream,810,0.9709611388478583,14.821185257263538,0.7507397254753786
stream,811,0.9710245290516785,15.251455156959146,0.6745132804112415
stream,812,0.9711404656191884,14.566578804697944,0.5477264423776488
stream,813,0.9714332031081054,12.166666970858191,0.5830673511351455
stream,814,0.9717584904556474,12.198275098628635,0.4590559439061127
stream,815,0.9719749629233189,12.502082301544693,0.49969495461119356
stream,816,0.9721286680426813,12.691919821054844,0.4991244237111393
stream,817,0.9722117368798091,11.600068961512065,0.49189887829776463
stream,818,0.9722249337019624,11.824430620726071,0.4545288810676532
stream,819,0.9721632511415476,12.263616255950305,0.512883534468367
stream,820,0.9720928360006412,13.017758976475154,0.5107193811712939
stream,821,0.9720615080632913,14.26440665734619,0.49622298631232015
stream,822,0.9720597817218211,16.342529147259036,0.4929477346193511
stream,823,0.9719889170569351,16.159159978006215,0.5618433630505998
stream,824,0.9718762094633964,15.329730566535511,0.45865015695522215
stream,825,0.971684938356356,14.857102461371976,0.4543074769383195
stream,826,0.9715180339863452,14.622811704941482,0.397447829305445
stream,827,0.9713795468058819,13.399903842726937,0.41719948757959935
stream,828,0.9712220951062155,14.377475737777095,0.5421188393649743
stream,829,0.9710377642699912,14.357494959298025,0.5644438398940069
stream,830,0.9708205877014101,12.544914404264427,0.5466908945177986
stream,831,0.9706389934348476,12.776001947812238,0.5462168418413813
stream,832,0.9704996993854115,12.049031955192515,0.5928230058825663
stream,833,0.9703458449624862,12.029466647158314,0.5520681638061431
stream,834,0.9703055181439437,14.269579573778056,0.5777159456845951
stream,835,0.970309839413788,16.83342837154128,0.5184246750334163
stream,836,0.9702912098054794,16.452931841513063,0.5994558691748031
stream,837,0.9702701435040775,16.405081404053856,0.5992627984010739
stream,838,0.970215952279156,16.55536790093116,0.5654481842236014
stream,839,0.9700204932353286,19.288999681543295,0.547413639782152
stream,840,0.9696025806964473,18.368397870990567,0.6509342876876717
stream,841,0.9694900606746738,17.69526306621671,0.6581457004543206
stream,842,0.9698342277108225,18.13675973765967,0.6730432778424699
stream,843,0.9701290667952114,18.80974515387896,0.6216396160004855
stream,844,0.97046163842905,17.84154358405919,0.6273054332964688
stream,845,0.9707597270230306,17.648155235073833,0.626213427051178
stream,846,0.9709068577677783,18.51641218874474,0.6160609745421419
stream,847,0.9709873642150206,19.498052789578917,0.5778691170264157
stream,848,0.9710054236642834,18.511360965338376,0.6079266966031663
stream,849,0.9710626908765357,19.635442707087844,0.5822087648412678
stream,850,0.9712271696963736,19.50433876183475,0.6399462940384419
stream,851,0.9713970216586044,19.13794694740175,0.6439757396975359
stream,852,0.9715338003860146,19.13230966626269,0.6239566783792525
stream,853,0.971639921913043,18.933940175203762,0.6230807750554178
stream,854,0.9717022460629857,16.71373882133348,0.592038253252027
stream,855,0.9718310831344975,13.920995154844785,0.5977264453923834
stream,856,0.9720451834586544,13.822994770837983,0.526286702529354
stream,857,0.9722474320659169,15.614683976567019,0.6025487246127048
stream,858,0.9723788031781453,17.974888034109757,0.6041710757675681
stream,859,0.9724784916409694,14.98940387001072,0.693476312163487
stream,860,0.9724657392793739,15.409899590314335,0.6426957158896889
stream,861,0.9723558709977131,14.933277178668277,0.6365399604839246
stream,862,0.9720592172945489,14.114188022164733,0.6569479697693094
stream,863,0.9716066420689832,14.172871957914941,0.643265554802136
stream,864,0.9708864522152371,14.384748927848323,0.6209441510250181
stream,865,0.9699082205719446,14.430900283774216,0.6503890035769644
stream,866,0.9683993720992811,13.70587010352808,0.6763585622319956
stream,867,0.9667011497368712,12.526058221610375,0.6865245519565358
stream,868,0.9656199254609772,13.19988800702425,0.5746039627575628
stream,869,0.9652902895901649,13.102207366312696,0.570133159009431
stream,870,0.9650173980653224,13.584296056225586,0.5201331153715476
stream,871,0.965090482957727,15.434846585056238,0.5379310976436988
stream,872,0.9656183918358006,16.81646095210377,0.5154654390038254
stream,873,0.966213318207281,19.635521044628817,0.5274216955762895
stream,874,0.9671117628075954,23.81995015784508,0.5289838170784168
stream,875,0.9678730695850642,26.455232791719784,0.5283432682109923
stream,876,0.9689880431769795,30.59161740374011,0.526693379186528
stream,877,0.9697015297761571,28.63952848748355,0.5641704293607175
stream,878,0.9702651869311433,28.826671460917215,0.6483885008351074
stream,879,0.9705323475574574,29.447028676076894,0.7720662931678708
stream,880,0.9707213582015232,30.291577979178776,0.8644981373287319
stream,881,0.9707248165528821,30.72506904657894,0.8643539023744117
stream,882,0.9707163135758724,32.20995516893453,0.8520672355683369
stream,883,0.9708621190938872,31.72702916533334,0.9107924458930157
stream,884,0.9710199945872313,31.710306900232546,0.9094246722615968
stream,885,0.9712476708266026,32.40822523242985,0.8915300625665881
stream,886,0.9717543564513422,32.80782361057339,0.8579413692421866
stream,887,0.9723380631288974,33.5376813755283,0.8478580616610812
stream,888,0.9728294058115555,32.211211481121005,0.8110276503746918
stream,889,0.9734473135486404,33.745738945651716,0.9578336802832155
stream,890,0.9739644266524187,33.40275619995624,1.088593823598178
stream,891,0.9745260636243326,31.253004653391464,1.1152743358165038
stream,892,0.9750224715747394,31.397430211244796,1.2501953614781005
stream,893,0.9753549423919998,29.38193758060121,1.241028321570955
stream,894,0.9754147884406691,25.184900009984,1.2411659554432695
stream,895,0.9754580690718797,22.229204947769357,1.252461823232327
stream,896,0.9752249124693657,18.254239436581127,1.2594338903523832
stream,897,0.9751859868621944,18.250706752784648,1.1503990702891747
stream,898,0.9749485386933462,15.319125782469095,1.065412330616099
stream,899,0.9747985103067692,14.738005332645658,0.8186104911952049
stream,900,0.9754993614732795,19.577785698725556,270.9272778474003
stream,901,0.9756691389693625,14523.091590200616,314.08016418047214
stream,902,0.9749521943302062,32458.59159653882,320.5284381250595
stream,903,0.9749304976244274,37238.49679473104,472.4244906860762
stream,904,0.9721048421147062,37955.77072249011,537.6436141862835
stream,905,0.9619979125481638,38193.75060344583,542.2510857524821
stream,906,0.9506023287612475,38197.637224060025,548.5788349388798
stream,907,0.9410626891850049,38200.094056280905,548.5898192893083
stream,908,0.9324845011623666,38206.88611337138,548.5854703062558
stream,909,0.9250251766245603,38204.04986474047,548.6634236332557
stream,910,0.9199909870370535,38206.01470374624,548.5610282010954
stream,911,0.9156797515927362,38206.31373348328,548.691767618352
stream,912,0.9110918425383571,38204.81204569381,548.56413817807
stream,913,0.9058804219407858,38206.716205624696,548.6678091000311
stream,914,0.9001640468694582,38210.071098595756,548.6598943827186
stream,915,0.8953020034970831,38214.26602432305,549.1658983781148
stream,916,0.8917533292453717,38214.225210476485,549.2462681039508
stream,917,0.8880485947351405,38214.211537991345,549.2509881986759
stream,918,0.8847681124182661,38214.72186859248,549.27953705209
stream,919,0.8852320909824928,177824.39406876336,550.1439934567405
stream,920,0.8828097602717419,177818.33205053062,282.24611719934467
stream,921,0.8834271993093351,163679.06063826874,240.5216339907612
stream,922,0.885907258047978,146036.6270173965,234.1698638723278
stream,923,0.8894416949306321,141608.15716950482,82.30497927705477
stream,924,0.8921222628714056,141269.47644573974,17.102548650803065
stream,925,0.8947895924900764,141548.30800630114,12.854298080526103
stream,926,0.8973866398952516,142187.35512103583,6.76044907143569
stream,927,0.8998598861301257,143073.4446482714,7.426810760048479
stream,928,0.9024183639007476,144068.86224200486,7.542200294305995
stream,929,0.9047787806201373,145058.08740997934,7.31832760767858
stream,930,0.9056336779461613,146039.51420753176,7.280196170270716
stream,931,0.9101975250602181,206808.62165320487,317.54483198995973
stream,932,0.909172495083312,208386.19735182935,487.98396303627396
stream,933,0.9077307980981937,208547.24173080796,514.1833639028554
stream,934,0.9061940103238766,208557.8559646704,517.1304416030531
stream,935,0.9047547415835399,208554.04675543992,516.9583870484116
stream,936,0.9034484839215945,208554.1070709882,516.8629383243332
stream,937,0.9024626516862311,208554.48285979783,516.8579217525091
stream,938,0.9019979503145433,208554.172752083,516.828538884446
stream,939,0.901927861639913,68946.07982584361,516.0076641231927
stream,940,0.9021274687041481,68946.68018468653,513.6525199098551
stream,941,0.9024202581431197,68581.98727954725,512.256541066952
stream,942,0.9024610779710142,68286.1455892272,512.1870658437609
stream,943,0.9025743012250131,67934.45529816899,512.1010945173018
stream,944,0.9028253033064073,67555.87897729428,512.0872304165175
stream,945,0.9030114857874657,67038.47182574448,511.7210238349509
stream,946,0.9032042247529105,66394.87550848383,511.4904783488537
stream,947,0.903477266991063,65505.79103948442,510.8153719479523
stream,948,0.9034532773800101,64504.92973802036,510.71961956027536
stream,949,0.9032612442683787,63515.98964181538,510.85088048899144
stream,950,0.9028738108020015,62532.58161119753,510.85226096572853
stream,951,0.9023575977170596,1765.452142841307,200.54802923340927
stream,952,0.9017729774492109,188.47908269665385,30.127790813410208
stream,953,0.9012182813757513,25.024237513197026,3.8769702574657363
stream,954,0.9006253043736553,10.935555701324962,0.9351948889723461
stream,955,0.900055656735066,10.798248919896052,0.5935328925391836
stream,956,0.8994193946009627,10.669437895184087,0.6249898878378233
stream,957,0.8988920738345872,10.626635775742745,0.6470368282329784
stream,958,0.8982673796349426,11.732524412980627,0.7603290280734457
stream,959,0.8976688659569005,9.95560564900235,0.7740798145844983
stream,960,0.8970660218306068,9.298249385167786,0.7692332471182086
stream,961,0.8963405963604971,9.299967874911637,0.7362335716007953
stream,962,0.8952830943497739,8.594837779052437,0.6819548987409917
stream,963,0.8940350205073824,8.899662705916784,0.7099389750453763
stream,964,0.8922938837377307,9.314206122161231,0.7660340708695478
stream,965,0.8902511074919227,9.117842669380423,0.7784652816839046
stream,966,0.8882318033081886,9.209755472629677,0.7912957333855721
stream,967,0.8860875412846895,9.203735418143074,0.7974515070088789
stream,968,0.8848001490310954,8.212398722818778,0.8250293072006327
stream,969,0.8839079385542716,7.7901900386186025,0.7026641160159091
stream,970,0.8834892831137592,7.62353841342365,0.6989050914259339
stream,971,0.8838428348270759,5.158343147635017,0.5663158812768652
stream,972,0.8841177099843122,5.18183827137988,0.5871674842435641
stream,973,0.884677294280656,4.965711513386145,0.5990119584419771
stream,974,0.8846672034859713,5.080021822366483,0.599131816135807
stream,975,0.884584287518786,7.718587612523361,0.7269216210505908
stream,976,0.8849571444038716,8.377394709175446,0.9619124614605822
stream,977,0.8854014464002773,8.12195935618092,0.941337960767985
stream,978,0.8857313707747544,7.804251447141423,0.8685661882996817
stream,979,0.8861879139600816,8.61593849272333,0.9631857755920418
stream,980,0.8865918383143165,9.189144262730748,0.963467241378177
stream,981,0.8866534012435506,12.00599480908579,1.1566183759219075
stream,982,0.8865067113288454,12.010332266493707,1.2459761518164763
stream,983,0.8864024856590592,17.040071325195107,1.4461263694936246
stream,984,0.8860601890381873,16.607925811833503,1.6597030187537234
stream,985,0.8854170992221535,17.318267685914208,1.7310517793121272
stream,986,0.8845826078802456,17.975054659905688,1.8059316293167103
stream,987,0.8837735253598095,17.846127471483637,1.8198273810161925
stream,988,0.8832162992721528,18.195896423168783,1.8345692236588402
stream,989,0.8827320871179554,19.318402705649387,1.9486459846467823
stream,990,0.8824356798449087,19.348146570240615,1.9826806826917824
stream,991,0.8822991900383157,19.126638675439832,1.9723635397621617
stream,992,0.8825043857501088,18.695164264461262,1.9337518508170692
stream,993,0.8832375039259636,20.2013898296388,1.9645289020507721
stream,994,0.8842173411496677,20.308406515204624,2.0968611992954425
stream,995,0.8851764986594219,18.246886395126864,2.0293230096891146
stream,996,0.8860846361708187,18.359330847745138,1.9014168445683306
stream,997,0.8866953933389102,18.607649596354673,1.9017579586583324
stream,998,0.8869175069950422,17.65807829194129,1.9017579181377386
stream,999,0.886651099187419,17.28605140509417,1.7737807439480076
stream,1000,0.8860841935752454,16.792116422655692,1.8172203627004788
stream,1001,0.8851087034227125,13.970656214840606,1.6227446193805102
stream,1002,0.8840625855445682,14.298655685917677,1.5299348615077988
stream,1003,0.8832070836514696,9.002590782363423,1.2971878585492083
stream,1004,0.8824092622267532,9.540615925083186,1.0397289124855087
stream,1005,0.8812971273317131,8.87605069020487,1.012336588955514
stream,1006,0.8798753590533553,8.53858991814895,0.9211178662678807
stream,1007,0.8784252303604637,8.538725561440684,0.9148873104822506
stream,1008,0.8771571898332855,7.768035937989063,0.8529305331756112
stream,1009,0.8757444635369795,6.710985813356774,0.7346830286148949
stream,1010,0.8740906764350623,7.9676624310656345,0.7757098518925554
stream,1011,0.8722146517355905,8.156436114642977,0.859486379121972
stream,1012,0.8722482502000933,3520.4121589520087,0.8740261485204031
stream,1013,0.8711208055548125,3545.661831787465,2.21897982748074
stream,1014,0.8706533728854804,3548.2638652273286,3.6592523614083436
stream,1015,0.8720065895678861,3579.059463158334,4.109568818766415
stream,1016,0.872035153549005,3601.119956492205,8.021428493160341
stream,1017,0.8728475572520347,3608.077258562977,9.893669880925847
stream,1018,0.8732770116371691,3608.801023021622,10.392349869084848
stream,1019,0.8736801107186009,3608.530684041675,10.423145389649779
stream,1020,0.873833440626824,3608.793963082526,10.434124203503268
stream,1021,0.873779808536062,3608.713927206831,10.44153732664587
stream,1022,0.873553250006086,3608.4018807491034,10.438793526667746
stream,1023,0.8732367747914949,3608.790283820544,10.450235524852978
stream,1024,0.8728487148055473,3608.1570378236206,10.455020282546926
stream,1025,0.8726621301545937,3608.0453535222955,10.400668445157777
stream,1026,0.8726088653292036,3608.688676353173,10.465366010296036
stream,1027,0.8726837264612046,3608.886148340561,10.452992104634825
stream,1028,0.872918033209363,3608.9080128024384,10.460670237144297
stream,1029,0.8729220256320033,3609.0391240088293,10.455336861342937
stream,1030,0.8730160099053215,3607.846011786521,10.381531650047997
stream,1031,0.873460633007168,3607.697219281286,10.309112473933533
stream,1032,0.8740093936592039,95.24262734888683,10.282359781979224
stream,1033,0.8747298948526124,68.53120562417715,8.849128950635677
stream,1034,0.8756374155725911,66.36923877136522,7.31561778927935
stream,1035,0.8767552654611227,34.7229796099104,6.82582873330045
stream,1036,0.8774773931845259,11.94349678044412,2.7754273893474313
stream,1037,0.8782446087585734,5.467974293375983,0.9583625391498614
stream,1038,0.8784898981711542,6.049943023686167,0.5587978684291464
stream,1039,0.8786005273100232,6.582864657679065,0.6559794444509743
stream,1040,0.8787755526667235,6.23928274948513,0.6363083761250866
stream,1041,0.8791193095112037,6.847642861219607,0.6837074765206264
stream,1042,0.8793679513728723,6.988384422075618,0.7171533665485454
stream,1043,0.8795722962017726,7.0501176818215425,0.7789052392596936
stream,1044,0.8796556897979273,7.266258952135269,0.7987149428218872
stream,1045,0.8800889457169251,7.579996348037114,0.8530667802110371
stream,1046,0.8805118855218277,6.56095756147386,0.7878153951162006
stream,1047,0.8808809202175218,6.949303454021042,0.8062171044493408
stream,1048,0.8811624741998698,7.071564476798348,0.8582755496083563
stream,1049,0.8812680341125139,6.87236708313026,0.8636089254097168
stream,1050,0.8804359316158131,6.927093100256038,0.8638901892306633
stream,1051,0.8783487793296817,8.083595149387424,0.9446270219654249
stream,1052,0.8739325311510161,8.128648108068166,0.9851051192333785
stream,1053,0.8669405201764155,8.91475954518581,0.984556177963065
stream,1054,0.8579558773391721,8.255566286197618,0.9793320570858608
stream,1055,0.8463951610546623,8.45644427520244,0.9527157659339723
stream,1056,0.8358660583264849,9.402581647551251,1.0709502112334073
stream,1057,0.8261952896204886,8.600844741941787,1.0364987703324888
stream,1058,0.8160268713069827,7.473612388334716,0.8973189853339821
stream,1059,0.8080468916872111,6.929571279571597,0.7869759577792816
stream,1060,0.8015854150382404,7.0477189635764335,0.7655553763359325
stream,1061,0.7950853288433423,6.439293764842105,0.7198997973496288
stream,1062,0.7887113021919991,6.650058425212611,0.7075828810347701
stream,1063,0.783511165911907,6.220741611261219,0.658988989071184
stream,1064,0.7784770847455099,6.074804404318535,0.619315530601402
stream,1065,0.7743347806431564,5.74719531140056,0.5843723814831671
stream,1066,0.7718095905448822,5.746169166893483,0.5839122228471201
stream,1067,0.770960497246697,5.197152140056941,0.5625751499956547
stream,1068,0.7722922438493347,5.300985009398648,0.5276239477502861
stream,1069,0.7745909612716946,5.302414152252492,0.5290073372058891
stream,1070,0.7785455667567253,5.15439285727922,0.5275583652916158
stream,1071,0.7847680660562614,4.261944083597095,0.44527549407174566
stream,1072,0.7913815835429155,4.563243535981915,0.43766646761977485
stream,1073,0.7976716770141432,4.629818177901338,0.4315473078661851
stream,1074,0.8039177777790606,4.981070523217271,0.5065786113692841
stream,1075,0.8083661948215453,4.782388173329188,0.5163020179507661
stream,1076,0.8108878391766863,4.516839776376142,0.4639051926264043
stream,1077,0.8106760940274913,4.6572235524511765,0.47402994575549523
stream,1078,0.8093092670343712,4.715702780890299,0.5161506216138156
stream,1079,0.8072950992944352,4.589430071135612,0.48220692596144116
stream,1080,0.8049856133964693,4.54160816026851,0.4808507710339302
stream,1081,0.8024834374038096,5.641610663643516,0.53035026949472
stream,1082,0.8001738954463543,5.2765925065234605,0.5296446352789054
stream,1083,0.7982192439360231,5.408178996973155,0.5224228547546363
stream,1084,0.796678814845859,5.2389759972163565,0.522905840647374
stream,1085,0.7957075423328467,5.232677174643683,0.49644076716379476
stream,1086,0.7951978142124515,5.232464476877247,0.4968288036746717
stream,1087,0.7950720576238706,5.4876061128768425,0.5012317270454586
stream,1088,0.795126359403249,5.5913229206447435,0.5500749682982861
stream,1089,0.7955869027039734,5.723004189168004,0.5708110954823582
stream,1090,0.7963891590198385,6.193619400617514,0.5719299654974435
stream,1091,0.7972332152446152,5.9091649567500495,0.5686556697854829
stream,1092,0.7978203000578775,5.931894102064692,0.5747779802561694
stream,1093,0.797999834263086,5.212685509503571,0.5720479375667884
stream,1094,0.7979111585232685,5.364432473855855,0.5022407533263685
stream,1095,0.7970778326134548,6.560102238728687,0.639866078483037
stream,1096,0.7955289878514009,6.75936352799039,0.7304720085963983
stream,1097,0.793364878750071,7.399121643690713,0.8555729187716102
stream,1098,0.7907130812636213,7.1047032371858805,0.8414061051557622
stream,1099,0.7873466719577462,7.047303900281256,0.8254203536610162
stream,1100,0.7835968816772892,6.960751991161662,0.8156170188889693
stream,1101,0.7801664302078617,6.028256894152155,0.7678934026509543
stream,1102,0.7772094233483741,7.803311658770302,0.8204554969703447
stream,1103,0.7740744547140664,7.632402017695147,0.9065086992398159
stream,1104,0.7715244139570865,7.6374369139402,0.906356021557157
stream,1105,0.7687248659989482,7.6446204168540755,0.9066592575959852
stream,1106,0.7666802328437433,7.615720646000646,0.9094996584223669
stream,1107,0.7650303163453281,7.445382983794346,0.9094996730538637
stream,1108,0.7634637070980385,7.133764931622753,0.8361485146773335
stream,1109,0.7619030769491645,7.002043958483823,0.8123237178237195
stream,1110,0.7600178088128491,7.096407775754956,0.8412419687721338
stream,1111,0.7592183986259472,7.26511800023478,0.8892568714036804
stream,1112,0.7584451430261516,8.511339249821857,0.9530204410051711
stream,1113,0.757889137573028,8.325277836251125,1.0506956765319808
stream,1114,0.7571578814960729,8.03903632764728,1.0324300498300991
stream,1115,0.7569130774976609,8.879875565735412,1.0139168265244332
stream,1116,0.756477737085847,7.924904442484689,0.9278653825321279
stream,1117,0.755420873878697,7.143054560378109,0.7660451772350388
stream,1118,0.7544230894565717,7.706685143433883,0.7528545347734539
stream,1119,0.7530581843621657,7.741207244742828,0.7755232144321439
stream,1120,0.7512888069453825,8.337136699847461,0.8075394581790291
stream,1121,0.74940826061357,8.215785725711694,0.8032712646588629
stream,1122,0.7475075042927686,7.808095335716715,0.786022007886512
stream,1123,0.745657215069697,7.734662096877417,0.7325724780646751
stream,1124,0.7439778554269937,7.818350417271847,0.736983861931861
stream,1125,0.7426189325665753,7.83375436335759,0.7374746861404801
stream,1126,0.741759628004655,7.917788238718154,0.7440117143215684
stream,1127,0.7411210528365406,8.897821025963125,0.7935468754466608
stream,1128,0.7402949841002658,8.915771356607236,0.8693466193683541
stream,1129,0.7396904339841858,8.971951797006849,0.8710519001404519
stream,1130,0.7390196274865332,8.572968130734804,0.8613725000869263
stream,1131,0.7380789957806101,9.605607129537207,0.8351643285195263
stream,1132,0.7374042373209864,8.034203440920082,0.7883176670976099
stream,1133,0.7370211176075365,8.745723840475522,0.6971881512208028
stream,1134,0.7365741363366928,8.953075681273443,0.768057362997989
stream,1135,0.7362880644650386,7.027845584125314,0.6375223023807333
stream,1136,0.7365184903595368,7.916927270215938,0.6076776095532197
stream,1137,0.7371551335527097,8.009492404682629,0.6665795229556721
stream,1138,0.7380001025274803,7.545833048871927,0.6658808714977836
stream,1139,0.738840300274258,7.677632547094304,0.643332733874322
stream,1140,0.7392508615058316,7.405111558761371,0.6466692646894233
stream,1141,0.7392279746827407,7.734739868138505,0.640213851867798
stream,1142,0.7384725071024227,6.972299938414775,0.6370210011815814
stream,1143,0.7365807065449897,9.411015830838819,0.610205148469578
stream,1144,0.7333675500439661,9.915467290639926,0.7932058570178852
stream,1145,0.7289386664437727,11.423072230873919,0.8060563726439595
stream,1146,0.7231846271577003,11.337662869205525,0.8540713236944478
stream,1147,0.7164969827836136,10.524652299126325,0.8167509900899551
stream,1148,0.7096842096528861,11.426225133378306,0.7412381946055216
stream,1149,0.7016416614287151,12.78578184386496,0.9228070657400934
stream,1150,0.6923012426953965,13.517606502774042,0.9030592151284763
stream,1151,0.6829255363412684,13.925431869197531,0.8727661890396824
stream,1152,0.6750933093866479,14.335427919073169,0.8245359689614924
stream,1153,0.6683715480882524,15.200095379401589,0.9548491353117454
stream,1154,0.6624731533277135,14.787166538623518,0.9288531752984653
stream,1155,0.6582459325726051,15.251935067417824,0.9482428236577924
stream,1156,0.655648958046378,14.35495426103654,0.923315316947697
stream,1157,0.6553442107238182,14.258362521834243,0.8640314921065858
stream,1158,0.6562403419905656,15.726649557669422,0.9127594471435547
stream,1159,0.6578992901205597,15.867463474976756,1.0414235407404326
stream,1160,0.6592687437101042,15.579549602206328,1.0301884316898449
stream,1161,0.6620133487252265,15.524176318847777,1.0514267033335132
stream,1162,0.6641168086703793,16.40119543210994,1.1267370238622338
stream,1163,0.6662609456114824,16.963633273145167,1.3782923336459973
stream,1164,0.6672574164233557,16.419020464866055,1.3302127794335459
stream,1165,0.6666896213530039,15.33299461033462,1.3242594067281395
stream,1166,0.6656490686418511,15.945789535296818,1.328874562715429
stream,1167,0.6634277019245536,16.010948997244537,1.3897443647331558
stream,1168,0.6600628034320022,15.034712399257005,1.3989708293182117
stream,1169,0.6558360667831783,14.228570324339211,1.2304681420263053
stream,1170,0.6511314509868406,13.417892395056334,1.276664032022139
stream,1171,0.6460604340271627,13.09073082988261,1.295548767421547
stream,1172,0.6415140551704481,13.049524673952684,1.4036568466300987
stream,1173,0.6368559911496259,11.59816741312891,1.3081652780784891
stream,1174,0.6325963526904864,12.437159103475892,1.2476362394800458
stream,1175,0.6283907684357193,11.981590037866487,1.2963916464153846
stream,1176,0.624071726632249,13.242333869485245,1.3018850552679002
stream,1177,0.6200578639348194,13.284023950798655,1.334901800990007
stream,1178,0.6161217346273562,12.124040062579411,1.3008038766717769
stream,1179,0.612309271848117,12.097882554095719,1.222930363409456
stream,1180,0.6089704151966532,12.126368058024818,1.2156194089200543
stream,1181,0.6058035759020729,11.962555542679443,1.2091132975979455
stream,1182,0.6020244800516426,11.172655411148478,1.1338029250636739
stream,1183,0.5986137669574149,11.692062197862217,1.1315080726872317
stream,1184,0.595083426834635,11.948993037629297,1.1847052707297834
stream,1185,0.5911050882785103,11.585586486824917,1.1789908339807726
stream,1186,0.5876085286861026,11.408846021577537,1.1190360091857767
stream,1187,0.5845770985095362,11.003907050314307,1.0523927958178902
stream,1188,0.5825357762717747,11.400871819153721,1.0719924271501626
stream,1189,0.5808608392562747,10.829709121350907,1.055906943406582
stream,1190,0.5794290570534709,10.764888413640408,1.0089510460886106
stream,1191,0.5771981057192226,10.345416991095618,1.0283345672548763
stream,1192,0.5759431941248147,10.035983477753717,0.9796913793723764
stream,1193,0.5745178609760886,9.840666106273993,0.9415364521202408
stream,1194,0.5728386919385751,9.119810742592772,0.9323224719883763
stream,1195,0.5711729010241171,8.980910014689176,0.8705393132525286
stream,1196,0.5687996683359131,8.053047138169005,0.8756975957379934
stream,1197,0.5667209469410419,8.319052594225514,0.8792050783184685
stream,1198,0.5649971213093238,7.976097303603677,0.8509803547250012
stream,1199,0.5634077639684129,7.875104330826335,0.8261562557140832
stream,1200,0.5625097977928659,8.248086011927143,0.8575790426474816
stream,1201,0.5612355903053371,8.197346185501791,0.876962210124739
stream,1202,0.5604723819034494,7.621598429077724,0.840808139659772
stream,1203,0.55939984323554,5.084108177674089,0.6376370331621203
stream,1204,0.55783812349974,4.82366821850357,0.4658903062840265
stream,1205,0.5565477656502305,4.78340920380121,0.47292805824767903
stream,1206,0.5558871457320734,4.732995799043578,0.47744473702815304
stream,1207,0.5562254080025559,5.040701394757709,0.46656041861631575
stream,1208,0.5560110080854521,4.939006579728984,0.4687354179023514
stream,1209,0.5566486117886553,4.900614185408525,0.48088049427817925
stream,1210,0.5570184360925036,4.883190855236307,0.4808804942888327
stream,1211,0.5578563631390898,4.452358305017158,0.4656107271933201
stream,1212,0.5586225202560887,4.648297478819625,0.4523140834691306
stream,1213,0.5593292510812602,4.912742080416438,0.44965826999650144
stream,1214,0.5603325641192921,4.768334805890235,0.46110803734689093
stream,1215,0.5618306917720716,5.212920105368554,0.46999549737761004
stream,1216,0.5635008769865962,4.880096816411122,0.45222904174475775
stream,1217,0.5647231838898928,4.845952901587815,0.43299719584437235
stream,1218,0.5662493620247552,5.639666591292617,0.49566175933027967
stream,1219,0.5674417893955475,5.462955404392801,0.5040195623002915
stream,1220,0.5679318774641027,5.862825051246523,0.4878063428931529
stream,1221,0.567462255491192,7.7960942045697035,0.6498879386725402
stream,1222,0.5660411338311342,8.530077547905822,0.641301359097059
stream,1223,0.5644273563396539,7.556445862539968,0.6080172960069393
stream,1224,0.5619780343255596,8.165613218145523,0.6093048920889466
stream,1225,0.559425936649317,8.595974790056873,0.6761882768089835
stream,1226,0.5568030924670655,8.344909750335821,0.7031769106071124
stream,1227,0.5542674767886439,8.217489374093155,0.7041678296987869
stream,1228,0.551418214911461,8.033339639924437,0.6687039805426597
stream,1229,0.5484116898948224,8.281441516083898,0.6768454136558723
stream,1230,0.545621976635391,8.346458046305779,0.6797357096018825
stream,1231,0.5424080392889019,8.002156061521793,0.6705782272064905
stream,1232,0.5393536006412492,7.695527010038809,0.6190550590577373
stream,1233,0.5360206214472263,7.428548683577926,0.6185118016164359
stream,1234,0.53260824617654,7.893992314428239,0.6172912721979091
stream,1235,0.5290366471189184,7.50942457276509,0.6581330535594723
stream,1236,0.5258339862071592,7.498755048487649,0.6513822277291365
stream,1237,0.5228875719270856,7.263626836873726,0.6353273525905323
stream,1238,0.5199973867838045,6.6248041551252745,0.5875000536573697
stream,1239,0.5185877760828522,6.716373335031697,0.5684905518898314
stream,1240,0.5182861209168617,6.160918929309136,0.558698408229481
stream,1241,0.5189993250015936,4.3091070381820336,0.39042419436063963
stream,1242,0.5194119680792227,5.226526497135476,0.4969977922614913
stream,1243,0.5196275762828332,6.459370339122894,0.6624481609781665
stream,1244,0.5199996437286875,5.938838512364194,0.7480131739369359
stream,1245,0.5198797940815051,6.903672911727285,0.761814065107609
stream,1246,0.5194473977885592,6.764934743852278,0.7838885116940291
stream,1247,0.5186357952958756,6.591285851256368,0.7822025001858391
stream,1248,0.5175866272209444,6.591800096237959,0.7872677106690958
stream,1249,0.5162038183686819,6.422101591384805,0.764441492023864
stream,1250,0.5140657715983366,6.936766948287013,0.7762871581324394
stream,1251,0.5119609624177656,7.770824767638057,0.8685614867757693
stream,1252,0.5097327996961993,8.610290242472066,0.9865394637874482
stream,1253,0.5079009741933196,8.619576521552823,1.0120314190789508
stream,1254,0.5065474572072677,8.216031569655646,0.9987046373260412
stream,1255,0.5059110115018551,8.497335385288803,0.9443130515597117
stream,1256,0.505656086966266,8.496956168642727,0.960619547315059
stream,1257,0.505824645417477,8.457481045183334,0.9593505325510016
stream,1258,0.5063488953071819,8.226165885697377,0.9437450135890202
stream,1259,0.5077987740090376,8.56736308658717,0.9354641918159818
stream,1260,0.5084252440120367,8.856770105668181,0.9966196747609951
stream,1261,0.5090312339068167,8.67115259257963,0.9797418236007845
stream,1262,0.5091291386091122,6.90685915700765,0.8663692416684604
stream,1263,0.5092196332715494,5.664515742389472,0.6634169950446702
stream,1264,0.5100865750673234,5.9750858003723835,0.5727508504396563
stream,1265,0.510264359141323,4.689136402307493,0.5179074191741585
stream,1266,0.5102347399544266,4.690777477485346,0.46370404112678604
stream,1267,0.5094662472058553,4.803226092214758,0.4767438238363433
stream,1268,0.5083811891111578,4.7772491923770435,0.47269195182117957
stream,1269,0.5075449789878346,4.778510015627532,0.4837590267112971
stream,1270,0.5071872918362438,4.679483220815966,0.4775523154920985
stream,1271,0.5069665418167103,3.8124484716448928,0.3750794527701821
stream,1272,0.5068572772648704,2.983742496765649,0.255282440521464
stream,1273,0.5061620580467716,3.2980841776205496,0.25146588759816174
stream,1274,0.504763367650511,3.508840803232684,0.25138721879150955
stream,1275,0.5034551767702531,3.1713393378974346,0.25878661637660527
stream,1276,0.502045389990474,3.162889849196846,0.24075287253876582
stream,1277,0.5007807437457429,3.269763137626074,0.24235197371493625
stream,1278,0.49996681032765633,3.720484292436482,0.24473414227006052
stream,1279,0.497962095599121,4.179896354129937,0.3383117548767079
stream,1280,0.49549415686144255,3.6069130132538465,0.281243567643707
stream,1281,0.4927758420384383,3.6553755210431382,0.2727902188020658
stream,1282,0.490306045478453,3.777062127582068,0.27751755338679507
stream,1283,0.4878751478747795,3.777013613622405,0.2830259999326285
stream,1284,0.4852989064575823,3.327528773823517,0.2665872995059042
stream,1285,0.48268224988348735,3.1893012208891647,0.23201001717911887
stream,1286,0.48036871433412387,3.3580163414314947,0.23910848577698787
stream,1287,0.4786936526938634,3.281893436942061,0.22605242582891244
stream,1288,0.4773770623896099,3.2043364363885463,0.2251202890191626
stream,1289,0.47571827762911795,3.1644118066195186,0.21994381940576635
stream,1290,0.4744887886047514,2.7867208646371426,0.2158838916978127
stream,1291,0.47204584049667775,3.1321487931545064,0.2549748177083624
stream,1292,0.4685909160248225,3.5264433591113082,0.25358148720568935
stream,1293,0.46573948427117084,3.3054713822789576,0.2619923329682104
stream,1294,0.4634720998246333,3.463319351035229,0.26251210023124566
stream,1295,0.45990277036184074,3.6952942030165037,0.30918017916466506
stream,1296,0.4570275661162718,4.784240551794158,0.39798084094611896
stream,1297,0.45331566278072466,4.690439139341874,0.43963242700992533
stream,1298,0.448113042721042,5.384884720367523,0.46852257671307973
stream,1299,0.443153261569777,5.34463590039197,0.5143861469273939
stream,1300,0.4376574182829287,5.402779752255906,0.5231625447762469
stream,1301,0.43170631244079033,5.503463875085542,0.5358470410725608
stream,1302,0.4252062837660088,5.344442301965071,0.5268944131596817
stream,1303,0.41816587690602586,5.604469038576902,0.5244594005741974
stream,1304,0.4112715530531161,6.395302982424943,0.5279532445756402
stream,1305,0.4045806734173121,6.384166173503948,0.5675924250753434
stream,1306,0.3977376141607189,6.2793670976165465,0.5652711302445971
stream,1307,0.3915539220320164,6.301388725241535,0.5686928464448072
stream,1308,0.3856734178087184,6.319264413957639,0.583341025293724
stream,1309,0.3801157383074557,6.431617311785837,0.5779374177497711
stream,1310,0.3753396795919036,6.470028426806768,0.5913709554950135
stream,1311,0.37112221987391203,6.146355367495602,0.5670961124607817
stream,1312,0.36719548764744,5.72863016177349,0.5693818576872384
stream,1313,0.3638363589673854,5.668253134849568,0.5394713405855469
stream,1314,0.3600948674195552,5.569619200017447,0.5627350683028246
stream,1315,0.35746824194095017,5.582231373436241,0.5300660000126256
stream,1316,0.3541874382976382,4.96529942066455,0.511630322594284
stream,1317,0.35143547568673644,4.984642923857901,0.48746901364674383
stream,1318,0.34938020109628054,3.8853406633458976,0.45801591432555017
stream,1319,0.348449869676335,3.3946774778038624,0.31218848346680983
stream,1320,0.346272491902007,3.6810121700642617,0.3389571815145528
stream,1321,0.3443604861649962,3.5713943148444858,0.3371927586279189
stream,1322,0.34308546075446833,3.766228487468307,0.3351609959436919
stream,1323,0.34083891253052584,3.66248602042072,0.37133375523310347
stream,1324,0.33776362103611013,3.167769060724999,0.36984502823880977
stream,1325,0.33441516270617466,3.2488707913952766,0.343413988153657
stream,1326,0.331316337299244,3.390852031809236,0.33673108357336207
stream,1327,0.32778534921387753,3.3479122995455652,0.35828993753230826
stream,1328,0.324239709451034,3.4371426893526356,0.34983684823182454
stream,1329,0.3200843343956115,3.322710015824536,0.3866933010804515
stream,1330,0.31563301098358154,3.189374373634555,0.36884161430394996
stream,1331,0.31221920779526685,3.0960832785547256,0.3534230470488886
stream,1332,0.30966192498908823,3.5222297845696904,0.3790056418530905
stream,1333,0.30766127906317525,3.5424711655812255,0.39781823945142053
stream,1334,0.30514804029829246,3.289970904532508,0.37349148914829156
stream,1335,0.3022794462992169,3.113159850380207,0.3667782521164497
stream,1336,0.30072633450694497,3.2241740752811987,0.3071656257214289
stream,1337,0.299621376501874,3.54316623083208,0.35137591275178415
stream,1338,0.30016663416676703,3.5239119361412716,0.38844897373606113
stream,1339,0.3009968825190704,3.156052594463668,0.3874720029556724
stream,1340,0.299939764086967,3.099709311074103,0.3316621214155867
stream,1341,0.29536950756675895,3.8824581888038896,0.3197779920599975
stream,1342,0.2926877115489604,3.6841649740089673,0.3561999061167477
stream,1343,0.2939017966741958,4.2421698554241996,0.3527492212449627
stream,1344,0.2957863521924575,3.946050187489766,0.36894831883956386
stream,1345,0.2974628560368175,3.8771446985287445,0.3556655263913106
stream,1346,0.2999148317670098,3.8349416822616584,0.36595879116691327
stream,1347,0.3026408591431312,3.8360926580658603,0.34103383237900564
stream,1348,0.3041006222482871,4.3702307890914955,0.3610467554553864
stream,1349,0.30577554794573997,4.768762410793654,0.4151237802464576
stream,1350,0.306601458700497,4.755284046821876,0.4291223913133522
stream,1351,0.3074904232167093,5.296773108975822,0.4468753929696454
stream,1352,0.3080276954840678,4.945620004793453,0.43018109918561154
stream,1353,0.30874399643989575,4.9012247360542185,0.41109021359266684
stream,1354,0.3098414588841626,5.00267684032562,0.42572509636656103
stream,1355,0.31151727100528326,4.923503307568729,0.4110399255657284
stream,1356,0.31652741583055816,4.535019245318813,0.4083674481541784
stream,1357,0.3125408557834127,6.311777513754683,0.4788044891137647
stream,1358,0.3091271707164515,6.362175568097951,0.5651012290372259
stream,1359,0.31369345133288296,7.399024924812011,0.5950532113362511
stream,1360,0.3141668724638989,7.375662896451518,0.6775879255304471
stream,1361,0.31529975223610884,6.553362583043347,0.6939136966899913
stream,1362,0.3113534656710932,6.8828125828155615,0.6754428434825636
stream,1363,0.31382110618912007,6.623428569714913,0.6850041596234028
stream,1364,0.3203738904398914,6.859114284610471,0.669551741762108
stream,1365,0.31712380354197306,8.634817769165217,0.8228638445899467
stream,1366,0.32129606365478575,9.475056434566307,0.9707072246980797
stream,1367,0.3278708631373394,9.784517649257182,0.9808725729137583
stream,1368,0.33236397618174124,9.227319917246517,0.9624390579285492
stream,1369,0.3331472124542603,9.269656117333767,0.8709659268267228
stream,1370,0.3315964815854312,9.286389506580768,0.8786925915069478
stream,1371,0.3310843574979841,8.96147546318971,0.8681998221607519
stream,1372,0.33113101246462673,8.996572302932451,0.8748408761450917
stream,1373,0.3318823355981928,9.182862176881008,0.9089385505497243
stream,1374,0.3332784764725724,9.041232843465538,0.900836049031166
stream,1375,0.3345663426660192,9.054892046557276,0.9027840325271805
stream,1376,0.33535966553664026,9.232615296927415,0.9110205937285514
stream,1377,0.3358565942109823,7.1048401363731335,0.7835667511204035
stream,1378,0.3364388099286653,7.224150987907537,0.6592872460089723
stream,1379,0.33678854371263217,6.224191882764816,0.6565666640628399
stream,1380,0.33842344573153443,6.750839760728803,0.6111102984820579
stream,1381,0.3382565668117499,7.7618751689255605,0.7673858195222087
stream,1382,0.3376569452722779,7.430774743218598,0.7666247873854797
stream,1383,0.33763140496941313,7.089694051137666,0.7206458230292944
stream,1384,0.3384841264646301,6.9637820772910555,0.7171099132926897
stream,1385,0.3413007807955586,5.74858589335569,0.5685187610371677
stream,1386,0.3419017895142678,5.637919577227978,0.5346561521540657
stream,1387,0.3437767187492506,5.685086467868373,0.6026740418562199
stream,1388,0.34286084426620705,6.693906684226126,0.6985437809590851
stream,1389,0.34463428785071915,7.229376843514931,0.8398674191544733
stream,1390,0.34574543870585944,7.222929848689314,0.8763485884858578
stream,1391,0.34560309545750295,7.08227376870633,0.8664552029685094
stream,1392,0.34500288616153074,7.026855734279102,0.8485523430821363
stream,1393,0.345982049541528,7.353288383737107,0.8379981863904917
stream,1394,0.3440982686909773,8.381914033464252,0.9557003626135763
stream,1395,0.3432264268948673,8.60533307987675,1.0317689903668177
stream,1396,0.3399077277419588,8.70047831594374,1.0893334414320999
stream,1397,0.3383880493365793,8.985981249173383,1.134852210190791
stream,1398,0.33630314141723333,8.806461327260946,1.1555104591480636
stream,1399,0.3345406232809615,8.79507413339176,1.1295969044705934
stream,1400,0.33276060623499326,8.022474641297366,1.083682691716251
stream,1401,0.3318558701702209,7.053754728392213,0.9097609936110755
stream,1402,0.33125265785542707,7.062868452984269,0.8978243658622995
stream,1403,0.330785447812007,7.193323149309944,0.9095410195982532
stream,1404,0.33162647984663274,7.626181434117588,0.9491375079930577
stream,1405,0.33337118024751305,7.3257551151507965,0.9486312613634776
stream,1406,0.33610743295026585,6.727479562400899,0.8249400197731933
stream,1407,0.33788660561539224,7.111898221179143,0.8574436005552277
stream,1408,0.3400620311877162,6.116353569173584,0.8055132380677658
stream,1409,0.34151370525379043,6.035381605584117,0.7583206038083293
stream,1410,0.34310521596147453,6.088219746086812,0.7460783161052956
stream,1411,0.3458806192354054,6.549132518836642,0.7495303066990409
stream,1412,0.3479895207092006,6.495170358806808,0.7753409206527621
stream,1413,0.3497181270849125,6.312642503464422,0.7574090668601657
stream,1414,0.35109502447367996,5.498141420412823,0.7130554767598017
stream,1415,0.3510056596313656,5.288347230150128,0.645255603837633
stream,1416,0.3479645430001045,4.984242346065911,0.5713476426636185
stream,1417,0.3435217587052485,4.7410165852381,0.5400538983286118
stream,1418,0.33746300948688884,4.751189731400868,0.5184668925287998
stream,1419,0.3334567069274101,4.866867109819085,0.5458393600872323
stream,1420,0.3291326061850948,4.916646899764081,0.5527318726999456
stream,1421,0.3287288806485548,6.557605922603484,0.6716501444999754
stream,1422,0.32783386028443107,6.568288213116693,0.7317767263436978
stream,1423,0.32717344432120066,6.344823375174692,0.7294378769629095
stream,1424,0.32620070567652576,5.809514504446569,0.6900171197215513
stream,1425,0.31967053624561886,7.207368375944151,0.7287984566999186
stream,1426,0.3102439483820902,7.221660526796819,0.7598764608064552
stream,1427,0.2993451714956005,6.545978697678886,0.6568624239983331
stream,1428,0.2918171319323861,8.557137528154895,0.760341863907321
stream,1429,0.2816524743308344,7.685091614876975,0.7262619607975084
stream,1430,0.27134130275180846,8.275898611643385,0.7374560045832264
stream,1431,0.2563743092464106,8.144206635742778,0.7890531867392158
stream,1432,0.23776048826392945,8.303626250090389,0.7714964837343447
stream,1433,0.2199376160799848,8.012650920807006,0.7806222607674157
stream,1434,0.20774160518170603,7.837182290377262,0.7009170155814588
stream,1435,0.19945109022058272,7.899424437466066,0.6968194286708317
stream,1436,0.19651655707637894,7.857672311629906,0.7205460000976567
stream,1437,0.19721565978567968,7.858793056973503,0.7002468251091768
stream,1438,0.1997788505885072,7.82936553172555,0.700081458921567
stream,1439,0.20311669028107668,7.695931995571253,0.6715806195103762
stream,1440,0.20266409445941985,8.431448105254649,0.6874644566809285
stream,1441,0.20371438717425283,6.789858597402901,0.6112342326890454
stream,1442,0.2011693980861092,7.0629678070347595,0.5779802932792649
stream,1443,0.20516759608405222,7.906004299659521,0.6577824702909554
stream,1444,0.20762164069846206,7.978646338995168,0.7154362137639708
stream,1445,0.20436667117385154,6.981334178874729,0.6781273330698598
stream,1446,0.20527159499846429,6.962682494341873,0.7156682920751672
stream,1447,0.21267832094505598,7.676468392731989,0.7195355876860348
stream,1448,0.21598243653789795,5.991896325245912,0.6593084612521604
stream,1449,0.2224224902160797,6.049190086162075,0.6493970017476797
stream,1450,0.22722144721782137,5.437739485996985,0.5968601635868537
stream,1451,0.23297832292380005,5.0785377698043055,0.560482704676187
stream,1452,0.2371482598044811,4.934149725572427,0.5546022789997698
stream,1453,0.24023906203137665,4.892229170545117,0.540886206346429
stream,1454,0.2427514438565329,4.83357278672615,0.545375191632245
stream,1455,0.24293306803163858,4.841566436409654,0.5371612535386504
stream,1456,0.2430934142879836,4.728425353058124,0.524214108430737
stream,1457,0.24162043884029444,4.762485860744201,0.5252744029134281
stream,1458,0.23955214088636273,4.762304580511621,0.5300160687531327
stream,1459,0.23669327684250646,4.757377223509687,0.5299276744337865
stream,1460,0.23515421609688938,5.071370291202928,0.5611720328461648
stream,1461,0.23181444693493783,5.177375076342963,0.6022370175663753
stream,1462,0.22781791072964658,4.882412682650967,0.5836728663446853
stream,1463,0.22219912108555553,4.756804902710294,0.5191089718796779
stream,1464,0.216663678910499,4.742877013319634,0.509381955214744
stream,1465,0.21113034637666617,4.169587907188167,0.5061006202436118
stream,1466,0.20447455033365944,4.659388341472955,0.46529824823328
stream,1467,0.19758661046434947,4.04305261314491,0.5251472921936771
stream,1468,0.1908673909279107,4.004284317878318,0.43009186647263425
stream,1469,0.1831221983129768,3.9891620371367003,0.38556390444958205
stream,1470,0.17439148078361297,4.035245066052099,0.3934325417301361
stream,1471,0.16566944379000817,4.088899828219224,0.3734317795066459
stream,1472,0.1566942716797043,4.095203092284622,0.3732875448658383
stream,1473,0.14783354300546006,4.121565688162167,0.3790121296864186
stream,1474,0.13923837330152675,4.443249162604793,0.37647560305117317
stream,1475,0.13224869795082536,4.510356757453543,0.3770216143074035
stream,1476,0.1279386578597307,5.5402279563212495,0.4433741582271644
stream,1477,0.12423299412044236,5.672549771702954,0.5196386171062788
stream,1478,0.12180294657161742,5.9168204540635205,0.5463539135153952
stream,1479,0.11945173796414967,6.016576232825199,0.5480889773273788
stream,1480,0.11754207355786277,4.905869814155257,0.5022211029077255
stream,1481,0.11590307511170259,4.953872393731811,0.4279776449361933
stream,1482,0.11488270572326828,5.0749247489685745,0.4143434279871905
stream,1483,0.11409877746669092,4.93216567853406,0.42932192840372774
stream,1484,0.11361931323868064,4.916485863958456,0.42556668805050035
stream,1485,0.1140045440416843,4.844081291149682,0.4231830618935404
stream,1486,0.11557299019779858,4.7490237707937615,0.43185481630027583
stream,1487,0.11924651317144405,4.555992455030447,0.3840269000600668
stream,1488,0.12083330686041045,5.344955460951121,0.4444109879712631
stream,1489,0.12225185447555627,5.266936140810298,0.49160008015943235
stream,1490,0.12454805733423865,5.178894893553939,0.480712764442568
stream,1491,0.12726692395007325,5.081868363097822,0.48056008279375817
stream,1492,0.13047153662552985,5.07952887102907,0.47944906274592025
stream,1493,0.13380791027337474,5.160996002858745,0.47536502080200427
stream,1494,0.1373462724745716,4.863548012240263,0.4739809923730412
stream,1495,0.14267992406323726,5.846333073287424,0.5382258702093503
stream,1496,0.1474865872081722,4.858077885546634,0.5280557922129945
stream,1497,0.1517469113952692,4.651820888224488,0.4506100839196675
stream,1498,0.15717034636361624,4.50346741452133,0.430712049272768
stream,1499,0.16161117644359457,4.4188926132317645,0.43794160172413243
stream,1500,0.1612807462888768,4.464243975840629,0.43029797647925605
stream,1501,0.16148231658173942,4.289369084284814,0.4205875002413643
stream,1502,0.1604119376932404,4.611704291476456,0.4404138569532732
stream,1503,0.16350950800875624,4.0640970789542585,0.40180955865285556
stream,1504,0.1631226351083495,4.087555025071463,0.36472451693079344
stream,1505,0.16124363281648516,4.12582272102812,0.3644587081685533
stream,1506,0.15806587674309008,3.7808722854057066,0.36729442972988746
stream,1507,0.1564337733529794,4.018736450598927,0.3781972554910436
stream,1508,0.15466709837016132,2.885144034024689,0.33255060793672453
stream,1509,0.15287516168491516,3.319063050826536,0.2929412156604237
stream,1510,0.15545398577010977,3.86274254972634,0.39598952946804217
stream,1511,0.1594253293309792,4.073034820767473,0.3972889748413008
stream,1512,0.16383317204417983,4.106031378832956,0.40093651765085625
stream,1513,0.1671347330423866,3.982959928951179,0.40011224590521804
stream,1514,0.1680706317829289,4.131167550331047,0.408332711807636
stream,1515,0.16805482860440682,3.0104144927735974,0.3447860857280965
stream,1516,0.16729281205857394,2.9847084096167795,0.27815449817915905
stream,1517,0.16878639761465608,3.884195071475662,0.3111150311497233
stream,1518,0.16821361358281092,4.54235890924937,0.45139392686479485
stream,1519,0.1662584165416441,4.713564166873831,0.44730380189450925
stream,1520,0.1653684781449345,4.942592830805027,0.4503304797285492
stream,1521,0.167175518439117,5.077598722558004,0.4681775037613925
stream,1522,0.1695576536877651,4.640357086941736,0.45336136428672086
stream,1523,0.17364042325702111,5.550903094794652,0.5253261684712018
stream,1524,0.17497257995927754,5.5472253946707655,0.5576604794952575
stream,1525,0.17421229152563888,5.611654733784428,0.5885995366644304
stream,1526,0.17375446042863077,6.818284395741941,0.6108379910702775
stream,1527,0.17148585133614486,6.616626584497618,0.666341446606143
stream,1528,0.16875185470230544,6.579791257118033,0.651693246146527
stream,1529,0.16526146006780104,6.315457895788759,0.658391212628209
stream,1530,0.16365796509577657,5.777905003945692,0.5634699494269402
stream,1531,0.13263391710672984,5.738711439807353,0.5664886556742377
stream,1532,0.12648839314042615,5.692745137204891,0.5641629851056819
stream,1533,0.12666330797005101,5.920147424607651,0.5696900778869387
stream,1534,0.12694450827553685,7.046423155199857,0.6481804982276667
stream,1535,0.12879737883624198,7.275228767995639,0.7372748803044891
stream,1536,0.13081072143898345,7.353441113231455,0.7760214244943147
stream,1537,0.13303155891513505,6.486526999609792,0.7438183655553946
stream,1538,0.1355653562925853,6.095993979403261,0.6135330923453042
stream,1539,0.13883013160048072,5.915335268612259,0.6336719223815181
stream,1540,0.14282718328793081,5.808268513572555,0.6385641917970574
stream,1541,0.14741826404433928,5.718738643851441,0.6234514060435355
stream,1542,0.15324996249021625,5.715990450439513,0.6287344747530842
stream,1543,0.15866691946287803,4.872523485023958,0.5638681018946683
stream,1544,0.16450296021302913,4.889830858324693,0.524447346013404
stream,1545,0.1730315467643209,5.449070605157696,0.5163747174659957
stream,1546,0.18369797135884053,3.960818900732742,0.5167136226546585
stream,1547,0.19361539022132837,4.946567651586498,0.46740197514941895
stream,1548,0.2027654841442213,5.370350281599102,0.5557619741362666
stream,1549,0.21185324257756286,5.18077129587251,0.5570115347047216
stream,1550,0.22049943464938437,5.604082190174558,0.5609263775252913
stream,1551,0.22507517095485183,5.549830630959337,0.5588447075593483
stream,1552,0.22955034626216456,6.278166611482244,0.6143351081149417
stream,1553,0.2338420452987869,6.200883630417168,0.6101015436130527
stream,1554,0.2367864127401161,4.945956783460614,0.5443218469312314
stream,1555,0.2396945301199413,4.827039857444732,0.4694546393085476
stream,1556,0.2411919826705807,4.72279153223463,0.4370981386477541
stream,1557,0.24182079057538147,5.013543879742451,0.45098886788656756
stream,1558,0.24121467795649829,5.243593925086289,0.5127463739602389
stream,1559,0.2392809184901898,5.283308365924763,0.4966977079157067
stream,1560,0.23446080621006424,5.175274606877795,0.48870664832364025
stream,1561,0.22796765480475117,5.139519420725308,0.4935819966078351
stream,1562,0.22133938556791707,5.180360026669041,0.4835564332897124
stream,1563,0.21762881025401415,5.49588148497517,0.4815982987006614
stream,1564,0.21096532371252513,5.89947402387959,0.5490877233511546
stream,1565,0.20541446997567553,5.213666721614432,0.5442951923657086
stream,1566,0.20518084738845857,5.993662707659381,0.5183052472188865
stream,1567,0.20478483004327913,5.0113255910811105,0.5010020044966853
stream,1568,0.19971524525231965,5.8872460881014455,0.4464003300933302
stream,1569,0.19613190047181775,5.88327681437888,0.46610825573732473
stream,1570,0.1917534920081679,5.542902172148229,0.4524366121838158
stream,1571,0.1899355545252007,5.602082400788449,0.4703536032110093
stream,1572,0.1881207204922305,4.8665257805437685,0.4131461028502027
stream,1573,0.1856423835824433,4.839355469645248,0.4149919996338538
stream,1574,0.18211975084366244,4.822960528807734,0.3976848885521767
stream,1575,0.17871610280586217,4.726345185734653,0.39518619996264354
stream,1576,0.17461084177385516,5.07754441737404,0.40875578607472796
stream,1577,0.17211451402138034,5.778407168262352,0.5152979247261033
stream,1578,0.17091415662119464,5.493871098695095,0.4345546355332908
stream,1579,0.16958784634554702,5.509265921691716,0.4477111989240744
stream,1580,0.1688295653457631,5.469585527513616,0.4525603006691354
stream,1581,0.16790302863923856,5.576329692798247,0.44433049723582196
stream,1582,0.16832275737703756,5.5401230926299245,0.4490730056428461
stream,1583,0.1727264630162057,6.273226665605732,0.49308528144592245
stream,1584,0.17937756154091325,6.0778507384609055,0.4312608300733907
stream,1585,0.1853639216559499,6.706899662737978,0.47757788154423186
stream,1586,0.19085205692966645,5.923917444038064,0.48827243269275034
stream,1587,0.19497149352025686,5.972191190630019,0.4809248281028024
stream,1588,0.19890184502121547,4.926050185308671,0.44885716936715875
stream,1589,0.20145004897716234,5.023836664272794,0.4116488053715617
stream,1590,0.2035753776552229,5.272979853022839,0.4647362543010782
stream,1591,0.2057221595451411,5.251388500428276,0.44582746891711245
stream,1592,0.20760923842449297,5.448318295494959,0.4453131787193397
stream,1593,0.2067651691203377,5.644565281856862,0.4423655371975897
stream,1594,0.20572686896197814,6.346033592432576,0.4937457251781896
stream,1595,0.20266431118107395,6.306082283551075,0.5226777422117522
stream,1596,0.19999883357078235,6.310563553899782,0.5191181058902299
stream,1597,0.19759454785090105,5.282564568834839,0.4159248997948523
stream,1598,0.19419243985620185,4.985070465500213,0.41377556692434936
stream,1599,0.19264322903665138,4.981544927140253,0.4000825384598577
stream,1600,0.19065576071594698,5.012702366568576,0.40839099190717415
stream,1601,0.19165659987345762,5.377919926572261,0.44634500629375556
stream,1602,0.19196582052773406,5.451482275168891,0.4663877032356429
stream,1603,0.19241930973061389,4.288620922329853,0.4166971723592271
stream,1604,0.19256568311810365,4.08538155321984,0.41259154221241223
stream,1605,0.19408819794287138,3.467469290767789,0.3584067833584374
stream,1606,0.1951489746981197,3.643070126493165,0.32385002881647384
stream,1607,0.19700576394620184,3.5579373163010577,0.3192385777811374
stream,1608,0.1989534202433817,3.4698551993665916,0.34188795028883945
stream,1609,0.20157309089832248,3.84368358545668,0.3705108657999606
stream,1610,0.20441438777840998,3.9911419576992127,0.4075562662469679
stream,1611,0.2065155591617188,4.5723073195667085,0.4807087566413867
stream,1612,0.209305820182466,5.00405043284044,0.6142368206565485
stream,1613,0.2103863511902698,5.662738197725809,0.6955430412110691
stream,1614,0.21151685460584715,4.921856061533068,0.6938153752145295
stream,1615,0.213604896979263,4.9682637852150275,0.6611031893337252
stream,1616,0.21593516513595826,5.332870283859086,0.670159365569206
stream,1617,0.21732697947596397,5.658327609043133,0.6962371361008993
stream,1618,0.21851005979572155,5.6483627272945585,0.7237517265065779
stream,1619,0.21975335651563171,5.588089839640582,0.7156639904340164
stream,1620,0.22193837554757326,5.720961707021338,0.7123230822174986
stream,1621,0.22368196834411283,5.362973909077785,0.6972223545893306
stream,1622,0.22660035211698895,5.420241918868097,0.7038301547357215
stream,1623,0.23015844390730902,5.420706443034889,0.7062213952026285
stream,1624,0.23577546189327495,5.427026406597979,0.7151887996820564
stream,1625,0.24200044085344452,5.4310819193497375,0.7112544926829558
stream,1626,0.24694693957748265,5.230983936322263,0.6986619662422623
stream,1627,0.24897656452180286,6.298240245017521,0.6991363319829772
stream,1628,0.25392220522245496,7.191158612521596,0.8265705459986381
stream,1629,0.2581020855729015,6.770063204305041,0.8375613327305301
stream,1630,0.26122667690795687,6.451568525588506,0.747415371670402
stream,1631,0.2634691353141452,5.737399585052013,0.6925516161029828
stream,1632,0.2684047356174236,5.729886082647253,0.5867709713425951
stream,1633,0.27314306238133135,4.94657948491783,0.5035378868997282
stream,1634,0.2749602980005126,5.2889296276360245,0.48654877137584596
stream,1635,0.2735541822712647,5.825185742261663,0.4769099930923613
stream,1636,0.27027955946968735,5.13410858653066,0.47905554358387914
stream,1637,0.2637106099089899,4.819828752150365,0.4375533103350676
stream,1638,0.2602257053964418,4.828270098152614,0.41203727151025915
stream,1639,0.25621626567284606,4.861215458265477,0.41210283717036467
stream,1640,0.25396698351053987,4.752071333815104,0.41925100414671224
stream,1641,0.24987966977126458,4.962712349030166,0.4046274849418806
stream,1642,0.24579871101457076,4.826703027992218,0.37918805375062925
stream,1643,0.24204069024358854,4.946700212438977,0.37714594804048407
stream,1644,0.2409606051778164,4.858807095755988,0.37273329148201784
stream,1645,0.2410102750670203,4.910957305405728,0.36670501789127335
stream,1646,0.2424037861911262,4.929078600703155,0.3684400790971994
stream,1647,0.24467461641597024,3.8996034919465488,0.3608520097341543
stream,1648,0.24248243220897614,4.557686938199255,0.339554971938415
stream,1649,0.2410323551480748,4.563542857347404,0.33687580523880356
stream,1650,0.2419145574534403,4.580024251288983,0.34385841498917963
stream,1651,0.24314373473694534,4.630854954470554,0.34510797678156263
stream,1652,0.24553078687951577,4.470825538823968,0.34635350545392746
stream,1653,0.24745291759358615,4.370195526596629,0.3720630101904623
stream,1654,0.2494185291129434,4.03077800521133,0.3356533023831386
stream,1655,0.2514608027966415,3.5415688184187863,0.3495875973041215
stream,1656,0.2545180113441829,3.6997249847743046,0.32639725023655924
stream,1657,0.25693214120821956,3.7065372032103516,0.3307304252248374
stream,1658,0.25809044395724223,4.031396291716096,0.3339005172170547
stream,1659,0.2586140843318408,4.223767444574629,0.33605386035129065
stream,1660,0.2591134124859154,4.315917344470297,0.3602826551112687
stream,1661,0.2593156951420772,4.054451963991644,0.3660785413696206
stream,1662,0.25994457470502524,4.104565665882149,0.3614495758418072
stream,1663,0.26080897255381247,4.089964679947815,0.37834750237793513
stream,1664,0.261568652383212,4.0990951031300265,0.3719566028363038
stream,1665,0.2618416234017221,4.10960790460241,0.37608101745475875
stream,1666,0.2623337347899127,4.097228084979471,0.38845595008303135
stream,1667,0.2626883696662568,4.105681323318342,0.38500653433833293
stream,1668,0.26300138142398616,2.651549767883438,0.2741385391113385
stream,1669,0.26373614550895347,2.5979482850904505,0.2434826183016964
stream,1670,0.26451736639277496,2.5532513073098184,0.2408680453679345
stream,1671,0.26648717231238805,2.488158638157226,0.2217585923073437
stream,1672,0.2669024082149324,2.410982207064574,0.19722948292888848
stream,1673,0.26693170239183084,3.008043543007573,0.2576889334528417
stream,1674,0.26854551637229446,3.008412677171347,0.2900142154761316
stream,1675,0.27048427483658644,2.9577308418191115,0.27745698183858747
stream,1676,0.2741320331599618,2.773116895714903,0.273960202622651
stream,1677,0.276901253856666,2.831275027649709,0.26874503013877926
stream,1678,0.2809379621697127,2.745556811765643,0.2800653646245205
stream,1679,0.2837649391418423,2.5458578340037814,0.29589629723760236
stream,1680,0.2869727889616789,2.4419361830586874,0.25416303520883876
stream,1681,0.2883189588151148,2.3636008394519883,0.2618897226357938
stream,1682,0.28758110271151327,3.6396417930455423,0.316406505329566
stream,1683,0.2860248684137395,3.572654584812477,0.34098074162895436
stream,1684,0.28221126696151577,3.6843266336537503,0.36967105486280943
stream,1685,0.27862717616273586,3.7944808219833708,0.3759549748561137
stream,1686,0.2762970954798393,4.07893161921264,0.3626290902299819
stream,1687,0.2735312878181741,4.056098798655886,0.3779767891982267
stream,1688,0.27116790307113137,3.77960616842142,0.3636670999276586
stream,1689,0.2698979376092075,4.042041838804045,0.3551807970103984
stream,1690,0.2690239109747601,4.08565190571109,0.35470666724682587
stream,1691,0.2651238859388042,4.759501873036954,0.43266076795802577
stream,1692,0.2618259934863242,4.385855373364892,0.4369251769207915
stream,1693,0.2587331374130641,3.7260525189179527,0.3535454495451164
stream,1694,0.2530427947502469,3.9622274021264756,0.3368647516374691
stream,1695,0.24842320716984376,3.9273320036553825,0.3353447453086873
stream,1696,0.24322484884296852,3.9274057612384943,0.33745432346086396
stream,1697,0.24833728207652453,6.999642910359087,0.4403781902110201
stream,1698,0.24676777525747598,8.56761031401701,0.8337423477533206
stream,1699,0.24623340586083492,8.542166067687614,0.8567060452966352
stream,1700,0.24733771406224578,8.557541321196286,0.8567690603411147
stream,1701,0.24797442993819685,8.595998128462002,0.8567690911277492
stream,1702,0.25238714873757334,8.201975320903884,0.8336466948152186
stream,1703,0.2533048262408991,9.091519888130053,0.966991569733752
stream,1704,0.2554604223750599,9.012082532288284,0.9745980762659816
stream,1705,0.2591213816663527,8.845835548508115,0.9650992512724397
stream,1706,0.2629572902027592,9.680228917151833,0.9891139004886007
stream,1707,0.2648531715190127,9.696852249056821,1.0443249016832967
stream,1708,0.26633973788810555,10.03121679345994,1.0497411676212312
stream,1709,0.268330229567351,9.977657616112133,1.0490718697652754
stream,1710,0.2706122278328916,9.845393029445882,1.0549479141860059
stream,1711,0.2725491439279397,9.160103205582393,0.981356784962125
stream,1712,0.27418986365856457,9.156884317358625,0.9729579979903606
stream,1713,0.2753160657627856,9.132996276308527,0.9701687700298874
stream,1714,0.2776793581122851,9.180996011235576,0.9649194071677344
stream,1715,0.2764353527111061,9.481944644508097,1.0110923842308328
stream,1716,0.2718359743542334,9.808672775232266,1.0078148783311356
stream,1717,0.26745872466727666,6.833056733463693,0.925334848200178
stream,1718,0.26746942720360495,5.755631514320835,0.5209819363244909
stream,1719,0.2693196987042048,5.772236329842008,0.5019518840300227
stream,1720,0.27186615308365913,5.8857280930571205,0.5171606644536373
stream,1721,0.28048396486499,6.339595651799122,0.5395468491610059
stream,1722,0.29382503837356283,5.747850360940336,0.5125454375695132
stream,1723,0.30959052037692764,4.9346685728741715,0.33932853218414033
stream,1724,0.3209135134869434,5.325645597210546,0.34747996350377514
stream,1725,0.33347769611932726,5.585578452099491,0.3834485245855409
stream,1726,0.34412429952906304,4.490992614886231,0.3894987054581387
stream,1727,0.3490587730134077,4.46581740302248,0.3179186302563478
stream,1728,0.35385366009873725,4.172919557535383,0.31093563412324665
stream,1729,0.35444106989646484,4.60929618134935,0.3528034014856969
stream,1730,0.3586469942867843,5.38813228885137,0.43540540921426213
stream,1731,0.36608169256978434,5.482723822163319,0.5089966522233578
stream,1732,0.373309755300023,5.618197014003506,0.5091028034366271
stream,1733,0.37888407424830733,5.66476356064923,0.5090528997953069
stream,1734,0.39204010734615713,6.525103961626449,0.5468002873738139
stream,1735,0.4071528684974884,6.506785567295073,0.6374399453904924
stream,1736,0.41602459550451115,7.215998222274477,0.6495456991687649
stream,1737,0.42236143218912703,7.117172172658833,0.6446473186605707
stream,1738,0.42554532071645934,6.619445934838007,0.6476425333213911
stream,1739,0.4264495976574926,6.704458605590428,0.63557233516478
stream,1740,0.4355616282616527,7.681690730789104,0.6300829480891471
stream,1741,0.44348771610331866,7.27337164698938,0.6896522136825017
stream,1742,0.4450898919016518,7.118677750453471,0.6907129346479961
stream,1743,0.4416149338198487,7.0066363160502005,0.6893016351166388
stream,1744,0.4373413574742563,6.6840210157588,0.662938305089605
stream,1745,0.4449968915229009,7.247947538186516,0.667260702467777
stream,1746,0.4488783252115996,7.357584495615828,0.7044306231453776
stream,1747,0.46254487726710214,7.8885493869151055,0.7314400651147777
stream,1748,0.4698540735297116,8.125642922792148,0.808840116544099
stream,1749,0.47368774621702436,7.547688722893265,0.771500466402655
stream,1750,0.47403984888347006,6.815859321978149,0.6933285844684499
stream,1751,0.4688533455400935,6.990334850195784,0.6200908994489434
stream,1752,0.4589386772404842,6.931688393587971,0.6194450950758631
stream,1753,0.45700895060836433,7.3222628396001275,0.6456896247721621
stream,1754,0.45935232937423154,6.277391192970944,0.6137545268323364
stream,1755,0.45584270472847577,6.23019752306546,0.5054983447770515
stream,1756,0.4642664582529602,6.099147744016343,0.5645075746549999
stream,1757,0.4767241457740072,6.166696430392189,0.5689601348939194
stream,1758,0.49142452765827793,6.003727739716868,0.5616770295764799
stream,1759,0.4960602470597888,6.586825722178615,0.6149636380897733
stream,1760,0.4919933248470028,6.194358514815011,0.6055371267262117
stream,1761,0.489023084147859,6.141057912811705,0.5317571776063307
stream,1762,0.4847430429197304,6.11719788557127,0.5477327215952247
stream,1763,0.48448322173617636,6.723674034577664,0.5845985713357041
stream,1764,0.48766327146425115,6.85480998237183,0.5694039573401135
stream,1765,0.48617958228251174,6.605979016016041,0.5830903175947626
stream,1766,0.4803847352221053,6.480113413179765,0.5223336115928557
stream,1767,0.47946817321027674,6.4281674083828,0.5230553517321731
stream,1768,0.4765013468896739,6.249940940285283,0.44521332624773174
stream,1769,0.46673249078666573,6.181383024842448,0.4414062977028288
stream,1770,0.45568936533662785,6.100603443836133,0.42763676085114954
stream,1771,0.4521392021408712,5.994915259695689,0.42153661721233265
stream,1772,0.44227623777719427,6.512505062116648,0.465700762824855
stream,1773,0.43263630589577223,6.550045236133873,0.43975947068929544
stream,1774,0.43593482280093143,8.916871107180071,0.6319656443215855
stream,1775,0.4393820864650176,8.674891742488159,0.6676774297181522
stream,1776,0.4397167296461675,7.769552452999433,0.5970716526589268
stream,1777,0.4413797729220665,7.685472834277677,0.576776292963061
stream,1778,0.45377340276358763,7.757767265478763,0.5793047669579899
stream,1779,0.46535474145577777,7.0818251792390035,0.5174417619209654
stream,1780,0.4788981916486742,6.299748651008149,0.519977641605213
stream,1781,0.4892861036096085,6.260845732003706,0.4910455555833401
stream,1782,0.5069375911991046,6.300276939468763,0.4860473430022414
stream,1783,0.5087559611096867,5.79591013614453,0.4628582093423021
stream,1784,0.5088708011509551,5.7123953208073,0.46032231204459595
stream,1785,0.5084335234929537,5.35165647443464,0.4090857939900479
stream,1786,0.5105886317581138,5.378226427130506,0.40997646978350993
stream,1787,0.5130231869375147,4.901090058873311,0.3917326497842469
stream,1788,0.5073846892557929,5.2680736360551315,0.40454853044877914
stream,1789,0.5048062953304298,6.414343406809741,0.5368042904076669
stream,1790,0.49964721090199044,6.559651020604717,0.5852284597396141
stream,1791,0.5019857030240297,6.47574372495766,0.6057215562104244
stream,1792,0.5023130180038465,5.880136716924472,0.5617676032180275
stream,1793,0.5067118478554153,5.85301417982584,0.5831896696239838
stream,1794,0.511152834339303,3.5491136167507205,0.4032546688418307
stream,1795,0.5141441340057602,3.6499415821785397,0.342231144426882
stream,1796,0.521705889374496,3.742512222443294,0.36673529096458835
stream,1797,0.5240335027359704,4.018818232589436,0.37879159899851655
stream,1798,0.5239988418454996,3.8981016865143503,0.385412785165172
stream,1799,0.5267591371503471,3.9870417230096766,0.4023107538201677
