segment,end_index,PW_WTC,E_CCDC,CD2_P
stream,0,,,
stream,1,,,
stream,2,,,
stream,3,,,
stream,4,,,
stream,5,,,
stream,6,,,
stream,7,,,
stream,8,,,
stream,9,,,
stream,10,,,
stream,11,,,
stream,12,,,
stream,13,,,
stream,14,,,
stream,15,,,
stream,16,,,
stream,17,,,
stream,18,,,
stream,19,,,
stream,20,,21.46801158585156,
stream,21,,21.804835393515987,0.9777955532810937
stream,22,,20.648290103220834,0.8630757993819042
stream,23,,20.972940236055347,0.8548148701655731
stream,24,,17.27420463926441,0.7585940082270964
stream,25,,16.243542025538122,0.7278160809801779
stream,26,,16.35441266438159,0.7027727458046426
stream,27,,21.51936797822188,0.801938866924268
stream,28,,26.383666707774033,0.7991139207965807
stream,29,,26.803179922696295,0.8491794977797653
stream,30,,25.583193955613307,0.8705116925287902
stream,31,,25.69864290690029,0.8554299825112679
stream,32,,24.42724932322231,0.7947712186747076
stream,33,,22.735669541912525,0.5665513808275676
stream,34,,22.851515158850045,0.49459255675289715
stream,35,,22.041314794913184,0.45626865293985863
stream,36,,20.244611046755974,0.45283973873676675
stream,37,,19.03960542619182,0.46660285456170725
stream,38,,23.019174218734374,0.5178009448604632
stream,39,,22.90577467809394,0.7383876776616614
stream,40,,26.800102216075793,0.8273454839393535
stream,41,,31.944087206759818,0.8034972473893517
stream,42,,35.88514767139157,0.7884558918942444
stream,43,,35.8003965804117,0.8441844989159821
stream,44,,34.24608167121665,0.8452571100963892
stream,45,,38.718823140849096,0.992345998145528
stream,46,,40.090892487996065,1.0126682797701942
stream,47,,34.99500549073979,0.9220996144495494
stream,48,,31.613475333655607,0.9315729203774563
stream,49,,31.082911752626558,0.9522522151850135
stream,50,,31.080316726898406,0.9319717812060234
stream,51,,30.93530023074469,0.9275836726446276
stream,52,,31.16910989616376,0.9265880840394927
stream,53,,32.31305559779411,0.9332062264610356
stream,54,,32.82882851996945,0.9332062266662214
stream,55,,34.04448383300932,1.0479036833361377
stream,56,,34.27275038386294,1.208095416066676
stream,57,,34.2792866136199,1.2240329433433763
stream,58,,30.27130804974848,1.0938280624978172
stream,59,,30.132314229370703,0.855476834007262
stream,60,,26.262455890747813,0.7687303323047072
stream,61,,20.745363041060063,0.7824756167162205
stream,62,,16.56602828506713,0.8718366742787583
stream,63,,16.02119271915222,0.8836720436743306
stream,64,,17.441257386407376,0.8993672845372305
stream,65,,12.498158888353391,0.8891114179493689
stream,66,,11.051605192123574,0.907239206051427
stream,67,,10.865178034559445,0.8983419530804231
stream,68,,12.578320982665646,0.9427058367542122
stream,69,,12.320795393756793,0.9519554016973109
stream,70,,13.195533447578967,0.9708393651527115
stream,71,,13.883742581074124,0.9714138901499466
stream,72,,17.037429573223836,1.0007941477790572
stream,73,,15.875691143478154,1.1303176319937653
stream,74,,17.765801898841804,1.2129332419710044
stream,75,,17.644508096742626,1.1010716057902585
stream,76,,16.939571864125767,0.9609050867238378
stream,77,,16.95324476397271,0.9312044671265056
stream,78,,16.939042622320855,0.9304196447868884
stream,79,,18.94296577426342,0.9968781945850413
stream,80,,19.443979197255086,1.0127663979735864
stream,81,,20.03477253536901,0.991377269640129
stream,82,,19.562869373106622,0.9017698989265976
stream,83,,19.61607187575843,0.9083655566806693
stream,84,,18.022295703021108,0.8867264728523332
stream,85,,19.17650106999165,0.7952128836833089
stream,86,,19.129155846200472,0.7805827614928736
stream,87,,18.908880644158632,0.823131298114559
stream,88,,16.137099114453694,0.8191584100899307
stream,89,,16.86929576651751,0.7001966365056673
stream,90,,18.579261584726904,0.7008901137020003
stream,91,,18.15687206371611,0.750748043221034
stream,92,,16.679200695659723,0.85621538918434
stream,93,,17.5335380807508,0.7212904784277104
stream,94,,15.795298483569018,0.6379254310477479
stream,95,,15.017668723900648,0.7191909159699534
stream,96,,15.242677421072882,0.8057554492387529
stream,97,,15.780791291805873,0.7928659521428753
stream,98,,15.651572560788361,0.8040884618269332
stream,99,,13.533424563445651,0.7245451447385816
stream,100,,13.477191449048727,0.7302065907093431
stream,101,,12.860194561436678,0.7586678659012034
stream,102,,12.281899089650409,0.7675247058726132
stream,103,,12.155170624343429,0.6821745610584923
stream,104,,12.527590367077883,0.6799930872111474
stream,105,,11.90796522521007,0.6297206554512076
stream,106,,11.634985126809134,0.6428444288832467
stream,107,,14.425828115983325,0.7307613081452151
stream,108,,15.542016729750088,0.6858820369626097
stream,109,,15.338595789112457,0.70189710497563
stream,110,,15.136905140612633,0.7072100099294337
stream,111,,17.431388116939925,0.6551811633349525
stream,112,,18.5827396652709,0.5197926045920137
stream,113,,25.33809004251449,0.5464875664564542
stream,114,,28.018926411893183,0.5915926912844992
stream,115,,27.806687989055177,0.5805554769967232
stream,116,,30.852908422769392,0.5311508395548683
stream,117,,33.89916267252428,0.5293201447711897
stream,118,,35.96672271076591,0.5315421503770201
stream,119,,38.47215173616829,0.5277132885406998
stream,120,,39.6791223947565,0.8741508894412073
stream,121,,40.35720624592319,0.8508604325117755
stream,122,,40.26409035373448,0.8462502436222621
stream,123,,40.803414904758775,0.8531229095190447
stream,124,,41.132653518925736,0.8528065624439966
stream,125,,40.31754615188733,0.8560648916174022
stream,126,,40.38509219081738,0.8178996189537469
stream,127,,37.54216302046476,0.6880230616003686
stream,128,,36.45728896528279,0.7331470384173829
stream,129,,36.289527528907584,0.7164003722036102
stream,130,,34.81277275615764,0.6941162422854144
stream,131,,32.45467333545806,0.771256694845677
stream,132,,31.173599228428586,0.9050168903395854
stream,133,,24.31360473433327,0.8799122692449924
stream,134,,22.065400200751156,0.8418966829288477
stream,135,,24.806729529594016,0.7840951736602728
stream,136,,21.53056626932081,0.8016392783666564
stream,137,,18.179185605275652,0.802799092859644
stream,138,,16.227829390507534,0.7874309754783377
stream,139,,13.992773961859736,0.8316214074430748
stream,140,,13.527227070630145,0.48122281025779196
stream,141,,15.252582097110288,0.4852120847248006
stream,142,,15.528303613467784,0.49413576645530843
stream,143,,18.64445481985234,0.5324253065461052
stream,144,,18.266631514723752,0.619842787168876
stream,145,,18.258946807391744,0.6166739515829486
stream,146,,20.963823857056134,0.7629570277724231
stream,147,,21.20801797388517,0.8085946317988035
stream,148,,20.53325877460988,0.7771442426442309
stream,149,,21.728881777155966,0.8749235504260537
stream,150,,20.9635336573603,0.88553987793183
stream,151,,20.862078416383458,0.834136757739556
stream,152,,21.11611423996877,0.8134572520060138
stream,153,,20.365749562731125,0.869177139941251
stream,154,,19.32098869757841,0.8724221256878619
stream,155,,16.772611831528017,0.8569763523773698
stream,156,,16.801760477423343,0.7742178414107334
stream,157,,16.548925615474054,0.784190304942986
stream,158,,16.437844906463546,0.784597098076319
stream,159,,16.319462391886137,0.7507482788451859
stream,160,,14.936058795554931,0.7357405629874598
stream,161,,14.919152816270845,0.8050897728178826
stream,162,,15.530697111937585,0.806528589166827
stream,163,,12.022596791007114,0.7756043380706484
stream,164,,12.592346692756038,0.7628745303389395
stream,165,,12.589226972287088,0.7996467020695069
stream,166,,10.34536815506068,0.6607802907043683
stream,167,,12.289985416574599,0.6302993722676085
stream,168,,12.660568416066681,0.8103744177996518
stream,169,,11.201881218898144,0.7434972936660602
stream,170,,13.832145946227913,0.8790366469230246
stream,171,,13.919350997800336,0.900469056585483
stream,172,,15.35451217668556,0.9591719778996204
stream,173,,15.3626300870831,1.0478975764094003
stream,174,,15.210655143723967,1.037563051525378
stream,175,,15.337199283395762,1.0523303306167338
stream,176,,17.407743176067754,1.2627928418274772
stream,177,,17.80130895692775,1.4064591872525385
stream,178,,18.650588454242033,1.5120261370505275
stream,179,,20.66579326142532,1.5153651043629288
stream,180,,21.17751352635044,1.5224627701997864
stream,181,,19.65046293279564,1.5283830925861255
stream,182,,18.92769595742387,1.596952140664289
stream,183,,20.768500349046754,1.7232043959905685
stream,184,,20.845677624331888,1.87583200346356
stream,185,,21.00587234800385,1.8397006531302733
stream,186,,20.747326498602682,1.870235631833311
stream,187,,18.51052561535209,1.8686333823639865
stream,188,,19.65658389596325,1.7187945799481152
stream,189,,19.572657534614166,1.7690508245593237
stream,190,,17.184249137461716,1.625500165503788
stream,191,,17.622543950517525,1.5786302207002076
stream,192,,14.441943717423726,1.4444649957194624
stream,193,,14.428062146394797,1.3188614464740986
stream,194,,14.485318593870206,1.3208276041133933
stream,195,,17.851697629622215,1.5068819782001104
stream,196,,15.708856746735506,1.4575462999417073
stream,197,,15.460178828694369,1.3030795068450989
stream,198,,15.4701110694276,1.2714199117616076
stream,199,,13.842693180052771,1.258720608559001
stream,200,,13.543458660033956,1.2456815959914587
stream,201,,12.696805210280761,1.1663428428849425
stream,202,,13.252048583175664,1.1279994172493046
stream,203,,13.056742416441447,1.1627087765791217
stream,204,,12.071049476623202,1.0080089526494616
stream,205,,11.89837175062679,1.0007829718667516
stream,206,,11.64232916851378,0.9637948934488844
stream,207,,11.791078526478142,0.9548971585703516
stream,208,,11.763258835087283,0.9216628907306231
stream,209,,12.001245730689373,0.8642101034079556
stream,210,,12.037248726083991,0.9020992373551239
stream,211,,11.405341263603384,0.9124237992033414
stream,212,,12.047013588145573,0.8916446849765113
stream,213,,12.055086878339067,0.8964490932494986
stream,214,,13.875974871034918,0.9483130414023839
stream,215,,12.461054166353536,0.7502009120439993
stream,216,,12.70389290249942,0.6209409731702932
stream,217,,13.701251612898584,0.6308398044372554
stream,218,,13.769433519557438,0.5584492712416312
stream,219,,13.276673644154943,0.618895046142372
stream,220,,14.63415206213494,0.6623903730369495
stream,221,,16.11936081194101,0.6573673069664052
stream,222,,17.748233423087886,0.6198730915339433
stream,223,,16.411757965113207,0.6272716288779097
stream,224,,16.415707761562317,0.5769617632048457
stream,225,,17.466947502227868,0.6185182580993033
stream,226,,17.48387851983715,0.6673666741265112
stream,227,,18.277013310896777,0.6777294369226808
stream,228,,19.468668434771907,0.6751185438548882
stream,229,,19.222389437739167,0.7564872850587309
stream,230,,18.846284388652418,0.7102335328853292
stream,231,,20.889729337960176,0.7946513827433428
stream,232,,21.385119673372202,0.7754889740350346
stream,233,,25.100426214013247,0.7639396291761739
stream,234,,23.2044266832909,0.8811867227193171
stream,235,,20.814000497149113,0.8810084954043529
stream,236,,21.553535328110346,0.8683974461681453
stream,237,,20.93844800374826,0.8592896085759989
stream,238,,21.734882266809716,0.8652954281257771
stream,239,,21.687581474874303,0.867201298800319
stream,240,,20.832968159030717,0.867201340760566
stream,241,,19.73032689005593,0.8671180172359554
stream,242,,17.919006589799018,0.8621506281552405
stream,243,,17.435311263995676,0.7219491804456866
stream,244,,19.17679996511503,0.8004429781493699
stream,245,,18.225582634246653,0.8323371267537947
stream,246,,18.226334624375387,0.7899417930538587
stream,247,,17.461785500421875,0.7761118521060885
stream,248,,14.807556467355734,0.7746594793825132
stream,249,,14.90989334824601,0.6695910623461545
stream,250,,15.9989915438003,0.7516629104027819
stream,251,,13.962180510062373,0.685792689535126
stream,252,,12.53651840227738,0.6837978711639132
stream,253,,8.958644792371999,0.6694111333731905
stream,254,,8.990330163227002,0.5014493257231867
stream,255,,8.859783134745046,0.499725724904779
stream,256,,7.778388004318522,0.479887088665044
stream,257,,7.313739461995175,0.4816476903533017
stream,258,,5.661723588708271,0.47290478452175383
stream,259,,6.531324815151094,0.42763929266087025
stream,260,,11.355885031615205,0.45684860865104426
stream,261,,11.529110881910617,0.555830464368916
stream,262,,11.367673981886266,0.5533633345929106
stream,263,,11.546622521759488,0.5116897619116113
stream,264,,9.963077409870994,0.43303246051635746
stream,265,,10.476459714982216,0.36086756407986786
stream,266,,12.15766665976305,0.5173410401599119
stream,267,,12.990362019962006,0.5181080809970364
stream,268,,12.905997333824265,0.5250202186527243
stream,269,,12.799828439824585,0.5250416057369839
stream,270,,11.79386255097825,0.45588419919503315
stream,271,,12.848358056702887,0.4477783903860485
stream,272,,13.626604172963285,0.4484622441329856
stream,273,,13.911006656886613,0.4487929194466966
stream,274,,14.483225123593957,0.5328643845119417
stream,275,,14.79390504087943,0.6353944138130828
stream,276,,15.83770961690863,0.7077840855628673
stream,277,,17.250033717251487,0.7060234773781253
stream,278,,17.647400043891256,0.7247332061794554
stream,279,,16.80135088795848,0.7183812989627903
stream,280,,11.59001744051477,0.6506509494156135
stream,281,,11.257561451087193,0.5968226770663811
stream,282,,10.713311300380012,0.6062005081951787
stream,283,,10.507256088983953,0.6060304054299159
stream,284,,10.5369028170614,0.5985085762931308
stream,285,,10.364671701492293,0.6009710121118813
stream,286,,8.95856105941502,0.4381513773012226
stream,287,,8.588370722245049,0.4391828662898484
stream,288,,15.103504132551786,0.5674277774093367
stream,289,,15.393637712624908,0.9281760355641702
stream,290,,15.753851433142431,0.9136520422579291
stream,291,,15.00316034431588,0.8964304169346902
stream,292,,14.555098246050049,0.9388136850577912
stream,293,,14.124333220995283,0.9512746358011358
stream,294,,14.244907184133153,0.892014960205888
stream,295,,17.013263937696934,1.0299981709554682
stream,296,,17.3092326283093,0.9707526001351207
stream,297,,15.864347789738295,1.0021104037836774
stream,298,,18.13062457371109,1.0511822323405893
stream,299,,18.149620124111873,1.1282795579161566
stream,300,,24.438305278314147,1.3012108711900254
stream,301,,24.361726537155477,1.4180466773852543
stream,302,,24.85248947276181,1.4517586395303423
stream,303,,26.71979369361783,1.5900603794600665
stream,304,,28.05073331965441,1.57577914849959
stream,305,,27.628753171135845,1.6365958742143583
stream,306,,30.45422849617163,1.7492295884392166
stream,307,,29.87361287554719,1.8986872888447799
stream,308,,23.370446372418616,1.7597836989676416
stream,309,,23.264121564589146,1.4151944496064603
stream,310,,23.533292216091084,1.4797487597146592
stream,311,,23.355926196732195,1.5436525208271026
stream,312,,23.026120954763396,1.5068803065248082
stream,313,,23.913206975079365,1.5325387016954712
stream,314,,27.80966968979729,1.5544687399450614
stream,315,,25.110674504832083,1.6237003930491793
stream,316,,25.783799531516866,1.7518970366354654
stream,317,,27.463904165851098,1.9573526329935638
stream,318,,29.372529247291823,2.337938258002128
stream,319,,29.820885934924675,2.3445577507304605
stream,320,,23.201498050180206,2.1871306718333874
stream,321,,23.040169236515737,2.0256765347735097
stream,322,,22.861925996126782,1.993885979420955
stream,323,,21.04930144275636,1.8557543425551137
stream,324,,19.756867337031373,1.878877745239786
stream,325,,20.030160478370018,1.8490462996402603
stream,326,,16.902209587270598,1.742294529341069
stream,327,,17.256687868656634,1.6176908459628676
stream,328,,17.29616875476584,1.6137369349852904
stream,329,,17.377699084631434,1.600123360386666
stream,330,,16.688931521938507,1.5363173946874251
stream,331,,17.191565104794602,1.477466314339841
stream,332,,17.260271922644773,1.4802057355797251
stream,333,,17.154547413084515,1.4445854666110138
stream,334,,13.026783937140316,1.394995919554453
stream,335,,14.052836890152138,1.0981567413834619
stream,336,,12.67368440240921,0.9658384497349597
stream,337,,11.071895793893685,0.7678446155862092
stream,338,,6.59101228462403,0.31875657135470753
stream,339,,6.087433707950081,0.23355485167045437
stream,340,,6.101037159734638,0.21404684876675878
stream,341,,6.770397146708508,0.24985102461292663
stream,342,,6.9049112942710975,0.24343338256087868
stream,343,,7.849653901793657,0.35375229491057575
stream,344,,7.908789495144306,0.429708171373298
stream,345,,8.398962157316651,0.474461958764007
stream,346,,10.987861613050383,0.49448695511289614
stream,347,,11.174948370025438,0.6613501681952644
stream,348,,11.089806558424934,0.68973702699743
stream,349,,10.899162008401122,0.6889234228501195
stream,350,,10.919530695114112,0.6990937014029777
stream,351,,10.30094079086957,0.6904010437978448
stream,352,,10.295781688715483,0.6862256107086355
stream,353,,9.742520873235625,0.6828487132465602
stream,354,,9.331107912965923,0.7030632193736167
stream,355,,9.213789310467881,0.726367085616331
stream,356,,8.623713609022584,0.780646519269056
stream,357,,8.734884328737373,0.7618226368555654
stream,358,,11.234555907799514,0.8185618099940698
stream,359,,13.419484537745767,0.8090579129000588
stream,360,,17.31350077235021,0.814810500681667
stream,361,,16.660905807011652,0.9471142676249535
stream,362,,16.26569623884793,0.9418235145005924
stream,363,,15.315679685541117,0.8435805802632381
stream,364,,15.686522361521575,0.7682991174159844
stream,365,,16.91836758009758,0.8633753217547067
stream,366,,15.834197345116628,1.0529679835038896
stream,367,,15.261383928305868,0.928003149863295
stream,368,,15.311892734228852,0.9046690103565901
stream,369,,15.232347193541793,0.908262702849239
stream,370,,15.137407485822953,0.8965091629014589
stream,371,,15.97737628011441,0.9234621952268798
stream,372,,16.399685196436437,0.9185806241434141
stream,373,,16.25441500874365,0.9231517400751293
stream,374,,18.588348381666584,0.96301292770625
stream,375,,17.340665099934228,1.0480167043630377
stream,376,,17.29461850777421,0.9854404497875692
stream,377,,17.35088496338723,0.9867275025164516
stream,378,,15.716866801696717,1.02065093255977
stream,379,,14.552126517116967,1.1717351804642078
stream,380,,11.62260045963902,1.1650013158085442
stream,381,,12.040125238562066,0.9999954918479682
stream,382,,15.006006766707179,1.0540797113741076
stream,383,,17.246102675732008,1.0404883685711934
stream,384,,17.79410011747838,1.0186316709714838
stream,385,,19.67029965590259,0.8838618183598679
stream,386,,18.667187837030234,0.729479130523673
stream,387,,23.4798802690275,0.9645510714327528
stream,388,,24.371517390598434,1.01702852656221
stream,389,,25.568024728981463,1.1738316316119184
stream,390,,25.878461113255074,1.2567649117986603
stream,391,,25.301696691480153,1.284665785843002
stream,392,,25.351123586378904,1.2845243053766933
stream,393,,25.74374965472106,1.3330636418025006
stream,394,,23.37551905613138,1.284428648493691
stream,395,,23.333531390644108,1.166516198065867
stream,396,,23.654876659230833,1.1793125122743287
stream,397,,24.414805467561024,1.1642816446845423
stream,398,,24.029242276666015,1.1974696366814546
stream,399,,23.0176740353677,1.0624302985141922
stream,400,,22.103576688567042,1.0655528304760575
stream,401,,22.344592771007555,1.0711972671828558
stream,402,,19.46414396139878,1.0224037861363613
stream,403,,17.70697492273142,1.0294112460397438
stream,404,,16.598370585999177,1.0333246053752787
stream,405,,12.94445813391062,0.9937344167349227
stream,406,,15.29980563137558,0.9866054954451313
stream,407,,15.170887285484472,0.6906252312245987
stream,408,,15.872756854797606,0.6555154241563702
stream,409,,14.889960706208798,0.5994960626646186
stream,410,,14.647417713863199,0.5247668477744338
stream,411,,15.84067345039298,0.50851525666692
stream,412,,15.405975082993782,0.5919289570596342
stream,413,,15.414476902172801,0.5658435136051039
stream,414,,15.565590733800354,0.563181418695932
stream,415,,15.580416815002305,0.5634775956498058
stream,416,,15.29759320478228,0.5509059853862723
stream,417,,14.655065012727478,0.5465929530314114
stream,418,,14.155954378845456,0.42361666981972024
stream,419,,14.219998450270156,0.4312525073917316
stream,420,,17.248785562224768,0.5105611687851325
stream,421,,16.831973844109065,0.6790043264168117
stream,422,,17.0119848787868,0.7298462382918935
stream,423,,16.66628108368307,0.7232598399928275
stream,424,,17.814738935096305,0.8080679006270486
stream,425,,18.174501872489184,0.8124726945999421
stream,426,,15.376634649896998,0.7964370432545339
stream,427,,11.70039881549577,0.810694409046533
stream,428,,11.302311424069226,0.9532118421637159
stream,429,,11.728461265065272,0.9807392260499547
stream,430,,12.047043042714183,0.9725124850836431
stream,431,,11.586466518939472,0.9378273047758167
stream,432,,11.808573641885014,0.9375109823154801
stream,433,,11.475507856056884,0.9110725027668802
stream,434,,11.484491753635458,0.9257497375754763
stream,435,,11.759421024002375,0.9532765017103416
stream,436,,11.945451498742433,0.9855668392194193
stream,437,,11.582279442333133,0.9868931063987818
stream,438,,11.430931915574375,0.9879599210593306
stream,439,,12.56877210800478,1.020469205842883
stream,440,,12.335704613297999,0.9474050813569204
stream,441,,12.765075648223842,0.7906071112027133
stream,442,,12.603069892785019,0.7624017098526289
stream,443,,12.458535491387495,0.7804008950331414
stream,444,,11.210960471470324,0.6897383519829061
stream,445,,13.056246019682767,0.7855334013863255
stream,446,,13.756936140738064,0.7551012531225305
stream,447,,13.040623494426892,0.7814795878888583
stream,448,,13.568865906246055,0.7443460891546262
stream,449,,13.10714965014979,0.6337204726007528
stream,450,,12.719680102419272,0.6361876178484498
stream,451,,11.80297208769407,0.6320445172482425
stream,452,,13.321404223506173,0.5780840890099157
stream,453,,16.050365047621685,0.5768231461894056
stream,454,,15.841452095905737,0.6650160401182863
stream,455,,17.386552919082163,0.7114487311439313
stream,456,,17.29023540986023,0.7089120603378131
stream,457,,18.42674009163732,0.7182046729692202
stream,458,,23.90070184020489,1.1087555463298882
stream,459,,22.70230860377393,1.2357874805234546
stream,460,,19.870955234654254,1.226859368742071
stream,461,,19.339306467146887,1.2072171192989918
stream,462,,19.30295568116006,1.1792815484481016
stream,463,,19.478621615494962,1.1863863266905672
stream,464,,19.616765009090567,1.2117370242395065
stream,465,,18.374316614530386,1.192056967895391
stream,466,,20.26522299264531,1.1872428247004352
stream,467,,20.20425842254557,1.1853087228208115
stream,468,,20.57558098264616,1.0799248186558665
stream,469,,21.31956831082276,1.0732124809114543
stream,470,,25.569041597631852,1.1145195287635825
stream,471,,25.595122079871253,1.3610130510386986
stream,472,,23.88935802104527,1.331632234998801
stream,473,,22.299543343658993,1.3468341976088798
stream,474,,22.96984848033622,1.3603551303739234
stream,475,,21.558256086469296,1.3398648575067584
stream,476,,21.85312813253873,1.3950404347623067
stream,477,,20.685826978789496,1.3912626014950447
stream,478,,15.299967679457419,0.9988669593133118
stream,479,,15.29432364020257,0.8208703396771687
stream,480,,16.550346882601684,0.8655437193654845
stream,481,,16.391139478654587,0.9132046718227999
stream,482,,16.44516733706977,0.9158597128008693
stream,483,,19.547685796575923,0.9484715782007773
stream,484,,19.50205465059311,1.1042976330429872
stream,485,,18.309500650487042,1.0260795849667963
stream,486,,15.760869963368565,1.0222495305416843
stream,487,,15.499014343572954,0.9793724913016391
stream,488,,16.263372721864716,1.0879417387920518
stream,489,,15.458770242926198,1.1396764950961624
stream,490,,11.840864674771403,1.1271851669690705
stream,491,,11.732230811188472,0.9016205127945127
stream,492,,11.60083106474176,0.9037614989336538
stream,493,,11.477251575169708,0.9585987765323302
stream,494,,10.814442789942218,0.8688560477280387
stream,495,,10.470199326446187,0.810778674333559
stream,496,,11.019792332814218,0.7938094752422954
stream,497,,11.425714165260796,0.7839139034437087
stream,498,,11.348574611205496,0.7901124571156642
stream,499,,11.45701511104601,0.7865941710892705
stream,500,,10.291576368623275,0.7426046523939484
stream,501,,10.43015212499056,0.6934984121121175
stream,502,,10.425175867920528,0.7144069595841783
stream,503,,7.653240460825078,0.6886614619703445
stream,504,,8.660192681987795,0.509699610802841
stream,505,,12.544224765217665,0.5288030217579399
stream,506,,12.474238004080572,0.7217462789485964
stream,507,,12.778873184203816,0.7301289928926293
stream,508,,9.887084703945725,0.608292196463683
stream,509,,9.8414180502077,0.540847604673262
stream,510,,10.482320266415451,0.5863412372516231
stream,511,,11.3327043698544,0.5653814354350338
stream,512,,11.328549560575036,0.5897045803999335
stream,513,,10.33930773694999,0.5222668554454588
stream,514,,12.445543209880897,0.6553996267204919
stream,515,,13.090528367612198,0.6655925306104784
stream,516,,12.392549067575846,0.5979644803575287
stream,517,,11.995696132761323,0.6061995073767047
stream,518,,12.282052495506045,0.6092597403610401
stream,519,,12.488524171412354,0.6417081610565927
stream,520,,12.507715066293494,0.6421898909209325
stream,521,,13.45491972837809,0.7065944953966353
stream,522,,14.244899952166005,0.8231775714072112
stream,523,,13.813936201052647,0.8518530744599183
stream,524,,14.19410856457028,0.9354307710978631
stream,525,,10.68923529417469,0.9277390071137872
stream,526,,11.144727009819265,0.7349456489602194
stream,527,,11.36306615194391,0.7879344909224184
stream,528,,14.259990436416032,0.9702312304290127
stream,529,,14.289831192108199,1.1243887554647158
stream,530,,13.0983545597765,1.0474707778759464
stream,531,,13.586613254751969,1.0653914143794712
stream,532,,14.129771783017322,1.048799049959279
stream,533,,13.967003834721806,1.0748134831844969
stream,534,,12.461151402581898,0.9275751257991847
stream,535,,12.48243403335629,0.917382219440771
stream,536,,12.20853488776677,0.9347275733754671
stream,537,,12.201564487272469,0.9270207281128328
stream,538,,12.032602089421149,0.9198804884004439
stream,539,,12.893836190926322,0.9621911126709423
stream,540,,12.841998713519905,0.9849940360018742
stream,541,,14.397689247656114,0.9806404625376884
stream,542,,13.437122109956492,0.9293077807242306
stream,543,,14.549136429944983,0.9022238421592719
stream,544,,13.365463345742116,0.9179323357269913
stream,545,,13.871844000086561,0.9862979082857222
stream,546,,14.518685488192128,0.9865013294206394
stream,547,,14.563940610767796,0.9300625678103686
stream,548,,11.646006572336516,0.7685865608661062
stream,549,,15.258683182931847,0.7458864539311698
stream,550,,15.1769754456066,0.8804982417623263
stream,551,,14.539129414030917,0.8843348756244995
stream,552,,14.353572547628257,0.9578043510675531
stream,553,,14.3580388674127,0.9477946985956791
stream,554,,13.943619863982397,0.9382705028342604
stream,555,,15.720181231816673,0.9727999220326918
stream,556,,16.23759684371,0.9727999210149174
stream,557,,16.286429033362296,1.0071468180458174
stream,558,,16.286276406228975,1.0118676474225383
stream,559,,15.13037790998264,0.9373286646464493
stream,560,,15.042653348554849,0.9139370806206378
stream,561,,14.692017064171683,0.9338001753668868
stream,562,,15.375900906154856,0.8531304851745704
stream,563,,14.178377903624662,0.8336460307971666
stream,564,,13.946727619179443,0.7317583046036504
stream,565,,13.547821205903956,0.6620062124816669
stream,566,,12.501690313187922,0.7095890194358663
stream,567,,12.501143297406625,0.7302854770083561
stream,568,,12.962321239218792,0.6968313014911526
stream,569,,9.269776288166016,0.5838404571819107
stream,570,,9.302489748769982,0.45918450903704616
stream,571,,9.492647877029519,0.47149942442336107
stream,572,,10.830934448397592,0.39718063516367985
stream,573,,11.37123413974458,0.39529362564708986
stream,574,,11.387897295621995,0.3843444859807859
stream,575,,8.9096486402087,0.3543480857702257
stream,576,,8.671302476893242,0.34278615192948647
stream,577,,9.016689060814784,0.3701437176883876
stream,578,,11.892431546592507,0.4107039626321993
stream,579,,11.873744503319676,0.48923345216023556
stream,580,,12.45532055676905,0.4988942454838957
stream,581,,11.536893559802849,0.5673795015969096
stream,582,,10.936668054863045,0.6281777221392014
stream,583,,11.893911987759202,0.6666715758790512
stream,584,,12.532205197065487,0.6667548338690077
stream,585,,14.622516644948046,0.6842405264097114
stream,586,,14.575357432327039,0.6963876107832789
stream,587,,14.3099619997332,0.6714972992457211
stream,588,,13.946044775119482,0.6728651765900072
stream,589,,13.93537464238578,0.6568190653431889
stream,590,,14.69822212235658,0.6798600325856062
stream,591,,14.33512941838286,0.6458128134041071
stream,592,,13.400857638056095,0.7318540831955149
stream,593,,13.084676287489057,0.7913698553949355
stream,594,,12.879097826911341,0.7943506581538117
stream,595,,12.840759546034198,0.7901078945957638
stream,596,,14.06791895477772,0.8299958214056753
stream,597,,14.566036354332196,0.9517048255010692
stream,598,,12.524285731816786,1.0186315001525832
stream,599,0.934557881636767,13.994762636101505,0.9382974023625352
stream,600,0.9337206379150451,15.254405611449728,0.9278277172921785
stream,601,0.9327032095320769,13.882684465743678,0.854484617723437
stream,602,0.9324065723787153,17.383534911788626,0.9356591507318133
stream,603,0.9327468460807058,17.229260351160608,0.9172557292184663
stream,604,0.9339620825666068,17.98247779611384,0.9212941967020712
stream,605,0.9352310673719554,17.13716588225242,0.8917706941948174
stream,606,0.9357361260456084,20.321546811622284,1.1743790787713975
stream,607,0.9357819895421757,21.694187906052946,1.1758112418895976
stream,608,0.9357361665993478,21.737850023677975,1.262839874577546
stream,609,0.9358486266717091,22.089619097596103,1.26221202593731
stream,610,0.9357882376443943,22.149511879237174,1.2304166415580504
stream,611,0.9353519830268989,21.62240774386991,1.2532891092091538
stream,612,0.934585793753325,20.93697371944855,1.1596706755697488
stream,613,0.9330676040486219,23.005311739835996,1.1426668986226978
stream,614,0.9309048191792226,23.09079491305025,1.2865723823977677
stream,615,0.9287161250966199,23.114615912606283,1.286185743464787
stream,616,0.92626973768811,21.60635282125241,1.2402170196523394
stream,617,0.9238625909280521,20.7217472161358,1.0563205642798321
stream,618,0.9222398547739009,20.82329633649455,0.9875026309777527
stream,619,0.9223087249433162,21.25557683025074,0.9960204601642975
stream,620,0.9230545731809625,19.446935766488945,1.0820450196101306
stream,621,0.9257437077776944,24.00475313554771,1.2155344190929391
stream,622,0.9281809302897779,20.43337400023125,1.1777084240101254
stream,623,0.9302858706692785,19.720980148336555,1.1430410076720408
stream,624,0.9321350621459492,18.89880078292786,1.1419286145967111
stream,625,0.9342183533924603,18.98082177438583,1.149829017944661
stream,626,0.9355944115422505,16.531168481879092,0.8218588075435507
stream,627,0.9362996808047108,15.02483671426808,0.821123702383879
stream,628,0.9365446417948098,14.981975163023533,0.7327498681778287
stream,629,0.936740108430421,15.80938352330658,0.7443815793967069
stream,630,0.9367122778576616,15.520060656820467,0.8798034719488024
stream,631,0.936598686353366,15.538106805966438,0.8631994937833548
stream,632,0.9363366931891977,18.22661766326872,0.942906666767296
stream,633,0.9360606951184373,16.10217770616884,0.9437050809531535
stream,634,0.9357350450763389,16.676328552644975,0.8007585828429624
stream,635,0.9352820561663306,19.72530347769826,0.8355884655232004
stream,636,0.9346646259293397,24.500722326223404,0.837226435962747
stream,637,0.9340720343648791,24.495218287858012,1.0244102235303365
stream,638,0.9332561789367578,23.94860507740164,0.9930867423612046
stream,639,0.9323771980361828,22.1839193454517,0.9910943774338179
stream,640,0.9314472252472813,22.920198221075495,0.9704104962494519
stream,641,0.9308237562358141,19.609469163221984,0.8907802798525252
stream,642,0.9294576438089778,24.360942724507694,1.193603097927697
stream,643,0.9282208184655991,24.42940026909973,1.4086962950731463
stream,644,0.9262552436931116,25.21713857150311,1.5234723089101285
stream,645,0.9239642328462371,25.525820504210543,1.5175284852272566
stream,646,0.921148210936021,26.403884436764457,1.5028332604112793
stream,647,0.9173169441086342,27.594761113698556,1.4970806667893506
stream,648,0.9138315292591872,27.624592281703848,1.520372382264584
stream,649,0.9111310248301667,27.057579771115325,1.5436763112553995
stream,650,0.9086486599591689,26.733962166622668,1.4141528820776945
stream,651,0.9069414540263446,27.05646568472625,1.408586161811356
stream,652,0.9072690674771511,25.816163977493336,1.3312996662211205
stream,653,0.9082837204528681,27.574433974374706,1.2712176482425792
stream,654,0.9094222779083727,27.97085820792281,1.2714529238336627
stream,655,0.9123430033772134,29.39672340045374,1.2800767961787423
stream,656,0.9163640966248712,28.234518195004707,1.2802478739577416
stream,657,0.9199702925334735,28.6917367616957,1.1499285692835757
stream,658,0.9217848827914353,28.61723897726932,1.2211189527608926
stream,659,0.9230944661448733,28.832242321129502,1.2658253734732463
stream,660,0.923169506325723,30.71086583911745,1.4169000226559227
stream,661,0.9233182462713629,29.69680357915185,1.44146908562702
stream,662,0.9231252234467763,24.93259717520084,1.0341105628681542
stream,663,0.9224511542565784,24.791754001470462,0.8283737244624582
stream,664,0.9221955209811626,23.707771909542156,0.7384703984687692
stream,665,0.9219528671592523,22.363120413117496,0.7383064387337064
stream,666,0.9216474787708998,20.79597760139554,0.7573892537643441
stream,667,0.9204015963510751,19.929321024520934,0.8005984149596158
stream,668,0.9193543146511494,19.826859735948446,0.7876578221749189
stream,669,0.9183623599023906,19.211702569238643,0.7524603170994396
stream,670,0.9173004986154748,19.020643916808414,0.7566829784745572
stream,671,0.9164532595277209,18.715755132025098,0.7559871775527751
stream,672,0.9150898822067345,18.25601789794215,0.7918142185447375
stream,673,0.9135342562266006,16.407423406818832,0.8459056580666352
stream,674,0.9130662499424411,16.577364553503237,0.8500810625916728
stream,675,0.9137335056494614,15.17522785340635,0.8178230079427383
stream,676,0.9150450624058258,16.41806643444034,0.8166467862805151
stream,677,0.9166684519851557,20.236121287111533,0.7599214617164027
stream,678,0.9178648210100302,20.47163406388086,0.7128701019034543
stream,679,0.9192923961332587,26.94187695583439,0.7589358415956383
stream,680,0.9203318312986639,24.429472661101315,0.8901307955106712
stream,681,0.9214088143405874,27.385092450790893,0.9113275788528766
stream,682,0.9225655616212806,29.729116282188194,0.9076770592829451
stream,683,0.9238581925501984,32.55032627105693,0.8993258714840938
stream,684,0.9250308159695652,32.62233291901026,0.924221210897305
stream,685,0.9261843608780786,31.852857020909525,0.9369068383984769
stream,686,0.9272979844957748,31.771686380635686,0.917888247143885
stream,687,0.928398032657706,31.285220984496565,0.8737584915362587
stream,688,0.9294790396219971,31.382028786432148,0.8703431155432889
stream,689,0.9302697732924872,32.55215532093226,0.8866806225502306
stream,690,0.9307584350414544,34.034866703622825,0.8760645509784506
stream,691,0.9308018879520255,35.75187460542827,0.8778177670010763
stream,692,0.9307293871320819,34.68772422965792,0.8901749493397378
stream,693,0.9306148383550162,34.650044885856325,0.840471417704023
stream,694,0.9302703841577686,34.310713681651436,0.8483395086437105
stream,695,0.9301923574605533,32.609549645807476,0.985521881367878
stream,696,0.930393955983693,28.88442810454954,0.9849959854044054
stream,697,0.9307416562568573,24.73144313665851,1.009041345157545
stream,698,0.9311439382131114,24.874248482725328,0.974642851562134
stream,699,0.9320012222550279,25.89687291426468,0.9787857832348129
stream,700,0.9329113410359503,30.9342839248826,0.6445213640149445
stream,701,0.9335281915817721,28.266676719297454,0.5676133949746537
stream,702,0.9339234477155738,26.380405873306724,0.5647836427156463
stream,703,0.9341273307165548,25.560793324433156,0.5759602808952413
stream,704,0.934073094591621,26.77969500468816,0.5257283642115063
stream,705,0.9338486927422988,26.89692035821639,0.5547993748227982
stream,706,0.9334443002000806,29.076557701008987,0.6077916850670327
stream,707,0.9331133344240762,29.743921571381737,0.640014672031794
stream,708,0.9331431056386174,31.030359789828477,0.8179930961045745
stream,709,0.9331659986003257,34.52906168120063,0.8513153950595875
stream,710,0.9332737973707356,33.002870353171126,0.9777187653097801
stream,711,0.9334824851649643,31.56680172085642,0.9844761928311784
stream,712,0.9339132835459741,33.5235304677057,0.9729932955049475
stream,713,0.9344370311791796,35.738592290033466,0.9727090077067315
stream,714,0.934737423627164,38.18529928176032,0.9639092092469902
stream,715,0.9350581602915178,41.52743498988275,0.8261554951118374
stream,716,0.9347319521452074,40.40461870142025,0.9979260848845729
stream,717,0.9344168787835075,42.32881095062196,1.0570614236673497
stream,718,0.9339071742502666,41.89156340762528,1.1634335459717284
stream,719,0.9336094288648503,35.086785235016755,1.1912665286951387
stream,720,0.9331943545732035,30.68913543035699,1.2974319418870757
stream,721,0.9329435857372792,30.195049426808563,1.2259448397347321
stream,722,0.9327743624328778,30.2416205888021,1.2363864387961672
stream,723,0.9325697712444175,28.702667478722983,1.2242188861552246
stream,724,0.9326653420646678,27.203455962268475,1.2827772577925536
stream,725,0.9325624177515245,27.09760570713931,1.249376883808234
stream,726,0.9318415948409111,28.009055282664733,1.2958136862522056
stream,727,0.9313683082798836,27.394286385397113,1.4235207471633506
stream,728,0.9308622027183844,26.242597371479768,1.244119706452157
stream,729,0.9306211776762551,21.609384043463926,1.1939366844529806
stream,730,0.930685400295629,22.06083447480761,1.0755016123898373
stream,731,0.9311658498551542,23.00327513714041,1.0790319925436582
stream,732,0.9315193603688808,21.06055310943505,1.0635275868257925
stream,733,0.9317062868065096,19.131863329374415,1.0701006685952201
stream,734,0.9318547431727233,16.190405767106796,1.0617505673503647
stream,735,0.9323339306089605,14.53865367922775,1.116621658963962
stream,736,0.9326966929430901,15.128373878728608,0.9681357549796412
stream,737,0.9330447521470139,17.40079296179318,0.9525641626639364
stream,738,0.9332858563677512,17.41586342458238,0.9180186947605482
stream,739,0.9336860542066592,21.817772779768486,0.899819381883082
stream,740,0.9341452268837573,21.624035383450117,0.8528164497405563
stream,741,0.9347148871570082,21.851639559315583,0.8281479871709291
stream,742,0.9352894894412809,21.371295125136395,0.828148008139952
stream,743,0.9360492088959421,22.582712669341756,0.931460815664418
stream,744,0.9368635622248134,22.639351443274695,0.8883721095544418
stream,745,0.9376543324960411,22.865963137265332,0.9092811961343958
stream,746,0.938321186200344,20.104486392270502,0.8105194535780493
stream,747,0.9388287301485568,20.100602886621537,0.6533536758790147
stream,748,0.9392349645652208,19.84155270401165,0.6509651947334327
stream,749,0.9394055673370537,20.088918523145196,0.6605645247807282
stream,750,0.9391882662523185,22.333735122792284,0.6997897684191409
stream,751,0.9389055982739827,21.209456871650545,0.8512175641940094
stream,752,0.9387888009267321,23.80249042059959,0.9033165215530964
stream,753,0.9385684420735289,24.190589659495114,1.1348510288616
stream,754,0.938307498248041,24.265334654508173,1.235211454672708
stream,755,0.9382068268860705,23.239827765981175,1.1981469991585902
stream,756,0.938186441065067,23.826257809568062,1.1794420773336807
stream,757,0.9383107012184335,20.46275517141964,1.1125229479330425
stream,758,0.9383727745606507,20.347409654966057,1.0426161644110166
stream,759,0.9388373473315336,25.46712598671813,1.1942880866253045
stream,760,0.9392764381208001,25.489393489303335,1.3207945362525466
stream,761,0.9399515723458101,27.158302815821628,1.3298225035521152
stream,762,0.9405221948057857,27.167203782994413,1.3992903442473545
stream,763,0.9412156138406569,26.151285074073034,1.3392306566542718
stream,764,0.9420162542038217,27.061916792674182,1.3231365214439856
stream,765,0.9427971671194261,26.842832084459555,1.3193717512414223
stream,766,0.9433547503871293,28.4270479254866,1.4280003365959448
stream,767,0.9438988496662029,30.0915305380795,1.4252645829635764
stream,768,0.9446095846876743,32.78923779163113,1.703519244470215
stream,769,0.9451650710275235,33.82519950825378,1.986381267477297
stream,770,0.9455645043643707,33.59778268377152,1.9449403138113102
stream,771,0.9457696550508712,35.72714426502809,1.7816974558361156
stream,772,0.9459227675561411,33.507323245621805,1.7322564538314873
stream,773,0.9460594114803678,33.13796212668583,1.4901939528327197
stream,774,0.946496503526407,33.618950621842345,1.3960226264709295
stream,775,0.9472215708796141,31.595720990775256,1.4117297835454856
stream,776,0.9476915212765944,31.042653942662348,1.4369543564243543
stream,777,0.9480129811665288,30.09476036827592,1.4623901408366011
stream,778,0.9483421436531647,30.444198974524983,1.4685656078955835
stream,779,0.9483698581315118,23.19089141851012,1.239648382358579
stream,780,0.9480967220730581,22.6047610691475,1.1773248593836045
stream,781,0.9480614767033652,21.207983864393558,1.1744989654143367
stream,782,0.9480073519027438,22.53424684964778,1.2218693106224958
stream,783,0.9476087383135008,23.835113969104885,1.1821548413620784
stream,784,0.9470470142170287,23.287753808606983,1.203244930575459
stream,785,0.9465714754243119,23.487436464314356,1.2294019023422567
stream,786,0.9462620380784943,21.94397466657448,1.1222400043008687
stream,787,0.9459260006479179,20.309733452403155,1.1227645424341488
stream,788,0.9454268193523835,17.819815349703067,0.8415874607248015
stream,789,0.9456469978918205,19.796438131923892,0.6078278887647057
stream,790,0.9467842908987663,19.535226471023666,0.604922884675877
stream,791,0.9483332239783725,18.508382321596965,0.6066392753128719
stream,792,0.9499154875731687,19.499152337352793,0.578887498632839
stream,793,0.9516736486365862,20.91502435456082,0.5797546710240367
stream,794,0.9531801337578409,22.033730000182075,0.5740152694716251
stream,795,0.9548122830260197,23.856258978592656,0.5298854731069366
stream,796,0.9559689728139996,24.219241818287372,0.5074998972843853
stream,797,0.9567349978053454,26.363261586855277,0.4938616419578806
stream,798,0.9574138682841233,30.521000531986136,0.5030628815621416
stream,799,0.957955524183372,27.203384175591868,0.6426398722786728
stream,800,0.9582704828021478,27.2126662668538,0.5061805640219287
stream,801,0.9584989425191632,26.812422558626288,0.5151013594085444
stream,802,0.9585767252195152,25.455220680198337,0.39192548690204176
stream,803,0.9585483202043511,23.49944779015706,0.3889756011059927
stream,804,0.9584517064187063,22.990471473298875,0.3741543906196535
stream,805,0.9582800072634109,22.899293799427163,0.32050199975244037
stream,806,0.9581529254316866,22.99140488977735,0.36155687775959455
stream,807,0.9580864050158592,24.05415149036122,0.4852326212687237
stream,808,0.9579176512179198,23.857259698030354,0.5116211192993806
stream,809,0.9575904123237602,20.696019594745916,0.47160356085233146
stream,810,0.9571763428162953,18.508761881355486,0.48045370804648185
stream,811,0.9567980678412464,18.168507482225614,0.5226708955619095
stream,812,0.9563535902061708,17.584060848784677,0.5226816053804443
stream,813,0.9558177551856432,16.047871482889775,0.6130977518182983
stream,814,0.9550971166110621,14.701157230299518,0.6142872886212681
stream,815,0.9544422764300897,12.848254880864294,0.6465103115386485
stream,816,0.9536243448769185,11.881690660974657,0.638068664903758
stream,817,0.9528734390462247,10.061314999441773,0.6531413895252295
stream,818,0.9522070458260684,5.486159576443881,0.6317362089813565
stream,819,0.9520388706951816,6.842776959585216,0.5399121913207472
stream,820,0.9516700416798958,12.310611253316445,0.5857520607870126
stream,821,0.951364788186468,12.511911694648168,0.6898322787177694
stream,822,0.9511464129152788,12.821145649036394,0.6858889248655576
stream,823,0.9515694634285518,16.055541875054203,0.8820687794441251
stream,824,0.9520875035359747,16.015134612686413,0.9920401464667127
stream,825,0.952588860448714,16.09323139546519,1.007261783919013
stream,826,0.9532149179327742,15.630765711716943,0.9700204487221157
stream,827,0.953975532684502,18.76030754278781,1.0603275751339403
stream,828,0.954705435244249,20.57784477836535,1.0583916820706498
stream,829,0.9554459947728783,21.291376599299348,1.0390746326294047
stream,830,0.9561557185225512,21.370228068657852,1.0358689304592803
stream,831,0.9567693915164274,20.466154461910694,0.9916784556567123
stream,832,0.9573522381355931,22.426024810808364,1.1021364517119063
stream,833,0.9577846973489269,22.820193833920605,1.028190209502052
stream,834,0.9581852514876549,24.264183543768855,1.19744375135174
stream,835,0.9586420290755638,24.70741913265262,1.3658433147515625
stream,836,0.9592097469665781,25.09364254155847,1.3657540923888507
stream,837,0.9598057224561213,24.769822669967425,1.3501948782447388
stream,838,0.9604089665725947,27.14098779881256,1.405982442203458
stream,839,0.9609072968197887,26.309795345507926,1.5281622197715181
stream,840,0.9612633065914798,21.43677907922807,1.5477115812226612
stream,841,0.9614153576894922,21.89152559794662,1.4269204571519818
stream,842,0.9612638789572163,27.532083456550158,1.5104412661627145
stream,843,0.9607525888986646,26.941241145707128,1.3298590363000693
stream,844,0.9600935405254717,26.997528778218733,1.3417682736812013
stream,845,0.9591746316797392,27.336448389276597,1.3498383817030954
stream,846,0.9583843540629257,29.013514786910278,1.5198826288155876
stream,847,0.9583101765709079,29.22210667860466,1.3316032694803162
stream,848,0.9581480398862544,27.554844038373766,1.513596202388396
stream,849,0.9583051669536533,28.093844627906545,1.6050032896991557
stream,850,0.9586576092981928,28.30151715796805,1.6045833712747521
stream,851,0.9591510098360252,31.131172618765774,1.657413055250304
stream,852,0.9596111361581872,29.151009613053894,1.7827573957185647
stream,853,0.9602255282590973,30.353388548001075,1.9620652892659791
stream,854,0.9607272790174183,28.18478937346748,1.848159255601481
stream,855,0.9611998929438099,27.921427768120903,1.6605257376347202
stream,856,0.9614636041269126,27.509280788333665,1.6638861588317833
stream,857,0.9614655989425352,27.498364042581997,1.6518292396640442
stream,858,0.9613433906840719,24.952742945771746,1.5993188025504166
stream,859,0.9611593342921719,24.44037669909864,1.3980157561913877
stream,860,0.960726636408576,25.110293250981965,1.3623522102125598
stream,861,0.9602499549045461,24.899574787948605,1.3734237917248044
stream,862,0.9599448783044177,21.216867085683084,1.3065359549711437
stream,863,0.9596925751881283,18.67711454673099,1.352564322184675
stream,864,0.9595550592211346,18.70457111411246,1.2268294511091076
stream,865,0.9594515863091112,18.148451016619088,1.2069276230983073
stream,866,0.9595078426336545,16.615299074319346,1.0362244135170655
stream,867,0.9595550859682828,12.242055536530124,1.0103234530503857
stream,868,0.9599364154740727,16.19884340114495,0.9083361404004752
stream,869,0.9603664846682698,16.459220703272944,1.219858913569752
stream,870,0.9607921753057943,16.43607711396316,1.2260597858784834
stream,871,0.9610723013292548,14.208364824495808,1.1752033891900717
stream,872,0.9614437011617726,13.482474565361457,0.9784655762059014
stream,873,0.9618578594893576,12.9730654037427,0.841753965160467
stream,874,0.9624527152647006,12.985349952027981,0.8337129208067766
stream,875,0.962530255283308,13.758816789661125,0.8498874833636187
stream,876,0.9630684185785502,13.886794106104503,0.9314715651792789
stream,877,0.9634911025544024,14.11461924314918,0.9522957308778386
stream,878,0.9642596057503121,15.015216279013998,1.0225629523614783
stream,879,0.9648331651710957,16.215415602613362,1.1792458130316144
stream,880,0.9652177736972383,15.621341705176711,1.1511033804375685
stream,881,0.9651317919289206,15.608930689278603,1.1421943711374516
stream,882,0.9651810466494575,13.610278295842283,1.1752172459055854
stream,883,0.9652190737841151,14.325904816715367,1.1913871604303403
stream,884,0.9649934774100051,14.307776573477769,1.2431389821170855
stream,885,0.9651497610056571,19.921736148616674,1.4140223584866736
stream,886,0.9653348651547623,19.835263793035438,1.5792765430658031
stream,887,0.9655192403491243,28.279119323230884,1.8430178758262472
stream,888,0.9656086756685688,24.163176636952965,2.0457880312944217
stream,889,0.9656501405745611,22.794633633323386,1.6560379227323128
stream,890,0.9657051144941474,22.60510595962198,1.647788433871066
stream,891,0.9658127336544942,21.99584784972902,1.6539582277511025
stream,892,0.9660101709288849,22.98021444725051,1.658388989146169
stream,893,0.9662683240261987,21.668756112988653,1.6424973130897265
stream,894,0.9665602023722547,21.70223905076193,1.5934957168414463
stream,895,0.9667417059557227,22.000472791686377,1.5997666820106857
stream,896,0.9668477318531544,21.876195187966726,1.56689259184875
stream,897,0.966973108175373,21.888638330837907,1.5515530670353883
stream,898,0.967059348676082,22.382074423045296,1.5690887458857694
stream,899,0.9672537811315235,21.17120291910863,1.4826974223642548
stream,900,0.9674474401040554,11711.357542182446,354.8034739214134
stream,901,0.967602817533031,28882.55715917417,392.59492712623444
stream,902,0.9678055293142729,42139.22663855903,402.03841453292273
stream,903,0.9675474351146491,45143.79300262546,532.9829574419646
stream,904,0.967859045439187,45558.59596347937,576.512019213353
stream,905,0.9682654375871242,45612.53136817719,581.9553008935151
stream,906,0.9683867797507034,45613.45700300956,583.3997716536866
stream,907,0.9682860173244772,45606.33924195573,583.1359661590038
stream,908,0.9680598087838012,45606.338802296275,582.8698017520483
stream,909,0.9677158406599096,45606.661560842,582.880526852451
stream,910,0.9672027852781762,45606.723085660386,582.8813728864266
stream,911,0.9664849358439245,45606.771775561276,582.8874253985488
stream,912,0.9647763017671408,45606.787737490624,582.9105887238225
stream,913,0.9635271763826384,45612.46544588472,583.2357676782633
stream,914,0.9625122583496378,45613.8967746215,583.2915128012089
stream,915,0.958843767159695,45643.579153430765,584.9653160006264
stream,916,0.9548134163569559,45645.197882333254,586.6526130234282
stream,917,0.9497442894771609,45644.95882233594,586.7205920994803
stream,918,0.9440453570141305,45643.670267893765,586.6299165143258
stream,919,0.9292177338725571,157071.83848062248,590.0968285018447
stream,920,0.9146228859844334,145380.95686932938,247.60293366525505
stream,921,0.935191808788154,130398.38388700738,222.4604092849002
stream,922,0.9336810923979966,119934.4705165292,214.24066166852148
stream,923,0.9333023105100026,120610.3636364464,85.49366199846483
stream,924,0.9335378601038407,123895.71781065677,41.909101673286415
stream,925,0.934248588047294,126925.39914656193,37.32598915643836
stream,926,0.9372571865912959,128738.15522917765,41.90926372581365
stream,927,0.9390597569864005,129684.29182227675,47.06874297147017
stream,928,0.9384436054048085,130110.11040050004,50.7483320876412
stream,929,0.9359845194366301,130308.48644833981,52.2496721501419
stream,930,0.9339472373914511,130362.53544962691,53.97975659968236
stream,931,0.9596136332159265,284446.47345088085,518.4471954278583
stream,932,0.9585352890398695,284445.580360335,566.4231939557751
stream,933,0.9543452956323198,286257.5002457467,764.1584587854807
stream,934,0.9522718495013897,286407.6958779642,797.4051978568201
stream,935,0.9515955725124519,286392.78425266227,798.2011225569753
stream,936,0.9513930681394553,286393.6984469368,796.6346378190732
stream,937,0.9522453302795685,286397.05318038585,796.5666587279375
stream,938,0.9534806606344518,286399.2458300283,796.5675508801588
stream,939,0.9544526197461283,174971.12332306098,793.0595200728148
stream,940,0.9558257933986893,174973.70809881965,782.3127335146886
stream,941,0.9574254235674211,172785.42253384145,769.6710547475913
stream,942,0.9596976231284038,169993.88171708974,768.4047662287893
stream,943,0.9613333200647743,166312.7787313309,766.1410058489014
stream,944,0.9631154046468546,162612.55793818872,766.1486068476764
stream,945,0.9648701736509723,159523.53444585734,765.114164386306
stream,946,0.9655427013619026,157711.0887006083,758.9228837281233
stream,947,0.9653702658291019,156764.7199831693,753.9676633637628
stream,948,0.9646002974825013,156339.13236836868,750.3431539002821
stream,949,0.9639898560765489,156141.6327590815,748.8332441147398
stream,950,0.9635622202547149,156087.43395884152,747.1543263227641
stream,951,0.9634408400000465,2003.558270021444,282.679788569753
stream,952,0.9631224538772817,2003.425128716939,234.6496767827952
stream,953,0.9628616363392222,185.80928223609595,36.546873302794026
stream,954,0.9629577708049695,35.18699138606904,3.2868544303746328
stream,955,0.9633913833852543,19.213782802906778,0.8072455039211958
stream,956,0.9640502492835517,16.69106896738197,0.6359566520755369
stream,957,0.9647289180415161,13.419445561063702,0.6350933612203592
stream,958,0.965438986216955,11.200872953352047,0.6469975042542233
stream,959,0.9663940234973369,11.158662984051253,0.6205537279785236
stream,960,0.966981464192918,8.830043628561551,0.5581520029565495
stream,961,0.9676100127095959,7.932266091171217,0.5537413027286558
stream,962,0.96828340945454,6.63230604596548,0.5578787554925406
stream,963,0.9688724276457081,6.83884678127441,0.5457171922582054
stream,964,0.9693013804959217,7.679223549345745,0.5379139748508719
stream,965,0.9694918615016299,7.470589593039142,0.5854099558659572
stream,966,0.9696652902334452,7.132077454207657,0.6100123826479934
stream,967,0.969562363599408,6.213458620889755,0.5217462287098753
stream,968,0.9693078295285401,6.086979630223505,0.44671871636544075
stream,969,0.9687817135149314,4.617857554122034,0.433429365280106
stream,970,0.9680192883205055,5.091214456478779,0.4066955661004888
stream,971,0.966671621124705,4.999920316542416,0.41766635579411604
stream,972,0.9648433717242006,5.108939907156417,0.41766639921040805
stream,973,0.962812099970602,5.442961257031216,0.42397878444149323
stream,974,0.9602829836161638,4.392190031751042,0.3822593456667495
stream,975,0.9581734099789431,4.597182419931631,0.37123279345894733
stream,976,0.9556350217995147,5.803403723299592,0.4471252901677575
stream,977,0.9533899546052192,6.054486663303283,0.5662722970208972
stream,978,0.9501405314843219,5.936065731541872,0.5587562324680838
stream,979,0.9479102649332075,5.948571309928426,0.5577044426544313
stream,980,0.946200037706369,5.820236925571615,0.5401607836448904
stream,981,0.9437353332758196,6.111260595830117,0.5549676931561446
stream,982,0.9412011892657357,5.95668649411152,0.5700403724713361
stream,983,0.9393540861416116,5.680415361744671,0.5728343854682231
stream,984,0.9377658793147854,4.8487445266744515,0.5752788548023886
stream,985,0.9365622345395326,4.893534431041549,0.5314475541748873
stream,986,0.9355713571764144,3.999198332398646,0.5015326016667139
stream,987,0.9355064887427169,4.666200373761747,0.42778861683417757
stream,988,0.9354997072376163,4.5613979312439685,0.461912067433779
stream,989,0.93506161504237,4.550065808897565,0.45886111209301383
stream,990,0.9356107279226847,4.151458654042088,0.434720565699648
stream,991,0.935293868328457,4.492661730325378,0.4384104078760744
stream,992,0.9346827287579401,4.7195700867579,0.49028984187933833
stream,993,0.9345943820589303,4.429555409814716,0.5002141918188066
stream,994,0.9329259337954176,4.436062903196761,0.5034363623181517
stream,995,0.9307042858956696,4.505117934024377,0.49594535292314973
stream,996,0.9292517366813546,3.308782800635462,0.44547805279059816
stream,997,0.9284771000282356,4.013523921527142,0.34381618357962657
stream,998,0.9278332211985266,4.362765344281453,0.4605356644082141
stream,999,0.9267536570773516,4.921170106518332,0.45656652719954194
stream,1000,0.9260337367378639,4.795587185260557,0.4674442980052988
stream,1001,0.9258150360911817,5.402632080310657,0.4760580672686737
stream,1002,0.9252655947561877,5.472618888582139,0.46942485761418934
stream,1003,0.925142369283603,5.374698723002111,0.4667486192575026
stream,1004,0.924954108703822,5.639483819935228,0.49179950193401
stream,1005,0.924571339206927,6.033134550155068,0.48784457703224476
stream,1006,0.9245741179545524,7.021246862757473,0.5798144434735811
stream,1007,0.9242447811006136,7.0157394794916605,0.6539319095038466
stream,1008,0.9242173123739423,7.133292930956057,0.6560134379263185
stream,1009,0.9241242093958685,7.152831456494534,0.6570186024760457
stream,1010,0.9238390977326717,7.132466362861976,0.6536323986117227
stream,1011,0.9234697093080572,6.807804203131461,0.6321319980537786
stream,1012,0.9230547952578034,6.510201134533685,0.5733166786757531
stream,1013,0.9227014814133173,6.993041509469743,0.5599309594660525
stream,1014,0.9220310344545559,7.717997208449487,0.6194358866408484
stream,1015,0.9212940267581993,7.485662238607637,0.6296805509818189
stream,1016,0.9206285326185992,7.497933481743942,0.6194224081772615
stream,1017,0.9195483231979096,6.844896586738594,0.6156898221790142
stream,1018,0.91843223069038,7.492509838689616,0.558761735221392
stream,1019,0.9170928089426864,7.060082480516023,0.5728652528355443
stream,1020,0.9160934132083246,8.784468754933332,0.6868099440160792
stream,1021,0.9148490095210593,7.892264949969998,0.7155048336861127
stream,1022,0.914177431853208,7.960104062588711,0.6955461472026612
stream,1023,0.9125681885979495,8.161007502952533,0.7523141977624057
stream,1024,0.9109368512154778,7.888926683549666,0.7246546869786467
stream,1025,0.9096822652588283,7.836246049907947,0.730886555933703
stream,1026,0.9079432753854036,6.787766888708698,0.666356837887032
stream,1027,0.9054565018328238,6.194151116881831,0.5586919160473999
stream,1028,0.9030153043418901,6.238567286612119,0.5496245412686869
stream,1029,0.900494762083523,6.233018133144392,0.5504393702410297
stream,1030,0.8979858969261656,6.212589607197022,0.545682457187011
stream,1031,0.8960331329527721,6.176195522885085,0.5498134787006295
stream,1032,0.8931067672187153,6.119596392212909,0.5446095409593409
stream,1033,0.890340267401811,5.7239029878095,0.54730253328889
stream,1034,0.8868720702844631,5.022498256325299,0.48445054478001803
stream,1035,0.8836412048327104,5.010875611458011,0.47209424009393797
stream,1036,0.879492249055304,5.057476133064985,0.462791600129582
stream,1037,0.8755742211225079,4.704337173345823,0.4455560097450622
stream,1038,0.8714701767715788,3.830509276719237,0.3953884676108386
stream,1039,0.8669106711737417,4.0913317422922075,0.38495076700919956
stream,1040,0.8636962103917231,3.733856525367387,0.37467470334000286
stream,1041,0.860448944472638,4.798827294942923,0.5485653592099774
stream,1042,0.8589544551936151,4.638702474066718,0.5814777670536116
stream,1043,0.8588432330211591,4.735716603942976,0.5262097060537997
stream,1044,0.8584309171196306,4.739127356141451,0.5598053648307648
stream,1045,0.858544047416463,5.070098990536633,0.5758303440103482
stream,1046,0.8579480396834079,5.393042574617805,0.649943752874676
stream,1047,0.8566432900766104,5.044847370398378,0.6435441846249293
stream,1048,0.8557418490823337,5.34043591490731,0.6099035634352231
stream,1049,0.8533920328165723,6.5308903627007195,0.72146060151277
stream,1050,0.8514578440973495,7.8231129247108955,0.8732714958933052
stream,1051,0.8497114292048159,8.374645675653113,1.020268407820794
stream,1052,0.84868175706186,8.396112079345395,1.0335326830298148
stream,1053,0.8476696896323109,8.534519096130444,1.054641263836975
stream,1054,0.8465501410639056,8.511088965234512,1.0553609231056948
stream,1055,0.8458018988433781,8.829595241794772,1.0650960692291724
stream,1056,0.8445569317308559,9.194167895396038,1.152721694948278
stream,1057,0.8433846923901648,9.527175046593454,1.1896653387182563
stream,1058,0.841650716697613,9.70215346586817,1.2511974178363272
stream,1059,0.839811873704765,9.296533281059128,1.249886840040775
stream,1060,0.8379290751173579,8.201364101340037,1.1373425463056852
stream,1061,0.8361562093202097,7.404980179696896,0.9070004411476393
stream,1062,0.8341326885747088,7.400555685065294,0.8885888370457508
stream,1063,0.831962200602936,7.122081424649406,0.8963072273850424
stream,1064,0.8297068012570004,7.386599656291288,0.8650345254876586
stream,1065,0.8277387620578032,6.7343872087197525,0.8429607999054596
stream,1066,0.825911671955325,6.436483371260283,0.7422208382922569
stream,1067,0.8242322001490797,6.4346868138623075,0.7395919689847498
stream,1068,0.8227138030104433,6.127905741557228,0.7345683073628662
stream,1069,0.8209366835367051,5.690550789157079,0.6773202967791938
stream,1070,0.818638320266295,4.469978021422767,0.5944507745243426
stream,1071,0.8157742875179828,4.333402854554497,0.477138128728897
stream,1072,0.8125274457703165,5.01639392244182,0.4634563785260153
stream,1073,0.8107239531434652,5.329212825210643,0.5425609633265479
stream,1074,0.8094331203536655,5.439336431944691,0.5431069498102503
stream,1075,0.8083814743437341,5.069016660345872,0.5331436721282402
stream,1076,0.8071978719422408,4.955194308473879,0.43814900890930303
stream,1077,0.8068552635380027,4.9168886982693065,0.47118282057154626
stream,1078,0.8060918104272439,4.711101566510705,0.39442905896196173
stream,1079,0.8042123013886021,5.784559479035552,0.44313910607524
stream,1080,0.8023401447135838,5.616442001627662,0.510216399276302
stream,1081,0.8006755452353859,5.498175150857539,0.5247439581587917
stream,1082,0.798041337221367,5.619473252029934,0.530043141191759
stream,1083,0.7959794122120301,6.006261912714384,0.55555825930133
stream,1084,0.7939351401223235,5.770077706650988,0.6028247628568556
stream,1085,0.7921610959520562,5.835241403549761,0.6037668203984413
stream,1086,0.790148545555813,5.814144105228606,0.6018102513156688
stream,1087,0.7879242014365343,5.976325934456951,0.6129175612353562
stream,1088,0.7864549446220317,6.0608071419443945,0.6067905730158824
stream,1089,0.7844712685852058,5.4379247131125314,0.5717693737400229
stream,1090,0.7822085846027621,5.48106263364036,0.5033382542616399
stream,1091,0.7808496152428724,5.571372916154152,0.5134564570743549
stream,1092,0.7790089420317455,4.8758545105173585,0.524247688636726
stream,1093,0.7772295868148507,4.574370110482027,0.42083387988398374
stream,1094,0.7752209431746387,4.482454594763152,0.4265657968418841
stream,1095,0.7737121395344511,4.519884757155418,0.422140721115462
stream,1096,0.7722715139424369,4.19589407326631,0.4234752341201514
stream,1097,0.7711949837977903,4.549477331781965,0.4020882513873276
stream,1098,0.770097699423395,4.681830899450532,0.45175829406957724
stream,1099,0.7693834846424407,4.385456524027398,0.4674777622810573
stream,1100,0.7690584636039044,4.324041873823357,0.40446858948444303
stream,1101,0.7685974642579688,4.7165169788800245,0.4103328383969157
stream,1102,0.7681578660414828,4.6206478208108335,0.4432102714046513
stream,1103,0.7680867075923694,4.765009014800398,0.42683747467300703
stream,1104,0.7680460179812825,4.873610392531917,0.40638489675092404
stream,1105,0.7680040192131747,4.875350121917765,0.40572473942106263
stream,1106,0.767926397042259,5.009180890035487,0.445681780793889
stream,1107,0.7675990120500004,4.946535431663182,0.44626502663166495
stream,1108,0.7673620371785435,4.71041589300426,0.4499155291414594
stream,1109,0.7668932839578647,4.617276025427963,0.4321048748214042
stream,1110,0.7661299167516659,4.586081176931901,0.43569824273945873
stream,1111,0.765585512606107,5.027715780798899,0.4630515258306648
stream,1112,0.7648250285702676,5.101771434002009,0.5091782929087728
stream,1113,0.7641524041026984,5.013115979282953,0.5300980855899848
stream,1114,0.7631985997415889,5.066352146487726,0.5500956951772661
stream,1115,0.761865066891403,5.003169140861037,0.5506453202912165
stream,1116,0.7610082911654844,6.824690280434186,0.6501101340313477
stream,1117,0.759833693182643,6.326141164882405,0.7136335314696782
stream,1118,0.758068629702217,6.71113762693868,0.6673533889589126
stream,1119,0.7560885521386219,5.935568563405925,0.612231762795901
stream,1120,0.7542493476008484,6.112554140765955,0.6122317641488753
stream,1121,0.7523034479130505,5.564906793581838,0.6009073288628731
stream,1122,0.750680083033795,5.610274173319301,0.5476054050222561
stream,1123,0.7487067615030876,5.1192276212493155,0.5458675790297848
stream,1124,0.7464519172544318,5.026296611795865,0.5166046018630861
stream,1125,0.7441953554743874,5.065466761557833,0.5198877595116373
stream,1126,0.7421373078740375,4.918073041568996,0.4870436495728653
stream,1127,0.7398505196466806,4.934656031142938,0.485558786576834
stream,1128,0.7387024641797119,5.131761037683616,0.49415566639159814
stream,1129,0.7371423262407496,5.46271370746805,0.5436775170850533
stream,1130,0.7357607325905205,5.668769773383163,0.5830799767573053
stream,1131,0.7343464881049281,4.74038125034347,0.5446086424897087
stream,1132,0.7325501404915543,4.745844577648279,0.4907534804478195
stream,1133,0.7308072187237167,4.5627952871837865,0.46713585061323687
stream,1134,0.7291172029753274,4.995894202021636,0.44885741212275415
stream,1135,0.7263386098788913,5.76354088553495,0.5569994778981745
stream,1136,0.7229155465274052,3.939655552041609,0.4660029196909214
stream,1137,0.7195166958187043,3.904296949720323,0.3600841459386276
stream,1138,0.7158022655201808,3.4340576218215295,0.377851409338941
stream,1139,0.711943573179722,3.5745940951174417,0.3862908735004903
stream,1140,0.7072230248326806,3.4365463365627886,0.3965581271455462
stream,1141,0.7021019104744494,3.4795259597891848,0.39349787826273824
stream,1142,0.6956267168056128,3.8568742433217387,0.43356071353950054
stream,1143,0.6888015869498282,3.738055809178649,0.44545736781614026
stream,1144,0.6816052174309524,3.757723941789877,0.4466219221604386
stream,1145,0.6761246141272181,4.753693955973649,0.4590760499268147
stream,1146,0.6704722544208145,4.7666582437597205,0.5092842600313725
stream,1147,0.6659935126428789,4.982927162438384,0.5148514650591085
stream,1148,0.6615227933978275,4.847320239444901,0.5200966029912795
stream,1149,0.6574369881297496,4.463909662406411,0.47296944218822107
stream,1150,0.6532731572361026,4.174520031852765,0.43168660102049744
stream,1151,0.6504943264814179,4.162608160805958,0.4056190172672331
stream,1152,0.6486842450077402,4.34010349829928,0.4066610073438917
stream,1153,0.6467675546341906,4.68689256121249,0.4053762643534205
stream,1154,0.6448162295692655,4.306444044068217,0.39792517629872143
stream,1155,0.6429636763136817,3.6201724618728672,0.31399543821592946
stream,1156,0.641291324355029,3.612910845605862,0.30792158701274447
stream,1157,0.6402784937153002,3.555433260197214,0.30192884076981036
stream,1158,0.6377854392137239,3.6652922848436935,0.30257473840648264
stream,1159,0.6339813147370108,3.5244332833910077,0.2868340789072436
stream,1160,0.6298805895009407,3.5864568058158173,0.2782273915449414
stream,1161,0.6246077697073024,3.6937121192064164,0.29373559546681927
stream,1162,0.621308374051289,4.610257889331482,0.35403671063334524
stream,1163,0.6169099978558106,4.60542406780977,0.36774376949097654
stream,1164,0.6133183071614652,4.74454268038297,0.3772205915768351
stream,1165,0.6104151008076827,3.6353971631463406,0.36199239287865076
stream,1166,0.6078192578176045,4.70241624414129,0.35292497131531453
stream,1167,0.6061062083278319,4.393585405168764,0.3943052775092062
stream,1168,0.6040165126829394,5.5602760649729,0.4245408159410399
stream,1169,0.6037437716289293,5.676277414359676,0.4951256295416486
stream,1170,0.6035793799218222,6.203062181378104,0.5011445455945037
stream,1171,0.6038355796280318,6.26838808331562,0.5411243146738619
stream,1172,0.6045884869385709,6.373402488717236,0.5642305786958707
stream,1173,0.6041154562008124,6.31335370358598,0.6148823160762587
stream,1174,0.6040430128488157,6.489072721664396,0.6649412684923179
stream,1175,0.6036416296224527,6.569829930603822,0.6411213588287543
stream,1176,0.6021227129617546,8.029852731599208,0.7378444719107405
stream,1177,0.6003427687488689,8.250712127487457,0.753281851890653
stream,1178,0.5988816646203897,8.003723022194276,0.740513134691313
stream,1179,0.5972887261435148,8.200261343950954,0.7446086074383219
stream,1180,0.5958644595086569,8.07735252361675,0.7503665038655299
stream,1181,0.5948676702826445,8.138572820839443,0.7316880577892682
stream,1182,0.5928431359643859,7.746144841657076,0.7082859631567767
stream,1183,0.589109585845484,8.342293563112237,0.667883961908043
stream,1184,0.5861666912768331,8.580040023005646,0.7495168542692052
stream,1185,0.5838019476927712,8.664304278072407,0.7522909247357994
stream,1186,0.5812348309085761,7.597272266753466,0.7042774818138248
stream,1187,0.5776596336218837,7.713040631540296,0.6557423329462786
stream,1188,0.5728168498720869,6.660578319207572,0.6051845150796926
stream,1189,0.5684509433479319,6.605746196372977,0.5566489110301553
stream,1190,0.5675915814486987,7.705146382332465,0.5907820540272531
stream,1191,0.564218827310087,8.49756442859782,0.7148818644684782
stream,1192,0.5592534776651387,8.30445910282319,0.7002280501729764
stream,1193,0.5536685034922271,8.067370785241263,0.6508192850836704
stream,1194,0.5492507604901391,7.9805765378215145,0.6223005084091322
stream,1195,0.5455342916211895,7.899533289333393,0.6219080961374387
stream,1196,0.5405911930049666,6.5177712759397926,0.5418453843870104
stream,1197,0.533212582705394,6.8087607958436305,0.5396519717151462
stream,1198,0.5260002372371142,6.808764132897358,0.5530760993322056
stream,1199,0.5198855699687311,6.710041609167023,0.5464277702052005
stream,1200,0.5136432900797961,6.709161062842921,0.5309158597717201
stream,1201,0.5059942984612381,6.810425220574469,0.5448380392149471
stream,1202,0.49729695467979446,6.257664684136535,0.46744080481111666
stream,1203,0.49141527572451477,7.2795624856191,0.6003541011473685
stream,1204,0.48558297249385934,6.838320077134271,0.5590214381286647
stream,1205,0.48023463013162154,6.715458939722418,0.5556347982004008
stream,1206,0.475286225894795,6.755704593607446,0.5554800657528669
stream,1207,0.46835425022543076,7.411613527296695,0.6029767731019898
stream,1208,0.46201309633629983,7.25176981504302,0.6525461153814985
stream,1209,0.4567331054387104,7.192936967104257,0.6250691363274186
stream,1210,0.45248315434601494,5.784081876966612,0.5972815555725989
stream,1211,0.4467393705171769,5.121890340214582,0.45413156360686696
stream,1212,0.4416710863850501,5.071086655620031,0.4664962201993842
stream,1213,0.4369899235143725,5.063073968828411,0.4741151550332149
stream,1214,0.43086864001840497,5.0614114686617215,0.4510880719550777
stream,1215,0.4247222246914858,5.083881777156964,0.45093333332762614
stream,1216,0.4194339255710474,5.160857015923255,0.45334151656779986
stream,1217,0.41414876957413793,4.567961368210016,0.44852402663793234
stream,1218,0.4102984252181418,4.8608222479780965,0.4358572353642271
stream,1219,0.40610118990453964,4.767360124745929,0.44522479794324343
stream,1220,0.4013405258853706,4.945463879361646,0.45045390346688274
stream,1221,0.3964547618891567,4.661142887055261,0.4357930642191006
stream,1222,0.39290952040980875,4.522938387763292,0.4620103398691262
stream,1223,0.3895902326250964,2.918313975508554,0.3325015617948729
stream,1224,0.3861631199601162,3.0469596096893037,0.2885079370081276
stream,1225,0.38266733262655306,3.0451346096184952,0.29959505898367494
stream,1226,0.3795148052001096,2.992367596489846,0.3013021233700885
stream,1227,0.3759704953938666,2.3609257591635884,0.25975013418873605
stream,1228,0.3727456555458877,2.3969178423842985,0.22062244144074628
stream,1229,0.3694990625131049,2.609255936301516,0.22166090867441837
stream,1230,0.3667742472385714,2.5720309511646104,0.20712551341352403
stream,1231,0.3635926008495729,2.7399524339817574,0.2280860306482782
stream,1232,0.36051959374972276,2.609034300841737,0.22242461408290592
stream,1233,0.3575723858051415,2.5770727568474077,0.21775914779389413
stream,1234,0.3543808815734983,2.3902627460229433,0.21755566774934842
stream,1235,0.3512010473379762,2.286122975101327,0.2194266924274631
stream,1236,0.3484118204844357,2.3508598241136696,0.20589634654663502
stream,1237,0.34612157855421916,3.6813641584010783,0.30394074064898413
stream,1238,0.34404785637262597,3.5234079704388126,0.3770823318005472
stream,1239,0.34221290838970414,3.5458974981415023,0.36503851998646397
stream,1240,0.3406657362894914,3.437977011439637,0.36790284392120026
stream,1241,0.339340504610444,3.4499558914483317,0.36620070845753266
stream,1242,0.33822989957745714,3.203471369107096,0.33997269358271576
stream,1243,0.3373685559491162,3.3151183797717674,0.35080623590887805
stream,1244,0.33662255979336864,3.1870937033489075,0.3451857827957739
stream,1245,0.3358647755201392,3.177721842367916,0.33359912184074386
stream,1246,0.3350808001343012,3.2693107945874615,0.34053239504148775
stream,1247,0.3345388549683104,3.131508113017861,0.3259517827614184
stream,1248,0.334219769611066,3.1974599734907923,0.31449315528188454
stream,1249,0.33420893216797126,3.5264956824695304,0.3539988651723738
stream,1250,0.33439182056773664,3.8423773401479355,0.35506936087473034
stream,1251,0.33458378539745415,3.482317160539876,0.33249171032415625
stream,1252,0.334810619541791,3.5243126104256963,0.313284709587468
stream,1253,0.3351843954803438,5.172299865200829,0.36791420561340765
stream,1254,0.33567368668552916,5.658897899108342,0.5110132677972111
stream,1255,0.33649331840993285,5.9067959276942466,0.5112404591613472
stream,1256,0.33747882102952304,6.286088733184707,0.5619553908998205
stream,1257,0.3383982389749713,5.164957398114344,0.5002870800832757
stream,1258,0.3394495362057615,5.942716154463279,0.5093378216723937
stream,1259,0.34011019788698876,6.493305729738527,0.5993067951230037
stream,1260,0.34091162011959836,6.400602401347256,0.622569236823123
stream,1261,0.34146670671787144,6.672581427218084,0.6285430773370715
stream,1262,0.3418371031874464,6.70097014539476,0.67082914115408
stream,1263,0.3419793921995192,7.207739789864247,0.6936929773574557
stream,1264,0.34223126476805255,7.2038272798206435,0.7178309933288297
stream,1265,0.3425047719468325,7.21202085008282,0.7207037098043816
stream,1266,0.34283951896089976,7.193827290298955,0.7116684760974745
stream,1267,0.34341335800852535,7.1811825032564585,0.7247110469798077
stream,1268,0.34380553910010053,7.629623694209354,0.7500683982028076
stream,1269,0.34424047528016966,7.086213757156096,0.7316549785375901
stream,1270,0.3447535524869887,6.546445595594228,0.7306808663383909
stream,1271,0.34534764514937616,6.536471705246586,0.704370785540304
stream,1272,0.3456564730697431,6.506808002238967,0.7043184629970193
stream,1273,0.3460294466414447,4.83886809069096,0.6464238565668745
stream,1274,0.34638637619815416,4.324172533659863,0.5035032119859701
stream,1275,0.346889656691695,4.162372745570354,0.5015597288137998
stream,1276,0.34733544112569287,5.003150288291075,0.5150770601364423
stream,1277,0.34748689872408556,4.839077664994994,0.535750497076677
stream,1278,0.34745861700927483,3.920647429257637,0.4474311433553335
stream,1279,0.34715945367453793,3.518737798388123,0.3626912760662587
stream,1280,0.34698691626495,3.906766886112385,0.3772303269886294
stream,1281,0.34622131189731487,3.7776411080199077,0.40666450587045305
stream,1282,0.3451048548176392,4.454031280444159,0.36846329572190467
stream,1283,0.3435734794550538,4.66396519277784,0.4517612058717577
stream,1284,0.34144657045780147,4.688688005231019,0.43932194988971085
stream,1285,0.33875835778251007,5.054489181129935,0.44458160557927173
stream,1286,0.3361183421176888,6.213178632135618,0.5550824844767601
stream,1287,0.3332303933828637,6.715733640281921,0.6817688988266148
stream,1288,0.33060501704516654,7.2982855582870405,0.7641017471746601
stream,1289,0.3277537068478252,7.634019201999553,0.8327977481641679
stream,1290,0.3247316803352034,7.689377285262146,0.8425517624143828
stream,1291,0.32169070999391103,8.047340182445595,0.8766167853322135
stream,1292,0.31857249008499156,8.436016262672046,0.9284485233464637
stream,1293,0.3155134450592063,8.464408973897939,0.9367989981572904
stream,1294,0.31292534223547924,8.581390407477492,0.9526397663171443
stream,1295,0.31026482389385135,9.105788890002424,0.9914822454028017
stream,1296,0.30810325985361575,7.998620091715696,0.9825965084785224
stream,1297,0.3064649359242946,8.222648486728716,0.9161545303063575
stream,1298,0.30414289248183335,8.772964723048316,0.974290733254768
stream,1299,0.3021621664904166,8.693600800227292,1.0079881510041073
stream,1300,0.3003269544412333,8.53364244043242,0.9619552299894125
stream,1301,0.29809266677374907,8.764298394296112,0.9752887493598779
stream,1302,0.29487347138357917,8.275677530697134,1.0146208234437601
stream,1303,0.29137606227828083,8.336198388952518,0.8937239448205285
stream,1304,0.28727202798752716,9.982618167896725,1.0696774771075332
stream,1305,0.28298169845101373,9.842484976868475,1.1610526361678863
stream,1306,0.27831692056836144,8.629816200421788,1.061817250645582
stream,1307,0.27358395802412994,8.109056550669552,0.9261847818971704
stream,1308,0.26887538910425773,7.047720284258261,0.8183863944589739
stream,1309,0.26429839165347296,6.998346718797306,0.7311817273280418
stream,1310,0.25977940127835164,6.990486154240355,0.746893223540826
stream,1311,0.25594765098850153,6.9114754521529855,0.7175028113182736
stream,1312,0.2517178455731064,7.328391353033179,0.7314993131975923
stream,1313,0.2474828945270858,7.370573480998027,0.7527610000733286
stream,1314,0.2436781567289511,7.266739988012838,0.7430543558311649
stream,1315,0.23990822915429508,6.646756032813591,0.7051145640913605
stream,1316,0.2362014520478714,6.481588779192883,0.6430547975585047
stream,1317,0.2331362104612358,6.307122799366915,0.6702962986028891
stream,1318,0.23083378917225267,5.7716318867145775,0.608313374296355
stream,1319,0.22919524619728845,5.674713861673171,0.5694950414885784
stream,1320,0.22816050729326728,5.48899803816082,0.574782199523301
stream,1321,0.2274278918779609,5.074817999636399,0.524970170320279
stream,1322,0.22709268339380326,4.947908971420801,0.4900056278141271
stream,1323,0.2270908389184893,4.774083251159046,0.5250602702162702
stream,1324,0.2277403282423199,3.5276602908881944,0.43510514114114357
stream,1325,0.22893948646315568,3.294021494432518,0.3394837897538523
stream,1326,0.2307228470716268,3.319367981259152,0.32816126307007515
stream,1327,0.2322632874600034,3.3447416420031755,0.3361295959614642
stream,1328,0.23330483070755678,4.117339550431139,0.3700531092129418
stream,1329,0.23364131763229126,4.659631065983231,0.5590983722915328
stream,1330,0.23307074230486782,4.839491115806163,0.5779049664022611
stream,1331,0.23221265158298549,4.584094958855975,0.5830173234208141
stream,1332,0.23118768178636545,3.792992684381844,0.5307419414446447
stream,1333,0.23039877120851807,3.7477441183642473,0.5008562085734798
stream,1334,0.2293873320883499,4.124923268207204,0.5105628013662064
stream,1335,0.22870888219108473,4.639917725987139,0.5884146070592114
stream,1336,0.22838196969186333,4.538776691464358,0.6159254011409417
stream,1337,0.2286375958567722,4.503114910145072,0.5882259787718317
stream,1338,0.22869690659903197,5.6916720861335826,0.6857732974741249
stream,1339,0.2288396406359875,6.192688934704525,0.7809487423232772
stream,1340,0.2286255924020332,6.185077373041153,0.8079345746041907
stream,1341,0.22817969224754778,6.4023820308306965,0.8145266095935528
stream,1342,0.22785537453325636,6.663009872225737,0.8384656515681392
stream,1343,0.22762896471752558,6.0655837247395805,0.8072326380423939
stream,1344,0.22729520814493598,5.655294654826894,0.7221247964652066
stream,1345,0.22662026670631932,5.913136431190315,0.7252326790862128
stream,1346,0.2256968535135449,5.881582813539037,0.7306604453671359
stream,1347,0.2253206973704913,7.144658967459704,0.7611893283553766
stream,1348,0.2253563435157548,6.366343116209022,0.7626123810750063
stream,1349,0.22454985510605407,6.596901625786651,0.6456557716978025
stream,1350,0.22339663251653577,6.378392316823605,0.6447410806065018
stream,1351,0.22181457871500274,6.500519159934298,0.6423216883832549
stream,1352,0.22081614418004963,6.586728230695125,0.6424493875198094
stream,1353,0.21989943037833068,6.561770301471735,0.6433842981954947
stream,1354,0.21898219327117233,6.2585037240874115,0.6290555422129538
stream,1355,0.2182382801535133,5.73932182500167,0.5575626843094115
stream,1356,0.21785207123019096,5.815985037414759,0.5341319069385747
stream,1357,0.2166068308801341,7.4148930065004475,0.6388244783618855
stream,1358,0.2157984726497407,6.75318172035002,0.7049627090900484
stream,1359,0.21617335574061886,7.338053129830787,0.6177725385414162
stream,1360,0.21613161545454518,7.350642806443053,0.6139721235585442
stream,1361,0.21641451217058263,7.200408625043153,0.6089764817157683
stream,1362,0.21567134265354398,7.07778978690799,0.6057202047803113
stream,1363,0.21466576755742653,8.156351576283535,0.6183430154085495
stream,1364,0.21473579572462548,8.836252850363078,0.72249107293418
stream,1365,0.21523060225730853,8.58392855183859,0.7485586384937686
stream,1366,0.21505755096743473,8.571180392129921,0.7472439787471843
stream,1367,0.21498730616702588,7.7637556697624,0.71498474866764
stream,1368,0.21466747366786856,8.47001263725183,0.7943510106342754
stream,1369,0.21447912652413256,7.407221937650555,0.7266076237784773
stream,1370,0.21385901151065345,7.39341979614518,0.6832014387594638
stream,1371,0.2135572575577594,7.414223510896635,0.67698654300303
stream,1372,0.21335236083294698,7.561145207215616,0.7013098722421341
stream,1373,0.21316952976491807,7.6322949241712905,0.6995863965790503
stream,1374,0.2132891949406503,7.548298569904411,0.6975891550556712
stream,1375,0.21459302982589631,7.655639228083774,0.6942029695048871
stream,1376,0.21609141163310555,7.565693103903213,0.7090652890166644
stream,1377,0.21803851818082956,5.921301933216842,0.605480217421872
stream,1378,0.22107905367224212,5.614184310764385,0.4416864743914638
stream,1379,0.2251964172827616,4.732395297948915,0.43604206640372234
stream,1380,0.2288559876023267,4.693579816208985,0.41692583105248304
stream,1381,0.23088762931889786,4.7378144940807525,0.42640939558222574
stream,1382,0.232638856460102,4.483990420940475,0.3976240093753729
stream,1383,0.23405807459421754,3.2844850152369545,0.38031707723996006
stream,1384,0.23455268708500224,2.668721092903369,0.2706450279083342
stream,1385,0.23427853440210578,2.805609642005781,0.2512532481507165
stream,1386,0.23271508223600973,2.877892315556788,0.2704277046363807
stream,1387,0.23029780166722788,2.397995346571859,0.260438192330778
stream,1388,0.22705913253704252,2.477211164887121,0.17480100085924677
stream,1389,0.22437528228039952,2.7263981852026635,0.23016745830501795
stream,1390,0.22241305791835522,3.4709606078557007,0.23171622983147466
stream,1391,0.22108260915036218,4.184630463436724,0.3560008188195386
stream,1392,0.2209668981458181,4.105481716491165,0.3254659026162297
stream,1393,0.221667452362857,4.03383358902484,0.32783902338631066
stream,1394,0.2228808895385878,4.16805975438779,0.33046790337324927
stream,1395,0.22527786204622513,4.349739839013077,0.32635217122382193
stream,1396,0.22772972458883928,4.325440480554309,0.31934372899410696
stream,1397,0.2303458947517401,4.330493005212779,0.3231689243571666
stream,1398,0.23361231998052975,4.097479680610006,0.32303092786534915
stream,1399,0.2359423457838833,4.171572909767003,0.3360937809743768
stream,1400,0.2375208099633207,4.220046721206133,0.34307772142827686
stream,1401,0.23908891618003553,4.451433367497144,0.332826906084099
stream,1402,0.24066595367531005,4.828590635643911,0.3324771401571679
stream,1403,0.2411472401759123,5.0613790758648545,0.396298949439132
stream,1404,0.24015272867973667,5.9196122747035975,0.4034180331355364
stream,1405,0.2390315249998324,6.181601063666545,0.46723469620666425
stream,1406,0.2377142725879269,6.109978165493989,0.4699896053655948
stream,1407,0.2346763065683927,6.229394749908062,0.48475688417659485
stream,1408,0.23124541377832883,5.45532770050269,0.4702527309760978
stream,1409,0.22878285799267253,5.745525049859252,0.4071794284403743
stream,1410,0.22521279995462265,5.105683196354929,0.4553950277478307
stream,1411,0.22438973896087022,5.52482102185248,0.3969028543227626
stream,1412,0.22288161306638643,5.9451446706988005,0.5341051705523917
stream,1413,0.2196249283822391,6.260111342806751,0.5316963424820582
stream,1414,0.216441444955783,6.257964129782729,0.5393841071613711
stream,1415,0.21192737322507849,6.165579589324643,0.5679672011663053
stream,1416,0.2071162195919917,6.1348810501339095,0.5552101545611469
stream,1417,0.2029305635357561,6.109512854309772,0.5504820364076711
stream,1418,0.2019046757703846,6.6949193750899845,0.5558491704010982
stream,1419,0.19993088790354888,6.422816092299284,0.5920203351566985
stream,1420,0.1968986648414015,6.373616730438604,0.5756943118754749
stream,1421,0.19111456715161612,6.491141711780804,0.613672025082129
stream,1422,0.18203124703386656,6.900072006593002,0.6176864674940065
stream,1423,0.17923211710181314,8.209419980773177,0.683768670503663
stream,1424,0.17680466162747696,7.26891784975455,0.7370492923715818
stream,1425,0.17487025709962342,6.854758479183492,0.6636557173134481
stream,1426,0.17557785586771457,7.28147945841598,0.6451892478824344
stream,1427,0.17503723117963402,7.407849233483789,0.6990111122827584
stream,1428,0.17345446005694196,7.454050360722074,0.685725381608735
stream,1429,0.17398008876196833,7.265062430936261,0.6959801513339114
stream,1430,0.17352411268140497,7.226240311223044,0.6858397884704793
stream,1431,0.17184513691753794,6.023783869586426,0.6214853201398647
stream,1432,0.17079963264402329,5.4359494749774555,0.4781272992391245
stream,1433,0.17223589008937143,5.8307095549337085,0.4961697634502472
stream,1434,0.1725091425898464,5.753165379978747,0.5328126769148787
stream,1435,0.17139475970857238,5.903074901971735,0.5102327733171499
stream,1436,0.1700015712613554,5.945935873043861,0.5098783168096511
stream,1437,0.16976938141441938,6.167862007039988,0.5174722048225223
stream,1438,0.16728925150545515,6.248733348482392,0.5892871383383952
stream,1439,0.1657347293343163,6.259517176712386,0.5668670712490854
stream,1440,0.16535966651124598,6.940100796951007,0.583193094530309
stream,1441,0.16256348373872348,8.601923168579273,0.7334624417475306
stream,1442,0.16080008284423644,9.642185563231594,1.055029835130472
stream,1443,0.158134331888043,8.141158839495333,1.0320999562015862
stream,1444,0.15577165648579708,8.283391576114335,0.9634155858073138
stream,1445,0.1530302035365997,8.297408180826427,0.9598472511269792
stream,1446,0.1517903425144852,8.128168991102832,0.9646754564578923
stream,1447,0.15225912138340217,8.026230063340195,0.8998378273399493
stream,1448,0.1529571428512135,9.264232705318964,0.9234971880997129
stream,1449,0.15311430564444134,10.785235066852628,1.1808010972871008
stream,1450,0.15358803067431806,10.75682566468134,1.175959361421853
stream,1451,0.15465840581979956,10.928670087941173,1.178424211978437
stream,1452,0.15587043642546677,11.066804990213624,1.179084233174529
stream,1453,0.15760075562743128,10.604702955826003,1.2016149881451834
stream,1454,0.15925981276450835,10.61199051012284,1.169884722527093
stream,1455,0.16109191795797115,10.362512833822013,1.191723637461383
stream,1456,0.16294549173609338,10.371634877413362,1.1959499812434593
stream,1457,0.16350192591109475,10.565506860585895,1.2304745306069307
stream,1458,0.1644369935839124,10.528518744377184,1.2225106928188947
stream,1459,0.16403509320812815,11.195091488345241,1.3064866553501973
stream,1460,0.16274222466620045,10.53675673582579,1.3004772792540784
stream,1461,0.16240062747970632,9.442092618177126,1.169574835547013
stream,1462,0.1618319648739504,7.613310060173549,0.8908883325245215
stream,1463,0.1604080452520541,7.822857144425914,0.7989611127545448
stream,1464,0.15952170974094754,7.766047513806042,0.819193497233258
stream,1465,0.1565264083020048,8.443316446016711,0.883093728721972
stream,1466,0.15219690470132854,8.249209213561327,0.8726379588548195
stream,1467,0.14499426072052346,8.607807423266657,0.8792110056995571
stream,1468,0.1383805680037561,7.290101580443669,0.9013392483887016
stream,1469,0.1356330128226834,6.538754959619682,0.6619135292956417
stream,1470,0.13269474903003037,6.55162827038964,0.6903642455282326
stream,1471,0.13048197155371785,6.285283389561741,0.6877354348688826
stream,1472,0.1292441489809501,6.147036042558656,0.6859108544102805
stream,1473,0.12894929377519565,5.959649904602896,0.6454613759661775
stream,1474,0.12912294105219696,5.963871527609717,0.6308482916322944
stream,1475,0.12987319491189336,5.93490598404554,0.6125956263434547
stream,1476,0.1285470943101184,6.378025419351257,0.612845131614714
stream,1477,0.12805200723111954,6.042663047033903,0.6061715739143504
stream,1478,0.12780991347378323,5.649548900307643,0.5379585161113308
stream,1479,0.1270283303223683,5.052588589838125,0.4501850868639208
stream,1480,0.12690039595564145,5.029305186749703,0.44321460484120956
stream,1481,0.1284017667818557,5.438077239914358,0.415915644439448
stream,1482,0.13001794598495953,5.577468557898844,0.4020034225287439
stream,1483,0.13150006524628172,5.3567102146133925,0.4036841561784941
stream,1484,0.13299454114696654,5.380614239683892,0.38497903441153597
stream,1485,0.1333366564035322,4.982613366652355,0.32552852313415537
stream,1486,0.13357175294324253,4.950334634404177,0.3283678897642848
stream,1487,0.13285659468752892,4.717556061225584,0.3226762403852922
stream,1488,0.13286654948432772,4.6733171234601905,0.2772848800301261
stream,1489,0.13323038129262973,3.562869846399162,0.24866893160547046
stream,1490,0.13463008513124874,3.7554400441743536,0.19480931512486022
stream,1491,0.1361556980595683,4.291549709066844,0.19439773829260495
stream,1492,0.1380340852989721,5.1469933498540605,0.30183690196050006
stream,1493,0.14111619972183312,5.087764783220032,0.3527785466742536
stream,1494,0.1435195591961304,5.638588130870911,0.37262662190291135
stream,1495,0.14612947509927465,5.56938316951278,0.38090546462990477
stream,1496,0.14887768295851744,5.092986784049212,0.37673752795704635
stream,1497,0.15256032224736643,5.1184610063922165,0.34486461009756625
stream,1498,0.1568703187160537,5.204335522167928,0.34393792202640355
stream,1499,0.16060520658840027,5.421405110550392,0.35914268646584246
stream,1500,0.16436060373678482,5.413507314140593,0.3780136051895858
stream,1501,0.1713355963221019,4.450999279060439,0.3686826402481792
stream,1502,0.17602540016153556,4.797804308053374,0.4131074467877095
stream,1503,0.1821700393496866,4.91220246408612,0.4602015577622275
stream,1504,0.19236119220304232,4.809728752519131,0.46085117451173935
stream,1505,0.19396890380912943,5.272855977890419,0.48913782365620473
stream,1506,0.19114615650401515,5.352459979453602,0.5050350194983466
stream,1507,0.19098496884360863,5.291115511997898,0.5292743304807812
stream,1508,0.18824994309750936,5.448977261809292,0.5599242455804789
stream,1509,0.19009997971484804,6.002267153248976,0.624307412718112
stream,1510,0.19448384284461648,5.962691786696351,0.6270265813371445
stream,1511,0.19499771773080277,5.79731073674409,0.6694251764504151
stream,1512,0.1962429943698687,5.113550335731964,0.612680615655366
stream,1513,0.19805864506938203,5.121951872630806,0.5710635883753837
stream,1514,0.20027392861697876,4.499721960269497,0.5516971619713379
stream,1515,0.19447805178002026,5.268090229952433,0.5589773830770921
stream,1516,0.18751471036710554,5.390073608450003,0.5702429315603563
stream,1517,0.1806026320719105,5.310206698677145,0.5855218252164895
stream,1518,0.1751086523384734,5.1562439552958175,0.5935757484998756
stream,1519,0.16528183379171524,4.920086150030076,0.5530315389292279
stream,1520,0.15678499003312307,4.954843714644119,0.5322657124025172
stream,1521,0.1681024681298666,4.5430349963792,0.5263302026908458
stream,1522,0.16605145815528666,4.111810213622419,0.45630208117516685
stream,1523,0.16261227994205352,4.736758158038983,0.3938888101418188
stream,1524,0.16111925293614104,4.73485369254668,0.42861322882259667
stream,1525,0.16190442210764142,4.980736668461407,0.46428286415045655
stream,1526,0.16400942621721445,4.86796139135798,0.460236692693675
stream,1527,0.16601302540395552,4.912282221340059,0.4357692494535061
stream,1528,0.1673669749275125,4.747655945800791,0.42063000797013417
stream,1529,0.16796972078080602,4.188398890263538,0.36058242661456097
stream,1530,0.1693531711285802,4.161343011004295,0.3566321078668477
stream,1531,0.20093658340526432,3.808200200618216,0.3228879956326423
stream,1532,0.2672873741336495,4.49366057046267,0.2917602745756537
stream,1533,0.24474951570836218,4.598029304373798,0.3458955604320527
stream,1534,0.20571589805044513,4.712586365062242,0.34492144173636907
stream,1535,0.1861129823929091,3.986084808063165,0.3331972863279505
stream,1536,0.17501439177806435,3.8551189887820265,0.32065783500852024
stream,1537,0.17025201146181315,3.8409614696492023,0.30357228927132757
stream,1538,0.16927300906673648,3.6824403471085585,0.29551836207774923
stream,1539,0.16982364318849932,3.9075875383632246,0.29836606653177894
stream,1540,0.17230086880550136,4.154585842675855,0.34200217937807437
stream,1541,0.1768839909436177,4.199083621872206,0.3264022126983753
stream,1542,0.18467484929288752,4.414388748867501,0.3288359263485534
stream,1543,0.19386765584665983,3.787321329889912,0.36653765018131984
stream,1544,0.20459511964518837,3.897892759272359,0.3295709363267321
stream,1545,0.21579139096014074,3.180893789870104,0.2705323222539308
stream,1546,0.22480940124370172,3.4332045403353733,0.31263610759895316
stream,1547,0.23771142630824837,3.2136855308345633,0.3078780152383044
stream,1548,0.24861835071463217,3.3589980837268785,0.29877877548634424
stream,1549,0.25494967403865876,3.9791754166518523,0.29914779401740643
stream,1550,0.2598823083458681,3.803129179331422,0.3158264398541229
stream,1551,0.26143543056749674,3.830804285406638,0.3060312074795379
stream,1552,0.2637062513877872,3.70254076379619,0.3251748344060307
stream,1553,0.263549807860863,3.6469262599799666,0.31979239979695245
stream,1554,0.26559011695001145,4.461352222749492,0.38519146878033755
stream,1555,0.26602773165418336,4.50439208754656,0.4304095437054148
stream,1556,0.26486601233778434,4.906526386124399,0.43255314328080535
stream,1557,0.26315056879429377,5.541780070229049,0.4308830536792872
stream,1558,0.25931501750810243,5.531406706761983,0.4470052205524443
stream,1559,0.25466667469902804,5.270386638032148,0.44429899306633747
stream,1560,0.24843975019854622,5.108347388055056,0.4032902895420084
stream,1561,0.23875848204885494,5.246656673052012,0.42629296673496875
stream,1562,0.23781099958091906,6.293631554532786,0.5023008396038331
stream,1563,0.24026745412180328,6.1774060458520434,0.49350404959089744
stream,1564,0.24301356914939504,6.7608286714222166,0.5341315048340738
stream,1565,0.2439153530627017,6.531649546007699,0.5353610393603044
stream,1566,0.25075903184110476,6.302941098639365,0.4874759022296032
stream,1567,0.2547074053267095,6.284951736777156,0.48752941803150185
stream,1568,0.25736334642153863,6.3906466234421915,0.4846651088515269
stream,1569,0.26373383340830653,5.862344337743912,0.502805645695437
stream,1570,0.26953887003295457,5.9420359815207595,0.4793192970115347
stream,1571,0.27479270808414785,5.9380333103168965,0.48590681587108947
stream,1572,0.280720943933019,5.282482709910821,0.4712844416531896
stream,1573,0.27767216424125046,5.818099499031458,0.4556591666266507
stream,1574,0.2841069402445396,5.882640908009144,0.5331282279319591
stream,1575,0.2831394614610086,6.1980154318209975,0.5465600147947056
stream,1576,0.29114613843788023,6.037525729415894,0.5947494285638909
stream,1577,0.294546411665144,5.445014652160512,0.6038705956889433
stream,1578,0.2982523896571888,5.472728641343779,0.6012120962645539
stream,1579,0.3001063912202158,5.627114483535226,0.6120438579954667
stream,1580,0.2993579311695718,5.8602036585019155,0.60866695530454
stream,1581,0.3016047924959225,6.806717917335069,0.7141573509392196
stream,1582,0.30221822007906823,5.709869950969946,0.708191836973832
stream,1583,0.30008546855337487,6.057287861477714,0.6777036503627664
stream,1584,0.2959012013301518,5.37931265023155,0.667619722506071
stream,1585,0.29219123758259463,5.486775912107977,0.6590852414232605
stream,1586,0.287391905709803,5.560080760658226,0.6479779305001904
stream,1587,0.2873007672930785,6.0989698746413765,0.651489214279555
stream,1588,0.2861712141467959,6.383937154809379,0.7248277423531913
stream,1589,0.28681729378422,6.51416315517108,0.7075504830459104
stream,1590,0.28203335707537863,6.781861551319362,0.7750573474431037
stream,1591,0.270836159593241,7.170880397789124,0.7677239398225499
stream,1592,0.25688428656506307,7.147010191770698,0.7488649280449274
stream,1593,0.25357301670056587,7.484223516887042,0.747083041718805
stream,1594,0.2509199820600613,6.618567162991038,0.6861835193141448
stream,1595,0.2522689910577153,6.34355159751384,0.6225215353049669
stream,1596,0.25308145460948633,6.1216569777946575,0.572292004890175
stream,1597,0.2508075207018653,6.108543730311336,0.5717682942690175
stream,1598,0.25039500720592417,6.085708534905872,0.5608692954210741
stream,1599,0.25224223886976166,5.966986501353377,0.5527437620091844
stream,1600,0.2530771879033648,5.769727478796899,0.5742590530134343
stream,1601,0.2525975153340551,4.691969495549077,0.4687686256957204
stream,1602,0.2515643677573058,4.540426881138419,0.3973651443512461
stream,1603,0.24993409392683122,4.146594292848549,0.3985748924013285
stream,1604,0.25004598569551084,4.591338825295483,0.3870992084014076
stream,1605,0.2510742156470545,4.428710028966463,0.3985670072486196
stream,1606,0.24938397966031636,4.773486422642469,0.4126075457638325
stream,1607,0.24906662203957206,4.270017762166101,0.4384556215551418
stream,1608,0.24841446245972673,3.7590347842511647,0.3653594690812714
stream,1609,0.24810753491671944,3.539687524733549,0.36256421165121516
stream,1610,0.24960257673225483,3.3080636803015624,0.29372282641822167
stream,1611,0.2502927461136907,2.99727448713462,0.31782405527902524
stream,1612,0.25061570675107553,2.938305972051182,0.3124450332332286
stream,1613,0.251533795860184,2.0253614158432827,0.27181749810408307
stream,1614,0.2531468626187157,1.9688334543087829,0.19097406533123476
stream,1615,0.25093172274562203,2.289865458214486,0.23178496358958886
stream,1616,0.2479476401801468,2.293486717783537,0.23360501804523334
stream,1617,0.2475104352414176,2.643720542756773,0.23329848382678314
stream,1618,0.2435909448760956,3.0839197653955646,0.32043416686768916
stream,1619,0.2428827970320879,3.7564554151425193,0.3853974803587567
stream,1620,0.2396221544912028,3.9845383536305627,0.4555784333546599
stream,1621,0.23805284954243508,4.095733921824819,0.47333408466722415
stream,1622,0.23574807525708347,4.016956410685613,0.48450809290652086
stream,1623,0.2321397948295193,4.098771690567827,0.48668822881471735
stream,1624,0.22500700288643077,4.267042436943237,0.4853495672122617
stream,1625,0.22347090203043998,6.160066028041741,0.6334648777463211
stream,1626,0.2197514304505921,5.982832476637677,0.7640706519572193
stream,1627,0.21589759447245335,5.93614154941828,0.7382882158998554
stream,1628,0.21637427911860246,6.752426287697344,0.7584576974185508
stream,1629,0.21444060719581942,7.077100897264239,0.8575729275953039
stream,1630,0.2106096396010527,7.0821131991806885,0.8574837053077632
stream,1631,0.21056602658712173,7.457974480463007,0.8611812387858756
stream,1632,0.2087169663769969,7.601253609026617,0.9278518044568592
stream,1633,0.20655193590737336,7.618165087491322,0.9294444911714226
stream,1634,0.20151558717141338,7.8589768741915895,0.9337908149654792
stream,1635,0.19643758428464395,7.416312314576253,0.8857572137305901
stream,1636,0.1954158216091424,7.920098847416854,0.8919664517457376
stream,1637,0.19140544580553867,7.694710602537072,0.9499928341608277
stream,1638,0.1861143890740773,7.622734545180485,0.8628010486101755
stream,1639,0.1868591826783775,6.951465280570872,0.7958750471278561
stream,1640,0.18539286469641267,8.138574867329915,0.7627355804859134
stream,1641,0.1865039044932302,8.043637983733863,0.8397542100696964
stream,1642,0.18770763464747753,8.057728254273508,0.8200457530313027
stream,1643,0.18798847615063108,7.97602755678374,0.8164239017923237
stream,1644,0.1870945967320714,7.345531347765012,0.8013281861534463
stream,1645,0.18377323355613198,5.468231565722905,0.6395862788221095
stream,1646,0.1797784843339349,5.601516851434339,0.4980375191624038
stream,1647,0.17567577943901644,6.042585625260084,0.4974699275801002
stream,1648,0.17257155573228966,6.026248244184169,0.6130519212595364
stream,1649,0.1720258979142557,5.804154124018145,0.5223597875859634
stream,1650,0.1701887072882234,5.990275951447391,0.5370692455029544
stream,1651,0.1696502236954271,6.0869231310987155,0.5792264161563598
stream,1652,0.16920325362754174,7.016171654074741,0.6219421267087737
stream,1653,0.16990122237392674,7.4873134660529335,0.7152524929443398
stream,1654,0.1710306391472548,7.241819097887495,0.7271180485863751
stream,1655,0.1717143820107484,7.291121847425916,0.7276674248106227
stream,1656,0.17355819863441188,6.910842943155037,0.7475076857897441
stream,1657,0.17635010199596096,6.743009680915417,0.682486967465056
stream,1658,0.17798885073207446,6.448607219476583,0.6825430699748021
stream,1659,0.17602694795872165,6.531276096669583,0.6815747314231031
stream,1660,0.17174878937474414,5.103699355808015,0.623895763685068
stream,1661,0.17220004246941986,4.976271596243692,0.5181301389180711
stream,1662,0.17502049390926736,5.208954600885194,0.5292552666525471
stream,1663,0.17660601956606736,5.309739142304627,0.52904826824164
stream,1664,0.17669588873367845,5.312503853194701,0.526254256354105
stream,1665,0.17541088051714707,5.565729107982679,0.5352886047432831
stream,1666,0.17491225537535046,5.570445867726168,0.5322184063495324
stream,1667,0.17110792463794489,6.264228829204649,0.6546011492135158
stream,1668,0.1651869640402496,5.465862292995456,0.5683402265437308
stream,1669,0.16858909376795383,7.184260533110477,0.5987973840184708
stream,1670,0.16614406328494966,8.410223005285971,0.8193591700374645
stream,1671,0.1660731467773381,7.903215968497627,0.7825393018226946
stream,1672,0.1699366115017576,6.848837714904484,0.6731613486295283
stream,1673,0.16892259884824437,6.52302643208908,0.5830518473773024
stream,1674,0.1688833254480187,7.321343115316627,0.6530835637828817
stream,1675,0.17067341656664212,7.273429360452731,0.6845739391786144
stream,1676,0.17406350506530083,7.400865032742588,0.6686467374079516
stream,1677,0.1771115428214643,8.253848706366288,0.7317116460139931
stream,1678,0.18275768161997186,8.747935861432,0.7293146842122521
stream,1679,0.19103741828439588,9.01933099342704,0.7969238401202434
stream,1680,0.19244545195341353,10.585568504888808,0.8169154534477241
stream,1681,0.19924317902351169,11.668922152184685,0.9449889446396768
stream,1682,0.2075304961404885,11.674063219557135,0.9560987099686625
stream,1683,0.21428332485798998,11.931732546120314,1.0250400784561766
stream,1684,0.22015609378601972,11.937650818546668,1.0303869869287836
stream,1685,0.22504688833556455,11.676131449511821,1.0242215594034834
stream,1686,0.22892833099325974,11.282689609644757,1.0327108168691683
stream,1687,0.232923812712226,10.179159143032091,0.9072771290855186
stream,1688,0.23343233086701906,10.385400293575142,0.8806496231261268
stream,1689,0.23606663666679703,8.672797295862809,0.8467952268907474
stream,1690,0.2386255767687965,7.139788378989716,0.6250661530478521
stream,1691,0.24307769873523044,7.201239527569161,0.5926759770312997
stream,1692,0.24619264847418315,7.242910821126946,0.6204205908699241
stream,1693,0.247252000266182,7.1079817896087185,0.6165583699571779
stream,1694,0.2471539226021817,6.265201949098003,0.5326045228595041
stream,1695,0.24542845635444893,6.271002263704048,0.502041922100955
stream,1696,0.24496511787276923,6.1799247290161325,0.4907990969715689
stream,1697,0.2471393981188216,5.366200330368715,0.43138333530028117
stream,1698,0.24682940897915048,4.837424705626341,0.44733782004032696
stream,1699,0.2462496265964682,4.907130945888579,0.4024346465762551
stream,1700,0.24789614862750833,3.283529793220382,0.3966364110196166
stream,1701,0.24935582510364676,2.5252312191125554,0.25652187373486274
stream,1702,0.24969266989617103,2.766067079084452,0.3214738984433203
stream,1703,0.2527592672300647,2.4072310042590606,0.25856935286428506
stream,1704,0.25514022847119433,2.408652734075544,0.25338299003038794
stream,1705,0.256957462329137,2.4321728669128873,0.2502106923922602
stream,1706,0.25985537127087266,2.699421554337759,0.24369134013611135
stream,1707,0.2615332970783724,2.773148636204025,0.24724424891605695
stream,1708,0.26268694333806775,2.5310634822433618,0.22899161883650535
stream,1709,0.2636969245681321,2.41611977150658,0.2233127443773209
stream,1710,0.2642633204616556,2.577621750977247,0.21123608811103817
stream,1711,0.2641146671400257,2.438164409068536,0.2271262289034072
stream,1712,0.2647928501287327,2.487138490339069,0.20320333464055562
stream,1713,0.2651405481594812,2.443388215994878,0.2041027327384259
stream,1714,0.2644332938778172,2.6525092690023864,0.21076972447291
stream,1715,0.26410789036950066,2.6419740965634433,0.21384244816298115
stream,1716,0.2617271613648242,2.485754533649445,0.21431335820768785
stream,1717,0.26134959613473624,2.759409837192814,0.221571565001771
stream,1718,0.2616771428867635,3.493061605035617,0.2757417590292466
stream,1719,0.2608731479424737,3.335656720043942,0.2578293249599217
stream,1720,0.25847688810625996,3.280718427428112,0.25098098230264176
stream,1721,0.25729672668890796,3.3722168233408913,0.2794333332930204
stream,1722,0.2564728545061742,3.1130233741175855,0.19285301221615017
stream,1723,0.2553581317984187,3.314404852493844,0.21331122257693833
stream,1724,0.2555909720704889,3.3393673437194002,0.23407951471905655
stream,1725,0.2539623109226511,3.3341068627582957,0.23495981523814938
stream,1726,0.25366319868108334,3.256940349784075,0.2538973593177396
stream,1727,0.25513919969036636,3.190388490272918,0.2507726980793873
stream,1728,0.2534110884006218,3.293490158226681,0.2491850824276845
stream,1729,0.2537309084087682,3.3371345674024036,0.2482870192348489
stream,1730,0.2511896428190639,3.1754845217673275,0.25119873012216354
stream,1731,0.2494930206102326,3.2029144322173955,0.24218123707558137
stream,1732,0.24961165159714663,3.103281972683815,0.2383511946339467
stream,1733,0.24947608489966963,3.1372672957169265,0.23748880049730928
stream,1734,0.2442114475197644,3.768366992265401,0.2394506752388757
stream,1735,0.24574949072892752,4.529251207570364,0.39656985108398446
stream,1736,0.24781598542916136,4.918321354286838,0.4651672600602701
stream,1737,0.24767011634146244,4.621312855928993,0.478928443553414
stream,1738,0.2506456417404174,3.901091929142898,0.41416707232968414
stream,1739,0.2514352888169884,3.6045461211914414,0.4127456583334544
stream,1740,0.25445708121220967,3.5749450626378447,0.40430633157672163
stream,1741,0.2555008071839655,3.2474923432089344,0.37592298132311586
stream,1742,0.260525506593713,3.32621145354196,0.3755661546166067
stream,1743,0.26565654637366615,3.3930999544987053,0.41687170628052717
stream,1744,0.26963819614510115,3.574908410198962,0.39829201375738144
stream,1745,0.26533490287082756,3.549150022198062,0.4003986423977024
stream,1746,0.2618115725596416,3.8126889333345297,0.39261390833553056
stream,1747,0.2536930804668552,3.7741882011515635,0.4221498697207967
stream,1748,0.2490701004939486,4.107063733146476,0.449002137480873
stream,1749,0.2414898832360922,5.377262000501776,0.5169572116636388
stream,1750,0.23138870907551742,5.579065484961557,0.5329022135380027
stream,1751,0.22639513953074467,6.4024857131617425,0.6202426900417457
stream,1752,0.2250969879396979,6.6768072704483,0.6211253463031452
stream,1753,0.22709192977317877,6.64122957921774,0.6260023539158066
stream,1754,0.23003386414276408,6.33916525424985,0.6195124251164199
stream,1755,0.23230874488363207,5.672343095231382,0.5029972368557613
stream,1756,0.23502996170681703,5.249282201524156,0.4359867796027547
stream,1757,0.23667204810671832,5.232562172987902,0.4132331426671111
stream,1758,0.24127834555110747,5.218311280117103,0.40825411985144006
stream,1759,0.2480541289476552,5.579595056204785,0.4058503171683602
stream,1760,0.2553465594913191,5.812208952694201,0.40677452919841645
stream,1761,0.26262905585890706,6.203549971843046,0.4767661079215901
stream,1762,0.2631359355646626,6.714562638695962,0.48212942707323286
stream,1763,0.264246852319781,6.446342326323611,0.43481812191779645
stream,1764,0.26616524596253743,6.6711016305220685,0.44715820886551033
stream,1765,0.26753394540132386,6.678935664440549,0.46314342538828845
stream,1766,0.2718378145025565,6.623358665027352,0.4636489454886686
stream,1767,0.27550395234689595,6.617383393090719,0.45101540571358434
stream,1768,0.27725819607078805,6.4068846302147335,0.4221644887746614
stream,1769,0.27594331840261915,5.277626232172517,0.3532103524296467
stream,1770,0.27491339513878715,5.156766214972786,0.3552829398795438
stream,1771,0.27354291150362553,4.299186350235009,0.2606046321744097
stream,1772,0.2730753672620983,4.145862050084981,0.2615538817216517
stream,1773,0.27197277365756345,4.17867552104871,0.26758901656039047
stream,1774,0.27028816882826956,3.6379847716762375,0.26230273056499576
stream,1775,0.27023393551402836,3.909468502269849,0.2224148150779619
stream,1776,0.26999693708647515,3.927556908626107,0.22343160362156506
stream,1777,0.2696289127667167,3.9396268006372344,0.21992867249420162
stream,1778,0.2652974756468263,5.991384804784145,0.3312109599978994
stream,1779,0.2599959711663193,5.599419059937919,0.3872293175935245
stream,1780,0.2525132799092215,5.407739890043025,0.39316956096739986
stream,1781,0.24581809254610446,5.024906969420131,0.32878061516231566
stream,1782,0.23765486953582102,4.385332815091521,0.3692040700067335
stream,1783,0.2334008385613048,4.816621329506266,0.38198639989724414
stream,1784,0.23257365548478465,4.679099649814956,0.3703278763687607
stream,1785,0.22970735911327667,4.7267491475299535,0.40505738346844644
stream,1786,0.2268062225017177,4.325425457290572,0.3918870698030469
stream,1787,0.22905250125974475,4.913739578974771,0.39441520674707653
stream,1788,0.22904891446920003,4.822306422134162,0.45001057241459846
stream,1789,0.2261409775538179,4.725218994749647,0.4501520533721471
stream,1790,0.22023822319639302,4.68920187015714,0.42991844958573994
stream,1791,0.2206927417350374,5.009981404175128,0.44698794911478473
stream,1792,0.2149338593775743,6.6239505421522455,0.6194123867077428
stream,1793,0.2159447143565935,7.01524412907889,0.7225731306825123
stream,1794,0.22096137344878425,8.04588564229837,0.7231727300971097
stream,1795,0.22682352966552616,7.685078055900857,0.7659403813555415
stream,1796,0.23147071584386447,7.700296663263397,0.7700940529843233
stream,1797,0.2357994331337173,8.39623922011156,0.8023170402011734
stream,1798,0.2410103878323192,7.271022076176555,0.7912928309038105
stream,1799,0.2414712404395903,7.27457932915091,0.7792269538972684
