segment,end_index,PW_WTC,E_CCDC,CD2_P
stream,0,,,
stream,1,,,
stream,2,,,
stream,3,,,
stream,4,,,
stream,5,,,
stream,6,,,
stream,7,,,
stream,8,,,
stream,9,,,
stream,10,,,
stream,11,,,
stream,12,,,
stream,13,,,
stream,14,,,
stream,15,,,
stream,16,,,
stream,17,,,
stream,18,,,
stream,19,,,
stream,20,,9.976695896957338,
stream,21,,9.811377849727076,0.7969809299673125
stream,22,,9.69783613382265,0.7669332225512133
stream,23,,9.683611532381592,0.8047723615953077
stream,24,,9.541859839861944,0.796686635490422
stream,25,,9.766831131504205,0.7921610045734095
stream,26,,9.92944332054097,0.8313637561365064
stream,27,,9.44969361495317,0.8442394284433986
stream,28,,9.1490028692106,0.765714581705237
stream,29,,10.179448890322421,0.7983593353539808
stream,30,,11.309103055887949,0.9813366021336709
stream,31,,10.580287318140737,0.9703518155790808
stream,32,,13.765217941075978,1.0805886715400637
stream,33,,11.294567820855704,1.1617030808057769
stream,34,,11.33425764896315,1.0614636559983275
stream,35,,11.58170002066348,1.0629447095483178
stream,36,,11.895992119529035,1.1024321756302702
stream,37,,9.539942482009195,1.096492522276431
stream,38,,9.47213265679814,0.9810622681090388
stream,39,,10.256245112010927,1.0023236602446035
stream,40,,10.436365403565466,1.0841525119411497
stream,41,,11.377802803749152,1.0408188156646732
stream,42,,12.253051302790958,0.944702075445121
stream,43,,12.263292358823843,0.9556313652052155
stream,44,,13.138299051363317,0.9872125327274506
stream,45,,12.871468069819448,1.0031337523409356
stream,46,,12.753796862564156,0.9683894770918517
stream,47,,12.699624949182594,0.9569719884071005
stream,48,,13.58878141433056,0.9791078709314741
stream,49,,12.96788199915618,1.0365347068897868
stream,50,,12.01905354853264,0.8533990253489311
stream,51,,14.588452640642993,1.0282479348890539
stream,52,,11.504420193488667,0.932512811650869
stream,53,,11.477382925144573,0.7699465475462398
stream,54,,13.34628882801532,0.8020539480815965
stream,55,,13.468480334350499,1.0004443586139529
stream,56,,12.916468825070956,0.915188205158072
stream,57,,13.595645262082005,0.9498006044868458
stream,58,,15.752430965766228,1.137770395850529
stream,59,,16.640796251571096,1.3840878368219214
stream,60,,17.8131895301983,1.5137868840203283
stream,61,,16.086080148832345,1.530702281416021
stream,62,,15.08811542939062,1.5575490876940323
stream,63,,15.061383522395078,1.5151534356964758
stream,64,,14.278689525151341,1.4739549230730646
stream,65,,14.760552793255078,1.4584031350309923
stream,66,,16.42881498456294,1.4671650591514878
stream,67,,16.452566926484618,1.5376513802760208
stream,68,,15.606552637355689,1.516524724998961
stream,69,,15.814619037705942,1.434921678843274
stream,70,,20.228608863519636,1.4964443739652407
stream,71,,17.645158859593295,1.5518506041314823
stream,72,,17.49566200486703,1.4909284844455961
stream,73,,20.779906229680407,1.600627473361987
stream,74,,19.911893682009435,1.5874926558281028
stream,75,,20.036290558092194,1.3800643926384213
stream,76,,22.71750577278357,1.3898953908472624
stream,77,,22.35585588227405,1.379255505104052
stream,78,,20.676717897348407,1.1892386979849319
stream,79,,19.125983055391828,0.9892007071075104
stream,80,,18.255246015145936,0.8241608283212674
stream,81,,18.35361449196234,0.7887558849237035
stream,82,,18.03064968975587,0.7796770932474685
stream,83,,18.31581977930516,0.7569788315546604
stream,84,,18.805223692456327,0.8257504414237808
stream,85,,18.763236455715393,0.9135715043588337
stream,86,,17.99140631046906,0.9893910401508308
stream,87,,18.171163747325878,1.0111730301276052
stream,88,,20.31739921854616,1.0425237424503326
stream,89,,19.74439310190782,1.0648005549126198
stream,90,,15.770372989975433,1.068122163309142
stream,91,,15.757293047825968,0.8770671676779374
stream,92,,16.51210007870351,0.8834014879620877
stream,93,,13.551488833066664,0.8332133961795228
stream,94,,12.523647488200929,0.8222963780177818
stream,95,,11.805768513279727,0.8294759097770261
stream,96,,10.044015944197943,0.8627745604747212
stream,97,,10.138944431529515,0.9172502683281203
stream,98,,10.369928075350007,1.0174678626804716
stream,99,,10.173120284018673,0.9983182939948801
stream,100,,9.720400698396803,0.9535683424692715
stream,101,,9.986967122902964,0.9817908056564346
stream,102,,11.986347773866331,1.123596846192291
stream,103,,11.822554124883656,1.2658118380673296
stream,104,,11.64624417853546,1.2627093030100722
stream,105,,11.461201843783627,1.2522907576446665
stream,106,,10.518524502885686,1.1675044735797835
stream,107,,10.552176686897356,1.1021159329604175
stream,108,,9.263739758574287,1.06985121067115
stream,109,,9.14518007585417,1.060732684666883
stream,110,,8.500199782616331,0.9946540973431911
stream,111,,8.937194703741874,0.9725982028244329
stream,112,,8.361509973277872,0.9730230865428993
stream,113,,7.977836992791327,0.9172654067012628
stream,114,,13.931672237250005,1.0758531205086466
stream,115,,14.024812242189544,1.3873682715518763
stream,116,,13.030879004629233,1.3475484841622003
stream,117,,12.595917239397112,1.253617850448068
stream,118,,14.479577825142425,1.2377283551754392
stream,119,,15.693676149529585,1.4935323438922024
stream,120,,16.668690780074687,1.6199882236084733
stream,121,,16.346005121915436,1.6233703712910488
stream,122,,14.194999078797357,1.46468744396566
stream,123,,17.496759230916982,1.4800478512386004
stream,124,,17.344392675137225,1.64942503950399
stream,125,,17.576242792817286,1.572022521934343
stream,126,,17.481622394761292,1.5804911013671712
stream,127,,17.331774838418678,1.5520747336455905
stream,128,,16.41215797996752,1.554195647915637
stream,129,,16.466022744927056,1.5292941557631445
stream,130,,18.66563995623864,1.6559306903854614
stream,131,,21.54866758561831,2.0356678371581793
stream,132,,21.368655321714236,2.1604940538548387
stream,133,,21.452872074368422,2.157774141617748
stream,134,,15.538991578972503,1.993464526632495
stream,135,,15.376456433963714,1.6753598446689453
stream,136,,16.733064785456776,1.7095758834639356
stream,137,,18.8168469121769,1.94990246110427
stream,138,,16.500615090917503,1.8910099594400709
stream,139,,15.486432409548103,1.5877242933173408
stream,140,,14.547709269122546,1.4607198212806347
stream,141,,15.418837980624007,1.479171933166746
stream,142,,16.551213801029615,1.4791719331667461
stream,143,,13.749031684588301,1.3198601191526964
stream,144,,13.394409740697435,1.092510540180404
stream,145,,13.569794583398636,1.14646189935546
stream,146,,13.77119233477998,1.1758421676818098
stream,147,,15.27026884016335,1.287722628798032
stream,148,,16.7769774246141,1.2806141907162611
stream,149,,16.72891271224676,1.312458537597522
stream,150,,14.518996689153296,1.1861315594671182
stream,151,,11.527165191370818,0.7839877701567782
stream,152,,11.953021361981223,0.7051118488186144
stream,153,,11.914571292061833,0.7367237458864045
stream,154,,12.310455890517344,0.7415723432132219
stream,155,,12.625917692844705,0.7410937346943918
stream,156,,11.62607680605588,0.6981017332889077
stream,157,,9.638500913565528,0.47870356418177995
stream,158,,10.256906364511856,0.5334737225735375
stream,159,,10.549502681756437,0.6300567138191073
stream,160,,11.248929751953058,0.6295630290648818
stream,161,,12.322982246960137,0.5791290574273158
stream,162,,11.182479855798599,0.6634625506162315
stream,163,,10.523479086334406,0.663141812986199
stream,164,,10.678825861065581,0.6600317923108069
stream,165,,11.054051426970544,0.6850656804272249
stream,166,,10.85025217074444,0.6952022473418593
stream,167,,10.442360582232823,0.6101937912506847
stream,168,,9.079773964039958,0.6362920175185727
stream,169,,10.06909878239839,0.6126711642366355
stream,170,,11.956195916208497,0.8381679429390189
stream,171,,11.615614534417428,0.9186427968597775
stream,172,,11.928560768104301,0.9279626353221969
stream,173,,13.729905655137065,1.0637302172641139
stream,174,,13.85736423822155,1.2191304513116268
stream,175,,15.927520292412483,1.2448581347209522
stream,176,,16.269401829115264,1.485963735163209
stream,177,,16.885045083996044,1.460512495354589
stream,178,,19.119599683711325,1.6040291545648648
stream,179,,18.91440534128688,1.5642587275846367
stream,180,,19.815996086621567,1.577872613413111
stream,181,,18.306271365966793,1.5907745227236123
stream,182,,19.598916671926077,1.5134687774376216
stream,183,,19.847218119895643,1.6111360301360125
stream,184,,19.872670150847824,1.6313327548533503
stream,185,,18.824061837776377,1.5588984309526954
stream,186,,18.968308691319343,1.512041424485412
stream,187,,17.978241468214744,1.5159737189826763
stream,188,,19.068279063160784,1.5059603294232693
stream,189,,18.145823151659428,1.514306321844433
stream,190,,19.524752011639897,1.3703288378433227
stream,191,,19.430871095828213,1.3881625834019973
stream,192,,18.733378985176824,1.3234878283057283
stream,193,,17.023168411524846,1.1765111674486881
stream,194,,17.92504728727254,1.0966467187371125
stream,195,,15.627671781855877,1.164148003238068
stream,196,,15.035364496666757,0.9240522140122062
stream,197,,14.500390175750965,0.9492990502479891
stream,198,,12.203950895458282,0.804912841559269
stream,199,,11.91967933073675,0.7717518049842615
stream,200,,10.65484436248819,0.7895433716970107
stream,201,,13.305926532538816,0.8249981378655243
stream,202,,12.062956454153879,0.9608659915736233
stream,203,,12.373592428526525,0.904176122548616
stream,204,,12.727836874817383,0.8776435061719544
stream,205,,12.789274107830563,0.9066110043750272
stream,206,,13.12450969458886,0.906937937433282
stream,207,,14.147607452553359,1.008571674888999
stream,208,,13.29032852759481,1.0784514311001714
stream,209,,13.19201721006929,1.081025822786896
stream,210,,10.11633564479017,1.0035150049820027
stream,211,,10.558976619889854,0.9284537794540891
stream,212,,10.836833312389885,1.002678763185476
stream,213,,10.704828167805415,0.990376228526158
stream,214,,10.504869554948737,0.9498312482261136
stream,215,,10.571932641011689,0.9507746592163868
stream,216,,10.459460624372843,0.9558998424096259
stream,217,,10.601215949644034,0.9500458668657216
stream,218,,10.001230933106577,0.9294662682732762
stream,219,,10.03885366949645,0.9060974275366814
stream,220,,9.94195251497143,0.8832630673890972
stream,221,,6.816039836480597,0.8399189529193202
stream,222,,7.039705095260615,0.7121974222978243
stream,223,,6.537901430296256,0.6720932549655579
stream,224,,6.973292236585577,0.6974247343566662
stream,225,,10.94243080676086,0.6985025084827717
stream,226,,10.590228190186432,0.7884638912668553
stream,227,,9.485717310559973,0.6525777643703217
stream,228,,11.149051776512211,0.6156976221276318
stream,229,,12.84951264786484,0.5955103732752296
stream,230,,13.083339668879827,0.6082308768185283
stream,231,,12.895150091294651,0.5711294316780872
stream,232,,12.777990562229977,0.4967740326807489
stream,233,,13.21646604938897,0.5277668090686036
stream,234,,11.93955331853797,0.5146504797498005
stream,235,,11.83602238007987,0.42449493667760846
stream,236,,12.37707819581617,0.4247400533281486
stream,237,,12.120699734061173,0.4168335369158367
stream,238,,13.015599443164179,0.41578056765909044
stream,239,,13.092609765711744,0.42838353886011554
stream,240,,16.77019768809472,0.5960698796694348
stream,241,,18.604931622973876,0.6071778911114882
stream,242,,20.940322748031612,0.5929660485749841
stream,243,,21.000641544188912,0.6435009279896761
stream,244,,21.65001787946496,0.7355424651391689
stream,245,,24.0468770455813,1.1732427476715381
stream,246,,25.304278856526896,1.1362802387243636
stream,247,,25.377232478833147,1.2308278851740142
stream,248,,23.44926794695754,1.1949817141487014
stream,249,,21.892266581204044,1.2164278804999036
stream,250,,23.250991228845393,1.2951240232268317
stream,251,,25.594316238525533,1.6680791557033618
stream,252,,25.71931995271574,1.7071895860312933
stream,253,,25.47881442481605,1.6889526129446777
stream,254,,26.897611356817556,1.7615211614873487
stream,255,,27.17864543791559,1.8641252248553843
stream,256,,26.691872053438388,1.8628910266146803
stream,257,,29.036471506514506,1.9197452292892707
stream,258,,27.902997545970106,1.9636450408689157
stream,259,,28.03540062111589,1.9622933370219515
stream,260,,24.13271722497859,1.819591283885764
stream,261,,22.304904549622655,1.8046310950471809
stream,262,,19.86151974174205,1.804883584189327
stream,263,,20.15512343173391,1.7915532050113632
stream,264,,18.663186888075366,1.7227317624083718
stream,265,,12.230637449290601,1.249112036907579
stream,266,,10.960282769536578,1.196113147210874
stream,267,,10.779853110487597,1.1050920166481384
stream,268,,10.747539594915269,1.099348992517821
stream,269,,11.466944925727732,1.1272557315514433
stream,270,,10.999192512287825,1.2476774593639557
stream,271,,9.39006289198254,0.874372485983117
stream,272,,11.59492351921103,1.0799548335376588
stream,273,,11.561789984074725,1.105768974909672
stream,274,,10.877460216184408,1.0518634066149706
stream,275,,12.657555207712125,0.9779130782897163
stream,276,,13.731219860342712,0.974560621213322
stream,277,,11.296945833618164,0.9446274343490908
stream,278,,11.421138009100218,0.8437880448838004
stream,279,,12.271098335231459,0.8456569721630585
stream,280,,12.93436788015876,0.9573575934769645
stream,281,,13.454231749223345,1.0460012472644888
stream,282,,13.770485734865591,1.108059218873988
stream,283,,13.60394316992976,1.1210954084049978
stream,284,,14.873355884817478,1.1869451796675277
stream,285,,16.05675754212123,1.1858989949564358
stream,286,,15.959794185186238,1.2407157250451295
stream,287,,15.957946419237201,1.237768559131914
stream,288,,16.50162789482594,1.271886061846814
stream,289,,15.664413879471626,1.258418209484282
stream,290,,14.563690469198457,1.045946701828887
stream,291,,13.560033616334303,1.0608342069461496
stream,292,,12.362599572340724,0.8663116421215715
stream,293,,12.24082264805452,0.8476485803832515
stream,294,,12.141698252474317,0.8377413811800871
stream,295,,10.194866433118893,0.8551805281937878
stream,296,,9.451163902654555,0.8954784064387958
stream,297,,10.007975969590872,0.8571119100600016
stream,298,,9.91300680284368,0.8802115007773974
stream,299,,8.850245609217069,0.8760279317901158
stream,300,,8.28926802122087,0.7428626934911013
stream,301,,8.109495339781667,0.6464355069162586
stream,302,,7.7344906143027305,0.6143572959788157
stream,303,,7.585457247451716,0.5622274383410854
stream,304,,6.198198976778539,0.4560344024715303
stream,305,,5.053270798365551,0.4606468766623813
stream,306,,6.468960058498525,0.44403451439331576
stream,307,,7.150737317956323,0.598834658055396
stream,308,,7.14015712548593,0.5567086139680992
stream,309,,7.733802920755912,0.5208235609458067
stream,310,,7.769004100214768,0.5791267118204482
stream,311,,7.965457994059568,0.60426989514084
stream,312,,6.681502735193804,0.5564859773898171
stream,313,,6.648398729493291,0.530437998790383
stream,314,,6.740109624047853,0.5268827359692317
stream,315,,7.201195383792025,0.4782939038752912
stream,316,,7.248759482969294,0.523023867476065
stream,317,,6.75600282174619,0.5666918281397162
stream,318,,7.089935498836189,0.5662184143316039
stream,319,,7.505796969319039,0.5586353225873275
stream,320,,10.88374289807897,0.775820330295061
stream,321,,10.534461952951963,0.8911604216489483
stream,322,,11.377458467554485,0.8957754846056756
stream,323,,11.304883803921191,0.9246525330707509
stream,324,,12.408229312363838,0.9481960706079909
stream,325,,13.1820704901723,0.9440700439636769
stream,326,,11.764342209681411,0.9248522898362461
stream,327,,11.2531573299104,0.7732719195745261
stream,328,,12.863448860958485,0.9009656499181764
stream,329,,12.957543242103911,0.913406399472473
stream,330,,12.741587144595952,0.8664115934555905
stream,331,,13.138724537463608,0.835840823406657
stream,332,,13.31522976827287,0.8858952854272765
stream,333,,13.323044733624192,0.8871267249536754
stream,334,,13.264892965119433,0.8722684890402208
stream,335,,12.73802907828571,0.9074932079975164
stream,336,,12.357369840410579,0.8274074723493793
stream,337,,12.579975807136039,0.800905216299128
stream,338,,12.988865961003267,0.8481399883879424
stream,339,,12.571896031837618,0.8817257442020683
stream,340,,8.941328756638423,0.651748024083502
stream,341,,9.007899208816031,0.5359192734490567
stream,342,,10.497832765748193,0.6531029632755874
stream,343,,10.873297258193604,0.6538513714558216
stream,344,,10.613690223322749,0.7222128735353447
stream,345,,11.014838150554914,0.7222128690827793
stream,346,,11.036021639857344,0.7375893473695957
stream,347,,10.861507618705202,0.7348985280762796
stream,348,,11.106007283582908,0.6828717267782803
stream,349,,10.925765874820991,0.8662117892659457
stream,350,,12.226265294248602,0.8569918754303781
stream,351,,11.80373730523078,0.9476593742754174
stream,352,,11.599297656736754,0.8969309071161243
stream,353,,11.590509252813524,0.8927377658094374
stream,354,,11.931124417120012,0.9016565901798962
stream,355,,11.822178842382662,0.8865932962709926
stream,356,,12.101415898780216,0.8916009026643105
stream,357,,13.779920583426101,0.8937871950316579
stream,358,,13.949055135631887,0.8319980655042182
stream,359,,14.03451775706502,0.8130758091277293
stream,360,,14.220700089873455,0.835171924917614
stream,361,,14.204552138966191,0.8556255384790408
stream,362,,11.86837867121181,0.7156691858343418
stream,363,,11.603063516495927,0.6950138406284663
stream,364,,10.8309564080511,0.597783286727245
stream,365,,9.63643591969505,0.5978846002943025
stream,366,,9.90421389614961,0.5589376379945589
stream,367,,9.994518836875157,0.5597140576485271
stream,368,,7.522590606511689,0.4875064858086739
stream,369,,7.100512510002454,0.2986432285859316
stream,370,,5.9808140600728175,0.31226275740225984
stream,371,,6.191399557586375,0.2129363540256658
stream,372,,6.440852310944842,0.27090200878848064
stream,373,,6.753673834117301,0.3127648052083622
stream,374,,8.301427230906047,0.465641864463073
stream,375,,9.064188966094163,0.6779171197586755
stream,376,,8.731612268761724,0.6974226972302505
stream,377,,6.775145017463725,0.6803573418761443
stream,378,,6.101586173758866,0.6773771505714848
stream,379,,6.881152941207804,0.6682200415474925
stream,380,,6.947403165925162,0.7238992330797454
stream,381,,14.816941713315451,1.117741268590676
stream,382,,16.06495758467871,1.6372854652076145
stream,383,,15.934439044723,1.7038496147203257
stream,384,,17.909817482742618,1.7864627092569085
stream,385,,18.24612794485662,1.8007141949396088
stream,386,,23.804531194720735,1.9155269354373503
stream,387,,23.759191419416123,2.0867072092956924
stream,388,,23.75789166241035,2.083312779044829
stream,389,,26.458973610475734,2.18040032849894
stream,390,,26.557960460836604,2.220842142529087
stream,391,,27.726053806525044,2.3609297594847347
stream,392,,27.622312818648783,2.4122540022628574
stream,393,,28.966887023106953,2.3862687625425285
stream,394,,26.456176056474753,2.2998645102225512
stream,395,,26.3048596336331,2.082328724509176
stream,396,,27.4818357052478,2.1756395732254945
stream,397,,27.70401307764079,2.1877757733606313
stream,398,,27.433281331238327,2.1911713121636676
stream,399,,26.566137915026204,2.1834885408171583
stream,400,,28.52080309446741,2.15702979956949
stream,401,,21.766187097160095,1.9794758016886407
stream,402,,23.221489951813684,1.4620687995454356
stream,403,,23.45753628900628,1.4282646278804925
stream,404,,21.49991311773287,1.3434286810762492
stream,405,,21.15176770286214,1.3312930599645154
stream,406,,15.646393486979013,1.2258608478162798
stream,407,,15.61475618179708,1.05937019935495
stream,408,,17.88298172589227,1.1349721993955515
stream,409,,16.359103190075174,1.0341409062775417
stream,410,,16.4083882760519,1.0520754356150328
stream,411,,17.06441080525524,1.0672041879523628
stream,412,,17.224827791864367,1.1133873095837588
stream,413,,15.572164598971998,1.109909659508199
stream,414,,15.53345955639763,1.0256951511828274
stream,415,,15.827595234682532,1.0396131044906693
stream,416,,14.81209925168591,0.991535249091151
stream,417,,14.798671154253533,1.017465669466872
stream,418,,15.236448233105872,1.009014909062779
stream,419,,15.21136053003744,1.0209461752712348
stream,420,,15.776464760977298,1.0536070739433712
stream,421,,14.789928884440453,0.9851146718942437
stream,422,,13.425621639620143,1.0408387423809156
stream,423,,13.885055893026527,1.003845937373108
stream,424,,14.292162466792158,1.0925542356368916
stream,425,,15.14360248845091,1.181581348508272
stream,426,,14.844948582023555,1.2216267423519573
stream,427,,14.864487389970739,1.2190496128169945
stream,428,,17.994949459216055,1.3112381852668904
stream,429,,16.98545073171952,1.428567187224856
stream,430,,17.86508170997365,1.3595290981154466
stream,431,,15.684572926929688,1.2600818320818368
stream,432,,15.680478531442347,1.1175762076544877
stream,433,,16.925041549224527,1.11470114362628
stream,434,,17.369471152953224,1.2216240354114418
stream,435,,16.57280163086327,1.2253182890860799
stream,436,,19.637044984658253,1.3118554907458106
stream,437,,23.02638323985278,1.7735607400892723
stream,438,,22.97068978727484,1.8243462587222945
stream,439,,26.08022484113175,1.8663663462116142
stream,440,,25.09691121680197,1.7916619239052887
stream,441,,29.26862845013821,1.647118501719055
stream,442,,28.345693549868496,1.6139730402008956
stream,443,,28.76527632127079,1.6141913094739602
stream,444,,28.28662431988988,1.5487814999390024
stream,445,,28.66397818538779,1.5086552723481916
stream,446,,28.91705800503194,1.5826751141660327
stream,447,,30.768383355693842,1.620344686429182
stream,448,,27.499170951635413,1.4526050524163865
stream,449,,30.15673115726013,1.3357871029060662
stream,450,,29.766445504145636,1.549340071261241
stream,451,,32.542512472796034,1.777912093662608
stream,452,,32.2211292881667,1.859208089595802
stream,453,,30.955500303593315,1.8564535189420048
stream,454,,30.903252360440447,1.7527530960112
stream,455,,31.583322889840904,1.7192816616111501
stream,456,,28.405076457332232,1.5769990961073175
stream,457,,25.30347592799305,1.1024820622023852
stream,458,,25.408943430744444,1.0516965435693628
stream,459,,22.293078346044318,1.0277113587417903
stream,460,,20.449890709216245,1.0184601481733457
stream,461,,16.105178505887196,0.9959734884181627
stream,462,,18.771452961681767,1.0703635827231983
stream,463,,18.200245514293318,1.295206059778581
stream,464,,18.268950595659145,1.313294743457447
stream,465,,18.344730610625128,1.2878451393658508
stream,466,,18.080563552211586,1.179683632939215
stream,467,,16.20543867585656,1.1404808661826993
stream,468,,16.951554006599793,1.2764469769370637
stream,469,,16.27871024523541,1.2727559550076155
stream,470,,15.419545522604583,1.1282410196602677
stream,471,,15.986026301395281,0.9387278318220889
stream,472,,16.177100416442787,1.0408826454833529
stream,473,,16.225890630101315,1.0559710040610968
stream,474,,15.823772105199534,1.0480499307786637
stream,475,,15.169739386667864,1.048086337134724
stream,476,,20.42321269441043,1.1374092573857573
stream,477,,20.575127748589402,1.2055616603072392
stream,478,,22.25202783483483,1.2157689568219554
stream,479,,22.476750382317277,1.221321282026641
stream,480,,22.479164382153748,1.2277612932514679
stream,481,,22.61048242762152,1.2315900825730406
stream,482,,19.675927864063393,1.1544255962280263
stream,483,,21.395788880434736,1.0510906406445193
stream,484,,21.927899767240994,1.2047045449859988
stream,485,,20.94540030907298,1.2321552713342856
stream,486,,23.139221516246817,1.2371277637851534
stream,487,,23.97555327622993,1.2487366536784228
stream,488,,21.832459448826704,1.1150924167940703
stream,489,,19.604551067680024,1.128383321220442
stream,490,,19.620921659473236,1.0524831950443099
stream,491,,17.89109614486583,0.9998159872675723
stream,492,,20.38232756426525,0.802921460471747
stream,493,,20.51075364562984,0.8551840326959135
stream,494,,20.62313595016108,0.8508228659640439
stream,495,,20.498182520581597,0.8542407429175549
stream,496,,15.50283936280583,0.7628958655644648
stream,497,,14.857179647448966,0.6711970311097953
stream,498,,13.062408445535285,0.6820730871770915
stream,499,,15.15756022255374,0.6872032281137779
stream,500,,17.399207826206286,0.6814097335158662
stream,501,,17.427886546158547,0.7229536474943951
stream,502,,18.764176835709375,0.7123154245647285
stream,503,,17.69120125272458,0.5857112805911102
stream,504,,18.230714447504194,0.3900060385545892
stream,505,,18.74889551793718,0.33641888480635945
stream,506,,17.27297271606504,0.31500512176441353
stream,507,,16.66030428011778,0.30369799657008395
stream,508,,16.687451815185877,0.31256849017645455
stream,509,,18.711121592219115,0.3080148579889488
stream,510,,19.01426909245397,0.3322979379296982
stream,511,,17.70483812266193,0.2902737835297052
stream,512,,15.293784796100185,0.2888967587897534
stream,513,,15.122809179390265,0.22278409885036507
stream,514,,15.043518985667504,0.23000498214369422
stream,515,,15.860077616790868,0.2661650474584232
stream,516,,18.77663122914801,0.2701182321025862
stream,517,,19.193107518476022,0.4696605023407492
stream,518,,21.22586725835372,0.6197835639345635
stream,519,,22.33146332334318,1.0209451781534995
stream,520,,20.0839447463402,1.1438336662242123
stream,521,,22.864994483587772,1.2237047992587304
stream,522,,23.862324506549555,1.199120111020533
stream,523,,23.299892202512407,1.2178776672300735
stream,524,,22.307434154526415,1.2223249420382112
stream,525,,21.88124347427298,1.2242343075111355
stream,526,,21.600716491424375,1.2243216377044588
stream,527,,21.422479272529376,1.2465658958637118
stream,528,,20.820469876385292,1.2486499921808236
stream,529,,21.03366582961277,1.282085787498981
stream,530,,21.379356131507013,1.270243364539163
stream,531,,27.174300115631656,1.3973937961944254
stream,532,,27.055275328983395,1.5314256243585622
stream,533,,27.515246614754435,1.527412127596893
stream,534,,27.485534730194065,1.5300301727171588
stream,535,,27.276504869989697,1.5291581741819409
stream,536,,24.31691958275107,1.5098396066396536
stream,537,,25.021860117154276,1.3191936526362003
stream,538,,23.066246136946987,1.2525879945225589
stream,539,,19.678260542723073,0.8394616885045953
stream,540,,24.748105712537125,0.9234451584561167
stream,541,,21.802662800353353,0.9874014665843205
stream,542,,19.459917416438465,0.9925126480435961
stream,543,,18.887414777380545,0.9866548327033099
stream,544,,18.711587203494865,0.9833214566928526
stream,545,,20.66170890922018,1.0653677771299197
stream,546,,20.24056505422485,1.1827408576021863
stream,547,,20.863377085269107,1.1630356985404122
stream,548,,21.674617463761344,1.2804745186582653
stream,549,,19.405009876548785,1.2651700550228726
stream,550,,23.072163026977066,1.3913731818003219
stream,551,,16.974298697811214,1.4443681202124095
stream,552,,17.587480211239605,1.3513359294248835
stream,553,,17.707025713421245,1.448919272478304
stream,554,,19.08142621816347,1.5668687148625176
stream,555,,18.56174906461437,1.5686223859271535
stream,556,,18.332261706846452,1.5652386420798692
stream,557,,17.42482848256463,1.5712728674511625
stream,558,,17.043757967885423,1.4658660431907389
stream,559,,17.55408309223196,1.4507591691795891
stream,560,,13.182362182824171,1.3259368511264478
stream,561,,13.196906900395382,1.1698331837229627
stream,562,,14.70605239989288,1.2373858599125145
stream,563,,14.660365985030005,1.2986157252900197
stream,564,,15.003371592731433,1.304976842293882
stream,565,,13.358041553379651,1.3144516298154585
stream,566,,13.330660284439578,1.2425109338320142
stream,567,,12.778487344637771,1.2392351528812289
stream,568,,11.81610854053636,1.1109061541198142
stream,569,,12.149078853561127,1.0950671466882327
stream,570,,7.98018178009653,0.9587883612732975
stream,571,,11.532599976110253,0.8474244138823924
stream,572,,10.771803441761968,0.927983046151879
stream,573,,10.699028197519759,0.842282187429263
stream,574,,9.33853051318877,0.7337955531104113
stream,575,,10.059989177226226,0.7270090093733418
stream,576,,10.13684866663417,0.7706769701626585
stream,577,,10.316554827191737,0.7568395891259869
stream,578,,10.25081184154115,0.7707732200459039
stream,579,,9.987763588313328,0.7648789034670141
stream,580,,9.315058903906822,0.6926054334003433
stream,581,,9.299925159129732,0.6624342782130828
stream,582,,7.798281864278401,0.5952179894565774
stream,583,,7.890151469962205,0.5218720566387214
stream,584,,7.572177428358993,0.5178216936219708
stream,585,,7.314872852155344,0.4638975510919462
stream,586,,7.27682218274134,0.42834265883326145
stream,587,,7.2324180815772765,0.42698356044964375
stream,588,,7.257637112067299,0.43413227222004014
stream,589,,11.515940329306495,0.6188895537902727
stream,590,,11.473016149070434,0.877737297926179
stream,591,,7.912923419202713,0.8113370832531078
stream,592,,8.122788042192667,0.6926957144831255
stream,593,,8.358503668224316,0.6790432046646152
stream,594,,8.50568007347936,0.6784185331127385
stream,595,,7.7139170730459155,0.6501399190730273
stream,596,,7.9424277406240185,0.6112523058520593
stream,597,,7.558770025536407,0.6176096005752816
stream,598,,8.031798387321704,0.6423253002650611
stream,599,0.9693479079888668,7.744554269020635,0.6434195543868038
stream,600,0.9697403240919737,8.623089088598567,0.6529864389142787
stream,601,0.9703538215006648,8.778089518556342,0.7267960864997953
stream,602,0.9708110137756818,8.72169321754248,0.7241865361669936
stream,603,0.9712561237631102,10.153261075625643,0.8245805897154919
stream,604,0.9717757930740725,10.549155158658005,0.9687034725551311
stream,605,0.9720508701377159,10.269910583131677,0.9299612022475876
stream,606,0.972325910921957,10.367824298487182,0.9200282840195462
stream,607,0.9726239288888262,11.670322535407555,0.9968906915697109
stream,608,0.9730096636736488,12.091486216978668,1.1077017073533062
stream,609,0.9731991623246673,8.657870043466978,1.0145239371487638
stream,610,0.9733207370308667,8.563642894693045,0.8020575227491334
stream,611,0.9734855936498968,9.241833812456639,0.8305045394595858
stream,612,0.9736408492118355,11.161955954640533,1.035691415566414
stream,613,0.973706888898021,16.95307910724171,1.0850272389741726
stream,614,0.9737874576485354,16.79976421169326,1.3500880003917057
stream,615,0.9737179881076617,17.85701342517884,1.383399448589934
stream,616,0.9733723756053665,17.745190249987516,1.3877218977469488
stream,617,0.9730995600606245,17.72584386177201,1.3858012390073393
stream,618,0.9729960729617394,17.391916010091887,1.351751481778338
stream,619,0.9729541031761789,18.02196134821493,1.3469258732532479
stream,620,0.973119274321633,17.158393683871882,1.3382697274948998
stream,621,0.9733087801821866,17.371260564179618,1.2647517060747198
stream,622,0.9736806384626591,18.518388411093802,1.3921234492612433
stream,623,0.9739630537967527,16.997158108823513,1.3529013088816741
stream,624,0.9738921108299389,16.583370211328443,1.2118375066569667
stream,625,0.973350795500201,17.27134945951078,1.245547020261129
stream,626,0.9728687654837341,18.601654474383572,1.253532042288713
stream,627,0.9721850841356584,17.378040085469927,1.2610031359562766
stream,628,0.971142737814238,16.924699504729617,1.1463717564975822
stream,629,0.9704647235066741,16.10407850631801,1.0699209413938124
stream,630,0.9703462442656452,19.638150663391436,1.0962185634052757
stream,631,0.9701191901000357,19.160867434953037,1.2304604691052827
stream,632,0.9698164387209622,17.037295969488806,1.0282123978182176
stream,633,0.9689270488224417,10.786347144634682,0.9830663749167644
stream,634,0.9676548680002388,11.588500604219517,0.700519167227861
stream,635,0.9667948527205253,10.559828920724804,0.7156148085138925
stream,636,0.966032072397032,10.788439056901561,0.7107891668050592
stream,637,0.9654223883669434,12.087355643305173,0.7104903632685574
stream,638,0.9643176103668949,12.684951860263734,0.8649580358306856
stream,639,0.9633354781415803,12.083501910318654,0.8943237466684993
stream,640,0.9624398598339363,12.740040588278697,0.9196910303487801
stream,641,0.9636380529243462,15.035771114545746,1.127200374258754
stream,642,0.9646813217938459,13.821215111647556,1.0569185558864271
stream,643,0.9653237832147662,13.820433501512435,1.0092401847762542
stream,644,0.9662254373418958,14.069927702257118,1.011008981855631
stream,645,0.9666184673131066,13.58000331702804,0.9766255210857551
stream,646,0.9658314575882051,12.155149774974982,0.9751354360305654
stream,647,0.9659341775385374,12.657909063399597,0.9048884086518714
stream,648,0.9662117249186254,12.792431426517396,0.9035398891429246
stream,649,0.9669679709921947,12.561656611389683,0.8777543898865686
stream,650,0.9679000931784144,9.004258854831487,0.8108386843371813
stream,651,0.9677116882939392,11.69168682048066,0.7602906476861134
stream,652,0.967529188974535,12.265159979246807,0.7705001672169806
stream,653,0.9669609318405682,12.56114804341168,0.7642616617262253
stream,654,0.9673803335122577,11.818197290653504,0.8037276984777144
stream,655,0.967850927161191,11.760200195990043,0.7511727009079667
stream,656,0.9683139339689867,11.398379872835553,0.7517654826305654
stream,657,0.9690267678697303,11.090690381600226,0.8030887050332096
stream,658,0.9698613331239315,10.373619363828084,0.6623816843928583
stream,659,0.9705900533866333,10.585191386940894,0.6436912094774151
stream,660,0.9709683918579891,10.988109707428462,0.7109799936989203
stream,661,0.9709967720480838,8.585626061247865,0.5896588317257478
stream,662,0.9709911170994439,8.613840580945144,0.5571646882598728
stream,663,0.9709767921096645,9.27283398416562,0.5841307276223927
stream,664,0.9708757345834509,9.12196172268974,0.5806238263901244
stream,665,0.9707552130897772,9.432980741746452,0.5910880834416538
stream,666,0.9705219735037289,10.85110740745761,0.586650280741785
stream,667,0.9704653900265237,11.363979300854709,0.5722111576632389
stream,668,0.9702966209725451,12.120518701943334,0.7539364686884859
stream,669,0.9701355407523954,12.00476750035377,0.7783298560923937
stream,670,0.9701146581968111,12.009777889045694,0.7685497732067261
stream,671,0.9703567949706341,9.352537960714773,0.6618358383456657
stream,672,0.9710506660034419,8.816849419377883,0.6745870113687799
stream,673,0.9714036058218009,10.77534835835014,0.785957230180767
stream,674,0.9713595223040283,11.490208870656557,0.7733680779967941
stream,675,0.971299462370701,13.645698039812757,0.7814315162580809
stream,676,0.9708836400602326,15.879358838334392,0.7768078635357204
stream,677,0.9708112251800067,15.142959394427084,0.8486727779189143
stream,678,0.9711361513290393,15.142059443094128,0.8447662079409646
stream,679,0.9718343339854026,15.325084272235154,0.8499602160691352
stream,680,0.9723917217678634,16.051784682816365,0.7604187772000348
stream,681,0.9726095672542354,18.777395926157237,0.678472485261014
stream,682,0.9729960922619223,19.981924012991254,0.661725604234099
stream,683,0.9739531930638123,19.5365909398258,0.7135039050920525
stream,684,0.9748641899028693,20.467213012505372,0.7831948374468629
stream,685,0.9759964646238544,21.67097897165182,0.9902149690263691
stream,686,0.9766772820505618,20.834086036794353,1.0041743680405595
stream,687,0.9771304757975794,21.744730925892956,1.1999694473611524
stream,688,0.9775146714430123,21.963615472085152,1.018244122797741
stream,689,0.9778067664205078,22.859731150117117,0.9934812997213053
stream,690,0.9778906919089233,23.14487425041318,1.0662428902085588
stream,691,0.9779208495062277,22.91340419121914,1.0698321026087305
stream,692,0.9779251246218714,24.486831556760713,1.088713633385159
stream,693,0.9778864950885977,21.9976984065013,1.0701802509639815
stream,694,0.9779582385474851,21.2697419417727,1.0535347374881234
stream,695,0.9778362536697153,23.41938550864757,1.2469868794013634
stream,696,0.977764683108678,21.336683649543268,1.4921849498514892
stream,697,0.9777215014373037,21.120476328799846,1.3645511095475087
stream,698,0.977349880703636,22.78851717495154,1.4418153120880268
stream,699,0.9770160521751554,22.47839833378183,1.497335884191223
stream,700,0.9764413387629166,21.52128176000391,1.539242855805859
stream,701,0.9754887261393239,19.357707007401963,1.530385161223455
stream,702,0.9741796169836534,18.048190131335087,1.5319682883659276
stream,703,0.9724691404277992,17.84369369030156,1.44216089415875
stream,704,0.9710211882673077,18.532757192733733,1.4107163376695497
stream,705,0.968940747133402,19.667489005453334,1.5525564003495695
stream,706,0.9667498165684902,19.972263868316332,1.5685767802224044
stream,707,0.9648296386258075,17.9181160116781,1.3837138773835922
stream,708,0.9623663611572696,20.09315691507276,1.4992484423653605
stream,709,0.9609748480749241,19.199165185700107,1.6065094659576173
stream,710,0.9589093608456222,19.538512981821,1.5669791565267892
stream,711,0.9582086793402461,19.83370248574057,1.5577850540637284
stream,712,0.9567558993955717,18.931368862884863,1.5176220372966784
stream,713,0.9551913242668231,20.814228289355786,1.441606532292322
stream,714,0.9542370686178413,20.770740281756353,1.505587300868465
stream,715,0.9539944783978447,16.58106540861747,1.3021825585989775
stream,716,0.9547659400838374,17.339978469458863,1.1250378352996366
stream,717,0.9557589347504728,17.532137091735663,1.2136627224725307
stream,718,0.955375067569042,16.978141502072887,1.2404853625919041
stream,719,0.955934411642578,17.38229561042318,1.2609098620982366
stream,720,0.9559926101940114,17.428781183930102,1.2066606818686496
stream,721,0.9564180837615441,18.050098503997376,1.2076128547594622
stream,722,0.9567148030594942,18.149534375418135,1.2736712987740528
stream,723,0.9580600974152333,19.511421745716973,1.3625419964288603
stream,724,0.9595270395845005,17.82124980085671,1.4021863671682986
stream,725,0.9606084803476391,15.513770909117094,1.0531944872546888
stream,726,0.9612722173090537,17.89477679999445,1.0470381045667903
stream,727,0.9618492316257587,18.043053397185666,1.2130455915079115
stream,728,0.962185253676883,14.987398600630627,1.0929881957521432
stream,729,0.9629917513456223,15.161797620473385,1.0153076871167623
stream,730,0.9642771774377298,14.766707474363628,1.013183545815712
stream,731,0.9653794630343818,14.639347427218306,1.0441880706275597
stream,732,0.9659366888453277,13.92250036318218,1.0385625247834096
stream,733,0.9661734544460506,12.632877959813701,1.049106321989058
stream,734,0.9661119480045454,12.730847144627853,1.0132086620781502
stream,735,0.9661275884357162,12.737709015481553,1.023161261684424
stream,736,0.9661006124870258,11.826167496143777,0.9552764028429274
stream,737,0.9657579840509183,12.089730540146135,0.8683896355193146
stream,738,0.9653133670220445,11.46785492358607,0.8148009137475762
stream,739,0.9644719942917596,11.273288804624778,0.7785032402061084
stream,740,0.9635779569141145,10.477248718024398,0.7790825524972793
stream,741,0.962801151048017,9.330061475448387,0.7802580567862436
stream,742,0.9628627959774848,11.038330931543026,0.8369169372519529
stream,743,0.9630748309251906,10.372865664392993,0.9009227044961946
stream,744,0.9633788928390469,10.45332573144865,0.8777317265623654
stream,745,0.9634201808434726,10.579861310635396,0.9359700294440407
stream,746,0.9629650317019651,7.954444627945018,0.9100223316481375
stream,747,0.9625648562996416,7.97303322257964,0.776237430487995
stream,748,0.9622083055563371,7.752682336673387,0.7896706481782497
stream,749,0.962712833833794,9.066900560445065,0.8206830552297092
stream,750,0.9622999148888939,9.57600103206639,0.970547394932465
stream,751,0.9631433125886747,12.244988659192334,1.174712236169135
stream,752,0.9646935522819087,12.516580113679149,1.2114466017316623
stream,753,0.9656376248089559,12.00175985492382,1.1876275961083191
stream,754,0.9668291223924389,14.112368907881967,1.1921644223463819
stream,755,0.9679973748048822,14.4360745194864,1.2016103872434745
stream,756,0.9684803659474219,14.345521938520386,1.2213420557994583
stream,757,0.9688482684951151,15.685781769698657,1.2622162480560963
stream,758,0.9686747898799464,15.260389290168229,1.301674042325143
stream,759,0.9683359099767349,15.931597525030316,1.2921662669919303
stream,760,0.9675265782842152,18.066246098326594,1.3012841985483896
stream,761,0.9659522379172144,18.154698716951327,1.3386847264960817
stream,762,0.9642834778252654,16.737269382579846,1.2628698478888112
stream,763,0.9629681043800996,16.01825196993912,1.1237852952103307
stream,764,0.9623898887645491,16.71081672639965,1.1020707229333382
stream,765,0.9616608907208599,17.68615766142612,1.208516935699765
stream,766,0.9610705883145887,17.293110010586062,1.3769425993789794
stream,767,0.9605186221862165,17.209155512502328,1.3333394809317136
stream,768,0.9603302554692128,17.20808835375255,1.321591130076506
stream,769,0.9597243732712053,15.720490263976437,1.2623937146620792
stream,770,0.9597641514767165,16.016342092582335,1.1289186114333882
stream,771,0.960551939187946,13.185926179807554,0.9324062180734284
stream,772,0.9608725736429511,13.184182856061867,0.8966793760665401
stream,773,0.961167240464357,13.305878597956575,0.9435314695768628
stream,774,0.962240307093835,11.820538789635261,0.9076710599106544
stream,775,0.9630249559655025,12.177563303022072,0.9824885258182906
stream,776,0.9632249027396941,12.179287528747132,0.9870612107079948
stream,777,0.963805138890132,10.992870952559516,0.9774340167610925
stream,778,0.9639871438590749,11.028674493882972,0.9064627994909278
stream,779,0.9642323948075424,10.371348983022232,0.897411657277563
stream,780,0.9639720543640076,8.667852006420613,0.9430041515225681
stream,781,0.9639268803204274,9.676992960769258,1.0348190732339198
stream,782,0.9641054966896297,9.466425413910759,0.9898208413694021
stream,783,0.9651278197774137,12.89464460741155,1.0472945448124276
stream,784,0.9655725735209804,12.114002463581686,1.0884788191692012
stream,785,0.9659504466889834,10.734972730726774,0.925314753830822
stream,786,0.9662220386594679,10.52101258774081,0.7722645631340016
stream,787,0.9663157090121236,11.038486695532844,0.7761134554421996
stream,788,0.9667597744469878,11.106522670684607,0.8202551720390198
stream,789,0.967006192369069,11.105580764534869,0.8202075485404828
stream,790,0.9671633762644825,10.992416154861033,0.8069831652578688
stream,791,0.9670681708621237,10.985274489199728,0.7910243784007513
stream,792,0.9669005250783664,11.36556914365994,0.8034645119201255
stream,793,0.9667025332784754,11.884685136779542,0.8718422368567783
stream,794,0.9665031322645671,11.4889821084274,0.8636607297061106
stream,795,0.9663890143924435,10.709193368127483,0.7792684554666393
stream,796,0.9664517653483768,11.899211843399884,0.7895718189720522
stream,797,0.9667164919635901,11.973343821573618,0.7606170378836551
stream,798,0.9668106140563302,14.305291738686659,0.9619651728946965
stream,799,0.9668897280602456,15.14609678706187,1.165538923392734
stream,800,0.9669881741674285,15.789091702717844,1.291178199014142
stream,801,0.9670501755082154,14.568903414966352,1.17923409008899
stream,802,0.9670123883405525,14.799298455495679,1.1716829889974854
stream,803,0.9668391314254291,12.61669602485162,1.1086570723094822
stream,804,0.9668139262869667,12.796244961997592,1.0401047821807767
stream,805,0.966874858696516,12.34232819085035,1.0346016573279853
stream,806,0.9668398852796396,12.31073642682162,1.0199247764395656
stream,807,0.9668582865971116,12.373550090982917,1.0353629558133575
stream,808,0.9668766564519315,12.397066708283512,1.0537159138764014
stream,809,0.967106660009049,12.395065292788775,1.0606989140841967
stream,810,0.9673726480775925,11.555243483676309,1.0269894738210708
stream,811,0.9676019616602078,13.463642141475358,1.1155657113658197
stream,812,0.9677972445035682,13.009052306463879,1.2157582828810016
stream,813,0.9681443027352026,13.403144543712036,1.2187870459015266
stream,814,0.9682712835410672,13.177806942644628,1.2411561835988638
stream,815,0.9684925682409526,13.573300242973165,1.2721741691187594
stream,816,0.9686978596800245,13.114745676984139,1.3265988460260456
stream,817,0.9690134533053433,12.401090659836552,1.3519984407837162
stream,818,0.9693029290368719,9.970648168969708,1.1204485143221192
stream,819,0.9695955115964309,8.956190849706521,0.8781420121850243
stream,820,0.9697619836650077,8.029176414965486,0.725424250802617
stream,821,0.969938653810896,8.591749577314497,0.7085100052507564
stream,822,0.9701469582984096,8.912858198441006,0.794670814266544
stream,823,0.970375622454276,7.834760279832928,0.8296725561409549
stream,824,0.970543018542317,7.730440489906822,0.8207947977619188
stream,825,0.9706105536449676,8.575985096898833,0.8611045145771451
stream,826,0.9707071262430391,12.241539090762757,0.890965566450944
stream,827,0.9707795474753971,11.55362586826497,1.017034252241239
stream,828,0.9708408102072591,12.209901448793289,0.9889834430061446
stream,829,0.9709181772423999,12.299802775045508,1.0445100430068288
stream,830,0.9709873878684968,12.299606472093517,1.0437241496658
stream,831,0.9709753001260981,12.982893286809139,1.0045580657860198
stream,832,0.9709087341971866,12.934105711008318,0.9348194652033699
stream,833,0.970647087250802,12.090784249835158,0.8150634749853927
stream,834,0.9705587669134316,12.694389286426102,0.8645101000810939
stream,835,0.9702510586617558,12.278194063295217,0.8602111338997798
stream,836,0.9702984947935983,12.396691818979853,0.8119988590186006
stream,837,0.9702057435885862,13.67633583052461,0.9456440131501749
stream,838,0.9698022579953379,13.703628504583449,0.9970150678338816
stream,839,0.9694498178190502,13.61799003793496,1.0020226473196054
stream,840,0.969454584699624,13.740052626160082,0.9964498338084653
stream,841,0.9692383649114835,13.17150139659792,0.9950145906099754
stream,842,0.9691673404436139,12.40035775104222,0.9083795949513808
stream,843,0.969399349125306,12.43387408807581,0.8624456813573798
stream,844,0.9691289406653515,15.619953582279841,0.9204060296031474
stream,845,0.9685033540819702,17.264421183913424,0.8744567698778646
stream,846,0.967953564058341,13.657707438387389,0.9613928686603885
stream,847,0.9673487855649074,14.124722335293878,0.844763459996208
stream,848,0.96677014314966,13.47715170910238,0.8439389605836661
stream,849,0.9659017629645421,13.535293211776866,0.7806692391667917
stream,850,0.9649297919790777,13.446737059349172,0.7867851625963451
stream,851,0.9637819250335272,10.945234289598735,0.7163409917835131
stream,852,0.9626439426969018,11.067244066978091,0.6735169003390598
stream,853,0.9611460514319512,10.815596699736089,0.6938008902164381
stream,854,0.9594276659960118,10.181434322244932,0.6329156333576469
stream,855,0.9573496256336356,10.270343176451917,0.6132378390538091
stream,856,0.9552110789115686,9.754863055738022,0.601761035709616
stream,857,0.9540023128892761,9.010604612356804,0.43481075892102383
stream,858,0.9530713638552922,9.3382146531027,0.3803128616236779
stream,859,0.9532578056561221,10.984372717217179,0.3856945001104075
stream,860,0.9535169251585607,10.667801781295214,0.40107105719391056
stream,861,0.9532773535737833,10.497631705204583,0.4039823564542643
stream,862,0.9539015700642827,10.91013737861994,0.4149548654747487
stream,863,0.9552705574006416,11.81064445741699,0.4174032905976798
stream,864,0.9565415457485276,8.564481302447314,0.3921334533159532
stream,865,0.957110261850688,6.119694961078227,0.3919022728370183
stream,866,0.9579998252076734,6.9866337090753055,0.2971524782931413
stream,867,0.9588584410569937,6.5119705369428775,0.2964163867563042
stream,868,0.9593381751708671,6.753465780854766,0.2761054478569804
stream,869,0.9594977872507006,7.90231250264226,0.3685745657860586
stream,870,0.959484992538561,7.965370085053613,0.4300029484511231
stream,871,0.9595018684018066,7.879373314810251,0.42510780702039325
stream,872,0.9598180485374572,8.492113438592058,0.45266211134423906
stream,873,0.960255486357685,8.951468013014967,0.430106069642672
stream,874,0.960493664663566,9.094071145794302,0.41772970973303664
stream,875,0.9606938540526485,9.031526039659058,0.4025602294929558
stream,876,0.960763115191369,9.034555126095645,0.38031184535795404
stream,877,0.9609802252288686,10.247681760264381,0.5372174889848484
stream,878,0.9612253857004507,9.976384969356513,0.5674305004262086
stream,879,0.9612163141498636,8.880355456053271,0.5955135870568516
stream,880,0.9614411534926328,10.037933328150912,0.7030002519491027
stream,881,0.96190933631694,11.243085939657748,0.7011670917695527
stream,882,0.9625958302192691,12.56595316868065,0.6851215150582287
stream,883,0.9630236436900191,11.594957539798466,0.76992576234895
stream,884,0.9635583684363815,12.070899974554084,0.790292271027403
stream,885,0.9641403619894031,12.042154258765697,0.7958170590840985
stream,886,0.9645957723825682,11.801816879234709,0.802651627504139
stream,887,0.9649764481870456,11.801848165173052,0.8082392874877442
stream,888,0.9653587335380354,11.765925333060475,0.7986924219060967
stream,889,0.965712825271051,10.898799710691218,0.7057139107791303
stream,890,0.966156100273594,11.54653745588167,0.7068524270915539
stream,891,0.9665812224524931,12.064543449307655,0.7072923867245959
stream,892,0.9667853221045725,13.218945715225464,0.8238657998145728
stream,893,0.9669984928256075,12.722386914516338,0.9398742398598409
stream,894,0.967251739260599,12.506844047376529,0.9398255470723257
stream,895,0.9674743225936033,12.525270826479607,0.938652313754669
stream,896,0.9675897226162732,13.763604452079356,0.9994422936893329
stream,897,0.9676246035923066,12.328921671576145,0.8768948380850056
stream,898,0.967613221348064,12.340232511852037,0.8483001108383161
stream,899,0.9675677113917295,11.954206453440836,0.8087950205496443
stream,900,0.967357785477258,1785.386582137065,300.08096880674924
stream,901,0.9671707320777417,21406.69231225686,385.20680608610405
stream,902,0.9670495472509105,35551.1417581421,401.7747188506168
stream,903,0.9668441255459241,39372.70460332296,520.2153202582058
stream,904,0.9668375791103079,39614.86925208083,598.2089765130202
stream,905,0.9671107014067517,39793.24319492291,598.3953687077179
stream,906,0.9666588364369743,39807.917021650275,601.574001884624
stream,907,0.9662474323709404,39807.94008193604,602.1608809888806
stream,908,0.9665908747131102,39812.790524512435,602.3839321595696
stream,909,0.9669700752736992,39813.554935399894,602.7808363087926
stream,910,0.9673211906399675,39814.12207762204,602.7124692013994
stream,911,0.9675432433692015,39813.63280144207,602.7506729723139
stream,912,0.9674764004176055,39811.67030274842,602.6036484662133
stream,913,0.966526469756562,39816.58771573246,602.6957655432494
stream,914,0.9646306648115687,39819.64981578706,602.7022055538405
stream,915,0.9633784503426909,39833.82718365248,603.8016387581334
stream,916,0.9620740328739693,39832.415414682255,604.4172622458573
stream,917,0.961799530197373,39832.125920264734,604.3836429079736
stream,918,0.962901688737172,39832.152298672714,604.3995176626333
stream,919,0.9604270984487866,39963.416039759504,609.2050779180923
stream,920,0.9492912538074557,155505.73785023403,317.0204911393791
stream,921,0.9477421284399143,137605.88270470046,241.22010833596678
stream,922,0.9537769141620286,125369.92826084861,224.82795120864537
stream,923,0.9588881362918673,123882.84640938889,107.13543763030657
stream,924,0.9605137472793583,126296.22046007153,29.487708958987913
stream,925,0.9572350915236598,128767.03608134836,29.295494164009817
stream,926,0.9507404516305964,130585.38545964083,28.762585169392064
stream,927,0.9413756419572381,131852.20600327567,30.029572323599634
stream,928,0.933950759610433,132524.650649531,33.05402422416583
stream,929,0.9341950316992135,132847.30311510753,34.90169100646065
stream,930,0.9421677684885991,133033.96214617524,35.587894042232996
stream,931,0.8545824064768274,271579.4652009908,498.4787716290075
stream,932,0.7422249567307427,271579.67007606564,562.778146265399
stream,933,0.7068188564943217,273092.30318343063,719.0141976594002
stream,934,0.696505844041237,273295.2803174051,741.0863817030189
stream,935,0.6934159570500145,273295.0696575811,744.1559960228843
stream,936,0.6956391469332704,273303.6085783959,743.4904023112717
stream,937,0.7033223785178108,273306.64397730026,743.5354827688972
stream,938,0.7127998393496274,273307.2549544684,743.5476689252768
stream,939,0.7243257062520356,273176.4515481816,738.741943546564
stream,940,0.7387697750538527,155860.1727554664,731.5067434316251
stream,941,0.7543725262495335,154137.56496289934,722.2169738036755
stream,942,0.7714419837437735,152228.00982170337,722.0869135916477
stream,943,0.7891074368168289,149893.53865590444,721.257578258091
stream,944,0.8045860839187491,147238.40178791792,720.8570654957412
stream,945,0.8172969014711661,144589.1963244791,720.860278557018
stream,946,0.8235313631356347,142756.010870104,718.1964629825075
stream,947,0.8268261661764262,141489.32544414126,716.3125978803437
stream,948,0.8267943961074551,140812.16282180656,713.0658589476693
stream,949,0.8257720477141473,140488.3177934382,710.8330311892021
stream,950,0.8246036930522432,140300.40970836912,710.1465286692804
stream,951,0.8235383764237147,1754.9641580735697,247.22992388155222
stream,952,0.8225337649602821,1755.0448112399858,182.93344603302998
stream,953,0.8221403409520083,238.30512988456093,26.54986535225678
stream,954,0.8214930264313197,32.92539797269441,4.600986216106622
stream,955,0.8212442535591818,18.918309595567862,0.4586123652252953
stream,956,0.821550257064086,10.347561891025162,0.4604293462374353
stream,957,0.8228195884000227,7.278981973673751,0.41636485075038204
stream,958,0.8248234385278255,7.962209905848616,0.4267023422598325
stream,959,0.8275944833790092,7.824811951990646,0.5713089604093751
stream,960,0.8302923950395537,7.15184517324047,0.6047473512585365
stream,961,0.8333339308319531,7.36420121334797,0.5877530003220507
stream,962,0.8365705437213898,6.929642054514069,0.5417121888743425
stream,963,0.8395284007981768,6.899247365332437,0.5662503496074509
stream,964,0.8410575048108758,6.717519714625776,0.6168333266691014
stream,965,0.8429239914758797,7.6726676763334165,0.7442052034953418
stream,966,0.8444854749701162,7.1608614116260405,0.7595813255778643
stream,967,0.8456963727046694,7.531309156588476,0.7752892946482834
stream,968,0.8465173022095044,12.046639639174657,1.0910753424463295
stream,969,0.8468443989397488,12.058973341993784,1.2750373242406092
stream,970,0.846555075563145,12.451771308902764,1.2845929761635173
stream,971,0.8454927320919888,12.383911477608578,1.2964207627993816
stream,972,0.8436977537654348,12.015105612992356,1.2943249886410562
stream,973,0.8417159900563119,11.602152717745893,1.2562848291267004
stream,974,0.839038560145621,11.260877702056575,1.1586255157417784
stream,975,0.8364243939022771,11.50103232543002,1.173159706457819
stream,976,0.8332705271794623,11.660231775998955,1.1891011737649533
stream,977,0.8302234049422839,11.671556677247388,1.1943349394722391
stream,978,0.826592060215387,10.234821965755568,1.1568992808317229
stream,979,0.8227213009527988,9.695984558635432,1.0118543607718389
stream,980,0.8198293516496757,9.892297584802987,0.9802749270933228
stream,981,0.8173989848033357,9.942862164368698,0.9599185573612992
stream,982,0.8145546624341873,9.702021441721696,0.9735191274717736
stream,983,0.8129323976350189,9.762957844137443,0.9499722153090677
stream,984,0.8108787741439278,9.106469679132042,0.9234349363905777
stream,985,0.8093520458753839,8.2556067874546,0.7927800282978716
stream,986,0.8079010277965998,8.280450936450283,0.7777363247491598
stream,987,0.807187668808975,7.890883647472459,0.7598537121311759
stream,988,0.8063647753642804,3.1744413083246434,0.45930329101872513
stream,989,0.8051103170331715,3.6369409031616686,0.26526064478085115
stream,990,0.80392034716193,3.2232767893463103,0.26751366229690704
stream,991,0.802788557932218,3.318311062913566,0.2503042758487888
stream,992,0.8019286965636401,3.319755026824063,0.25289769620641256
stream,993,0.8005531505323844,2.900669513786346,0.23045357362530675
stream,994,0.799929359933308,2.668397012175401,0.20105311645655313
stream,995,0.7990947657497324,2.4304545192368714,0.16759517879518282
stream,996,0.7984729069961362,2.5383272156632244,0.15085929417315425
stream,997,0.7977647027268819,2.53082417486264,0.17348158861476085
stream,998,0.7953766173232099,3.6989339899391114,0.23718986096192324
stream,999,0.7945838052970491,4.74234838725981,0.3800856181735839
stream,1000,0.7930938313569065,5.91730149284918,0.5943730824670201
stream,1001,0.7913532610793129,5.632691248675885,0.6367189290051845
stream,1002,0.7900163855756496,5.7825191641757865,0.6464856515220027
stream,1003,0.7888753389728365,6.641858548528848,0.6973964647665863
stream,1004,0.7872483909126643,6.705370786622006,0.7654355669366869
stream,1005,0.7850965133069114,6.820639105934867,0.765914178771321
stream,1006,0.781997673849975,6.814497224238718,0.7542012246430795
stream,1007,0.778982381151659,6.753629934202447,0.764040124076473
stream,1008,0.7766214449373121,7.0694871113972395,0.7961967604069745
stream,1009,0.7750803422747079,8.803812767740634,0.9587988478061767
stream,1010,0.774701006300056,9.315648486241757,0.97313223777518
stream,1011,0.7735820170387759,9.207108439620093,0.9811139363106168
stream,1012,0.7712454841378409,9.960673728245457,1.0312165426409032
stream,1013,0.7679134588131987,10.449106978888624,1.0313475386572457
stream,1014,0.7648518980181238,10.5306898459257,1.086057974925296
stream,1015,0.7616357038552638,10.521631502573163,1.0825230673992339
stream,1016,0.7587156265960685,10.552722899440848,1.0786624805186305
stream,1017,0.7565023810790037,10.594267028575006,1.0613903449097977
stream,1018,0.7561903437467271,9.794568736044484,1.0284297534756361
stream,1019,0.7561138728355731,9.918153961910736,0.8897562428180479
stream,1020,0.7550338846352174,9.661422776252955,0.8331894803734435
stream,1021,0.7550950922490909,10.153815767259237,0.9089385679611308
stream,1022,0.7557844825256523,10.014828229343419,0.9103307090615814
stream,1023,0.7557179112319083,10.495911586503894,0.8831936160121966
stream,1024,0.7554621437577999,10.390254341526573,0.8964932559645051
stream,1025,0.7550366976392879,10.17206602411495,0.8958383301026696
stream,1026,0.7554928127119892,10.364101142283456,0.9040606256644281
stream,1027,0.7561875429979428,10.852461056768783,0.8969455111934505
stream,1028,0.7567862669026153,10.451039352875805,0.8473785781944885
stream,1029,0.7581296672990347,8.269347704945613,0.68794922946867
stream,1030,0.7595289771691606,8.069212583651638,0.6777155169237027
stream,1031,0.7610769375403638,8.667644027673294,0.7285922582193052
stream,1032,0.7616097750173303,8.289009436109906,0.6766742885436215
stream,1033,0.7629100572936504,8.77356184787245,0.7578994875017827
stream,1034,0.7637803238433093,8.595668158677958,0.7482018343468064
stream,1035,0.764237607374446,8.753836980481056,0.7450290955735205
stream,1036,0.7640934152171169,9.00832511152202,0.7364143653018519
stream,1037,0.7633089375948807,9.447111437284407,0.7234167726667502
stream,1038,0.763283089018704,12.253963968902438,0.9095981391965835
stream,1039,0.7629566875845579,11.079540986618687,1.0454635131041938
stream,1040,0.7626319715064056,10.122069003291411,0.8926849005206196
stream,1041,0.7619365520016986,10.032755552287545,0.8024459815496859
stream,1042,0.7614018044561509,10.169782280053985,0.81909533646464
stream,1043,0.7597263687089778,10.90721356394463,0.8979058510773448
stream,1044,0.7582342952071303,11.03660558890139,0.9429849656908811
stream,1045,0.7566750780784766,11.055258831176685,0.9450656108759248
stream,1046,0.7555764117745917,11.362321481032733,0.9549341957961698
stream,1047,0.7547012912607535,10.924704714640514,0.9537027668955907
stream,1048,0.7537467710768685,10.763435046116209,0.9545776989810371
stream,1049,0.7530772836195077,10.858286426886325,0.9511771114042198
stream,1050,0.7517521910752074,10.538453166451884,0.9387589142827891
stream,1051,0.7513845111296836,10.172280498105016,0.8803992776730402
stream,1052,0.7508072396989358,9.860375322003621,0.8844877658081893
stream,1053,0.7495662769980003,9.09509137911925,0.8037215721463028
stream,1054,0.7486678687209933,9.09531696203221,0.7655736742516162
stream,1055,0.7479727456130643,8.97742810008574,0.7652282966476901
stream,1056,0.7475959502396616,9.492621284311893,0.8360798740876181
stream,1057,0.7471546687300012,9.116574193921753,0.8977807239396126
stream,1058,0.7465179109089436,6.14110273158222,0.6782152222286703
stream,1059,0.7465197848867524,6.424392052540167,0.5818465699070542
stream,1060,0.7471833689882055,8.191484293646823,0.6038675213960357
stream,1061,0.7468297439715803,17.53450540339389,1.314709466949588
stream,1062,0.7464419041309147,21.043037566793323,1.3324980538385907
stream,1063,0.7459722307474043,20.520524283983477,1.5949899893915276
stream,1064,0.7458775349910121,20.37355318947613,1.500136036461973
stream,1065,0.7455905250400398,20.457334461268605,1.503143583109053
stream,1066,0.7454787832007304,25.17032976958064,1.656437457890524
stream,1067,0.7453665467062819,26.77584443895933,2.0877976302692263
stream,1068,0.7450141008682574,28.186233129377975,2.2964260369526914
stream,1069,0.7445486553398848,28.120801119181547,2.379259638893946
stream,1070,0.7442164972644167,28.299865371837306,2.377152122356744
stream,1071,0.7439230428897594,28.064290617157468,2.3702921982989755
stream,1072,0.743338081951974,28.164054145382153,2.3768167529789594
stream,1073,0.7429106515499657,27.968977979735644,2.3876073060560334
stream,1074,0.7426318513767899,28.413671278735773,2.406137612096112
stream,1075,0.7417970048339954,28.553840675199144,2.4460206699762534
stream,1076,0.7410292267687656,27.408359086038608,2.3727743647889565
stream,1077,0.7404812495784655,27.377650919762978,2.311152997644133
stream,1078,0.7399723383549665,27.4373614418382,2.33363851346986
stream,1079,0.7395232947023839,27.198392167413594,2.3092000272969972
stream,1080,0.738620287803673,26.04651403582384,2.3196351575345164
stream,1081,0.7387865366515576,19.60752710697799,1.861769198527951
stream,1082,0.7387373227186959,15.970895619046148,1.9258143639636185
stream,1083,0.7383581378780223,14.558179186184658,1.556872501755545
stream,1084,0.7384349787645449,14.968693528635761,1.5425062363554023
stream,1085,0.7382228496440423,15.116334098749878,1.5757845788972211
stream,1086,0.7377710489401956,10.059583116356297,1.4050737707994598
stream,1087,0.737282770812565,8.378902155484154,0.9747469192677752
stream,1088,0.7371462139935878,7.178179888328395,0.7726940493798625
stream,1089,0.7369712288990009,7.12139550910483,0.6959008053563798
stream,1090,0.7369297849539745,6.945259581327871,0.6945405618746177
stream,1091,0.7367240906769028,6.92419254263058,0.6947437782617847
stream,1092,0.7370561035834896,6.952331329506255,0.6864817861644755
stream,1093,0.7366904119590295,7.472413145423762,0.719621205496605
stream,1094,0.7366401073831701,7.266609113416743,0.7513598668339122
stream,1095,0.7357849994589444,7.352453498274076,0.7528855957762693
stream,1096,0.7352169396331724,7.493302688006432,0.7914302853330092
stream,1097,0.7342253746209672,7.576474244607752,0.8245121134766369
stream,1098,0.7323734496644788,7.456399535517324,0.8020820259073853
stream,1099,0.7305718250429983,7.5007974181335815,0.806654707725511
stream,1100,0.7303109338785936,8.65000594202527,0.8069095523422871
stream,1101,0.7294495204656929,5.417915114507415,0.6411872477392664
stream,1102,0.7291649326072037,5.5176737417651704,0.5271220120777402
stream,1103,0.728638366047255,5.31630325131966,0.5393555811092061
stream,1104,0.727215257995054,5.407848923909686,0.5076454885829997
stream,1105,0.7249554137287906,6.163943669278713,0.47130078778354395
stream,1106,0.7250156494118964,10.568543131797703,0.7900470710638046
stream,1107,0.7260762798818318,10.681001867151675,0.8914281347078172
stream,1108,0.7260321029655523,11.025283094606639,0.9312521783007339
stream,1109,0.7248408988432893,13.915989677667241,0.9489484287295338
stream,1110,0.7248468728685723,16.016256571769084,1.291021546650961
stream,1111,0.7240450505240597,16.624173589273518,1.436759067439699
stream,1112,0.7228807671962361,16.474865272445722,1.4529104355982538
stream,1113,0.721130573822419,16.017746768389102,1.408980462991638
stream,1114,0.7196635301566688,15.823786927588785,1.359271917402889
stream,1115,0.7182643874624031,15.614929972840894,1.3204251143698316
stream,1116,0.7166735051820189,15.412424955695016,1.290289784108946
stream,1117,0.7164440829025325,19.875681569010553,1.4493434380473886
stream,1118,0.7156073576636244,20.353181023051853,1.7252276879539128
stream,1119,0.7150365261931907,20.298510483569356,1.7114911449511567
stream,1120,0.7144126221108665,18.407515044658957,1.684901302671109
stream,1121,0.7135093889060272,18.654041556681797,1.5938942911998804
stream,1122,0.7128608028977579,19.17301776008844,1.6602372584416067
stream,1123,0.7120985058007128,19.282784202649353,1.6927072403448118
stream,1124,0.7110280748956366,18.935859777534283,1.6837264905301281
stream,1125,0.7101356699814186,17.999725407387178,1.6816738644198694
stream,1126,0.7095565966672261,13.45723364403885,1.374588571504258
stream,1127,0.7087868110703969,13.293831726237473,1.270361086140021
stream,1128,0.7081950204956831,12.744467846013427,1.219417308130249
stream,1129,0.7078318411409191,10.344655542875667,1.216260370662075
stream,1130,0.7073247483274028,8.526865966042598,0.9254651998487421
stream,1131,0.7069244553936603,7.991583293432577,0.7967052789680479
stream,1132,0.7065363006629187,7.9845325918206,0.7765823678993691
stream,1133,0.7059532213767472,8.664735321907125,0.8223746848590435
stream,1134,0.7049967586762446,9.159253018976242,0.813641255329858
stream,1135,0.7045625682168389,9.687195501227986,0.8927681255649105
stream,1136,0.704265071815727,9.699099162552622,0.9010944550325672
stream,1137,0.7039228111712423,5.083717840105497,0.7088794866698802
stream,1138,0.7031844630272173,4.593256244770282,0.4463086597643658
stream,1139,0.7015966481549317,4.775790281993194,0.43805326606824796
stream,1140,0.6999438305106831,5.213927792201026,0.42943910957847353
stream,1141,0.6980453006261549,4.875168028142672,0.41622992677304493
stream,1142,0.6961488214443942,5.94744111250442,0.411121848718053
stream,1143,0.6940381527795613,6.504324026860487,0.3788142952182766
stream,1144,0.6919779682048618,6.931296427919197,0.5048659449370126
stream,1145,0.6907490253095608,6.863657967920566,0.5224687037820606
stream,1146,0.6883239438176626,6.948575149072515,0.515249451397865
stream,1147,0.6857321688619664,6.972528650660999,0.5205156447554646
stream,1148,0.6835957146185689,7.015094992384939,0.5212343982558568
stream,1149,0.6813232921149742,6.629651886248838,0.49962814188619287
stream,1150,0.67939744989643,6.454047173787633,0.4781166855503367
stream,1151,0.6775375659293801,6.384092092741747,0.46201228029735125
stream,1152,0.6762232065957241,6.386431644200678,0.4619451130357153
stream,1153,0.6740192625134094,6.026298937401501,0.45158573733077734
stream,1154,0.6712436506477945,5.519236413463576,0.4533668490794225
stream,1155,0.6687847168364427,5.314318973160272,0.37901642990113704
stream,1156,0.6666188921351628,5.951773856453598,0.35775509643539377
stream,1157,0.6651106603545601,7.166829246049044,0.49359078323536487
stream,1158,0.6634454492810397,7.057166556756051,0.5040368913464149
stream,1159,0.6622729472973357,7.123895888130665,0.5140554464706932
stream,1160,0.6604769931921315,6.807787616058635,0.5643550897491829
stream,1161,0.6594285325386527,6.798695096389655,0.5557067811728965
stream,1162,0.656841926566045,6.588833835032805,0.5181530208521966
stream,1163,0.6545936577672054,6.961420287439994,0.7562794636620713
stream,1164,0.6529051224599721,6.563302052384299,0.6375774073430526
stream,1165,0.6510681093478363,6.880931044068298,0.6452114748777384
stream,1166,0.6491305897403242,6.83894207330922,0.6501161501582307
stream,1167,0.6470582373643535,6.820939985345379,0.6502197843580562
stream,1168,0.645350248055951,7.334756285921019,0.6922019745471455
stream,1169,0.6441172786081578,7.308104464183211,0.6956730149739199
stream,1170,0.6426539825823072,7.329309935110231,0.6719838270440373
stream,1171,0.6406428439747724,7.7269018487386925,0.6715869546106615
stream,1172,0.638578096212855,7.690640463707091,0.6911618766424384
stream,1173,0.636756398316893,7.2910983409771735,0.6552066727720004
stream,1174,0.6352268110130478,7.304013483660431,0.6644736111800508
stream,1175,0.6337369306510241,6.9337038470651295,0.6557525503749477
stream,1176,0.6325083238322146,6.321736053354597,0.65749341934617
stream,1177,0.6314506683942575,5.105363267205046,0.5218262164995754
stream,1178,0.630176564259238,5.243437500026753,0.49823403998590626
stream,1179,0.6293869911397769,5.18539038193619,0.5241069059202496
stream,1180,0.6289336652822409,5.0208339377705515,0.4717551098801754
stream,1181,0.6278824907464022,5.785398312115445,0.495706685999554
stream,1182,0.6272239156411098,4.324693404137976,0.5191748647194486
stream,1183,0.6267345387374347,3.1762926375874665,0.2649613903928362
stream,1184,0.626161343505509,2.966422239513329,0.2573139932343455
stream,1185,0.6253242455497461,2.673737827481699,0.23210795939038334
stream,1186,0.6241813291195256,2.6700997255759127,0.22219899032734547
stream,1187,0.6230297117123086,2.6935973506245934,0.23010341630102282
stream,1188,0.6208417977523532,3.645406427998089,0.26480504628277085
stream,1189,0.6191749376202321,3.806584278906183,0.36246955451148943
stream,1190,0.6177577350591036,3.99349125896214,0.3577524876267526
stream,1191,0.6156635775435252,3.95858409878792,0.39689877748438523
stream,1192,0.6140137006825944,4.479296860041548,0.44830900220203296
stream,1193,0.6121482430722889,4.4747006325340895,0.463508122804573
stream,1194,0.60992211391037,4.7896275447616095,0.45824349316323554
stream,1195,0.6082839042492494,5.494541235108275,0.5490313094363809
stream,1196,0.6064117984506896,5.470441052189623,0.5610857175132213
stream,1197,0.6041213639794596,7.08952145971652,0.5879995218910865
stream,1198,0.601946077615442,7.028415133963286,0.6272344179901037
stream,1199,0.5999912601825177,7.988296074617858,0.6901941012977474
stream,1200,0.5975765477764796,7.967420418118803,0.724644512869658
stream,1201,0.5944205753971112,7.48135697040305,0.7129853498685601
stream,1202,0.590553722734481,7.436956178520467,0.663594120808681
stream,1203,0.5843470443114335,8.149577538152815,0.7066678510910608
stream,1204,0.5781077226758492,9.479888652203988,0.827954568810402
stream,1205,0.5719665867544947,9.449982725618026,0.885633014846624
stream,1206,0.5640995345181407,9.619547502484652,0.8993595399353366
stream,1207,0.556310895222163,9.607036196723856,0.8903422543810575
stream,1208,0.547460186572485,8.23797680397496,0.8231430735630484
stream,1209,0.5412346492054939,8.83973482583487,0.779985261624594
stream,1210,0.5373982297324681,8.538783481524392,0.8091494428841338
stream,1211,0.5336566755444293,9.283143850249022,0.825853444929332
stream,1212,0.5323585208101853,8.819118292241122,0.7707895185418616
stream,1213,0.530485667322318,9.128607090522289,0.7742068890183054
stream,1214,0.528807595672626,8.841972612368355,0.7707940717297129
stream,1215,0.5274995343990675,8.300474729737477,0.6799900245273957
stream,1216,0.5279116655430484,9.166372793449321,0.7455494270906887
stream,1217,0.5293315704044854,8.8208559881325,0.7234014767976259
stream,1218,0.529706174097392,8.742595290085067,0.7189428221081847
stream,1219,0.5298550680482903,8.230952424213948,0.629142436420074
stream,1220,0.530616511623771,8.356064006072897,0.6079584569700317
stream,1221,0.5338349271445634,8.14709158542478,0.6144113775565777
stream,1222,0.5368679011227193,8.216022580271588,0.6152269565929107
stream,1223,0.5404807817968267,7.51785924450315,0.5754060308276537
stream,1224,0.5444607868393643,6.644866409868749,0.482882705735737
stream,1225,0.5471351450034687,8.115989151135544,0.5377815590264456
stream,1226,0.5494889506427982,7.955077744490637,0.6383589242921089
stream,1227,0.5522819161142208,8.246868136379131,0.634837520706659
stream,1228,0.5573317145733145,8.988966318486517,0.6323169029406793
stream,1229,0.561737299433063,8.15016206379792,0.5944826695440814
stream,1230,0.5640467210891617,8.75848417161713,0.5839310335474278
stream,1231,0.5650348650910594,7.650133390875239,0.5583129988351561
stream,1232,0.5653713000975013,7.696482483249156,0.5529645837244463
stream,1233,0.5633013264218533,7.79389719378041,0.5692379186764863
stream,1234,0.5618451031607242,7.882842964921784,0.6141459405959205
stream,1235,0.5604244119927936,7.731898744231379,0.6202618646727258
stream,1236,0.5520033119625841,9.410563522184582,0.6491787640465004
stream,1237,0.5475441614168507,9.287300066258183,0.9536951008314767
stream,1238,0.5396571030606389,9.820469248827338,1.0143663897927848
stream,1239,0.5317398868577105,9.129245264859653,1.0221197405066862
stream,1240,0.5224594629687453,9.56520957521993,1.0170257944041388
stream,1241,0.5195140383832636,11.149188738934715,1.1551694411357736
stream,1242,0.5189564508239578,11.137130702325054,1.1741217948248395
stream,1243,0.5223562327709258,13.033570345208265,1.2234725920386784
stream,1244,0.5230853079760048,13.474440434389608,1.4079610964897298
stream,1245,0.523001059246175,12.007373420896984,1.337509798408448
stream,1246,0.5223004524111875,11.957795181815444,1.22344436608143
stream,1247,0.5225084895666323,11.674127156651558,1.2280786612439865
stream,1248,0.5205943774104099,12.177863672890885,1.2628307801969378
stream,1249,0.5213904430251316,12.533114439171907,1.376721694807734
stream,1250,0.5228071532173777,11.959179876986799,1.3812747753617176
stream,1251,0.5223999198102213,12.359531259374936,1.3514393909596818
stream,1252,0.5229688588571987,12.35650907879025,1.3924710468817916
stream,1253,0.5234411432555637,11.948962075940983,1.360340245074493
stream,1254,0.524982936739112,12.067868041407934,1.3261326259385946
stream,1255,0.5265125106151423,12.08412143865097,1.3220855599179069
stream,1256,0.5273133377423624,9.533097272413693,1.2139365744222326
stream,1257,0.5280296073295163,8.49643891007642,0.9093278070081389
stream,1258,0.5263634415675419,8.147711035911025,0.8369990404828278
stream,1259,0.5236518698535849,8.150869542860228,0.8257550320126406
stream,1260,0.5228191528643686,8.154403749457053,0.8306893242289861
stream,1261,0.5222814508317282,6.513705399018442,0.6866318131384547
stream,1262,0.5188677851776512,6.786054080856026,0.6724795017840095
stream,1263,0.5173291182630798,5.069768801349869,0.6487141630041939
stream,1264,0.5130762249310445,4.729954183566713,0.5061574550799834
stream,1265,0.5131573374968301,5.664946830955036,0.5405479510039466
stream,1266,0.5121749056059313,5.770354533411643,0.6009989437716775
stream,1267,0.5086664751819356,6.473006277070427,0.6021022326303213
stream,1268,0.5007257156652203,6.206560070016202,0.5599964926392663
stream,1269,0.5006177510763368,8.96600116746621,0.6856719631304843
stream,1270,0.5027805269360032,9.416274456705397,0.7220202691028231
stream,1271,0.5031963711382659,9.235906184308984,0.7907366655224678
stream,1272,0.5024891225274252,9.14959299720906,0.7418358263291237
stream,1273,0.5028096062996901,9.182954353060728,0.7402483637029826
stream,1274,0.5028149234260613,8.913418431775073,0.725958187615593
stream,1275,0.5025652665257535,9.448172675594067,0.7559967661384567
stream,1276,0.5029381958626324,9.487893072485935,0.7734897773019322
stream,1277,0.5020641337165398,9.496995832017015,0.7684250906118807
stream,1278,0.5010411753459642,9.48222483039423,0.7726014841150641
stream,1279,0.4997752578863791,9.479346416085164,0.7682280825220091
stream,1280,0.4978705231590374,8.988119717685723,0.7536351457238868
stream,1281,0.49921780527096044,9.37059064079582,0.7767622869744965
stream,1282,0.502252305268215,9.215734280015011,0.7633727343018851
stream,1283,0.5026146257258466,9.34295421383459,0.761910099022831
stream,1284,0.5045717165048573,9.001030539744958,0.7322035150954231
stream,1285,0.5061092636068256,8.073856651722311,0.656991242769529
stream,1286,0.5052296895736604,8.342209853197591,0.6083824917560938
stream,1287,0.5043264041249267,7.757691175425618,0.6047557522740497
stream,1288,0.5029382615545924,6.666039321433416,0.607560189586744
stream,1289,0.4988527085083376,3.9596902830344893,0.3490515259077842
stream,1290,0.495099912881252,3.459379362050798,0.3276669412175315
stream,1291,0.4967584432825281,4.174392415797249,0.3113022938219973
stream,1292,0.5010088735478394,4.278951138947829,0.3143748035712962
stream,1293,0.5070128928002281,4.243358500202548,0.3140730977643079
stream,1294,0.5129356789825964,4.233086165073713,0.31739979206526037
stream,1295,0.5201378266850588,3.8766633111832354,0.3093766753911199
stream,1296,0.5251333097761158,5.519800882009882,0.38749855128818933
stream,1297,0.5303355553467338,6.09745680797446,0.572355936035333
stream,1298,0.5362596238940769,6.850239498545112,0.6473765860880589
stream,1299,0.5414482360743252,7.354066734926411,0.7685107569529797
stream,1300,0.5431835439608215,7.510316088639917,0.7692412344620827
stream,1301,0.5453850126509402,7.446354670467853,0.7609146313890374
stream,1302,0.547557951218885,7.348831404533464,0.7662318443922185
stream,1303,0.5501975964164191,7.083899168234388,0.7388724476148311
stream,1304,0.547474208093078,7.397729863422777,0.7424941023118518
stream,1305,0.5512944813938441,8.381149057660753,0.8409761441763327
stream,1306,0.5619001797404302,8.795340918464387,0.828753837005471
stream,1307,0.563659726519807,10.043479507360221,0.9757125321706044
stream,1308,0.5655187826629505,10.05531904308233,1.0428529380132459
stream,1309,0.5632145675751247,9.968151241521022,1.080690116258459
stream,1310,0.5585662844490086,10.041560331083113,1.0425131682537763
stream,1311,0.5492768538777099,9.275394716327606,0.9906635797196724
stream,1312,0.5449386178249928,9.592075310692532,1.019953639579056
stream,1313,0.5442689476813216,9.652014150388137,1.0224104658359938
stream,1314,0.5298208530323506,11.7093641926527,1.1424609212911343
stream,1315,0.5154213099457198,11.491523109424177,1.2061895853238032
stream,1316,0.5152621198886264,11.133458350828702,1.1598078557429412
stream,1317,0.5195356898458187,10.538867977712307,1.0017485810352602
stream,1318,0.5305504166426578,10.110959602907883,0.9074737255108669
stream,1319,0.5292013612899914,11.951513860881104,0.9580454417558496
stream,1320,0.5245443104722698,12.033798559223445,0.9884068670058497
stream,1321,0.5275379304193814,12.47550941892352,1.031052696147598
stream,1322,0.5314183935796939,12.405362618536351,1.044753397171504
stream,1323,0.5360160064310663,12.345980499779492,1.044743325055944
stream,1324,0.5403508302426437,11.896122194716712,1.0006256476913968
stream,1325,0.5427489742371155,11.025113686610366,0.9127572822713357
stream,1326,0.5453266585301668,11.104088189976578,0.9246405208190721
stream,1327,0.5478848800478724,10.21629107131012,0.8776511731049277
stream,1328,0.5463307818716524,11.577998863271798,0.8127838753098818
stream,1329,0.5445229432254235,11.553609073541624,0.8501748028248609
stream,1330,0.5435298031244458,11.539690887578196,0.8549394706153245
stream,1331,0.5399172259971768,11.426059030319294,0.8609025308788909
stream,1332,0.5391223482359438,11.209164931837279,0.839272335414791
stream,1333,0.5339870213406444,11.278648057640803,0.8596514507791834
stream,1334,0.5315601893890199,9.315946759015286,0.7562880489138866
stream,1335,0.5284431079339464,9.318677939902317,0.6716550340332429
stream,1336,0.5230881771494177,8.020145896037292,0.6223345474911297
stream,1337,0.5217423482947725,7.983380904625876,0.6104653123736633
stream,1338,0.5095573857602511,8.15619301814016,0.6585078151736254
stream,1339,0.5071240499757212,6.263113790800373,0.5671910175825762
stream,1340,0.5202498219065836,7.269240924873495,0.5487525980846738
stream,1341,0.52455740125925,6.929066578754895,0.5869328506334641
stream,1342,0.5254308346824019,6.994175713717178,0.5735713539104785
stream,1343,0.529308297077469,7.07159346115086,0.5875150797586889
stream,1344,0.5301708180794362,7.045215311647257,0.5942859302728815
stream,1345,0.5252807353454884,7.256438190719497,0.5836722538284619
stream,1346,0.5237961159325849,6.451489950055225,0.6156911583350693
stream,1347,0.5179960593145753,6.223381700125597,0.5376307576007227
stream,1348,0.5197503950622578,5.76836544779463,0.6187542365654717
stream,1349,0.5231055438107927,5.816227288920879,0.5457959338279994
stream,1350,0.5221285179680553,5.800080168139997,0.5417488677121932
stream,1351,0.5181302532390906,6.9260837931551125,0.5740330655367543
stream,1352,0.5158175097231973,7.774560534669216,0.5614160121661581
stream,1353,0.5143845098018969,7.842844741669376,0.6550296282236694
stream,1354,0.5132114196611032,7.884358752811948,0.6348832156058707
stream,1355,0.512331857431478,7.884365497120037,0.6341879996602126
stream,1356,0.5126566044620999,7.8825993376420085,0.6342199058134517
stream,1357,0.5162991394582013,7.976295590373522,0.6193833841064027
stream,1358,0.5078403181205643,10.473347330854514,0.7894295297700149
stream,1359,0.4999076700706808,10.116076347419138,0.8133545389095369
stream,1360,0.49850672734651746,9.298044018838578,0.8028538943755025
stream,1361,0.4953827753365309,8.89397490044709,0.7463126600190106
stream,1362,0.49473399640266374,8.897187903358986,0.7443360838154358
stream,1363,0.49857473097318394,8.968015371005846,0.7304981495433795
stream,1364,0.48749031759430783,10.84382429745082,0.8449695879990216
stream,1365,0.481525751953114,10.732744837032019,0.9744965906660211
stream,1366,0.4656687449791687,12.034853617492132,1.0226361405774338
stream,1367,0.4619357531661936,13.268395399706238,1.1983059260075013
stream,1368,0.4585129000722484,12.318460091351346,1.1640066058171255
stream,1369,0.4532604655699331,12.179089518594836,1.163298581912969
stream,1370,0.45064155789822724,12.261005937027322,1.1735338065480672
stream,1371,0.44822132440451573,11.080280502275476,1.1344435340775199
stream,1372,0.45392581735463783,12.216493261039501,1.1963843730087371
stream,1373,0.45437458239919903,13.273181603710585,1.32437665076006
stream,1374,0.45053053032708407,13.592696882619798,1.33266386911737
stream,1375,0.45280888638252426,14.771348359878044,1.4259200185365022
stream,1376,0.45858320491900184,14.866984241759683,1.4448221012339477
stream,1377,0.46403967828222725,14.702420632286819,1.451582949205761
stream,1378,0.47118250144019563,11.672667263355972,1.2360551907967088
stream,1379,0.47249045546246315,11.856101264376456,1.1553686834746053
stream,1380,0.4679518451966904,12.441095828986393,1.1732481164958468
stream,1381,0.46403060215073605,12.416270957784489,1.1729484172135498
stream,1382,0.45912355805587246,12.52196772870674,1.1724777151947552
stream,1383,0.4533721269509706,12.84371650151858,1.1761352248897103
stream,1384,0.4531659522092467,13.130313027645723,1.2063065078130257
stream,1385,0.4512631722769019,14.746530597719875,1.3999114760428801
stream,1386,0.4516291384346473,13.493954819621699,1.416063126569287
stream,1387,0.4496120552000364,15.14391975998564,1.4012511690381635
stream,1388,0.45039178629692733,19.379322612281186,1.8323767514326883
stream,1389,0.44892287333622494,21.999490963042078,2.357196920669592
stream,1390,0.446885142631132,21.898281980627505,2.421456359290723
stream,1391,0.4511392484197604,37.745899275208586,3.008563553113133
stream,1392,0.45271970745864926,37.475111371319144,4.056458670531259
stream,1393,0.4536299078886415,45.66171537714031,4.5230217075146
stream,1394,0.44869478772059834,51.16192854017888,5.648452686684473
stream,1395,0.4465422057884309,51.071677491443964,5.608057455629964
stream,1396,0.4432007857648305,51.0294503484507,5.657431606684736
stream,1397,0.4409803141772076,51.029400612134275,5.660640164592104
stream,1398,0.44537296095176304,51.840520791307846,5.685055368418925
stream,1399,0.4451989202253955,52.17066639768543,5.768631946409242
stream,1400,0.4511403491237866,52.395306998413986,5.900514534101848
stream,1401,0.45427221729434775,52.409927795985624,5.906786672144548
stream,1402,0.4548966716288603,52.79620665042754,5.940829702553773
stream,1403,0.45126961278176014,52.407368097862665,5.979867846069798
stream,1404,0.4474968822306906,50.2790446979133,5.8277501090240955
stream,1405,0.4452373460868589,48.919369663354786,5.508402105115647
stream,1406,0.44290815861463634,49.26334998453387,5.477046164698875
stream,1407,0.44106243011646934,46.11339343118932,5.310248778970599
stream,1408,0.44030512404041716,42.25804842126496,4.837874784373569
stream,1409,0.440250195526823,39.42962521091989,4.318253673537181
stream,1410,0.4411812667973147,39.403906051632134,4.2423921020319915
stream,1411,0.44055467010652605,24.03249348709884,3.6671523207728045
stream,1412,0.4401515614760467,22.181254637323146,2.600477935945336
stream,1413,0.4396929818193618,13.196587565996866,1.8930393530115905
stream,1414,0.4387453886398543,7.341111491008159,0.811583772564958
stream,1415,0.4400698836293163,6.916664376443746,0.8139636225028396
stream,1416,0.44204563496621285,6.840522420231464,0.7656282931776845
stream,1417,0.4436558024998671,7.021839283159935,0.7638302287669945
stream,1418,0.4470139045652126,6.465098448883212,0.7622097027322673
stream,1419,0.44846816279253304,6.460891465069469,0.7388576153147761
stream,1420,0.4506052434109825,5.154334004326585,0.6102412133833416
stream,1421,0.4531889219659627,5.255393219540988,0.5568272085548666
stream,1422,0.45605362673077354,4.8601591367974075,0.5190147299912506
stream,1423,0.46039652457553715,6.218476677679694,0.5670111713175728
stream,1424,0.4650461076817886,6.532948220951651,0.6839887972998591
stream,1425,0.46894569451066226,6.1096852508146124,0.6823599507614028
stream,1426,0.47061988405874616,5.742842758681116,0.6188801485693909
stream,1427,0.47012971747054166,6.6939139519249045,0.6672153737661375
stream,1428,0.4677355406411728,7.211002830544167,0.7748592808348264
stream,1429,0.4665631489637386,7.402873339373223,0.785806409885416
stream,1430,0.4655747320324069,7.4475880848541145,0.7999470590749422
stream,1431,0.4642156096874101,7.045475287639849,0.7863717858307027
stream,1432,0.46187509854704595,7.159814577151828,0.7439042849580664
stream,1433,0.4631230721394599,7.1466227922997,0.8012826619886108
stream,1434,0.46302855865587866,7.109743307223126,0.7708786753766458
stream,1435,0.46167735171735175,6.620458094773393,0.7132236803453992
stream,1436,0.46000334641295654,6.618529740425869,0.703788431277399
stream,1437,0.4595243199292473,6.429927446939391,0.6959159999884538
stream,1438,0.460524323359136,6.585832412017998,0.6856382429703053
stream,1439,0.4606428791584103,6.034881435758336,0.6223898336400315
stream,1440,0.45933201531342693,6.379797689359337,0.5995011163393311
stream,1441,0.45782757815183545,6.261794041481344,0.6131370030359458
stream,1442,0.4570488714874353,6.548590044465507,0.6580405297412211
stream,1443,0.4559199691761602,5.120870733888667,0.5860326339729229
stream,1444,0.4554310864407577,4.7267846626128165,0.47702884369732573
stream,1445,0.45519858818430126,4.701668515094387,0.4744746416839587
stream,1446,0.4547045751277319,4.5741076742900235,0.4617036538816178
stream,1447,0.45325374247937306,3.7844933673937846,0.39653697770233726
stream,1448,0.4525255309778649,3.5496284064476873,0.3581295440561317
stream,1449,0.4503800402411139,3.7871803865445917,0.41650585934307116
stream,1450,0.4486920347908755,4.073683248879695,0.4593887323154316
stream,1451,0.4469376901365242,4.813851516983681,0.553561173739854
stream,1452,0.4461132467866331,4.806112636071304,0.564009770853464
stream,1453,0.44665066011790827,5.0169554118072845,0.5059764147106628
stream,1454,0.4479186679775113,4.95053286915803,0.5102290211646284
stream,1455,0.44964473129459903,5.72409258280872,0.5414889739406591
stream,1456,0.45163511646871707,6.059374907791801,0.5351529539106303
stream,1457,0.45417692792211184,6.094782421572234,0.5553244664831232
stream,1458,0.45722607533396925,5.622638525041489,0.5319594196331754
stream,1459,0.4606750187853341,5.569940681754017,0.51262255169932
stream,1460,0.46425902330742636,5.228526470067313,0.5122492180601667
stream,1461,0.46909961266884415,6.151624046594399,0.5120643556671276
stream,1462,0.47460041799282765,5.687833557548537,0.4962175313074335
stream,1463,0.48035411518699883,5.673898857697085,0.47851293201558187
stream,1464,0.4838225143476574,7.578800538065763,0.5612614172944111
stream,1465,0.48722522118707284,7.606611640108739,0.65740472545105
stream,1466,0.4911552895209136,7.646169786653692,0.6569597197592203
stream,1467,0.4955962877340812,7.600067851592765,0.6537830971487648
stream,1468,0.4998911722705587,6.951627216411271,0.5876612499970155
stream,1469,0.4993383473731845,9.289549046928146,0.6642963063385461
stream,1470,0.4989219813024626,9.204609331755313,0.7487298408580695
stream,1471,0.5004113564005561,8.862873113339349,0.6546497733335958
stream,1472,0.4969411321235555,9.719780405950976,0.7662415686236106
stream,1473,0.48978048389993956,9.32516938647525,0.7677333167468198
stream,1474,0.4839980160352333,9.446986684327847,0.7520195959365584
stream,1475,0.4796160457021325,8.57003592368411,0.7239419213597634
stream,1476,0.48338246270677404,9.697577127661436,0.737320746805499
stream,1477,0.48551157074969115,9.759152284753473,0.8268284010943114
stream,1478,0.4874860445299196,9.674633083953031,0.8268933259198102
stream,1479,0.48947189376408434,9.679089353050495,0.8216656811284301
stream,1480,0.48656255872940246,10.178055504337554,0.8514064188131509
stream,1481,0.4823773141838754,9.294515929989949,0.8391073746495328
stream,1482,0.48103298255974664,9.430668925679175,0.8192004738974341
stream,1483,0.4761000388524883,9.593554218803225,0.8479140367107014
stream,1484,0.47583620679712246,8.129459777352373,0.7913673138987757
stream,1485,0.4783201013333087,8.25405655134659,0.6975246440035332
stream,1486,0.4824811453420988,8.287115385342473,0.701625484391546
stream,1487,0.48186894225266813,8.434597014856385,0.7394346443491477
stream,1488,0.47982691933906174,8.442797663420322,0.7292049461716972
stream,1489,0.47421554021634954,5.951224741651997,0.5853707651137404
stream,1490,0.46955020131105324,5.723166517835444,0.4536562982606722
stream,1491,0.4696165244495155,5.566128287262693,0.4550316116075609
stream,1492,0.47026387174605344,4.5214337718391135,0.3481199424876419
stream,1493,0.46674476763484596,4.639284928875846,0.38665125695310193
stream,1494,0.46300142211044665,4.523062402845831,0.3798977529032578
stream,1495,0.4609099700372475,4.535062115697363,0.377106744112556
stream,1496,0.4621441816200306,3.3292706634868776,0.3597110928194484
stream,1497,0.46550600538015885,3.6403137810345254,0.24958636544983534
stream,1498,0.4660043012103686,3.7356119125470375,0.3158896205265839
stream,1499,0.4650958715208228,3.7308131769030997,0.3169391629660705
stream,1500,0.4623552364298039,3.4772064696076286,0.29443170798978335
stream,1501,0.4597299613379502,3.457738934916846,0.28744870461332334
stream,1502,0.45747447259840057,5.534009776170411,0.3443835968846629
stream,1503,0.4577461640275309,5.960594940411575,0.497635095780533
stream,1504,0.45505670079635147,5.562374907877737,0.46883037123772714
stream,1505,0.45176712612125614,5.733054686814889,0.4785159505414679
stream,1506,0.4471360581061815,6.445493484592406,0.5556599157360173
stream,1507,0.4431493103635832,6.170906817025429,0.5539823282256555
stream,1508,0.44103437277788643,6.165845388428642,0.550833714051838
stream,1509,0.44010976970911564,5.902294530658493,0.5435103139334605
stream,1510,0.4393626752306231,5.88467187114432,0.5373899799142817
stream,1511,0.43835869237442515,5.615941604387033,0.5358786417750059
stream,1512,0.439978949910712,7.758344628659931,0.632289215818219
stream,1513,0.44345021593073886,7.378195495205918,0.6457226678354374
stream,1514,0.4483844333538142,7.44287402754342,0.648955346209975
stream,1515,0.45128254079054847,7.360758664045306,0.6485640767388253
stream,1516,0.4496822134269861,7.679216348322239,0.6665435659685782
stream,1517,0.4439124057094421,7.571800387099351,0.6688610083869033
stream,1518,0.4399195358626703,7.935782181390261,0.6560547915795495
stream,1519,0.4439157218896015,8.148423113748022,0.6551681355023377
stream,1520,0.45485676986723583,7.8976515531985205,0.6566844157804284
stream,1521,0.4549140065773582,7.89964002513266,0.6557949561416488
stream,1522,0.44799746731085976,5.713461958911137,0.5904122168667847
stream,1523,0.4400339989007186,5.211356088003779,0.41053558566165466
stream,1524,0.43716468548510956,5.246700225376908,0.41852231293914754
stream,1525,0.44024108986498733,4.937261496662542,0.4183766401945073
stream,1526,0.44669275183353696,4.243530404949791,0.3445772789867338
stream,1527,0.4533543335340083,4.440745536351654,0.3260613652252566
stream,1528,0.4583048308370724,4.447872329174756,0.33510210199164786
stream,1529,0.45881183611797044,4.537444005360056,0.3335935459081453
stream,1530,0.4538880987085179,4.548202728593729,0.32927269802562903
stream,1531,0.4923772744521639,4.650867843570001,0.33157778410994665
stream,1532,0.4169074099661904,2.6458830318984896,0.221774920956216
stream,1533,0.34800814850112716,2.672675020287265,0.17321526565619946
stream,1534,0.3377977645942938,3.7712572549513275,0.24937921035714267
stream,1535,0.3373135369646652,3.841164591314832,0.2652332627696751
stream,1536,0.3367984421257782,3.3927621194883906,0.24742843409386953
stream,1537,0.3372473605364229,4.558096451628074,0.3111795025310137
stream,1538,0.3391006320823713,4.129110393998865,0.31219436244686377
stream,1539,0.3431468234348547,4.136758501335262,0.3310040857040763
stream,1540,0.35021746211466503,4.294819235938239,0.3219220232529809
stream,1541,0.3551034354151378,4.49086943618332,0.344016328467167
stream,1542,0.3616060055863548,4.5187413079583765,0.3552793425722815
stream,1543,0.36694691385327144,4.576743404581676,0.36124920089142265
stream,1544,0.3714863758352027,4.814998697042012,0.3481826612713058
stream,1545,0.3754319017215473,4.76866677581674,0.3430587140673649
stream,1546,0.38451234344704865,6.025643019177821,0.3821614484929552
stream,1547,0.39498688329148873,5.899328764628597,0.3996119810355213
stream,1548,0.4033028478588348,5.899645159224263,0.39291043792812214
stream,1549,0.4081382483609857,6.101131256206852,0.392682590484065
stream,1550,0.4120821582548467,6.1148884897543985,0.40417173602931705
stream,1551,0.4150354810416119,5.966284452922734,0.4042361481907406
stream,1552,0.41957604421329,5.985580635153417,0.42117674929944504
stream,1553,0.4273843585154104,5.993244920245753,0.4134105867752593
stream,1554,0.43603448461371147,4.935857301216277,0.3324506074826789
stream,1555,0.4372759233845386,5.9123295993321,0.36115795383175386
stream,1556,0.4369536188762647,5.788291326538263,0.40204187358148435
stream,1557,0.44386127911670936,5.300097984106551,0.39263919689699533
stream,1558,0.4422423783990418,6.625952482067292,0.44918036492475616
stream,1559,0.43715807054611977,6.46968912926123,0.4798524704140821
stream,1560,0.42974278932607435,6.337510031947201,0.4801849754339412
stream,1561,0.421794286012175,6.1212222818037105,0.46350639657156534
stream,1562,0.41332942568183667,6.072213561785303,0.45645840159724926
stream,1563,0.4166859231043471,6.954723477490971,0.49408003416406626
stream,1564,0.4177681163388815,6.788725404216106,0.5421018294950599
stream,1565,0.41738549798946983,6.813050490062739,0.5437061068536784
stream,1566,0.43304964106118793,7.775956439534314,0.6070755512513422
stream,1567,0.43483171596726766,8.929946413358927,0.8411831347980904
stream,1568,0.43482547581469955,8.993469882568894,0.8781526741610103
stream,1569,0.4313156970415376,8.763578920707106,0.8791854696273232
stream,1570,0.42637948134530695,8.744791593623304,0.869091823914125
stream,1571,0.4159893591464636,8.975119464930298,0.8680590097907588
stream,1572,0.4085616084848011,8.848371206129787,0.8598305276135153
stream,1573,0.4041537998457026,8.854224751150475,0.8615131906296054
stream,1574,0.39576115177958443,8.83559303780936,0.8685353514204615
stream,1575,0.3929594789898873,8.063070761048918,0.8500617178811662
stream,1576,0.3967146006025829,8.473489762049216,0.8122861688439543
stream,1577,0.3979523643056133,7.556175813195616,0.7851879764888691
stream,1578,0.3923027793362972,6.577359794488657,0.6782631258101002
stream,1579,0.38891297658884205,6.622249066173212,0.6753898851487303
stream,1580,0.36757098854049586,9.519222428481928,0.8353956914162474
stream,1581,0.34925092684546793,9.848233583799788,1.0258736389869219
stream,1582,0.3407149794178946,10.971161878016744,1.0343960196177404
stream,1583,0.3409417760844727,10.513199336173514,0.9879973419654507
stream,1584,0.34429404485421233,10.354527386417065,0.9560826222099661
stream,1585,0.3420013058150804,10.588176881921145,0.9497483023297187
stream,1586,0.3452485882155734,8.432495785852014,0.8791355067226145
stream,1587,0.337026936339628,7.682974027247254,0.6312230943878173
stream,1588,0.3429071082931622,8.872452603098484,0.7435237219894362
stream,1589,0.34304892117077435,9.182058735495577,0.8394342339993501
stream,1590,0.34482202793708705,9.217261374928004,0.8582288118130583
stream,1591,0.34263020552608947,9.039604587125101,0.8582288115229182
stream,1592,0.3458325658740294,9.137773995876925,0.8690131920976905
stream,1593,0.3380753245002592,9.837010920833745,0.910870858865294
stream,1594,0.34108731333794395,10.263377887015851,0.996511608528792
stream,1595,0.3450464065648523,9.985591679882752,0.9885561155624012
stream,1596,0.3365885224117033,10.229766318711278,0.9946216107034673
stream,1597,0.33162122815233624,10.214014994567645,1.0127574125628416
stream,1598,0.32366907354829216,10.014540342766798,1.0149790756614931
stream,1599,0.32603221341776806,10.607894344738106,1.0603309610130285
stream,1600,0.3230432249870891,7.909754204226859,0.9498359058298477
stream,1601,0.32256506673236146,7.609347166127426,0.7840434388168871
stream,1602,0.3266699598925774,6.5634639722592825,0.7798771454904543
stream,1603,0.3327790600884238,6.070895352729064,0.7805959017527786
stream,1604,0.34833405853540333,6.451972679362446,0.7770543970079901
stream,1605,0.3619950193269436,6.201971436165398,0.7795682910147766
stream,1606,0.36146431348778224,7.328637081381883,0.7625961664005173
stream,1607,0.3554275248428852,7.018731114430373,0.7750213104262972
stream,1608,0.3613145640002818,6.726539965256003,0.68323313890175
stream,1609,0.3565876081457793,7.219932623661004,0.7125141343784156
stream,1610,0.35447216160625167,7.202736111509612,0.738153484496985
stream,1611,0.3494054646902823,7.305775211089576,0.743819374939961
stream,1612,0.3429137666939697,7.257670097293731,0.7212497598355188
stream,1613,0.33681592078492256,6.535193559731951,0.6770158784470559
stream,1614,0.33807299703179233,6.394276633343648,0.598312296129844
stream,1615,0.3429954399572644,6.467706826187079,0.5843496477942279
stream,1616,0.3466902358713782,5.817433998503051,0.579912998123784
stream,1617,0.35262585307997063,5.883516546472809,0.5371102826484074
stream,1618,0.3598027325424364,5.740641111092834,0.5316979912265781
stream,1619,0.36720682990646775,5.04419606328485,0.4410910024890048
stream,1620,0.372960633264823,5.108391817957926,0.39499812210406454
stream,1621,0.3799654801883607,5.0924288753970455,0.3927529627875765
stream,1622,0.3784517811883505,5.979468550110995,0.412536638398841
stream,1623,0.3687178552301055,5.907849917378589,0.4433228489585231
stream,1624,0.35393724174675845,5.527935318935713,0.4313366491451277
stream,1625,0.3378590223520241,5.550010088244544,0.42590026422734234
stream,1626,0.3317115383944528,4.636079619865077,0.40677496739340674
stream,1627,0.3237672518574928,4.522775594881795,0.39649714267123215
stream,1628,0.31486693213873607,3.54302524867408,0.33590011899981137
stream,1629,0.31352622808217934,2.8503264029632054,0.2157161643785494
stream,1630,0.31431765071422135,2.8261225698316528,0.17874107420279556
stream,1631,0.31726300852802675,2.6987584265134754,0.17234470683099673
stream,1632,0.31461682381209505,2.655278500143719,0.17678083523048005
stream,1633,0.2987494051079294,3.1467111961635563,0.18070701615580592
stream,1634,0.28960676425970655,2.830049353865392,0.18525328523332768
stream,1635,0.28279200137351523,2.772874557813865,0.18132884662904178
stream,1636,0.25132434606511517,3.911684030373878,0.222965145581067
stream,1637,0.26378497108212645,7.967471989201251,0.5619630361959234
stream,1638,0.26281481610317214,8.82475273730217,0.9237432219365607
stream,1639,0.2626545938840235,8.820812065203816,0.9474798773381469
stream,1640,0.2680666266291872,8.54521920618754,0.9442892366421345
stream,1641,0.2783121219138787,8.596851959906534,0.9160833415485408
stream,1642,0.3058409482157831,8.134186771558573,0.8949673303210114
stream,1643,0.30383518864552383,9.503584010021722,1.0123998889057968
stream,1644,0.30555752640278305,9.520316471873823,1.0667934486926123
stream,1645,0.30452812711743416,9.501582649447608,1.0723250364624146
stream,1646,0.30857491234980955,9.170302943814757,1.0718330254617143
stream,1647,0.30698286492394844,9.34128632162303,1.0613593931197258
stream,1648,0.3073589292247939,9.351757703285518,1.0810551094248726
stream,1649,0.3133366927844032,9.546045660811647,1.0762053619337382
stream,1650,0.32329927988540647,10.303725909404104,1.0696197191109449
stream,1651,0.31837293934767874,13.56408215763813,1.364181483968666
stream,1652,0.31912503167749406,14.5103188193141,1.6109402789192535
stream,1653,0.3179924657702313,14.045360466440362,1.6974201493952903
stream,1654,0.3168839259657983,13.98197149761628,1.678855732307422
stream,1655,0.31851990627114585,14.14148259599175,1.6846559284335274
stream,1656,0.31461336477112384,14.110265647661581,1.7160181871711593
stream,1657,0.3142467422819087,10.319888767399616,1.4612138021675845
stream,1658,0.3125423974802304,9.54310458766237,1.1461037995043635
stream,1659,0.3111977794318035,9.547313167866347,1.1253797620748838
stream,1660,0.3110019293935255,9.917831907745931,1.1334800650521761
stream,1661,0.3093913296616235,11.10358278051506,1.2615682228794443
stream,1662,0.310984663006508,11.184702752236355,1.3691990585212905
stream,1663,0.31061558155081215,9.91170540472619,1.268566264253426
stream,1664,0.3097920617058965,9.89387024197648,1.2159275335759994
stream,1665,0.3091472043240137,9.882566425458439,1.2110816695339544
stream,1666,0.312023301637767,9.842704257757383,1.2097097245685513
stream,1667,0.311509036215727,10.051218734374954,1.2132512085262004
stream,1668,0.312955375553426,10.035552201032552,1.2230449232962728
stream,1669,0.3146136069484255,10.325409491726743,1.2532318184952542
stream,1670,0.3150444811451209,9.836174483410021,1.2911024013510053
stream,1671,0.3155827534614484,6.6630697106634695,1.0026784553997543
stream,1672,0.3191040339810378,6.268840874108052,0.7552646711271104
stream,1673,0.31806141231810636,9.57477815939659,0.9365752489796797
stream,1674,0.32028465528048894,10.886029537518615,1.1644841110397364
stream,1675,0.32274664317485363,10.718230323126317,1.2270510765171345
stream,1676,0.3220259209988241,9.959198534787458,1.1703696281798848
stream,1677,0.3254650701844707,10.007425530941715,1.126817455712979
stream,1678,0.32309547033599245,10.263571193721134,1.1712210947338386
stream,1679,0.3301060619646798,11.297878244622598,1.2316600642473992
stream,1680,0.3366631243313797,10.914765988850974,1.2664940581692596
stream,1681,0.33176992436078906,11.55699637544801,1.1981347840575507
stream,1682,0.3269443279303782,11.003251930901,1.1703761472654026
stream,1683,0.32487395535903946,11.010306851939083,1.1226115823636968
stream,1684,0.3319155810782876,11.333216624181476,1.12386544582497
stream,1685,0.3333735471984421,11.43364153965402,1.1500321292806013
stream,1686,0.330268274841088,11.476928709164618,1.1490256557550413
stream,1687,0.32352289891665575,11.073940140107686,1.132839068513201
stream,1688,0.3151651455070376,11.094290754398799,1.1030557542290016
stream,1689,0.3087581071934145,10.44018751369901,1.0756144813248645
stream,1690,0.301130743254751,10.18268712398445,1.0374030452592753
stream,1691,0.30783773912690304,11.037949637516903,1.0732869779904084
stream,1692,0.30799368194563903,10.71841434228194,1.1536760792320024
stream,1693,0.3048121011129809,7.379830147435851,0.8870140386199802
stream,1694,0.3070361740301532,6.169360598882567,0.6674808772590182
stream,1695,0.3013473715196669,6.403495082786661,0.6165878504559709
stream,1696,0.29222756194909166,6.28001931837473,0.5954288342284193
stream,1697,0.28668163797445456,5.94110262368445,0.566915239123589
stream,1698,0.28100232019828997,5.565009974330369,0.47856135490446194
stream,1699,0.279645443540768,4.7415550894567335,0.4244885683892869
stream,1700,0.2811097332146362,4.804490536460663,0.39550416429210156
stream,1701,0.28344618398731586,3.0814853765552606,0.3521431985681718
stream,1702,0.2842433962516589,3.413187512615505,0.30129922103390916
stream,1703,0.28523613536979686,3.449352173402677,0.3387998175405992
stream,1704,0.28490341233111166,3.1889154672632074,0.35205168889374466
stream,1705,0.2831497817725372,3.098087838344001,0.3251992816802439
stream,1706,0.28389322533049993,3.3474410620198713,0.3337887883286411
stream,1707,0.28216399167988876,3.331902527219727,0.3449879878203487
stream,1708,0.28013654444713826,3.476676942035113,0.3574130629956675
stream,1709,0.2793386269483973,3.573734280466159,0.352253771830479
stream,1710,0.27423457177325444,3.896471045693518,0.37557553580832487
stream,1711,0.2785012164676725,3.7995559377770123,0.42357187938498064
stream,1712,0.27823375212155366,3.7786751780610257,0.3966393653358065
stream,1713,0.27117904594207864,4.096889743572838,0.3916765838200129
stream,1714,0.2721977415642055,4.409072586901174,0.451062875196972
stream,1715,0.2580924158912613,5.4848977013267515,0.523690606148304
stream,1716,0.2521635561234244,5.538013294524597,0.6531641239083109
stream,1717,0.24573084069513682,5.636789139060075,0.6679971512494408
stream,1718,0.24273992684302034,5.662376935833546,0.6876397174032577
stream,1719,0.24271906467388857,5.598106081236592,0.682961287026743
stream,1720,0.2399925866864444,5.9309243285944735,0.6946203928492924
stream,1721,0.23691911578111008,5.758521295756632,0.7015525968821117
stream,1722,0.23889437093193266,5.856852766778994,0.6806706826171394
stream,1723,0.24038728135019116,5.7726917165853155,0.6628904302786067
stream,1724,0.23992174984863054,6.032490043259933,0.6467272410888756
stream,1725,0.24432884878347186,6.707626474383097,0.7236301393467786
stream,1726,0.2480695371540753,6.4050350983459845,0.7320993072290374
stream,1727,0.25204182108303674,6.395865420839318,0.7206538272428392
stream,1728,0.2578754499296985,6.306266934404431,0.7196994012336733
stream,1729,0.26299707684386575,6.310062682819629,0.7262233676712133
stream,1730,0.26585740706527883,6.554336576197246,0.7041503859026002
stream,1731,0.2695585652446604,5.923037726550618,0.6689945721740497
stream,1732,0.27271506768001746,5.722459701772107,0.6119499499866023
stream,1733,0.275841047071927,5.531029871790611,0.614468900913715
stream,1734,0.27871076227030755,5.4238216337154075,0.5692025950978794
stream,1735,0.282329882087022,4.107208923720946,0.48848294388282865
stream,1736,0.283761486727449,4.2053307947983285,0.37768870074156097
stream,1737,0.2809782183914518,4.071376265161288,0.34732734703516127
stream,1738,0.2820805625357087,4.626616707242559,0.36147857877379747
stream,1739,0.282222782003471,4.53423041923521,0.38506698449615395
stream,1740,0.28119441585358557,4.409939876094173,0.36095761439552726
stream,1741,0.2830843303779795,4.525641047051617,0.36712938225534275
stream,1742,0.2789424841982269,4.323378389436755,0.37313840571082657
stream,1743,0.2716955360420803,4.273096034372996,0.35896694416608915
stream,1744,0.26812324798226306,4.080567878071094,0.36792087251243294
stream,1745,0.26642706089963997,3.4781121375283277,0.29159286795211736
stream,1746,0.26559621417346707,3.4799193137821334,0.28164262656464223
stream,1747,0.2607116919943893,3.8034879818580842,0.29308812651907096
stream,1748,0.26081180906098356,4.560818393509107,0.3593710629285689
stream,1749,0.2600363780044816,4.447663653147234,0.36976653664720355
stream,1750,0.2599247607725092,3.888860292548894,0.3724640631175335
stream,1751,0.2598855397789955,3.6484542184527786,0.3168545073709385
stream,1752,0.2571681720739944,3.703854893793515,0.3190308781468841
stream,1753,0.25822943539421817,3.57871877706339,0.3192020915245837
stream,1754,0.26425951614802773,3.706860672776002,0.30948014552714026
stream,1755,0.2637340632682144,4.144167713623005,0.38161722673804244
stream,1756,0.2622556132660042,3.81174814016018,0.3802636335504668
stream,1757,0.2670673630874095,3.9497230035001305,0.3795331561226221
stream,1758,0.2724108974845006,3.3891786401339368,0.34853536166906407
stream,1759,0.27319769162917207,3.5960876556331534,0.335942914482909
stream,1760,0.2763581669285568,3.4264185713401574,0.34770958537138613
stream,1761,0.281186768724535,3.6599898334241208,0.3196421180301318
stream,1762,0.2820973324041355,3.445937514383338,0.3258638715803495
stream,1763,0.2838397972508655,3.567554824679362,0.32152970632696626
stream,1764,0.28625103438517996,3.4655171354729424,0.31446497482077684
stream,1765,0.28633590675295517,3.4129229059648596,0.3283437364247229
stream,1766,0.2851559772702231,3.675645116963964,0.3295327019032113
stream,1767,0.2833922740833742,3.570044552903251,0.3188624729502676
stream,1768,0.2821695349826363,2.8155791330906013,0.24754888242850326
stream,1769,0.27915217591503616,2.965728360435405,0.2648314636297351
stream,1770,0.2766238398026469,3.37145944518261,0.27657294512346586
stream,1771,0.2745075329778176,3.6434688271465334,0.2858073868619762
stream,1772,0.2720255465473348,3.5589722343847257,0.2947507036307966
stream,1773,0.2685874439565133,3.5778400250443747,0.3030632575220009
stream,1774,0.26373284475870373,3.4652806066331228,0.29707835384769904
stream,1775,0.25599166368079374,3.717288123742612,0.2173710144268194
stream,1776,0.24961825030206028,5.875304075438775,0.33864031360179936
stream,1777,0.24026577552335723,6.711242726701527,0.6332019733921859
stream,1778,0.23347261209277645,7.5915416494176435,0.7575146747723773
stream,1779,0.22280847684079552,7.336758527879022,0.7807022571913795
stream,1780,0.20981064615304612,7.271889952770513,0.7676268709859488
stream,1781,0.20304754111240123,6.940817133497129,0.767461748461158
stream,1782,0.19594800128666431,7.0284474027337485,0.7431047922672318
stream,1783,0.18942799617523157,6.934169899126115,0.7442299204568469
stream,1784,0.1838074875543748,6.948803109784064,0.7414708774237203
stream,1785,0.17941494447748368,7.311879183574148,0.7436461122551863
stream,1786,0.1770009801220526,7.104444692894257,0.7405679038318022
stream,1787,0.174648103698176,7.286106317143905,0.751238090452118
stream,1788,0.1779778467514331,7.226661273085785,0.7618209072281698
stream,1789,0.18020687875117927,7.2521320027422345,0.7428640350947151
stream,1790,0.18107871014429885,6.985915794861669,0.7533472182271524
stream,1791,0.18407023076949328,7.148387760874906,0.7443674679349503
stream,1792,0.18480318683765393,7.14615509282888,0.7549711015793333
stream,1793,0.18823014875170552,8.037468698441334,0.7725352488729144
stream,1794,0.19438616747597118,7.730058798439481,0.8012407489685451
stream,1795,0.1964400260575038,7.737390621617673,0.8150377095695397
stream,1796,0.19994278423182157,5.549613486903356,0.7156776667941843
stream,1797,0.20809278121877156,4.546560077433288,0.4203687354554333
stream,1798,0.21427874928393145,3.9504342872758484,0.30228329241705815
stream,1799,0.22284154207947282,4.882651050480245,0.3500768624294371
