segment,end_index,PW_WTC,E_CCDC,CD2_P
stream,0,,,
stream,1,,,
stream,2,,,
stream,3,,,
stream,4,,,
stream,5,,,
stream,6,,,
stream,7,,,
stream,8,,,
stream,9,,,
stream,10,,,
stream,11,,,
stream,12,,,
stream,13,,,
stream,14,,,
stream,15,,,
stream,16,,,
stream,17,,,
stream,18,,,
stream,19,,,
stream,20,,12.244857517051809,
stream,21,,12.195856260134414,1.00624992437039
stream,22,,12.782185792701942,1.0248690976059036
stream,23,,13.140345154697773,1.0669592508994283
stream,24,,12.719083121025934,1.146727985652101
stream,25,,12.013900576703984,1.148699158892438
stream,26,,17.0099048341514,1.2798344650146032
stream,27,,16.27707630882271,1.235364588982614
stream,28,,16.959318217443787,1.3050660494913768
stream,29,,17.31718773486924,1.446849641414411
stream,30,,17.131413696958017,1.46041286728699
stream,31,,17.974847315478257,1.5577083669489749
stream,32,,16.569415074481427,1.56213895870247
stream,33,,16.489824970349652,1.550419816294111
stream,34,,16.361971808627793,1.5349875294329711
stream,35,,18.433698478690186,1.6270361487636502
stream,36,,17.907538737886043,1.7357242002372366
stream,37,,17.449741386218204,1.6818160803572118
stream,38,,16.97274488811427,1.5878266755970134
stream,39,,17.277230697001457,1.585466516139581
stream,40,,17.454520710591385,1.63883630584125
stream,41,,17.610247290685486,1.667625367884799
stream,42,,17.68638806873952,1.6971331494880264
stream,43,,18.94552542397765,1.6216134416219357
stream,44,,19.292619809597895,1.5573706239666132
stream,45,,19.601333558465544,1.5601861889702757
stream,46,,15.983596220117725,1.5104414404246238
stream,47,,14.587455487476616,1.5002952791317208
stream,48,,13.710664057228177,1.3317993492446845
stream,49,,13.03294204115954,1.1884972926221917
stream,50,,13.972320600237806,1.1535638582557
stream,51,,13.14426119368421,1.1025833913143641
stream,52,,12.896503641252862,1.0359865575945588
stream,53,,12.817298579233737,1.0130778473402722
stream,54,,13.563076619293936,1.053233112613735
stream,55,,11.564395286562645,0.9558777197399282
stream,56,,11.482968839598403,0.8400721383523206
stream,57,,11.58965169580807,0.8323599601498748
stream,58,,14.886162394279395,0.9147476902435674
stream,59,,13.88320826984937,0.7593419188799503
stream,60,,14.530990230794195,0.6382817283672799
stream,61,,14.369878424818806,0.6409647363090286
stream,62,,14.133753242187167,0.6027048433804606
stream,63,,11.827542721034346,0.6077852740580166
stream,64,,12.193232711873318,0.6215061068245834
stream,65,,11.964645527958186,0.6889618834731501
stream,66,,11.759576042162152,0.5874179847412039
stream,67,,12.054269771668874,0.6978657441560546
stream,68,,12.708815201303075,0.7656033945206651
stream,69,,14.022644269132646,0.7705054680193372
stream,70,,12.062570659523272,0.7518852542431287
stream,71,,12.960599632496935,0.700117517942526
stream,72,,13.153753562678617,0.771297199781446
stream,73,,13.864336051045576,0.7793358644970475
stream,74,,13.562492908527926,0.8269744770344019
stream,75,,16.478340855731105,1.0004775583480472
stream,76,,17.40306656831969,1.0090890787755962
stream,77,,17.409465316947774,1.0212634566267778
stream,78,,13.620762814486667,0.9369600902951819
stream,79,,13.072625599330777,0.9560983161880873
stream,80,,12.211838071969536,0.9686290543430266
stream,81,,12.863127652621817,0.9619542360045864
stream,82,,12.481371998816396,0.9647292115440006
stream,83,,12.826266987187024,0.9577485762234907
stream,84,,14.087318598853777,0.9519324392564942
stream,85,,14.816467385315267,1.0633893107448886
stream,86,,13.653821037627587,1.093283938666348
stream,87,,13.870568645111284,0.9960827454114211
stream,88,,13.429717137287737,0.9731687606665483
stream,89,,13.044527179458383,1.025330277192491
stream,90,,15.181867968872215,0.9887348884922763
stream,91,,18.15509668026381,0.9710573794348809
stream,92,,17.95868967688937,1.0615603395636835
stream,93,,18.381668106108844,1.0960175981861184
stream,94,,18.49235784250944,1.0026296758306705
stream,95,,15.47609207374576,0.8408787543418039
stream,96,,14.684824984089218,0.8286973922055603
stream,97,,14.635892837448592,0.8313900249891389
stream,98,,14.320442923793731,0.8137933207600762
stream,99,,14.163178486316312,0.7605690756048477
stream,100,,14.155768682171098,0.7520117403519259
stream,101,,13.625575269026623,0.7272144887050682
stream,102,,13.82512652138702,0.7157032816735299
stream,103,,14.216664234701092,0.766006053083936
stream,104,,12.24095420881733,0.7841122499916762
stream,105,,12.108060338396108,0.6123885917412404
stream,106,,13.352306895699291,0.7102863006145491
stream,107,,12.73904774391837,0.700613990510944
stream,108,,12.649848246877761,0.6426801049216557
stream,109,,11.812314295825955,0.5858765458011029
stream,110,,9.8704644896707,0.569681816617677
stream,111,,6.051854840994934,0.5676766670450953
stream,112,,6.130726184343039,0.41226755978562735
stream,113,,5.0688015767009285,0.3663008358278363
stream,114,,4.439881816877505,0.36314116556489223
stream,115,,5.546489900752113,0.38500933278921945
stream,116,,5.465364412934787,0.44405169249798493
stream,117,,5.445973652567531,0.43829860902660545
stream,118,,6.065305509925153,0.4576779564503313
stream,119,,6.132644586959524,0.4563332821521191
stream,120,,6.218708259861699,0.4939074162482818
stream,121,,6.776272602081564,0.504654213609791
stream,122,,9.075923246042766,0.5292711428792006
stream,123,,8.416756585099368,0.5220172987447422
stream,124,,8.250314875692018,0.48929226880912424
stream,125,,7.9413194507347455,0.5111643250798227
stream,126,,7.712736548667654,0.46394674161516325
stream,127,,9.397688760094809,0.44704181135147203
stream,128,,9.443626824961772,0.4693789804029666
stream,129,,9.378761089982714,0.4695617264248742
stream,130,,9.18322940718111,0.46855730139650864
stream,131,,9.915991326707545,0.4944339098055755
stream,132,,9.907605490285611,0.5288598595105847
stream,133,,9.923914272268734,0.5472843134433668
stream,134,,10.107343613631794,0.5503925343161002
stream,135,,9.784934713853781,0.5182337782714861
stream,136,,11.942883430858753,0.4658442375924179
stream,137,,12.573593150773116,0.46837081941172454
stream,138,,12.144054651315631,0.45515721202084647
stream,139,,12.068886492207362,0.44838148616758156
stream,140,,12.069065543226307,0.40912592306149814
stream,141,,11.454783515767788,0.4085539910767521
stream,142,,11.283102368603096,0.4741818872790162
stream,143,,12.078935667839737,0.6545485305612546
stream,144,,12.499463441653381,0.6456196441278569
stream,145,,12.41630434548233,0.6190265054943197
stream,146,,11.565587876487667,0.5654728597958544
stream,147,,10.278336957504894,0.565268347118868
stream,148,,10.48711612224574,0.5429379748461323
stream,149,,11.348963490906304,0.6196262314122235
stream,150,,12.00281289035835,0.6232436417952787
stream,151,,12.181941361342723,0.6921166570734847
stream,152,,13.035333799577998,0.6514657233436291
stream,153,,13.887988184009105,0.6334753118861542
stream,154,,13.703288567976927,0.6673394478784482
stream,155,,14.450912936505102,0.7299307394880286
stream,156,,12.237118229648337,0.7980936448658854
stream,157,,13.278589966213117,0.8734728693357731
stream,158,,13.608190001127465,0.869117897446913
stream,159,,13.497566605098356,0.8990919900120604
stream,160,,13.414108213429152,0.8983078010506927
stream,161,,13.512694778120697,0.8840104106395379
stream,162,,11.37056418111834,0.8325311946652157
stream,163,,10.80010674063106,0.5998443455278316
stream,164,,10.670118274614275,0.6002508058354442
stream,165,,10.388477111868735,0.6119124845887876
stream,166,,10.362988527753897,0.5795870478039334
stream,167,,12.488614685818119,0.7111460201534437
stream,168,,12.370260518084521,0.7682399085043072
stream,169,,11.61280431285848,0.7250720088843255
stream,170,,10.966038423358905,0.7220337198996039
stream,171,,10.397070536069464,0.6385189320678711
stream,172,,9.526015537708219,0.6782933778641579
stream,173,,8.62146565085497,0.6777859296459626
stream,174,,9.42921152732907,0.6821108711873018
stream,175,,8.24996188062681,0.6966820033100753
stream,176,,8.512724734830977,0.6809086856821047
stream,177,,7.58614310237933,0.596449517299734
stream,178,,7.0457719319762955,0.6128644822948852
stream,179,,7.40831166006132,0.5971284009954009
stream,180,,7.40529046022699,0.6086471375988005
stream,181,,7.375090439685809,0.606317280052211
stream,182,,8.029898492935384,0.5844490756104893
stream,183,,8.949181317340715,0.7492262646048009
stream,184,,8.687868806609032,0.7759825760579095
stream,185,,8.828194082972434,0.7650936011774608
stream,186,,9.049011403745725,0.748101261848811
stream,187,,8.282498928738924,0.6248815488469449
stream,188,,8.672178339055403,0.742025650482351
stream,189,,8.547396232154913,0.7303626496467239
stream,190,,11.07878668044621,0.8144358779875074
stream,191,,11.279685953069803,1.0005647628174976
stream,192,,12.022814730672053,0.9639566160447338
stream,193,,12.962498320966445,1.0620459310838741
stream,194,,12.938500937960814,1.0211593773324263
stream,195,,12.630154416096797,0.9578449977962158
stream,196,,12.640145235776552,0.9287952903551486
stream,197,,11.994775452201385,0.9251850549894848
stream,198,,15.753048719197382,1.0715339202631
stream,199,,15.56542106403078,1.1314002404750274
stream,200,,16.329945117618323,1.2106910228900876
stream,201,,16.2118749126062,1.2302730697078945
stream,202,,16.023496203167262,1.2339615470293042
stream,203,,14.798155071340686,1.1066752858545121
stream,204,,16.14284460582702,1.131337101041424
stream,205,,18.990219340550517,1.4242988675252453
stream,206,,19.087144031195656,1.4567269117841757
stream,207,,17.275316881162283,1.4822003361653657
stream,208,,16.676219638117708,1.3090588049890428
stream,209,,16.85187717137183,1.3028928359305263
stream,210,,14.677114095025843,1.2553170426718194
stream,211,,14.328059113920844,1.056026454585713
stream,212,,14.19014424043079,1.1299338476735812
stream,213,,13.302212827599648,1.0771422691083377
stream,214,,13.713175883847029,1.1549642333243963
stream,215,,14.438245729212413,1.1375204947446476
stream,216,,14.144139348445051,1.1333012229984352
stream,217,,14.212377767948512,1.1465252463082227
stream,218,,11.547085336357082,1.0939688597322732
stream,219,,11.444158022298605,1.0848068957737058
stream,220,,10.715265929811576,0.9947378921009807
stream,221,,13.702303435655661,1.0463991587115735
stream,222,,13.134999590112928,1.0959355344742068
stream,223,,13.196373790427062,1.0591891827578166
stream,224,,12.29786542626329,1.0479530848237215
stream,225,,11.186690121459977,0.761358479622668
stream,226,,11.488673717827632,0.9080854623918527
stream,227,,11.835146396424683,0.8775602834103495
stream,228,,15.252149029819117,1.1138564501094654
stream,229,,15.07100574757589,1.2143155665536212
stream,230,,15.822378273381911,1.217764293646807
stream,231,,15.624008917143016,1.2807874316202044
stream,232,,18.683478995321718,1.3782357756888453
stream,233,,20.845217123869283,1.3440555737664333
stream,234,,19.70029594443168,1.410327540419864
stream,235,,20.036389171099707,1.4812192753392153
stream,236,,20.65626396165439,1.458759716250307
stream,237,,21.09289593772951,1.5511394236199558
stream,238,,20.002341933554877,1.4671524071779127
stream,239,,19.898990533456594,1.4010710415280143
stream,240,,20.396949314693373,1.4155863196805156
stream,241,,17.400828472020784,1.3656810620817974
stream,242,,18.00581243639062,1.3124561549360827
stream,243,,18.16544237062076,1.315013802886849
stream,244,,17.94361484041305,1.2746535067747917
stream,245,,16.33344606412167,1.3139143582194974
stream,246,,15.83178032340942,1.1301462385353573
stream,247,,15.618172966140978,1.1261421298229517
stream,248,,12.706382015646511,0.9219426175607887
stream,249,,14.602858386827828,0.8155904394399126
stream,250,,13.892685176557379,0.797049363473155
stream,251,,16.120392971902323,0.9452154603643446
stream,252,,12.39747057701497,0.8420623318553958
stream,253,,10.281767231738003,0.8398785171965402
stream,254,,10.906814991477654,0.7414250964587882
stream,255,,9.964850216671614,0.7233070264813029
stream,256,,9.345764163372204,0.7220109214981184
stream,257,,8.710958229672995,0.6180126483520261
stream,258,,8.828977933085854,0.603327854302324
stream,259,,9.479009811236486,0.6095023701110417
stream,260,,9.0235011780983,0.6024945586076496
stream,261,,10.642621051089606,0.6749415297795385
stream,262,,9.958597754034404,0.7305149548190761
stream,263,,9.772170308874946,0.7266796471921326
stream,264,,13.345770492903387,0.8781921391203745
stream,265,,13.081177733333794,0.996812439779061
stream,266,,12.82227908956921,1.000040863980268
stream,267,,15.78752540497891,1.152231155849162
stream,268,,15.244558151500263,1.209065201792635
stream,269,,13.36374483987065,1.199612360696055
stream,270,,16.445811884626124,1.3761342376633647
stream,271,,15.116019790479495,1.4412348892616862
stream,272,,16.394223584953426,1.3703571152729597
stream,273,,19.49515825319417,1.3788701827667211
stream,274,,20.631703714701008,1.6728143641673567
stream,275,,22.005099940344415,1.6173115872131925
stream,276,,22.040259144048132,1.6714095475440984
stream,277,,22.024599329415683,1.6701715480395116
stream,278,,22.06076214259777,1.6660303704347805
stream,279,,21.50115162505292,1.6579379082596766
stream,280,,22.55403762744637,1.714971120967193
stream,281,,21.599948763628706,1.623743356060435
stream,282,,21.531600228753657,1.5669010835121615
stream,283,,21.723147925794688,1.5739892706992926
stream,284,,18.44103319569154,1.4233745718983906
stream,285,,20.49018225447303,1.4325526141523732
stream,286,,22.159056012032813,1.7092193672052063
stream,287,,19.0603435991767,1.635281431792507
stream,288,,25.07380372719455,1.7869176490595895
stream,289,,26.50111168231112,2.2781439718579817
stream,290,,23.096473647211198,2.10569855530928
stream,291,,22.92944313518333,1.8935442638468531
stream,292,,22.173310836859677,1.8937841116379406
stream,293,,20.004098621344955,1.8782896521313632
stream,294,,19.399794843492934,1.538507065284433
stream,295,,18.228403370008465,1.5449104848476682
stream,296,,18.2222577095187,1.4955203687170782
stream,297,,18.35753066218524,1.5068039232715873
stream,298,,19.509687587336494,1.593926317371993
stream,299,,19.428245096826803,1.6439525546045768
stream,300,,18.3431032583743,1.586831005688231
stream,301,,21.411057705189922,1.7623357476154828
stream,302,,22.669285232897057,1.7698036539126225
stream,303,,22.928592826349345,1.8881960921681724
stream,304,,24.565803406262518,2.06170915905505
stream,305,,22.57177031711074,1.9949460115338904
stream,306,,23.218997992099972,1.8185710254895926
stream,307,,23.279248714758005,1.8481728587093198
stream,308,,17.77401426457767,1.614601908710505
stream,309,,16.37382939967221,1.15417805286791
stream,310,,17.737976840696543,1.1603065002706425
stream,311,,16.946295858636805,1.1278234886103258
stream,312,,16.414303264220948,1.1274576131418435
stream,313,,15.7576185378431,1.1423801396787838
stream,314,,19.2204734702978,1.2206494782964807
stream,315,,19.15237701856635,1.3218649632558068
stream,316,,19.28582638202184,1.3177424659794554
stream,317,,24.213229897578177,1.4575492852078704
stream,318,,22.91597066453586,1.5551826201388042
stream,319,,23.122304431178293,1.5157837662026254
stream,320,,23.143108232621216,1.5066181545091253
stream,321,,20.104578420618754,1.3813410248622742
stream,322,,19.288558056261408,1.434309488088275
stream,323,,18.87399577436416,1.336746311019996
stream,324,,17.83469744422256,1.22543552736404
stream,325,,17.858894833366573,1.1820558690734064
stream,326,,15.494732042904902,1.0854122196795513
stream,327,,15.631024209095854,0.9979572631886097
stream,328,,16.648119755560863,1.0084496383573804
stream,329,,16.76520892284049,0.9983798719639196
stream,330,,16.031567622472323,0.9741505200122441
stream,331,,16.032233251633333,0.9695601310626273
stream,332,,16.12098427218305,0.9718779470979528
stream,333,,15.767743233484282,0.9569554208925163
stream,334,,11.135856569398353,0.8873114039152517
stream,335,,11.246908675471607,0.7956089864476896
stream,336,,11.266796959970844,0.7932115353248388
stream,337,,10.014578647691032,0.8609047478505769
stream,338,,10.70628340853824,0.9552792983904534
stream,339,,10.760821691148164,0.9506209491007518
stream,340,,10.987244801947584,0.9499822180440397
stream,341,,11.786590500403339,1.0077230266593638
stream,342,,11.4087463243411,0.9874429902261452
stream,343,,11.466916629213022,0.975863639719008
stream,344,,11.883182387135992,1.0201263767002307
stream,345,,12.453490701876863,1.107255457160334
stream,346,,12.724430103007426,1.1009716242728518
stream,347,,13.45688113658996,1.1539374398297881
stream,348,,12.420896447313245,1.250490810782634
stream,349,,12.391698095961324,1.2703824619500201
stream,350,,11.677616698046803,1.2663170451740196
stream,351,,11.796810167441487,1.2448298632642563
stream,352,,11.897513888695922,1.2631031816912213
stream,353,,11.973900312770265,1.2860622459859326
stream,354,,12.6700806855658,1.288161607370858
stream,355,,12.284472044432004,1.2815862556067161
stream,356,,12.175223189002892,1.282365207561185
stream,357,,8.370647400131947,1.0638451141405552
stream,358,,7.745049903999352,0.7730684973798648
stream,359,,7.696805758261846,0.768349149442163
stream,360,,7.403127657715053,0.773977148358191
stream,361,,5.917265090587447,0.6639078489650615
stream,362,,8.879991844056182,0.7117446860488245
stream,363,,10.124592475123421,0.7011015678520854
stream,364,,8.54834210086068,0.6267332330202972
stream,365,,8.200599736600951,0.4778919379017217
stream,366,,7.956220495118224,0.4775992649593102
stream,367,,7.047023180855506,0.40633548652455154
stream,368,,8.168860463687897,0.3555989055813969
stream,369,,8.219071317432054,0.3298811585696664
stream,370,,8.225666211016462,0.32836230459656396
stream,371,,8.231391752407209,0.32807443898210675
stream,372,,9.00050212908871,0.31601443578345406
stream,373,,10.689439020382983,0.49771310132974955
stream,374,,10.276554855841026,0.5083122890133219
stream,375,,10.380549844563266,0.4993591404272011
stream,376,,10.601656406757083,0.49910414935744263
stream,377,,12.732838055033856,0.5425212000776201
stream,378,,12.92914937513315,0.5722313257271352
stream,379,,13.640631099599272,0.5775744503336779
stream,380,,13.634603602194675,0.6013407619033738
stream,381,,14.499696076562557,0.6345005223343668
stream,382,,12.241213191248884,0.5298126881917619
stream,383,,11.004762064945078,0.5269957889734402
stream,384,,11.014004461783843,0.49763328156285686
stream,385,,11.868151678879359,0.5614561271914394
stream,386,,11.973901260633808,0.5834095542596187
stream,387,,12.233882331687093,0.6058528184947849
stream,388,,10.836918402217053,0.5422435822171966
stream,389,,10.664434692695334,0.5320864238700922
stream,390,,11.85026863537702,0.552485678006926
stream,391,,14.31605770389627,0.8440791170643129
stream,392,,16.409950094566632,0.8350428620108142
stream,393,,15.41816653639942,0.8394367280836689
stream,394,,15.15574481027886,0.8380420122941266
stream,395,,15.089578336422928,0.8366340532633674
stream,396,,15.337472785054233,0.8747839146955296
stream,397,,15.10213923464929,0.9943904277347541
stream,398,,18.022300847821157,0.9689933405189659
stream,399,,17.71817881650649,1.217104376338329
stream,400,,19.78794818795571,1.3480980300210057
stream,401,,18.97290890814989,1.3631262203993297
stream,402,,19.785568834562895,1.3954982352168395
stream,403,,19.851869964541844,1.423373167129882
stream,404,,19.89170147775111,1.4357070368045095
stream,405,,18.744283876505815,1.3665338912135865
stream,406,,24.728953578912126,1.5375217770096692
stream,407,,24.436591302174254,1.7209494004686072
stream,408,,26.35169671647841,1.7825846744461211
stream,409,,27.71812383882064,2.0383693187659193
stream,410,,26.550923519067876,2.0526711658205343
stream,411,,27.31684998226503,1.8860904885961411
stream,412,,24.51487126475005,1.9464085641180235
stream,413,,24.249181429924665,1.7816359198046705
stream,414,,24.266779032158777,1.8224697827000493
stream,415,,24.32198572356098,1.8233289379043354
stream,416,,23.775301677725373,1.791537643717434
stream,417,,24.071565694945484,1.720991583855837
stream,418,,20.92893666569086,1.774443171714724
stream,419,,21.43553367990187,1.5535687401780747
stream,420,,19.372496037501694,1.4196593626199194
stream,421,,19.389210509411196,1.3761122650124233
stream,422,,17.81655065572112,1.3499516559094633
stream,423,,19.47577552031895,1.3988635502990119
stream,424,,20.340891973464768,1.5760171167737573
stream,425,,20.904508574831855,1.5735410304363822
stream,426,,15.349272307453116,1.4686802520835327
stream,427,,16.821246818723537,1.3933106659625616
stream,428,,18.88044802940344,1.3559008132049908
stream,429,,17.51090560633452,1.2391984893091674
stream,430,,20.13965611044798,1.2817650963652087
stream,431,,17.499206802914365,1.3728317309549063
stream,432,,19.388308117418173,1.490841317833568
stream,433,,18.95482964211667,1.4906501229464189
stream,434,,20.25049334555889,1.5116153065044837
stream,435,,20.3689558796597,1.5235011012492874
stream,436,,21.899376780745513,1.6286686985043515
stream,437,,21.0056628806536,1.5338011609094793
stream,438,,21.24206914728511,1.4845589341343643
stream,439,,20.776726196523512,1.509711919411954
stream,440,,21.16081142220716,1.5490354634741357
stream,441,,21.43058957809675,1.5897307083388599
stream,442,,22.13575872344882,1.6942278591248734
stream,443,,20.314460894713147,1.6500776024736243
stream,444,,21.663100794218778,1.5126045405354238
stream,445,,21.21750784273151,1.652371628531217
stream,446,,21.559197386692396,1.6118115695373374
stream,447,,21.41655487201615,1.476707864362761
stream,448,,18.90857515335036,1.6687146644991337
stream,449,,19.072724600930506,1.623210017922317
stream,450,,16.55393107562751,1.5447660197983155
stream,451,,16.342167708311628,1.3224737170491139
stream,452,,14.47105278763891,1.2121978511236875
stream,453,,15.91073559070449,1.2421459580705294
stream,454,,14.658793363358637,1.1886504027258078
stream,455,,15.30956404087422,1.1917114690583128
stream,456,,14.359718287265947,1.1735138919079537
stream,457,,14.034296234436486,1.2780332890097261
stream,458,,13.786360556409818,1.308995972123081
stream,459,,13.590108477910919,1.269683627662527
stream,460,,13.199178919756257,1.2191233092461327
stream,461,,13.081706353250858,1.1824346958217942
stream,462,,12.479085880845599,1.0914911227003221
stream,463,,13.221234385203912,1.0672138261253727
stream,464,,13.939685410987785,1.0336991791926284
stream,465,,15.668495117733427,0.8955239902071807
stream,466,,16.15255825226046,0.8553298108487143
stream,467,,15.842599538583793,0.8566206956931787
stream,468,,14.552108965493046,0.6493404324021703
stream,469,,14.440566193571899,0.5636996510154502
stream,470,,15.285337439340575,0.582082494858822
stream,471,,16.27652665862088,0.7941975853802263
stream,472,,17.10634662994785,0.9044734575984075
stream,473,,15.695596642889441,0.8962868920745132
stream,474,,16.95840069511223,0.9438950009465812
stream,475,,16.097038778302945,0.976588013740653
stream,476,,15.524938113719253,0.885178520956472
stream,477,,14.643649086045533,0.7805934823257209
stream,478,,14.685317871589625,0.7587252880705476
stream,479,,14.506140090974476,0.7414241198973518
stream,480,,15.30761713954062,0.7312377864778903
stream,481,,15.102714691387002,0.7688675151172168
stream,482,,15.166474681480825,0.7496286336843229
stream,483,,15.467869216958125,0.8337922789082051
stream,484,,12.497597696564098,0.8584087368515548
stream,485,,10.89614701467787,0.8576693977750822
stream,486,,9.552842082715381,0.8823685055732942
stream,487,,12.176023900110147,1.0462403013427395
stream,488,,11.974289857904116,1.1457874965075523
stream,489,,12.65144472850819,1.1415996807408364
stream,490,,14.918265903211198,1.1440018094173152
stream,491,,15.939524723582219,0.9340227410244462
stream,492,,18.36667495098016,1.2386540932459664
stream,493,,18.209782372800245,1.2673032981719672
stream,494,,17.01694943254866,1.2013754028597994
stream,495,,19.022988872710936,1.1959427901350537
stream,496,,19.015931634229215,1.255559461118145
stream,497,,20.144693242870947,1.3245686369171483
stream,498,,20.411525786569587,1.3142780580576816
stream,499,,21.29127668276379,1.391514125899973
stream,500,,21.99561266812346,1.3865118605531688
stream,501,,23.407720420776897,1.3395155080711725
stream,502,,26.893011140545518,1.6873017899876082
stream,503,,26.497357553157734,1.6234235973374231
stream,504,,26.545002652288968,1.616161191859991
stream,505,,26.461319333729595,1.6134209840159954
stream,506,,26.457839648950994,1.599603465066125
stream,507,,23.09180058618028,1.441018801177326
stream,508,,23.45006498569445,1.3367227627572087
stream,509,,23.431242420010857,1.4265512965490827
stream,510,,21.538576058628905,1.407607770474622
stream,511,,19.923266358162348,1.596423529001967
stream,512,,16.794585867992144,1.2032770863969948
stream,513,,16.794334880457097,1.1248544385497898
stream,514,,16.63237879171637,1.1223649841889376
stream,515,,19.73233879807539,1.2815685395425271
stream,516,,20.789861224746176,1.6238800105136693
stream,517,,20.26057851215192,1.6848375471919512
stream,518,,19.920678928057814,1.6969295709220271
stream,519,,18.750692560698326,1.6174121994321422
stream,520,,17.4409738722422,1.621469288455855
stream,521,,16.599921744808512,1.6284722757417283
stream,522,,12.94315494789504,1.3079870001658955
stream,523,,14.625867774591702,1.3855215089509363
stream,524,,14.894053596533812,1.3831268743288392
stream,525,,14.947144315131728,1.3831356109971924
stream,526,,15.384731044716483,1.3659292426325453
stream,527,,15.772633656070479,1.3622710678403105
stream,528,,15.218640090807726,1.392898178261464
stream,529,,14.57064015650728,1.2950022478845586
stream,530,,13.217574411007051,1.2950022363011706
stream,531,,12.60003122543064,1.1257951707736882
stream,532,,12.993794472261214,1.0457793605269774
stream,533,,13.228244810243444,1.0313487743607286
stream,534,,14.570454726595786,1.1097086308723347
stream,535,,9.460385895299732,0.9904220127199477
stream,536,,8.41106195102228,0.5859927508517514
stream,537,,7.835638597269974,0.45866352458541854
stream,538,,9.549565153969692,0.4759862476731948
stream,539,,10.077604889915825,0.6344842143455682
stream,540,,10.53846455770858,0.7268503745229526
stream,541,,10.808614251688827,0.8152378374717526
stream,542,,14.009851635939414,1.053213188735631
stream,543,,12.117870145292443,0.9982236606024835
stream,544,,11.797784686740634,0.9735414913179503
stream,545,,12.373446881753207,0.9997763606567
stream,546,,12.53210618410993,0.9984854862784084
stream,547,,12.200841755557548,1.0816197633579732
stream,548,,13.02436521720052,1.054170180881093
stream,549,,13.044134619338157,1.0654281280285174
stream,550,,13.862002278171127,1.074781898714425
stream,551,,13.859550426322018,1.0581524952842758
stream,552,,13.285709590700348,1.07834088696663
stream,553,,13.715705033219834,1.1277758151624233
stream,554,,13.641457888228127,1.0446909864865719
stream,555,,14.525330811681373,0.9675908240889772
stream,556,,14.516214210548451,0.9959438856980652
stream,557,,15.363044494421363,1.0271667991774256
stream,558,,13.734277969297812,1.0708898637013116
stream,559,,13.214502763824052,0.9123918994870956
stream,560,,14.787788325223858,0.8883636643051993
stream,561,,14.408152019160307,0.9622053844033409
stream,562,,11.20477111168361,0.7219433475168392
stream,563,,10.751397409909266,0.6680812227167724
stream,564,,11.952370245490492,0.7123549463883933
stream,565,,11.1954180209649,0.7341736235792428
stream,566,,10.896772200124012,0.7519604725998527
stream,567,,13.603038241671229,0.8708188544672354
stream,568,,12.775212370725885,0.9745436816117431
stream,569,,12.71263285379813,0.96198361511004
stream,570,,13.223505807265079,0.9735687775234291
stream,571,,13.013550081121142,1.0044521779282831
stream,572,,15.771913940863833,1.0695856003745494
stream,573,,15.257694927210025,1.088043939015963
stream,574,,16.1942166758913,1.1461085219248976
stream,575,,15.574921852389345,1.1797289027543048
stream,576,,15.937801312594377,1.187739700869941
stream,577,,15.958481650769926,1.160411886465163
stream,578,,18.243778699735685,1.3023158211345913
stream,579,,20.5305959264674,1.6531509626314997
stream,580,,18.4008815651639,1.6462767886379173
stream,581,,19.063068297576354,1.4912177202786772
stream,582,,19.11545539151439,1.5019285624744247
stream,583,,19.75668946194745,1.5380645130458206
stream,584,,18.678728178338787,1.5193208939219833
stream,585,,20.572672787016913,1.497646857534277
stream,586,,20.63109541118474,1.652193732983391
stream,587,,17.774498320478216,1.4772807211135353
stream,588,,18.144759901470472,1.4059418662512175
stream,589,,20.288003766416324,1.5645800104142085
stream,590,,21.748086620838897,1.9471156892324506
stream,591,,21.94040789140651,2.0556533194605486
stream,592,,19.68856570541039,1.9646947519104543
stream,593,,20.075056955247124,1.897013572835356
stream,594,,17.851158751626187,1.8791315557270805
stream,595,,17.60108546621109,1.8398482049070604
stream,596,,17.529899801759512,1.8249480210210645
stream,597,,16.839832470870032,1.8506847190886357
stream,598,,16.8247179377254,1.6515947572664553
stream,599,0.9252720664508678,15.60395323281763,1.3162855581440511
stream,600,0.9248709072764679,18.361339882765154,1.2567405177354585
stream,601,0.9246799590693783,21.53057936008915,1.7809843107762804
stream,602,0.9243853048653716,23.352333873393107,1.7513683640087236
stream,603,0.9242706256657957,23.117730953198183,1.7324991734118607
stream,604,0.9241749063389123,24.872299927749406,1.7192384678550165
stream,605,0.9240104114761267,22.98406222540954,1.778961625464409
stream,606,0.9236909249823588,23.836510032532736,1.6801074948983978
stream,607,0.9231838307294424,24.114723669410974,1.6566860378910249
stream,608,0.9225188736091459,25.280415440151653,1.6272102506621005
stream,609,0.9216161281899155,23.16704388513232,1.5026179734161866
stream,610,0.9202564132011141,21.17899393524236,1.1093943656236587
stream,611,0.9188023687817778,20.934979300428232,1.0016951958473646
stream,612,0.91710693124055,20.272195810492388,1.007768736525243
stream,613,0.9160215833167495,20.32426672360595,1.0169949422440285
stream,614,0.9157586344903986,21.741068287180504,1.1340834793043153
stream,615,0.9154184706940416,21.705341798538615,1.1749476730776436
stream,616,0.9147416087288521,21.46386524261422,1.156403846850608
stream,617,0.9141598360275355,21.510638073723808,1.1540885702500963
stream,618,0.9134955482649686,19.328726502533904,1.1319822988855401
stream,619,0.9127972367945981,18.496455812709637,1.1174652358129842
stream,620,0.9119397699251433,15.906474696377556,1.1511806951022745
stream,621,0.9096148701845927,12.184644328905566,0.6143620851780038
stream,622,0.9057252506894294,11.50125732769887,0.6083660857914511
stream,623,0.9027139108556796,12.385679432865677,0.7198034650309191
stream,624,0.8989030351729713,10.501651550280666,0.7539087469273047
stream,625,0.8961600786642654,11.807872527604236,0.7050568331115941
stream,626,0.8940943181814889,11.682268384586095,0.6347435245278314
stream,627,0.8913773774065479,11.48974099100137,0.7272235274544065
stream,628,0.8894737957178795,9.973922422098795,0.730263902311016
stream,629,0.8879064044043262,10.952979728329707,0.712548533694421
stream,630,0.8852485228137823,10.151201974335759,0.7528446680604979
stream,631,0.8859964923230323,11.92217039477573,0.7646094305332307
stream,632,0.8885199288391626,17.884100225505588,0.7969482276476456
stream,633,0.8902740937817641,19.403680516738046,0.8202282755548715
stream,634,0.890877268434293,18.08491665755448,0.7884308047910431
stream,635,0.8913158742009819,18.326149808900553,0.7489058487888756
stream,636,0.8931446212175654,19.713728835457978,0.8610366535901521
stream,637,0.8950403884224171,20.27842568568469,0.8334927177359592
stream,638,0.8960093070523152,21.418209661643925,0.9765942732620115
stream,639,0.8966489217451428,21.217907984988333,1.051697171695731
stream,640,0.89827508572892,21.911580873209132,1.03242747303781
stream,641,0.9000114723246847,21.67004904882129,1.034929015981536
stream,642,0.9009654357056347,22.225646448781024,1.1643590672954889
stream,643,0.9028299926287803,22.6428482569121,1.3177947270101078
stream,644,0.9048852765769636,23.204988851465657,1.266515684380928
stream,645,0.9066939134896971,22.47406684562404,1.3229513155162982
stream,646,0.9080604507298622,21.34373303926185,1.3553200230254616
stream,647,0.9096110673952025,22.68516746349427,1.3323737128284394
stream,648,0.9107934805875725,22.79810625088102,1.4243851404790706
stream,649,0.9122137252612033,22.312795095432946,1.458133309361518
stream,650,0.9135719901131686,22.63847351846981,1.4541595322088177
stream,651,0.9149047048198681,20.871084271004797,1.4344392047963255
stream,652,0.916648018596967,16.63282753358827,1.4645472227554117
stream,653,0.9181130126354711,14.533170285776373,1.4752124454448212
stream,654,0.9194893816827815,14.860534243403109,1.356085339347746
stream,655,0.9205735643787731,14.64681432164822,1.3826079981814767
stream,656,0.9215179589722091,13.97692400115449,1.3073317869245513
stream,657,0.9222140668862867,13.84143751065199,1.3047362509358102
stream,658,0.9223293200781939,14.092319931086125,1.169069745683585
stream,659,0.9218223891777861,14.086531273754328,1.170031713412105
stream,660,0.9207159012492234,13.245671475021798,1.1495569399185206
stream,661,0.9199646978574486,15.177312572090191,1.2727949036724038
stream,662,0.9197915260062272,13.84212274505024,1.1718771316729564
stream,663,0.919642618303416,14.226257096033692,0.9235850753888168
stream,664,0.9201012682063455,14.050368035009711,0.9497111582459261
stream,665,0.9206893094301567,14.644342744525233,0.9678836281849774
stream,666,0.9217400246794095,15.94167570814838,1.1372612214079603
stream,667,0.9230552192090108,14.349602814061711,1.1200442641669637
stream,668,0.9246960098506297,14.592717000350794,1.015458057664366
stream,669,0.9263115950790914,14.063700116346332,0.9780394435423715
stream,670,0.9282094966103279,13.737545184973882,0.9308009379856463
stream,671,0.9301574687445224,14.418341692083835,0.9284532735493735
stream,672,0.9316206554193155,12.641275032592931,0.8851596389549792
stream,673,0.9330949286157423,13.024884764764991,0.8459161252839416
stream,674,0.9348169916904425,12.790594210760696,0.8967782582116307
stream,675,0.9360682374206148,12.87772648815865,0.8886252428503394
stream,676,0.9367338343616612,12.301525467691038,0.8803842410619893
stream,677,0.9373173966671596,11.527105281230448,0.8901810091024059
stream,678,0.9377188999336491,10.397368360887038,0.9134393271442575
stream,679,0.9379141245379353,11.833350734576369,0.8455951168849736
stream,680,0.9380807548586133,12.46345865020555,0.8523207576146683
stream,681,0.9380835819861149,12.194532260104623,0.7417574508528447
stream,682,0.937806718729588,11.791311970853355,0.7783176249081131
stream,683,0.9375126386697241,9.734084902148831,0.7469129447900981
stream,684,0.9368741403554063,9.583943190277544,0.7174776366029468
stream,685,0.9362750150185389,8.362619078111381,0.6129033506318116
stream,686,0.9359941059444087,7.62991410836865,0.43142137642358613
stream,687,0.9355527437705817,7.830446759433397,0.3736887181530893
stream,688,0.9352048115371838,9.398089198189394,0.40517093803501414
stream,689,0.9341587520116973,9.725373640606684,0.5229842275715756
stream,690,0.932238308660785,9.757929071029665,0.5466694347481652
stream,691,0.9312196794041384,9.919628788546525,0.5358472606190229
stream,692,0.9310733955085362,11.875418084471002,0.5134664249448426
stream,693,0.9308977623249212,13.52254735564217,0.8117054534039327
stream,694,0.9312084202886475,13.365177917787971,0.8604372319830506
stream,695,0.9310285040988877,13.358685314471346,0.8402265414435579
stream,696,0.9307327090397396,14.195659751886586,0.8710331895299026
stream,697,0.9303274263991377,14.196716822369394,0.8967435339089093
stream,698,0.9306019706309632,13.75912668750017,0.8664591502358752
stream,699,0.9309357820481875,12.292885958179717,0.8572750626173656
stream,700,0.9306949390670484,12.25582471495188,0.8887471953484432
stream,701,0.9306325921837093,10.506335254559234,0.8752761153454105
stream,702,0.9306954873821559,10.502654329563956,0.8138688616719728
stream,703,0.9301362162321507,11.505756842897927,0.8511422166246057
stream,704,0.9300917758091111,11.770195570408744,0.9500589808916121
stream,705,0.9302577246636337,11.786616506007485,0.9735847048256447
stream,706,0.9302864493072276,11.321845531058031,0.9501540905236167
stream,707,0.9304626780367397,11.099495351990099,0.949357087138938
stream,708,0.930751739827992,9.167588646926065,0.9189147944444406
stream,709,0.930955955952698,9.85602725556768,0.8346908773115036
stream,710,0.9311828887198833,9.910713849010097,0.8240304956611174
stream,711,0.9313107518758901,9.412982434508121,0.839328864756042
stream,712,0.9313243082587841,7.679682050779538,0.8356807309164176
stream,713,0.9314497503273759,7.582783522274601,0.551289746653471
stream,714,0.9317961425623327,8.24801428951998,0.45641595792492484
stream,715,0.932271052488106,8.14647464493586,0.49707752512977976
stream,716,0.9326222569071718,7.49401559075685,0.45081431153476087
stream,717,0.9330821467347094,8.120473631266362,0.417684846543691
stream,718,0.9332334920481274,8.281205189533104,0.4895360412650332
stream,719,0.9330477612447695,8.322172185934763,0.48935348558513225
stream,720,0.9327442544797316,8.433696732365982,0.4674937597890634
stream,721,0.9325890466141274,8.343581270911876,0.5211211239130658
stream,722,0.9333001556884488,9.27447492121518,0.531326465905119
stream,723,0.9341391037993064,9.526627674598368,0.4930131815661537
stream,724,0.9350239708682924,9.065147170729732,0.432222343081646
stream,725,0.9362351957452738,9.877378489327391,0.42422606129796475
stream,726,0.9374089327641849,11.146145056875719,0.42876732123156436
stream,727,0.9381003251465849,12.36100123576594,0.6140352893318046
stream,728,0.938327344781009,20.98407284629817,0.740296381342421
stream,729,0.9384415633558092,20.325907528706562,0.8794365196508293
stream,730,0.9387405437066821,20.495250898465795,0.8652014200498508
stream,731,0.9386748188226758,21.16111892920897,0.847347309557493
stream,732,0.9385105431951674,21.38374008693205,0.8468124731850752
stream,733,0.9388794214701512,20.667067695815618,0.9371589792019408
stream,734,0.9391697803416817,20.80653478018545,1.0630827784833332
stream,735,0.9397351458355501,21.27660099921054,1.0982980709824088
stream,736,0.9401124524828355,24.446942990060933,1.3417139134582696
stream,737,0.9405245431714517,23.94944371716663,1.5285018423515035
stream,738,0.9407611854964872,25.242699315683513,1.5382919871179728
stream,739,0.9409505674216875,25.182502135508535,1.5881687884660156
stream,740,0.941031285822381,24.526847560527226,1.5782033009926568
stream,741,0.9410536303512678,27.572424889132684,1.5893214180500814
stream,742,0.9412384807372212,28.10638600837393,1.5868045892072347
stream,743,0.9413766174863697,26.890674614597103,1.6530231083793554
stream,744,0.9414740976042694,27.469984970555725,1.6635013045024465
stream,745,0.941615197460382,26.873137786441532,1.7095565687220118
stream,746,0.9417441766441925,27.57991952892397,1.8275883552286087
stream,747,0.941708769727935,26.407007141038747,1.7642167190091802
stream,748,0.941592278014723,17.82730376115599,1.6423950996780396
stream,749,0.9414761125587784,17.46504986596635,1.457727581042231
stream,750,0.9414890658256204,17.23544159943739,1.463672731766211
stream,751,0.9415632932274072,16.496664155066387,1.4543988133002108
stream,752,0.9415693975347778,16.05853518943115,1.4618996755827431
stream,753,0.9417399234505782,15.234914158450016,1.3661663373044703
stream,754,0.9419194450115898,14.822351173447943,1.226089437062722
stream,755,0.9418584045269751,15.26483500694929,1.2537327061121257
stream,756,0.9416446585043875,12.556683334625427,0.9957011643577883
stream,757,0.9414590530118443,12.534685918176889,0.8709896647057898
stream,758,0.9412216154434231,11.10192362253269,0.7877675141773912
stream,759,0.9409349648831945,11.270377300605618,0.7461132509373979
stream,760,0.9409292697140906,11.238356258746261,0.7600882989622413
stream,761,0.9405056678636567,8.31555961608858,0.7157439778350129
stream,762,0.9400338504063314,6.955077212606539,0.732161297269515
stream,763,0.9397171197218944,8.664768832381176,0.7032134658463031
stream,764,0.9388409863718216,8.266571229193914,0.6745469940207163
stream,765,0.9380311482734566,8.370141663519842,0.6396321542423307
stream,766,0.9366364897403071,6.701414471195616,0.5180379035073993
stream,767,0.9363210826547481,10.745010540908698,0.6775016931776521
stream,768,0.9365399937521002,11.566983455160413,0.6961869656150983
stream,769,0.9368137049514483,11.738820834746301,0.753658928573419
stream,770,0.9366919636126377,16.93189327738164,0.8556267689992523
stream,771,0.9364288931506778,17.017950152350597,0.9574269561396945
stream,772,0.9361840002074878,17.61106064367772,1.0255339555103344
stream,773,0.9366742322101027,17.314534225041825,1.0117383457888203
stream,774,0.9375937170910832,16.93593384542639,1.0117981630925106
stream,775,0.9380320847359698,16.97972745476018,0.9516260357146679
stream,776,0.9375935007913946,16.34037359547144,0.9602583721610618
stream,777,0.9377239584095176,16.23120821773824,0.909874500347141
stream,778,0.9376288972308683,18.001224997447302,0.9624956624420175
stream,779,0.9371188698151719,17.885530649677637,1.0618840686450053
stream,780,0.9367957642743983,17.74786202194405,1.0424150283821774
stream,781,0.9371979768400983,19.668798248992875,1.0899787000309529
stream,782,0.9372822807917337,19.571827644554368,1.1186319372884799
stream,783,0.9379628960851947,18.895162158791972,1.1136418761219458
stream,784,0.9383779824342667,18.851497119091153,1.0967104863179074
stream,785,0.9381032909587941,18.53413761338943,1.0708900319901027
stream,786,0.9374058757869483,18.21180032016548,1.0698168572115871
stream,787,0.937481270452888,14.140141897585067,0.8047290353438528
stream,788,0.9379245177009973,16.490197380978973,0.8851505064145487
stream,789,0.9380514251971527,16.313583016802948,0.9237020499356297
stream,790,0.9383405424764343,11.83216165639423,0.8386034415075141
stream,791,0.9383326564433734,12.240487563080118,0.7343864062356891
stream,792,0.9376265530476737,12.631580954930765,0.7817442315862669
stream,793,0.9373580220432818,14.254168388253506,0.995985423362504
stream,794,0.9377294833236003,15.306988524570384,0.9969078858610831
stream,795,0.9384834767509171,18.140847963600486,0.9940419451885534
stream,796,0.9392962377478881,18.20615052643626,1.060060263301472
stream,797,0.9397371608229473,18.382637723507127,1.0652277491129376
stream,798,0.940134160327838,16.635370110477528,1.03442705305982
stream,799,0.9403646638146819,16.758659117762225,0.9289824424839699
stream,800,0.9410388405711151,19.337179467387905,0.9840089486085081
stream,801,0.942103479590627,19.746488797861584,0.9127607158546894
stream,802,0.9432487892866241,20.473244477623755,0.8692755511408762
stream,803,0.9437942172222602,21.605598092149055,1.0155685392776672
stream,804,0.9440915575358306,23.04277273476404,1.011943558757387
stream,805,0.9445425115617051,23.024669397986937,1.0659759178717696
stream,806,0.945109528415622,23.58328026536194,1.0929693822906006
stream,807,0.9455052914135601,23.569148112016634,1.0903679989085557
stream,808,0.9457680689705696,21.111174852090876,1.0239175029563197
stream,809,0.9460189349417875,21.232862250224432,0.9446367748263282
stream,810,0.9463694289024221,20.6565753958218,0.9215103050619289
stream,811,0.9467696976946101,20.759929566489095,0.9736000816324033
stream,812,0.9470335460438966,19.850039765045302,0.9047451460776681
stream,813,0.9472785748813902,18.28869732484094,0.6947278876599242
stream,814,0.9474841834267839,17.184924517489996,0.7063827465522153
stream,815,0.9475149635935448,13.420341550429526,0.6669202435674974
stream,816,0.9473792639267735,13.238304757235523,0.600901926962679
stream,817,0.9474220569539255,14.579083311771797,0.667858434320789
stream,818,0.9475861357155577,14.549521312944544,0.6945185937695365
stream,819,0.9477168543868877,14.56114471672396,0.6967957875627676
stream,820,0.9477790369498723,12.05065213863578,0.642499485232052
stream,821,0.9473299062941621,9.877039194755971,0.6779837193988897
stream,822,0.9466098638706729,9.618729977515532,0.6647519461581678
stream,823,0.9457459372708458,7.459402289410403,0.4863960081301461
stream,824,0.9452083218250159,5.864220303413262,0.4830937666739291
stream,825,0.9449450112290124,5.9004426689125085,0.4255783914369757
stream,826,0.9448512869711491,5.299984418530954,0.4009169163741199
stream,827,0.9447331090546237,7.451053570116134,0.430032851297679
stream,828,0.9455144848575441,6.680269378184324,0.44537543704813304
stream,829,0.9463070302859222,6.717447839276004,0.4420866040416672
stream,830,0.9469622906256056,6.689411746755795,0.46387328283085905
stream,831,0.9475467743367675,5.836942161227958,0.4290508614614129
stream,832,0.94802684265944,6.430143360682602,0.4059990276080512
stream,833,0.9480987021477921,11.461416402939648,0.4649202122332755
stream,834,0.9483725171026414,11.543914398349923,0.6901392313724499
stream,835,0.9487361410647892,11.807788626923655,0.694038236162178
stream,836,0.9490119496574323,12.369125111235387,0.757424370025419
stream,837,0.949367621461751,11.602496727241885,0.671233084894979
stream,838,0.9499267344088342,11.699140686725018,0.6892414481170511
stream,839,0.9503617283002032,12.041004857694949,0.7271839300582214
stream,840,0.9507209577688474,11.988414073531054,0.7413603543857753
stream,841,0.9511969941591603,11.554101985974805,0.7058988412335634
stream,842,0.9514324189660662,12.335143404188274,0.7555480831034874
stream,843,0.9515728842305607,12.543725296622744,0.774696306679339
stream,844,0.9516639166129965,14.182656951369916,0.7883467937583158
stream,845,0.9517401451045174,14.421822485756467,0.7976745396568466
stream,846,0.9518190452491565,14.485399906825368,0.7965670044677052
stream,847,0.9517861809473167,13.00514819601994,0.7615004617157546
stream,848,0.9515472635339784,13.328011505976281,0.708391395678638
stream,849,0.9510652711243687,13.160812670885873,0.7062911471244624
stream,850,0.9503439171015388,13.411305467245342,0.6960457217141329
stream,851,0.9495604656446008,13.577157866406214,0.6779267840992762
stream,852,0.9490111395854699,13.03618876090332,0.6448897259306909
stream,853,0.9488316481516764,7.83305472106203,0.5843080888237441
stream,854,0.9488192258823104,7.793012689303929,0.34821006342661254
stream,855,0.9490524608517985,8.950126727019276,0.37545676933781713
stream,856,0.9493892478466871,8.345321287883847,0.3417516042903692
stream,857,0.9500855831295734,10.075001886990734,0.4118598525952042
stream,858,0.9505784044044235,11.044632455764962,0.3491014996614735
stream,859,0.950923222507226,10.635560186240303,0.39036404867590424
stream,860,0.951356628471812,10.865218081834328,0.39951591267640846
stream,861,0.9514635423931992,11.041418303816027,0.4385178903766994
stream,862,0.9516688196615489,10.635673894845548,0.4632474709109489
stream,863,0.951703579839142,10.496812777444706,0.5209606788879488
stream,864,0.9519175964636717,8.965379618963283,0.5219092551014676
stream,865,0.9523077859708221,9.33794483571182,0.5194399640622352
stream,866,0.95255276242602,9.305170739796937,0.5284936632876676
stream,867,0.9526402045372603,8.813340918694475,0.5226458586245508
stream,868,0.9526758508697502,9.66090859339863,0.5397899402726709
stream,869,0.9527564334217343,10.600048669317632,0.5277371138971745
stream,870,0.9526971265890561,10.281325306063897,0.5355442613834626
stream,871,0.9528290365820429,10.410797324255045,0.5418014939243659
stream,872,0.9531700114794746,10.554209583939153,0.5412078112269111
stream,873,0.9535380904840279,10.646035139888722,0.5363630394457504
stream,874,0.9537989343639095,12.989281812814319,0.6272994096335913
stream,875,0.9540630198531435,11.641066178735887,0.6529843218335575
stream,876,0.9541894232766296,11.600861867021877,0.6256298860307576
stream,877,0.9543322475434767,10.658069675412879,0.5945662601979199
stream,878,0.9544779286378803,9.720807861993153,0.6211516489555684
stream,879,0.9544044264641302,11.387908787195974,0.6538724828899544
stream,880,0.9544213058542435,11.309672975218144,0.7311927001615756
stream,881,0.9545863864734997,11.29589536514255,0.7354369779352505
stream,882,0.9547897827834387,10.66805371835046,0.6607115071720745
stream,883,0.9551156475860549,10.846518532673297,0.5844087963328644
stream,884,0.9554105944905461,10.954018678268111,0.5693071420187757
stream,885,0.955564159120257,10.30610444239429,0.5603474040125904
stream,886,0.9557295264479496,10.306224432233464,0.5524449230561228
stream,887,0.9557994653942992,10.13705061312215,0.5536295633467166
stream,888,0.9558246635975424,10.519687573501113,0.6179093271702452
stream,889,0.9557849389163302,9.676357165859873,0.6929381605446653
stream,890,0.9557067318212232,10.15541954192886,0.7024560829767239
stream,891,0.9555742030466988,9.849418640478094,0.7072538304923885
stream,892,0.9553595403496684,10.15216259629123,0.7293855301030641
stream,893,0.955207702892351,10.189916682068255,0.7413212302165222
stream,894,0.9551245180129576,7.911845783365108,0.6702075669062908
stream,895,0.9550896475407802,7.8246617926324,0.6185930304594777
stream,896,0.95504707244065,8.67447803028984,0.6234978112312994
stream,897,0.955012352474282,10.266117941279159,0.8947945713641694
stream,898,0.9549652701270726,10.305304737891575,1.035083832437456
stream,899,0.9548731492988211,8.717517610222776,0.9403152809998688
stream,900,0.9538807584219813,357.9954055999688,237.1602280142753
stream,901,0.9522366809671582,13732.245653073685,281.7153183493378
stream,902,0.9503063134693512,30294.936664852095,287.7007104827899
stream,903,0.952723695528258,36519.434770650536,378.03751229716363
stream,904,0.948948710495316,37455.522612740395,462.82546564627864
stream,905,0.942787490788909,37500.7410428511,483.69366739907804
stream,906,0.935841553530322,37504.19354415939,484.50436366968495
stream,907,0.9307881272506936,37504.36740922368,484.7689410317773
stream,908,0.9270050960262266,37505.83108491084,484.7822924834175
stream,909,0.9252188234308645,37509.91338302499,484.7230183311492
stream,910,0.9245004786957092,37511.52331392998,484.70559329722494
stream,911,0.9271857833268142,37512.64480404439,484.95930459846977
stream,912,0.9313600614166522,37512.87213073021,484.9380706852605
stream,913,0.9360489158230431,37513.501628962775,484.927459835605
stream,914,0.939701653158223,37513.82885550053,484.9809078328905
stream,915,0.9411401737123813,37517.153794290505,485.02364995434067
stream,916,0.9416767005493413,37516.30579136187,485.1508878659014
stream,917,0.9420582439252929,37514.89071993051,484.9028013817012
stream,918,0.9415236990750602,37515.099958303115,484.75753257206543
stream,919,0.9419134521600132,37581.16959698008,486.7796893624765
stream,920,0.9435598715747012,164557.86895285224,258.4786811993026
stream,921,0.9426226308045695,152640.17912286334,221.9509518426291
stream,922,0.9419147998369303,137826.8156770887,216.44781776140167
stream,923,0.9412501917215204,133854.99748261922,127.3432573121423
stream,924,0.9407354731992612,135362.35403938039,42.70840050035785
stream,925,0.9407675584740791,137963.9220783914,21.980605534435686
stream,926,0.938821673819937,140212.26889653318,21.73577407635571
stream,927,0.9336523024689922,141583.8949876375,25.421585277671074
stream,928,0.9276268070351954,142463.65640692564,27.204896926762114
stream,929,0.9260141993585148,142901.82820486103,29.834172212673877
stream,930,0.932168638548806,143067.8973924953,32.2309314544807
stream,931,0.9323279960761446,285224.17663789855,2859.9360242603807
stream,932,0.923993181871041,285504.6613539016,6817.190524289144
stream,933,0.9250701005026669,285821.6541682827,6860.199465199904
stream,934,0.9244853241762191,285834.349921852,6876.894457727048
stream,935,0.9242248336795565,285831.0618396682,6877.346671907593
stream,936,0.926239158965945,285852.3468986221,6877.935335953238
stream,937,0.9260881102667965,285863.2209669669,6880.25401406605
stream,938,0.9267471011385279,285867.1993501211,6881.3734364329
stream,939,0.9276140621345305,285803.3583609838,6879.332271415773
stream,940,0.9293105788935836,158477.21536758862,6871.39451142447
stream,941,0.9313107279173978,157020.65681085343,6863.331311262929
stream,942,0.9332700649081545,155271.1089967637,6862.856346497268
stream,943,0.9352655967682687,153019.31523374483,6861.680978773179
stream,944,0.9364282855955597,150575.96811539333,6861.540419388249
stream,945,0.9369502210271818,147929.447732033,6861.398117758869
stream,946,0.9370825391939734,145677.5874090973,6860.832654564226
stream,947,0.936458773429796,144306.50378708864,6856.9102190351405
stream,948,0.9356704629467266,143424.93017179068,6855.035782133438
stream,949,0.9349693623007854,142982.62885882464,6852.414436726377
stream,950,0.9343959577690593,142815.67015062924,6850.045728716667
stream,951,0.9336147259118656,658.5350868556274,4022.0829762540575
stream,952,0.9325221297704572,377.2471752762681,64.84365785594836
stream,953,0.9308554086235589,59.500749212795384,21.835847610028665
stream,954,0.9280434808297237,46.368660936244865,5.068626271900215
stream,955,0.9251500042303152,46.33094668786048,4.568310178603187
stream,956,0.9215925770205544,25.095417828736245,3.8360621862334305
stream,957,0.9185514356394723,12.54084309073344,1.4554525265374612
stream,958,0.9148744700481307,8.269908770858768,0.3259302680404273
stream,959,0.9115115397958933,5.843294893702332,0.32695041226593996
stream,960,0.9083013392617921,5.857162407684873,0.24389888999794385
stream,961,0.9048303660305911,5.760307686814895,0.24459104023989559
stream,962,0.9016659410250116,5.903427039794098,0.24003797037024216
stream,963,0.8978537058636868,6.514701551365545,0.2092797943058088
stream,964,0.8955711138638466,9.129351451774351,0.5502841121868252
stream,965,0.8931148259095358,8.911032324506817,0.6765611460557901
stream,966,0.8919192750355801,9.084647845783927,0.6755192473519268
stream,967,0.8921569834515773,8.47583997800312,0.6462149237398671
stream,968,0.8932098664322635,8.095586865537259,0.6956739452768288
stream,969,0.8943577203322307,8.843166881355629,0.7913343203704385
stream,970,0.8951022341472853,7.577340669007993,0.779366547204759
stream,971,0.8959529169431203,7.277875798549914,0.7711335413543815
stream,972,0.8967900520335147,7.33623920777336,0.7573985540473869
stream,973,0.8980142495917289,7.330496404173952,0.7611680202259319
stream,974,0.8998293059062229,7.800771834323181,0.7932007795096988
stream,975,0.9012282973609019,7.873255937940874,0.8260774306040437
stream,976,0.9020280729745008,7.825543925709605,0.830980069907459
stream,977,0.9029030055923255,7.98223756266153,0.8373718387568491
stream,978,0.9029345182298808,7.885070218503283,0.8276583905304282
stream,979,0.9025481797203054,7.880710297162117,0.8246738761695724
stream,980,0.9018433785153867,8.866832276909182,0.8552328433847397
stream,981,0.9007321989213356,8.881928983364405,0.8611582114829772
stream,982,0.8993372819987273,9.135325261609518,0.8890806974455635
stream,983,0.8980495594112722,7.292314907276394,0.8684219528424568
stream,984,0.8969977442223334,4.359497194692882,0.5151838329608245
stream,985,0.8962105257785976,4.426398353909111,0.39985748313995995
stream,986,0.8955753210743516,4.844970580209475,0.40711272620180394
stream,987,0.8953803675407039,5.450148965250856,0.4947144444252426
stream,988,0.8954881427720534,4.629077146319839,0.4769772585203688
stream,989,0.8959577955235362,3.830206265094186,0.35765504602999876
stream,990,0.8965418834462683,4.1998599399803895,0.3402412759796755
stream,991,0.8969339453423116,4.970524225807653,0.41990623977821695
stream,992,0.8971971043798926,5.154023672259823,0.4233321406490221
stream,993,0.8973939877271251,5.411204759093663,0.452642153409925
stream,994,0.8972614648707301,5.056793738920973,0.4387535747006487
stream,995,0.8968258057872488,4.97508396689378,0.4102346331810303
stream,996,0.8958559029726026,4.971004716600071,0.40453944473483056
stream,997,0.8948441695094645,4.83056054313633,0.3978738454855354
stream,998,0.8939619298961522,4.969236804857014,0.3930401380781857
stream,999,0.8930067398977165,5.368099013384834,0.43846717116868905
stream,1000,0.8926964996970761,4.390034190245061,0.4192624806749362
stream,1001,0.892204920470942,4.3905322865986625,0.42370817384514414
stream,1002,0.8921582261890412,4.022039707826249,0.395384048193547
stream,1003,0.8925234858826583,4.111706336285002,0.38754116436129876
stream,1004,0.892477591800339,5.362767256057509,0.48368385286132426
stream,1005,0.8928496488382024,6.208856120537457,0.625454884387525
stream,1006,0.8933473745288262,5.900665336081475,0.7240325994505055
stream,1007,0.8940833298155325,5.801851107074265,0.7080812869373331
stream,1008,0.89448964784623,6.024475554899252,0.7455471764921047
stream,1009,0.8943733607509704,6.027587181902394,0.7525821683290548
stream,1010,0.8937017166557306,5.705652185291877,0.7416951531089634
stream,1011,0.8924449237351192,5.108191499336059,0.6623034315607493
stream,1012,0.8909528321426475,9.574317759857223,0.6760045112061017
stream,1013,0.8891592135068784,13.147463819666356,0.7692318707642006
stream,1014,0.8894295584811722,41.67443076210434,2.6092053752221838
stream,1015,0.8871133254189577,88.74748079633645,8.047181396688778
stream,1016,0.8858284888948806,102.19442350332608,12.033803608221042
stream,1017,0.8851311994615234,102.48590141573565,12.744873515112943
stream,1018,0.8832594243960342,102.3578152083088,12.755355640474955
stream,1019,0.8808657133152199,102.08263901803524,12.712859718290797
stream,1020,0.8788878729651777,102.47768548140454,12.741953591509837
stream,1021,0.8765655737058614,102.44252014384931,12.727540410723975
stream,1022,0.8758866181712276,102.4842527279033,12.734915866810823
stream,1023,0.874430512093967,102.47864149100096,12.756020640981403
stream,1024,0.8732966176869511,101.21481627202307,12.659681027982169
stream,1025,0.873367282634925,100.45062778526493,12.509035943654506
stream,1026,0.8723762361849312,100.23597009445017,12.403059077693577
stream,1027,0.871657662983608,99.62049744603345,12.336650402430191
stream,1028,0.870855590008142,99.61202659274447,12.268207254859945
stream,1029,0.8709891729728039,100.13918488256346,12.29746069956221
stream,1030,0.8713695206138545,100.41693569765019,12.35531199167824
stream,1031,0.871062478426357,100.34606324052768,12.357423951291281
stream,1032,0.87135494034851,96.10061363441497,12.369996082469155
stream,1033,0.8702991247882865,92.42747796580572,12.275949447195579
stream,1034,0.8706456055150404,64.77582150484251,10.49343967153799
stream,1035,0.8689267027672508,18.23790276723833,5.17588936237073
stream,1036,0.865162371317853,4.81593403351731,1.2174339344721927
stream,1037,0.8608562532388695,4.475342589380176,0.506577258023647
stream,1038,0.8560204777475514,4.489331950041746,0.49569837156160884
stream,1039,0.8504685310529853,4.528477118813274,0.5024598979953159
stream,1040,0.8441343064003333,4.148056294308753,0.46523125634034335
stream,1041,0.8380482534928849,4.833379448335335,0.488167619313455
stream,1042,0.8320202759166131,4.847412416779431,0.5334502983130581
stream,1043,0.8281696391198764,4.781055647817521,0.5159163485839167
stream,1044,0.823088039381689,5.931148995583221,0.5849816496932481
stream,1045,0.8186931747188106,5.815030796607291,0.6455098948640147
stream,1046,0.8148561791258896,6.104408265779043,0.6449915726028116
stream,1047,0.8107282704368801,6.104975609097419,0.6501989182582587
stream,1048,0.8056352475802253,5.894939390960755,0.645136042859218
stream,1049,0.801285816445703,5.381736933946042,0.6090530742145728
stream,1050,0.795842556078416,5.268140922817849,0.5568804565895759
stream,1051,0.7886316903215415,5.192527984008626,0.5570983552836437
stream,1052,0.7834119018776072,5.266144574683935,0.54452619584804
stream,1053,0.7784477214890873,5.1932518373903225,0.5540622700396264
stream,1054,0.7721319910884181,4.579445609835094,0.4827120506309513
stream,1055,0.7664639524488716,4.64389863130283,0.431731581651675
stream,1056,0.7622018305821517,4.652138670407454,0.45138354915518186
stream,1057,0.7611875901633937,4.970769811165585,0.4651881125373772
stream,1058,0.7598592244703478,4.945909471618667,0.48024369006707757
stream,1059,0.7576871559784416,4.871258814465523,0.4789561315698009
stream,1060,0.7531350997874887,6.8310702722400745,0.5254725366700422
stream,1061,0.7516054051880752,6.930081152749298,0.6933341865175068
stream,1062,0.7513384637186921,6.961515062023114,0.65458526389128
stream,1063,0.7508521971755097,6.979078279909354,0.6515484939976075
stream,1064,0.7492472576691758,6.352893852260411,0.6102636613106841
stream,1065,0.7478371627671324,6.554512683346277,0.5857843056564069
stream,1066,0.7475501432217032,6.308051566691499,0.5903529108401487
stream,1067,0.7466532450235535,6.435231354674873,0.6063363708733189
stream,1068,0.7461720068702891,6.434862859574779,0.6148309920103626
stream,1069,0.7448863349577902,6.507255911840317,0.617689252968992
stream,1070,0.7430075724934294,6.3026967808283905,0.6129379080973955
stream,1071,0.7416094535451426,6.31916068813431,0.6162948970301382
stream,1072,0.7422593782347899,6.17395604912923,0.6009596595823881
stream,1073,0.7430637233237961,6.235960024165668,0.5930717651250937
stream,1074,0.7418922197729821,7.779638961462628,0.6276679662916781
stream,1075,0.7411223414571293,7.236832315840558,0.6439846406247284
stream,1076,0.7404801393538385,7.225155245057963,0.6084996779075467
stream,1077,0.7406624864184018,8.227955007095778,0.6443091170359166
stream,1078,0.7407914673064119,8.77711229978855,0.7621756230736705
stream,1079,0.7411770556542949,9.471748000280435,0.8469173035846309
stream,1080,0.7414286204420719,7.500483144524142,0.8115389985599747
stream,1081,0.7421136909037652,6.797470980623895,0.6194611746103933
stream,1082,0.7419674801346721,7.41997085067969,0.6493799904796503
stream,1083,0.7418013405940668,7.586213362462638,0.7189656442704452
stream,1084,0.7411532878908366,7.174606025920613,0.7251017035985446
stream,1085,0.7401119919782168,6.935157580812539,0.6883991202326489
stream,1086,0.7386829378378801,7.003925910247145,0.6893569751300483
stream,1087,0.7367166074702327,7.988797907054115,0.7310605639609784
stream,1088,0.7336298701655835,7.98612470357897,0.7475902182854967
stream,1089,0.7302885232391836,7.905147900307322,0.7457509361924566
stream,1090,0.72669392288479,7.94000124903823,0.7448071077978369
stream,1091,0.7229853179786133,8.189496891528531,0.7473981734349453
stream,1092,0.7194147237379412,7.785197800447131,0.7599038370392647
stream,1093,0.7169032486669433,7.789386580088376,0.727846371646897
stream,1094,0.7147124480990241,5.911710195463489,0.7018355026044985
stream,1095,0.7116986228507748,7.039302764562813,0.6323144050771813
stream,1096,0.7095871072616746,9.254521267524845,0.8428719323023717
stream,1097,0.7071729534525634,8.094564296857504,0.9093644352563925
stream,1098,0.7049394814659089,8.00662577944704,0.8182926166369099
stream,1099,0.7023244017736435,7.93826238951335,0.8223434155212264
stream,1100,0.6992932239835662,8.034288598319382,0.8184150655305648
stream,1101,0.6960152215370934,8.005538843731536,0.8373269104794706
stream,1102,0.6933416807514875,7.309502833912825,0.7911004859986097
stream,1103,0.6910012710447656,7.55412035419186,0.7277073725908116
stream,1104,0.6888136249413965,7.589437818170365,0.6946385423486379
stream,1105,0.6873655190823822,7.792991457245458,0.7209624111113354
stream,1106,0.6855425669592355,7.616541825378325,0.7246409641131485
stream,1107,0.6839085828876278,6.616192839049659,0.6557247483570109
stream,1108,0.681910897865908,6.612476054351905,0.6335583475422556
stream,1109,0.6797062694733742,6.650874523335068,0.6332934570767432
stream,1110,0.6779873718909762,6.6101442244887885,0.6333781309000723
stream,1111,0.6760377897098925,7.816354086190343,0.7020483160037883
stream,1112,0.6744259486573653,7.869474189506936,0.7109212543566586
stream,1113,0.6743556184140175,9.811470021757664,0.7827265992293302
stream,1114,0.6747014889727805,9.836205678429392,0.8159706848862099
stream,1115,0.6756332675922184,8.786339525149312,0.8159706837908726
stream,1116,0.6763600273898859,6.650558216476784,0.59534864009893
stream,1117,0.6772246615609957,7.115884263368741,0.512222055422437
stream,1118,0.6785575137272072,6.839729542795278,0.47901926035358094
stream,1119,0.6790573698176728,7.571789562131341,0.47630925432594734
stream,1120,0.6794992393117602,7.451966206988373,0.5054517015896597
stream,1121,0.6798583803569408,7.872480303519335,0.5054517301546483
stream,1122,0.6798722357367664,7.963083201253152,0.5533787110774981
stream,1123,0.6798525011866913,7.5156330167234655,0.5511071139897625
stream,1124,0.680428334856531,8.327313846386183,0.5752002884180457
stream,1125,0.68055259408864,8.410578537420921,0.6145269118369618
stream,1126,0.6807632989583495,9.486110797282446,0.6903972942962143
stream,1127,0.6803166092344073,10.708003158791076,0.8596331617060349
stream,1128,0.6797643441218827,10.745254072148139,0.8879279071774104
stream,1129,0.6791096881255895,11.09887786115728,0.8935679397143378
stream,1130,0.6786958823756045,11.106366849951124,0.9106218234690544
stream,1131,0.6783383068868739,9.61329438061443,0.8337508246556005
stream,1132,0.6779638090573873,9.59963669592971,0.8112912878754193
stream,1133,0.6778116901843046,7.605335738422239,0.7472132758644358
stream,1134,0.677854160886425,7.912726187900261,0.7011737237869512
stream,1135,0.6781289922427762,7.847101111715523,0.709555126335817
stream,1136,0.6787953644865602,9.180724935479946,0.7292094043546847
stream,1137,0.6793081529005243,8.762769049502332,0.7834435338319385
stream,1138,0.679964125874483,8.743115791530684,0.8112444193988793
stream,1139,0.6804157377811798,7.307787263848478,0.7214886006911753
stream,1140,0.680264816630212,7.44380268146577,0.6825793242560667
stream,1141,0.6798736227750778,6.918208553477175,0.6636674618444648
stream,1142,0.6792160692138044,6.776192090136105,0.6161285040800033
stream,1143,0.6783490622111716,6.887883246120071,0.612024818504876
stream,1144,0.6773583996354094,5.954088805517153,0.6043019964498914
stream,1145,0.6767792957904126,6.048087420276563,0.5446271368964635
stream,1146,0.6756267934970568,8.883564707083613,0.6963120175062252
stream,1147,0.6747895886445768,8.116400459209208,0.8192102762500723
stream,1148,0.67420401423863,8.493551762215123,0.7870066326423876
stream,1149,0.6736774411198247,8.125040480392757,0.7825723926245667
stream,1150,0.6728649196156921,8.336982971748784,0.77147255681531
stream,1151,0.6724225219119122,9.590700549797681,0.8635764311260582
stream,1152,0.6717231732451926,10.23240816314812,0.9667478548770403
stream,1153,0.6710560760056393,10.364822653519516,1.0317878366869886
stream,1154,0.670264591664062,10.870183358996226,1.089235368341294
stream,1155,0.6694730867936002,11.345805296761979,1.0682020424393195
stream,1156,0.6687594042121855,9.990679146882814,1.0968110792809918
stream,1157,0.6681463584908878,9.88932670381951,1.0094607066174102
stream,1158,0.6677118797331733,10.576873392691713,0.9926303379074006
stream,1159,0.6672323300430512,10.923068865476043,1.0647287556630824
stream,1160,0.6666492392555431,10.784635955738159,1.0893467542056259
stream,1161,0.6661347891279735,10.837604335505397,1.0924763296166713
stream,1162,0.665572235797153,11.037118177412694,1.0983595282088827
stream,1163,0.6651547207324723,11.194305826135954,1.112717153279152
stream,1164,0.6647503224361744,11.296192710364034,1.0984296451889926
stream,1165,0.6640944864302524,11.185170401763042,1.1326736069860255
stream,1166,0.664483430274026,8.973101302232816,0.9861882487774211
stream,1167,0.6649716284927952,8.508823331286559,0.8135030929414995
stream,1168,0.6658031750930122,8.162062704618545,0.817994409271025
stream,1169,0.6640550223101281,11.497018613375824,0.9937354942497955
stream,1170,0.6640354332456835,13.42209683017224,1.3306347671947654
stream,1171,0.6644295490896871,12.228406445453809,1.2920415700443204
stream,1172,0.6644272922846108,11.548358666732959,1.1929398686391344
stream,1173,0.6632140947317631,11.549444489726136,1.1259596545818418
stream,1174,0.6617599556619149,10.678188398016625,1.0700881056981857
stream,1175,0.6591240165480011,10.360633403655424,1.0784837206093265
stream,1176,0.6564336252645236,10.31478956512861,1.0388546487171129
stream,1177,0.6529024894885801,10.216410371868182,1.0461013453586805
stream,1178,0.6475370717771176,9.46633708079076,1.0320554341056933
stream,1179,0.6396848893544632,9.429216908407131,0.9592754037769293
stream,1180,0.6353679414264611,11.064554503686374,1.0444435649277077
stream,1181,0.6262291390923647,12.00964892213581,1.2491043515367268
stream,1182,0.6147033153940781,12.163138633160937,1.2452315358552286
stream,1183,0.6069438388903663,12.41968949677137,1.2835816841369327
stream,1184,0.5993695237323573,12.422649475487331,1.324726304355637
stream,1185,0.5943588442049967,12.156606480866419,1.28835891683926
stream,1186,0.5906348825273249,10.852403919867307,1.2023280889961034
stream,1187,0.5871873843305637,10.777265191326062,1.1153300428806872
stream,1188,0.5836316965512971,10.753542518292216,1.1107276409110525
stream,1189,0.580706705924172,7.450919429199487,0.9327679941927263
stream,1190,0.578179001635907,5.640567395373014,0.6093514222421453
stream,1191,0.5752874335859727,5.605920646556515,0.5825370813185307
stream,1192,0.5727348312291237,6.584785517289097,0.6204769260809717
stream,1193,0.569734422609192,6.650196983672438,0.7108202768579311
stream,1194,0.5666371958775073,6.7816253784427145,0.7342836060244222
stream,1195,0.5615365548017467,7.601251460901634,0.8054461034001386
stream,1196,0.556633288275602,7.5729355298337335,0.8099939213328101
stream,1197,0.551177353282098,7.613525746434407,0.8026103081748918
stream,1198,0.5471160093233581,7.503822638207059,0.7986938148756889
stream,1199,0.5440558484716914,7.294338994434334,0.7941040046779128
stream,1200,0.5397251345335303,7.7103861450877815,0.8026804355086664
stream,1201,0.5346339245658214,6.751400782650778,0.632858042643123
stream,1202,0.531453774701449,7.906519876708162,0.6984884693683797
stream,1203,0.5283014488610696,7.39984563918257,0.6982836921127615
stream,1204,0.5250253998840199,7.538368662657762,0.6555440613779663
stream,1205,0.519739094434152,7.506161710283234,0.6686370415800321
stream,1206,0.5130124569851412,8.142846590926526,0.698781265007855
stream,1207,0.5073877967013432,8.424598657181495,0.7284748293586343
stream,1208,0.5030776104496799,8.384059049747776,0.7372866117768779
stream,1209,0.498152270126739,8.759312528862035,0.7576342197289018
stream,1210,0.49392821109664853,9.202307557642268,0.8128382839930879
stream,1211,0.48880104541123903,9.211080629528622,0.8337490784131735
stream,1212,0.4844898525820656,8.364925506104164,0.7955138418210996
stream,1213,0.47929381151623746,8.081898079769706,0.7060725748301477
stream,1214,0.4735648634187723,9.362737679846132,0.721454659280193
stream,1215,0.4687902261411134,11.675612993982572,0.9365309563266097
stream,1216,0.4646062082428173,11.807301318608399,1.0079701211394676
stream,1217,0.4610113620601412,11.834406344495687,1.0329071812049249
stream,1218,0.45758501697048964,11.892593375504255,1.0324999333340836
stream,1219,0.45375834970219864,11.835402140230256,1.0327347305345318
stream,1220,0.4500977860019862,9.83188455500895,0.9140889973504929
stream,1221,0.4464989788800403,10.020287897602024,0.8795922259950503
stream,1222,0.44414833836740897,8.782683144210312,0.8480443582634482
stream,1223,0.44149941582514507,8.757347171705245,0.8149210554349018
stream,1224,0.4385229184705932,8.75897600438974,0.8232529723404851
stream,1225,0.4351054899542505,8.757574942376188,0.8074963055386403
stream,1226,0.43141294292185217,7.765183965451896,0.7766704689916434
stream,1227,0.4275955629787234,7.4476311904896475,0.7157362434904606
stream,1228,0.42315053072692255,7.4432499832827865,0.706867173644148
stream,1229,0.41922586931851524,7.036560371812338,0.6866186068971594
stream,1230,0.41538959474538295,6.446682761725922,0.6124378488057521
stream,1231,0.412005270193011,6.476062767792411,0.5666571967921701
stream,1232,0.407924327640241,7.3236829196384505,0.6429708359037668
stream,1233,0.40603406543926446,7.968389033167079,0.7560813152104562
stream,1234,0.4050931188496416,7.075866558275738,0.713908235866233
stream,1235,0.40474591003549504,3.7187438358214995,0.4180777011240088
stream,1236,0.40373791966822103,3.69186071337262,0.33750619941780763
stream,1237,0.40260256174869274,3.6436262043502494,0.3128278204271028
stream,1238,0.4033901819685746,4.860824545730503,0.3571068229736143
stream,1239,0.40357887425480415,4.925254921176271,0.4352113523239674
stream,1240,0.40321916590867646,4.902505056899557,0.4344922185897507
stream,1241,0.40267219152690836,4.665364908948623,0.4296629436372936
stream,1242,0.4022464476151396,4.44828088672981,0.4001649292899195
stream,1243,0.4018135754551604,4.452649923665837,0.38265345645869997
stream,1244,0.4005842767147933,4.417585874532522,0.38100156457154677
stream,1245,0.39954852088938236,4.406788174274844,0.3830067176480569
stream,1246,0.399228969658988,4.498144665270741,0.38096659104439934
stream,1247,0.4000319794364626,6.180143137141276,0.4084648785789227
stream,1248,0.39927758313048684,9.730615680393344,0.8291941195965743
stream,1249,0.3986494525079568,9.701396261693137,0.9472737250630195
stream,1250,0.39808233259273873,9.60828625789529,0.9510840098719732
stream,1251,0.397503435861254,9.543150749750163,0.9511257525073105
stream,1252,0.397137104164006,8.575003855495702,0.873683982132886
stream,1253,0.3965922076220508,8.08241674366841,0.7518154930234089
stream,1254,0.3969868157306203,7.840349089172839,0.7744041558366754
stream,1255,0.3964801514514557,8.619342498521515,0.8487876164459487
stream,1256,0.39554413638411984,8.700804791657538,0.8455001106585033
stream,1257,0.3962926167321827,10.398444627897518,0.950307881447238
stream,1258,0.3967520586989648,9.20523526991461,0.942074895156366
stream,1259,0.39581281110804345,10.420505930904044,0.9384522494409717
stream,1260,0.397274054934053,11.93273296948887,1.139569785290882
stream,1261,0.3972302546933783,12.747774340517884,1.3034075388302786
stream,1262,0.39811477947301893,13.112489793194424,1.3945090517593186
stream,1263,0.39759862815897157,13.776442032272685,1.4834229471968123
stream,1264,0.39618242213970906,13.748744877580139,1.4764269509898782
stream,1265,0.3951188692320728,13.752959002891435,1.4741733988131143
stream,1266,0.39510073451682093,15.149983427190843,1.5276403516465116
stream,1267,0.3957922799509655,13.930443688784989,1.5077344483765573
stream,1268,0.3958862973070823,11.574889765528653,1.1916930433598645
stream,1269,0.39645457632319975,11.633210540725138,1.0921592074915016
stream,1270,0.3977252268137336,11.970376047217165,1.1043708439784048
stream,1271,0.39894338504871973,12.000191567203963,1.1183767766750456
stream,1272,0.3996642697791168,12.417578422924642,1.1184456988834242
stream,1273,0.3997061850363769,12.258896939998074,1.132284993946911
stream,1274,0.3984495440796504,12.137950727299188,1.1171211171014244
stream,1275,0.39514995031527606,11.41787943643875,1.0502162440127458
stream,1276,0.39173266701231657,11.393276922456769,1.07994196174003
stream,1277,0.3900273164346506,10.007493323133398,0.9768534821667822
stream,1278,0.3885173240222474,9.926012191628145,0.949609144431228
stream,1279,0.38557907711659206,9.007663734579058,0.8838372324153497
stream,1280,0.38532937330476763,8.13749858601422,0.7686499068398805
stream,1281,0.38322408114858064,7.9101021747823195,0.6832561570419502
stream,1282,0.38148550715430396,7.501451444173159,0.6054888386549513
stream,1283,0.38068333751354916,7.033320302612447,0.5289565717648763
stream,1284,0.3813314293009292,7.32102562460563,0.5308675423248665
stream,1285,0.3811492268632001,7.975902897097056,0.5981052271576021
stream,1286,0.3820891371825748,6.8047563897894765,0.6357749800273115
stream,1287,0.3825730923412188,6.342698473886039,0.6392026009029317
stream,1288,0.3858987307449974,5.5919734365401315,0.5566818488646884
stream,1289,0.3855354794483549,7.008875638042299,0.6361519302929405
stream,1290,0.385898789568328,6.583297822849482,0.7157279706024083
stream,1291,0.3863880424392238,6.56914553014796,0.6996403917260408
stream,1292,0.38770575365032844,6.228311051760977,0.7087434726074074
stream,1293,0.3876105275714685,6.449560877210474,0.7042235641411653
stream,1294,0.39001212773141936,7.258811370035589,0.8105686725674018
stream,1295,0.39063464096017586,7.300467649649698,0.8370112829849451
stream,1296,0.3917860933148347,7.330055052751448,0.8339129703912217
stream,1297,0.3916945412532111,7.142634671422841,0.8524098014369701
stream,1298,0.3910884774010569,7.271787861679208,0.8424825260895389
stream,1299,0.39368064390023083,8.302942517398094,0.9396338409339237
stream,1300,0.3925942317936998,8.90953327870834,1.0470714945389883
stream,1301,0.3920398005697475,8.466734396269802,1.063631640700923
stream,1302,0.38885329619457215,9.08747097759008,1.085863931252894
stream,1303,0.38475074196081244,8.96930243114816,1.0775654525734972
stream,1304,0.38001626896556995,8.723151445919719,1.0747036698021744
stream,1305,0.37433882042977656,8.062824552313671,1.0154922349318838
stream,1306,0.3711056398653399,8.760006904018871,0.9547978495170149
stream,1307,0.3669359605482638,8.798632302467329,1.0025310045264961
stream,1308,0.3629411714914389,8.360448100565973,0.9824504458288386
stream,1309,0.358430315664632,6.910885123843194,0.8843355533528721
stream,1310,0.354377453269421,7.071765935563858,0.8046439703787627
stream,1311,0.3519694454835801,7.130689379617125,0.804537542198201
stream,1312,0.3475218002074694,7.300408869352226,0.8074592952915634
stream,1313,0.3427207266790629,7.094097793732842,0.7977326608559814
stream,1314,0.3375619799670779,6.229714755606136,0.6829354200829144
stream,1315,0.3341829201298659,7.2275536615752305,0.6992380682558833
stream,1316,0.32945950471626867,7.333141818317215,0.7659985835925627
stream,1317,0.32385191423297127,7.17875288950952,0.7562111927052966
stream,1318,0.3194298827371472,7.062247660476404,0.7553664086541162
stream,1319,0.3152960850834227,5.616979854910123,0.6508159720033214
stream,1320,0.3160979043386008,5.843339582362474,0.5164799793488581
stream,1321,0.3144788261273251,6.709665963554272,0.6039084281449141
stream,1322,0.3114111687414303,6.401933763430542,0.5679813212376082
stream,1323,0.31126306039268586,6.585574642110029,0.5997035803518295
stream,1324,0.30738800501294117,7.674675756530856,0.6989840856402104
stream,1325,0.3063483730899758,8.938726906391432,0.8676456815089684
stream,1326,0.30536114985441193,7.899304600656161,0.9026140070002389
stream,1327,0.3029091197296539,8.127234940855764,0.8462676013641348
stream,1328,0.30199987919109283,8.325823711685329,0.8821147436475453
stream,1329,0.3011467316937832,8.403428977774665,0.8888403519693875
stream,1330,0.3000056908618037,8.235349582693969,0.8791436104117283
stream,1331,0.29858313897531236,8.39459859538455,0.8890058007806191
stream,1332,0.2977548788236782,8.421815381097256,0.9009446538705704
stream,1333,0.2965287733674171,8.413890986804082,0.9053392602579424
stream,1334,0.2953166114598793,9.4462698064234,0.9415818316629982
stream,1335,0.29348161317309035,9.331376299690534,1.031985856481417
stream,1336,0.2912207870211188,9.658600166611711,0.9383000522616084
stream,1337,0.2891504796900762,9.775677994670191,0.9855996885936773
stream,1338,0.2863853969969958,10.097750569257169,1.0246472643298836
stream,1339,0.2838636373575027,10.4095339195129,1.0690683412745559
stream,1340,0.2808912258287101,9.276894830204848,1.0490811300095375
stream,1341,0.2779962282912931,8.69779645941585,0.8652361023388176
stream,1342,0.2756736433478981,8.47381959834474,0.8940979721958836
stream,1343,0.27304210469904416,8.281484118446103,0.8560730306837888
stream,1344,0.27057794509250266,9.17997321597289,0.8156292211827675
stream,1345,0.2682983587414373,7.956972285513232,0.727225784994335
stream,1346,0.26610906582179567,7.9462483287597525,0.6609550274465473
stream,1347,0.26413868068238344,7.689222624677087,0.6559898546150724
stream,1348,0.2621322771492684,7.50377104689897,0.6203510844133906
stream,1349,0.259116442113784,8.695473406971539,0.6687124478751276
stream,1350,0.2563421741951534,8.998277391184267,0.7794971002858395
stream,1351,0.25344691034687533,8.761283988310927,0.7746599006932104
stream,1352,0.251110388828437,8.649686578622445,0.7549083311069495
stream,1353,0.24836341897697065,8.663568002836792,0.751413862242065
stream,1354,0.24440723393716116,8.06438422698798,0.7237058998270316
stream,1355,0.24353810056868777,8.893876797032632,0.738855961798321
stream,1356,0.24072731524943394,9.289496238635904,0.9086396922712611
stream,1357,0.23709319784781213,9.34506796858863,0.8710002782677191
stream,1358,0.2351121719823062,9.703587351931859,0.9140917852304373
stream,1359,0.23364800714419104,9.476731085341253,0.8691824874681985
stream,1360,0.23128855358028597,9.257260487092779,0.8427950134117933
stream,1361,0.2300583876445037,8.997065708352608,0.890692521010809
stream,1362,0.22682829341645663,10.249347014313006,0.9388368800441752
stream,1363,0.2246762316002078,10.289002368045129,1.0273553375938482
stream,1364,0.22278180370361733,8.062916883183004,0.9746855398770592
stream,1365,0.22241494257248362,9.299265748342476,0.9322017669219341
stream,1366,0.22070842418283013,10.563791923482572,1.1295894216934306
stream,1367,0.21976426695979503,10.770531642609786,1.227335401592944
stream,1368,0.2185981364993451,10.783934709562526,1.2412882470204902
stream,1369,0.21710977707282625,9.587793019815525,1.1909512838859135
stream,1370,0.21550360749316136,9.286055762905482,1.0828827674783241
stream,1371,0.21430952966547276,9.706868078571798,1.0913921960089876
stream,1372,0.21309511418273214,9.699269694324483,1.1185009011095146
stream,1373,0.2114048212721495,9.908293681595476,1.1441234656649362
stream,1374,0.20932727028461054,9.364828794943511,1.149158592599714
stream,1375,0.20786127935519827,7.858939547922788,0.9903673913059429
stream,1376,0.20714407917824249,6.834494642524843,0.8291246798588161
stream,1377,0.20600754244881028,6.66131470429689,0.8089246350231288
stream,1378,0.2044496958106489,7.098416066389227,0.7606673647609191
stream,1379,0.20373573717268567,8.869748326490345,0.9827361465920778
stream,1380,0.20290453205757486,8.748198054227434,1.0791258580602785
stream,1381,0.20205505782058833,8.568573972725895,1.0331861061213419
stream,1382,0.20165282017359532,7.815898733477243,0.9593314005670495
stream,1383,0.20108798885053694,7.850760243209275,0.9161372858185073
stream,1384,0.20061316274093416,8.571657886714043,0.9753386796857844
stream,1385,0.2003644747523767,7.425699422616804,0.9311710966863033
stream,1386,0.20071375860304333,7.221180581087445,0.8000541489251995
stream,1387,0.20008622751745736,8.305620190716736,0.7023654569820836
stream,1388,0.1998041651688638,12.204671603004062,1.0790227517636548
stream,1389,0.19829247562655117,15.598930189490401,1.5943061481506158
stream,1390,0.1977230382918912,16.69764320780438,1.6101325341477821
stream,1391,0.19595053365974818,30.01268491207516,2.4656995682765466
stream,1392,0.19779671909503607,30.691589527718804,3.1767439730513076
stream,1393,0.20501347567731487,33.54564099910408,3.414136086715871
stream,1394,0.20643065687092974,36.22776217892425,3.8022740286159085
stream,1395,0.20800660984788955,35.96496486341639,3.9455725756182547
stream,1396,0.20748060240626212,37.75750019079846,4.034831145397624
stream,1397,0.20606756458952477,38.058620167071666,4.066985777974531
stream,1398,0.20646770424902938,38.77575469098616,4.172870813447638
stream,1399,0.2069073014799691,37.01360177063046,3.9887007119924953
stream,1400,0.20662289292956504,37.37262099704957,3.885271342261832
stream,1401,0.2046203795934949,38.78005967155237,4.002936729631874
stream,1402,0.202171871248719,38.18526890446811,4.056491147302489
stream,1403,0.2012006228831115,38.08637142340444,4.014284727472611
stream,1404,0.20054369532999114,37.354751071024964,3.9498371611874483
stream,1405,0.20040595571394731,37.25439594982414,3.9470651206025194
stream,1406,0.20004971581252898,36.62850578663032,3.904779195527967
stream,1407,0.19958563391550913,35.32928897713402,3.916240085954967
stream,1408,0.19915705014348647,31.815669192980604,3.544219468279204
stream,1409,0.19976471936456053,29.985467681276745,3.181098895736989
stream,1410,0.1989652340660005,30.518964095544444,3.4102322266426355
stream,1411,0.2018474330559204,18.72033090144846,2.7897448117817696
stream,1412,0.20376020950334386,18.51645766365653,2.2343376243991835
stream,1413,0.20304975076335463,16.069401570562096,1.9685438977464451
stream,1414,0.20134644414620365,13.415882423705797,1.593215730945229
stream,1415,0.20201010949813833,13.655832306017723,1.4593507934134955
stream,1416,0.20011417279290988,12.062693168357109,1.3915748047297993
stream,1417,0.20446809958884152,12.873433009735496,1.4379604858137454
stream,1418,0.20186158861648512,12.454203346842721,1.4599678284773272
stream,1419,0.20248231855976712,12.70509187035615,1.5593918546301324
stream,1420,0.20087680428663976,12.418284523446236,1.5822644980404692
stream,1421,0.20108138967272618,11.11654370264716,1.4818266674200309
stream,1422,0.2042248044038896,11.35453316110616,1.4188182418598416
stream,1423,0.20359928484074288,11.668001242806877,1.4537252197201531
stream,1424,0.20700039548324622,12.054025764999391,1.5046567909201924
stream,1425,0.21417095371546824,12.554876448778662,1.5045053088863498
stream,1426,0.21436560474775745,13.673620397120166,1.6185063353423
stream,1427,0.2120609419456955,13.898239964559343,1.631975603283022
stream,1428,0.20992122068004326,13.500473100671874,1.630856168640326
stream,1429,0.20124028516370412,12.39698664382619,1.4885435266781473
stream,1430,0.2037804871477497,13.07288899291326,1.4233398588672537
stream,1431,0.19933774954686123,11.812218362655766,1.3696035673571567
stream,1432,0.19692635045958803,11.25156980191701,1.2257311081733013
stream,1433,0.19930534150322612,10.89309181934076,1.225905310280621
stream,1434,0.20490740900998772,11.007486181496157,1.2022572828360771
stream,1435,0.20449326506674564,11.178748075411479,1.2369912690975224
stream,1436,0.20794295824714482,11.198712032035807,1.2511002392532085
stream,1437,0.20989355813001553,10.10938070490402,1.1849799997747086
stream,1438,0.21119306497013754,8.68505737509148,1.0234038917836756
stream,1439,0.21520819703642277,8.482129779838894,0.8882900582426525
stream,1440,0.2199836759397051,8.41028003154697,0.8644782389827268
stream,1441,0.21823604526351723,9.122287318619696,0.9032200170606598
stream,1442,0.21740877379675927,8.922084576548789,0.9227249733102135
stream,1443,0.21212339535883196,8.833503888744318,0.9076140976825473
stream,1444,0.20952766062611458,8.563303065551443,0.8702640574539591
stream,1445,0.20731078554100824,8.03419784166451,0.8722728926583699
stream,1446,0.21274672239569217,7.643617049283517,0.7611495586469702
stream,1447,0.21444428071223995,7.523673923151978,0.8061904878983078
stream,1448,0.21297610519145796,7.733659193802387,0.7919632271885285
stream,1449,0.21305437568340718,7.369248667278555,0.8090441431601663
stream,1450,0.21064002191620854,5.572873876591173,0.6684013758461904
stream,1451,0.20737113549486724,4.93323201835278,0.4898312147674194
stream,1452,0.20238778211077554,5.2437562537440074,0.4496759971385126
stream,1453,0.19989561432821798,5.568420523999821,0.5186049668971999
stream,1454,0.1994662723910641,5.866730127786741,0.5170521093357359
stream,1455,0.19768343575567274,5.64498899090076,0.5070139364530744
stream,1456,0.19595907046658753,5.467971731503053,0.46203248322583257
stream,1457,0.19427050127777742,5.47484507022074,0.44956386063612563
stream,1458,0.19099106221824452,5.659406447807288,0.4546636439488432
stream,1459,0.18299307785804222,5.963472079765219,0.4541288178856976
stream,1460,0.1789751478244491,6.835970427883966,0.5369273876045428
stream,1461,0.1796306881739838,6.650802788546228,0.48524200104064746
stream,1462,0.18023954198536365,6.610058472359527,0.48450871844201765
stream,1463,0.180440290475044,6.333528331414361,0.4628733237143776
stream,1464,0.17434139100901372,7.564518092141094,0.5082726410994562
stream,1465,0.16478838865424633,7.68904167168794,0.5295151205603229
stream,1466,0.1583354854243278,6.800225626826466,0.5399191794532189
stream,1467,0.1532874522510609,6.754111892229086,0.4754284957290125
stream,1468,0.14807572638166672,6.53538649783556,0.4889225026894189
stream,1469,0.1468865215536264,6.604328535991421,0.4619913919954841
stream,1470,0.14982997776084506,6.245722882213067,0.41590428424820935
stream,1471,0.15299216324503612,6.234702650320602,0.4081173657427928
stream,1472,0.15314909949975597,6.108529045955179,0.42141537915390054
stream,1473,0.15727575567238625,5.7093915927106496,0.3786916846945845
stream,1474,0.15573206645742094,6.020765938908382,0.4738904820430682
stream,1475,0.15633617360937263,5.867779157618161,0.47069366586460465
stream,1476,0.15430887943137184,5.951119552333575,0.496243995972478
stream,1477,0.1519155125915245,5.9242994474574235,0.4964952958558196
stream,1478,0.15341862459273492,5.906445720481574,0.4948130775070926
stream,1479,0.15328204119774042,5.609214544170522,0.5235053692191395
stream,1480,0.15934082494008145,5.428499038004224,0.48227487663856344
stream,1481,0.1623866614637068,4.878270235290764,0.5239305922049502
stream,1482,0.163346416887721,5.011605830567734,0.5053212874707488
stream,1483,0.16058609765341175,5.1976430478132265,0.5051700022813556
stream,1484,0.1589588192649519,3.9244817591805212,0.45977068579990815
stream,1485,0.16183124771153126,4.148705405207082,0.4375709791643023
stream,1486,0.1676944800783526,4.104716272323426,0.4015832774132839
stream,1487,0.1688635809387671,4.767369304636147,0.47935707679210277
stream,1488,0.17464965075894268,5.887350089355279,0.5907159607811429
stream,1489,0.17770486080271325,6.417300877262695,0.7442572054492058
stream,1490,0.1828328278686305,6.457046554758441,0.7975423189406772
stream,1491,0.18832168017456483,6.467658604147264,0.8146218913346177
stream,1492,0.19275294635470167,6.97790377508695,0.8166173458463186
stream,1493,0.20091731621011513,7.117475184440643,0.8309373087697908
stream,1494,0.21099043549810784,6.677851264084278,0.8000348476739892
stream,1495,0.22875081938839353,6.714969602665038,0.781252750286134
stream,1496,0.25381168685147304,7.098430215194231,0.7555016216882848
stream,1497,0.29701776381546297,7.1296782455982965,0.7898485948666832
stream,1498,0.34998723473364657,6.972033991072448,0.7895392419817042
stream,1499,0.3581302665876583,7.156672969779731,0.7697210026746093
stream,1500,0.35693711347777474,7.154179584106377,0.7924323531285945
stream,1501,0.3638120336889307,7.254478839023854,0.7475918667260214
stream,1502,0.34138324157984445,9.388291362099142,0.8493365056065914
stream,1503,0.2082174926652391,9.20294216115217,0.9242239030552661
stream,1504,0.24479869654062697,10.546044347845527,0.9773433503386628
stream,1505,0.2934018709320572,11.232309131449446,1.1245417017649408
stream,1506,0.3039068490619914,10.990995970389996,1.164773723990527
stream,1507,0.2913286224252632,10.27292629562731,1.08150884255412
stream,1508,0.28554723334874876,9.380650486173725,0.9678128938696048
stream,1509,0.2865175026417129,8.701637250403206,0.8099586061969278
stream,1510,0.29772839682424035,8.754872627836209,0.7679207578497003
stream,1511,0.2842428224495286,10.264519033180123,0.8246920474044699
stream,1512,0.25337128116049384,9.507269284345938,0.8493568251997656
stream,1513,0.19563094367714334,9.352127684229744,0.809091425055743
stream,1514,0.1692111073256786,10.315227948904665,0.8497124834713502
stream,1515,0.16197180000675288,10.189825437656266,0.8727340714719654
stream,1516,0.16412680715619749,9.710290340970229,0.8745516275074977
stream,1517,0.15856784106236319,11.113549404147932,0.9067802525110799
stream,1518,0.16546749908596353,11.101326978570777,0.9553215067551082
stream,1519,0.15538819640918006,10.778568949414058,0.9450554012066463
stream,1520,0.15334760229842434,11.361581786154797,0.9116018234284964
stream,1521,0.1567712566300461,11.517431879880883,1.0178364012773224
stream,1522,0.15549174610585506,9.266250778085746,0.9271875664811136
stream,1523,0.18359420566916376,9.310501676520879,0.8538225190262403
stream,1524,0.1959070947931982,8.144824869536604,0.804518619176872
stream,1525,0.20937272298547904,7.6226924621951,0.6548606957413505
stream,1526,0.1945745255568678,7.896921857473126,0.6796205490038894
stream,1527,0.18070580934751776,9.050437867123408,0.6881172834668168
stream,1528,0.2036914461560596,8.82931254705134,0.7164664350084531
stream,1529,0.20968415088338815,9.023619047168054,0.7234130940713521
stream,1530,0.18901526325728504,8.837671112273785,0.7100892079468992
stream,1531,0.19273735762201671,7.333055113768148,0.6295136628685574
stream,1532,0.22238706093174473,7.369682557729147,0.5979510058353359
stream,1533,0.22871451384418753,7.2792013793110435,0.6010411547733335
stream,1534,0.24305880054875098,6.616919636986385,0.4963185382136318
stream,1535,0.2587003612425921,6.844565634293734,0.4630492948370349
stream,1536,0.27047831170116476,7.102035489494551,0.4947286253141828
stream,1537,0.2788295520290341,5.685443783209874,0.4356445645238974
stream,1538,0.2857561256807227,5.739157383287228,0.39447681339918933
stream,1539,0.29133571181909806,5.737702554158371,0.3959164330044825
stream,1540,0.29410556401938465,4.451456110277306,0.3653941402323509
stream,1541,0.2938862798261842,4.865848869473665,0.2789556438546599
stream,1542,0.2926452898215193,5.753817008784627,0.2674947292027117
stream,1543,0.2884987805663462,6.6905397394642785,0.38756657534503225
stream,1544,0.2790345920474365,6.494475229718058,0.42808542091021184
stream,1545,0.26418765322779186,6.025533796153895,0.4286796691005604
stream,1546,0.24782891962123446,5.844540600363375,0.3728017092216204
stream,1547,0.23711475012942218,4.922085290529356,0.3670461504659661
stream,1548,0.2300762530055651,5.223949088481283,0.3698695450115793
stream,1549,0.22591107987841802,5.094187430763094,0.3882593607265403
stream,1550,0.22681966949083007,5.045214294345502,0.39565791969250724
stream,1551,0.2286764415469684,5.142459532546622,0.4084316375471647
stream,1552,0.2332830636346498,5.686912761285983,0.4204709836614492
stream,1553,0.23465492286641296,6.116130055632186,0.543878593584528
stream,1554,0.2398455085698421,6.013899702307028,0.6139227037524281
stream,1555,0.2422874144061132,6.152866114732063,0.6970901444758089
stream,1556,0.24483742682444892,5.905334239720208,0.6796293673875098
stream,1557,0.24192515408620696,6.8029417691058285,0.7329690647062644
stream,1558,0.23968097692559875,6.747774683879774,0.733519067412932
stream,1559,0.2341292702206388,6.790452580839845,0.7376544602298819
stream,1560,0.2361988877580376,8.229897548413495,0.803016691173074
stream,1561,0.24375388848227975,8.081397298552663,0.7917121540812533
stream,1562,0.24761866144957168,7.919631474302463,0.9297128592645832
stream,1563,0.2630737774119296,7.476796737703024,0.8761945566422334
stream,1564,0.2629498890526349,8.690061506579601,0.9685769456949335
stream,1565,0.2719380644922396,9.740228691167106,1.0996257442440003
stream,1566,0.2791244140643248,9.729261512959754,1.1575630681113083
stream,1567,0.27823795794283535,10.691288876477591,1.1703585371945857
stream,1568,0.2785203536370051,10.514574007164144,1.1795548663233253
stream,1569,0.2848494501859393,10.40553143615944,1.157616758621585
stream,1570,0.2897652773037776,10.401017714068812,1.1535746207437987
stream,1571,0.29495634773645574,10.280938808111735,1.139073473756005
stream,1572,0.2945992526570718,10.028968742713326,1.123244071167357
stream,1573,0.28840527789107945,9.755264092341319,0.997065586316823
stream,1574,0.283759467257161,9.28607251897427,0.9460238051880461
stream,1575,0.2867059991802008,9.940758260496212,0.879918580209518
stream,1576,0.28720498004318235,10.033269170393641,0.947805290299098
stream,1577,0.2844795419574525,9.286211154483047,0.8866227436287163
stream,1578,0.27836172055957065,9.974313101964919,0.8823988270075347
stream,1579,0.2763286489841454,10.090167028344982,0.9179652784036083
stream,1580,0.28249650064476794,11.840918288567185,0.9275269836703617
stream,1581,0.2827883892451528,11.250953462095652,1.016502915257488
stream,1582,0.28357523842531135,17.131914408868056,1.1648788385024678
stream,1583,0.28236666234773267,19.392210878216513,1.6939545357991235
stream,1584,0.27985739095834095,18.139344609004564,1.6363153858709345
stream,1585,0.27383035620369806,17.18124798148477,1.5044014252822508
stream,1586,0.2729084786437684,18.061200109284197,1.5102965172314538
stream,1587,0.2739616170009049,16.90747901044208,1.501711143915472
stream,1588,0.2729619324766234,16.87652037884258,1.449011351014999
stream,1589,0.2715304255609976,16.808088690291235,1.4490113763985235
stream,1590,0.27132161474190875,16.828382712564448,1.4455174599219331
stream,1591,0.2770260016419061,17.182023648471414,1.4616429136592326
stream,1592,0.27330884484801266,18.02759501007983,1.533003598129509
stream,1593,0.2760445734557656,18.275489500765246,1.6591820086258233
stream,1594,0.26886634191804815,19.47270233913655,1.7583902412921257
stream,1595,0.2601746615062288,18.658856592282145,1.7503487269236822
stream,1596,0.25991397030239605,20.042318604368955,1.8009396107714144
stream,1597,0.2649950472942457,20.43006282675651,1.8059960598960085
stream,1598,0.26646218626572116,20.05495715949099,1.8452395610573156
stream,1599,0.2674021162087853,19.889636670908047,1.8275966957935539
stream,1600,0.2625816338724662,17.299297285653413,1.7640184622081903
stream,1601,0.25675166035161073,17.29757631741072,1.6957362283085868
stream,1602,0.253835372049649,10.81250583742225,1.4355459216892816
stream,1603,0.2503840045395133,8.018155595148395,0.8401460268486186
stream,1604,0.25154350426947614,8.31146277431754,0.7719912044892592
stream,1605,0.25567924439430867,8.300940018846388,0.7723563078539775
stream,1606,0.26224662117376474,7.3616555914213055,0.6963681672593437
stream,1607,0.27016498110486376,7.348950402827488,0.6910685931712457
stream,1608,0.2684354020199366,8.55196018633411,0.7653023884446449
stream,1609,0.2602468535455246,8.98209265182739,0.7712714041113697
stream,1610,0.26435487506701566,10.857477873282464,0.9220796317383235
stream,1611,0.2634780339276523,10.687575336554987,1.0181109216501287
stream,1612,0.2671977485723794,9.559807074834618,0.948317448356236
stream,1613,0.26327224052157966,9.341647244993226,0.8484799402386924
stream,1614,0.2620134169590117,8.274044151354614,0.7287959624865243
stream,1615,0.25757196862683635,8.46826720330719,0.7520018697188743
stream,1616,0.25256359421606683,7.235381973578299,0.6675284090649939
stream,1617,0.24515058178236282,6.693889304270155,0.6657868217239211
stream,1618,0.23775356177435913,6.3805782041322265,0.6196201696648281
stream,1619,0.23957893470488237,6.914633823033949,0.617596134943491
stream,1620,0.237375979148757,6.372666770950153,0.631405085697778
stream,1621,0.23777911336594643,6.406952328032381,0.6158879007158811
stream,1622,0.24803329275304717,6.736355100321869,0.5973172346941351
stream,1623,0.24463101073509605,7.916111206809939,0.693925333722833
stream,1624,0.24122957935237127,7.608056170201304,0.7097975634579968
stream,1625,0.23517836872739245,7.536961264085827,0.7093839087141911
stream,1626,0.23729027419165358,7.854398855554018,0.7416604580240714
stream,1627,0.24155534586410715,7.846442279495627,0.7502032326247915
stream,1628,0.25044017031422433,6.648125086419202,0.6781682023923884
stream,1629,0.24284858234170714,7.886950364249265,0.7624220490075766
stream,1630,0.23595691615361525,5.987452286650461,0.6658756880379949
stream,1631,0.23207372250670405,5.813909309936825,0.5564504150932302
stream,1632,0.2299616192517554,5.757838459129593,0.5419570270764829
stream,1633,0.22481878122864438,5.5989224546379415,0.5311018403916176
stream,1634,0.22241144923807302,5.468672373559163,0.5527141101028793
stream,1635,0.22867194690396153,5.950878851683162,0.5300591876796815
stream,1636,0.22645900411703102,6.390286040579116,0.606911057451239
stream,1637,0.2260284654189848,6.493524491320426,0.6554522431478902
stream,1638,0.2272247412833123,6.606950555953451,0.6560915674239497
stream,1639,0.22821773612120114,6.069204969112879,0.6362954949312446
stream,1640,0.2261442568066265,6.4205331512082475,0.6230489362535997
stream,1641,0.22376806303148514,6.531357924236191,0.6486603938067187
stream,1642,0.21859114424258308,6.536287457746007,0.6862205608946228
stream,1643,0.21190613982604206,5.412125626106469,0.59834287553622
stream,1644,0.21438046456885634,7.140098485194249,0.6479723760785824
stream,1645,0.21664494538665605,7.090392116012308,0.706074917561648
stream,1646,0.2143151390753259,7.169881761258482,0.6854773213630111
stream,1647,0.21181327653750692,7.16542064386721,0.6811060377944915
stream,1648,0.2114999779856152,7.336976851469331,0.6834125751540359
stream,1649,0.21132343494167002,5.6754237193085855,0.5911808399661644
stream,1650,0.2127108749163153,5.676994676700843,0.5383203297762209
stream,1651,0.21218711505600898,6.229894789106356,0.5458212033522226
stream,1652,0.21067389089879235,6.560053918493829,0.6260834951803819
stream,1653,0.20820244961344483,7.120692229258551,0.6514298279947401
stream,1654,0.21098595965217748,8.05127960489499,0.7417762951796393
stream,1655,0.21028043080884185,7.239721575180411,0.7848105589804832
stream,1656,0.21110721771462312,6.570209107307029,0.6640531168446244
stream,1657,0.20857076561955826,6.571189910379783,0.6216615263705818
stream,1658,0.20596947125261952,6.605106489607411,0.650173833170147
stream,1659,0.20462854589636162,7.376154120353758,0.7021438538608193
stream,1660,0.20770646122575676,6.9763001798678745,0.7055909984299957
stream,1661,0.2084946770548037,6.820790828947373,0.6670298629882316
stream,1662,0.20893398305254526,6.95277762694603,0.6439638667516568
stream,1663,0.20903303097164128,6.898898060946828,0.648140555022217
stream,1664,0.21008618166618365,5.172101996402676,0.5570185827178475
stream,1665,0.21079378413295147,5.232596105919158,0.5001266921791666
stream,1666,0.21035962894464316,4.83946370214184,0.4986632119933918
stream,1667,0.21140549180176296,4.861333514697735,0.4971571341031161
stream,1668,0.21139261055539238,4.695035345840076,0.5085453848574454
stream,1669,0.21330561317728824,4.889295859402395,0.5230569858586742
stream,1670,0.21411727886002765,4.945267437509613,0.5541302761255038
stream,1671,0.21600912517072415,4.401540333149431,0.5452713335163635
stream,1672,0.219457447972176,4.061479115411715,0.4661589330729603
stream,1673,0.2197303136343863,3.723609787763434,0.4442045617143991
stream,1674,0.21927871035729135,3.008963807488617,0.3491472603776228
stream,1675,0.220808962280597,3.099812617513217,0.29149725536951393
stream,1676,0.21772353753880744,3.8849339614457428,0.3718623680359088
stream,1677,0.21824072736752798,3.773739952587286,0.3933082180238261
stream,1678,0.21776206855963914,3.7600672673470514,0.36411949480901323
stream,1679,0.21872100183418966,3.118294651868009,0.3445471716346371
stream,1680,0.22066323901596838,3.1312305854526676,0.331659821457583
stream,1681,0.2254950451859709,3.1369021997918414,0.3280977428943114
stream,1682,0.22212886590670675,2.918500347183786,0.3249623593764378
stream,1683,0.22051485810801608,2.931627914070033,0.3342550035646554
stream,1684,0.21650750751608475,2.9307179678320274,0.33438143270473164
stream,1685,0.21384098880181246,2.9557655809868364,0.3387667193409554
stream,1686,0.21775306048834644,3.170541751460698,0.3311743458033862
stream,1687,0.21687713070072268,3.1331263609394298,0.3320257578652377
stream,1688,0.21042521384190968,3.308455798310657,0.3262783655715667
stream,1689,0.21043632550856597,3.682219547950332,0.38740917011543374
stream,1690,0.21000998629144949,3.6684998501036787,0.3874091321651888
stream,1691,0.21105820594446276,3.6883131076153988,0.3859366866664993
stream,1692,0.20715265815521644,3.8691503293573257,0.3852744389800973
stream,1693,0.2002298118499679,3.517151569933701,0.37091486900609816
stream,1694,0.2003524339771331,3.5442911628070384,0.3732597228547888
stream,1695,0.20709100568721284,3.3963342780794283,0.38189207204260756
stream,1696,0.20193771359948007,2.5788353187845434,0.29381147799211316
stream,1697,0.2078530903983365,2.689823407714347,0.2692747171880623
stream,1698,0.18612071121968432,3.7227716443835357,0.33934029144112765
stream,1699,0.1770746416637087,3.672692533417021,0.37888507733625487
stream,1700,0.17390043769858973,3.670732526316546,0.37581963170977334
stream,1701,0.1716605229665076,4.091100018423668,0.40273964828500164
stream,1702,0.18476714016194343,4.5348480116264085,0.3869829424236472
stream,1703,0.19737177228630814,4.516612348131547,0.3904057480787236
stream,1704,0.20022860810601031,4.607173124874703,0.3933362880020545
stream,1705,0.21090741053543446,4.974856965609115,0.4170356516644506
stream,1706,0.21429156891651785,4.943117708064835,0.47449410153667615
stream,1707,0.2230923081818298,5.3021420026267565,0.5040519366770412
stream,1708,0.2243733942082909,5.401011348738808,0.5474388172561985
stream,1709,0.2220856183186968,4.959337559268851,0.47359318405759704
stream,1710,0.22065254385275657,4.957895127875415,0.44093912503634586
stream,1711,0.22454824701102136,5.00232241617686,0.4417914829857257
stream,1712,0.23465321081822754,5.094207846595319,0.4587189807632901
stream,1713,0.24075026620026285,5.372539910815835,0.4542008796843411
stream,1714,0.24138020937434135,5.3369293006960286,0.48582198313635344
stream,1715,0.24295777240530547,5.337791644682243,0.47705329135311875
stream,1716,0.2461947843555757,5.352739874797902,0.477370233019
stream,1717,0.24352492773891973,5.273136164370482,0.47695774686156533
stream,1718,0.2342926592247315,4.428466762254645,0.416643319615883
stream,1719,0.2183024808173427,4.815630510783499,0.34441439800745693
stream,1720,0.22523806533713198,9.772336954398167,0.6200516528041352
stream,1721,0.21480759994257193,11.253330980253816,1.1091109609441752
stream,1722,0.20496313544095554,10.467430388926042,1.1608326504761315
stream,1723,0.20376148991005122,10.956787032995736,1.1540743764722952
stream,1724,0.2043664135045183,10.869078946258718,1.1795076092038062
stream,1725,0.20740382871151986,10.697049595646389,1.1590726215765674
stream,1726,0.22060572310309287,10.699927740295703,1.0989730110357823
stream,1727,0.23138172652351138,10.368595513508092,1.0753470470510618
stream,1728,0.23427669588750658,10.616278216951603,1.0240855929530164
stream,1729,0.23763119285041776,10.901538187243988,1.1129165639666887
stream,1730,0.23924456821534332,10.871339609753214,1.1293801057296942
stream,1731,0.23917792254963227,10.817013733771038,1.1292816368000247
stream,1732,0.23973205266234618,10.932834181171593,1.1467424513966133
stream,1733,0.2409756970242633,10.764924761741602,1.17236867398029
stream,1734,0.24692105226515765,10.616649282807238,1.140624261236181
stream,1735,0.2502430240487402,10.618815007924331,1.1418005395601787
stream,1736,0.24680380368393373,11.451235854356156,1.1767293072699496
stream,1737,0.2460513550662842,11.42555046679245,1.2054665323757183
stream,1738,0.24167858616847712,11.21369214454539,1.2012901855705995
stream,1739,0.23717544708980842,10.84176646643701,1.220202050179509
stream,1740,0.23323405487155566,6.318517049591234,0.9732610384205802
stream,1741,0.22924048419768006,4.446450226161728,0.4682458457843681
stream,1742,0.22462994424567195,4.497930695994166,0.4131588265112929
stream,1743,0.22118822150501152,4.00977125022742,0.3974455059062006
stream,1744,0.2172124074702471,4.07017018054426,0.37182288705589533
stream,1745,0.21117030051173227,3.8302821168097516,0.3718228863506012
stream,1746,0.21148905721054465,3.610584843764542,0.3722522645762803
stream,1747,0.21062723579550818,3.7176090973448996,0.3663854338219595
stream,1748,0.20765500677011212,3.776902890370946,0.4115149152383717
stream,1749,0.2050120860423721,3.84696835496997,0.42841214998973726
stream,1750,0.2057705325533027,4.143953557851899,0.4150814894681904
stream,1751,0.20372891411504473,4.285312064349549,0.44984232691267445
stream,1752,0.20630449422250263,3.9280743607386785,0.428511254392692
stream,1753,0.2099814323317693,3.8962082036325327,0.4020316975008924
stream,1754,0.21777553175433445,3.9613800093620175,0.385338573959356
stream,1755,0.2274517714527544,4.144849246596309,0.41986787449944596
stream,1756,0.2374415399464924,3.2820094191828986,0.38565765009644776
stream,1757,0.24737578271864424,3.338426278927796,0.35256911501188765
stream,1758,0.25523672917761897,3.429247337218627,0.3606098530562267
stream,1759,0.26239194399583643,3.4237108912010936,0.3585975368757688
stream,1760,0.2685311126916596,2.979354252829088,0.32793534016818826
stream,1761,0.2730062525325546,3.046933135471645,0.31771072914360104
stream,1762,0.27340680206593343,3.3749553245046844,0.3565901361203915
stream,1763,0.2750442518965666,3.408829115953372,0.37295149002479044
stream,1764,0.2783785374967719,3.5918815086389317,0.37034666195423044
stream,1765,0.27818500918493955,3.91365825691996,0.42921467054671314
stream,1766,0.28306864103397295,4.259317064350505,0.47135764475498954
stream,1767,0.2853998807976142,5.039682171787785,0.5721821616743141
stream,1768,0.2879413131976432,4.665858608387867,0.5206002811772175
stream,1769,0.2826703432477093,4.180477487592099,0.4169437960113156
stream,1770,0.28258885040414033,3.87476211430967,0.4169437964565808
stream,1771,0.28559443844540666,4.905751033583705,0.3972142429278815
stream,1772,0.28664379915508725,5.7186162842389034,0.3868659489250873
stream,1773,0.28495514160182744,6.679239442189676,0.5539557267880693
stream,1774,0.2843660128027243,6.527747715088609,0.5739172827547473
stream,1775,0.28133036277870116,6.3274204474699465,0.5396173361969252
stream,1776,0.27995953106474253,6.322967405011359,0.5431372786474411
stream,1777,0.27839209908628293,6.3293245355333205,0.5556062784471578
stream,1778,0.2764394829808021,6.254825468420443,0.5551009810693485
stream,1779,0.27269946479147067,6.213077469604653,0.5356296024277053
stream,1780,0.2733948196317975,6.193797367985132,0.5355859193511978
stream,1781,0.2711951727623805,6.26084289793149,0.54618164204302
stream,1782,0.26822167141282116,5.852235057783253,0.5136747800459018
stream,1783,0.2688819172192495,5.81577772513658,0.49134440823883385
stream,1784,0.2678831836777585,5.668850289004348,0.49350004210933
stream,1785,0.26805768933718405,5.303757641744785,0.4257258889272076
stream,1786,0.2757979170064237,5.971775435598867,0.4228903940969786
stream,1787,0.28105240993950104,5.184319819678156,0.37178237112409246
stream,1788,0.2801052930936282,5.869977424734507,0.3841767570035765
stream,1789,0.27684288365460097,5.874313092355353,0.41078394055699524
stream,1790,0.27854954103496476,6.497291021112342,0.4314669862698609
stream,1791,0.27887171836060426,5.275386007771954,0.43092362560996406
stream,1792,0.27973147150317584,4.478244802824824,0.4297370307697824
stream,1793,0.2800217616349775,3.641186799205306,0.2805826951692875
stream,1794,0.2784949420033465,3.7769612131037205,0.28190730374102535
stream,1795,0.27308583734397773,4.021784907899033,0.27937957577713585
stream,1796,0.2665807090339231,4.048024545927334,0.27907603400439746
stream,1797,0.26058539171071493,3.996827514845327,0.2651458470019514
stream,1798,0.25588475010501477,3.8703915258763133,0.2543676038815073
stream,1799,0.2538306331950792,4.026380115046956,0.26076173786219997
