segment,end_index,PW_WTC,E_CCDC,CD2_P
stream,0,,,
stream,1,,,
stream,2,,,
stream,3,,,
stream,4,,,
stream,5,,,
stream,6,,,
stream,7,,,
stream,8,,,
stream,9,,,
stream,10,,,
stream,11,,,
stream,12,,,
stream,13,,,
stream,14,,,
stream,15,,,
stream,16,,,
stream,17,,,
stream,18,,,
stream,19,,,
stream,20,,9.55083642782135,
stream,21,,9.084647437525199,0.7275171888462605
stream,22,,8.341726192099069,0.7300794882913996
stream,23,,7.3572094847024765,0.553617711671301
stream,24,,7.55001451482209,0.5572735572906385
stream,25,,6.1789294258503995,0.4549851373811644
stream,26,,6.174056243871882,0.4030765188848289
stream,27,,6.71605890329511,0.4316179687724416
stream,28,,7.1868272983930765,0.3757904448134304
stream,29,,6.971085529661298,0.4052153078232615
stream,30,,6.813534020231598,0.34359757809019803
stream,31,,8.838016417958588,0.46769018469089296
stream,32,,8.722401880200826,0.5274632146551983
stream,33,,8.688864845934102,0.5035045369943049
stream,34,,8.714735198945077,0.5070922144376571
stream,35,,8.429152988683564,0.4728908139662183
stream,36,,8.118099669920506,0.4904583442460879
stream,37,,7.960813784759548,0.5161401713234951
stream,38,,7.873200997511036,0.5162946065452253
stream,39,,6.414682982600503,0.4353684998630074
stream,40,,7.4861497539126205,0.4613395376054182
stream,41,,7.705115872608138,0.46940173791501705
stream,42,,7.513109740451963,0.4704271163263187
stream,43,,8.778825885428574,0.5430923422812204
stream,44,,8.537031487004118,0.5498091777008476
stream,45,,9.389333913180833,0.5863902322076584
stream,46,,10.86595173687823,0.5853147698800183
stream,47,,10.592981118615505,0.7048504684841064
stream,48,,9.787557524851373,0.7290187922276228
stream,49,,9.838696498605303,0.6999171734759569
stream,50,,9.47874203957871,0.6986286204333712
stream,51,,7.5030945983472455,0.5721429761919036
stream,52,,7.807073997932443,0.513307962569921
stream,53,,7.666928770305833,0.5137536570940833
stream,54,,7.042445130260836,0.5130605454574395
stream,55,,7.046262149324058,0.48591175444530516
stream,56,,6.889042830752262,0.48392465855596994
stream,57,,7.457436837528804,0.454862002152846
stream,58,,8.632695382294356,0.5897323917284382
stream,59,,8.840931827418624,0.6038206544586096
stream,60,,8.297607324447167,0.5477204146414111
stream,61,,8.081459601292599,0.5631516472414249
stream,62,,9.086056907484705,0.5828398423988104
stream,63,,7.927617222893294,0.5913050042830437
stream,64,,7.585620264374417,0.5830116417634137
stream,65,,6.676227699677658,0.5198343412425472
stream,66,,7.5423518042742765,0.6262371483133133
stream,67,,7.466586073997985,0.6544926324554278
stream,68,,7.560323402564685,0.668406760975419
stream,69,,7.590534386085651,0.6667126063647061
stream,70,,8.721147513945809,0.7316894036715409
stream,71,,8.610178598051878,0.7662324347343509
stream,72,,8.871134779597545,0.7933996549692407
stream,73,,8.9462622814477,0.792953970282085
stream,74,,9.609049535654753,0.8378732522630656
stream,75,,9.616780023200057,0.8583055014122984
stream,76,,10.970257834557207,0.8934619158740874
stream,77,,10.561617675572572,1.0099213917944798
stream,78,,9.416129733257954,0.8820934306680348
stream,79,,9.18007341992573,0.8724534773383805
stream,80,,8.99573372959888,0.8717225112310453
stream,81,,9.008722407854528,0.8584534006637515
stream,82,,8.185047039846099,0.835945987409801
stream,83,,8.458292925297899,0.7548703568387835
stream,84,,8.452159176956945,0.7667123864259069
stream,85,,9.148679970101764,0.795537689380039
stream,86,,6.962217005245703,0.7323987573692646
stream,87,,6.572758358743502,0.5764614654468504
stream,88,,6.538655368196157,0.5456720075835154
stream,89,,6.4222567888843995,0.5522922996006621
stream,90,,5.33623359791078,0.4845402864560791
stream,91,,5.35503345545702,0.43850651543655134
stream,92,,5.031255017697671,0.4152342941905357
stream,93,,4.950291240111678,0.41753965328556986
stream,94,,4.437978627884072,0.37610850412860364
stream,95,,4.769730030161623,0.35766009051929215
stream,96,,3.942853656715233,0.34252320370639905
stream,97,,5.261898460122037,0.4060146152965689
stream,98,,5.2361594938836555,0.44660010128082955
stream,99,,5.548703756157617,0.447840291156114
stream,100,,5.201679597032988,0.452455698404
stream,101,,5.310810377750271,0.4515187680377069
stream,102,,5.115938797349098,0.4530420823976846
stream,103,,6.201856837524975,0.5040357497423777
stream,104,,6.35588708941526,0.4978740964765702
stream,105,,5.650043753465924,0.4818304275366316
stream,106,,5.739330133939047,0.45597353595382717
stream,107,,6.44730393012328,0.48208915638994915
stream,108,,6.476936356850897,0.5209360777683675
stream,109,,6.9226581194357495,0.5505758943347919
stream,110,,6.9507554666571805,0.5869724869455344
stream,111,,7.0006999169681565,0.5869060395931627
stream,112,,6.7454100139238236,0.5819622700580906
stream,113,,7.151028492859322,0.5958028098605261
stream,114,,7.038000911377398,0.6021220181583372
stream,115,,6.926166059598518,0.6014147129203824
stream,116,,6.474468346088253,0.5622893376790397
stream,117,,5.095270382511945,0.38654482408986934
stream,118,,5.137293370458809,0.36083870144497315
stream,119,,4.816471072666466,0.3555854351535881
stream,120,,5.28338517954366,0.3513576832595855
stream,121,,5.174425522801161,0.3775033583679581
stream,122,,5.247875477190057,0.3734200915654143
stream,123,,3.868049007893195,0.33454423441294484
stream,124,,3.7792260646230824,0.3317226711665171
stream,125,,4.025394371042136,0.3242944481694725
stream,126,,4.667112174570472,0.39046725976985963
stream,127,,3.9224324826798496,0.3757871424307099
stream,128,,3.9589373139520063,0.3427024704927854
stream,129,,4.964631019288436,0.3462487755216803
stream,130,,6.452722592437241,0.5027795504602228
stream,131,,7.248644606165986,0.5055149832585246
stream,132,,7.332039716243571,0.5281293711164188
stream,133,,6.917101547053054,0.5146432306549615
stream,134,,9.6283761865478,0.6308988399105088
stream,135,,9.951562253719363,0.6581077615769658
stream,136,,9.648440692945426,0.7093462638295261
stream,137,,9.708189906497617,0.7260367101441051
stream,138,,10.004555048768653,0.7470839585127735
stream,139,,10.414452439551992,0.7856866791905952
stream,140,,11.266953757347764,0.9178451452347977
stream,141,,11.263298161395545,0.9116932106857262
stream,142,,12.554214737317821,0.9503169939151128
stream,143,,14.295893437379975,1.1609915773122212
stream,144,,14.261083378904866,1.2269768104979526
stream,145,,14.044293580055461,1.2206655605541703
stream,146,,13.28634617803525,1.1370857684762885
stream,147,,13.273039586504462,1.1037315989296879
stream,148,,13.293930125279845,1.0917316866890898
stream,149,,13.558656904435512,1.07758647371444
stream,150,,12.255002245965539,0.9176678848803536
stream,151,,11.409266103074074,0.9241800961459511
stream,152,,11.371709064280385,0.9045056626230205
stream,153,,11.44669148855092,0.899456298050572
stream,154,,8.735853581097716,0.7674343370601114
stream,155,,8.719154500274044,0.743367086869808
stream,156,,8.67743676079842,0.7200075094091098
stream,157,,8.65499098704728,0.7010973380920726
stream,158,,8.464264343372822,0.6719527377068626
stream,159,,8.259454659732947,0.6330614232230463
stream,160,,8.253912482551225,0.5101117151948183
stream,161,,8.474007448925926,0.5799656341898359
stream,162,,9.4724326433671,0.5929345295761788
stream,163,,7.812841056716882,0.5118004170221
stream,164,,7.792944639431688,0.44295635410552214
stream,165,,8.32154607717592,0.46423186098197056
stream,166,,8.737429331577967,0.46530731329393904
stream,167,,10.097227772016623,0.4726189966803289
stream,168,,9.972324852248473,0.4993682832959744
stream,169,,8.258987873432877,0.4736167604414713
stream,170,,8.475675593024059,0.4562840340405417
stream,171,,8.558087952609206,0.45355842178241224
stream,172,,9.023083445675017,0.4528423797219502
stream,173,,9.178417714983425,0.5067237970410645
stream,174,,10.264354583356127,0.5192934382018359
stream,175,,9.806359502282254,0.5346881627926238
stream,176,,11.454103251545721,0.5311235463544337
stream,177,,14.112630582269368,0.8545055588014019
stream,178,,14.226056888718908,0.9884146500483795
stream,179,,14.025092393247055,1.0040423170216455
stream,180,,14.815544841420726,1.0775677826166412
stream,181,,15.352504206592844,1.156331170017027
stream,182,,14.472651018271076,1.2568989844042209
stream,183,,14.502286977946262,1.1308713437791105
stream,184,,14.490991028461684,1.1305010145772418
stream,185,,14.29570867498337,1.1170371716475285
stream,186,,13.75431199930217,1.1285656469729055
stream,187,,13.248032055619458,1.1430579810085777
stream,188,,13.484809809282165,1.1938185351601978
stream,189,,14.995737265287863,1.2889639873364684
stream,190,,15.001899543715929,1.4132644461031054
stream,191,,15.092428400382811,1.4101795425035533
stream,192,,15.518803794727667,1.458421505580522
stream,193,,15.72406428438387,1.41486266827926
stream,194,,16.437150858603204,1.5608960163658356
stream,195,,16.374041391187422,1.6123551509909548
stream,196,,15.615414025529653,1.6466418375201535
stream,197,,13.048008652573328,1.4020049110556705
stream,198,,12.877360641480069,1.2575406455585878
stream,199,,12.914892414070122,1.2424029686267024
stream,200,,11.338190613605201,1.1560359857389537
stream,201,,10.63685564057897,0.9972725265581411
stream,202,,9.241227513324123,0.8560029351091842
stream,203,,9.113502381408004,0.8514708496785998
stream,204,,9.485322383571656,0.8852308893157577
stream,205,,9.219422594949386,0.8799057134620908
stream,206,,9.258407097080482,0.8754082657154635
stream,207,,8.402511800772345,0.8557857251350913
stream,208,,8.620935514482378,0.7882748071066494
stream,209,,7.982510366714795,0.694402312712341
stream,210,,7.583184353909199,0.5701018296146478
stream,211,,8.893679420437762,0.6605580973738373
stream,212,,8.28928777569649,0.6174429014879647
stream,213,,8.503062029177842,0.6087615796541501
stream,214,,6.786903611017065,0.49530347804523367
stream,215,,6.972018834041982,0.4248563419895685
stream,216,,6.071331767391818,0.36708790969076477
stream,217,,5.848465811530091,0.2885864836491831
stream,218,,5.9145034736566835,0.28854361233560955
stream,219,,6.050279573077494,0.319572614595401
stream,220,,6.144432413594409,0.36708993844982213
stream,221,,7.131289759479414,0.4895689370021435
stream,222,,8.424160265974466,0.6409738410408533
stream,223,,10.622530625874383,0.6328937211439744
stream,224,,10.63127864210268,0.775980367264592
stream,225,,11.146156340244126,0.774451711091507
stream,226,,11.143558791805958,0.7774437838936111
stream,227,,13.087717469734889,0.8523475678818873
stream,228,,13.16304557499274,1.0213402979346067
stream,229,,13.543580962677305,1.1277096620086007
stream,230,,13.688474333138496,1.1255940056309204
stream,231,,12.8783772840057,1.0356785929412848
stream,232,,12.683865052465702,1.0361326855062947
stream,233,,12.511530529506524,1.036672460152613
stream,234,,13.132605827884472,1.1172849264874127
stream,235,,12.95248589127266,1.1427781354646704
stream,236,,13.194574478749796,1.1559198274660107
stream,237,,14.777649999006648,1.1660727421550134
stream,238,,15.297928964298517,1.3108550318685523
stream,239,,15.573069861705504,1.3481807319298633
stream,240,,14.930925973882152,1.3299394083195946
stream,241,,14.053135729907654,1.1956799851697206
stream,242,,12.712757477694874,1.0332327093207718
stream,243,,11.692109199708717,1.1026321576776554
stream,244,,11.312577842912942,0.9834301835058963
stream,245,,10.75079567338566,0.9823179127027518
stream,246,,10.845545392200208,0.9721528646180161
stream,247,,8.929577130463226,0.9006818367038324
stream,248,,10.423190501222972,0.7955721263945047
stream,249,,9.166806396051204,0.7603937604058542
stream,250,,9.454698194527932,0.7588281484993707
stream,251,,8.969816196458023,0.8273764963135647
stream,252,,9.54924473045124,0.8255170036754762
stream,253,,9.234284592225329,0.8605309900652618
stream,254,,8.50991079552074,0.7381260534812403
stream,255,,9.224432827845218,0.7274624552108065
stream,256,,8.994818574903174,0.762918323243851
stream,257,,7.499208477857565,0.7649515894640636
stream,258,,10.255969754141692,0.6855854809045966
stream,259,,10.529393955007624,0.8942763455042535
stream,260,,10.737417128045406,0.9293293560955033
stream,261,,10.896919462566675,0.922731562019037
stream,262,,12.62120538904209,0.9472469574544532
stream,263,,11.628390817902597,1.0099943694161657
stream,264,,11.818645696754416,0.9731123535802138
stream,265,,11.981708448611663,0.9736695811359084
stream,266,,11.859577394453916,0.9843773251525367
stream,267,,13.768631452088256,1.0521679822817827
stream,268,,12.211982972656951,1.153593424567894
stream,269,,13.43288588494792,1.0897471746614344
stream,270,,13.05743036898008,1.0832888359849242
stream,271,,14.266328463822216,1.086662479253755
stream,272,,13.600743583602569,1.112743471337237
stream,273,,13.750411782156736,1.097925870634328
stream,274,,16.24958973215611,1.280000459531789
stream,275,,15.585382372783359,1.4407768101488883
stream,276,,16.28417837296322,1.4124396299138915
stream,277,,16.472776672460284,1.4691309860912276
stream,278,,13.277364820640795,1.4572726741448365
stream,279,,14.417060372886251,1.2112560378878687
stream,280,,14.35396023853409,1.2550694440573604
stream,281,,14.036276637555568,1.2570879120157739
stream,282,,12.702359737075922,1.2455313884405004
stream,283,,12.396156102107353,1.1215402770643232
stream,284,,12.316934739189032,1.1040792929253656
stream,285,,12.581707290050918,1.1096933743149309
stream,286,,13.493414027826974,1.1000120893556842
stream,287,,11.945728914795788,1.1074584112504462
stream,288,,12.902709698698231,1.0844387342274298
stream,289,,11.681683146308085,1.1286865637660037
stream,290,,12.745407601542766,1.1729588291977449
stream,291,,11.325092018674939,1.1519873218566965
stream,292,,11.276356526660475,1.119889444532491
stream,293,,10.96421612124382,1.0984995034611962
stream,294,,8.6960289077941,0.9208356392623647
stream,295,,8.644864186499836,0.7612638369681166
stream,296,,8.006802069340976,0.7480936115386543
stream,297,,7.7244323744678915,0.6818407565290908
stream,298,,7.847743873850971,0.6399387972318478
stream,299,,6.014049442198997,0.6239578549238849
stream,300,,5.939546728883644,0.5265793389427963
stream,301,,6.671815640532604,0.5335899149110922
stream,302,,6.343757487910899,0.5723751011217066
stream,303,,8.520766858199975,0.6915962674007535
stream,304,,10.352228503331483,0.6816940621495816
stream,305,,10.029425102042683,0.7932314269380067
stream,306,,9.517756333438612,0.8403128708745364
stream,307,,9.784930805946496,0.7558927157508526
stream,308,,8.748179068711845,0.6772912504267866
stream,309,,8.937851448042004,0.6660844772583148
stream,310,,7.741586440393046,0.6202935441320725
stream,311,,7.914617898274461,0.578802239339958
stream,312,,8.225747260708316,0.5789682255826997
stream,313,,10.861304892608972,0.7418467297340174
stream,314,,10.664253250302654,0.8611377335395201
stream,315,,10.821496195205178,0.8700079910964269
stream,316,,10.953537339462416,0.8624587277631786
stream,317,,10.99479556466896,0.8651804613022602
stream,318,,10.716674656517117,0.8611018803108286
stream,319,,11.65751430187106,0.9216525651758545
stream,320,,11.99349180053478,0.9983456490430155
stream,321,,13.280813797012605,1.1269082658216198
stream,322,,14.487653304597824,1.3222793234732384
stream,323,,13.050101485775972,1.3469849841359527
stream,324,,11.201728739570198,1.4014634204780738
stream,325,,11.704087909847226,1.2951784317861992
stream,326,,11.338244860194221,1.2613141586553347
stream,327,,10.765766152329997,1.264617445508084
stream,328,,10.81718260067965,1.2262724661825233
stream,329,,10.74920859400834,1.1899176814812917
stream,330,,11.368094535252729,1.192167330705511
stream,331,,11.927750293251378,1.2710730679172144
stream,332,,12.907107568667113,1.2743991161219772
stream,333,,10.300059220927025,1.2019081191230634
stream,334,,13.141798971965498,1.152290577778197
stream,335,,14.05134548160965,1.4296830219938435
stream,336,,14.451824219099136,1.570385265195763
stream,337,,16.70705808161177,1.5767874404467428
stream,338,,16.94206712880753,1.597952951266911
stream,339,,15.978976160305326,1.5328701801844207
stream,340,,15.579146356567653,1.443031555417769
stream,341,,13.824137220486586,1.3202694498566738
stream,342,,13.092536075926942,1.1136915760674142
stream,343,,13.476095055722013,1.0871586840699647
stream,344,,13.786934256997075,1.148913751631467
stream,345,,13.140666821917593,1.149873290974132
stream,346,,13.291039208517937,1.1520087680413382
stream,347,,15.321315650858102,1.272656438089963
stream,348,,15.110613077080544,1.27857617178848
stream,349,,15.039029416891621,1.2765832753506108
stream,350,,14.871028361671426,1.298733117558804
stream,351,,14.67837364435523,1.2062822615706816
stream,352,,15.357377757647123,1.218126031636379
stream,353,,15.658784508758808,1.278488292261695
stream,354,,12.749837542028466,1.21219628324187
stream,355,,11.67421666559221,0.9114690826779732
stream,356,,11.613541133746558,0.796104992594368
stream,357,,9.311466089369768,0.8056333960352561
stream,358,,9.011500331798956,0.7761888488110745
stream,359,,10.72402357498303,0.8422820575404832
stream,360,,10.820663968079478,0.8724060553171367
stream,361,,11.61920762450789,0.9202824908682562
stream,362,,11.311290941329517,0.8863869273040249
stream,363,,10.623119316968861,0.7958059975228517
stream,364,,10.573688533703876,0.6820255855218175
stream,365,,11.937626305621919,0.7773329524545026
stream,366,,12.665086514418114,0.8917366348307381
stream,367,,11.319517093016355,0.8871666669293141
stream,368,,12.708388840560481,0.8483701477100356
stream,369,,12.807023474489585,0.9297431738787207
stream,370,,12.354693058950673,0.906591824815524
stream,371,,13.311873806765531,0.9647423351411586
stream,372,,11.358752935520776,1.0049836154530913
stream,373,,11.040195621110682,0.8561198770217978
stream,374,,11.044419731184059,0.8459548023858798
stream,375,,11.197167067907552,0.8498957929293857
stream,376,,10.70859080467649,0.8451718715483143
stream,377,,12.683947902642682,0.9566896149938825
stream,378,,12.920190557239753,1.0903801412084362
stream,379,,11.195842678090372,1.0234570005569181
stream,380,,11.664402655092974,1.015702464145087
stream,381,,10.624282208880413,0.9868551046612052
stream,382,,11.139967213475279,0.9902365419404027
stream,383,,11.750052448670434,1.1143001107564112
stream,384,,12.527337637057425,1.247990474750445
stream,385,,11.775022193242819,1.1475583417790634
stream,386,,10.865904270158488,1.043690999282742
stream,387,,10.17518025027157,0.9303468858253781
stream,388,,11.578628881299224,0.9957201311720176
stream,389,,11.575895025579799,1.0802348038453955
stream,390,,12.519993911571802,1.0941038848541949
stream,391,,17.033985076627708,1.4208110868810517
stream,392,,17.042501197369283,1.5287511733419679
stream,393,,18.282228215906095,1.5450119031113538
stream,394,,18.59891362025298,1.5592555399862649
stream,395,,18.477541201558882,1.579354271854973
stream,396,,18.592169515726912,1.5603742937278915
stream,397,,16.834523202893934,1.4574729161794386
stream,398,,17.642246777100492,1.4032858247597029
stream,399,,18.14574230942033,1.4935755354242783
stream,400,,17.55965222966386,1.49489979538704
stream,401,,17.515570061780892,1.4604463353161237
stream,402,,17.095482147283278,1.4586794704856305
stream,403,,16.80735290050455,1.3853312550350305
stream,404,,16.107405298292214,1.3360176458984925
stream,405,,15.486156200637714,1.338887413845486
stream,406,,16.137530420167483,1.3313447294784766
stream,407,,17.504619897316267,1.4784774289501557
stream,408,,14.715803887609837,1.5128851773658032
stream,409,,14.607907019536436,1.348422526910874
stream,410,,16.19688871841807,1.4826305903837167
stream,411,,11.448806079998151,1.3773504790517073
stream,412,,11.458785038917936,1.275950399451778
stream,413,,10.20687428721767,1.257151717632549
stream,414,,9.886035908019615,1.2450327687790654
stream,415,,11.32577628338213,1.2694546466461496
stream,416,,11.206649781655022,1.2898451107509954
stream,417,,11.571696027908686,1.3115746036198215
stream,418,,11.266702054836959,1.3325966236669824
stream,419,,10.825680134861944,1.2530755077026445
stream,420,,11.185012089362205,1.2329490206825038
stream,421,,11.825272450908829,1.3065340252516822
stream,422,,11.468504327642435,1.3156838404460596
stream,423,,12.339810087617026,1.2788025014028979
stream,424,,12.493199359466676,1.3415949259382032
stream,425,,12.49641333612799,1.3555389543640013
stream,426,,13.603625114069427,1.3911045131496702
stream,427,,13.764646945866456,1.4906333281806186
stream,428,,13.513828212282073,1.4562256854434072
stream,429,,14.379513730395805,1.4905195923862604
stream,430,,12.184003080944283,1.3406534638525294
stream,431,,10.922986331961765,1.0721983102304053
stream,432,,10.885541258762029,1.0098306845861387
stream,433,,12.683739052379,1.0708754268714793
stream,434,,12.942153498048711,1.1963853604759125
stream,435,,12.226903240172703,1.1496151008049533
stream,436,,12.285048645198632,1.1816468264766322
stream,437,,11.785003499305361,1.1498698614271445
stream,438,,11.230129812921376,1.0488605170800898
stream,439,,11.570945174344876,1.0303770079766124
stream,440,,11.513602853960474,1.0839348411309482
stream,441,,10.873236003377233,1.0263253703917679
stream,442,,10.992974985296323,1.0257361829918854
stream,443,,9.688756615786382,1.0003254509687065
stream,444,,9.255031048178685,0.8909194703828095
stream,445,,9.512360894428014,0.8877440640341645
stream,446,,7.805237303231457,0.8388391677969346
stream,447,,6.78361981512783,0.6481561767456951
stream,448,,6.78342313593945,0.6035428346881974
stream,449,,5.913308669757729,0.5689055757530936
stream,450,,6.134453963148398,0.5857927700554909
stream,451,,6.536896358147572,0.579335182141945
stream,452,,6.548899279253246,0.5949215206132917
stream,453,,5.867602213240776,0.5452364511403022
stream,454,,6.440630198334843,0.5613581199507702
stream,455,,7.582090425373061,0.5628767726239522
stream,456,,7.982115747679826,0.6806251985217107
stream,457,,7.998054388492023,0.7053806148825893
stream,458,,7.861374680367088,0.7037426101026508
stream,459,,7.934838416572289,0.7235123734158883
stream,460,,7.822215534828146,0.6681717916177053
stream,461,,7.824148387185996,0.6609038099430044
stream,462,,8.390627874834559,0.6746230534717923
stream,463,,8.090780568094422,0.6887952305496862
stream,464,,8.053444880088044,0.6580425873103227
stream,465,,8.709546711187487,0.6491231967883013
stream,466,,11.0464054195098,0.8313135640841371
stream,467,,10.837138169677624,0.9436594764081137
stream,468,,10.933108906599461,0.9207232889735917
stream,469,,11.313630703221834,0.9249481986628211
stream,470,,10.752915744599727,0.9212822217427453
stream,471,,10.348013405275674,0.9186011902339795
stream,472,,10.351083464682299,0.9035532016899234
stream,473,,9.244562265321646,0.8925900779457944
stream,474,,8.810081540310547,0.7624572001163361
stream,475,,6.923338747196238,0.7592472068348153
stream,476,,6.7695006795632295,0.6043785649843324
stream,477,,6.671327278578671,0.5637182594954429
stream,478,,7.460704349091483,0.5887261401732
stream,479,,7.129045825435868,0.5794203222713162
stream,480,,7.871551924937081,0.6489301015563478
stream,481,,8.622321030757584,0.7688409567610628
stream,482,,8.176885154893299,0.8206026640960941
stream,483,,8.177342791501514,0.7894211192529667
stream,484,,8.869287442731157,0.8275137822410039
stream,485,,7.984241355672906,0.847007546174359
stream,486,,5.580736807591263,0.6627949414272505
stream,487,,5.259554839876759,0.492856704584885
stream,488,,5.319299792944825,0.49672670259044893
stream,489,,4.935591679189479,0.4899238923794312
stream,490,,4.9390786275212,0.47333199681745824
stream,491,,5.065484605309017,0.4724716783056454
stream,492,,6.173643125736399,0.4808706436671988
stream,493,,6.846380906580559,0.6419556478830478
stream,494,,6.5128336868735595,0.6323941377586165
stream,495,,8.606447179671356,0.6944533957955221
stream,496,,8.231314058643948,0.7601409653807956
stream,497,,8.244729519644052,0.7597422661671166
stream,498,,9.930551522137248,0.8020194201443182
stream,499,,11.125475142225781,1.104228735048752
stream,500,,10.698975035336476,1.137964755131813
stream,501,,10.02022443994921,1.0157462176078582
stream,502,,9.783718349951965,0.9386277301278437
stream,503,,9.781063232874613,0.9293771646982312
stream,504,,9.59701976234884,0.8940583467560903
stream,505,,10.48807601571212,0.8623927508191512
stream,506,,10.79065937718824,0.8685466333961985
stream,507,,11.737771648658775,0.9672506023199369
stream,508,,11.880637987366747,1.0288421444804614
stream,509,,11.870602587827577,1.0320180097916438
stream,510,,12.127316876324116,1.0356988124957025
stream,511,,12.001573827570583,1.0555327205824112
stream,512,,10.875248258815438,1.0464963462564942
stream,513,,10.191993465621673,0.886291647927558
stream,514,,10.144738319599885,0.8868769689501715
stream,515,,8.028749932648749,0.8224524536233281
stream,516,,8.095851640776646,0.74547863080056
stream,517,,9.092307335094352,0.8052913725697373
stream,518,,6.584307391378308,0.7973835076010178
stream,519,,5.780324571185347,0.49778717982804355
stream,520,,6.218010391679197,0.39513853430770723
stream,521,,6.160188825129353,0.4193724369097406
stream,522,,6.699323131123792,0.4374418163163752
stream,523,,6.9276878051930195,0.49011088918638307
stream,524,,6.67758123375708,0.5200149502830885
stream,525,,5.75174120622218,0.5351579578353713
stream,526,,8.701132521859474,0.6406592542652846
stream,527,,9.112196893662393,0.8476608636788425
stream,528,,8.97261955288789,0.7982183237309519
stream,529,,9.227953852211431,0.8203985877068568
stream,530,,11.100349127701442,0.9530772916352415
stream,531,,11.403169939504965,0.9755565798892661
stream,532,,11.72043854896027,1.030623843924692
stream,533,,11.815853473869899,1.0567950049748505
stream,534,,12.98241359042563,1.1373364172255018
stream,535,,14.60831323568143,1.1417252911168665
stream,536,,15.926733541896933,1.3746914655425844
stream,537,,15.170189562661756,1.32695395951011
stream,538,,16.000865642066866,1.3383183803317904
stream,539,,15.979890927448613,1.4246346957030198
stream,540,,15.10662834324428,1.458739968172371
stream,541,,15.171090643175857,1.4279926233346094
stream,542,,14.618142807469168,1.407455325092768
stream,543,,16.2379616157093,1.4392737966763807
stream,544,,16.574271931855513,1.4061669274396453
stream,545,,17.146068917633695,1.3914591532828573
stream,546,,15.12339943060658,1.3974953719038992
stream,547,,13.73032660505977,1.1379811068845112
stream,548,,20.073490365920264,1.3043878760267853
stream,549,,19.806251118475444,1.545401581994831
stream,550,,20.646597242058192,1.524006197062608
stream,551,,23.5160853019915,1.9419714175636162
stream,552,,25.575552087353962,1.8880585415738533
stream,553,,25.51915210622454,1.9681598726805074
stream,554,,25.127134128511813,1.9000260059461174
stream,555,,23.855653317793426,1.8961963932118673
stream,556,,22.449982358432294,1.6822150232540054
stream,557,,22.41668328185301,1.6763446138053535
stream,558,,21.555523820164897,1.6066438561875684
stream,559,,21.35880616243165,1.5172204981277295
stream,560,,23.64203527233775,1.6428303644291622
stream,561,,23.587466026018895,1.7151556442850864
stream,562,,23.66808720030373,1.7149328816788743
stream,563,,24.236928643761907,1.687373799813259
stream,564,,23.64245814820835,1.8193618905467057
stream,565,,23.194256495037145,1.8194578305210753
stream,566,,22.470867500716277,1.7276617791867726
stream,567,,22.55427425072474,1.687025574925666
stream,568,,16.09624001679588,1.5143104291960399
stream,569,,16.261479171790974,1.2531987049778783
stream,570,,13.29662715914853,1.1482801582737538
stream,571,,10.247202413897483,0.6871969387588193
stream,572,,8.61965688661223,0.7275642494207014
stream,573,,8.627635196516959,0.6291344490056137
stream,574,,7.869965561686864,0.6209762834179461
stream,575,,7.649729111960374,0.6360422038911763
stream,576,,7.657810304100416,0.6148456467046789
stream,577,,8.088446107780435,0.6257086119482149
stream,578,,9.54487875113629,0.7805113176280438
stream,579,,9.249129028730529,0.799599338422606
stream,580,,6.919415248658288,0.6442131749850771
stream,581,,8.089650741265244,0.6216482237772104
stream,582,,8.608778900014503,0.7597424594093936
stream,583,,6.217895563188817,0.7468400919976468
stream,584,,8.933208215989115,0.7520787962430918
stream,585,,9.831789260305474,0.9848099717542276
stream,586,,10.359103975324395,1.1195526982728474
stream,587,,11.179845150141388,1.1093327171199237
stream,588,,11.214868939929442,1.1144159545356551
stream,589,,11.619184050957895,1.1524878518897517
stream,590,,13.125789016437414,1.3061037456563007
stream,591,,13.216906838675774,1.3956015100604882
stream,592,,13.998022813160524,1.375704910945665
stream,593,,15.247818751360615,1.5873777319078048
stream,594,,16.2681224339036,1.5779288844331725
stream,595,,16.38882521086634,1.5678789684768653
stream,596,,16.372408214937145,1.574583190434516
stream,597,,16.223391077155615,1.5636414765673585
stream,598,,17.52408687762436,1.634371354820829
stream,599,0.9138644589098669,19.035043196788553,1.886946220090513
stream,600,0.9151679344959389,20.303621321829603,2.1180716919982796
stream,601,0.9160212672239165,19.176198741782873,2.131545645133908
stream,602,0.9162373302664405,18.597610575921408,1.9931936956822502
stream,603,0.9163465590255708,19.029457253754472,1.9733411499632176
stream,604,0.9149702346151971,16.285672396240614,1.8589772614442546
stream,605,0.9147800169114025,15.68411216811741,1.661381106749793
stream,606,0.9146373183104961,14.666177224772277,1.5055574920222974
stream,607,0.9143894114207389,13.742018234124444,1.5069692931484222
stream,608,0.9138159244795335,13.733812538719558,1.4943087151239718
stream,609,0.9137917812466102,13.52292964903991,1.4770588016193698
stream,610,0.9131828666696832,12.476964834046008,1.3132190299816844
stream,611,0.911963050276501,12.94988520243416,1.3067996038030576
stream,612,0.9105719295794402,14.523537425400441,1.3136908772078462
stream,613,0.9087109748819094,15.10382067164651,1.4591712817241422
stream,614,0.907700730868172,14.055591158886557,1.5421632598498576
stream,615,0.906416832346188,13.89052259571701,1.5367330719474128
stream,616,0.9062672492245616,14.874379753082165,1.5857093135584976
stream,617,0.9049993255214341,14.403211964799135,1.6143971607286125
stream,618,0.9030362558718666,13.513278604770214,1.4352056733167866
stream,619,0.9014662770586709,11.98019815709757,1.2331371401744633
stream,620,0.9000718310671133,10.723596989240432,0.996303184457182
stream,621,0.8997202867602699,11.018215692015957,0.962179294792004
stream,622,0.8985168559855905,11.4259215955077,1.000485629532833
stream,623,0.8975853972737833,11.568546352202878,0.9808516505709755
stream,624,0.8988538339571447,11.66837758059834,0.9505156291280653
stream,625,0.8994038949055805,11.28133130350051,0.9159788661741953
stream,626,0.9015073306748641,12.718549179817998,0.9610646353775328
stream,627,0.9040366786971212,12.858935499197546,1.0483792423637965
stream,628,0.9059951792584935,13.07347878935144,1.045680141658238
stream,629,0.9067804420259287,13.106734004530983,1.0549722303376108
stream,630,0.9073720726225629,12.687402141648565,1.0881832865482237
stream,631,0.9071035361516913,12.384165948192361,1.0159842975193076
stream,632,0.9090918442721674,10.65080660031934,1.1023947239340017
stream,633,0.909912787140375,8.904228107381151,0.7556294601632869
stream,634,0.9108223577756005,9.081099291684305,0.67229351068633
stream,635,0.9118776746799929,9.231796831904884,0.6720969541909898
stream,636,0.9121521811917735,9.163465845139367,0.6712058575550996
stream,637,0.9129593967510489,9.459843378132334,0.7176753283043514
stream,638,0.9131888645045518,7.647427182092561,0.6870027841473829
stream,639,0.9131998614277969,8.04451336084253,0.6068447993382381
stream,640,0.9132466701187917,8.408572663307375,0.6703187147305705
stream,641,0.9131902477481982,8.684860986641407,0.6438969651489067
stream,642,0.9136626953822347,9.040818013660488,0.6030852784302426
stream,643,0.9143694721220597,8.884134515836335,0.5983491493645243
stream,644,0.9151653224040536,8.98656015064478,0.5963933729978121
stream,645,0.9164408770847334,10.558503033204282,0.6137994721497152
stream,646,0.91780311670212,9.548601636090968,0.5645890733235988
stream,647,0.9189283219036526,10.026475663178985,0.5258993616441673
stream,648,0.9198911250238465,10.050161350079929,0.5895072238312626
stream,649,0.9203168554876608,11.319581089401185,0.6601971103497644
stream,650,0.9213274647038006,14.637738681352749,1.0310262916769064
stream,651,0.9222597592130197,15.05624192009543,1.2534059778553746
stream,652,0.9235428861214819,13.758197423669122,1.1715870161954411
stream,653,0.9247623315304071,13.802052515193616,1.176010583092718
stream,654,0.9258198445084272,13.710005046535061,1.176123836868736
stream,655,0.9263790352615003,14.027129938334657,1.1831367888453712
stream,656,0.927138516226445,13.470003369334146,1.1243343495452396
stream,657,0.927357965750937,13.675742267669474,1.0973881288559757
stream,658,0.927311525151815,14.69925783728047,1.0803623791785477
stream,659,0.9272639470297522,15.152886280536782,1.229807332034256
stream,660,0.9268316731704849,14.802152116302416,1.1969889244008167
stream,661,0.9268980079076803,14.237006915076135,1.204403733273736
stream,662,0.9267048906218622,13.470717710327811,1.2038975138362842
stream,663,0.9267725392425042,13.842508799811117,1.2394208280955454
stream,664,0.9268831109936007,13.687648271708756,1.2525480943039862
stream,665,0.9271115991323872,12.084868327783871,1.2368860711018232
stream,666,0.9272061719354522,12.812995886041325,1.266044605560152
stream,667,0.9272782448223562,13.684270822449639,1.4206747703752702
stream,668,0.927379975298373,15.773932594382057,1.5732347066397285
stream,669,0.9272879522903089,14.105639089721404,1.5673507379292637
stream,670,0.9271248028791162,14.648154939451226,1.3487193431068822
stream,671,0.9268882268293273,13.977001764781974,1.209143017428716
stream,672,0.9264435191912873,13.912123773635187,1.177677225380191
stream,673,0.926171132106125,13.972528413469783,1.1713569119554306
stream,674,0.9253755887254206,14.304679724208537,1.1990552928700962
stream,675,0.9240557702642085,13.969047407730006,1.1948696747670096
stream,676,0.9224954042052809,14.253798523133561,1.2741242415234666
stream,677,0.9209600990171029,14.175807416785332,1.2152892816435612
stream,678,0.9193688912994965,13.367771168878674,1.21847213035634
stream,679,0.9189473532565517,13.390871989704625,1.0763989403860892
stream,680,0.918984258027966,13.541496235537421,1.0488953922083646
stream,681,0.917814118229007,14.35353198814006,1.1136808019254572
stream,682,0.9171708149326021,14.822203763072734,1.2209822676065811
stream,683,0.9168489951166958,14.014319237799253,1.2148304048116922
stream,684,0.9159410440614167,15.43528131505563,1.2303133746865267
stream,685,0.9156327086329453,15.509685207094778,1.3225932745250455
stream,686,0.9158248324564262,14.338478719297385,1.2903905815572694
stream,687,0.9161461951772231,13.333996743740569,1.1037358053001924
stream,688,0.9166208952529542,10.94730629431847,0.9123367833917627
stream,689,0.9183195695744585,11.628358100547006,0.8265715902561268
stream,690,0.9195961616186747,7.825361678950163,0.6892699804432812
stream,691,0.9226855025984064,10.827317411244865,0.7750804170740968
stream,692,0.9242598120996837,10.888439663441812,0.9118858474058305
stream,693,0.9243238357361261,12.493181107903018,0.9248335835176876
stream,694,0.9239773268620352,12.14707659347561,0.9880896411853723
stream,695,0.922976472025221,12.483240547484556,1.0146337261709129
stream,696,0.9217604897095997,11.975347873427127,0.9416039845003834
stream,697,0.9203954210100591,12.1149898408241,0.998143043516802
stream,698,0.919341094129734,11.967221206377925,1.0269716481574283
stream,699,0.9187088287937959,11.092891008044749,1.0296790236834408
stream,700,0.9182432510573008,10.894037305627892,1.0259373908045448
stream,701,0.9177001360173765,13.28811334005114,1.0779641410198155
stream,702,0.9176628117575464,14.200949523962633,1.2666916982387069
stream,703,0.9176429180303329,14.297891500289653,1.3449625710748523
stream,704,0.9175462790599499,12.745881129329497,1.31763277204378
stream,705,0.9178200344384329,12.668420336299341,1.2228149233129384
stream,706,0.9184067308013287,13.109846644517729,1.239403838356921
stream,707,0.9190369522556456,12.631937844910802,1.2602584364063543
stream,708,0.9202481638870202,13.011172530732992,1.2562378588006835
stream,709,0.9215006936065252,12.328683795258684,1.2438874072648702
stream,710,0.9221864986673685,12.643993620276145,1.21868036300168
stream,711,0.9236859616820217,11.374068984198232,1.1871959743138354
stream,712,0.9247781984177268,12.555867599518201,1.3192058803482756
stream,713,0.9265097625199942,12.138232383598691,1.445190074802313
stream,714,0.9273781199262082,12.064175859237535,1.421881410963157
stream,715,0.927838351768754,12.286228613357865,1.432264005244893
stream,716,0.9289212933873199,14.980162530702554,1.644685046565205
stream,717,0.929586785976038,14.457391436944631,1.656818833160744
stream,718,0.9303177142290172,14.320889979045454,1.6355246961649124
stream,719,0.9304964897839061,14.81495922629049,1.6573372026807318
stream,720,0.9305667698541503,14.93143747795067,1.6934116213400088
stream,721,0.9305658092495726,11.650597104341175,1.5761625034622038
stream,722,0.930526458114098,10.270591486293766,1.2809382758658678
stream,723,0.9304349207743362,10.153174068898412,1.1774040404967554
stream,724,0.9305323960573144,10.907996269966524,1.198474844139342
stream,725,0.9306346605922905,11.035428341225042,1.2062997810090097
stream,726,0.9306510086413351,10.6576586725367,1.1982190565568405
stream,727,0.9306476046632559,10.666914534504608,1.1593325624127733
stream,728,0.9305925653818887,10.306509175829285,1.139014910858782
stream,729,0.9303601231824513,10.644758001203407,1.161477861244821
stream,730,0.9303135750837789,10.356351152958403,1.169445480018182
stream,731,0.9304187878255425,9.421478878239236,1.029313101211801
stream,732,0.9306840288845962,9.137716992165485,0.9189234357763824
stream,733,0.9304947156793089,8.692410935390257,0.7624656077663163
stream,734,0.9302877467067575,9.29191449469868,0.6960845146299572
stream,735,0.9296233015701676,9.752140641591417,0.7557812697943738
stream,736,0.9288595768283758,7.927345074334754,0.7202613424465072
stream,737,0.9283998820241004,7.861306914787303,0.6883000301157078
stream,738,0.927807791264769,8.046250008388137,0.6869606056234843
stream,739,0.9272164496423917,9.133130646719259,0.7497810734611132
stream,740,0.9269464540395853,10.052136637793138,0.7189209252011184
stream,741,0.926547901381918,15.338768786378132,1.1159522726985285
stream,742,0.9261047712559799,15.319548889356918,1.2986662551604167
stream,743,0.9261990117993735,15.336336006538552,1.3027107035726941
stream,744,0.926417118092787,14.713949248134227,1.2841741031984162
stream,745,0.926566466138679,15.10774844112592,1.2807085604956845
stream,746,0.9267995881625757,15.435998863811129,1.34104922309363
stream,747,0.9271554645434817,15.417182261205642,1.3508520374753996
stream,748,0.9274589133781339,15.442367575416862,1.3528644608825668
stream,749,0.9273226354641845,16.386523550399456,1.357284670382477
stream,750,0.9277701541240919,21.56553135730825,1.7706898380513603
stream,751,0.9280680562190705,22.074916405918167,2.232829907111753
stream,752,0.9283792568744266,21.762936336397868,2.192415933783329
stream,753,0.9283695259293814,21.15901778761643,2.257592061756878
stream,754,0.9282895953862519,20.576705533511575,2.260866937193608
stream,755,0.9284364939128248,20.304967026961933,2.1954456407894813
stream,756,0.9290669520988829,19.303514937155906,2.037529330091717
stream,757,0.9292225701240172,19.322493589049312,2.0006295140226285
stream,758,0.929391362923554,19.336323911118722,1.9943915763190894
stream,759,0.9301881091630783,18.442913163660787,1.9612265494193468
stream,760,0.9309246131451784,17.59252784389956,2.0280637791557683
stream,761,0.9315643947019893,16.593507589940526,1.8590633449235017
stream,762,0.9318254186038915,17.306006218587967,2.0028433184461694
stream,763,0.9318715085044025,17.67292157229974,1.9956929062130322
stream,764,0.931941818166736,17.825764023925952,1.9920565736992017
stream,765,0.9319818282179352,17.315781265435092,2.0025927107255277
stream,766,0.9319557760110145,16.995526524129616,1.9355478251759086
stream,767,0.9315767022643469,19.39282841021235,1.9892957454738172
stream,768,0.9308052028935929,19.606347064031002,2.0130378815742285
stream,769,0.9298560003925281,18.70511144870622,1.983021032489332
stream,770,0.9291209532047545,15.755288129509925,1.7058464862476865
stream,771,0.9285181462706226,14.538255760983334,1.3804971047832302
stream,772,0.9280842152486848,14.018899832978098,1.2613589407151125
stream,773,0.92814313644282,13.921808434187996,1.1977763364962348
stream,774,0.9281030392965476,14.577326367769372,1.198081629254418
stream,775,0.9282215795201183,13.615798309380168,1.1903924421059147
stream,776,0.92809468125914,14.148732696096427,1.1858387708483706
stream,777,0.9287588955880226,14.132083565227015,1.206182146255818
stream,778,0.9292533563523605,13.950109992583219,1.2059673287383794
stream,779,0.9296083471244625,13.614350343871887,1.157549308087226
stream,780,0.9303309113599757,14.125111194237437,1.1577418913979267
stream,781,0.930622690578313,11.154909478683878,1.0817149525226122
stream,782,0.9310104750431504,10.801577133086305,0.866294007407072
stream,783,0.9311220117082875,10.517792894560142,0.9008152344758653
stream,784,0.9314493532646486,10.492059487216327,0.9362769157633235
stream,785,0.9316812115446217,10.506912064325487,0.9257407787369977
stream,786,0.9318776971028934,10.43502108334504,0.9212916903977155
stream,787,0.9318207865714675,8.13217798088734,0.8583493610193845
stream,788,0.9321236146951978,9.554646027678295,0.9213492788029954
stream,789,0.9320648018248223,9.682665048439889,1.0754713530561488
stream,790,0.9320885755959314,7.319594007442815,0.9281898057421901
stream,791,0.932066619439807,7.102546967757406,0.7840500101719319
stream,792,0.932004137587463,7.004917650561996,0.7838071156546446
stream,793,0.9322088780186264,7.19921299011314,0.7908287879227036
stream,794,0.9327374290324254,7.352609017170676,0.7882041045822079
stream,795,0.9334655931189798,7.875284816973152,0.7620502402577515
stream,796,0.9341028152389659,7.396074456613434,0.7540306748618545
stream,797,0.9349170320321515,8.461392546774361,0.7633004005827033
stream,798,0.935431186973804,8.775628256381173,0.8484836870256076
stream,799,0.9356631178557829,8.751780499657954,0.8333668874847877
stream,800,0.9359652317869936,8.230990569574958,0.7931490824842629
stream,801,0.936571618426799,8.939314955905175,0.6592348729545942
stream,802,0.9371353180346292,8.584617743288472,0.6194801684801365
stream,803,0.9376591320928528,8.724635717631422,0.5895835449967999
stream,804,0.9381236783968143,8.74128600418517,0.5946982961535812
stream,805,0.9382716629651537,8.907943162691508,0.627198398831024
stream,806,0.9384659798454829,9.18963821410004,0.6275347332415213
stream,807,0.938626151057528,9.094956779130964,0.6410893055036754
stream,808,0.9386950008442172,8.169743401832633,0.5746199316877805
stream,809,0.938783097847575,7.666270341612558,0.4300688554146658
stream,810,0.9389704659818462,7.678073108034653,0.4130992487489657
stream,811,0.9388949988546466,8.42116053488242,0.4333144187567186
stream,812,0.9387222261301961,8.584849146092173,0.4997612293397953
stream,813,0.9384562645934408,8.158580492104857,0.4981784826760652
stream,814,0.9384064655506245,7.667833028269978,0.5104512106737336
stream,815,0.9384652965032704,7.186645007571585,0.5205069011549286
stream,816,0.938270668128286,7.6779267233564585,0.5421490195345845
stream,817,0.9381910366868507,7.0610869947362165,0.5737209103474407
stream,818,0.9378066355851807,7.779270549320503,0.5957092639951113
stream,819,0.9375818326341213,7.750794522215271,0.673127616158977
stream,820,0.9376328592288438,7.755495840667547,0.6415359612577716
stream,821,0.9377704469229374,5.7297701885799865,0.6221924179680901
stream,822,0.9376735125113317,5.835633842502109,0.5604170447971047
stream,823,0.9373791341538265,5.609208454732917,0.5567962928475043
stream,824,0.9372256777058907,6.301181717362403,0.538941772611758
stream,825,0.9372563740596938,6.687642199197823,0.5879229465908856
stream,826,0.9371950143020301,7.144930346140246,0.5877817687254201
stream,827,0.9372335323651547,7.20021692618974,0.6021240554501989
stream,828,0.9372337604014457,6.4301661207398215,0.5788678724454742
stream,829,0.9364917729751054,7.61331290806568,0.6352638844571102
stream,830,0.9364050153591746,7.956202933753602,0.7250888974957977
stream,831,0.936543423443618,10.0063834925022,0.7304620924981388
stream,832,0.9366389584811174,10.68714230945605,0.6952819204914636
stream,833,0.9370644857074963,11.024142417781935,0.6963884041671355
stream,834,0.9372385077598262,11.012117432792563,0.7396992488227163
stream,835,0.93765018595752,11.42821694014893,0.769353874341723
stream,836,0.9377472759932792,10.994770284561891,0.7735369953105475
stream,837,0.9379978721699326,10.727695266361899,0.72472973853885
stream,838,0.9384447894596414,9.857706073608218,0.61658732080529
stream,839,0.9389879039384875,9.619691872613133,0.5407551691019395
stream,840,0.939469037727676,9.502346186046292,0.5555847727697272
stream,841,0.9398730157804632,9.504060940351682,0.549239979708407
stream,842,0.9401552013261487,9.54630111430764,0.5424287417798875
stream,843,0.9404257887993092,9.723496004554788,0.55954904341217
stream,844,0.9406568515973696,9.08349429866906,0.5765273084624802
stream,845,0.9407876363063198,8.978079806939165,0.5688140903387545
stream,846,0.9409775812125146,9.211169328484722,0.6560813259653793
stream,847,0.9410227338304111,10.676156437011633,0.8148842104404665
stream,848,0.9408015872103249,12.603329903260528,0.8178676910513304
stream,849,0.9407278865449255,13.29944215869113,1.028831283596472
stream,850,0.9405110743482159,14.87329123528468,1.2368873113659042
stream,851,0.9402273926793426,12.098900901615274,1.2878674235499785
stream,852,0.9398632300051267,11.894004253784237,1.2721031629421529
stream,853,0.9396368564926416,11.515909837013277,1.2974494359664068
stream,854,0.9390977432294385,12.329851043053269,1.2818557452700738
stream,855,0.9386904511197399,12.185313618215403,1.3169864954855792
stream,856,0.9382787832927187,12.09176549468537,1.286648979342008
stream,857,0.9375961567124816,11.960838771671103,1.2807614285360904
stream,858,0.9371660045263015,11.916695281669135,1.2784258096114123
stream,859,0.9366452876909375,11.908218146250919,1.2770736099086297
stream,860,0.9364160218922862,12.137117919421968,1.2771632508276642
stream,861,0.9353417830191284,12.256483483437563,1.3138454806820008
stream,862,0.9344101430669054,12.492890670522552,1.3138010379242424
stream,863,0.9330142259395835,12.359390684136006,1.2951979802438356
stream,864,0.9326732736765059,14.001092034369153,1.3315285323666501
stream,865,0.9332472830316237,13.679251459194672,1.2877792298827027
stream,866,0.9343834210180293,13.22308185408859,1.203429794071688
stream,867,0.9355947661378652,12.575578924417892,1.1223350680347588
stream,868,0.9361054690578441,10.95423007885804,1.1247045288017745
stream,869,0.9360893658216985,9.073676243283394,0.8596802319499284
stream,870,0.9358862329459543,7.376964008618614,0.5628110218606297
stream,871,0.9361063410898782,8.528018131139468,0.5713329511829625
stream,872,0.9364804345481768,7.8555783322765,0.5954633626316228
stream,873,0.9366299824071674,8.356617588496801,0.5731757757227695
stream,874,0.9373845547548435,7.480120918811114,0.5999404992880193
stream,875,0.9378215382253302,8.640359553818138,0.6383569307212754
stream,876,0.9373623053639764,11.458589248032123,0.6326328590169917
stream,877,0.9378203460048765,12.056547150832627,0.8648379821185533
stream,878,0.9372995389370659,13.78181689018136,1.0373017334041739
stream,879,0.9369382829169932,13.758357987013781,1.0851749649360893
stream,880,0.9363869888148222,14.383075337297424,1.1156389630947599
stream,881,0.9361558886931827,14.839972572670748,1.1639925545838812
stream,882,0.9359965232207808,14.719303426466372,1.2102185422935672
stream,883,0.9364693522077521,14.765501598577066,1.2353322635104294
stream,884,0.9364478949953485,12.940890629788592,1.1590970186708642
stream,885,0.937392688406024,12.940299276068316,1.1501427913582394
stream,886,0.9371030381035922,12.531605041895608,1.1686549050073924
stream,887,0.937696531004142,11.773671825564776,1.0624612933426294
stream,888,0.9390784939476999,11.915034874849358,1.0591623999384516
stream,889,0.9407548542536118,11.9118544585065,1.0612019515998008
stream,890,0.9417338577247418,11.847660600145034,1.0689346952680796
stream,891,0.9421614413329071,12.531924074448755,1.0244890828919597
stream,892,0.9427977651968834,12.806304426967847,1.1230311624128189
stream,893,0.9434203944310616,12.62930068654021,1.1117619369961245
stream,894,0.9444415874987909,12.57561173625915,1.0429182073457108
stream,895,0.9453436541322243,11.594961672213808,0.9843652310821163
stream,896,0.9457294300913113,8.825666770921407,0.9889828010989514
stream,897,0.9459099611837986,9.280550073220553,0.8276699740190723
stream,898,0.9460827203276068,7.421561441272847,0.6984700544798952
stream,899,0.9460434707127825,7.94615015333598,0.6850503217678084
stream,900,0.9457333628812767,333.59341148542825,161.77045682579245
stream,901,0.9449436821999275,333.0323259707566,171.62371508880793
stream,902,0.9432782781385618,332.8008785037537,192.04819359040232
stream,903,0.9141219623829596,9916.109242073753,195.74558843036758
stream,904,0.9222702663658805,12332.652783720863,281.5482449170461
stream,905,0.9349948985397792,12573.130366201416,322.273938797436
stream,906,0.940733287349686,12587.676679705683,327.28615356875684
stream,907,0.9422170540917187,12590.069631881785,327.4756459208106
stream,908,0.9419027908103025,12592.668983180622,327.473988423934
stream,909,0.9397007904413144,12594.783324911848,327.46497946440735
stream,910,0.9319513228486506,12601.928936621487,328.0381508500907
stream,911,0.9254330412977962,12634.616085397094,330.61914779266226
stream,912,0.920227721104849,12637.850513895932,331.0391060640781
stream,913,0.9152831844820126,12638.433881175033,331.05621818596285
stream,914,0.9153808338949747,12655.88144370434,331.3378018530961
stream,915,0.9092128181505535,12723.052417955998,336.3363375782776
stream,916,0.9064252375341416,12722.992612396114,338.7845883005462
stream,917,0.9104689262693723,12724.967278318136,338.8268429050634
stream,918,0.9176678480075942,12725.026078967272,338.90469181925636
stream,919,0.9163439675692296,43169.868145909655,348.45829942249804
stream,920,0.9152553369492485,42843.55932452232,232.97944421348416
stream,921,0.9158338109398811,52487.95146918193,298.4670128991865
stream,922,0.9165445534519473,62441.631873474995,278.0675029939522
stream,923,0.9219287560043904,58948.38591612755,291.24016280772577
stream,924,0.9149577142438984,58523.809039612766,245.87864603419558
stream,925,0.9082905955461239,58802.51761014935,222.58335869964841
stream,926,0.9069711631280426,58923.4598513793,222.12297219809926
stream,927,0.909123540101629,58956.36324952508,223.16333061619852
stream,928,0.912138390026338,58960.38640569711,223.54478468040915
stream,929,0.9129370098523005,58958.68900797742,223.68218493535275
stream,930,0.9076982662255755,58952.59803101098,223.1005076667394
stream,931,0.8914366786947836,192751.09197390417,3020.4047918687406
stream,932,0.8669627678966471,192761.29955570796,6910.74556243284
stream,933,0.848790532220706,192800.4872965028,6914.366076589018
stream,934,0.8577923909014197,193210.97130761642,6921.571129918293
stream,935,0.84346280852067,193400.83541196815,6965.470461005736
stream,936,0.8382862220337004,193432.78001740162,6980.379906413517
stream,937,0.8358396020834089,193432.37988036935,6980.791618084158
stream,938,0.8376669374732095,193438.56574372028,6980.703558418929
stream,939,0.8425395184882477,162996.40565250962,6971.120925592662
stream,940,0.8484971886463396,162996.89865980306,6925.489227239007
stream,941,0.8558045187334664,153354.8161552683,6850.084076338854
stream,942,0.8614170511594407,143402.25802941498,6850.011914400809
stream,943,0.8672580101451249,137312.60194745084,6833.11709093191
stream,944,0.8722569186105638,135320.4862049768,6792.69458418468
stream,945,0.8753098553362383,134801.1837309303,6775.2478038457375
stream,946,0.8768018665979451,134665.5878823511,6770.6744893460545
stream,947,0.8765287298416176,134632.13279338556,6769.508169448803
stream,948,0.8757503969517512,134625.45207218165,6769.14760756677
stream,949,0.8745632596969525,134626.78620243716,6769.0208458049665
stream,950,0.8730699869370359,134625.64606559518,6769.052447299724
stream,951,0.8711869580765073,793.109934453636,3969.1320109435674
stream,952,0.8686680442046243,779.5669880263159,78.23847000480707
stream,953,0.8661386937783545,740.3013920328098,74.65336854525908
stream,954,0.8633266022105534,312.1936425734535,67.21077712247528
stream,955,0.8618602308791579,55.72645569087558,18.28171308881727
stream,956,0.8604431466722055,23.87176758261842,0.9684392908831237
stream,957,0.8592150538638658,21.701342617528695,0.4723044923847579
stream,958,0.8586516828855665,15.682294909599717,0.44098986891142855
stream,959,0.8582464274100637,12.71579212052551,0.47083269275301304
stream,960,0.8583665685521465,12.537923946597987,0.4553761555070082
stream,961,0.8580591147757329,10.325866231254793,0.4368980221966119
stream,962,0.8585881787456133,9.180921883267894,0.44571976431608396
stream,963,0.8577508336896333,8.704176733259132,0.45599621203155166
stream,964,0.858696703446202,9.023210184271969,0.4531375026664978
stream,965,0.8608261128233449,9.461009033841203,0.4438898727044806
stream,966,0.8633613776250821,10.031627854785842,0.4437597688040383
stream,967,0.8655364293330398,8.30048233710666,0.39135134216859446
stream,968,0.8677205708167389,7.988512683615957,0.3939936505980445
stream,969,0.8693180155501474,6.787373906047071,0.4085607119584571
stream,970,0.8709136237256351,6.7048045977924655,0.3974388129911294
stream,971,0.8724030720275152,6.267341896258899,0.3913450514568004
stream,972,0.8732824060049019,6.1466651792084885,0.39780344026366815
stream,973,0.8737497836175346,5.45628751666971,0.3496738812001285
stream,974,0.8740528767183856,5.4258069593313385,0.32442695711590025
stream,975,0.8741422939773895,4.545312064207127,0.3031499628079624
stream,976,0.8737198531758553,4.549484449495915,0.28128276452120754
stream,977,0.8731411578590708,4.200184787779383,0.24696892537172407
stream,978,0.8729689846773486,4.208785161673227,0.24849552867567534
stream,979,0.8726328433261211,4.82852255801232,0.2270525300959942
stream,980,0.873217354951713,6.71476908499778,0.44666767971557714
stream,981,0.8736997044648417,7.712016155407241,0.7218270912442935
stream,982,0.8740895016712041,7.7625938837892985,0.7259061240184193
stream,983,0.8750692885390926,7.810193758774784,0.7246376947578735
stream,984,0.8759464212570537,8.206914814220791,0.7587704054270892
stream,985,0.8766922251942006,7.919209776251399,0.7599389925236231
stream,986,0.8771435581822645,7.368542227090561,0.7604622138441506
stream,987,0.8768661040314791,7.210963878517424,0.751524210568714
stream,988,0.8760958834498774,7.7338009647501975,0.7306179842121913
stream,989,0.8749802654051785,7.181858962844289,0.7289809607393756
stream,990,0.8720581850880412,9.319248326402878,0.7900812531855447
stream,991,0.8687163099577774,11.081609268441316,1.0538696290709766
stream,992,0.8648573728881521,11.03560545791684,1.1342574728530486
stream,993,0.8619593236336879,11.776925590724789,1.1627506680215551
stream,994,0.8586371664900557,11.793931256994101,1.1799748852090262
stream,995,0.8528149194819168,11.89114262116241,1.1966844098874299
stream,996,0.8457972956912672,12.420791506425552,1.1716751108399615
stream,997,0.8395393385473079,12.252995625729826,1.1959584929887106
stream,998,0.8341073657854783,12.020144967779817,1.1941086525103572
stream,999,0.8291875086585199,12.07497521797142,1.2182010742176168
stream,1000,0.8227464087171709,9.96513491026814,1.068989278530335
stream,1001,0.8159942985533134,8.861114217251457,0.8035548682080235
stream,1002,0.8096626651438498,8.91341186198772,0.7882010051449468
stream,1003,0.8059084328098319,8.999472029548343,0.8013516781526048
stream,1004,0.802621241222862,8.330320883382303,0.7520634070988191
stream,1005,0.7998695153864903,8.496440803448039,0.7785403326088662
stream,1006,0.7949479597651472,8.636175927624533,0.7808826399775257
stream,1007,0.7943494466314213,10.528015893281356,0.8713665851874259
stream,1008,0.7942863638090941,9.930439302923906,0.9381482037065251
stream,1009,0.7947981760340891,11.554603190633951,0.9637900697592594
stream,1010,0.7932727100339496,9.757371965328824,0.9972465861683855
stream,1011,0.7945229735031667,8.224122796070217,0.733277565468549
stream,1012,0.793434287477103,8.366890101284856,0.6693122214923769
stream,1013,0.7924145036415886,7.51273711534665,0.6535359143560556
stream,1014,0.7911384062838682,7.5119236893143695,0.6283300210881864
stream,1015,0.7912653187883353,7.237838102751172,0.6094003234382561
stream,1016,0.7899246777397327,6.890827378897631,0.6266722091840798
stream,1017,0.7898223353245574,6.905381173773868,0.6052571741333518
stream,1018,0.7923665684532191,6.956712568576254,0.6046430208010125
stream,1019,0.7955679755714639,6.259560026484629,0.5686768573113605
stream,1020,0.7964702594937201,6.9257014588959365,0.5946398179292061
stream,1021,0.7977230700775606,7.4047228471040825,0.6679281951740207
stream,1022,0.7977826016459812,7.418203918487106,0.7203814092884374
stream,1023,0.7954934427943823,7.658834366814789,0.7089646497561961
stream,1024,0.7935655439803387,7.915401844687837,0.7327240487487842
stream,1025,0.7917004256689352,8.090923929352321,0.7051348549823311
stream,1026,0.7883825896713926,8.890128197674056,0.8308833913442641
stream,1027,0.7845672601894571,7.016773247762611,0.7472205095357939
stream,1028,0.780934506936365,7.196290954485567,0.6887737450611567
stream,1029,0.7775989078176334,6.009500450444772,0.6341350547601252
stream,1030,0.7740136116504308,5.672731910011467,0.5311294823166909
stream,1031,0.7704154420533553,5.993219764103008,0.5657519293287991
stream,1032,0.7664358551606391,6.001773341380669,0.5388776278522263
stream,1033,0.7611217270411601,5.973683445545163,0.5261607541914012
stream,1034,0.7561986113057347,5.997313843128571,0.5163148675367024
stream,1035,0.7510728663632245,6.230827946514771,0.516208634841806
stream,1036,0.74811720366216,5.9604222333560415,0.5020985414605912
stream,1037,0.7465617297826215,5.977056666126559,0.5030161281229014
stream,1038,0.746174029339388,5.92350691045406,0.5022593633133088
stream,1039,0.7466602396457238,5.678355254504724,0.5000440148659003
stream,1040,0.7477197617098249,4.675359316066555,0.3981412943213278
stream,1041,0.7478325368633515,4.449641643588456,0.34144814150139435
stream,1042,0.7473101741609622,4.5219249222831115,0.31095195809003773
stream,1043,0.747031788661925,4.744040956797238,0.38530037806286155
stream,1044,0.747210813584388,4.469063925412913,0.38015553974467475
stream,1045,0.7463333744767449,4.503258737335104,0.38667971888021196
stream,1046,0.7464298417171356,3.902173804180925,0.35053860063372516
stream,1047,0.7476947347078662,3.8175664785168957,0.34595128309815026
stream,1048,0.7491933661879574,3.72729991303598,0.33956799086850775
stream,1049,0.7502152229261776,3.419081721808105,0.3561970281956612
stream,1050,0.7495301621588132,4.215417562502726,0.3449393111013115
stream,1051,0.7499277590615965,4.4001543385592825,0.4435842072898835
stream,1052,0.7497657713446041,5.976104860325349,0.5755628221630892
stream,1053,0.7488634824288315,6.530423315623743,0.59180626031931
stream,1054,0.7483897615765306,7.5081672221410445,0.7335882965581043
stream,1055,0.7478441713143147,7.351260521454668,0.7481874547807488
stream,1056,0.7469394208720661,7.733373857230669,0.7542002270541841
stream,1057,0.7458207717701187,7.755619405574074,0.7924637867464064
stream,1058,0.7445061314269581,7.75709095352394,0.792373464627231
stream,1059,0.7435209587360879,7.775593575023509,0.7931063535665438
stream,1060,0.742813535470544,7.8686564091801126,0.793007294420509
stream,1061,0.7421214785660336,8.135257587756602,0.8121457405280529
stream,1062,0.7411519742954529,8.667678342780102,0.8578049291218157
stream,1063,0.740333282869407,8.047039828040537,0.8188644370969129
stream,1064,0.7402353465905911,8.488093754556203,0.8107837328571796
stream,1065,0.739495537158036,7.937224516948081,0.810783748737299
stream,1066,0.7392867739574612,9.023676098509528,0.8148067524692212
stream,1067,0.7380495347139832,11.073803207711006,1.0114474946468497
stream,1068,0.7359901046112759,10.982640188555624,1.083381353514044
stream,1069,0.7331565526989506,11.042832472787323,1.0721806094075406
stream,1070,0.7310265862722417,10.429443112079023,1.0692827952348745
stream,1071,0.7281738157079836,9.960186178281262,0.9731192484999955
stream,1072,0.7259995400858693,8.332750011329551,0.8395294842678993
stream,1073,0.7252022330997453,8.711485711037861,0.8376762217084602
stream,1074,0.7252308862837971,8.458472706409566,0.6947819146665215
stream,1075,0.7210815752611339,16.775126574073216,1.1449720508742733
stream,1076,0.7182984747914076,16.5521077885761,1.610182791186181
stream,1077,0.7157508671690838,16.677902200797494,1.567744699514237
stream,1078,0.7132765182566264,16.881561211548064,1.5690176572731527
stream,1079,0.7123536240505158,16.881379012187516,1.5692956426345912
stream,1080,0.7135718712200126,17.779285711465555,1.5970800602980106
stream,1081,0.7137026770956659,18.7473438394445,1.712809918572855
stream,1082,0.7137379548312357,18.013125618080366,1.6927500039696153
stream,1083,0.7125800849286525,18.171391577480655,1.649342122437129
stream,1084,0.7113765986525871,17.70233320483818,1.6561358582397285
stream,1085,0.7122834156123766,17.787236741261342,1.653533319896036
stream,1086,0.7112064435901333,16.58319430168838,1.5648636669439822
stream,1087,0.7095038800450303,14.79083896188061,1.3637746285203194
stream,1088,0.7077998773234425,15.419588393996246,1.2865391306564187
stream,1089,0.7071817564200749,15.878185461765385,1.384249644254583
stream,1090,0.7049800030005032,15.778118721033925,1.4181091662704441
stream,1091,0.7055316212611076,18.601313761667733,1.5340754449967764
stream,1092,0.7054266122250441,18.61645010420844,1.5812263963705449
stream,1093,0.7058654032744677,17.72405870776456,1.5622966498720998
stream,1094,0.7047638240630282,17.266879069326325,1.5795632105005097
stream,1095,0.7034430741979593,9.023685316347535,1.1193705911780405
stream,1096,0.7009756826495495,9.594898521105902,0.6467051570414457
stream,1097,0.6995597719569072,11.572336116441711,0.8802869487597103
stream,1098,0.6973183396311792,12.597795007271408,1.0960500197760439
stream,1099,0.6954787399919811,12.683469286263175,1.169879776258426
stream,1100,0.6932523456502149,12.045945240490843,1.1625585226972448
stream,1101,0.6913237625297513,12.204420275598762,1.1535167576194523
stream,1102,0.6897078220560061,12.207024940544825,1.1481019593664996
stream,1103,0.6875307702977181,12.37497543521165,1.1508495796290892
stream,1104,0.6847842517719459,12.417931127324893,1.1735399560041495
stream,1105,0.6823544870376904,12.550362606511419,1.1747358430122778
stream,1106,0.6790551823850067,12.41241140739625,1.1759371842638406
stream,1107,0.676307119703269,12.16083282651424,1.1809358690405307
stream,1108,0.6744100396691685,12.745976887113418,1.2081044686576583
stream,1109,0.6725094628812485,12.097566687863317,1.1507900466570051
stream,1110,0.6712219138416401,13.094224525321183,1.1729053663511602
stream,1111,0.6704698131540318,9.944349881062651,1.0605249385861746
stream,1112,0.670489033258378,11.394409728796084,1.0780095499610494
stream,1113,0.6697394616092508,11.415647909002109,1.147947079438841
stream,1114,0.6686570194568556,11.615315626329474,1.144061367942693
stream,1115,0.6692906356335521,11.834291170243112,1.2051462412316218
stream,1116,0.6716006223666402,11.185900587975551,1.1988481082697422
stream,1117,0.6726033952824152,10.014127065937473,1.0236026058457497
stream,1118,0.67543538827067,9.326693579201965,0.9202513556986899
stream,1119,0.6769672209003307,9.447940045461863,0.9121300622196895
stream,1120,0.6783442811218802,9.130745164022295,0.8936816122021589
stream,1121,0.6790476877786054,7.607646552620128,0.7394761481810165
stream,1122,0.679133979504135,7.775085356282481,0.6976463265287425
stream,1123,0.6791852974045789,7.773311266754807,0.7277754747151953
stream,1124,0.6782921116093087,7.732983772156183,0.706273043138581
stream,1125,0.6767690194971075,7.514119219159266,0.7050771566085479
stream,1126,0.6750395787117144,7.41498839140934,0.6963134629680862
stream,1127,0.6738325543262699,7.678836797869264,0.7104489848641182
stream,1128,0.6725887163023798,6.46426636613854,0.6892924139967472
stream,1129,0.6717211520477042,6.48897661423692,0.6432181185186968
stream,1130,0.67017409665625,7.319900314161956,0.633436899953579
stream,1131,0.6679884736294375,7.329808520813026,0.7031880039672842
stream,1132,0.6648286441030601,6.2376662057273204,0.6571552988791748
stream,1133,0.6612733202038015,6.3726339923909805,0.6526098026289042
stream,1134,0.6594253151367596,5.886387400296475,0.6405037767680699
stream,1135,0.6580878492386879,5.75538171694048,0.582495067389081
stream,1136,0.6565901221455629,5.979864827984313,0.5861906774092922
stream,1137,0.6564385433598352,5.462640451344163,0.5266806501236858
stream,1138,0.6567832258472981,6.073662817764334,0.5252145363159578
stream,1139,0.6571371000666185,5.871155825614373,0.4877529759225556
stream,1140,0.6579306448567828,6.836417616474743,0.5376142667515207
stream,1141,0.657476084053889,7.734570414492822,0.6736715106128142
stream,1142,0.6583364338900768,8.109848944566018,0.8078959927618629
stream,1143,0.6576500248930849,7.770450991764417,0.8054385905138552
stream,1144,0.6569472678872458,7.890691609579465,0.7922713397517492
stream,1145,0.6548918013871439,8.832943512064087,0.8392030412984404
stream,1146,0.6530549070891565,9.834156702210668,0.988697038862892
stream,1147,0.6514672516723096,10.325792848149364,1.0937858359479464
stream,1148,0.6507548402335459,10.331122206405356,1.1155471474397527
stream,1149,0.6493839146526712,10.316709311944148,1.1156351310743098
stream,1150,0.6489202295750272,8.816676896429863,1.0949184456968983
stream,1151,0.6480607178327112,8.812604235318796,1.0006221765965646
stream,1152,0.6470621662338573,8.617834892924266,0.9922393186117499
stream,1153,0.645817498382914,8.6471339457788,0.9656807632287449
stream,1154,0.6446950697592687,8.862108678014705,0.9642115657921807
stream,1155,0.6438642750893296,8.617505795258868,0.9614391347193038
stream,1156,0.6431775462941218,10.97176684663164,1.04328947618783
stream,1157,0.6423868853653794,10.536645155747658,1.1462997387071472
stream,1158,0.6418614675169817,9.383847946229109,1.0355150173434244
stream,1159,0.6410740270130295,10.20605181390795,1.0356374285272092
stream,1160,0.6401391760343134,9.312030386299956,0.9919226629589323
stream,1161,0.6389920984326545,8.30378560939019,0.8547567373682481
stream,1162,0.6378267168892993,8.197274281696554,0.7371667683882807
stream,1163,0.6363851952500025,8.198913040714089,0.7229724293203627
stream,1164,0.6349192581829672,8.171326409964248,0.7237239862387126
stream,1165,0.6326472187910395,7.751977768536963,0.6805105231420728
stream,1166,0.631044330218858,7.000080184652399,0.5749752347508763
stream,1167,0.629211409036063,6.487442021908418,0.4508988704363338
stream,1168,0.6265908755904844,8.239878124608381,0.5567350358103672
stream,1169,0.6243158096391409,8.707549974767755,0.7030450539594643
stream,1170,0.6236792116123737,9.659466291007062,0.6825476061466529
stream,1171,0.6212198391064924,10.916607580672823,0.8409451641275104
stream,1172,0.6192479552630523,10.784863699893963,0.9153871768168974
stream,1173,0.6175859450731535,10.557831757143564,0.882037683245285
stream,1174,0.6158903809320149,10.493455201092011,0.8858785439516574
stream,1175,0.6140750557467395,10.489870765837523,0.8865683581887297
stream,1176,0.6113088285465461,10.174302339953991,0.8817315894241028
stream,1177,0.6069974226129373,10.553678720203314,0.8051638262592181
stream,1178,0.6039922295004049,10.627166236517827,0.8307830897334577
stream,1179,0.6024044536545625,10.942048993420979,0.8243300797155831
stream,1180,0.60310396660484,11.288307052084207,0.8203316689517812
stream,1181,0.6041994466942361,11.272570087557499,0.8401419473364421
stream,1182,0.6055459487470749,10.924245095571212,0.827774015660159
stream,1183,0.604111711667811,12.357320668719046,0.891564753303789
stream,1184,0.604857497448584,13.315249464602058,1.0915216499586462
stream,1185,0.6053657030127829,12.784041147945132,1.1253540573178236
stream,1186,0.6042574361007509,12.563322640800193,1.0813953480213492
stream,1187,0.6031898693602753,13.413082586862824,1.1091516389265264
stream,1188,0.602691788674991,12.170946656586086,1.1202756048646738
stream,1189,0.6043189723921163,12.081592118259515,0.9740053679395999
stream,1190,0.6054130479813742,10.738264215377416,0.9744040999357942
stream,1191,0.6073726305140974,10.634136796488573,0.8336764631481556
stream,1192,0.6093313749041219,10.577490309606324,0.8147641202423862
stream,1193,0.6099224259394418,12.3113392453931,0.8423129229855325
stream,1194,0.6095016868720338,12.492598284688182,0.8613984913385802
stream,1195,0.6087333988703157,12.506208707909927,0.8736563084175849
stream,1196,0.6071354713410476,10.551856952960941,0.8241923356087146
stream,1197,0.6062458734848318,10.464019945293643,0.8377678452339188
stream,1198,0.6050010511147254,10.390459136510628,0.8177876257547817
stream,1199,0.6038259294281674,9.231983848492133,0.7952964646096411
stream,1200,0.6037863929061236,9.49380010170728,0.8189180524495367
stream,1201,0.6032075618017314,9.653321764033972,0.8539219499565149
stream,1202,0.6021539742930461,9.633564045601778,0.8499107479568978
stream,1203,0.601431665515015,8.289651143734384,0.7783699599950109
stream,1204,0.6012301448715471,7.529512732289766,0.5734869665301351
stream,1205,0.5992183541774326,8.915452503222902,0.6354493752457864
stream,1206,0.5985719641128918,9.599310429625117,0.7917726964883149
stream,1207,0.5972552256616982,8.632191354847905,0.8285354374117048
stream,1208,0.5952400270744448,8.116566388416484,0.6931773771232543
stream,1209,0.5952896968623942,8.93068674471209,0.7459128555136558
stream,1210,0.5940494626579997,9.587297161624463,0.8699965513606267
stream,1211,0.5914697038755053,8.609108892387171,0.8442513458595755
stream,1212,0.5890644638036843,8.576663135598555,0.7958381868207086
stream,1213,0.586998400316087,6.855834909551416,0.7626991634184922
stream,1214,0.5844887589857757,6.646536544338252,0.7444677006117426
stream,1215,0.5839462517960541,7.498025831259461,0.7376738943693681
stream,1216,0.5800577946202969,8.98019125332487,0.8898757661321428
stream,1217,0.5765401567026986,8.685010123610153,0.9314109886066314
stream,1218,0.5707155776952082,8.844733447833987,0.9423722634245284
stream,1219,0.5678746746094144,10.80255899488971,1.0628550309892042
stream,1220,0.5631672775676287,11.800677904724887,1.303634319910959
stream,1221,0.5584281095447131,11.842211440098986,1.2746004262846904
stream,1222,0.5541808397392142,12.02126125602715,1.3142496095291196
stream,1223,0.5491627951454682,11.916809259635832,1.311611671175818
stream,1224,0.5440433011907945,11.68586093147819,1.3111258660519756
stream,1225,0.5382172148253636,10.997299945070806,1.2554735011116451
stream,1226,0.5317833619076311,10.33548359280858,1.1489450354517834
stream,1227,0.5256990512750953,10.210855393894958,1.0878545672252429
stream,1228,0.5202946192012418,10.319638788088398,1.0874366030155918
stream,1229,0.5158973248120519,9.247402451849839,1.0508900301295097
stream,1230,0.509499972047181,8.566885610228086,0.9260753209684627
stream,1231,0.5034845927737931,8.460369880118726,0.9223155970654969
stream,1232,0.4977934422487497,8.443883296189615,0.9057005741172959
stream,1233,0.49148930405753566,8.442492499795707,0.9069089471876393
stream,1234,0.48423929184392206,8.708459672343926,0.9100482172423704
stream,1235,0.47735088338970894,7.891124488009736,0.9488025828068036
stream,1236,0.46972620425947437,6.33005667804167,0.7734944494862189
stream,1237,0.4637151103024631,6.341024936386376,0.7192254181568559
stream,1238,0.4582805857510204,6.190383392657171,0.7040184891384159
stream,1239,0.4526069257517693,5.06561409364703,0.6117368940765078
stream,1240,0.4462840741331613,3.3569129089942495,0.3654445685438259
stream,1241,0.4430686054991107,3.2326953849120317,0.338732184392381
stream,1242,0.43956352960076833,3.3237911243273492,0.32810350090435264
stream,1243,0.43432355633433134,3.6999624549355694,0.3189839586258599
stream,1244,0.43100039038121385,5.045291195685739,0.4038534931896299
stream,1245,0.4268420046984241,4.52848527407188,0.4457233491594329
stream,1246,0.4236987991600724,4.707138382015133,0.41935830142543834
stream,1247,0.42183261972728286,4.9158970163714395,0.4166381370326957
stream,1248,0.4167766028231984,6.600057634724039,0.5124769980537252
stream,1249,0.41319929146900924,6.533719843272408,0.5862110821714801
stream,1250,0.4112124610593867,6.746706824820742,0.5806746757666299
stream,1251,0.4076689818962452,6.6729662196336985,0.5819086430321826
stream,1252,0.40081000987309706,7.365948427275726,0.6082182099175132
stream,1253,0.3957117742654738,7.548015661383265,0.653149790519578
stream,1254,0.3899128238445468,7.13598697990575,0.6523364621176556
stream,1255,0.3826687052183702,7.104735198857662,0.6025762232605811
stream,1256,0.37706471027718474,6.948732319980206,0.597129039250367
stream,1257,0.3717292315434936,6.933963990699457,0.5854619362290294
stream,1258,0.36425626265497274,8.21405358649904,0.6296525459635951
stream,1259,0.3573671470127009,7.561262491659628,0.6760515812450585
stream,1260,0.3507183675538719,7.554009652592576,0.6615520635053191
stream,1261,0.34366722378084286,7.526859346617725,0.6693637449531137
stream,1262,0.3357704476834777,7.3611743077201375,0.6456645111195815
stream,1263,0.32906742306090747,7.311895824969718,0.6801759519107091
stream,1264,0.3245404209921519,8.597548584167551,0.6374665497758125
stream,1265,0.3196875814443485,8.874093498214318,0.7256165983644499
stream,1266,0.31377676072290756,8.708648015424968,0.7032215338815153
stream,1267,0.30777597249016575,8.81223611400782,0.7105269722240303
stream,1268,0.3039674763406245,7.0209172384109,0.6093384426232629
stream,1269,0.30159728133855707,7.157381695801254,0.5267302430052044
stream,1270,0.2995858268219329,7.057213003163569,0.5266581724994572
stream,1271,0.2986699281159845,7.061331381931426,0.5223043861903063
stream,1272,0.2973663085745957,6.574293394641374,0.5120396317061319
stream,1273,0.2968250678409451,7.236612814971684,0.536132855069928
stream,1274,0.29533710529612445,7.933238477583452,0.6656758179508473
stream,1275,0.2937455515066759,8.02379198296832,0.6718948627875982
stream,1276,0.29411546470480016,7.85022549650446,0.6758636036100109
stream,1277,0.2943239519230557,7.913039294428701,0.661450660971096
stream,1278,0.2943047560788419,6.698293976088491,0.6295677683715158
stream,1279,0.29390396034508476,6.628171512473967,0.5667041535024645
stream,1280,0.29412099632803074,6.759605551855094,0.5589870486577959
stream,1281,0.2940337034793884,7.181857208970312,0.595057163493756
stream,1282,0.29323728643622377,7.324077678702638,0.588846693561595
stream,1283,0.2923353448347432,7.2401861463309745,0.5913327185449107
stream,1284,0.2894331078826102,6.373893251325676,0.6893091356209919
stream,1285,0.28754872953651983,6.983584387144431,0.7163329593689529
stream,1286,0.28504438539806176,6.9171153198295245,0.750557584407896
stream,1287,0.2816936073005268,6.740258808335173,0.7517827955161137
stream,1288,0.27928843345581783,6.927180351473896,0.7686270772511171
stream,1289,0.2794438624445881,7.488833355817134,0.7714968264293159
stream,1290,0.2803302347779241,7.388161684498201,0.7835636557402649
stream,1291,0.28113832254964316,7.380750007179356,0.7822906977145262
stream,1292,0.28016819082685174,7.437777946545146,0.7732653879589878
stream,1293,0.28001788053411325,6.621731018007756,0.7273120257425437
stream,1294,0.2768592799327247,8.156408542436832,0.6754401587572252
stream,1295,0.27527965396134185,8.116074286946379,0.7963916120428031
stream,1296,0.2742304517377835,8.148735480411096,0.7974711607131889
stream,1297,0.2733461332757593,8.778632270700564,0.8141838410374811
stream,1298,0.2739668137107952,12.929999730860635,1.0977984544851274
stream,1299,0.2743185436269035,12.874733405622733,1.2767402394796878
stream,1300,0.2754080942764932,12.87669739554894,1.2849114539867716
stream,1301,0.2752442608391764,12.663050402823824,1.270688863854228
stream,1302,0.2744915763715889,12.4365281218089,1.2916818081767343
stream,1303,0.2733319070541238,13.101857727767557,1.2607144664818146
stream,1304,0.2720416642246942,11.413968805525522,1.1848678264336923
stream,1305,0.2708572909053135,10.349241025418111,0.9832077479217307
stream,1306,0.2707450155876713,10.406934674995627,0.947675698260119
stream,1307,0.2712181890595748,10.474289208300931,0.9690585302302406
stream,1308,0.27157255343322645,10.287848271079048,0.9522142597016316
stream,1309,0.2706943198714114,9.964195007218832,0.9549632890059723
stream,1310,0.2703514214408603,10.067837086160647,0.9753169051718644
stream,1311,0.26966462090167437,10.15520704743934,0.9926755394468059
stream,1312,0.26824902220709557,10.0140336350283,0.9861853557401336
stream,1313,0.2674818562628826,10.071522443889474,0.9696415155914735
stream,1314,0.266933136824945,7.847391990082729,0.8912582769973509
stream,1315,0.26627700320989234,7.934156814721068,0.7655824081281793
stream,1316,0.26589774118507936,8.046865396707382,0.7590343405314763
stream,1317,0.2656571879404577,8.001408259326977,0.8038797299577971
stream,1318,0.26538625232694624,3.795654903153911,0.5108106090510426
stream,1319,0.2653974536694508,3.760525168439401,0.3199015065221455
stream,1320,0.2659153776344473,3.6371000914339633,0.3124084184510542
stream,1321,0.266630333995344,3.380407282171235,0.2877123340336722
stream,1322,0.2671457521728753,3.577088286293161,0.2737020550438317
stream,1323,0.2684750190883481,3.2623017531429515,0.34950830273749156
stream,1324,0.2705458644712195,3.1840296017646494,0.2892759306548452
stream,1325,0.27331698671540283,3.194527993425428,0.2861099341257958
stream,1326,0.27639739926344303,3.1518192847856175,0.28790313987055044
stream,1327,0.27829667637378996,3.5031638333341673,0.27402381309203716
stream,1328,0.28001669805750323,3.504166698585285,0.29966272451421305
stream,1329,0.2818135782092308,3.0983099778381535,0.2991686940586149
stream,1330,0.28168708490504013,4.18254830076654,0.3032169116237987
stream,1331,0.2794057033916655,4.747631607575809,0.2936214201281757
stream,1332,0.27865204585981973,5.69272299308684,0.45768650373330044
stream,1333,0.27783364967168606,5.67307312815467,0.4640255465740671
stream,1334,0.27712784536390633,5.699053725283391,0.45771600170592835
stream,1335,0.2763610751330571,5.580747470680046,0.4565895349381517
stream,1336,0.2772317451501357,5.756605823769705,0.46199803469402506
stream,1337,0.27640980581251884,5.569754669779336,0.45471215703971934
stream,1338,0.27361970654863993,5.868636085726603,0.45499063906915527
stream,1339,0.2747033861973301,6.891003745806765,0.5653181427445995
stream,1340,0.27261066813424595,7.265403961495981,0.658617499992013
stream,1341,0.27094228777670154,7.263883174856087,0.6782565081303172
stream,1342,0.26718627981279985,7.057411707655188,0.6729984059946362
stream,1343,0.2666709027941251,7.080374426319683,0.6417127686312902
stream,1344,0.2605991443892398,8.158982384782995,0.7471184127911569
stream,1345,0.25435241234679973,8.181777929599738,0.7776924866155239
stream,1346,0.252471938989902,9.131950880285297,0.8238768299363542
stream,1347,0.250799105863599,8.583127855184857,0.8250298550858736
stream,1348,0.2492130602487435,8.62226754535935,0.797079502621157
stream,1349,0.248937157219285,8.643555800841899,0.7951984659623638
stream,1350,0.24970439403207823,7.443436116597433,0.7598572026134461
stream,1351,0.24683271800398712,7.262821262132822,0.7731772959777041
stream,1352,0.24164298045830718,6.349586431426429,0.6114064764214892
stream,1353,0.23875656085582306,6.309207567593389,0.5977479837767914
stream,1354,0.23569652049605178,6.394519548528061,0.5980206683674493
stream,1355,0.2322419096682212,6.409744981094625,0.5994878354932633
stream,1356,0.2276947547274813,6.149702876073047,0.5924970326382785
stream,1357,0.22278109003360388,5.752855212947309,0.5475545006219522
stream,1358,0.21829927354368686,5.614469739670171,0.5415867391956194
stream,1359,0.21277459108899385,4.569508430362356,0.44575218265602257
stream,1360,0.2085144875945002,4.605366995793165,0.37085495609830316
stream,1361,0.20142096786663644,5.276449074206449,0.44399164436529037
stream,1362,0.19459972248000665,5.195140431812801,0.4752758965616586
stream,1363,0.18908439686435558,5.2390089101256825,0.4514507335029396
stream,1364,0.182134946627706,5.087558597172398,0.44291023451418565
stream,1365,0.17607859924552918,5.053391493750834,0.46910405461765364
stream,1366,0.17168769291485797,4.2402610217597,0.422280893837378
stream,1367,0.16878032385074254,5.10208507086454,0.47788974690144126
stream,1368,0.16489510473186106,6.383922532998071,0.4825500690994539
stream,1369,0.16237075472466372,6.642843995037511,0.5376332335964021
stream,1370,0.1611067612200662,6.9585941286805815,0.5365779041856474
stream,1371,0.16201114520791574,6.58645370195997,0.5232578095076589
stream,1372,0.16609853622589082,6.656301241540212,0.5201178637736057
stream,1373,0.1747490734921909,6.917486005595559,0.5204580920095018
stream,1374,0.1838306653888332,6.853651207394741,0.5557174570872497
stream,1375,0.18963353839303426,7.195776206955957,0.5600442715785934
stream,1376,0.19564924343716386,7.138653443386788,0.5686398103997774
stream,1377,0.1981641790603409,7.321498407204507,0.5791115884818103
stream,1378,0.20207109954247437,7.231908859320347,0.5912841759497549
stream,1379,0.2035136019617695,7.2891524704533435,0.5982110052254536
stream,1380,0.20543177135263935,6.879528501283806,0.5861577159793391
stream,1381,0.20637825790147124,6.222974056408131,0.4911424861515058
stream,1382,0.21035438236471135,6.5686919055437345,0.4583842008855549
stream,1383,0.20870286031620142,6.432279417493777,0.5061628673702635
stream,1384,0.204455256242502,5.5212577547841075,0.409955888402638
stream,1385,0.19446706720679163,6.205704267273728,0.36606527120337307
stream,1386,0.19218172665002245,7.522572568940023,0.49694157740886424
stream,1387,0.18688669750948492,6.80740873274001,0.5295141593910185
stream,1388,0.18305439554506545,5.502648561211054,0.5338697714855382
stream,1389,0.1814092545670494,5.437787120072256,0.47073438651218613
stream,1390,0.17948154958466092,5.121955178745618,0.48472439328114403
stream,1391,0.18236097694016437,6.0885296575979275,0.5118003300299012
stream,1392,0.1803745713657193,6.77451958409827,0.6645265866286056
stream,1393,0.17929534343256145,6.503809844471451,0.7001664246384551
stream,1394,0.1770998497057008,6.603959405300779,0.6797781383537279
stream,1395,0.1777596192512004,6.4700446496818405,0.7013722551555736
stream,1396,0.17782660569761913,6.4912041994080045,0.7227546292346799
stream,1397,0.1774172505336209,6.282457905848988,0.7015507590109111
stream,1398,0.17678733298351182,6.203081203242574,0.692023292251647
stream,1399,0.17448637041051962,6.188163805602822,0.6785594981747016
stream,1400,0.17394155674385706,6.236067147777023,0.6768427421766646
stream,1401,0.1752952216473671,6.216300377141289,0.6804304360390038
stream,1402,0.1749220282598234,6.220664222045437,0.6963173690725614
stream,1403,0.1728237229424307,5.7427188613463,0.6227842107620319
stream,1404,0.17289279979963473,5.790668576579393,0.6224503684707902
stream,1405,0.17430754209074528,5.370740966964312,0.6094088221930178
stream,1406,0.17452982075917825,3.910003523107243,0.49836640310009306
stream,1407,0.1741566940689882,3.7688461379789433,0.39683770156537673
stream,1408,0.1724775321166617,3.7573872693139867,0.38815638048860107
stream,1409,0.1695484862512332,3.595485575948503,0.40174780716349945
stream,1410,0.1673726624160172,3.626604556000518,0.3927088868058518
stream,1411,0.16432221149481926,2.7757929298494126,0.3769960869471445
stream,1412,0.16167371749221868,1.874364266680469,0.23906571050050246
stream,1413,0.16439313418852067,3.4060419708437557,0.22430038833773444
stream,1414,0.16372770805090275,4.468229901529922,0.47961390239978097
stream,1415,0.16485853532446126,4.382960676137825,0.5279463009447172
stream,1416,0.16411024912928215,4.438900134137001,0.5271953110390353
stream,1417,0.16434302728082548,4.381844829600012,0.528597734508265
stream,1418,0.1636750070480806,4.3810183527053885,0.5283429799206251
stream,1419,0.16292063476106455,4.364571457429106,0.5337577314885822
stream,1420,0.16038148461166427,4.699379913371057,0.5440781348778199
stream,1421,0.15939291278355283,4.795741205815115,0.555460231078237
stream,1422,0.15901230668806354,4.54464027592873,0.5395600432283589
stream,1423,0.1626856102751809,5.835365330574922,0.5514069033186101
stream,1424,0.16436393410004352,5.834790262725243,0.6435822017433313
stream,1425,0.16692940529294956,5.570416552483959,0.6439873275604009
stream,1426,0.16676445636387663,7.200691987603488,0.705171704360451
stream,1427,0.16744199093203607,7.201070653942785,0.7535148074431177
stream,1428,0.1686602861674798,7.1934159810878,0.7581823138741788
stream,1429,0.16795804493748076,7.246783972031096,0.7655382858079047
stream,1430,0.16827502788676627,7.270471493101711,0.7672074756825522
stream,1431,0.1704202288033853,7.091521847196906,0.7621615279093639
stream,1432,0.17605533627581768,7.745409713503001,0.7713085122613963
stream,1433,0.184118536265548,6.404069816639012,0.7548908997360212
stream,1434,0.1906819301505329,5.484261807066224,0.523331190954614
stream,1435,0.19830369733749495,5.316552296900822,0.45246005475135803
stream,1436,0.20611122367820914,5.237185751732973,0.42322923337360896
stream,1437,0.2146222079307003,5.269465948205369,0.4284272987874712
stream,1438,0.22528522831603828,5.572989910961773,0.439191232230899
stream,1439,0.23688311761304806,5.574658677842872,0.4459762304119729
stream,1440,0.24631948909494222,7.061445196636214,0.4851905343874441
stream,1441,0.2568848732154101,6.9705195603220185,0.5318140123422387
stream,1442,0.2701880592283452,6.884397705673234,0.5368426180671924
stream,1443,0.2852341963542286,5.903146543970907,0.5290532945358754
stream,1444,0.3044844146504311,5.796692205411843,0.43715646487445897
stream,1445,0.32265758443422665,5.802813747526436,0.4408372777090453
stream,1446,0.3473312749799115,4.427640675121352,0.37083723635650107
stream,1447,0.36846234658284016,4.563811920314303,0.3620297906500075
stream,1448,0.38429925128528375,4.563730973543113,0.3639462172409631
stream,1449,0.4068401212170279,4.451521933747429,0.340362433771129
stream,1450,0.42390538879042194,4.540035256109752,0.35217938228450507
stream,1451,0.44176004657514034,5.0741788924015765,0.36246919111658893
stream,1452,0.4640592853653863,4.723863525397261,0.4153368357864242
stream,1453,0.48490159119841364,4.5419663864613105,0.425799183875172
stream,1454,0.49734561973714225,5.081030832856423,0.40056102146420813
stream,1455,0.512345125167886,5.866393000881795,0.5535230631262298
stream,1456,0.5234983210164296,5.971529554424299,0.5969636268845662
stream,1457,0.5330858734494758,6.596895965666318,0.6544266695828842
stream,1458,0.5375095626005253,6.343810371687827,0.6794538788602756
stream,1459,0.5362243452500861,6.747998861571367,0.6617379653919827
stream,1460,0.5305656728672432,4.863366137237173,0.6304308099384462
stream,1461,0.524159563733001,6.155186861894274,0.6012964498930589
stream,1462,0.5148976507689859,6.377233816769979,0.6674255395642117
stream,1463,0.5037665275578046,6.1326754928951415,0.6629163978083222
stream,1464,0.4843651080459095,6.139326831930084,0.6587418643618098
stream,1465,0.46037257967086936,6.194158969040458,0.6549613767143467
stream,1466,0.43132167897215884,5.941187693262227,0.658474162430651
stream,1467,0.4075431985421057,5.912859757519199,0.6180844262747737
stream,1468,0.38649867719134795,6.101861871060305,0.6455254672567183
stream,1469,0.3656685725260337,6.165659415065428,0.660128398955036
stream,1470,0.3431974568824505,6.3241994771274985,0.6659710206088797
stream,1471,0.32714959706922897,6.096864586702164,0.6423445204232733
stream,1472,0.31281246199891377,6.142299092180747,0.6263020855214819
stream,1473,0.303550544866342,7.603660546684097,0.6251386663992324
stream,1474,0.29184424434342626,6.975658314919432,0.7296286898757814
stream,1475,0.2857343356807374,6.852017479657589,0.5766666476679942
stream,1476,0.287456803007677,6.79370482249693,0.5687311460008039
stream,1477,0.28646040537420553,6.152088771084317,0.504596004819041
stream,1478,0.2903615808373067,6.464019498441142,0.4862583657074213
stream,1479,0.2960561846667323,6.045168405365533,0.5046015591450853
stream,1480,0.2978891138608463,6.285280443382224,0.48803072650746776
stream,1481,0.30537243174132367,4.9924065169656044,0.4549241101096074
stream,1482,0.31045161825019874,4.778679612481945,0.38377967301661325
stream,1483,0.31632213690306643,5.117035266831431,0.39037747404938855
stream,1484,0.325575384154882,5.125429865652211,0.42090308164458734
stream,1485,0.33559672042853517,5.220777246209231,0.42526246137794455
stream,1486,0.3510387832037359,5.3406643974741534,0.4097244790152063
stream,1487,0.3688815684861539,5.241893927279976,0.41620622673701874
stream,1488,0.3969472139268357,5.25898667856319,0.40281059673200964
stream,1489,0.4258287541401311,5.198222915680104,0.40037151829825884
stream,1490,0.46015961250084797,5.181019317042482,0.3969808883684022
stream,1491,0.49216049942111273,5.817398499939219,0.48112953352528876
stream,1492,0.5199005592195195,5.805807098882802,0.5191596159161381
stream,1493,0.5377853057737483,4.327910864127249,0.5418818112824613
stream,1494,0.5491519606215666,4.196594834949178,0.4297001433458078
stream,1495,0.5523183181406546,3.5326564199771777,0.4274481714788939
stream,1496,0.5445310301356608,3.6082066381382556,0.396660959973625
stream,1497,0.5346172825538346,3.93302821975222,0.4360741202456221
stream,1498,0.5206260845599705,3.696380871376649,0.42259672837761264
stream,1499,0.4984073679451252,5.110386263371181,0.48650938643578157
stream,1500,0.49878254901151925,5.195331137264962,0.6242321692538959
stream,1501,0.49794807272207103,5.844400269114798,0.6864730945412009
stream,1502,0.49687412786461094,5.825858789683943,0.701267264437978
stream,1503,0.5707092276420288,5.387374691816055,0.694943875664042
stream,1504,0.5657921346093059,5.370772414082679,0.6626250539220525
stream,1505,0.49994231742724654,5.444772242629799,0.6710017694622745
stream,1506,0.44027610262224354,5.604479516918287,0.6732447410541506
stream,1507,0.40974938709189845,5.578150401500721,0.6719577346460567
stream,1508,0.39886285031543406,5.6107844395530675,0.6600097526040141
stream,1509,0.40381847944101296,5.62510711220643,0.6734828418537909
stream,1510,0.44015353180625066,5.350337386934852,0.6656488911624815
stream,1511,0.4638548815795278,4.409265077765593,0.5827306345476634
stream,1512,0.4872045369402379,4.018127896093888,0.48450733945846447
stream,1513,0.5082885776240657,4.028171789172436,0.44956388539374564
stream,1514,0.5044132067008987,3.957411658820175,0.44541975402757755
stream,1515,0.5333538438316932,4.35219463047362,0.46266780996467066
stream,1516,0.5450345863764992,4.862673890714542,0.5237035256233775
stream,1517,0.5325897063265638,5.218278556711202,0.4844563554993301
stream,1518,0.4966067859629841,5.228245032480279,0.5529304532035433
stream,1519,0.49718029545399206,3.9546862890087247,0.46812153044463484
stream,1520,0.5007550693004702,3.7373951750606773,0.3324134542948574
stream,1521,0.5049645172133387,3.635515898293167,0.3257561412636267
stream,1522,0.5084871650018745,4.201723226986296,0.3868484591063111
stream,1523,0.4713885456842131,4.242863049044368,0.41497604465103827
stream,1524,0.5114681555073066,4.2859729700915326,0.43011980730804444
stream,1525,0.5467458790761758,4.5618860624497835,0.43803564934160133
stream,1526,0.5559796654057829,4.271482350060247,0.4427269878324631
stream,1527,0.5451861007268728,4.276117267796884,0.4354838158429971
stream,1528,0.5221209669348792,4.525134954906503,0.43461629496782156
stream,1529,0.5084326835097968,4.48700664146828,0.43059568514642776
stream,1530,0.5431812580322842,4.846669669212616,0.43423857456335696
stream,1531,0.6045579174928969,4.809468112626137,0.4502988080612832
stream,1532,0.5631880525199715,6.976966769598188,0.5291804547273218
stream,1533,0.4846199320187915,7.623750364157247,0.7047875585933904
stream,1534,0.5160486757935072,7.618264898411747,0.7308676369313082
stream,1535,0.45633993788385246,7.254123893306645,0.7113834774252
stream,1536,0.4272586288735946,6.6333670688023005,0.654989392089661
stream,1537,0.4063541872901884,6.276847999134876,0.6743176556667794
stream,1538,0.40143205682036476,6.281567764759223,0.6350091673219014
stream,1539,0.40703432918551036,6.155616634412533,0.6352667201833265
stream,1540,0.4181623753250953,6.142059159711568,0.6270861432015306
stream,1541,0.43672824019943907,5.8301828942999645,0.5848521453638779
stream,1542,0.46361154942262095,6.125820101416098,0.6191489256293325
stream,1543,0.49275466213183083,6.07393116829595,0.6149559577408071
stream,1544,0.5191588854685599,6.12912910086653,0.6018269088340157
stream,1545,0.5434951502371783,5.621771891371716,0.5982060035590251
stream,1546,0.5589246740624098,5.825042844771254,0.6062680674103617
stream,1547,0.5647214177032803,5.886364069210874,0.6108413074258096
stream,1548,0.5628150102328872,5.4382081016214565,0.6125387397830176
stream,1549,0.5577567538757985,5.546275535807123,0.6012370494806926
stream,1550,0.5550798160903017,6.604063213066193,0.6088187441749331
stream,1551,0.5523346902772269,7.062459878533302,0.7225468770084198
stream,1552,0.5469694313407455,5.229884184188901,0.6436652367409336
stream,1553,0.5395399492122188,4.712369998462327,0.47071787754351313
stream,1554,0.5339898904011877,4.969465253798439,0.46519236918608536
stream,1555,0.5330828165919923,5.028031630494928,0.46517131760180663
stream,1556,0.5324169102418572,5.014900568404325,0.45990166195191357
stream,1557,0.5321898015181442,4.796335729843815,0.4467186940267358
stream,1558,0.533629576555813,4.6624916043969105,0.4280766045704133
stream,1559,0.5340780117759427,4.64017814025176,0.4277270116775056
stream,1560,0.5320116698589242,4.548222656192608,0.42760408816992684
stream,1561,0.5257651658377355,4.7728753860622755,0.43410035297889715
stream,1562,0.5199983786136204,3.9661626286197924,0.3643491826166167
stream,1563,0.5168062345170774,4.32311737503048,0.3440292056417467
stream,1564,0.5095433202565482,5.018172356293859,0.4204782827422584
stream,1565,0.5080172636908772,5.430832360588671,0.4984856939107485
stream,1566,0.509642552612903,5.239774971242488,0.5001391199012217
stream,1567,0.512307602011365,5.1969995673144735,0.5058664977574512
stream,1568,0.5126223033272059,5.232481678522032,0.4949083401953039
stream,1569,0.521187653497292,5.911064807671825,0.5366238313931394
stream,1570,0.5243545512504998,5.152395253824894,0.6440159750745238
stream,1571,0.5294631648072364,4.695637494087007,0.5401485529004768
stream,1572,0.5328098406432071,4.357958261299636,0.5461593602087477
stream,1573,0.5346134231653843,4.2800986133343795,0.5420974863809633
stream,1574,0.5392147205954663,4.554627744919245,0.543421772791624
stream,1575,0.541982061411611,4.652828516311663,0.6092854017765543
stream,1576,0.5442096573692232,4.6695347054881005,0.6080428646071702
stream,1577,0.5482044466409154,4.853472699836669,0.6096079795131648
stream,1578,0.5498328397669714,4.877416860661503,0.6250368042722135
stream,1579,0.5498073442350442,4.9120845542402245,0.62504554129228
stream,1580,0.5504865232223902,4.910116613008833,0.6249321180073273
stream,1581,0.5508862646095218,4.483313294225696,0.6028660587876251
stream,1582,0.5479711359519114,5.043768613895645,0.6027218132825588
stream,1583,0.545251163349488,4.717772107316017,0.6312149937478766
stream,1584,0.5433676368683032,3.9679405803846706,0.552843242863625
stream,1585,0.5381331512087163,3.864353231610437,0.48039566915789
stream,1586,0.5423105946879219,7.143465412187549,0.651227219722396
stream,1587,0.5393624560288985,8.89668338772343,0.9667818348495536
stream,1588,0.5417907972737227,9.724783304557203,1.158013822791474
stream,1589,0.5416642193978655,9.03486939356384,1.1749671172947334
stream,1590,0.5344569562818675,9.239619859565874,1.0732048275103256
stream,1591,0.5357275206270206,10.779786623900915,1.2236002695700368
stream,1592,0.5305232154929264,11.721231444386802,1.3964213235758955
stream,1593,0.5275904778566066,11.83172555723533,1.4557380517718803
stream,1594,0.5234479321389262,11.345637964545006,1.456302944481763
stream,1595,0.5195096816188849,11.189356792257987,1.391225540614187
stream,1596,0.5127467386793212,11.351490334950828,1.3986021120708971
stream,1597,0.5052013885770514,11.062273677297565,1.3915305037365855
stream,1598,0.5009365223424973,11.207776375074637,1.3718703897081312
stream,1599,0.49376700252473954,11.3195726561218,1.3892290495124995
stream,1600,0.49509919617414877,12.143624649011068,1.4406484499299572
stream,1601,0.48517101780710126,13.476645313477613,1.5851876283363344
stream,1602,0.4777270195327893,12.944242439282435,1.6412770193194697
stream,1603,0.4692936768743508,12.933649340204834,1.6162002112970462
stream,1604,0.466070708390835,13.031891184050606,1.6287668351154276
stream,1605,0.46163818966360515,12.792253377353973,1.6165369690749944
stream,1606,0.4567034061498374,9.501678644703956,1.4327942995800493
stream,1607,0.451332421768312,7.727480070276913,1.1053410037740867
stream,1608,0.4461356648638715,6.881161198020436,0.9139225977253544
stream,1609,0.4457260575127626,6.926643305234365,0.8449304336026955
stream,1610,0.43613983759143077,6.5075869141229,0.870848251785469
stream,1611,0.4348598776818172,5.308280674041063,0.7406833218494023
stream,1612,0.4293735973862186,4.456458040822122,0.608818083029673
stream,1613,0.4254257042523071,4.301902529153218,0.5507284282365682
stream,1614,0.42218780583656573,4.268850489816709,0.5400370290954233
stream,1615,0.42133486684600474,4.238431159339117,0.5384219790508586
stream,1616,0.42400558233257685,4.160854619817069,0.5282701888723897
stream,1617,0.42351892121968543,4.208458985014683,0.5556321464374038
stream,1618,0.41998111929101506,4.1059567965038335,0.5458095076625852
stream,1619,0.4148954408922112,3.954172663527486,0.5294529852687951
stream,1620,0.41305908334190655,3.161679810267652,0.4776867983569629
stream,1621,0.4122017885981616,1.9540811131610503,0.33441229701638947
stream,1622,0.40699634424748476,2.204682379937173,0.28566300876608325
stream,1623,0.39892302194050827,2.311163712187517,0.2782541576556223
stream,1624,0.3873421211880944,2.234058807792995,0.26601669687718765
stream,1625,0.38895335491133326,4.074604796185209,0.3534077661737868
stream,1626,0.38563419307236446,4.601164856955072,0.5238570459819935
stream,1627,0.3902308140684986,4.978393597241107,0.5662246747564603
stream,1628,0.3849970789794759,5.6714982922981605,0.6422548093867837
stream,1629,0.3822854264507691,5.720440260069303,0.6894367329174107
stream,1630,0.38188889926288977,5.2678635079505645,0.6456039912270337
stream,1631,0.3812972872143531,4.948131203575221,0.6021655019554506
stream,1632,0.3846680047287309,5.038184772667622,0.5586370739885038
stream,1633,0.39271711944705084,5.1761947932689285,0.562389490774618
stream,1634,0.3956785507205682,5.420887670866254,0.5795828114291397
stream,1635,0.4011619262877316,5.588826968072632,0.5958836467315761
stream,1636,0.40786537000136797,5.544936155133521,0.6031766417723641
stream,1637,0.40642874740419227,6.534792060396679,0.6519067647845752
stream,1638,0.39982613775607095,6.816317791867529,0.6544356346884879
stream,1639,0.4007705480113693,7.575592774542084,0.7169865166366887
stream,1640,0.4035902494297966,7.63160395432915,0.7389851816446626
stream,1641,0.40400440818396005,7.582186073407254,0.7604424206967006
stream,1642,0.40184746840380403,7.330790474823522,0.713595084159602
stream,1643,0.40520912673364423,7.679262642924304,0.7437374591353847
stream,1644,0.41359464858629674,8.1237009840311,0.7439357274042167
stream,1645,0.42646147813435603,6.516464626351266,0.6478300718719975
stream,1646,0.43599771916365954,6.021035370729689,0.5035034595854473
stream,1647,0.4439076883781875,5.645291722626991,0.46255386859782655
stream,1648,0.44991357317354325,4.911219254194516,0.392482730214021
stream,1649,0.45626855077230855,4.714395819128144,0.34557348776367103
stream,1650,0.4668567328564609,5.52340650839798,0.3515226486569608
stream,1651,0.4709852877154187,5.867416991782997,0.4327941914941623
stream,1652,0.4746674792119929,5.778854059644398,0.43056046541630555
stream,1653,0.47733874698468887,6.0151012443144145,0.4257229367586876
stream,1654,0.4759872457952732,5.830459060921652,0.41072869933545914
stream,1655,0.4736659200197488,5.66107025292789,0.40465172516684605
stream,1656,0.4716409544625665,6.014922916160182,0.4050946898089002
stream,1657,0.46911874086196675,5.428351493988797,0.40268874867704574
stream,1658,0.4669087688218186,5.1649420020397265,0.4012099043495552
stream,1659,0.4672791545154496,4.515697104077988,0.3385039721376131
stream,1660,0.46618568228217033,4.441447393213778,0.3188777436145784
stream,1661,0.4624058433432851,4.727116344925591,0.3026698700612833
stream,1662,0.460728634070765,4.95712357368591,0.36492130713292864
stream,1663,0.4559445413814825,5.347719803028331,0.39980709928050984
stream,1664,0.45310297649686415,5.121051095583417,0.4984217343985047
stream,1665,0.4481703309181709,5.138251524530169,0.5363444130272609
stream,1666,0.44435777679947175,5.416248888829831,0.563298750666809
stream,1667,0.4401877114333671,5.619739209119601,0.5895892635350743
stream,1668,0.43421384323467166,5.646376167118552,0.585803344164892
stream,1669,0.42894777571023546,5.7401222811101364,0.5976244808111117
stream,1670,0.42639589808083705,5.081373789595601,0.5795902175405572
stream,1671,0.4230321575182024,4.711196717066415,0.4999894052633517
stream,1672,0.4167865417523209,4.728413484710402,0.49941610192994507
stream,1673,0.4108199464411212,4.317575460190202,0.5035985840827231
stream,1674,0.3994284170481157,4.803754284300309,0.5202709558824005
stream,1675,0.3936071797289586,4.91237465961336,0.5589579964629184
stream,1676,0.3895827789174776,4.654940968912393,0.5511317154269647
stream,1677,0.38055323146809683,4.701370063948634,0.5136249969591679
stream,1678,0.3664368223888024,5.184991431615422,0.5106157712646936
stream,1679,0.36195647853287005,7.165592372047222,0.6768854510264911
stream,1680,0.3609527633627349,7.343462301850296,0.7043731343819691
stream,1681,0.3576796006619575,7.01973415507731,0.7023986512358759
stream,1682,0.3594673144358904,6.976353725838635,0.6762128380660262
stream,1683,0.35700226010342656,6.503099857280004,0.639812505726652
stream,1684,0.3515990550512568,6.355578600475533,0.5512757202686732
stream,1685,0.3441919689522773,6.140509485181159,0.5152119271529344
stream,1686,0.3391782882773797,5.945110330298893,0.4890180938530065
stream,1687,0.33296979906658564,5.779650930452933,0.464227329387712
stream,1688,0.33014268476417796,5.782562004100934,0.4746238733804594
stream,1689,0.33024167725321624,5.796497560101777,0.47030195150811455
stream,1690,0.32493622625627744,5.944114558277783,0.4855251316424546
stream,1691,0.3250893413622854,6.428153198457364,0.5564052433190033
stream,1692,0.3245939739913306,6.334800503511103,0.5592122732272773
stream,1693,0.32288809283747777,6.37670452621291,0.5546519596031216
stream,1694,0.32060177390594874,5.817937487920494,0.5320184536772479
stream,1695,0.3225130103532884,5.967021432250737,0.5101425082318575
stream,1696,0.32479013655297545,5.81411199939688,0.5108861540217136
stream,1697,0.32488155612491093,5.34526061749919,0.4768721695947901
stream,1698,0.325626946300312,4.826057320903152,0.4784207623110621
stream,1699,0.32504838432548644,2.7454341112227825,0.3183169473811746
stream,1700,0.32091726046736224,3.497589338444123,0.2998801719226185
stream,1701,0.31754371906660017,3.6048018707184903,0.39164000894385065
stream,1702,0.3147710714346199,3.336406764820259,0.3548801954582547
stream,1703,0.314073263845168,2.9710761299148367,0.3299015150709042
stream,1704,0.3116263811712832,2.9393072265971205,0.32336703569774045
stream,1705,0.30613219776671746,3.141499438886341,0.31996140762302916
stream,1706,0.30109377143924787,3.074052640990466,0.29550168483818257
stream,1707,0.2994999506406858,3.452321784523601,0.32629518123193174
stream,1708,0.2999073116628465,3.5682425190616045,0.3139895127884785
stream,1709,0.2987605280538692,3.6456505069180407,0.3183902045857396
stream,1710,0.2987731821023702,3.733233070592584,0.3550342482167279
stream,1711,0.29978714261221123,3.3584411438919535,0.2784250835089185
stream,1712,0.3008372655885612,3.34313094940962,0.2781388355123151
stream,1713,0.3015169510648755,3.3042121862940164,0.2782422610216439
stream,1714,0.3011891171403253,3.406594213781742,0.27204718554693086
stream,1715,0.2999728068491538,3.1497640909895708,0.24759370673812625
stream,1716,0.29935077219886314,3.162181387405303,0.24845452279676764
stream,1717,0.29862657534700693,3.2147364667408556,0.24735005377293115
stream,1718,0.2960584844244187,3.2858661735976504,0.24495547700521472
stream,1719,0.2940379797596826,3.285182471915788,0.24150974727988472
stream,1720,0.29393411345532844,2.408359835889839,0.23647459319047132
stream,1721,0.29437777424975026,2.30384760878108,0.14942578452405203
stream,1722,0.29658470981127205,2.3511128753896906,0.17126114393680059
stream,1723,0.2975606212881068,2.44140532388709,0.17718298144669395
stream,1724,0.2979568528765544,2.537413974345382,0.17305102716814996
stream,1725,0.30032052461693665,4.034214552712083,0.3140590569284695
stream,1726,0.3022001045763243,4.080950045476896,0.39265053170369635
stream,1727,0.3079038251134488,4.990337703891965,0.44728852759511306
stream,1728,0.3132005849313336,5.104227922618268,0.5478559444770057
stream,1729,0.31737815319718704,4.988630953887962,0.5392593393485867
stream,1730,0.3184835802960755,4.614348005468161,0.49554463540283467
stream,1731,0.3157256671340285,5.28695455097713,0.5147510680157502
stream,1732,0.30983543740948966,5.283231072982093,0.5436960764949228
stream,1733,0.30442887457447426,5.366788694827359,0.5446638861216712
stream,1734,0.3016724745025743,5.573061653899839,0.5765771182883528
stream,1735,0.2983790073314823,5.995086189266501,0.6041014215468424
stream,1736,0.29794707955519184,6.073892817747897,0.6431257093666382
stream,1737,0.3011154714500648,6.1664889285204865,0.6418986172578359
stream,1738,0.29941299238690733,6.2009432887129865,0.654526440202151
stream,1739,0.2965544758862524,6.562798046205723,0.6516833754820809
stream,1740,0.29848751068508084,6.510194607078284,0.679736951294258
stream,1741,0.29877435133118724,6.616795159919866,0.6818999105894932
stream,1742,0.3012487146833196,6.580217667803761,0.6596372654263489
stream,1743,0.30149464756512884,6.679342409064179,0.653476701270699
stream,1744,0.3030169193464742,6.467960520145531,0.6702430283076478
stream,1745,0.3022253134972146,4.881743481968994,0.5467460551233108
stream,1746,0.304319017294985,4.78838175070546,0.46968008765492797
stream,1747,0.3045015937597654,3.464414136670029,0.3827488469667913
stream,1748,0.304658568428962,3.191834767252536,0.28660447366112785
stream,1749,0.30454957547638395,3.1403906849153924,0.2846416800141972
stream,1750,0.30323000919963483,3.160377339864028,0.28059724958107535
stream,1751,0.2994254635906951,3.411882283984423,0.2956012228733465
stream,1752,0.3002275054274985,5.222525786806026,0.5021203993072382
stream,1753,0.30010574945025226,5.653120050850139,0.5106201568347329
stream,1754,0.29596335543262525,6.129729081285486,0.5343265250966481
stream,1755,0.29148001427143194,6.184073382728474,0.5063755784210257
stream,1756,0.292647201485045,6.124038044244942,0.47643541467625106
stream,1757,0.292035366074096,5.947731796903432,0.4848336255678831
stream,1758,0.2917758718713374,5.838928957236053,0.47378810606396593
stream,1759,0.2888508615254415,5.478892425765947,0.47393207570413537
stream,1760,0.2855606628761138,5.478277109340574,0.44160800096946345
stream,1761,0.2823081548803692,5.296653879238757,0.4299899409593838
stream,1762,0.2791253460753826,5.604562743451101,0.43443029421977153
stream,1763,0.2748153994947522,5.396146477460273,0.44384345928924035
stream,1764,0.27359357917434607,6.302806899806437,0.46594385496799084
stream,1765,0.26848982109089853,6.496354004932401,0.5474562878072363
stream,1766,0.2669338370567377,6.740773173827916,0.5935035231375236
stream,1767,0.2670382437930563,6.73420844626271,0.5982568036308212
stream,1768,0.2783179085936268,8.85397412192406,0.6580458003867377
stream,1769,0.28446603610135673,10.181945618179416,0.9182566160364858
stream,1770,0.29575347107715605,10.446057021691997,1.006621529454163
stream,1771,0.3039576295974468,9.500685814995327,1.0074407262523606
stream,1772,0.3039793345156304,8.937707921186998,0.7889056874909731
stream,1773,0.3127599896669455,10.794786368414787,1.0355983114920342
stream,1774,0.3220149629346165,10.050520046168957,1.0304082195740758
stream,1775,0.3233850469757239,10.765909774962315,1.0664079086970395
stream,1776,0.3238880021832428,10.804250025039158,1.0730779848042715
stream,1777,0.32791867892960386,11.610334878768361,1.1052131732307042
stream,1778,0.3306366149265487,11.629407504900984,1.1110536140557192
stream,1779,0.3306048885223421,12.108482166742172,1.130020591804277
stream,1780,0.33055925780539747,12.26860001885408,1.1845933144264815
stream,1781,0.3297866378081275,12.549395486217241,1.1862057238248116
stream,1782,0.32668744257518145,13.05144227260432,1.2261384616841409
stream,1783,0.32078567083254406,13.096790964322864,1.234833831763942
stream,1784,0.31633501263849456,12.532511715963272,1.230650711519655
stream,1785,0.3109536802650459,12.185262071142345,1.1382729342652451
stream,1786,0.30542099124116245,13.087034237079148,1.0960866545678878
stream,1787,0.2979596008458517,13.54097746687652,1.0974920552354885
stream,1788,0.29343259007889266,11.42328762112778,1.062265138366387
stream,1789,0.29126937552405047,10.939411760539626,0.836800298429579
stream,1790,0.2891873696008338,11.387719004769565,0.7463013144370201
stream,1791,0.2887523133899424,11.306775148749578,0.7292680769106211
stream,1792,0.28611054621219484,10.132968130971301,0.7155681375377956
stream,1793,0.28417003859374645,8.016581811614012,0.47221154129883813
stream,1794,0.28601210881031325,8.231121717249547,0.41929338967415386
stream,1795,0.28847060794567925,7.054802952048465,0.4067575255225194
stream,1796,0.2952868699790733,7.332922754434049,0.40016152062672883
stream,1797,0.3010122916179286,6.553117590572116,0.40016148115328265
stream,1798,0.30351899830190265,6.720396650163421,0.3986756133382863
stream,1799,0.3049936333139317,6.238499503019477,0.38013920348517427
