segment,end_index,PW_WTC,E_CCDC,CD2_P
stream,0,,,
stream,1,,,
stream,2,,,
stream,3,,,
stream,4,,,
stream,5,,,
stream,6,,,
stream,7,,,
stream,8,,,
stream,9,,,
stream,10,,,
stream,11,,,
stream,12,,,
stream,13,,,
stream,14,,,
stream,15,,,
stream,16,,,
stream,17,,,
stream,18,,,
stream,19,,,
stream,20,,14.714175990296336,
stream,21,,14.739732993009005,1.5372184549145687
stream,22,,10.724048322907134,1.3709222236181258
stream,23,,10.861096346798856,1.096049319563109
stream,24,,10.864807328646528,1.095549282073089
stream,25,,10.470666940464517,1.0816252402715005
stream,26,,9.239425982631714,0.9738593089244996
stream,27,,3.5730603122059006,0.4620387593645269
stream,28,,3.7030649719517608,0.28363492393212647
stream,29,,4.0191688039776485,0.2891502847951467
stream,30,,6.137204971012332,0.4191217740864682
stream,31,,7.124314030497022,0.37329199232909804
stream,32,,8.249634895646254,0.5318054382348211
stream,33,,8.351748568782279,0.5355994752938458
stream,34,,8.213918781080071,0.5572401494816066
stream,35,,8.5753108051584,0.5596399745521827
stream,36,,8.765068549425372,0.606883131618993
stream,37,,8.948322624274644,0.5981091029444398
stream,38,,8.988350901322999,0.6020841676176746
stream,39,,9.012838764144663,0.5884387386890252
stream,40,,8.871696288290952,0.5586090038861704
stream,41,,10.547127725921174,0.6856219948843837
stream,42,,10.535997099902493,0.7574914707669886
stream,43,,11.097830428693403,0.7710699362404644
stream,44,,11.44494297595212,0.8385329624916291
stream,45,,12.142954855388771,0.8899330898685458
stream,46,,12.37517023402325,0.8700317228322073
stream,47,,13.141383829215503,0.8608882261690777
stream,48,,13.215319454303863,0.9147339467383677
stream,49,,13.401594975530593,0.9513019154418084
stream,50,,11.166117649457556,0.818592523028647
stream,51,,9.891724485873963,0.8172087205958983
stream,52,,8.808677532431112,0.6343885630070716
stream,53,,8.265156969471295,0.6306079005704874
stream,54,,8.27321210491345,0.6146709803222388
stream,55,,8.165397835712444,0.6064122232973431
stream,56,,8.077168455605099,0.5943148052583959
stream,57,,8.00887833518049,0.631117005534855
stream,58,,8.013561614861874,0.6327737260083867
stream,59,,8.030667047457433,0.6506458887079696
stream,60,,7.820759283862981,0.649370183727266
stream,61,,6.113429537953503,0.5076409209750827
stream,62,,6.331400340760347,0.4404892420189436
stream,63,,12.392926597709991,0.8064783373634409
stream,64,,12.064772719694984,0.9482107262848449
stream,65,,13.978497408091107,0.9840663819661081
stream,66,,13.111423254195243,1.081068414307496
stream,67,,12.317447387389047,1.0818222425955153
stream,68,,12.120892130045357,1.0303585026804192
stream,69,,13.78253160248731,1.0763391943473792
stream,70,,14.100292808038486,1.2225195801030877
stream,71,,14.86307378826443,1.2874546564212246
stream,72,,15.182352571039482,1.2753240486733592
stream,73,,16.65401862582957,1.4405448418720872
stream,74,,17.51897500052925,1.4368239625970125
stream,75,,17.87203878042523,1.5641553107772235
stream,76,,17.7540089845153,1.562342287135587
stream,77,,17.588363700184722,1.5298313003246964
stream,78,,18.237780021020196,1.5708438616701808
stream,79,,19.307581842811288,1.6653746300778933
stream,80,,19.165406046267222,1.724369624852164
stream,81,,20.072943279030337,1.7565566507867916
stream,82,,19.82806451574685,1.7936697961135795
stream,83,,13.071197923187826,1.4250875257980429
stream,84,,14.595415151244564,1.22068058704037
stream,85,,12.544889367392702,1.1374995428385117
stream,86,,12.612276368035346,1.068511828155104
stream,87,,12.965786234398262,1.0682254492896988
stream,88,,14.04800779794588,1.071106959090446
stream,89,,12.02840471328794,1.0056648801604895
stream,90,,12.43438774318602,0.8632584101934653
stream,91,,12.13026940531398,0.8997053638843747
stream,92,,11.613424894445531,0.9077254668778005
stream,93,,10.969658354970147,0.77496221978623
stream,94,,10.095483838499202,0.7953641081975769
stream,95,,9.892318120412828,0.6769152065001164
stream,96,,9.906500167871638,0.6777759634123888
stream,97,,9.76428657406578,0.675014000432772
stream,98,,9.757401216141798,0.6418410232268505
stream,99,,9.263259568737745,0.5336121521113657
stream,100,,10.401485267866944,0.6237388080338069
stream,101,,9.538247902485681,0.6124732272997587
stream,102,,9.537010090380097,0.5708550523406984
stream,103,,9.25654058540161,0.5614648831807896
stream,104,,9.751883933827674,0.6204724462904609
stream,105,,9.311321862304187,0.7551266108219248
stream,106,,9.301424287803918,0.7293889961833497
stream,107,,8.991543926262244,0.7423003853804246
stream,108,,7.936986248516183,0.7456872951259229
stream,109,,7.894825772596943,0.7242905274753023
stream,110,,7.1496386780701515,0.7154603662297065
stream,111,,6.81824876833522,0.6175687506112265
stream,112,,6.792583589600841,0.6091476161934937
stream,113,,5.9616016457532375,0.5756569980229959
stream,114,,6.249987376879752,0.582988740256091
stream,115,,5.935940703701257,0.5911464012650115
stream,116,,6.247457547810566,0.552257553072328
stream,117,,6.700058934854183,0.6104579042988993
stream,118,,6.242573146113644,0.6086317167705927
stream,119,,5.83173940932002,0.6639764990885867
stream,120,,4.96505900542864,0.5163736578142146
stream,121,,5.306286193070998,0.5241722860210747
stream,122,,5.305128035098936,0.5484883498746065
stream,123,,5.351439235622148,0.5495143017403178
stream,124,,3.3916797358687765,0.4812413271331495
stream,125,,3.3890944318622918,0.34725837368055923
stream,126,,3.385116752758479,0.3539826911561993
stream,127,,5.109719407177637,0.43600902548931275
stream,128,,5.112916733317063,0.5011770170391378
stream,129,,5.976180521475145,0.5128405860811904
stream,130,,6.134099523244081,0.5265440307941859
stream,131,,7.015136110637046,0.5912936399958559
stream,132,,8.063465406411245,0.5912820657701893
stream,133,,8.26205158211116,0.5981253603936902
stream,134,,8.048653529390252,0.5661143443003025
stream,135,,11.309797658792805,0.6277508422625603
stream,136,,11.17605118096674,0.8452707556532946
stream,137,,12.752119315265574,0.819146551622264
stream,138,,12.842008022159337,0.92861864197807
stream,139,,12.641457179280017,0.8833748683982707
stream,140,,12.479220127598765,0.8802680731981715
stream,141,,12.361509303189512,0.8444104546435814
stream,142,,14.721857543373915,0.8404093176418922
stream,143,,15.275538223417366,0.8524524037170423
stream,144,,16.241417273125986,0.8512601106636345
stream,145,,16.40512850752293,0.8664377114949917
stream,146,,16.90503120471599,0.8572066740744316
stream,147,,16.79096987427676,0.7705219990116368
stream,148,,16.907581303813053,0.7338505431439046
stream,149,,16.016904813377742,0.7436452639151885
stream,150,,15.884996765413602,0.7285880346316004
stream,151,,14.988775238599116,0.6648246428636923
stream,152,,15.625121822670126,0.7572201597245937
stream,153,,17.1127717487482,0.7505066659122691
stream,154,,17.70687483942493,0.9116564309840672
stream,155,,14.831782903069508,0.8213434266231303
stream,156,,14.65377300701732,0.6222084648839408
stream,157,,12.632631077470919,0.5888996997668624
stream,158,,12.938446135450604,0.45142533389092776
stream,159,,14.139934697082278,0.4352273008946539
stream,160,,15.21072658986358,0.6236151223346109
stream,161,,15.886641953379574,0.7775765091002145
stream,162,,13.93751588156508,0.7652919865021052
stream,163,,13.291115977693428,0.7700154795905043
stream,164,,12.431609843544294,0.7682810462924092
stream,165,,13.242348704069837,0.8171218591802563
stream,166,,16.147834318598363,1.079776110037838
stream,167,,14.85803686092506,1.1380149168767522
stream,168,,14.711967335137874,1.1270843680614777
stream,169,,15.054837716843501,1.1198849240745026
stream,170,,15.09339420327527,1.1196426889288305
stream,171,,15.481872336189166,1.1449795796626498
stream,172,,15.189469355428468,1.0555035174818752
stream,173,,13.983655504239888,1.1929106342409592
stream,174,,13.454129629508346,1.0755494001775192
stream,175,,15.673677655531002,1.2364809730150517
stream,176,,15.883432921078423,1.417487094017864
stream,177,,17.186256999073205,1.5105048078325964
stream,178,,16.517824650581904,1.5245215092002167
stream,179,,15.387223998017081,1.5233693402556232
stream,180,,14.53577734035367,1.3786670116992
stream,181,,14.234447959331023,1.2285774408872385
stream,182,,13.943820291151699,1.271674234825244
stream,183,,13.997760744229042,1.251982966866476
stream,184,,13.947447575962897,1.2467341660724087
stream,185,,15.759641523640443,1.2273707159863312
stream,186,,13.505096240063182,0.9734947863135169
stream,187,,13.992764598703967,0.9100526607642767
stream,188,,14.420080942639018,0.886460468019872
stream,189,,14.755786317987553,0.9695735371455033
stream,190,,15.266707961173168,0.966919034017364
stream,191,,14.804768541592379,0.9787210749838116
stream,192,,15.664611634129592,1.011888210407713
stream,193,,15.417420788950668,1.0532915887100063
stream,194,,17.734908993639408,1.0560737360608636
stream,195,,17.11007430217297,1.2092797824313992
stream,196,,18.896281892392718,1.0111265394110447
stream,197,,18.92719279227153,0.919517036359731
stream,198,,18.789213233912925,0.9371930500925467
stream,199,,18.942571930297408,0.9413978885328315
stream,200,,18.633060783470253,0.9319296907378982
stream,201,,18.447833319641795,0.9413299106538375
stream,202,,18.309169852429836,0.9036715161868969
stream,203,,21.03800422557254,0.984317547977101
stream,204,,20.909938306383754,1.1088772681205443
stream,205,,18.04156340117586,1.0577501193674812
stream,206,,16.96708659606681,1.058626744858504
stream,207,,16.246477528735134,1.0550196043568347
stream,208,,15.81643806737209,1.061006634491364
stream,209,,15.084748114033603,0.9624874563780111
stream,210,,14.792634826861457,0.9670657937947476
stream,211,,14.730524860831546,0.9454114343695128
stream,212,,12.99530680251822,0.9240106053379654
stream,213,,12.80415064262106,0.7522456610893792
stream,214,,10.382474330475606,0.715704218392108
stream,215,,9.801876333770819,0.4893943626699056
stream,216,,7.944986485077178,0.5808790149967126
stream,217,,8.22246155901839,0.6891657764412632
stream,218,,8.912251617891622,0.6574730604314882
stream,219,,9.170151492350646,0.7542426923905982
stream,220,,9.631849514546182,0.7199785645756919
stream,221,,9.21019813655569,0.7124339161754829
stream,222,,9.207277834290723,0.6992742245725642
stream,223,,6.454663312149152,0.6180445852952196
stream,224,,6.567088790389758,0.4933265145288844
stream,225,,6.6821580984847575,0.4930230407825098
stream,226,,6.726074773602591,0.5086908072437477
stream,227,,6.661823880322188,0.522207732151208
stream,228,,6.67367581731454,0.5235053161020682
stream,229,,7.1868678584295145,0.5429445869039168
stream,230,,7.064537258595401,0.5809565532596164
stream,231,,7.089878173018011,0.5706116447100533
stream,232,,6.5774360273162245,0.555508963399041
stream,233,,6.518056354205913,0.5498230161489304
stream,234,,7.261027391602541,0.5541930211360505
stream,235,,5.9495780047880515,0.46821791620466535
stream,236,,6.647981605619684,0.45537584136742193
stream,237,,5.475908783363928,0.3459605382999595
stream,238,,4.793203988514344,0.34346267774710576
stream,239,,4.572470122905401,0.2554955793833323
stream,240,,4.094774062739135,0.26729386618599593
stream,241,,5.117288370101989,0.3232335896895604
stream,242,,6.166567563029885,0.3225612362607332
stream,243,,7.275278662162322,0.4867705561415324
stream,244,,7.825193359212237,0.6373648281537212
stream,245,,7.722356374381838,0.662674657909091
stream,246,,7.575182175362987,0.64162074788706
stream,247,,7.484856850532128,0.6291050656567125
stream,248,,7.687294037691234,0.6340489087052809
stream,249,,7.292594942933892,0.6146096379034325
stream,250,,9.245323233430902,0.6202023081935977
stream,251,,9.706426452784005,0.6180351615118707
stream,252,,9.760317606548538,0.6249080384073391
stream,253,,10.302077132257054,0.6441295767703428
stream,254,,10.824676909422223,0.6337265784693042
stream,255,,10.66412017084303,0.7132308105476068
stream,256,,9.973463399458154,0.6489106990901211
stream,257,,9.582475221073505,0.6606828318159395
stream,258,,10.7932541250815,0.6997931714159825
stream,259,,10.65404993329975,0.7743472315741793
stream,260,,10.91792687393366,0.7629459419582105
stream,261,,11.004383765922931,0.7095364645996693
stream,262,,12.368474789284656,0.7153312254664873
stream,263,,11.233735384772988,0.6262352612695942
stream,264,,10.6800193004272,0.4807297987066746
stream,265,,10.740463411727996,0.456405919342808
stream,266,,11.002385400231963,0.479653028291878
stream,267,,11.171094363357293,0.5142447023260068
stream,268,,12.322639483598552,0.5248331299209678
stream,269,,12.268022640231946,0.595627254142696
stream,270,,10.17888619831814,0.5717694541300439
stream,271,,9.925319432930626,0.5698064138454897
stream,272,,9.974866780335345,0.5879399187088996
stream,273,,10.143161173837576,0.6156759087594509
stream,274,,8.833844411637365,0.642148190465933
stream,275,,10.552990111940982,0.6605267577555657
stream,276,,10.447065427292742,0.6757482730559159
stream,277,,10.395174510859928,0.6668761085279684
stream,278,,10.504703657227427,0.6414552178168873
stream,279,,13.321814083801819,0.8652168133589082
stream,280,,13.191132377137464,1.0241667418627096
stream,281,,12.649117183377856,1.0682022173429593
stream,282,,11.126792955712048,1.062430802102602
stream,283,,11.674416264937454,0.9880623598293932
stream,284,,11.557348559399689,0.9952938626121405
stream,285,,11.510838187113334,0.9963376211517532
stream,286,,11.2429891470317,0.9730905248592926
stream,287,,11.41446146622643,0.9467310456772366
stream,288,,10.355961936571072,0.9511959779965837
stream,289,,10.913646551040472,0.8830752333096469
stream,290,,10.945628525404356,0.8944162898439947
stream,291,,10.701029910641118,0.887582626662812
stream,292,,11.234318343116724,0.8889918613685218
stream,293,,10.532223793749248,0.8672309675413874
stream,294,,10.989793718948386,0.8486169349404797
stream,295,,10.043642159532634,0.838008627255315
stream,296,,10.163855099537866,0.8740800704668221
stream,297,,10.184269029273123,0.874080081895353
stream,298,,9.394908138928193,0.8713376497476555
stream,299,,6.4387434132722365,0.6007434468682784
stream,300,,6.495213450058232,0.4474724827240577
stream,301,,5.925274571006959,0.39880538212640076
stream,302,,5.180147978577341,0.4116526391354245
stream,303,,5.240832550883336,0.4669083852454584
stream,304,,5.237623939670091,0.4785267064597424
stream,305,,7.01836873981088,0.5416031092969005
stream,306,,7.006764028936194,0.6069417943564477
stream,307,,6.672277394529622,0.5974048795951787
stream,308,,6.474548129179221,0.5694454668622311
stream,309,,5.9246586729665225,0.5667123168748182
stream,310,,5.913365126614314,0.53130882260356
stream,311,,7.03640014400237,0.5797799482604707
stream,312,,6.525319333701936,0.6215511512794892
stream,313,,6.6561484800801125,0.5951290321791115
stream,314,,6.43424765142868,0.5836458018156828
stream,315,,5.557075989616995,0.5081325812871827
stream,316,,6.871577903691752,0.484700253146922
stream,317,,6.927998642986935,0.5019159981225867
stream,318,,6.991205984387349,0.4900165086425555
stream,319,,7.170532677386827,0.5231938535110437
stream,320,,11.200698722106843,0.7350347955849146
stream,321,,11.321689874241203,0.9331094029159686
stream,322,,11.220347960747832,0.9225333115637401
stream,323,,11.858814517178224,0.9226304066327887
stream,324,,12.047033030920858,0.9802069538880563
stream,325,,11.176688670845916,0.9918207684424677
stream,326,,11.170800238146267,0.9642128255964876
stream,327,,11.241591888442422,0.9641530577067592
stream,328,,11.226556047923436,0.973543033081855
stream,329,,11.611617902843195,1.0070597052414263
stream,330,,11.583913526608793,1.018406109274849
stream,331,,10.73608207313839,0.984332442675057
stream,332,,10.672644850910258,0.917473405997612
stream,333,,10.614987537218031,0.9431869931791186
stream,334,,12.563100444279243,1.0662007300239085
stream,335,,12.649187030429625,1.0908500585599068
stream,336,,11.880889044020229,1.0534879617089228
stream,337,,11.80050216123288,1.0554135936433469
stream,338,,13.191374347991296,1.1183668260853659
stream,339,,14.68945502874298,1.0441207554074574
stream,340,,10.457098884181379,0.8785393392930914
stream,341,,10.714298430593061,0.6881677062250987
stream,342,,10.745455341158534,0.7029570032912744
stream,343,,11.400403226448208,0.7506635093348579
stream,344,,12.624118320855658,0.6718003118629682
stream,345,,11.97479643619562,0.7005678372305338
stream,346,,12.011826665187415,0.6677993359935949
stream,347,,12.600656775843692,0.6791832726485671
stream,348,,12.563483108165602,0.7168134647457454
stream,349,,12.147093383742046,0.6916530054132515
stream,350,,12.137924537472857,0.6837501737564975
stream,351,,11.904794714926268,0.6693527146661146
stream,352,,12.910327078656112,0.6923409575585774
stream,353,,13.92601768230739,0.8344012087977634
stream,354,,11.78605097947152,0.7675760309940646
stream,355,,12.485459845662172,0.7865988954196409
stream,356,,12.268904748814906,0.7807592124928148
stream,357,,12.313230019335922,0.7643196319816551
stream,358,,10.309768808412166,0.6920282863770334
stream,359,,8.935773154839781,0.7102487893252423
stream,360,,8.99486324814943,0.6860832251507059
stream,361,,8.598551765168516,0.6786260334056606
stream,362,,8.572627575580498,0.6642753649264402
stream,363,,6.858918839268726,0.5839441770274518
stream,364,,8.547019756918983,0.7220508124642195
stream,365,,9.510543442870848,0.6293278486365839
stream,366,,12.189164432000563,0.9440981222413761
stream,367,,11.562486428571436,1.0560991137431075
stream,368,,11.498788495524193,1.0070230712612243
stream,369,,11.940952783700517,1.0105659319986058
stream,370,,12.689061353235271,1.0067878045885905
stream,371,,12.839375972572677,1.0136214357291051
stream,372,,12.02553307031105,0.9889983675068201
stream,373,,12.342558034944693,0.8364004965480131
stream,374,,12.319992842969462,0.821822052126145
stream,375,,12.065013926838986,0.7787170323790996
stream,376,,11.647931491802666,0.8131781938014464
stream,377,,11.6398975386755,0.8074671460902481
stream,378,,11.850565596989322,0.8225149812233412
stream,379,,11.849043120546307,0.8462525502585245
stream,380,,12.014667222671916,0.8574495732348448
stream,381,,13.053255774788084,0.9388354334522507
stream,382,,13.253500036552012,0.9422665115415226
stream,383,,13.08107341426909,0.9191230797038816
stream,384,,11.694328591915308,0.8411595247189138
stream,385,,11.306987668045126,0.9842736613407923
stream,386,,9.318622286505494,0.6603890524206426
stream,387,,9.884128384674629,0.6328623836969435
stream,388,,11.519439690188769,0.7683586295081277
stream,389,,11.290589364863685,0.87665675723851
stream,390,,10.596236036090149,0.8903188136697604
stream,391,,10.6156235793591,0.910913475117714
stream,392,,10.622368893557212,0.9109603083416926
stream,393,,9.21542063481026,0.8973883500032215
stream,394,,9.21871553841878,0.8560793321517373
stream,395,,9.695519982443141,0.8630503667443543
stream,396,,10.362141463902299,0.8288250421001528
stream,397,,10.461331902122394,0.8838025658891291
stream,398,,10.287405252967874,0.867227732242081
stream,399,,10.060297377012029,0.8336399622200903
stream,400,,10.69092883815297,0.8626599899872154
stream,401,,10.386467996582487,0.777765871437969
stream,402,,10.233114093121776,0.7795999197266372
stream,403,,12.232692538627258,0.8775155150651575
stream,404,,10.875449948338693,0.9636262253100527
stream,405,,10.606961518776563,0.8083494832415192
stream,406,,12.752641750665195,1.0282656520796898
stream,407,,14.306675591654553,1.305289330676313
stream,408,,13.837792920699595,1.1739079528731007
stream,409,,13.65954180222599,1.0714242247166372
stream,410,,13.869122136266403,1.0694431053917053
stream,411,,13.787590598123352,1.0673175725061814
stream,412,,13.702962512252338,1.0912129640462367
stream,413,,13.742377955876943,1.0938594870538967
stream,414,,15.750360410196947,1.1251981452893745
stream,415,,14.747479083016595,1.1745730611678087
stream,416,,14.010009794062222,1.174326535057356
stream,417,,13.998917437439761,1.1234362657701904
stream,418,,13.963240599950767,1.1256069320399404
stream,419,,13.8568396615878,1.1172366300785392
stream,420,,13.156689933247891,1.0563702416263514
stream,421,,12.687860545837896,1.0569538490337547
stream,422,,12.603173204721214,1.0561917080652063
stream,423,,11.704212902184517,1.0059573083451987
stream,424,,14.061025266275378,0.8693263729211436
stream,425,,13.856993864161858,0.902256216313507
stream,426,,12.862549477420773,0.702296780769024
stream,427,,10.704389169753133,0.3945807277853271
stream,428,,9.573320828941792,0.3909208485494861
stream,429,,9.597211526972583,0.37489838946941134
stream,430,,9.874649080819779,0.369834783903888
stream,431,,9.82816628303465,0.3525285253775499
stream,432,,9.978736103099152,0.35252852653218764
stream,433,,9.935615028362577,0.3584593441526827
stream,434,,7.919441496449853,0.3267382613763246
stream,435,,7.923204112514988,0.25893754077982833
stream,436,,8.364342088854956,0.26919871418815805
stream,437,,9.079956974366665,0.36612602261052074
stream,438,,9.466324226846233,0.3649083048973199
stream,439,,9.59428044928695,0.36579313941294617
stream,440,,9.853659576825102,0.35974780547520785
stream,441,,9.600958254049926,0.37875739957293675
stream,442,,9.973073076139645,0.37173315712865035
stream,443,,9.10661646779602,0.3727894508918369
stream,444,,6.394425067686764,0.3672902748073062
stream,445,,9.107591220358497,0.43091268672993127
stream,446,,7.5031332784654,0.48643289948516677
stream,447,,9.65865954794094,0.4377850644870587
stream,448,,9.629299566292463,0.5054269460745912
stream,449,,11.195657912366952,0.5841854515060559
stream,450,,12.43657219888048,0.7951325833611006
stream,451,,13.503551574878943,0.7959328045723485
stream,452,,13.27338032029241,0.8001605665498585
stream,453,,13.270916961863929,0.804617081758151
stream,454,,13.357819379353119,0.8070389083380138
stream,455,,15.16250083624792,0.8973949147318263
stream,456,,14.854443059888341,1.0066693517983059
stream,457,,14.065363453119673,0.9070955515434883
stream,458,,13.677434251415306,0.9055619895644844
stream,459,,14.280853171352922,0.9160377044283469
stream,460,,14.116832316096232,0.9752929223315633
stream,461,,14.895812784542281,1.024826916272247
stream,462,,16.41591840479018,1.0355378866974394
stream,463,,16.457004610577734,1.1235715749535378
stream,464,,16.46428374600382,1.1250923590777282
stream,465,,13.584059281568758,1.035114575917268
stream,466,,14.343969050361814,0.9625057772157055
stream,467,,12.527520090062865,1.0418460488896686
stream,468,,12.734604306792145,0.9732959773107022
stream,469,,12.842192249945702,0.990187808103628
stream,470,,12.254620909386299,0.7744759944085781
stream,471,,11.758955655595473,0.7752742109444253
stream,472,,15.316247860220495,1.0209819912833957
stream,473,,15.764581183545237,1.0734666996287203
stream,474,,15.922545175268377,1.070780958138102
stream,475,,14.10762973048563,0.9975937188506429
stream,476,,14.462840291970041,0.9056226452088086
stream,477,,15.445629633091803,0.9929519092836712
stream,478,,15.527103164574648,1.0190395572138056
stream,479,,14.798541311381435,1.0125239485530042
stream,480,,15.213209502419728,0.975672461251301
stream,481,,14.409127925265974,0.92209667474047
stream,482,,14.732041887929558,0.9676365492109803
stream,483,,24.836934635850003,0.9206047944039275
stream,484,,24.867902897554,1.3463110444163446
stream,485,,24.748000066170754,1.3448697106118002
stream,486,,23.93735713463781,1.342274248087787
stream,487,,24.508346639610327,1.2532513732615327
stream,488,,24.897578106299193,1.3908143798350472
stream,489,,23.775177692927727,1.2935327983607638
stream,490,,23.750870724693204,1.401304347112936
stream,491,,25.49472583693078,1.3978397616321676
stream,492,,23.664945366485668,1.4760224085963813
stream,493,,24.526399245296485,1.5969234037409263
stream,494,,25.01275346200672,1.76872657317002
stream,495,,25.077983626289164,1.7854017272243012
stream,496,,25.184552483841873,1.8047816472848441
stream,497,,24.44845726434268,1.7515145832853738
stream,498,,24.95891073502236,1.7261067343784462
stream,499,,24.996245788342925,1.7413516646043259
stream,500,,25.739822537315877,1.7413516011829677
stream,501,,26.164903697971063,1.8426690902269944
stream,502,,24.936389877388464,1.8807186083183574
stream,503,,16.33387313770797,2.020553099987636
stream,504,,16.53755957351063,1.611105742564906
stream,505,,16.46631325342874,1.6191429954870127
stream,506,,16.37861469048687,1.6187735118055104
stream,507,,15.513462521302836,1.6149048041131497
stream,508,,14.925319526807233,1.4798508741430996
stream,509,,14.271353854430396,1.48188057589095
stream,510,,13.155096209552045,1.372958929820543
stream,511,,12.908277566443346,1.4560500225889512
stream,512,,11.186979034248163,1.227318399686539
stream,513,,9.934872892992843,1.0392948240441735
stream,514,,9.230282923683866,0.8689810498236968
stream,515,,9.166213407487698,0.8359172585897537
stream,516,,8.70067107497199,0.7951804561035483
stream,517,,8.532032508957169,0.7593747655854545
stream,518,,10.18931519754597,0.8789103760602637
stream,519,,10.268383381124393,0.9996153963040935
stream,520,,8.952162607097833,0.9757036170736288
stream,521,,8.756915376558235,0.8880137531227387
stream,522,,7.786353436779183,0.8118006342832836
stream,523,,5.996147878428713,0.5819876346387931
stream,524,,5.822132471360004,0.5616232164376797
stream,525,,6.2696546173376335,0.5830013608015953
stream,526,,7.873513798984286,0.595870135378523
stream,527,,7.938646094186123,0.6984505563014162
stream,528,,7.941468850200241,0.6984505563014162
stream,529,,8.425121682902091,0.7063903214388422
stream,530,,8.386438884494114,0.7281349791080496
stream,531,,6.8168852931170845,0.6447377039734971
stream,532,,6.772172410673227,0.5357029046074699
stream,533,,7.014453443774547,0.5379220409056311
stream,534,,7.52078439359189,0.5365096639381739
stream,535,,8.870291777783313,0.69028881509155
stream,536,,11.506900708215294,0.9929019140303648
stream,537,,11.378201066165234,1.1025936894895596
stream,538,,9.86147661206077,1.0128649464167987
stream,539,,9.770357035572035,0.889130544628213
stream,540,,9.711291668794598,0.8952393513481393
stream,541,,9.634013568432154,0.868086772916097
stream,542,,13.595051076617763,1.0557108756531712
stream,543,,14.680043051002777,1.0777619763656363
stream,544,,16.03869396792015,1.0745703708350434
stream,545,,15.548708148581046,1.0804522923190878
stream,546,,14.72324875124564,1.0909088404623466
stream,547,,14.831092753496037,1.0397698793533605
stream,548,,15.105602464420505,1.0374166232667223
stream,549,,15.005455806129186,1.0274107323741921
stream,550,,16.446156297977115,1.128130405791443
stream,551,,18.421670302743973,1.1291737488217695
stream,552,,18.552188275573325,1.2587802309784337
stream,553,,18.327957039051043,1.2751654909909382
stream,554,,18.59600050655441,1.2884330698955475
stream,555,,17.8529544368086,1.2541708505649674
stream,556,,15.646732999662248,1.0447712997159428
stream,557,,16.64752644698184,1.053618542645861
stream,558,,15.907243425842967,1.0451630176159465
stream,559,,16.406283906085623,1.048757325295904
stream,560,,17.495488499799865,1.1526028223879068
stream,561,,17.43632498330135,1.2185573768932199
stream,562,,13.61010449993631,1.0231473205599795
stream,563,,12.518101087548843,1.0085053114127838
stream,564,,13.121011147659601,1.0916511086233092
stream,565,,13.32301829763323,1.204618889872259
stream,566,,12.741568981242056,1.2308209878350354
stream,567,,12.687592613065997,1.2017173321539902
stream,568,,12.593983570818967,1.2262407843583099
stream,569,,12.326904117600426,1.241095357819024
stream,570,,12.272419975007127,1.1315423803842162
stream,571,,10.66946439024373,1.128669301575076
stream,572,,11.140624548276048,0.9847386392062348
stream,573,,11.314532535969747,1.0355415654688112
stream,574,,11.986432122998101,1.0350415060191125
stream,575,,11.390729310298077,0.9682627221091312
stream,576,,12.047518927106353,0.9128862445128909
stream,577,,12.561850655537555,0.7941786118212533
stream,578,,12.617029316677437,0.8513823605982556
stream,579,,12.287418545904494,0.8411755060601589
stream,580,,11.7903771692154,0.7732630060029551
stream,581,,11.743886891638635,0.720781688688596
stream,582,,11.725783022594847,0.7309466856043381
stream,583,,12.303283894896582,0.7795447450270535
stream,584,,10.559542967329683,0.7672501926098572
stream,585,,10.477036842662432,0.6326893123755976
stream,586,,12.443901683376598,0.6208694830880047
stream,587,,12.32409312156484,0.7157621419038596
stream,588,,12.136456756481895,0.6913728025314861
stream,589,,14.411171792449451,0.7507643532340504
stream,590,,18.324370379008382,1.233452342974106
stream,591,,17.373169053997014,1.461723470118526
stream,592,,16.724412199367062,1.4618479249174763
stream,593,,17.67629295060268,1.4359392020070723
stream,594,,16.62704763840324,1.4247765927572338
stream,595,,17.240985647309422,1.4301811081486095
stream,596,,16.09847847737521,1.4301811081486093
stream,597,,15.319530750053008,1.4696224407762029
stream,598,,16.174487272374478,1.3904618973759584
stream,599,0.9710333000019721,15.97917803567286,1.4184719037149318
stream,600,0.97161848362421,15.512744419963184,1.3929248573827773
stream,601,0.9724257249342821,17.023904118575196,1.468935696818014
stream,602,0.9735129747165655,21.293248438212977,1.4616281196477627
stream,603,0.9742308885103326,20.753401351663243,1.595279895955072
stream,604,0.974694419128646,20.507270880732875,1.5235200393700834
stream,605,0.9752094344580139,21.214321574198276,1.5451959794002221
stream,606,0.9760467940428889,25.414794070406167,1.5994591909159281
stream,607,0.9765596490170596,25.513398580138464,1.7909481536151075
stream,608,0.9769842245602152,25.97867146867106,1.792349242641251
stream,609,0.9773572194867779,23.643610826725798,1.7493147501375996
stream,610,0.9774120584548551,19.717211896174398,1.322384099679239
stream,611,0.9773606440333747,19.71306722084948,1.139645999347607
stream,612,0.9773736747364976,21.567184651426096,1.2024527984431332
stream,613,0.9775411167000447,20.49344831488405,1.202452840547211
stream,614,0.9779986906766558,21.699023618447413,1.247403714278093
stream,615,0.9784297091447176,21.72014630562212,1.1903762248829013
stream,616,0.9787513474236926,22.336739157474707,1.245623416772787
stream,617,0.9790641479273836,21.770172265252903,1.2167133579660587
stream,618,0.9793150215026991,22.499548839492316,1.322337166127439
stream,619,0.9795313950576805,23.792920412528957,1.283912077724579
stream,620,0.9796045711141081,24.07499616448301,1.2745953449381993
stream,621,0.9795781521824019,23.586448102480027,1.281201650361925
stream,622,0.9796112591999606,19.24849408681858,1.3022271419992384
stream,623,0.9792905573194421,20.325727822758086,1.1523098196226302
stream,624,0.9790809540678289,20.425396910699074,1.1774638903407855
stream,625,0.9788619252712525,19.60082535599556,1.1392333865370805
stream,626,0.9792741884778804,13.108593002276065,1.049749380623172
stream,627,0.9795682180354935,13.475792264719942,0.76267832272773
stream,628,0.9799208823291938,13.301902034729498,0.8165142312320667
stream,629,0.9799173035843501,13.243574991382486,0.8127092610595705
stream,630,0.9802365903896177,12.901035062879437,0.7834142157296485
stream,631,0.9806909513876007,13.284622607651375,0.8525744662687968
stream,632,0.9808916209741824,14.94112717333936,1.005558373266501
stream,633,0.9812881151428927,14.831931566056229,1.0631075164913972
stream,634,0.9816379930594259,14.790959696640334,1.0585138446647255
stream,635,0.9820333725177935,14.246592146625135,1.0904624248253887
stream,636,0.9823458099773219,13.538825494347716,0.991289018481478
stream,637,0.9826180107827689,13.407997252144902,0.982652016895878
stream,638,0.9827100719192065,11.927426794045084,0.8958663014641939
stream,639,0.9827598169740295,10.760192849924886,0.8959131341262535
stream,640,0.982723623112747,10.378497591939684,0.8887679699198543
stream,641,0.982608477723062,9.524693332605068,0.793155745962949
stream,642,0.9823515972716632,9.752793099585494,0.7906975608548868
stream,643,0.9820139035754614,8.636465267946594,0.7692975852248745
stream,644,0.9817672395053917,8.53405940191805,0.7474554963013224
stream,645,0.9814946258273479,8.506113945453338,0.7455567701587061
stream,646,0.9810014281065363,8.611053085578877,0.7518666955826571
stream,647,0.9807362306292917,8.101115483619244,0.7276148298202175
stream,648,0.9805879581266125,7.82800999708782,0.6734372426013473
stream,649,0.9801594569452547,9.626681443679082,0.6879886517537638
stream,650,0.9801405118851216,10.45851243495959,0.947544952392906
stream,651,0.9803051423668431,10.675932787195464,0.834650234099511
stream,652,0.9809406601072123,8.659690678268188,0.6388222977631203
stream,653,0.98145469038006,9.353596769940799,0.6765180516289659
stream,654,0.9817993467181343,7.804897731649577,0.6483330728910893
stream,655,0.9820369683534729,8.14833068811095,0.6195065023394992
stream,656,0.9823470929531745,8.737905304006453,0.6955061401797078
stream,657,0.9826483894544197,9.562597343869788,0.694837035274639
stream,658,0.9829370557410042,9.401090752863825,0.6972532760435519
stream,659,0.9830650508797923,10.356956248958685,0.7419430705922079
stream,660,0.9831411333984542,10.420753024979371,0.7514835689069926
stream,661,0.983036199020963,10.342214123569873,0.7486198785555851
stream,662,0.9828560187996029,10.069970579891253,0.7180313159407405
stream,663,0.9826858981010476,10.11471451850277,0.700652446587551
stream,664,0.9823040343564468,11.433748132526361,0.7579767668860242
stream,665,0.9814015054211497,12.427859209579697,0.7577112084812204
stream,666,0.9805704767357178,12.373591649297785,0.7627447495862197
stream,667,0.9800844309068035,14.50065651607104,0.85959541749942
stream,668,0.9795615765084869,14.588185236228677,0.930266074902068
stream,669,0.9786400907983324,12.785119489625334,0.9021648303903044
stream,670,0.9777667308254825,11.008057665525115,0.6048027938218201
stream,671,0.9774793475564971,11.010039747600299,0.6073642320655863
stream,672,0.977064996130775,10.016112178083842,0.5899841387179052
stream,673,0.9774698563803177,9.302174274117972,0.47361596317209187
stream,674,0.9783171861587795,9.549549636957996,0.4626802396059686
stream,675,0.9792405329491242,12.158604173777766,0.49942490429452807
stream,676,0.9798638908813964,13.052120469135913,0.7851931966883079
stream,677,0.9803140750016907,12.320837948411619,0.8867175366068366
stream,678,0.9809219827638982,13.255157211633943,0.8880107986388328
stream,679,0.9812335693385074,12.387421260653381,0.9249096648197751
stream,680,0.9813419607073296,12.994590747696199,0.9241114847374553
stream,681,0.9815555403492803,12.907406832438577,0.9724813570615661
stream,682,0.9814546234629832,13.174623089775615,0.9965016223011123
stream,683,0.981840353525344,15.19882838620301,1.1422725245016283
stream,684,0.9819875817745414,14.199905352296637,1.1166958676861316
stream,685,0.9821665606081325,14.010283475985736,1.1176067276209647
stream,686,0.9821706710721112,13.970548066370805,1.1431978726672831
stream,687,0.9821847419935323,12.501728333254052,1.0844652976890818
stream,688,0.9822602647168298,12.399292449825335,1.0284588178771459
stream,689,0.9823081581806536,12.379874858186934,1.0147967645380125
stream,690,0.9823704885125617,13.78065081998102,1.0687709111187178
stream,691,0.9824105414281499,13.2140151607211,1.143358195978285
stream,692,0.9825209928219748,13.44470153821898,1.1765811692028094
stream,693,0.982595203837599,13.459403509725123,1.2005746548363885
stream,694,0.9826474285801104,13.15594824724045,1.1985383863248675
stream,695,0.9826479948102677,10.103365908595766,1.1538190235660586
stream,696,0.9826650198929401,10.282272679987726,0.845679169991026
stream,697,0.9826634009238799,10.150691998855503,0.8092322700173205
stream,698,0.9827130009873041,9.346427538237254,0.7876741899056277
stream,699,0.9828075120314586,9.606131681502754,0.706644150758238
stream,700,0.9828396901026598,9.18843230182929,0.6993770841462904
stream,701,0.9828637778363806,9.454999615335975,0.6509639457434132
stream,702,0.9828405585851636,9.321101221902337,0.6676594915425434
stream,703,0.9828100528853142,7.261683803594483,0.5243435572320169
stream,704,0.982864367000436,7.953027666287509,0.539638526175742
stream,705,0.9828920812455597,7.557542394728448,0.539638526175742
stream,706,0.9829064612894274,7.727596040086,0.5039149709697238
stream,707,0.982845703386634,7.154552499894405,0.4658049067599616
stream,708,0.9827074940690946,7.2050797723198095,0.4508504615177789
stream,709,0.9825851812168239,7.346557184242521,0.45676447779272344
stream,710,0.9823303407158401,5.8783938267773195,0.40457915083454393
stream,711,0.98212524899879,6.023589555584999,0.33353472534873
stream,712,0.9820318011278929,5.285761473475155,0.29767718519686465
stream,713,0.9824328236983368,6.466762735826018,0.29123072875951733
stream,714,0.9827811999712467,7.683291331015644,0.2908850283773206
stream,715,0.9829102882401809,7.693877782592941,0.3617518068277082
stream,716,0.9831228217685303,13.879029433246979,0.6022134594153343
stream,717,0.9832480040211483,14.04292881925977,0.8984770873383168
stream,718,0.9833732973504874,13.92602031876641,0.8999199544385261
stream,719,0.983472077629129,13.981654270455357,0.9044068732108914
stream,720,0.9835066645474577,14.126501901496292,0.9030935382226962
stream,721,0.9833480377032553,13.819460885886729,0.9358302298627802
stream,722,0.9828879974031236,13.65313664550057,0.8951144188241037
stream,723,0.9822300725353309,14.342761144551512,0.9172134974274215
stream,724,0.9816256140745037,14.87225798398325,0.8795789907571739
stream,725,0.9808300581662294,14.492297976010459,0.9235217173450793
stream,726,0.9802896233769146,14.472688527059523,0.9206138367409895
stream,727,0.97978181251856,14.416720466458683,0.9212882953939665
stream,728,0.9791993098153425,14.372413614038443,0.9217446324481477
stream,729,0.978609371510975,14.51953515417226,0.9351115106933632
stream,730,0.9775115814176164,16.134949668880186,1.0495235348802616
stream,731,0.9764175136268582,16.25741527588405,1.1703757717607683
stream,732,0.9760352772484767,16.659751671286163,1.1721711443476888
stream,733,0.9758338815334041,15.603818685290397,1.1334742429626619
stream,734,0.9757651982956617,14.387419063926451,1.1393908054383175
stream,735,0.9755714410743634,14.671542956247904,1.090549993428066
stream,736,0.9754040128388305,7.966124609771267,0.8785060118158248
stream,737,0.9751984941786573,7.856121509071667,0.5845079853131651
stream,738,0.9748269522286287,8.279011249886056,0.6147419244762177
stream,739,0.9735794132036648,7.804676956457177,0.6172057857882618
stream,740,0.972675947133461,7.6872660613241,0.648222640364471
stream,741,0.9722897828464505,8.501427051098977,0.619994262065684
stream,742,0.9724095033140376,8.523811007820592,0.6554332585656039
stream,743,0.9726445557810444,7.840596427931585,0.6377573907970503
stream,744,0.9729486623909064,7.707139641747215,0.6763772530351094
stream,745,0.9733759478226907,7.757271420601684,0.6626814385613642
stream,746,0.9742858750207632,9.871632440976724,0.7094957958686219
stream,747,0.9753791646316914,14.392721932485022,0.7176629838849408
stream,748,0.9759905276023141,15.38164032106271,1.070614684544699
stream,749,0.9767089631952839,16.85183956313982,1.2511425527882234
stream,750,0.9772373133458314,15.282380673922013,1.1790237219744788
stream,751,0.9776930264116748,14.986974873563822,1.0499720346415824
stream,752,0.9777184759366575,16.974812612639663,1.1098437690826986
stream,753,0.9778426916123771,16.83541293795279,1.188777812680753
stream,754,0.9778452988004463,16.85914446642438,1.1826620130959997
stream,755,0.9776713872897074,19.38744021774908,1.2313941518778457
stream,756,0.9774189362118638,18.72720563018502,1.175347101689206
stream,757,0.9771488796150688,18.783432780038414,1.110259474953473
stream,758,0.9768056351783198,18.55389452217624,1.078198605716667
stream,759,0.9765169827804672,18.972304941296617,1.114460296109048
stream,760,0.976282906759486,19.73621223085358,1.0904614117869569
stream,761,0.9760102339036457,18.9875792010079,1.1118968521192636
stream,762,0.975548451149443,20.19107824164134,1.142414972700272
stream,763,0.9750544416354898,22.027327988989313,1.13589749640623
stream,764,0.9745590623547373,20.79362183195408,1.2032372242438532
stream,765,0.9739461140298438,20.97095661767086,1.1712811484284298
stream,766,0.9737705975122171,19.522000915614086,1.1255690008543837
stream,767,0.973870476588535,15.09582163563181,1.1825353338125666
stream,768,0.9740322233076051,14.108729947005326,0.8317927968561217
stream,769,0.9741342420506446,12.35460730591976,0.635465551880497
stream,770,0.9743219615030422,12.451074661508322,0.5940435512064642
stream,771,0.9743607500399218,12.452435770985488,0.593077088242726
stream,772,0.974224834911356,13.367971332686084,0.6411537831118825
stream,773,0.9735283600500796,13.47353458516055,0.6292544428282099
stream,774,0.9728836575895762,17.81919374886719,0.825034738465302
stream,775,0.9728055873977303,16.702636998092007,0.7824471089810389
stream,776,0.9730221798477316,18.827407387287106,0.7599456285840834
stream,777,0.9728527596316165,19.70226334393623,1.021359775054674
stream,778,0.9727378862476599,19.65944659314253,1.0804138404603882
stream,779,0.9729376259497089,22.484802192151882,1.1005965300887328
stream,780,0.9722788412078198,30.448523461007255,1.9525612724048744
stream,781,0.9714251826745434,30.647156161982533,2.169658361281353
stream,782,0.9707816703854234,29.813334671516774,2.1480729521200748
stream,783,0.9701983353411938,27.985291089600953,2.16814921805629
stream,784,0.9702122670543166,28.382780710952062,2.0706295879988366
stream,785,0.9706486770666845,28.133433219700528,2.086661249324891
stream,786,0.9706395506870668,29.119682676624176,2.1578524532439567
stream,787,0.9709690592547628,29.210982258644098,2.1836457280098487
stream,788,0.9706279986492221,29.52915100745594,2.2192632019718226
stream,789,0.970905825835515,29.637211968276077,2.24679854305474
stream,790,0.9713187135360977,29.836313327334885,2.2751665861354637
stream,791,0.9716717023766337,29.979353344904354,2.297112667094269
stream,792,0.9716128202149876,26.803479603581938,2.2085808511393554
stream,793,0.971467757420001,27.135511174545883,2.143730337730363
stream,794,0.9708425569211293,24.038825934903116,1.9576160574694994
stream,795,0.9694806790329871,23.738948770686438,1.9309739327083741
stream,796,0.9681523142765956,21.295069552476185,2.0281643159564466
stream,797,0.9675579419130451,21.909921676519904,1.7804250336001044
stream,798,0.9666970107040291,22.026032564478218,1.8454872161810003
stream,799,0.9656844993461888,18.832722449384523,1.7824894868658887
stream,800,0.965405836593915,10.312232177255675,0.965353800988241
stream,801,0.9648217491159661,10.508403146524813,0.7873147462254206
stream,802,0.9643334292750954,10.676814511118069,0.80565046944779
stream,803,0.9634558061907581,12.057728450160102,0.9343521109494626
stream,804,0.9633884609710086,11.760517361123188,1.0187215237211444
stream,805,0.9631059815684415,11.798635883789784,1.0061464046885538
stream,806,0.9634344471784493,10.447832964712184,0.9399305478725483
stream,807,0.9633680273553913,10.759660559388811,0.9320443696790411
stream,808,0.9639984596834886,11.833070893581375,1.007063504262126
stream,809,0.9642298855440827,11.984602815536935,1.0549303096527047
stream,810,0.964132676737241,12.549922457795644,1.0318849410920246
stream,811,0.9638352137589806,12.765238503060715,1.0106681404866138
stream,812,0.9635911078704524,12.949554784222876,0.9894173423934575
stream,813,0.9636240224149708,12.579205893462573,0.9857774985798463
stream,814,0.9637637793369499,11.44608219791097,0.9757353053920151
stream,815,0.9636535274816973,10.608734664968665,0.9760960229623221
stream,816,0.9634961487364803,10.501204630043238,0.8834267386233994
stream,817,0.963384222676725,9.458858639436064,0.9074644678368241
stream,818,0.9631420131214784,11.560745495848415,0.9767227205177784
stream,819,0.9631386525647,11.763285808214158,1.1511288451764097
stream,820,0.963180306428117,11.458828301357624,1.1492759813878428
stream,821,0.9630074254252828,12.127669935444404,1.095137275517395
stream,822,0.9630524811494502,11.641677219170177,1.1140240651461821
stream,823,0.9631676195867016,10.262675838512726,0.965061048541995
stream,824,0.9635589382861708,10.005433797257451,0.8593828792162391
stream,825,0.9637873499286822,10.048204483458663,0.8576524418503305
stream,826,0.9642574640508546,10.011483997168531,0.860419896819904
stream,827,0.9645133771152627,9.630775518813703,0.8016380608403362
stream,828,0.9647523421798627,8.703677661841455,0.7185118177436352
stream,829,0.9649323513948908,8.700073119353418,0.6737302944041128
stream,830,0.9651155289191717,7.755417562736486,0.6776582213800337
stream,831,0.9654131128905387,8.437750034027037,0.7045930087269003
stream,832,0.9656351710196461,8.1098757742975,0.7540625266876654
stream,833,0.9658482686317369,8.108394001308971,0.7544559650799784
stream,834,0.9660621981031388,8.078764921636958,0.7545251063450356
stream,835,0.9662549852159822,7.579611967990608,0.7549434952601425
stream,836,0.9663469384257092,7.556967344439766,0.7462480473854411
stream,837,0.9663327448717804,7.503603341167589,0.7436345166164939
stream,838,0.9664195245961541,5.222245632854539,0.5742134311258621
stream,839,0.9663484159645155,5.933279236132747,0.41526629255715775
stream,840,0.9665426389368142,5.741990320077246,0.44133842354365593
stream,841,0.9667207409940625,4.680744266311296,0.43837731520967427
stream,842,0.9667842339400853,4.6385226443920295,0.3619457734098106
stream,843,0.966924662939189,4.896334801533246,0.3617862062972168
stream,844,0.9673842724933029,5.155614870911762,0.36177059614804075
stream,845,0.9678603746861429,5.0789469473040425,0.36324928137600104
stream,846,0.9682498899279286,4.7209443688967445,0.3567991867424767
stream,847,0.968615611456553,4.632489266697106,0.3420078301427947
stream,848,0.9687900008420618,4.280591717414968,0.31248084347953187
stream,849,0.9689559531890068,4.022111556249559,0.2827010405270492
stream,850,0.968915356023584,4.077074503435966,0.26999287053002724
stream,851,0.9688603128191884,4.462246856823337,0.3200451642846957
stream,852,0.9687464087865227,4.493050152664774,0.34010529065885986
stream,853,0.9685130919934861,7.148223429902073,0.4127372532056299
stream,854,0.968673430278826,9.29323042345068,0.7778605392368234
stream,855,0.9688101916534881,9.361177061328991,0.882535316774592
stream,856,0.9688613793534375,9.376217615908013,0.8968315200456527
stream,857,0.968902142832933,9.755279308673117,0.9020585865710001
stream,858,0.9689040110163185,9.837089751375032,0.931947024863803
stream,859,0.9688454504945465,8.989577872202533,0.9164880387738761
stream,860,0.9687423690138013,8.971069517730491,0.8511118079579437
stream,861,0.9685380974319818,9.081521725249257,0.8527467463812402
stream,862,0.9680937857259118,9.260425336942301,0.8759462526692591
stream,863,0.9674500882967143,9.019232851841107,0.8746266796429526
stream,864,0.9668443038777043,8.711673440092675,0.8747909787769175
stream,865,0.9660394057049352,8.862025559840005,0.8773991055866663
stream,866,0.9647701438994783,8.98517529259502,0.9009912999725016
stream,867,0.963478054489995,8.927140162784244,0.897313593328997
stream,868,0.9627786281845389,9.015321176899059,0.9047793212533572
stream,869,0.9620054768765401,9.065745426965128,0.9023283451435065
stream,870,0.9605651922152258,9.426777608273035,0.930348877649845
stream,871,0.9592047102371417,8.945306626634933,0.9498529284666898
stream,872,0.9581153947449486,8.914518558543806,0.907761284659874
stream,873,0.9579147702949256,6.398114355894232,0.8451474026870932
stream,874,0.957873438744917,4.239676465279808,0.480066491043179
stream,875,0.9590250868471184,4.133737619422694,0.38189567776320066
stream,876,0.9595612955042169,5.960143569611495,0.4010879711832989
stream,877,0.9613285250986816,5.085766287013428,0.4491480451682146
stream,878,0.9633125686737927,5.588519060978866,0.41469987572945116
stream,879,0.9641089035034278,5.919152186832778,0.4965844016941327
stream,880,0.9643356792265271,6.53060054404655,0.4958943325497925
stream,881,0.964083042561906,6.705536704085665,0.49176456785734735
stream,882,0.9638321099628449,8.973142800005604,0.49891984068593775
stream,883,0.9633568142081188,8.930599828025507,0.5972869070158962
stream,884,0.9626763817104858,9.72256685724679,0.629074373901554
stream,885,0.961791766882162,10.468815104586076,0.7318152534384704
stream,886,0.9609594536460269,10.562963368000537,0.7853699957419388
stream,887,0.9602388682592591,10.72272040019733,0.7786903649136332
stream,888,0.9595222962786228,10.795577167471274,0.7941959869438364
stream,889,0.9590554146078651,10.758687660216916,0.8109447144278001
stream,890,0.9587712551628137,10.761208694916169,0.8132441743382687
stream,891,0.958328217365987,10.246851289651216,0.7687212811494676
stream,892,0.9585681569597425,11.371233568365987,0.8385647348483218
stream,893,0.958604792551945,11.327002847243584,0.9160180635879605
stream,894,0.9590474044532087,11.240322920577547,0.9235319059568938
stream,895,0.9595930396561446,11.204984192333923,0.9149453006390286
stream,896,0.9599165067202885,9.330355122212621,0.8814523480090432
stream,897,0.960201491490035,9.404200395177407,0.797180492842812
stream,898,0.9602880255750911,8.776430728178633,0.7876383040790589
stream,899,0.9603826069935695,8.310108895617482,0.7071832680723446
stream,900,0.9619631834168715,33.238530892610875,306.21108063491397
stream,901,0.9627687640704058,13503.992404030852,327.79297950592235
stream,902,0.9630984868522788,29294.283612507366,330.8858728547381
stream,903,0.9601186511643774,33503.91833605358,464.436298494616
stream,904,0.9608822975732842,33900.242930798246,537.9263696512012
stream,905,0.9620809703579906,34133.951679160906,538.6019198140732
stream,906,0.9573351552186339,34222.07716185523,539.7540407288726
stream,907,0.9519442657228355,34224.01362305511,544.2394440840857
stream,908,0.9468233907887621,34223.89565277206,544.3381497765464
stream,909,0.943023397756122,34228.20413319776,544.5473928424142
stream,910,0.9425165299258559,34242.485900012936,544.6340713218628
stream,911,0.943729164194598,34243.83496597339,544.7905462204108
stream,912,0.9432501889954291,34249.7245616033,545.2895942012652
stream,913,0.9438458255198462,34259.71816332828,546.3625472668845
stream,914,0.9433215456063977,34259.720796413574,546.7524359036586
stream,915,0.9401661347031501,34265.32932970242,546.9561724095248
stream,916,0.9359079654259925,34265.808437247724,547.3131430220843
stream,917,0.9306714561224907,34266.78149429243,547.3095366307114
stream,918,0.9229566293015831,34267.04267399795,547.4061265894509
stream,919,0.9188433424597421,34378.752341424544,551.7881378359838
stream,920,0.9141299827062853,145252.8400809972,269.20704599718476
stream,921,0.9091308644455933,135952.59190415387,277.11844446113014
stream,922,0.9042996687489349,125706.74705811187,277.49093047960514
stream,923,0.8992868867488432,127248.46697004564,143.92102761642823
stream,924,0.8906299187566354,131216.6066999934,73.8208534283858
stream,925,0.8881856401782381,133261.21820484308,85.2941155961746
stream,926,0.8888557703580447,133980.8971692512,97.68381837302869
stream,927,0.8829997690389855,134262.9891074096,98.08117399094228
stream,928,0.8697718974226709,134342.57489736172,100.20369162859893
stream,929,0.8580636017280874,134379.93281939608,100.1875158375401
stream,930,0.8584229829570669,134384.62027656427,100.24065554043266
stream,931,0.8511271510481001,289909.4312051766,464.14821717319523
stream,932,0.8461065999067091,289903.0093605506,479.29398457516766
stream,933,0.8836252660828158,292747.29715170135,649.8172494335379
stream,934,0.8903603494972655,293022.1509622495,698.689570708309
stream,935,0.8907888043542898,293042.87863417354,703.2717183995233
stream,936,0.8889268258932769,293048.52448198333,703.140651671088
stream,937,0.8863704479512707,293049.6548803233,703.1633932980566
stream,938,0.882923201852138,293051.66232902906,703.0564460036359
stream,939,0.8776252940903113,292946.6564841846,698.7428000232629
stream,940,0.8709578739459904,182049.16248310532,675.8599887045428
stream,941,0.8639973762175222,177878.36505424534,646.4050129796783
stream,942,0.8552204634386248,172332.42065094315,642.9309930116447
stream,943,0.8453490588576608,166581.6473659194,642.8524439651652
stream,944,0.8328757188277697,162218.1554540258,639.4309803282229
stream,945,0.8191049925101043,159940.376792431,627.2908235033474
stream,946,0.8082335292583758,159132.50236484705,613.6999012168537
stream,947,0.7980991096897335,158848.32909800942,608.8234984268511
stream,948,0.786580514475118,158768.73153579963,606.5852082288405
stream,949,0.7766626902621405,158729.9066293678,606.5325427032521
stream,950,0.7685159635186801,158710.9292477671,606.3919484838973
stream,951,0.7612885500608022,3184.352071640538,242.2808748989575
stream,952,0.7574852436210322,3184.1897797951824,226.5466800341554
stream,953,0.753492125551953,329.80190383986456,54.86550423336642
stream,954,0.7526759095596132,54.94948211544276,5.598190977733213
stream,955,0.7525495860606659,28.796840528920015,0.8221241566917878
stream,956,0.752709484275085,24.500525041948872,0.6854670124077232
stream,957,0.7562064523722477,22.350256974757436,0.7441112785551753
stream,958,0.76056066734532,20.111692573941944,0.750119678509957
stream,959,0.7647399579221287,13.519347555923623,0.6969248886648495
stream,960,0.7682053461635309,11.391354895293263,0.6592216313350829
stream,961,0.7744292719252177,11.358305515236891,0.622302398493012
stream,962,0.7821021290461604,10.377707634047464,0.5983268665377218
stream,963,0.7890425275242231,9.943529496442599,0.5996503186428868
stream,964,0.7946351996054061,8.215345627766784,0.6164163019401908
stream,965,0.7974253163603513,6.912228275028845,0.5026876053484058
stream,966,0.797697360315385,6.8789586778551675,0.49276316170692946
stream,967,0.7968137387961867,7.010040946689784,0.48898431296939343
stream,968,0.7956284024190464,7.340563576575436,0.4843163222464434
stream,969,0.7950322437773898,4.851332416337006,0.32586811447490815
stream,970,0.7950801900792556,4.4534282109983145,0.31796021137629654
stream,971,0.7953318470061554,5.019001529948286,0.3284609119028442
stream,972,0.7954760532197477,4.889712702099952,0.32169193621443765
stream,973,0.795910809559365,5.31417133472641,0.3232932675026446
stream,974,0.7968015357943053,5.920530788365568,0.36641789878027475
stream,975,0.7979160011637331,5.752003563245191,0.37650188661351547
stream,976,0.799094151343938,4.226024287963449,0.29059495608334585
stream,977,0.7998913059531538,5.100207942504885,0.2998765082120277
stream,978,0.8009497196200835,6.098590821271013,0.2962213772084083
stream,979,0.801872919171985,6.666912032005085,0.38985538507250883
stream,980,0.802588951171649,7.149794032091906,0.3876362517999403
stream,981,0.8029919524415602,7.119192090013979,0.41356345531998345
stream,982,0.8029004113998418,7.455404231192998,0.42213702929338703
stream,983,0.8024207492020189,7.437002711715308,0.45149587486150394
stream,984,0.8013891540539213,9.99183165957519,0.489885600792822
stream,985,0.8001535392008898,10.186669274115149,0.6337095389151818
stream,986,0.7980707691721931,10.479317771512292,0.6123860318685528
stream,987,0.7950010126858607,10.37489269741106,0.6225234840821241
stream,988,0.7924493847341206,10.343698893266795,0.6607539898035383
stream,989,0.7896859661596741,10.002753634979266,0.6825660718215342
stream,990,0.786581371524951,10.04439775637781,0.6664751228656679
stream,991,0.7817461330788866,9.615620418955034,0.6594353101418473
stream,992,0.7773800802111711,9.713886356521565,0.7039635887945956
stream,993,0.7722421271986271,9.495430853135884,0.699545990142533
stream,994,0.7669203642060544,9.527353454948507,0.7033506216037183
stream,995,0.7649536641950875,9.513612237077465,0.7059026717891255
stream,996,0.7655830611891967,9.590552011243926,0.7213586070068582
stream,997,0.7659328806781464,9.548944493589877,0.7294521281332071
stream,998,0.7673703030720129,8.483078357202878,0.7365798470750503
stream,999,0.7677660683046903,8.09759056007472,0.6336429967957506
stream,1000,0.7681582500974934,8.583160016971132,0.7077338780484498
stream,1001,0.7677914743768897,8.71929282496155,0.7641604848356349
stream,1002,0.7677454454600349,8.398714724692038,0.7550608260179965
stream,1003,0.7679421146774845,8.276838626519636,0.724189093967483
stream,1004,0.7690606794328546,6.017898548233596,0.6735304003743026
stream,1005,0.7688378380044165,6.122092571253247,0.5806521974726688
stream,1006,0.7691434038217727,5.847153610961953,0.616698831851282
stream,1007,0.7688845891357468,5.977313172088769,0.6226663817270922
stream,1008,0.7691382691355922,5.807558245272259,0.6075608710245088
stream,1009,0.7702057769708455,5.780744701879865,0.5963409549413452
stream,1010,0.77090291288439,5.8072484768350865,0.5922914783550753
stream,1011,0.7722863363818331,6.445988296646025,0.6280430359286556
stream,1012,0.7664283744978984,7075.19224649411,3.236960967069878
stream,1013,0.7613416305336836,7075.915275287179,5.786552811352918
stream,1014,0.7521645343499028,7105.018919039492,7.144908360447297
stream,1015,0.747604515295095,7168.615662521304,13.758982120437333
stream,1016,0.7455827803967067,7184.442876994927,14.273883641403096
stream,1017,0.7452671663808669,7187.996919775414,14.273883579308572
stream,1018,0.7425302755691368,7201.616047324413,15.387825565978657
stream,1019,0.7402395224613383,7208.176447457048,16.803322410898158
stream,1020,0.7380409955316916,7208.200595522675,17.168500615590517
stream,1021,0.7343903632529238,7209.366687219705,17.079300854909246
stream,1022,0.7307604980997919,7209.351076512675,17.095689548572434
stream,1023,0.7279428353985725,7209.3453396943505,17.11733930341352
stream,1024,0.7260951470706158,7211.241650248288,17.22536153080512
stream,1025,0.7259132515264188,7210.812573009641,17.24169849681697
stream,1026,0.7264056451049019,7211.002787857204,17.233890993351263
stream,1027,0.7263944038569624,7210.872136894877,17.217764601593906
stream,1028,0.7262488230595031,7210.6942132137065,17.19927193164707
stream,1029,0.7266160647818495,7210.848800276438,17.189977487885976
stream,1030,0.7262878436867434,7210.762711013543,17.19295507228606
stream,1031,0.7255772396282383,7210.443073773551,17.159699200801548
stream,1032,0.7238955460392665,141.31088811214755,14.53629520038667
stream,1033,0.7228405528296622,140.42943817569778,11.987611968139827
stream,1034,0.7204886546271531,110.81982513231534,10.598061926108686
stream,1035,0.7177553834099433,47.25779961300706,3.9826930955825253
stream,1036,0.7157773713626162,31.286361693689752,3.4540752366768506
stream,1037,0.7133482350109208,26.863064916565,3.360104117190623
stream,1038,0.7106911085230326,14.762398068855463,2.2830959148041545
stream,1039,0.7080723683954148,8.190345439391821,0.9795817595763795
stream,1040,0.7064260133257695,7.159834865602267,0.5559845464598292
stream,1041,0.7052977710314697,6.286373825544201,0.5911712784518739
stream,1042,0.7035229780741586,6.530486012421251,0.609539262350875
stream,1043,0.7018196918522983,7.724717461492992,0.7078650958288999
stream,1044,0.6994664702733673,5.490045118187913,0.6231320871307333
stream,1045,0.6965274317418386,6.471860006589036,0.5820281057190363
stream,1046,0.6935010810100156,6.090683857716109,0.5958670609415637
stream,1047,0.6904513021725347,7.343874727654294,0.6675362272564993
stream,1048,0.685577655656233,12.774538414744974,1.08517552689688
stream,1049,0.6800418925932366,14.854609530502167,1.6013578130307091
stream,1050,0.6740281045858827,14.880904102257455,1.6446318757557794
stream,1051,0.6693403344548147,15.534428465851096,1.6777986676118568
stream,1052,0.6643676684222777,16.221763268358995,1.8130103074794817
stream,1053,0.6581694669782454,16.228797828595226,1.8495813183809577
stream,1054,0.6514478829705351,16.092393376936844,1.8375017060985392
stream,1055,0.645603175792287,16.138668782290466,1.8222957006391467
stream,1056,0.6385059104102688,18.668310387863773,1.921252184707646
stream,1057,0.6317819632555004,20.28368791111716,2.269805385184984
stream,1058,0.6241865361892553,18.744571131299814,2.2608648887560285
stream,1059,0.6174468462677418,19.621725951191646,2.2002417098223046
stream,1060,0.6124069561430536,24.513944312172836,2.551852902021903
stream,1061,0.6099266490267545,33.804593439493644,3.581331549553134
stream,1062,0.6068833357579587,34.89249088610042,3.6585526422206893
stream,1063,0.6068560586946837,33.71485087115563,3.5946765824347913
stream,1064,0.6083666876903466,34.256121218261455,3.5940168513269453
stream,1065,0.6093286064308705,33.96766411908918,3.6239915720721965
stream,1066,0.6088387903442287,43.79131673510682,3.7258831068681277
stream,1067,0.6107205943864497,47.583884029274536,4.798759251491518
stream,1068,0.6139725517665199,42.07342745840422,4.5892946159968115
stream,1069,0.6159414093815058,40.193228629571905,4.078224194529181
stream,1070,0.6170906738869314,40.37216415588866,4.077348775981351
stream,1071,0.616753861288843,39.23984248455676,4.03859196549678
stream,1072,0.615906063773302,40.632380768758026,3.932831366317558
stream,1073,0.6143999506547414,40.78987384712021,3.9295973221948746
stream,1074,0.6129536224225531,41.555237175316876,4.01018909546737
stream,1075,0.6113671916639728,42.443616983544416,4.00591884238589
stream,1076,0.6097872521793936,39.69226013716928,3.9270889432728717
stream,1077,0.6082441340116719,38.26382540938035,3.570437218907759
stream,1078,0.6069449747169254,38.28758388700598,3.538304345772353
stream,1079,0.6061466365176044,37.092156755232864,3.4797956555404657
stream,1080,0.6060567619936488,33.682094432110325,3.162635990004921
stream,1081,0.6066164281241673,24.20623600254191,2.2093766829548596
stream,1082,0.6072546601657429,23.274018970137277,2.0938301539204724
stream,1083,0.6087498941750968,23.259468546684868,2.049221871650503
stream,1084,0.6114873906714802,25.06328033036545,2.0867857127939833
stream,1085,0.6134502298408956,25.78313072414551,2.2877832911992484
stream,1086,0.6156735024325701,16.00162862098166,2.159788413661365
stream,1087,0.6178151901163015,10.952860302195148,1.012743224917418
stream,1088,0.6201031980347875,12.312217758880733,0.8484822291740893
stream,1089,0.6216843143396176,12.265332260547583,0.9440122601820303
stream,1090,0.6225172228561592,13.758885842407505,0.9119674565687347
stream,1091,0.6226711061192545,13.772413638020979,0.9706197860191396
stream,1092,0.6228223768568272,11.797529383370769,0.9168030639491628
stream,1093,0.6226863772998906,11.920340652196147,0.9143449147270452
stream,1094,0.6225334126034163,11.532857644939,0.8873046309165271
stream,1095,0.6222108184688006,10.69651704497799,0.9107152093428146
stream,1096,0.6221428441996132,10.81453961201217,0.9031240567872668
stream,1097,0.6222400454471662,10.692238624455134,0.9092978111445793
stream,1098,0.6223858890794137,10.698114082334238,0.9125990744573508
stream,1099,0.62319195119154,11.754111128137275,0.9678547644685079
stream,1100,0.6243869120568663,10.986808932067406,1.0632141020420105
stream,1101,0.6252759955393699,11.39811792938584,1.0346106009299132
stream,1102,0.6257280199916949,11.011977162312368,1.0830177017374318
stream,1103,0.6261970790773735,11.008557677871517,1.0713750900228884
stream,1104,0.6266683250343139,9.280283756627517,1.0423471354326783
stream,1105,0.6267033735230385,7.8565433382158485,0.7960838512775574
stream,1106,0.6273232853466685,7.797635232831467,0.7818300004730071
stream,1107,0.6274310374276246,8.22944259419445,0.7975799488843947
stream,1108,0.6272300142386124,7.3400462075319535,0.8290330097163341
stream,1109,0.6272187079637097,7.7106065798954555,0.8142262604340363
stream,1110,0.6269765715215174,6.04852824457341,0.8197211568312549
stream,1111,0.6264510294853317,6.224298850966329,0.7615215622462521
stream,1112,0.6260264169656646,6.146145963374653,0.7580906566151677
stream,1113,0.6257134840679732,6.178965678251629,0.729119483395648
stream,1114,0.6252495794953136,5.868090376165945,0.6940188659091472
stream,1115,0.6247189730515048,6.098577552746659,0.693393597322196
stream,1116,0.6242622104777947,6.054342169316841,0.7241531293369485
stream,1117,0.623421329622473,6.842201225290764,0.7649238721331189
stream,1118,0.6223819335385836,7.147864272100734,0.8466565655930994
stream,1119,0.6214054099006316,6.132770371434787,0.7978062798416932
stream,1120,0.6203045610787492,5.57394407193996,0.653724632240569
stream,1121,0.6185932968322425,5.039371593312153,0.571188649653833
stream,1122,0.6170167971560919,5.191194551719617,0.522607589886022
stream,1123,0.6150746513750939,5.205997573787702,0.5244851814833111
stream,1124,0.612664681380067,4.675409347270745,0.49532081834517844
stream,1125,0.6092948206764457,4.697467030522683,0.4816429767410678
stream,1126,0.6054962881894572,4.697963213526656,0.4803882227184142
stream,1127,0.6013949626393251,4.5022505453412975,0.4723881356196736
stream,1128,0.5957622224448228,4.591503094662118,0.3907939780837875
stream,1129,0.5906516390197599,4.588199436174371,0.4043372556610787
stream,1130,0.5849149231050564,4.552351873822792,0.4055890347994409
stream,1131,0.5801366437228045,4.404443819772459,0.4025403526060461
stream,1132,0.5777259183517176,4.4267119412905505,0.4045688820935935
stream,1133,0.5780675712690309,4.844193840413821,0.4634693456279148
stream,1134,0.5768013751482429,4.783417427001204,0.47564256939182054
stream,1135,0.5747646442274067,4.676247953822663,0.4541499678351657
stream,1136,0.5734689711831378,5.27644241066237,0.49115273458255637
stream,1137,0.5714636180758744,4.9390778856774356,0.5327698068572124
stream,1138,0.5705792053490895,4.62239256040827,0.46556576472075095
stream,1139,0.5694882685153293,4.980604898445251,0.4839568525016733
stream,1140,0.5689086812382879,5.3859457926672,0.5496782859621713
stream,1141,0.5690964742235538,5.361575470641434,0.5887304017328534
stream,1142,0.5692181481323045,5.5617506428505985,0.6264579547574859
stream,1143,0.5693976799674456,5.554285231355385,0.649673058691929
stream,1144,0.5691894125718482,5.484069141193813,0.6435839257424967
stream,1145,0.5690148767424774,5.498370880111091,0.6428934268139824
stream,1146,0.568269212467474,5.502960517285961,0.6430027080327682
stream,1147,0.5683926355841874,6.051505136537261,0.6610445224414921
stream,1148,0.5676748564614454,5.847699754696197,0.7328908035021404
stream,1149,0.5673272921885181,5.396188165419083,0.6878855845326636
stream,1150,0.5666281736992409,5.52203193014681,0.6811914381644647
stream,1151,0.5663214869697546,5.493532905546449,0.6804941081124888
stream,1152,0.5652381838050536,5.5921543063708805,0.6793045746575044
stream,1153,0.5649123887462391,5.561932949349811,0.6847437891468839
stream,1154,0.563598584560162,6.263799800449247,0.7508177726113766
stream,1155,0.5618776255386563,6.018925052815667,0.7811477724355673
stream,1156,0.5597381548368311,5.514140910614982,0.6975660093656952
stream,1157,0.5570107854202855,5.000695800595135,0.6141375421734948
stream,1158,0.554670694675105,5.0658803035671465,0.5945100548034079
stream,1159,0.5518315387808813,4.669473368093125,0.5740037641733903
stream,1160,0.5490740667559678,4.131865686107554,0.5068741152519578
stream,1161,0.5456047396879415,4.1163176650435425,0.4679033313874168
stream,1162,0.5428709736131788,4.547143846158656,0.498637044671631
stream,1163,0.5396352633410946,5.087034365511578,0.5418825398089194
stream,1164,0.5370826434036454,5.110678013379563,0.5762358844036806
stream,1165,0.5338214283711168,5.192642437837235,0.5838664806279693
stream,1166,0.5315879527136462,5.839297599178695,0.6494832986363709
stream,1167,0.5292471304617182,5.024546583258495,0.6368503572378776
stream,1168,0.5265463302529737,4.634280809313084,0.5636365914779852
stream,1169,0.5243631990384905,4.5115293710736015,0.5140093286530061
stream,1170,0.521155655335063,4.611013274819795,0.514009329612621
stream,1171,0.5171138052043264,4.670270996389045,0.509450603873495
stream,1172,0.5118762769692782,4.608614828887039,0.5051593898340538
stream,1173,0.5069435191005112,4.0313386765758485,0.43852534275144134
stream,1174,0.5024932128305146,3.729311802244546,0.3974287209737113
stream,1175,0.49728754694068245,4.4186869346828805,0.44436151335309726
stream,1176,0.4920757816519865,4.857829867545743,0.5424211305170152
stream,1177,0.48641388086094844,4.90720478052437,0.5446246526744809
stream,1178,0.4812215685659024,5.484405641387244,0.558008811580579
stream,1179,0.4753036271762345,6.194306408095415,0.6471494195325325
stream,1180,0.4695264217526257,6.175834245217703,0.6681771526312426
stream,1181,0.4635880515492521,6.085823806372988,0.6693213084782275
stream,1182,0.4580544367623588,5.399486332560731,0.6051288447785508
stream,1183,0.453617237412016,6.536379773729909,0.6285513573590347
stream,1184,0.4498016920311426,6.960718457232584,0.726020402839733
stream,1185,0.44683358487245683,6.909783902270515,0.7451868135319502
stream,1186,0.4437290954587581,6.704779369557957,0.7079020985092399
stream,1187,0.4410648795670625,6.891518809264799,0.6955905644302208
stream,1188,0.4385141988387517,6.964671313730167,0.7238349015393117
stream,1189,0.436413422815958,6.950795417589741,0.7176718361257867
stream,1190,0.4345290538010189,6.747366543645491,0.7086780038595518
stream,1191,0.4324363892062477,7.234494927660259,0.7210932079431587
stream,1192,0.43012162369543316,7.135684880062066,0.7412202783890744
stream,1193,0.428437953588755,6.915080057615013,0.7407660380892284
stream,1194,0.4270991906083638,6.709498751523617,0.6894716126990708
stream,1195,0.42607880249224644,6.008151200966591,0.6155341464942583
stream,1196,0.4256988672514846,5.428335444621401,0.5231573629181948
stream,1197,0.4263842335372476,6.567567789705447,0.5581239381907441
stream,1198,0.4269410174062411,6.8666165189271435,0.6916941677280102
stream,1199,0.42788514366365493,6.652999897471394,0.6799998841503676
stream,1200,0.42876166832054824,7.701351842003148,0.7656587072986314
stream,1201,0.4297639045174114,8.46986042198768,0.8921685483242493
stream,1202,0.43057060218923016,8.372504973985977,0.9105216868575984
stream,1203,0.43060024319885515,7.182338877102483,0.8277620010521192
stream,1204,0.4294790873671245,6.720872287801177,0.713403319805303
stream,1205,0.42718804135074984,6.65194050331357,0.6866262354848185
stream,1206,0.42438185102309883,6.303421270845545,0.6635264260079776
stream,1207,0.4203940570221691,6.249616102269277,0.6647422473190462
stream,1208,0.4160367050125835,6.233412588005077,0.6386055218050778
stream,1209,0.41140864654842096,6.155024617700501,0.6392976611525011
stream,1210,0.4048625474744394,6.133366651859795,0.6317469062915884
stream,1211,0.3947919478679835,7.313443181521745,0.6869736467661163
stream,1212,0.39004493725358824,9.049848482276856,0.9272653432818652
stream,1213,0.3797504144119627,10.435167781511296,1.1574127979554452
stream,1214,0.3732638462989448,11.023694996461263,1.299293815934161
stream,1215,0.3681341332309939,11.0508584218448,1.3330761709777423
stream,1216,0.3613615523105887,11.479905121976838,1.3342978861119772
stream,1217,0.3607777797522713,11.61242562547269,1.4271320101509715
stream,1218,0.36138355670521166,10.658583920109763,1.3054420758386025
stream,1219,0.36060946099632163,11.193276440651438,1.2636735086284394
stream,1220,0.3598997306880608,10.156584923653297,1.2111123450576722
stream,1221,0.36058262850409156,9.957981583549483,1.1077663578623058
stream,1222,0.36517786230815785,10.109199702719055,1.127143973159019
stream,1223,0.37215694654589054,9.643086132343873,1.1267295793351249
stream,1224,0.3811807472604253,10.37769208663135,1.1267848369411135
stream,1225,0.3912086005721329,10.551640804164569,1.1339844070659226
stream,1226,0.39894198693130384,13.58021688999185,1.3299890049199514
stream,1227,0.4047199009967751,13.440630676082511,1.4541831868060728
stream,1228,0.4092236859997112,13.582358637980066,1.4578885069660954
stream,1229,0.41535525652865,14.968592064974624,1.5498244739905966
stream,1230,0.4204980798146313,15.006880120482846,1.5874285128155785
stream,1231,0.4214825310763039,13.743550137880463,1.545590445404011
stream,1232,0.424455788898348,12.976675056920076,1.3668772575714525
stream,1233,0.4249989441583514,11.686840601914104,1.1879093932414446
stream,1234,0.4224450135663456,11.072680643744098,1.0360103103229426
stream,1235,0.4220202471518918,11.50548840016005,1.0631284653261677
stream,1236,0.41470626668655564,12.562057613033,1.1760445218477449
stream,1237,0.4134748804275642,13.38673277673712,1.2769357560573988
stream,1238,0.4073398221030126,14.115573861943696,1.4596889996520037
stream,1239,0.40011401602304014,13.09111248492345,1.4431932172171564
stream,1240,0.39242950288320877,13.070936282714708,1.388811035806479
stream,1241,0.3843352917236958,12.497956673906128,1.3641335432321207
stream,1242,0.37622182125590453,12.339013209787044,1.3222118965340592
stream,1243,0.36362108185841496,12.662586888782222,1.3282913131261667
stream,1244,0.35238552202468865,11.952330401744602,1.3420031653999698
stream,1245,0.3477592912609402,12.370407060983652,1.344872044762381
stream,1246,0.34306268805166823,9.307613277838614,1.1782061769073873
stream,1247,0.3355405303623551,9.565617727329238,1.053086427840199
stream,1248,0.330006554494716,9.374684242062832,1.0556852818592926
stream,1249,0.3292605352647161,8.131387540386301,0.9642787749554477
stream,1250,0.32637193124328506,8.85244596017984,0.9751215836526104
stream,1251,0.3290505134023475,8.583154235241489,1.007063767192693
stream,1252,0.3331517702021002,7.636002335223796,0.9322074460070408
stream,1253,0.3367166732606442,7.603519710771352,0.8839963981772595
stream,1254,0.34028985591898253,7.552266635595501,0.8843233653898989
stream,1255,0.3447742744035758,7.107175653312971,0.8257093784769219
stream,1256,0.3502333751391659,5.587903134850053,0.7069392758164685
stream,1257,0.35723281655995276,3.441494861977368,0.4705389928770134
stream,1258,0.36447805124031246,2.7099078706032103,0.2603531186078845
stream,1259,0.37148649379252263,3.411064565039692,0.26097851561717766
stream,1260,0.37943518607873117,3.6873185684690952,0.3365280789029949
stream,1261,0.38708064251180296,3.787125884418259,0.33707897057368763
stream,1262,0.39330799752578105,3.7951782714904256,0.33701920100574084
stream,1263,0.399009362956237,3.860485748974103,0.34540603147133364
stream,1264,0.4038592699756801,4.160951569915442,0.3591161371785554
stream,1265,0.40571343124852094,3.6026350830227183,0.3590751209168767
stream,1266,0.4067208437947304,3.582887791252071,0.3262165382716433
stream,1267,0.40711506800414493,3.447584193384154,0.3420044814577334
stream,1268,0.40775386143673203,3.55663127096564,0.33440259125387906
stream,1269,0.4082744145079907,3.760515888713264,0.36682901343145236
stream,1270,0.40762359795394354,3.014747617158707,0.3307362280071669
stream,1271,0.4055146828965099,2.8081288231519332,0.27395812079128323
stream,1272,0.40324766116957944,2.9164874775806515,0.2723006785705661
stream,1273,0.40126751061035437,2.84495661619576,0.2759494645054537
stream,1274,0.4003660432045481,3.005371714566632,0.2803178730252419
stream,1275,0.40177388993485497,3.6176178322239547,0.27303477278994137
stream,1276,0.40003568784397253,4.797611366643263,0.3757702004652649
stream,1277,0.3979124512626967,4.796606309960855,0.42018660745959935
stream,1278,0.39475116669909427,4.801815689563652,0.4194468849540001
stream,1279,0.392978308716368,4.217260154533108,0.4024984912786363
stream,1280,0.390237900972345,3.9513070754068167,0.3349211916052307
stream,1281,0.38480464972257816,4.654738027496598,0.35638151890909237
stream,1282,0.3811216331480814,4.836234125464837,0.41923630367792897
stream,1283,0.37735595976348524,4.424236838320665,0.40477005801940397
stream,1284,0.37563573160108477,4.266365532674054,0.3651811053046948
stream,1285,0.3729727609090147,4.2891239453356365,0.3690320377352913
stream,1286,0.3702128723528008,4.249917124180289,0.3690320281022698
stream,1287,0.3703492106365724,4.570117349038876,0.36955385616325376
stream,1288,0.37265740607727876,5.09029839592731,0.3694237545660825
stream,1289,0.3712291111345973,6.120823644410139,0.45696054373918144
stream,1290,0.3703720792438002,6.110353129549036,0.5249141276326011
stream,1291,0.3692386328769672,6.112366708904522,0.524230763497352
stream,1292,0.36751983579857156,6.098376496845243,0.5217859149874711
stream,1293,0.3655342460801379,6.095667614700957,0.5217858983336876
stream,1294,0.3631029837176131,5.89909386144366,0.5167403579791134
stream,1295,0.36421536216718725,7.531589330228915,0.6558900354377112
stream,1296,0.3643846671782365,6.543994722773393,0.6813766704010676
stream,1297,0.3644051462411946,6.890737596804072,0.6374620786525157
stream,1298,0.36482587720136045,6.9552363196074625,0.6655649496874513
stream,1299,0.36451830429675547,7.418746775589085,0.6916048208046353
stream,1300,0.3648173251522286,7.441088939123581,0.6932032394934331
stream,1301,0.36622820544202156,6.671845700317258,0.6763388149820427
stream,1302,0.36785807217879,6.477642561728633,0.6140465037819244
stream,1303,0.3686788992774395,6.754087677694771,0.6253612416908101
stream,1304,0.37156823771261116,7.467464785763579,0.70205502330804
stream,1305,0.37473578944898145,7.423078224559872,0.7156726137720464
stream,1306,0.37689224674081107,7.515547685316436,0.7134962783462065
stream,1307,0.3788573045785002,7.853748222096636,0.7643872382792763
stream,1308,0.38058229217569106,7.247272510356107,0.7765498209289706
stream,1309,0.3818981971455938,6.312135372205575,0.6914810712720583
stream,1310,0.38251250075690074,6.325324074001909,0.634474543193478
stream,1311,0.3816116304206965,6.56699762242726,0.6481596698215053
stream,1312,0.38032993399774717,6.499840334007523,0.6649255162146348
stream,1313,0.38209441146465173,7.325216297400765,0.687054220314617
stream,1314,0.38412398850071033,7.228707171696682,0.7165923335713151
stream,1315,0.3839762043082231,5.313154405870154,0.5824062743458854
stream,1316,0.3841044450263047,5.113996779380453,0.46781040991527295
stream,1317,0.3846069101973963,4.807873210646231,0.47048110182244435
stream,1318,0.38541653614928395,4.9047417700950735,0.44809849738525204
stream,1319,0.3848872113539719,5.195970148675572,0.46510016867825305
stream,1320,0.3854894917666937,5.1720065147458705,0.4859719932766635
stream,1321,0.3868746409904825,5.181275813478796,0.48664938494018856
stream,1322,0.388341904135505,5.658031100987708,0.508039310778565
stream,1323,0.3903342501140087,6.379699681631893,0.6113109281413295
stream,1324,0.39253641989525156,7.653288799678926,0.7402023574443289
stream,1325,0.395383323843413,8.339166329174555,0.9347705164454918
stream,1326,0.3966000153874222,10.064211909472267,1.087024143817098
stream,1327,0.39815159338512046,10.804816767635062,1.2858119792833325
stream,1328,0.4003624436226167,10.834715163192376,1.304925679828272
stream,1329,0.40063964986811174,10.844879907340149,1.2786085375081084
stream,1330,0.40323247260318135,11.785960047104048,1.3833067367360643
stream,1331,0.4051143707953048,11.569452026551415,1.4077709321866592
stream,1332,0.4067986707212956,11.523115134947393,1.3955080550946248
stream,1333,0.407218444533601,11.33415024858541,1.3878544608425474
stream,1334,0.4091270690987999,12.815477966174615,1.5107251204718968
stream,1335,0.41039799104505975,12.569942672886384,1.583347860761698
stream,1336,0.41137133239797063,12.874055461186911,1.5942749423915337
stream,1337,0.41038964546395723,15.464952590625932,1.7679379926723946
stream,1338,0.4102005028292526,16.84572274955732,2.103263726300373
stream,1339,0.40925373867166787,15.97548750867204,2.089496064575996
stream,1340,0.406256852274335,16.311817869841125,2.079082852897844
stream,1341,0.4030267930173742,16.274481223796425,2.0861274632547113
stream,1342,0.39998864136671736,15.856925319550767,2.0693530658007213
stream,1343,0.39813879416981307,14.875914811116557,1.9496678541944765
stream,1344,0.3944400483846647,12.735192137486312,1.738053547554881
stream,1345,0.3897609155222165,12.10463456816492,1.516895840641083
stream,1346,0.3850687934862149,10.27977180700144,1.3660751061277514
stream,1347,0.3728572670267903,9.61624783654865,1.1247407608288837
stream,1348,0.36927950577472723,11.543975250825904,1.3027047353319474
stream,1349,0.370988872996362,11.50818097052797,1.311071648482578
stream,1350,0.3723990972481598,10.694303933938755,1.2223883634910815
stream,1351,0.3719012957832166,10.857525530199776,1.1842390416717266
stream,1352,0.37309917905387957,10.872209646719712,1.1807275109387456
stream,1353,0.37742600375283336,10.37444595245376,1.1628794240759548
stream,1354,0.3838544562688096,9.022646478482793,1.0103676146562366
stream,1355,0.38718987163339164,8.990079448667993,0.9421886662940284
stream,1356,0.3894322265494529,8.686769968904748,0.915253401360138
stream,1357,0.3895586968944189,6.387520689240262,0.7504625168748628
stream,1358,0.3885784071934213,4.837781974895765,0.4134930527514041
stream,1359,0.3872339066309497,6.761253940438668,0.42636799714358975
stream,1360,0.38422554641406703,6.468028457807185,0.5035265916839273
stream,1361,0.37990632851561107,6.4671598951266915,0.4908064832870162
stream,1362,0.37259785133580636,6.636481707640984,0.497527533763224
stream,1363,0.3640203712033739,6.620718249408423,0.5042991515155577
stream,1364,0.36350121416134096,8.462429706633433,0.5565878502157648
stream,1365,0.36003210645038675,8.783552838688326,0.7221263649349888
stream,1366,0.35984115772717196,8.920272850650722,0.7445300500109469
stream,1367,0.360025149696226,8.060892573130312,0.7246907262896644
stream,1368,0.3675947579216041,6.647803034247847,0.5286208607408925
stream,1369,0.3729903542889977,6.52816322566365,0.6017552026261612
stream,1370,0.38054378976982745,6.82759930487895,0.6252679335830754
stream,1371,0.38390754982087616,7.866418835999562,0.7584208610755474
stream,1372,0.3845036410785894,8.159481095398105,0.7642929861032121
stream,1373,0.38591885494863803,8.573944923539301,0.8112437760926254
stream,1374,0.3873030262068926,8.45245612711463,0.846453851327938
stream,1375,0.39134190375603545,8.455697680063471,0.8360934975252443
stream,1376,0.3958826075628957,8.661804263484807,0.8478656302510627
stream,1377,0.39625842974758974,8.4220711096127,0.8382641629986577
stream,1378,0.395442601128006,8.47591144157764,0.8522901757409107
stream,1379,0.39739231781939366,6.628535636859945,0.8038746272047573
stream,1380,0.39380658668905344,6.678723957119623,0.7273388895044735
stream,1381,0.3965653045290572,7.331061946657618,0.7946008789421427
stream,1382,0.38966684537157487,7.904515737958896,0.8557869429339465
stream,1383,0.3799945970581575,7.975617096307886,0.8618863076757631
stream,1384,0.37301945616495,6.155903250024719,0.8171070078588113
stream,1385,0.36334865224678575,5.850722082412604,0.65983400613736
stream,1386,0.3558436392081257,5.756027993771186,0.647326455543827
stream,1387,0.3545683139504942,5.986274073578306,0.644624661922451
stream,1388,0.3509081230521693,5.532250216322814,0.6589501539963075
stream,1389,0.3532754388909614,5.432095605765025,0.591656875079345
stream,1390,0.3587834822695827,4.9926575267179105,0.5325017302500672
stream,1391,0.3635830813326454,4.2077546335209135,0.418211349125638
stream,1392,0.36468979990967715,3.9781906360265458,0.4131827297263109
stream,1393,0.37531521626176934,3.858016023263656,0.40133103037946993
stream,1394,0.38045251094476085,4.485459742957842,0.4403904809050539
stream,1395,0.3944859460348938,5.604736975893095,0.5632130038983147
stream,1396,0.4106626933232053,5.40070451785107,0.5768819238229475
stream,1397,0.43067049668227086,5.3222862029433085,0.5741358469717279
stream,1398,0.4434522929541369,5.855951793821449,0.5819535398649002
stream,1399,0.45718206621100904,6.426228822441861,0.681331814477702
stream,1400,0.46501781515090906,6.5653010347739915,0.7213396592421429
stream,1401,0.4660288162195076,6.103495040592526,0.6942214733229669
stream,1402,0.461307899914904,5.30095910969352,0.6283377094091237
stream,1403,0.4551129707200434,5.3687431089069895,0.6140419829492308
stream,1404,0.44860492087345744,5.337596540030982,0.6125937636421159
stream,1405,0.44522055751014494,5.409726292635013,0.6056949745473936
stream,1406,0.4330577221573503,6.428220002371566,0.6772108680150873
stream,1407,0.42163759167216286,6.2828032644952865,0.7139607079960212
stream,1408,0.4215388721392678,7.8070209643922475,0.7268952824039441
stream,1409,0.41339545085833446,8.395827782831988,0.9121178620034648
stream,1410,0.3994335604660718,8.674782976911962,0.9123885986874531
stream,1411,0.3902490845167044,8.717332094951406,0.9437310841407679
stream,1412,0.37254754363458137,10.319125818330424,1.0816233520804188
stream,1413,0.3611565637605477,10.204668108960805,1.1486090336974275
stream,1414,0.35309307440385224,10.194069408935151,1.0747107729646797
stream,1415,0.34437792108944293,9.254793070259787,1.0121124972814397
stream,1416,0.3390449310904923,9.653964882264464,1.022897341773131
stream,1417,0.34242075920495246,10.38687393888932,1.0236904425380617
stream,1418,0.3445338508014983,10.40728002068596,1.1234474688750313
stream,1419,0.3522300567160781,9.818564354653999,1.0439321321884658
stream,1420,0.3519623273271226,9.811892904751977,1.01074388915737
stream,1421,0.35594808753226953,9.673018740150498,0.9809209018257213
stream,1422,0.3460749231199738,10.295279104214186,1.0148945450961016
stream,1423,0.3400290524676589,10.192738409961565,1.0372347486861073
stream,1424,0.3297209814551717,10.251496795183026,1.0407073367705977
stream,1425,0.3166633722485307,10.214913434006462,1.0424286650105832
stream,1426,0.3094829735083911,9.291624054105048,0.9728085701652709
stream,1427,0.3036593487888803,9.212486582204813,0.9394655847618207
stream,1428,0.3030992380071507,8.140807031089293,0.9055748077861667
stream,1429,0.303249419362828,7.350094910002013,0.7350960976155483
stream,1430,0.30170353134488676,7.095806230818954,0.7356938089088152
stream,1431,0.2956902986732315,6.768239681867691,0.6885734206195334
stream,1432,0.2918727723911575,5.089211750902701,0.5495514711044669
stream,1433,0.28267193613175723,5.0696574475619745,0.45543183053598085
stream,1434,0.2752732533024938,4.4426664381463326,0.4678848010283915
stream,1435,0.2698216979309846,4.329418388039948,0.4116385316869864
stream,1436,0.2643426780210385,4.042383568698376,0.3981772660787761
stream,1437,0.26072346661941115,3.6956006499832603,0.42340066096454254
stream,1438,0.25973429945519094,3.612430988602077,0.2969187069653703
stream,1439,0.26065975991564105,3.5433101706723487,0.289365520351023
stream,1440,0.259099983655812,3.5486577635720735,0.2702613736705936
stream,1441,0.2598440707703674,3.600441549389677,0.2894312354792615
stream,1442,0.2607312293119722,2.9782039564049985,0.24841205848867637
stream,1443,0.2722919928331305,5.357278691660133,0.3078832424638248
stream,1444,0.2751641358967016,6.557273664636702,0.5328188893704958
stream,1445,0.27315038598723734,7.031998213062657,0.532009296178197
stream,1446,0.27155072282909887,6.898154630254841,0.5468434628972765
stream,1447,0.26961532918700326,6.8942229518085965,0.5420636472675728
stream,1448,0.2629786026824041,6.923401262035911,0.5477329144883506
stream,1449,0.25934778425448607,7.070752352430329,0.5485221654562394
stream,1450,0.2599013182782843,7.691614277980825,0.5476537174789844
stream,1451,0.25335628967202584,9.11877226629144,0.7375924851907648
stream,1452,0.24987483008936484,9.425296722222704,0.8498564942747178
stream,1453,0.2453316369438384,9.289302572997059,0.8787232620956077
stream,1454,0.2412053644246344,9.29028765749944,0.872378065376849
stream,1455,0.2395015659651225,9.319858536971067,0.8684992681911177
stream,1456,0.23416252978896301,9.871916732824166,0.9038264059560129
stream,1457,0.23246593909980948,9.999207741998333,0.9497332332198545
stream,1458,0.23094054699516525,9.47556111453502,0.9692452107634091
stream,1459,0.22907985261410124,9.594436511910505,0.9600239567095173
stream,1460,0.22847249429130734,9.4857686780844,0.9516563482581334
stream,1461,0.22974494496191086,10.637110032260722,1.0178735182451555
stream,1462,0.2313688141810263,11.399982431769718,1.182389212200345
stream,1463,0.23298499173863685,9.006326488034265,1.1411831564045247
stream,1464,0.2346228366207883,7.742748695994694,0.9076697923214628
stream,1465,0.2372806994207322,7.1859017851019695,0.9074498709616763
stream,1466,0.23949624543901846,7.4182545595224,0.8861277294223376
stream,1467,0.2408324570803037,7.667360128436756,0.8840382500045743
stream,1468,0.24212861941987954,7.16980405951765,0.8825952322553048
stream,1469,0.24318143190016997,7.036762596861155,0.8469233392250951
stream,1470,0.24470950647506104,6.44573933697006,0.8497027270980904
stream,1471,0.24722734747732658,4.9165924724277055,0.6586963807338383
stream,1472,0.24967194676181387,4.74791744142215,0.5440530590995973
stream,1473,0.25153534076664225,4.770132340159161,0.528373812147008
stream,1474,0.2532076842206802,4.828778516561566,0.5295071933222
stream,1475,0.25318805775464304,4.916889910475257,0.530052568562556
stream,1476,0.25325746599262317,4.380399344244118,0.5065317961470908
stream,1477,0.2527976900167713,4.357454323750645,0.44182277918036095
stream,1478,0.2518184254455067,4.460109452491423,0.4268918218173212
stream,1479,0.24944858451007507,5.600903650301744,0.49373378426046155
stream,1480,0.24576553692807604,5.469959329469195,0.5393414733990558
stream,1481,0.24261968871728393,4.220585916983033,0.4434693258798017
stream,1482,0.23846547047844055,3.4768761508339208,0.28200763433081744
stream,1483,0.23435485457749056,3.4699213590676776,0.23910925786597953
stream,1484,0.2312665795348384,3.6114031857967843,0.2472238521279142
stream,1485,0.22896119798158232,3.613301727805647,0.2602706214959211
stream,1486,0.22661235707268537,3.4868334048353806,0.2677853683847403
stream,1487,0.2256733815302804,3.2377278528669384,0.26949330749864653
stream,1488,0.2261440108540311,3.469860082755851,0.27696004854163114
stream,1489,0.2290933684601105,3.559080289867556,0.27536402578701663
stream,1490,0.229321879038869,6.355302792028087,0.41785046290690425
stream,1491,0.23396019119529932,7.6701695138470205,0.6980017946028825
stream,1492,0.23550614205099543,9.367320189765023,0.9355607647871158
stream,1493,0.23765476439414357,9.21328554439095,0.9654492184789479
stream,1494,0.24046125889601558,9.196294552843097,0.9579353789342816
stream,1495,0.24465436324071183,10.483126817637002,0.9856924103113933
stream,1496,0.24762926690468473,10.836607579303617,1.0895923315679168
stream,1497,0.24566968267035166,13.665958143895795,1.1252711572084195
stream,1498,0.24674586646790667,16.139413293665665,1.480628817841572
stream,1499,0.2478877416770865,14.88703743846681,1.4939651049341924
stream,1500,0.2491223269835365,15.117442295869742,1.45975898350302
stream,1501,0.2536022805579366,15.348255435152003,1.459772812528013
stream,1502,0.2558403045538199,15.759844392254555,1.5183286337068445
stream,1503,0.2578257177468464,15.740044176736749,1.5430260486164433
stream,1504,0.25680459157603264,15.603162445737885,1.5338541467310047
stream,1505,0.25409095908371526,16.275581940871646,1.5554707420746159
stream,1506,0.26560741001103416,17.772159387082468,1.7258422632919137
stream,1507,0.2722220371747686,17.774343664897692,1.7880877609966173
stream,1508,0.27514488752772637,17.49839071224381,1.7731638201886157
stream,1509,0.2771727142280882,17.408716837152433,1.7714263996104955
stream,1510,0.27979154142306406,14.553517130494615,1.6245317030976998
stream,1511,0.2759648013416049,13.662256419182851,1.3657856148761898
stream,1512,0.274736224651371,11.962572517572415,1.1738263363400683
stream,1513,0.2743956921747891,11.943276520961566,1.1235734398164585
stream,1514,0.2795156628288551,11.971756672386851,1.1240373367318566
stream,1515,0.27845468062005546,10.589888976436258,1.113317144324362
stream,1516,0.2783295011347168,10.121156751734027,0.985711315980325
stream,1517,0.27208812331434384,6.920994209741913,0.9493101454491871
stream,1518,0.2718902785464141,4.459052764689101,0.616163233693082
stream,1519,0.2789748827591759,4.704408691281466,0.5314793554200591
stream,1520,0.2903691325539397,4.568549857925803,0.5200751140673557
stream,1521,0.2952682256709655,4.54569476772475,0.5360369699680275
stream,1522,0.28259880285382466,5.798868047755796,0.5002748538150917
stream,1523,0.2692476292579052,5.80210351814437,0.5610712938921161
stream,1524,0.27666782429572573,7.861699531646824,0.6543699090907801
stream,1525,0.2742056514484765,7.502351322189801,0.7354291726447703
stream,1526,0.2692618668854799,5.907407755592123,0.5684208947178689
stream,1527,0.2646306656775254,5.908054800755789,0.5049295711269901
stream,1528,0.2607823962432559,5.847853488951904,0.5021662204450781
stream,1529,0.24690596196925896,6.418036586415208,0.5137834533585443
stream,1530,0.23273907644223707,6.44145583253481,0.537082290961492
stream,1531,0.22889542488599096,6.378725645554915,0.5176452163942609
stream,1532,0.2174203614231962,6.738883508033881,0.5525614964855599
stream,1533,0.20081019228114427,7.717091883359212,0.6376560968958119
stream,1534,0.20096969960171948,8.69077736361316,0.8069506360474382
stream,1535,0.1975444760848762,9.079615818433302,0.8972422814800367
stream,1536,0.19524559632073715,9.077159964967992,0.893776443740702
stream,1537,0.1945913283359956,8.972467078813093,0.8934295701307696
stream,1538,0.19542416115575909,8.861353229350229,0.8667537749183041
stream,1539,0.20155140893051024,9.385779541002954,0.8873919562612578
stream,1540,0.2139926726379845,9.389921145536716,0.8970053993798124
stream,1541,0.22871963838664888,9.174856076424398,0.8850397853233599
stream,1542,0.23099718286129448,7.580306370564439,0.8719068389016186
stream,1543,0.21599447494351962,7.590341143252904,0.787092788162698
stream,1544,0.2074545879704232,5.660363206102945,0.6967591297197349
stream,1545,0.21381518770698066,5.44403722999276,0.5805788405890726
stream,1546,0.23133610205946692,7.024956318665477,0.643199029206268
stream,1547,0.24175535958884695,8.173532442844662,0.8794272337324407
stream,1548,0.2518525302607188,8.181034306646941,0.9257371914682996
stream,1549,0.2560937081693042,7.867411133608909,0.9238785421504007
stream,1550,0.26199712494826183,8.182638968676498,0.9450795756599715
stream,1551,0.26654191891392554,7.784511193994176,0.9570388551910027
stream,1552,0.26893066625286655,7.403300624472907,0.8755668312418775
stream,1553,0.2671449475849428,6.889036723759095,0.7865115019521886
stream,1554,0.2684191420099307,6.326988807352164,0.6828337321612574
stream,1555,0.2733599980597359,6.696714547168442,0.5788386702074614
stream,1556,0.27641994045922635,6.949577768991986,0.6476566959317689
stream,1557,0.2780273018052804,7.032133801894841,0.6430399672317425
stream,1558,0.2795154927919046,7.032943409322169,0.6600207655224217
stream,1559,0.28082117402340334,6.292001513036856,0.6405863568582079
stream,1560,0.2824146662279715,6.2612079310967905,0.630931429215262
stream,1561,0.28635128374621793,6.627618524426787,0.6324021200382234
stream,1562,0.29188100251018745,6.7090935048365195,0.6195315402407954
stream,1563,0.298231708328884,6.709796626797253,0.6207638319410479
stream,1564,0.29730822274575114,9.401583025647348,0.7220634676510402
stream,1565,0.29575389216561415,9.261497540340105,0.8382437542146826
stream,1566,0.2973695322787084,8.048833068813911,0.7688330000274253
stream,1567,0.2976967996060909,7.137509863436593,0.5961994533770874
stream,1568,0.3001766527646298,7.19938294675013,0.5753944547957334
stream,1569,0.3070341399644761,7.75085628597397,0.5851070422337744
stream,1570,0.3130247404068438,7.4396036172372915,0.592026062346315
stream,1571,0.319500139096925,7.692200011909198,0.5949440953964852
stream,1572,0.32513309337492113,7.6034659191222485,0.6067401324458075
stream,1573,0.32653430504484277,7.50196555469518,0.6219160786681532
stream,1574,0.32710596124677155,7.501207299040983,0.55763079562315
stream,1575,0.32844667624416185,6.696023405974775,0.583487602492657
stream,1576,0.3302940086117742,6.4581500597272266,0.5143203078046819
stream,1577,0.32882147660833855,7.772686489760626,0.5613677612939162
stream,1578,0.3271992082420635,8.162348764038196,0.6484183977205836
stream,1579,0.3278401831009689,8.797119254040226,0.6488171804631326
stream,1580,0.32965431512990645,9.066444558779619,0.6560714300719968
stream,1581,0.3313916085961023,8.7008498179554,0.6639751137872217
stream,1582,0.33010580750217006,11.120916389074024,0.7682414862626183
stream,1583,0.3293910834655588,11.128271473637826,0.888062164618753
stream,1584,0.32961284846003586,8.576748872369395,0.7874954136747059
stream,1585,0.3303271482388555,8.773665593820056,0.6687879196021733
stream,1586,0.33105833966015097,8.40042348309964,0.6683781976462655
stream,1587,0.3316544155250504,8.815234583224981,0.6143916590520234
stream,1588,0.33259447806415954,9.22630276651815,0.6808553538508693
stream,1589,0.3332935448538084,8.403333465250936,0.6835042607827349
stream,1590,0.3337002367202368,8.573610491157808,0.632726355117752
stream,1591,0.33321786058465896,10.563696071981608,0.7330098741381329
stream,1592,0.33277372547777584,11.512387517317332,0.9533780476526819
stream,1593,0.3326301002087957,11.641398277269433,0.9413746087140651
stream,1594,0.3313821802458607,11.694706078196823,1.0262366545775121
stream,1595,0.3290421797598529,11.601390940401435,1.0041956044726814
stream,1596,0.32328700753521594,12.857758156728334,1.0219527797758523
stream,1597,0.31584599330782587,11.496197040601718,0.9993934619882284
stream,1598,0.31151894813948405,12.486593864003565,0.9780848510657089
stream,1599,0.3068096364111043,11.928959230918597,1.039866705118142
stream,1600,0.30152083091887566,11.597639756404364,1.038762745584989
stream,1601,0.2963967072720024,11.722949413467473,1.028358856087662
stream,1602,0.2917749928257041,9.352250031609623,0.9651845552149556
stream,1603,0.28645936642248815,9.426434929899166,0.8442616650101052
stream,1604,0.2791425203269681,9.248138809520547,0.8477981676214965
stream,1605,0.27296616411434965,9.204130023925263,0.8479148913090886
stream,1606,0.26576723522066936,9.534346242537296,0.8821081421571093
stream,1607,0.2593346908553841,9.061232429238547,0.9025064363040999
stream,1608,0.25203943777553156,8.577085226591453,0.8103764633282544
stream,1609,0.24532864158999074,8.7507929760562,0.7913000342917449
stream,1610,0.24156163677012096,9.309984565639212,0.8594421299610993
stream,1611,0.23457112620624918,7.91985758453176,0.8533263486039359
stream,1612,0.2488521859036174,7.33830153856881,0.735420289356181
stream,1613,0.26350558261148666,6.852930841095582,0.7457898702631853
stream,1614,0.28969146208662083,6.385949196248783,0.6739616380499592
stream,1615,0.2995871699045145,6.783515700949944,0.6756756570156054
stream,1616,0.3027493396119637,5.889090695727773,0.6978230627097013
stream,1617,0.3034477717392548,5.831864669872509,0.6925564960092289
stream,1618,0.30920007059396054,4.445791850516183,0.612697373638333
stream,1619,0.3090698419673465,4.543844694297542,0.5547727559158875
stream,1620,0.3097903810479526,4.538415312420403,0.555876698315379
stream,1621,0.31079536023903614,4.418612933997617,0.5533631682186887
stream,1622,0.30818963453832965,4.33556552306871,0.5136204336626574
stream,1623,0.3087477682092378,4.377512951143703,0.5341989131745524
stream,1624,0.3089984580552108,4.316096552630439,0.5272455911832521
stream,1625,0.3123033439773095,4.230607378038277,0.5271730256645718
stream,1626,0.31199917877720196,4.05542999838791,0.4984284742548479
stream,1627,0.3113792058667007,3.875366194457974,0.47759675395710843
stream,1628,0.30747112249171044,4.40807083644388,0.49660635413022813
stream,1629,0.31114297954972,5.357968654494021,0.617277823011184
stream,1630,0.3119644382527923,4.9559674786296295,0.6317802119094978
stream,1631,0.3184381066006605,4.861393055753766,0.6056030385208345
stream,1632,0.323111276227761,4.5441077541164026,0.5280302205751375
stream,1633,0.32552999263830773,4.8410759243582575,0.5142579679748173
stream,1634,0.3274086365979836,4.871805570959132,0.500389273209104
stream,1635,0.3332755775741563,5.6142433035430965,0.5796643640599687
stream,1636,0.33312848979974347,8.034963128844238,0.7665222221156328
stream,1637,0.3386115796279552,10.319020764940232,1.140540594219514
stream,1638,0.34430006648650263,10.593112821681734,1.2933509435554669
stream,1639,0.34914836009016587,10.381117516105999,1.3016180095462915
stream,1640,0.35655133129055033,10.977144377524745,1.323346051574858
stream,1641,0.3630384979771406,10.967572461469974,1.3417310616564537
stream,1642,0.3680420267138242,10.983915745891322,1.3420727394934027
stream,1643,0.3720289859976789,10.986912604710957,1.320684375881507
stream,1644,0.3756906878181789,10.965456808538528,1.3246789708145135
stream,1645,0.3774877133114698,11.104142396726338,1.3289036157613598
stream,1646,0.3782445904662322,10.947874195778875,1.3213354098870873
stream,1647,0.3777489164437129,11.05351662103929,1.3116847749225256
stream,1648,0.375067215151535,11.086411872042039,1.3590419685388704
stream,1649,0.37545142679577076,10.057756099199745,1.2432935264652019
stream,1650,0.37663450390470443,9.729935402018393,1.1579191514809755
stream,1651,0.37330218875982063,9.173845080667729,1.0869571053801963
stream,1652,0.37162503861459817,9.094756577162839,1.0589672569626143
stream,1653,0.36507425613097266,9.076553745759151,1.0828426731582157
stream,1654,0.366772780374465,11.440800746279628,1.27408184193192
stream,1655,0.37251781156655406,10.473489383849495,1.2215249263381884
stream,1656,0.36439968180328963,8.832471325130596,1.0544564344880625
stream,1657,0.3667323910843694,7.182508973746755,0.7924523123020923
stream,1658,0.3683914608220707,6.9125933589224156,0.6655698104508515
stream,1659,0.36922841273408646,8.149791489494788,0.6854909265048555
stream,1660,0.35618034613477295,7.832650306782947,0.6736640990515732
stream,1661,0.35929770179976833,7.933308771147326,0.6808953340269269
stream,1662,0.37161273361819736,8.663248256537404,0.6963416269758934
stream,1663,0.3831267782699374,8.699457459282714,0.7043215120954408
stream,1664,0.3941841440893779,8.886580055511848,0.7207222807637599
stream,1665,0.3980792006517527,9.144283659589954,0.7185423832053318
stream,1666,0.38951979449621965,9.254699048738194,0.75221390639182
stream,1667,0.3909783491787118,9.480673204946934,0.7554375667633192
stream,1668,0.39131481043022665,8.976525509153038,0.7184222875303425
stream,1669,0.38927008648708006,9.120268984698635,0.7113193496806983
stream,1670,0.38956894247323126,9.177350248121854,0.7114933112943251
stream,1671,0.38833691457966973,8.971526478502339,0.6971426180656517
stream,1672,0.3820574979941002,8.984846656086717,0.6893898175075712
stream,1673,0.3741624575073316,8.727828939977014,0.6697320306804116
stream,1674,0.37056886904026254,6.2646808926455915,0.48746299482481986
stream,1675,0.37183562867867553,6.073137564512077,0.4506979325761196
stream,1676,0.37249445422641164,5.074530121523419,0.3873877591711279
stream,1677,0.37221911945057334,4.455024319600855,0.2651077641042463
stream,1678,0.3722187146977452,4.959124054139473,0.2562685504477652
stream,1679,0.3723253850907298,3.9548445654131177,0.2622425751315852
stream,1680,0.3699243973831303,4.114323619692307,0.29073902155485565
stream,1681,0.36628095020203394,5.64608547235655,0.4401347932740527
stream,1682,0.3692061245469361,5.210914187190737,0.5386997648309753
stream,1683,0.3733336884319749,5.2325068772249095,0.5362352400005893
stream,1684,0.3695861910516921,5.199212389159747,0.5585219307066825
stream,1685,0.3695371926562458,4.770797032858358,0.5564745108728436
stream,1686,0.3723882534696479,4.924102181832471,0.5244385791075475
stream,1687,0.3775941483278841,4.694825454620006,0.526097032007109
stream,1688,0.38517751775031017,5.14263717762353,0.5423586234742653
stream,1689,0.38989940416289803,4.952657283491967,0.5568059333770077
stream,1690,0.3873778871043784,5.2140699919888664,0.5918602649734744
stream,1691,0.38727068323327973,5.419155314939319,0.620289950892389
stream,1692,0.3917871179582009,6.012602910880138,0.6204370040644117
stream,1693,0.3887856617205481,7.006463785845991,0.7505053007209903
stream,1694,0.38628235497861757,7.112860752935523,0.7469551252578652
stream,1695,0.38662212186362904,7.900110982230185,0.780448414413406
stream,1696,0.3860244718203997,7.903520005179299,0.8632081943696818
stream,1697,0.3817045250540938,8.216328447141555,0.8544448964608609
stream,1698,0.37977743479530285,7.835684053993586,0.856993353973466
stream,1699,0.37544590677204737,7.6559353458533135,0.8204235994399112
stream,1700,0.36913423082996377,8.008867982125983,0.842202303128676
stream,1701,0.3635178103927669,7.0419164951827495,0.7546617638952623
stream,1702,0.357743862951955,6.606464562817722,0.6819243433706489
stream,1703,0.35032804715406185,6.441475983748809,0.6789362010778286
stream,1704,0.3442018906327319,6.330155104959078,0.6367630914207704
stream,1705,0.33717604401158074,6.31186970710199,0.6370225536791007
stream,1706,0.3380911663500449,7.425249769347478,0.6866092437189952
stream,1707,0.332527159435757,7.566139398134279,0.7846033344832517
stream,1708,0.33037735245181055,7.0586537690904585,0.7455213208928629
stream,1709,0.3206162386891203,7.284063477179614,0.7491165182783625
stream,1710,0.31488533893809995,7.226443991558776,0.749862566610842
stream,1711,0.30928716530246037,7.053480899231849,0.744769216438242
stream,1712,0.3084144821630129,6.6275959405290585,0.7600944896309145
stream,1713,0.3081325337965569,5.68936356730611,0.6428860471561632
stream,1714,0.3042287729931935,5.667011932366262,0.6364070053756934
stream,1715,0.3045625010437764,4.894828439397366,0.611650590677906
stream,1716,0.3025480693871099,4.746146827276582,0.5271891105354205
stream,1717,0.2993346499453928,4.483938828012716,0.5271891111545092
stream,1718,0.29489386285759217,4.366030582031727,0.5107174163236586
stream,1719,0.2908000217268122,4.3308969001099245,0.5072756215803867
stream,1720,0.2860601877645883,3.5390129259592413,0.440425643027691
stream,1721,0.28989687606055414,3.6482381603807763,0.38289823156499236
stream,1722,0.29382369113401496,3.635409528794782,0.3828982732713628
stream,1723,0.2960826502263862,3.6393604798300716,0.3810615487010865
stream,1724,0.29833419936507893,3.5826238923086957,0.38161913626440125
stream,1725,0.2958431726433408,3.8451457064627563,0.396264131271254
stream,1726,0.29373568358528085,2.463475030178211,0.34582190696974086
stream,1727,0.2970052773619625,2.482849348278012,0.25131574569937287
stream,1728,0.292089046542905,2.9568651209768833,0.29230190342527085
stream,1729,0.28743607476412,2.6805194136691144,0.29224397309328154
stream,1730,0.2900741231477929,2.8696730985466568,0.2711656917204465
stream,1731,0.28465214517430243,3.363966053319375,0.33839673473766785
stream,1732,0.2822806079685918,3.248389960431154,0.35950878097596434
stream,1733,0.27710822938783497,3.242316642155019,0.35379909115654695
stream,1734,0.2672482201676731,3.3690671312179354,0.35569305692331893
stream,1735,0.2532393576597182,3.474611181278413,0.3473041029030709
stream,1736,0.2505198150047615,4.888913454335401,0.42783549166596524
stream,1737,0.24423835090808038,4.9315220910277615,0.5053442366713674
stream,1738,0.24240556005427052,5.068687818203182,0.5092413386628216
stream,1739,0.23819387385756027,5.11495255916442,0.5379226663231552
stream,1740,0.2275072933656377,5.530035911457205,0.5483257994206996
stream,1741,0.21991164832599064,4.840834901911339,0.5379838797547344
stream,1742,0.21967413405382683,5.735558663356544,0.5014980032596461
stream,1743,0.21952232901176513,5.697994869086839,0.550354849775143
stream,1744,0.2172815514376307,5.726481597550779,0.5527301033584173
stream,1745,0.21293568729612491,5.53639973011717,0.5400968215201155
stream,1746,0.21198378048563227,5.605658677403316,0.54580103246829
stream,1747,0.208816603967019,5.445029637500314,0.5614432175361619
stream,1748,0.20643737699972112,4.975196495800179,0.515824710624923
stream,1749,0.209951763159609,5.237070458710904,0.49613260995183445
stream,1750,0.20863667444460193,5.001571442281646,0.5140511907295368
stream,1751,0.208000678579122,4.461608001914224,0.42688282353712953
stream,1752,0.2052235847597003,4.430279149370679,0.3944307166511589
stream,1753,0.2095370728221861,4.645970534063597,0.4024451292554813
stream,1754,0.2112520056219334,4.472439466641349,0.43658482545311833
stream,1755,0.21353790098196734,4.352210279920649,0.4382843152187381
stream,1756,0.20618453603089695,3.5940847621452794,0.3787854694105372
stream,1757,0.2048878697521479,3.7208366378154185,0.3529639145378574
stream,1758,0.21202096453567854,4.176915484724127,0.34542326709653026
stream,1759,0.21129334780586234,4.560020555189635,0.4071132999932001
stream,1760,0.2170147090984303,4.452753432758169,0.45576359818741036
stream,1761,0.22282857226601765,4.367516025212206,0.4501074714478298
stream,1762,0.232390050899396,3.6118161981303865,0.4461170368231183
stream,1763,0.23143527114350426,4.422422440525532,0.4606447089914967
stream,1764,0.23304881590548335,4.447664961054289,0.5113283193605982
stream,1765,0.22644725102909005,5.045729773249856,0.5402687756893337
stream,1766,0.22864335108195974,5.709668453443106,0.6281222482100154
stream,1767,0.2308219583706138,5.604299696629138,0.6274509839652078
stream,1768,0.2480749609644873,8.34298453190421,0.74319601779912
stream,1769,0.2549556697763692,9.421130190702634,1.0012239198206352
stream,1770,0.2542898630946327,9.843615500494195,0.9784566354012453
stream,1771,0.25370100560884357,9.840934954331802,1.0125368478508299
stream,1772,0.2527793624907235,9.80745190159575,1.007360643679217
stream,1773,0.2532574481603317,9.563432530610683,0.9924591235919448
stream,1774,0.26029267311856275,10.08630241677573,0.9643872067772694
stream,1775,0.25887801105887037,10.920577535807944,1.0872386670006098
stream,1776,0.25561158643733967,10.357048114418927,1.0858639931798433
stream,1777,0.253359847146961,10.119094617526454,1.045792260609328
stream,1778,0.2572980075663115,10.114777268571453,1.0566270302041858
stream,1779,0.26175465847225543,9.721360473696883,0.9842719635027749
stream,1780,0.2575636149613111,11.22828893455571,1.0206409216910868
stream,1781,0.2561247417370114,11.353387213357715,1.1075794152303908
stream,1782,0.25599313576294125,11.238825793072921,1.1123269180603583
stream,1783,0.25508003964621767,10.450823277442082,1.0482960667437253
stream,1784,0.2556772203013751,10.413793625678458,0.994259128114454
stream,1785,0.2559987482485981,9.726237908939002,0.969536150589892
stream,1786,0.2530879606097751,9.712475681422928,0.9062279730094128
stream,1787,0.25530697845823996,10.346428948396024,0.9814798497280017
stream,1788,0.2576963905484278,7.607153058227414,0.8854556511843856
stream,1789,0.261855602280293,6.404043730079143,0.628940639898168
stream,1790,0.26326545852367705,6.1335636117005645,0.6724010794516583
stream,1791,0.2653296374355786,6.141204372340204,0.6516307189436057
stream,1792,0.2689047488825616,6.282286940341469,0.6519921808985738
stream,1793,0.27113763870920804,6.281512654513087,0.6657508540166275
stream,1794,0.27043806199231424,5.959450740683911,0.661785352488672
stream,1795,0.2678077225088599,5.260369644731876,0.5368449962229487
stream,1796,0.26385761563531984,5.141132646039902,0.5178370554805597
stream,1797,0.2631071050102898,5.272309844582424,0.5054218279344261
stream,1798,0.2630293805897942,4.958902192179716,0.49265114367765606
stream,1799,0.2637235400851879,4.908103128898553,0.49385108294290725
