segment,end_index,PW_WTC,E_CCDC,CD2_P
stream,0,,,
stream,1,,,
stream,2,,,
stream,3,,,
stream,4,,,
stream,5,,,
stream,6,,,
stream,7,,,
stream,8,,,
stream,9,,,
stream,10,,,
stream,11,,,
stream,12,,,
stream,13,,,
stream,14,,,
stream,15,,,
stream,16,,,
stream,17,,,
stream,18,,,
stream,19,,,
stream,20,,17.61773171482861,
stream,21,,18.66157690169273,1.152727707641632
stream,22,,18.464802131701664,1.1157342949739257
stream,23,,19.236926194470684,1.1280531473416335
stream,24,,20.61976115357951,1.3532643843446561
stream,25,,21.3784501896192,1.35067759458942
stream,26,,11.819039286388875,1.0419225112801487
stream,27,,11.77435561249832,0.8797479290520157
stream,28,,12.368715890407287,0.8609344900175613
stream,29,,8.073138957084199,0.753505537005813
stream,30,,8.074061721468674,0.5756960211932989
stream,31,,8.05170199378475,0.576534181989029
stream,32,,8.262949084094021,0.5967041386931745
stream,33,,9.816270034470715,0.5918920154171177
stream,34,,9.9430176422447,0.6478617349771861
stream,35,,10.225504954650422,0.6337819360925729
stream,36,,10.011018997361163,0.645811606516818
stream,37,,11.35368653537711,0.6951361655135698
stream,38,,13.462560544093629,0.9415907798877785
stream,39,,13.753201156419507,1.1185682635058167
stream,40,,13.430424496934439,1.111646008031159
stream,41,,12.127855501613336,1.0145703903054977
stream,42,,19.477164103798323,1.2894196739708672
stream,43,,19.251709263316577,1.7243140062213351
stream,44,,20.930604800503527,1.7415956076212864
stream,45,,22.83790517070227,1.7415956036764955
stream,46,,25.44750532085571,2.050350454431559
stream,47,,28.760867539515736,2.523137466530025
stream,48,,28.369934892555857,2.587609062610815
stream,49,,27.906121225043517,2.6118853657439325
stream,50,,27.949488627828764,2.598860671391983
stream,51,,27.989741955019447,2.6083035582382066
stream,52,,27.772303073459053,2.584328752278735
stream,53,,30.084611957033548,2.7453270132427305
stream,54,,30.480611573715535,2.7453270654640995
stream,55,,30.799410522804813,2.7439582986436593
stream,56,,31.8976430799056,2.7081706942168076
stream,57,,32.83980402626351,2.648800351711612
stream,58,,30.38878318077059,2.453750833242005
stream,59,,30.59278615875419,2.2909376627061984
stream,60,,31.94468420492628,2.2944410477166977
stream,61,,31.9838378761997,2.3195554817513977
stream,62,,24.602968052422373,2.029486776355028
stream,63,,25.935499635229817,1.6836845979947832
stream,64,,22.875950371365967,1.482219119809531
stream,65,,21.230385067989747,1.54922356755641
stream,66,,22.437704244409073,1.2580702108914996
stream,67,,20.208716784773785,0.7992122280330756
stream,68,,19.81778489406077,0.8087274512374725
stream,69,,22.32785322346744,0.8441228989964894
stream,70,,23.954910234887866,1.1145523576269871
stream,71,,25.37180221411822,1.1092157859619596
stream,72,,26.69619946181063,1.3486931376466902
stream,73,,23.779776607952755,1.1616638589831045
stream,74,,23.466952639018967,1.1047897132610323
stream,75,,23.194482177442367,1.1477348277324126
stream,76,,22.477077860017044,1.1478855575765332
stream,77,,21.621332480140826,1.2823883429592304
stream,78,,21.679718616446372,1.2823884502944722
stream,79,,22.719845566653788,1.2976923276592873
stream,80,,21.68395785282833,1.3085701610441476
stream,81,,21.842630399570254,1.2912161411200551
stream,82,,28.54733982732784,1.4503393672137106
stream,83,,33.96686573049362,1.3302717379790034
stream,84,,40.54995842352084,1.2830034310589677
stream,85,,39.578116372752156,1.4919392014463877
stream,86,,35.923742004323216,1.450362886762554
stream,87,,34.93377983992275,1.4679643820389239
stream,88,,34.93327424869952,1.4141475333976716
stream,89,,33.71084662841909,1.3910832067005716
stream,90,,34.10177732344249,1.1192849812496337
stream,91,,33.94946960880925,1.1213472885804179
stream,92,,39.44475979954683,0.9596615348958593
stream,93,,38.51138926808801,1.0629841206472264
stream,94,,39.331888333121306,1.0554406232879803
stream,95,,38.90644580220944,1.0485122599195422
stream,96,,38.57551528880659,1.0778297192384145
stream,97,,37.36498541422832,0.9524683426273518
stream,98,,38.551065758341146,0.8946053004056728
stream,99,,37.27675083084805,0.9541926356349024
stream,100,,37.18347428903195,1.059040875337826
stream,101,,37.18280663697472,1.1624112955467838
stream,102,,30.609371715932895,1.0135690782651872
stream,103,,23.435874599774152,1.0135690751891757
stream,104,,16.857917728570747,1.0238439912838981
stream,105,,18.061720112761467,0.7980063541511725
stream,106,,20.98376316533651,1.1307360254999166
stream,107,,20.815711326281093,1.2613799962925443
stream,108,,22.19039379927354,1.2967754742431354
stream,109,,22.716135099757174,1.2593298890084308
stream,110,,22.96875341220767,1.2593298894589304
stream,111,,23.521533359897965,1.2546084702437061
stream,112,,17.042460680570404,1.2051454352210733
stream,113,,16.280241513832326,1.1038851884918
stream,114,,16.786029741130847,1.14386358276401
stream,115,,18.81587101042095,1.1082267055044526
stream,116,,18.767707505077,1.2144009234769426
stream,117,,18.98885952878363,1.2227764654302917
stream,118,,18.094983845290407,1.2038906933353977
stream,119,,18.735414827527002,1.1937663918447479
stream,120,,18.474248173402497,1.116414685769108
stream,121,,18.677746555887218,1.0155649021674875
stream,122,,19.19165430503483,1.0943393621106685
stream,123,,21.167176930694247,1.3307359244726913
stream,124,,24.79003058187414,1.757863852878703
stream,125,,23.538127388104122,1.815877657721139
stream,126,,21.536389190867354,1.5177959792480018
stream,127,,22.77466358449972,1.493247926104773
stream,128,,26.625271557186508,1.9167105698073912
stream,129,,24.817585517497083,2.079300642826598
stream,130,,22.68096563053317,2.0898108373442135
stream,131,,22.902437169961036,2.2231679517933003
stream,132,,23.184976000694682,2.2078640515742394
stream,133,,23.285268124985286,2.224615151050455
stream,134,,22.386944586176092,2.1846367567782448
stream,135,,23.285074773752264,2.2154615107617452
stream,136,,23.67101753312343,2.1092872927892556
stream,137,,23.742143380122815,2.0906307230578736
stream,138,,23.937910323775647,2.091999489878314
stream,139,,24.850519546473635,2.032930668047163
stream,140,,25.39568034352453,1.992500085337089
stream,141,,25.406684414649046,2.018006642121987
stream,142,,24.78266213476086,1.9663968022862588
stream,143,,22.50253352831947,1.7343418127543255
stream,144,,19.24742226172451,1.294279845736231
stream,145,,19.618967590756164,1.2465226938143004
stream,146,,19.610493594901122,1.2872547576780027
stream,147,,23.253864763578292,1.1811587983383987
stream,148,,19.063667402569042,0.7346317921725893
stream,149,,22.325452588337022,0.6015099789393353
stream,150,,24.677861098503893,1.0106627902547451
stream,151,,23.7265330237332,1.0947442990253622
stream,152,,23.120127761630847,1.1115555253563996
stream,153,,23.23190905655694,1.095558035855571
stream,154,,22.51533722610353,1.1031015316868238
stream,155,,19.81163409203305,1.0748635823688841
stream,156,,22.851915018418556,1.2490555411738744
stream,157,,23.339530479684935,1.6244888828340454
stream,158,,22.795380986274964,1.659136793585015
stream,159,,21.503073037235573,1.675061994243323
stream,160,,21.36022801988978,1.6725475026442482
stream,161,,21.11164263543529,1.6369106200258512
stream,162,,21.59019935281645,1.6369106200258512
stream,163,,22.552045366901307,1.6375135081606067
stream,164,,22.28835436238324,1.6538847505209304
stream,165,,24.30995852478431,1.6308203746340848
stream,166,,25.602358918337025,1.5540715582694602
stream,167,,21.03345018792179,1.6568514759206445
stream,168,,19.95869600471193,1.6305913507075298
stream,169,,20.28223095719247,1.7499347794803175
stream,170,,17.945284135857015,1.51870651831696
stream,171,,16.78063656763745,1.3001221571902248
stream,172,,17.13983524159917,1.2986149004171532
stream,173,,18.891009987544265,1.3411077961373363
stream,174,,19.455332324029417,1.3460461624950915
stream,175,,20.087673165186267,1.3430794840022344
stream,176,,16.678761840786187,1.1592817383887264
stream,177,,16.964337925162955,0.8360611818679371
stream,178,,16.968888443109964,0.824031555230211
stream,179,,17.29664055536578,0.8024082402673492
stream,180,,17.875523636381182,0.8026373884553457
stream,181,,18.466490414982406,0.8033248274426209
stream,182,,18.261356126556024,0.7670188132642702
stream,183,,17.327372365120446,0.7622250819974421
stream,184,,17.59006633693311,0.7435684856414063
stream,185,,15.38255877415566,0.7435684885338978
stream,186,,13.380037090886766,0.7449372553382492
stream,187,,14.079329225965338,0.6146608698308964
stream,188,,15.1412106172179,0.6046150589629306
stream,189,,12.895329556017339,0.4559540963035192
stream,190,,12.991845254191212,0.36482404884647923
stream,191,,13.0452606818515,0.37144483369564174
stream,192,,12.72963970909988,0.34197657211775245
stream,193,,10.81640540176665,0.30200431300490693
stream,194,,11.597313725405918,0.3162531095601053
stream,195,,12.819425918255416,0.3173204250162779
stream,196,,12.770967004717079,0.3865134882271263
stream,197,,11.841338157596914,0.3484650161699753
stream,198,,11.99774909654505,0.3258467323328493
stream,199,,11.12127267309713,0.31662691972370766
stream,200,,10.189151838580656,0.3167776455091106
stream,201,,11.021891415567978,0.40243255738254974
stream,202,,11.469899225866964,0.4090533575320808
stream,203,,12.759438074221455,0.41324418756096676
stream,204,,12.750544012931998,0.5243751555543106
stream,205,,12.956351271904204,0.4869295688733602
stream,206,,12.59122348895241,0.4960709970210355
stream,207,,12.895710857071505,0.5330644081285709
stream,208,,12.71848758813066,0.5319247964634001
stream,209,,15.559369055445899,0.5762987446160641
stream,210,,20.314797821125715,0.4789940469690249
stream,211,,23.571932296432923,0.47351897983336655
stream,212,,23.512042759252665,0.5600121740628513
stream,213,,23.99450606009562,0.5574915740943285
stream,214,,22.71528835086454,0.5517812877748598
stream,215,,22.458103686176692,0.5954677550382632
stream,216,,23.498687538897045,0.5072504505126092
stream,217,,27.03726237949622,0.8022637001151183
stream,218,,28.250278835835044,1.198253225048647
stream,219,,28.26408909090783,1.2290963540347188
stream,220,,28.871867861202016,1.2584138532518794
stream,221,,33.73116903174902,1.291988410309232
stream,222,,32.98541332224824,1.5422774009720621
stream,223,,32.205260609126135,1.5806517674802378
stream,224,,35.563929207586966,1.5197741497682034
stream,225,,38.782748025237076,1.5209137682223675
stream,226,,41.404453994957706,1.5117723478059828
stream,227,,43.17048668058453,1.4603976873918447
stream,228,,45.44297198333264,1.4601685389812213
stream,229,,41.54253152278188,1.5926213454108356
stream,230,,37.08397837342192,1.6600056650508859
stream,231,,33.87063714789485,1.660457851164583
stream,232,,36.30547511387786,1.7096070698929602
stream,233,,37.376404706812956,1.7026847830152598
stream,234,,43.45127050861325,1.7394367902672516
stream,235,,50.96552805491671,1.7026725853088394
stream,236,,58.76184921674,1.7041197786388356
stream,237,,60.833148676149094,1.4307297793729672
stream,238,,63.37415984764268,1.037942195159943
stream,239,,68.03062721321476,1.004892121151878
stream,240,,67.36448346398602,1.148783789958842
stream,241,,60.93101938236013,1.0310015243248059
stream,242,,62.079756327650585,0.8024203124082459
stream,243,,62.4347422654526,0.759855112072496
stream,244,,65.39271600654011,0.8296693941019051
stream,245,,66.000747963091,0.8334742521608134
stream,246,,66.32507154092352,0.8350721451524945
stream,247,,68.13599499350298,0.8385755238901595
stream,248,,71.30484813954719,0.8396428395528709
stream,249,,72.5689773091104,0.7320814677769116
stream,250,,73.48228502937738,0.6650770221102608
stream,251,,74.70426191654708,0.6624902140521627
stream,252,,73.39716896239982,0.5276859649660222
stream,253,,72.74427284070997,0.5266186560801328
stream,254,,67.06423146876811,0.5551641536653382
stream,255,,58.73399637258918,0.6556707717667478
stream,256,,50.30020099446366,0.7764675619668608
stream,257,,52.08709411384103,0.9812969800746619
stream,258,,51.61825629768411,1.0196713481269195
stream,259,,49.29828361358237,1.0310981298963529
stream,260,,55.77816403451064,0.8828526669316078
stream,261,,56.15625276483259,1.000634862792349
stream,262,,55.74841342746421,0.9723062833443151
stream,263,,55.737335825009076,0.9744409009699909
stream,264,,49.18119898761685,0.9626403802565078
stream,265,,51.17630775353542,1.2337868515474772
stream,266,,48.320199927273485,1.5599447854099693
stream,267,,43.48119145773086,1.5553740912000424
stream,268,,40.15614430631487,1.6216910956278605
stream,269,,42.753321470934196,1.55661653304198
stream,270,,41.703949153379575,1.625881813600584
stream,271,,40.39574885655072,1.6631766768807312
stream,272,,40.97893887487527,1.738858074976173
stream,273,,44.30070882494521,1.7818031894475534
stream,274,,44.85313804495512,1.7126101841213066
stream,275,,49.84591815395333,1.7014187486583052
stream,276,,55.80074069548833,1.5783366011264603
stream,277,,49.90202846769139,1.3822443393633275
stream,278,,47.99136895842328,1.3392992626252476
stream,279,,46.95564870987604,1.3278725031930754
stream,280,,42.695320661608584,1.5974992635881895
stream,281,,42.63041928964878,1.5539513161937464
stream,282,,43.79426137438041,1.6884541864826947
stream,283,,43.705006056450735,1.7099267446471746
stream,284,,48.85521227258341,1.6461843086781918
stream,285,,51.18872967522681,1.3812787410961191
stream,286,,57.21966877138543,1.0665475525860282
stream,287,,57.610458300796815,1.1868444053444192
stream,288,,57.21259459640766,1.339413119756031
stream,289,,54.39174084634695,1.3428320019910365
stream,290,,53.94086767751878,1.3108615822140544
stream,291,,55.93960276798892,1.3028842208117852
stream,292,,57.23622355700143,1.226135513396064
stream,293,,53.2196250662434,1.3460097012073098
stream,294,,52.19734936971514,1.3364283464947884
stream,295,,47.235651377061075,1.2545721267770813
stream,296,,40.89473698689675,1.321727301305127
stream,297,,43.236453596537636,1.412844985930683
stream,298,,44.13623868430176,1.4200809010797963
stream,299,,42.90016570138927,1.5498205910350187
stream,300,,40.947536219821004,1.25507939671913
stream,301,,41.52016440137498,1.1808451276853507
stream,302,,40.28947269714809,1.0463422576725185
stream,303,,39.430616394055235,1.0535598725742352
stream,304,,35.26571893282466,1.044822764607058
stream,305,,29.393664999742757,1.0573953160796148
stream,306,,23.287041302595213,1.1322865791765686
stream,307,,23.466885596339864,1.0644316579414448
stream,308,,21.253253933419693,0.8490493316907561
stream,309,,20.011854472356767,0.8421270704741455
stream,310,,22.54532327228508,0.8568942655200292
stream,311,,20.56758237637752,0.8701419663785904
stream,312,,17.628540093536007,0.8731086453219261
stream,313,,21.128650743185702,0.8336007063413344
stream,314,,26.35302687158416,0.8282641202003712
stream,315,,29.871058002825404,0.8128155790680274
stream,316,,34.149605805884555,0.7479457510270524
stream,317,,33.639068011903554,0.61664490636486
stream,318,,34.338872115079134,0.6139796988936315
stream,319,,34.329905525130066,0.589769503970865
stream,320,,34.055997037333064,0.5920548710254168
stream,321,,34.84475529420477,0.6324854521914087
stream,322,,40.75778368887081,0.674061768695441
stream,323,,46.65171978225395,0.6428571040301695
stream,324,,54.87940366954685,0.6308274380585788
stream,325,,55.081135904659966,0.6515941819923055
stream,326,,57.5478196294162,0.5633768217157402
stream,327,,59.90727504945974,0.5120022056647345
stream,328,,60.15651634678322,0.5386361625290328
stream,329,,60.95136315388911,0.5400833396637822
stream,330,,58.60104009504392,0.5483804221252714
stream,331,,61.59234085342182,0.6938700136075961
stream,332,,64.83612339524625,1.1334796753302263
stream,333,,61.16560056404795,1.1837573602503102
stream,334,,56.15365079362562,1.203927332080462
stream,335,,51.57797035572149,1.2111632651806863
stream,336,,51.50694874551403,1.3714679976813051
stream,337,,49.90718968335276,1.3857830363584893
stream,338,,52.87527329127473,1.412416994230724
stream,339,,52.8268273635794,1.5238738429027012
stream,340,,53.16368857117881,1.5227280978166133
stream,341,,55.71620512455874,1.549428230707397
stream,342,,49.133417938047636,1.652208028330216
stream,343,,43.38825488918332,1.653275337443956
stream,344,,35.97219796334457,1.6653050401813232
stream,345,,33.60219800753805,1.812754193447816
stream,346,,31.356003500386652,1.8127541932038758
stream,347,,33.41562012120314,2.0483126896644928
stream,348,,38.076144728362564,2.0200747144576323
stream,349,,37.92977204395773,2.0872054808566713
stream,350,,38.48840373802453,2.028980980386878
stream,351,,38.0546705664208,2.0483546572425624
stream,352,,35.173614623345934,1.6644071714932467
stream,353,,42.036486074213826,1.861205325892692
stream,354,,42.583650425471525,2.4021414974806374
stream,355,,44.33602102356858,2.5987949517085496
stream,356,,40.510269910792644,2.54733584367627
stream,357,,38.46923637989228,2.564466848284966
stream,358,,35.39888953859641,2.622546797259089
stream,359,,37.772376605736476,2.4131039278126445
stream,360,,37.449118312251784,2.520231420403482
stream,361,,33.50579765534441,2.4706777651761764
stream,362,,34.05511848253383,2.3263216662357693
stream,363,,36.22224762845053,2.3564589836165943
stream,364,,36.72713117685261,2.3208221050890714
stream,365,,36.736289718950566,2.1583165000267615
stream,366,,36.559186027145756,2.2077316829259686
stream,367,,31.555414453173803,1.972173180122919
stream,368,,27.534098658477866,1.98809223611864
stream,369,,26.900200446793733,2.0298070263083177
stream,370,,27.204359018724148,2.0777749693445857
stream,371,,34.38850950959301,1.967271390965251
stream,372,,33.9910631584882,2.4489637503259805
stream,373,,27.367168757651214,2.1097811755313027
stream,374,,29.43319086455623,1.6519976846636322
stream,375,,29.05339569964575,1.4681998767320006
stream,376,,29.456998216131545,1.3769312836318734
stream,377,,31.269427806383376,1.5649373553811885
stream,378,,28.683976402939862,1.4945385168926788
stream,379,,26.31458068363799,1.4912642554348559
stream,380,,26.42460181960102,1.3873387171716793
stream,381,,27.310167100621214,1.467265052093223
stream,382,,27.38879090331463,1.4684107792534091
stream,383,,25.21661391407035,1.441776873663003
stream,384,,22.90336646621179,1.444363700113589
stream,385,,25.9275059861559,1.4914151445717074
stream,386,,25.910603729455794,1.6649552750964312
stream,387,,27.097991276694458,1.6950926293317312
stream,388,,25.86713964329533,1.7529556445104537
stream,389,,26.915368073402483,1.6776123098958329
stream,390,,29.59409179764575,1.6631466061538167
stream,391,,19.94772155184802,1.7898646592132958
stream,392,,20.477173766191296,1.3000259872683033
stream,393,,20.511114361423854,1.368839244807596
stream,394,,20.17229191883571,1.312784866413626
stream,395,,19.439841303833944,1.3070866994533141
stream,396,,19.683882953954836,1.2921687715851726
stream,397,,18.142515539267972,1.1654506487202108
stream,398,,18.2382401392063,1.2162101323153474
stream,399,,23.5080018117809,1.3203342676207626
stream,400,,25.59794495733695,1.8245551826188742
stream,401,,29.337941269480854,1.7485243458783002
stream,402,,31.02047701993363,1.7614584089452476
stream,403,,31.606106113193015,1.7723362037158734
stream,404,,39.95219687965371,1.8666742009389277
stream,405,,38.24448649893692,1.8792100004400283
stream,406,,38.371815333991975,1.7343477417233049
stream,407,,38.60648065405712,1.7111326554692683
stream,408,,40.18525746623593,1.6354512102925867
stream,409,,43.112403168492605,1.6306391606367805
stream,410,,39.48673263282297,1.6919271722736675
stream,411,,39.47513958595976,1.4692731307499725
stream,412,,39.418263200340995,1.454807341368986
stream,413,,40.34212797712482,1.4781008219212168
stream,414,,37.97386497199924,1.5024077029508314
stream,415,,38.66002807650389,1.5120013695796728
stream,416,,38.99782827032747,1.506827774882759
stream,417,,40.06949956205052,1.4097522228716968
stream,418,,40.31129483583053,1.517313504861281
stream,419,,35.901254503139185,1.5262502337261747
stream,420,,35.44224188351653,1.0363443161494106
stream,421,,33.0619438926945,1.2886772615885747
stream,422,,34.13255584682874,1.273608566854427
stream,423,,34.68873922501752,1.2770457423604578
stream,424,,26.309912356197497,1.2094384859588703
stream,425,,27.761823279603405,1.2201717554432343
stream,426,,27.775312904348503,1.191493840108724
stream,427,,26.240772856524753,1.1978977232760106
stream,428,,24.607416599929454,1.1968304073693594
stream,429,,20.593150650722585,1.1728616576023345
stream,430,,22.19605232622256,1.1185020093338858
stream,431,,22.111690047896637,1.1618870572004243
stream,432,,23.153082384181477,1.155567676606008
stream,433,,22.489525244326494,1.1950755317969644
stream,434,,23.40421060889268,1.1187066410092312
stream,435,,23.021987211438226,1.2274258826105287
stream,436,,22.033332235476372,1.2428744238163505
stream,437,,20.651684379209815,1.2478188848951215
stream,438,,20.091236679280883,1.1003097160660225
stream,439,,22.89155450382648,1.0773176359124694
stream,440,,23.28741488826782,1.0598006841634613
stream,441,,22.147017793087056,0.7848494566430162
stream,442,,19.52040720157607,0.7896432106653851
stream,443,,18.615374208394023,0.8707752775920103
stream,444,,23.108388316193412,1.0949852385303407
stream,445,,19.859326139830582,1.218990073748666
stream,446,,20.60877516407794,1.182901080076098
stream,447,,21.235086237818084,1.1714743096783506
stream,448,,22.073560015794044,1.2322133682984164
stream,449,,23.269949052894376,1.227491965192771
stream,450,,27.326798995797056,1.2369888283140649
stream,451,,28.5949244476302,1.250863858850063
stream,452,,34.48279774139725,1.3444777089453304
stream,453,,34.72964230894512,1.3143647320700194
stream,454,,35.949687872468324,1.321974417205307
stream,455,,35.43572167048491,1.2252848113105312
stream,456,,35.083834187140155,1.22872198750793
stream,457,,35.29144066098278,1.2260628902616157
stream,458,,36.00049952259529,1.2152512382086116
stream,459,,35.2439270419382,1.1419335580120271
stream,460,,33.1315973886892,1.251924770249203
stream,461,,32.73944495387189,1.301038456875742
stream,462,,32.11325088792703,1.3159563557920326
stream,463,,31.98953311447356,1.2170059002119782
stream,464,,28.01287958458087,0.967669218932356
stream,465,,30.1865301355219,0.9064657164508018
stream,466,,31.306458054107072,0.8920722553105893
stream,467,,30.700112151707668,0.9658543302071795
stream,468,,31.43066778305861,0.9427900082388587
stream,469,,30.446044348483433,1.037580259169998
stream,470,,24.68712685709731,1.0104818618124083
stream,471,,23.67188515632628,0.962363163610556
stream,472,,17.11266698470577,0.8630390225314194
stream,473,,16.552508785627403,0.7303327783134534
stream,474,,15.05694432483794,0.7919884759844844
stream,475,,14.625083423596681,0.7919885127502602
stream,476,,15.83495594176795,0.7984464071916663
stream,477,,17.99338736340271,1.0498394027039382
stream,478,,17.88589508086176,1.3072736729825998
stream,479,,18.796340566538326,1.32096138884092
stream,480,,19.093444586134915,1.5190080083841746
stream,481,,18.114989536717058,1.4698943148547166
stream,482,,18.826753252052804,1.5022447216883337
stream,483,,18.543368054643864,1.5685616865796281
stream,484,,21.125717622641968,1.7524258045733265
stream,485,,19.402835208638315,1.766813218178575
stream,486,,17.35425533251082,1.7773233932505923
stream,487,,17.38590186303387,1.7035413073884478
stream,488,,17.094179723343053,1.7244954725602306
stream,489,,16.860971319252275,1.696835915492341
stream,490,,19.11837355835165,1.750652762037276
stream,491,,20.02481454173396,1.7473785389588479
stream,492,,19.20186973634996,1.742277203490343
stream,493,,19.26690078646318,1.7623687813801656
stream,494,,19.11324512277105,1.6931033947751777
stream,495,,19.15016638616517,1.6931033580094017
stream,496,,18.001149488670602,1.6791742955552817
stream,497,,16.83547959977825,1.5020155509474016
stream,498,,16.823305426610045,1.2260754347886378
stream,499,,12.995874038712984,1.2196053648289027
stream,500,,15.224769339948178,0.9798439185337046
stream,501,,16.09045768941328,1.2151007751124268
stream,502,,16.805866810877752,1.1651733473813044
stream,503,,17.149990421072285,1.1092036297553605
stream,504,,14.898949182831341,0.9253395117616623
stream,505,,18.57108183564233,0.7841495547967401
stream,506,,21.677770335165683,0.7740192495911589
stream,507,,23.52090567314148,0.7790421484533343
stream,508,,23.090976527499496,0.7233799365386957
stream,509,,23.576501795979727,0.6537347304323661
stream,510,,21.504213501172053,0.6193281289470182
stream,511,,20.339899313961137,0.6226023734173405
stream,512,,20.347135074332886,0.6047839434193812
stream,513,,20.482002311312705,0.5990858016535505
stream,514,,19.989602792078326,0.6299105579733866
stream,515,,20.00955270091336,0.6127795891064406
stream,516,,21.358748314762423,0.662104147063078
stream,517,,23.314606633045475,0.5967699341588221
stream,518,,24.56292535974456,0.6069002559014469
stream,519,,24.584141851196065,0.6343244921213455
stream,520,,22.038335330593807,0.5692500337494819
stream,521,,22.5731607773152,0.4022696232012955
stream,522,,21.70506202066814,0.40699105251329404
stream,523,,22.281371490337524,0.39595637669395545
stream,524,,21.535159530442797,0.46813441848678905
stream,525,,17.417549046907485,0.4401073035344489
stream,526,,17.12417509771691,0.5164761963489172
stream,527,,15.614758130095376,0.5338302308346116
stream,528,,19.379753460692154,0.5982478629503761
stream,529,,21.394322199759564,0.6062374225095416
stream,530,,21.624097996718767,0.5868272094778169
stream,531,,21.655288513401775,0.5792837125247022
stream,532,,21.651154388850305,0.5785962708958258
stream,533,,21.431773180807685,0.5895464149908296
stream,534,,24.048129087137767,0.5895464518453036
stream,535,,24.077250135009084,0.7442497545972016
stream,536,,22.68758778757507,0.6949251759400394
stream,537,,21.582483957907606,0.7147152881801101
stream,538,,20.90819264313496,0.7067195941599139
stream,539,,22.986324106570105,0.6494594613953272
stream,540,,23.023444808080292,0.7316110471868813
stream,541,,21.836655408337435,0.6630331438144791
stream,542,,21.15947255056727,0.6672117399325641
stream,543,,21.32709737816932,0.7173143643145448
stream,544,,22.902405374294425,0.6416329104873518
stream,545,,22.894612109599038,0.6713180840212803
stream,546,,20.63203965649831,0.6134550667784185
stream,547,,21.31427387784466,0.5986216502475846
stream,548,,20.891474125992893,0.5672540034005958
stream,549,,18.697664279942817,0.8542347837198021
stream,550,,18.850394570629177,0.8318578613374871
stream,551,,19.889238416605384,0.8368807595335022
stream,552,,21.405993787247933,0.8378696525105573
stream,553,,21.746684660606427,0.8197620043073248
stream,554,,20.987170922963188,0.8040058575592585
stream,555,,24.781470466600602,0.6458653750421932
stream,556,,29.549514763810535,0.6374175244428371
stream,557,,29.453396236742975,0.6359102343165346
stream,558,,28.21848224608809,0.7791206828908346
stream,559,,26.451487499147902,0.8089566149737865
stream,560,,26.457891213884352,0.7582510874893169
stream,561,,26.243135460961998,0.7582511009059808
stream,562,,26.25081632620257,0.7498032632706578
stream,563,,25.162720592508144,0.7003880803714507
stream,564,,25.884295091428523,0.7860429922448899
stream,565,,26.784575999040754,0.7597828087288527
stream,566,,27.781211579094638,0.7454677705717259
stream,567,,26.976932200360643,0.8839984114885122
stream,568,,22.89403889361508,0.8490490456311265
stream,569,,22.597217224066267,0.5645888812913396
stream,570,,25.255629340910655,0.658926951826369
stream,571,,26.12387483365513,0.9850359219825188
stream,572,,24.80927888441379,1.1430196897391156
stream,573,,24.164270939702448,1.1371525248038212
stream,574,,22.781211887275227,1.1360974219765818
stream,575,,18.947382968686192,1.1258224519229072
stream,576,,14.293092244667147,1.127426467623888
stream,577,,14.086361890296084,1.1337458468042358
stream,578,,13.9557409906839,1.0327747202364308
stream,579,,14.571068073710643,1.0159634592611406
stream,580,,15.928800992174628,0.9801758547203628
stream,581,,16.72174681928391,0.9804773130036566
stream,582,,16.695770196261815,1.0028542045443263
stream,583,,19.698175470347195,1.0990916518118943
stream,584,,17.903079024390742,1.2886895308632837
stream,585,,17.879007657522823,1.2786437404197448
stream,586,,17.8132885854538,1.2770397225811505
stream,587,,17.71012670912046,1.1423923462106302
stream,588,,20.98871370652799,1.241342920334573
stream,589,,21.18290043690346,1.2894616935264127
stream,590,,19.918668197611684,1.236910797811929
stream,591,,19.943683616904426,0.9028122501263853
stream,592,,20.551234890150816,0.753969890653543
stream,593,,20.537909543685686,0.7886178364800842
stream,594,,20.071029095189015,0.7886178847566628
stream,595,,21.390780195550413,0.8626047179816205
stream,596,,25.718131440013575,1.294882790833328
stream,597,,23.995721890831415,1.482888672153051
stream,598,,23.988787073036097,1.4385147262228155
stream,599,0.7950317972003689,24.562300972733645,1.4765631754548667
stream,600,0.7936524519575971,23.68434802147004,1.6090402744268986
stream,601,0.7903106204252819,23.43468605236754,1.6080513704721198
stream,602,0.789556675192616,24.298110942462507,1.6940679051343213
stream,603,0.7862929882028155,22.83962023787603,1.770352274431452
stream,604,0.7836300670416345,22.15538770741487,1.5547712346426976
stream,605,0.7777349009154496,21.32370465145511,1.557973183094472
stream,606,0.7659527463598752,22.24902951676172,1.622390761054743
stream,607,0.7547455697796307,22.444772147587425,1.6280888227035384
stream,608,0.7443711224420879,19.620997258510833,1.58881004745917
stream,609,0.7358682137665437,23.93522629008089,1.574934924457807
stream,610,0.7328233940134861,22.086656382568705,1.6759059389372177
stream,611,0.735282348613629,20.098619270892144,1.6902993996338984
stream,612,0.7365016231747036,19.770812543582835,1.7094865977363518
stream,613,0.7469131423271848,23.7140505658609,1.9684403416066059
stream,614,0.7561977495846067,23.651677740123542,2.0625430778730482
stream,615,0.7710849268532811,28.836220272788324,2.2074052814193768
stream,616,0.7875772068586048,25.42293059389963,1.8678612120208706
stream,617,0.801676398060006,25.49052289322746,1.7112229011884692
stream,618,0.8133963114561673,25.56127447476743,1.7108430234002932
stream,619,0.8253262698251376,24.535031866298922,1.7031549173995455
stream,620,0.8366646783136934,26.514087035887933,1.5957922827142275
stream,621,0.847575241021395,26.738382102391906,1.6142981591637575
stream,622,0.8565513830879251,26.91903999026763,1.5033179210145342
stream,623,0.8617834803253518,27.689908815648522,1.5496819208856256
stream,624,0.8668959614090604,27.846084910095026,1.5496819190493376
stream,625,0.8720399462325813,29.266937237494137,1.6451290965984535
stream,626,0.8759058644652742,26.88421078648732,1.6451292029753362
stream,627,0.8787404535075622,26.70451657091852,1.6261049899340516
stream,628,0.8805314169437266,27.669119068670927,1.5950632540911824
stream,629,0.8827898164552935,23.169323169368997,1.5815140553071656
stream,630,0.8829657724979768,30.975979929450578,1.6557421193426398
stream,631,0.8826335929464305,31.267647681584766,1.833551459661139
stream,632,0.8830948968124067,33.72189123387923,1.854336539625353
stream,633,0.8841219524311723,38.367961271213844,1.609848537676959
stream,634,0.8845783412700948,38.42425238409403,1.835450770334263
stream,635,0.8836327561640209,32.79802754888793,1.6619106379571633
stream,636,0.8831790329749953,32.90046207760609,1.7004775724185435
stream,637,0.8823354316120281,36.858082577597536,1.6584368619050087
stream,638,0.8824251975276847,36.77217369080601,1.832025990837715
stream,639,0.8810134449159563,36.316062524570796,1.791842930598558
stream,640,0.8786706693922594,34.18151330359597,1.7737352332499465
stream,641,0.8756331358876135,33.7383137854918,1.7548494867717896
stream,642,0.8743528955105258,33.438189901740664,1.8437541623820601
stream,643,0.8743151781317033,32.41642880783469,1.6251698050257397
stream,644,0.8739756064596974,32.633766311636215,1.5716666959894527
stream,645,0.8722602019698312,32.08570410083399,1.4720286846127626
stream,646,0.8676434624780103,32.0673886537995,1.4551267639719716
stream,647,0.8608972838298812,34.20652822610162,1.5654195015515102
stream,648,0.8513786428479674,32.91741122341698,1.6684285204303444
stream,649,0.8436025268631228,33.13764872571278,1.6374530358578867
stream,650,0.8400277027438955,26.852000826497598,1.436385838112045
stream,651,0.8429984532477274,27.380024598600045,1.2471497160241125
stream,652,0.8484596973808652,26.059951455289394,1.1991817649391214
stream,653,0.8532632053747665,20.114740430659268,1.1532700169032883
stream,654,0.8592715262127404,20.012113374794417,0.908456257453243
stream,655,0.86471698516079,20.78294910668464,0.9009189120252192
stream,656,0.8671722188821727,19.634916656492134,0.8346925347302149
stream,657,0.8676712500217182,15.70853574032516,0.8237423597935661
stream,658,0.8677472703788133,15.732653604989299,0.6553268404520097
stream,659,0.8683758201990537,16.005257351879038,0.6553268268448548
stream,660,0.8691277920384642,15.754660206192094,0.6734345230072486
stream,661,0.869766239863733,15.711204898460378,0.6764012019062369
stream,662,0.8690754719054061,15.750305776445908,0.590083327276763
stream,663,0.8681888125105695,14.67332081665173,0.6654633154381143
stream,664,0.8660465254498624,14.74076232284032,0.6607418683745965
stream,665,0.8633223220166633,14.3035781509464,0.730007253147218
stream,666,0.8619751174636296,14.354236538563875,0.7155415510792981
stream,667,0.863912718868691,13.836719866941742,0.6471265372489028
stream,668,0.8667593571266909,14.004397732617372,0.6377313658489632
stream,669,0.8661270100754747,24.760921556168974,0.8783483571840857
stream,670,0.8648458770257603,28.477520517492806,0.9180914661961256
stream,671,0.8621345636974439,28.810542813168706,0.9580699021585602
stream,672,0.8582074382222813,27.315661823923413,0.9699488621390907
stream,673,0.8536995464075292,25.633451413419632,0.9767927266355104
stream,674,0.8472160517670247,25.7794232732041,0.894744003610813
stream,675,0.8465439107401065,24.125859654576857,0.8661922869213734
stream,676,0.8476479770845418,25.23448187686703,0.8325637831948121
stream,677,0.8506498630612638,29.89132118589239,0.8767991979287713
stream,678,0.8523798041539058,30.380493724471986,0.9323646446870091
stream,679,0.8567474598464908,35.07051129965531,1.0362901283442143
stream,680,0.8582673425051233,35.120282085050505,1.2517925445026623
stream,681,0.8585023793383387,35.09074624337747,1.3074547182657354
stream,682,0.8588493718188814,35.045849821441436,1.329831587557901
stream,683,0.8599216557616766,42.79079816298863,1.3531007102109969
stream,684,0.8608666331086932,42.44726129859634,1.7425182511068893
stream,685,0.8599500945538952,43.20527068925166,1.7842331084282828
stream,686,0.8570638080881451,47.8302605342873,1.8273767275048094
stream,687,0.8556795105761792,48.23948972819118,2.154818902025751
stream,688,0.8554971289265405,48.1660913496279,2.2555304032087653
stream,689,0.8552093726154546,37.338479355463974,2.0443816405739867
stream,690,0.8521539530069328,33.394942688461924,2.0001462231258174
stream,691,0.8474369150667398,32.26653857141568,2.0019548882375835
stream,692,0.8431743871216115,34.15980919506883,2.038043879342044
stream,693,0.8388389459427731,33.196604409510456,2.1266471297813436
stream,694,0.8363421033732727,33.39601095287925,2.123981888579032
stream,695,0.8371806130936249,36.00738003831058,2.1392858572429865
stream,696,0.8361482002707032,34.85298160078423,2.239140809670662
stream,697,0.835601859236251,30.10512646269729,2.18188071816191
stream,698,0.8323920924317572,29.757411640518672,2.124108351693154
stream,699,0.8274125197780348,24.79539158568072,2.0166794764390565
stream,700,0.8183288379353857,24.610192780210223,1.7830693806017484
stream,701,0.8133069910383453,24.692039085832995,1.743326273393819
stream,702,0.8105673732667479,23.949363948280272,1.7259723016315085
stream,703,0.8125008015342697,18.2676712769563,1.702703174850134
stream,704,0.8118383246685762,20.457035414451713,1.665347193594147
stream,705,0.8073677286420059,23.367048309909134,1.5694356182085982
stream,706,0.8028410454457435,18.678373474841873,1.6496277796319272
stream,707,0.8017317499810216,17.46755844072371,1.3169153072470625
stream,708,0.8030541311531634,17.272915628346702,1.1168796364422027
stream,709,0.8048543653576077,17.276723726621086,1.1060679846492274
stream,710,0.8112877037495801,18.97624850091549,1.1421570459866048
stream,711,0.819482544633091,20.211263263696882,1.1174948168480925
stream,712,0.8278537174233797,19.675438200386235,1.0680796725631196
stream,713,0.8334490689052678,19.73928799639869,1.0573464065891562
stream,714,0.835009745712553,20.748061262222837,1.0839803626411915
stream,715,0.8351254279561019,18.2454181142926,1.0902996703863008
stream,716,0.8330470724357504,22.429838185011285,1.0437125226265642
stream,717,0.8302075405081888,23.151609751529467,1.0928262181062351
stream,718,0.827387466464613,23.042912693891758,1.1042529643656844
stream,719,0.824967739253404,23.547722090854343,1.1392024011664938
stream,720,0.8221315816588789,25.57262456792918,1.1392024018004763
stream,721,0.8191114427905771,27.704664222011676,1.4748927224926058
stream,722,0.8159052720279223,27.83732323589013,1.5098482605190544
stream,723,0.8158828543539135,26.95072964087294,1.5304041391690324
stream,724,0.8174814643317424,26.899721607008917,1.3998506111246827
stream,725,0.8195934875439788,24.425370379111374,1.6938086651593505
stream,726,0.8221217979640819,27.081821845588824,1.5346852817606378
stream,727,0.8254688462337143,26.133388693623065,1.5666558057516382
stream,728,0.8280453791497475,27.396734711419533,1.5666558045975987
stream,729,0.8293193859397674,28.81797085555007,1.5488374014682342
stream,730,0.8285580558899869,28.483090387426763,1.5029255968027246
stream,731,0.8256404735317003,27.369939443602775,1.543573054963998
stream,732,0.8225700117662629,26.08107064558127,1.553920317383654
stream,733,0.822687374072113,26.044843071126632,1.4886228413974576
stream,734,0.823169332003228,25.52008946825346,1.4814051978069502
stream,735,0.8245106669457506,26.49576578640303,1.5686997787460955
stream,736,0.8285078826585788,23.639916196705126,1.4797950968185989
stream,737,0.8332576827246879,25.68595795140741,1.4407271909862929
stream,738,0.8379688203332218,26.449705504256794,1.6629594652983943
stream,739,0.8420004573226914,26.744033611960916,1.7628142680070253
stream,740,0.8433242359937627,25.15194363233344,1.7580928380610445
stream,741,0.8421807349165722,25.344553996792804,1.428860384161641
stream,742,0.840214512721504,26.228787559739324,1.3964254646583762
stream,743,0.8376239327829064,24.88902348492077,1.3135142653516965
stream,744,0.8332136282219424,22.755613852005744,1.0894917316863582
stream,745,0.8275517075629656,21.147323786562893,0.7803142851578218
stream,746,0.8239468223536126,22.46146666627277,0.9685198820739045
stream,747,0.8220796746711999,22.746923449390515,1.1397208516538138
stream,748,0.8220603455511162,22.44680436392134,1.2360306532024032
stream,749,0.8233683245515268,20.862814503664783,1.2603069485629312
stream,750,0.8254063208835962,20.357302410283467,1.3557540789581621
stream,751,0.831317528856982,21.18943506236837,1.5489225814275414
stream,752,0.8390869318753784,23.005151528840486,1.5480181852261914
stream,753,0.8440857718271627,23.4617018245756,1.7012376524660617
stream,754,0.8483185371427876,23.99501287360991,1.809956950209172
stream,755,0.8501271342232561,25.13333218153702,1.9106683790438375
stream,756,0.8513620002889026,23.807597559994864,1.997010725959781
stream,757,0.8517385485100659,22.19035382235149,2.028541292962592
stream,758,0.8509953489649511,24.651134283771555,1.8108013290046563
stream,759,0.8487887539376842,24.21675949131094,1.7061344384603747
stream,760,0.8458336919042536,25.621688534941644,1.733317309581152
stream,761,0.8442073213094178,26.04698161389663,1.7152096287160747
stream,762,0.844257033595778,25.672971106882287,1.7300430139830438
stream,763,0.8456102110227187,27.90589733636437,1.7261597511591367
stream,764,0.8486980347871637,27.801948166236112,1.837519800094835
stream,765,0.8536166858376064,30.30088295129177,1.9486506958698184
stream,766,0.8592245501138754,28.568882584516167,1.7604450987258837
stream,767,0.8648865349848733,29.94726105827033,1.522113361999029
stream,768,0.8701719961102372,31.14296848542244,1.40219638566822
stream,769,0.8731713201916342,31.61593864055438,1.4008398243711344
stream,770,0.8744379984574613,29.446136975073973,1.308057931667814
stream,771,0.8729768552660361,31.537218594493318,1.1237956242981642
stream,772,0.869765621996795,29.64180287591874,1.2868744912075818
stream,773,0.8655310125074464,30.25916864804761,1.1240614062494283
stream,774,0.8595399740056325,29.78954476749166,1.1146664520337313
stream,775,0.8527800516573739,28.201869226127034,0.9991399900643307
stream,776,0.8447082702376476,28.476799385312876,0.9820630280671119
stream,777,0.8390975071852727,27.294282673637923,0.9463538605670541
stream,778,0.8375215035249703,24.916066474263538,0.9779505672436702
stream,779,0.8386578101545411,24.497808247583123,0.9779505303891953
stream,780,0.8402904160634126,23.922242051967537,0.9683447076271813
stream,781,0.847436414556957,20.83836331354477,1.0115912294001739
stream,782,0.8537653246113955,22.69347572391496,1.031001471307241
stream,783,0.8594343217068362,22.600336854225446,1.0207204441792792
stream,784,0.8638065893812268,22.878244096590045,1.00666509289062
stream,785,0.8675578605220424,20.70778171059578,0.8953050489115515
stream,786,0.8699921433848988,18.51893483728422,0.9151674513799526
stream,787,0.8712411040026503,17.213168450486236,0.9315387052350093
stream,788,0.8721487757919009,15.743343350288619,0.9336733233807416
stream,789,0.8728476666298036,15.45657688405018,0.9148598687163321
stream,790,0.8728175986113601,15.773533421022826,0.9086912396180001
stream,791,0.8718415872739426,12.705350965053617,0.8544945506770493
stream,792,0.8684917895636813,14.931053705025597,0.767627727228612
stream,793,0.8659179707358906,14.00105091101685,0.7909089999333198
stream,794,0.8628450120283249,13.764954223866207,0.674833568663137
stream,795,0.8598047533791339,13.648251350727687,0.5677060658868478
stream,796,0.8592320575750774,13.38259999984285,0.5135093728297917
stream,797,0.8591207820793176,14.446001601493546,0.5422901372374846
stream,798,0.8612999921898445,13.847130644570665,0.5709680542460912
stream,799,0.8655307561726107,14.025912330206214,0.5757801407563722
stream,800,0.8715250661776675,13.040508393585696,0.5868932181386234
stream,801,0.8759957681281368,14.570172098912666,0.6449069583922415
stream,802,0.8786316074163399,13.11889509903306,0.7773596801382142
stream,803,0.8796341363566578,11.817745860444367,0.7781978476342424
stream,804,0.8790820053315855,11.56291910803291,0.7169098643082811
stream,805,0.8779909669655007,12.294426587939691,0.7776489739100338
stream,806,0.873878898241091,17.237038263698654,0.7829009704864263
stream,807,0.8670533668836701,16.925946036119328,0.9839681682322681
stream,808,0.860311408627763,18.152718399615612,1.0707382921249646
stream,809,0.8527718983492913,17.93468416905133,1.1241936471098768
stream,810,0.8460134267359094,17.78984505670505,1.1282999688774245
stream,811,0.8446122810627896,19.96857843179736,1.1440561174778665
stream,812,0.8462786403933612,20.713567064990638,1.0587026657331315
stream,813,0.8519776800959514,21.463578140674382,1.0354213921344124
stream,814,0.8583931917626533,21.694011181427843,1.136681653527041
stream,815,0.8640059958118015,23.427888684034286,1.1425488261936054
stream,816,0.8692394352090027,25.55101230664787,1.1274801305332682
stream,817,0.8706137668683681,38.54538980626944,1.2650524658322881
stream,818,0.8706799019805314,46.522336663882726,1.211235709101984
stream,819,0.8671717426851552,54.364724372399934,1.1752189943143394
stream,820,0.8593678650275269,62.23623632836896,1.1442435113876965
stream,821,0.8472586141777636,67.35709379488225,1.0359764660533752
stream,822,0.835653844532889,66.57988952296893,1.0215891432746167
stream,823,0.822856181565487,66.60478439187281,1.0277577598342074
stream,824,0.809513212397563,66.76210199806745,1.0524801055190045
stream,825,0.806104987655517,78.68001780443264,1.3258395388779343
stream,826,0.8030815125417444,74.44441384942822,1.572294108546358
stream,827,0.7969716799483483,79.16816976549991,1.4315015355097644
stream,828,0.7944684218927449,87.39894611376549,1.367560499863035
stream,829,0.7991532848120498,92.63613215757344,1.327817295233109
stream,830,0.8041129564830206,92.69268161077574,1.409365834877373
stream,831,0.8065184779456714,90.93320328143821,1.3785410415569608
stream,832,0.8098404817805173,89.74574106021201,1.408376939417881
stream,833,0.8132027085027284,88.84009670229993,1.4807057582469714
stream,834,0.8152382590783336,88.00968468641136,1.380199159253759
stream,835,0.8190217931253154,85.86385963762031,1.3834734214260254
stream,836,0.821858223361685,84.13495138178017,1.3876642728055268
stream,837,0.822498049379952,72.63351134644766,1.2500919007407505
stream,838,0.8234834913769513,64.34989307579647,1.285487349149838
stream,839,0.824183284483368,56.38237208054492,1.2900580574173781
stream,840,0.8235639202138163,49.34905277219217,1.3195262844397297
stream,841,0.8213433848540984,42.7624869289862,1.3889423931453773
stream,842,0.8179496585396766,42.82165344329908,1.2290898403916846
stream,843,0.8154510832485257,46.0670431505348,1.3010143896441053
stream,844,0.8177071565849477,52.237014034234875,1.248264889413077
stream,845,0.8217310372345733,39.723725703558436,1.046872663970126
stream,846,0.8269525311480449,39.38665264719309,0.7753036953708347
stream,847,0.8268505158964803,38.32348408414076,0.967941445765155
stream,848,0.8236772693032987,28.134678086155308,1.02175829231009
stream,849,0.820785403127033,23.551569412487858,1.0172660080122595
stream,850,0.8229329315012868,23.642578635014132,1.0001891050293226
stream,851,0.8258534189694499,23.484169604919174,1.050291735030172
stream,852,0.8301213002416636,21.595490601068764,1.0220537488577572
stream,853,0.8359259008934391,21.716285689938648,0.9378459604714404
stream,854,0.8389242003602445,25.266965006822286,1.016578646041653
stream,855,0.8388989454401778,27.64594429822606,1.01124207590462
stream,856,0.836959302750379,29.600191189813,1.0070512243790162
stream,857,0.8313524200985379,33.82496949668764,1.02151699971844
stream,858,0.823420738237303,34.778733108935114,1.0607958208700201
stream,859,0.816663186407578,34.80532164831613,1.0763166360363339
stream,860,0.8119972012087203,37.408522280886025,1.2238258080018638
stream,861,0.8105382231027717,39.1135839336138,1.173066270051623
stream,862,0.8103162411577289,41.791643305920736,1.181514130008078
stream,863,0.8098082494220739,37.95203071296383,1.145298721504961
stream,864,0.8105227550096629,33.10324034055087,1.1527577014857913
stream,865,0.8106559772547268,38.05906074629254,1.057726117292923
stream,866,0.8115513883145832,38.906763867372064,1.1079794659001359
stream,867,0.8120140734195049,35.148465758200096,0.8791264211956664
stream,868,0.8124029698407246,35.18024190407144,0.8051396184827322
stream,869,0.8140991600130707,35.565970936931414,0.7987356991149801
stream,870,0.8155467746405951,35.7822423583662,0.8748152407730967
stream,871,0.8170392966907241,35.540270677712456,0.8555374054088917
stream,872,0.8177771336868881,36.51303531095032,0.9030532704720412
stream,873,0.818903954716028,36.54898869660949,0.9159873445619306
stream,874,0.8187603376440398,33.467407682207856,0.833835772377512
stream,875,0.8171704178311743,33.042175581902924,0.8475478937806474
stream,876,0.814221833679826,32.54674249721631,0.8485367984337643
stream,877,0.8106173791067848,26.938809114809185,0.8032279415160879
stream,878,0.8078528093921488,27.99153395329715,0.7077807522122147
stream,879,0.8052090005223663,29.414429593096116,0.6879183742430068
stream,880,0.8010782325677939,25.71388265103783,0.5714508407970776
stream,881,0.8005231672649983,24.057180446478856,0.566958535741335
stream,882,0.8033611022279582,21.236043789812495,0.5566113292439197
stream,883,0.8046826857473639,23.964848699758477,0.6908728818980983
stream,884,0.8058183827658363,24.39071225709818,0.677938853935023
stream,885,0.8080538983331279,22.127574940265777,0.6482537157075883
stream,886,0.8109098452722314,21.75707632931923,0.616656964480437
stream,887,0.8126200780692449,29.741236538882486,0.7227527252600164
stream,888,0.8153679971063543,30.620567277004184,0.8260752946174117
stream,889,0.8198568315241999,32.40905069055973,0.8295003018254258
stream,890,0.8247130885793974,32.709061752364164,0.7342579978103652
stream,891,0.8296688195605162,33.0838176618679,0.7135635082332001
stream,892,0.835434555597675,32.09832732020044,0.6655954663730217
stream,893,0.8408750832732761,31.996484067456965,0.6573828326998202
stream,894,0.8468084431275646,31.454003270855882,0.6608016840075338
stream,895,0.8507951331164008,32.95871700061454,0.7622126465806994
stream,896,0.8516657135196631,39.494716447927914,0.784830922962652
stream,897,0.8506704721382639,41.24257481867443,0.8403963902418142
stream,898,0.8485747360158503,41.62169054412092,0.8358256965197662
stream,899,0.8448422512042933,43.09653431843112,0.8381110532175151
stream,900,0.8435179640075489,44.80185967389091,1.0916020858284612
stream,901,0.8436382992774898,46.1490849013617,1.0772086716203364
stream,902,0.8437507779893215,45.977379674797085,1.11215806414279
stream,903,0.8443321081518708,45.89511274682521,1.0045966974695653
stream,904,0.8432168230621683,46.82443987728429,1.0024620555594892
stream,905,0.8404281660250629,44.19355576117695,1.0304891352053356
stream,906,0.8350959664230287,47.2369453416159,1.07234240017731
stream,907,0.8300307949550788,39.31636307715772,1.0435982741559926
stream,908,0.8238588431095313,38.309084389741294,0.9376165828173832
stream,909,0.8169996480147961,37.02356415194707,0.9935863553949952
stream,910,0.8152411302419937,38.78784260546985,0.9503397884213961
stream,911,0.8188678225232968,45.454786319971866,0.9695269865238493
stream,912,0.8219053471002468,47.78675012302968,1.0194544180414735
stream,913,0.8255022574316292,53.714037828119594,1.048235200346788
stream,914,0.8296488199935514,54.076127000659135,1.1402633993455433
stream,915,0.8327360168438199,50.7181108174588,1.0199666917365673
stream,916,0.8327848285918482,43.18989842728992,1.0005503481159774
stream,917,0.8320128312304204,41.224797253774376,0.9401911564485441
stream,918,0.8314774373907837,38.8791763953621,0.9926331323510326
stream,919,0.8316695052494238,35.89943828085251,0.9946893510553956
stream,920,0.8343524113027502,34.17585836948625,0.6834259974767539
stream,921,0.8352286804185995,32.70202282977156,0.6834259978950558
stream,922,0.8383080372125375,32.77401939445773,0.6477891575473772
stream,923,0.8413501095210573,29.953991262004383,0.589558427097396
stream,924,0.8421148907463395,32.42579602716936,0.7250501865769015
stream,925,0.8442789700836223,31.80887634584142,0.8774682601880621
stream,926,0.8445544631768297,31.829732788406154,0.9795484708552328
stream,927,0.844996582307983,31.800611936466314,0.9677479536521312
stream,928,0.8428163562247863,35.37901959210959,1.0443938196494125
stream,929,0.8384843083741349,35.67704694109885,0.9958952425053436
stream,930,0.8291334879231514,39.3706362899293,1.0263340444323379
stream,931,0.818940443693223,33.06087348435676,1.4107224397009854
stream,932,0.8076957284574677,30.6804656361368,1.3634541021228233
stream,933,0.7982425374595724,25.46741317017725,1.3703824219647707
stream,934,0.7885133881958083,26.22449253196995,1.270593811817473
stream,935,0.7792249315415957,26.037673545786404,1.3017984392099486
stream,936,0.7787331623764999,28.288143373707925,1.3739764388781865
stream,937,0.788037714196662,30.785759730562624,1.3739764387320843
stream,938,0.7977310925250537,31.57616704336709,1.3662882865640962
stream,939,0.8111147888967046,35.074344493086045,1.38570458361436
stream,940,0.8243557864591217,38.91248868436463,1.3852524066964604
stream,941,0.8308283308670168,38.94016612161,1.562459038404658
stream,942,0.8314442055132693,39.69035907902025,1.5775277041869353
stream,943,0.8299216753673564,44.52116931221309,1.626852237733059
stream,944,0.8285415439577086,39.727943268103864,1.5777028905505739
stream,945,0.827651875944751,46.2086809376839,1.5251397743206463
stream,946,0.8268997820921316,44.494065888894774,1.4052656290806005
stream,947,0.8251821017136315,49.73772400478505,1.3221130170774213
stream,948,0.8240866286619346,49.13644749420693,1.2534628248624606
stream,949,0.8231757715348081,51.16810836141738,1.235945847512823
stream,950,0.8226871497691499,44.83494372737282,1.402160497717424
stream,951,0.8230587550160162,44.14282846957863,0.9883038743702212
stream,952,0.823824938717927,44.17489474034577,0.9831302783166286
stream,953,0.8237493792503132,43.80150118799305,0.95563378390928
stream,954,0.8207670708105251,43.29571553792297,0.9554046363674569
stream,955,0.8184447875687844,55.91164764465947,1.6221740207740245
stream,956,0.8181998481307684,55.73925318453793,1.6812969404244247
stream,957,0.8165219692173056,54.553603769038254,1.6860906805070033
stream,958,0.8165323905342003,61.42117662634147,1.6999657094667417
stream,959,0.8164604648071473,61.00804519961562,1.720732471583345
stream,960,0.814651683261139,57.26869302307509,1.8954245907349423
stream,961,0.8122387843038431,58.782621036635554,1.8155227194424057
stream,962,0.8110801996567482,59.00441977505575,2.007882517393345
stream,963,0.8123489239251448,54.18792493018525,2.0238922698516664
stream,964,0.8126707137360891,55.105500318507204,2.0485300316351
stream,965,0.8122599165581829,50.028583361737276,1.9126583999610918
stream,966,0.810088633231799,54.93778543276965,1.958997879862653
stream,967,0.8087870972700795,53.13846205961073,1.9441644941734646
stream,968,0.8082891569622486,50.4559170680156,2.0010385876741674
stream,969,0.8087140902368515,47.01167062264416,2.0582987219667483
stream,970,0.8105948421825072,47.18141453002666,1.9068513160299578
stream,971,0.8118515731243339,47.34742532381563,1.9079909305432685
stream,972,0.8167004129023312,48.54504283474101,1.9333345420222114
stream,973,0.823692289990314,49.02094726903387,2.0914751311831523
stream,974,0.828890030242556,50.608396522687585,2.2686816746368668
stream,975,0.8329441124171952,37.96077588382108,1.629336561988441
stream,976,0.8356225567079668,36.814189030678044,1.5702136423380413
stream,977,0.8371434603062241,37.15251809655246,1.5661073542694
stream,978,0.8359724257085557,30.924486450874305,1.5154680960225178
stream,979,0.8308909121920964,28.56409005625308,1.4736809957605792
stream,980,0.8254895460131265,32.542036725628336,1.346956864097947
stream,981,0.8204948549206431,41.11638240155126,1.3001346020537548
stream,982,0.8167698138532341,46.32577760756171,1.1037408348404203
stream,983,0.8140491261699964,46.344266929485556,1.162863578495877
stream,984,0.8127521456666998,44.940924939306186,1.0528723013372487
stream,985,0.8118616744262457,43.695563954056325,1.0539396166029504
stream,986,0.8090075749148871,37.32500928673823,1.0094088861267407
stream,987,0.8063647687025549,34.34669456957272,0.9999659995244566
stream,988,0.8037683298744013,34.58154291620581,0.9325817301555617
stream,989,0.7993338153771025,34.600887410508214,0.8741819767426566
stream,990,0.7947239454733628,37.359087736849546,0.8594146934262217
stream,991,0.7865087887082918,38.438065259289665,0.8626166274907767
stream,992,0.7802095034647719,41.04500162672402,0.8626165966491318
stream,993,0.7718246556882944,45.19836342120355,0.6970170441613577
stream,994,0.765450260694429,48.07821122946176,0.520039645173476
stream,995,0.7587748779395318,48.22112390725288,0.55871550600411
stream,996,0.7547523835667744,47.3461223155234,0.4933813273349067
stream,997,0.7651318642349461,48.226655215865236,0.5077625700551172
stream,998,0.78227465871278,47.320480103351244,0.7900709302936377
stream,999,0.8051688200910119,46.59739206575651,0.812447862049159
stream,1000,0.8173661245699945,46.275075145897404,0.8946717528050221
stream,1001,0.8250758013036963,36.995471070352764,0.8889430781519652
stream,1002,0.8288420620308332,32.79446818226845,0.8847644390404649
stream,1003,0.8306483651925212,32.961468748113,0.780097543117332
stream,1004,0.8306866572538241,33.10798169969398,0.7787287763129807
stream,1005,0.8291908228096448,33.02229248939183,0.7806281285463219
stream,1006,0.8270816002391088,32.32916115277132,0.736103445303772
stream,1007,0.8263779612504766,31.919874348491923,0.7504846527910056
stream,1008,0.8254359781123811,31.42308993706565,0.7507137978051737
stream,1009,0.8245332996456919,31.157113407562147,0.7693703963231866
stream,1010,0.8246833581584597,28.17227855868163,0.7368693261140322
stream,1011,0.825115806588653,26.867085467370114,0.7326785063975613
stream,1012,0.825918254958079,23.030071570721226,0.7073349257280866
stream,1013,0.82721943256383,18.769823748402555,0.7370200840542642
stream,1014,0.8274406040429453,16.852395325372985,0.7621345502307508
stream,1015,0.827217565166738,16.881321092989673,0.8687192608158955
stream,1016,0.82870392743708,16.338422982486897,0.8598192244928844
stream,1017,0.8280647709795602,13.63317027129241,0.9235310864940398
stream,1018,0.8265135960313252,13.493833849817635,0.7099819502691045
stream,1019,0.825457264319738,13.87857123315344,0.684638339208464
stream,1020,0.8201617842008004,11.070022264230339,0.5591678798049049
stream,1021,0.8155308441332842,17.73994382835383,0.6347107667140751
stream,1022,0.8122708941162434,18.22760538246744,0.665149529592445
stream,1023,0.8120589420200871,26.29588534073937,0.6768899835590111
stream,1024,0.8147688207562577,33.54073101365397,0.6798566734235539
stream,1025,0.8187297017076506,33.46412105882361,0.9718604582208334
stream,1026,0.8239690306484215,33.430249259078145,0.9716313161687118
stream,1027,0.8294264867476326,34.48485788166359,0.9762743499962837
stream,1028,0.8334555855900199,35.92590299112145,0.9764250789716037
stream,1029,0.8363148070807183,37.105598927353824,0.9577684804535906
stream,1030,0.8384163445827313,38.929047210661615,0.9539636303860005
stream,1031,0.8396653953166047,41.88968191362667,0.9615733161874477
stream,1032,0.8396573280673816,48.9338986511613,0.9927779799869663
stream,1033,0.8383231954907733,49.76152304528198,1.0318520079289393
stream,1034,0.8355097671184079,47.75596185045573,1.0067375449423688
stream,1035,0.8334235356678521,47.56247618228179,0.8457931467227191
stream,1036,0.8318090237345417,47.27156863754739,0.8457931467227191
stream,1037,0.8294042618563651,46.71807008411677,0.791976266963726
stream,1038,0.8279050466128669,47.07107133167158,0.8125321438578331
stream,1039,0.826033088694331,46.68542811827906,0.8279806836135098
stream,1040,0.8234098758508522,45.93698564535442,0.8259183762827255
stream,1041,0.8209893308869752,38.45778995121977,0.7200151268275337
stream,1042,0.8191916431546467,36.43519236635917,0.6967338695853856
stream,1043,0.8177999833637372,28.297929953476647,0.6985425347293281
stream,1044,0.8156589798968353,20.90124944555111,0.7028117591290504
stream,1045,0.8140159378599577,20.90678299422067,0.4279328283094022
stream,1046,0.8112661249226696,21.00108542419164,0.4359224054204944
stream,1047,0.8074334930624071,22.99197302327886,0.460584721253298
stream,1048,0.808519489245172,23.912359263436088,0.8970537472856837
stream,1049,0.8099077218912716,25.264963871902214,1.251400665471801
stream,1050,0.8132007718952008,26.83215744027579,1.2529985703873825
stream,1051,0.8198923441832607,25.30648399819102,1.263894756066668
stream,1052,0.8297516530948487,19.969333385452323,1.2340588667010346
stream,1053,0.8393352455558833,18.700231248938337,1.2900164215056837
stream,1054,0.8477797115127209,17.587931996531157,1.3274619691380092
stream,1055,0.8539078757611082,21.52297520781961,1.3818215940199814
stream,1056,0.8575376594819901,27.632112335567356,1.3865430340627163
stream,1057,0.8591996922677554,29.368199143889264,1.3865430672767742
stream,1058,0.8599040303241666,28.983375399230287,1.300652920950466
stream,1059,0.8591255384509225,29.671517279594624,1.2924403125765702
stream,1060,0.8573400276903571,29.481355793058498,1.2952562483004202
stream,1061,0.8519435027426541,38.302207620082,1.651249876389339
stream,1062,0.8458104772121902,38.004277314570906,1.8290594130737063
stream,1063,0.8388491414872282,38.38501074359155,1.7888763523305802
stream,1064,0.830450863357601,43.36847030235477,1.8490247615746154
stream,1065,0.8241667411540609,43.369275228002955,2.0529559672848925
stream,1066,0.8193937211175136,44.8880094608606,2.0954488433446623
stream,1067,0.8156224422547931,42.02534952124944,2.081899603577879
stream,1068,0.8138833476603937,40.282161074571256,1.6974926367855472
stream,1069,0.8103853471260133,37.65765796924856,1.3534267663553097
stream,1070,0.8049882300954649,35.60210996265341,1.3584496825376615
stream,1071,0.8011488805912225,38.47659414684417,1.3550124536845032
stream,1072,0.7992101076253144,43.186487344798785,1.36163325612994
stream,1073,0.7996118772955453,45.948902226566155,1.2478126830584033
stream,1074,0.7968968434453494,46.444563938911244,1.2398353271571771
stream,1075,0.7935071244327362,43.350874798817806,1.1438993891354532
stream,1076,0.7864469076463725,38.047781775439056,1.256960167731183
stream,1077,0.7789079182202127,37.04532789766719,1.3429766364478861
stream,1078,0.7732262682663673,37.87792071167354,1.3319419573338478
stream,1079,0.7720746193093171,37.23704691668577,1.3676510570269298
stream,1080,0.7670286804672775,38.47678263103688,1.4182904491402528
stream,1081,0.7638747374887856,29.61290591851482,1.0855781336986985
stream,1082,0.7598726156428315,30.940286481635866,0.9520041082762745
stream,1083,0.7525233153565576,32.360562980594565,0.947433387859995
stream,1084,0.7504548400875989,27.354653135426904,0.9496943230977152
stream,1085,0.7520969009436212,27.52428836290056,0.7259007405883574
stream,1086,0.7645353830202386,26.008080728574,0.6779327988522303
stream,1087,0.774649841806555,26.6367649062253,0.705357026823836
stream,1088,0.7832371790261965,26.017457064793156,0.673006645095132
stream,1089,0.7882351186281649,25.939797512679533,0.6627255943771869
stream,1090,0.7917347778947308,24.881211591517243,0.6599096088709078
stream,1091,0.7928851690697695,20.668455124616536,0.6741584654604938
stream,1092,0.7948607655601924,15.4312982147111,0.7453292612913469
stream,1093,0.793810063182162,13.715697298592318,0.9148781778743651
stream,1094,0.7916746586472604,13.23418609523698,0.9105244503160537
stream,1095,0.7888992917342097,12.57091379782475,0.9205702189867779
stream,1096,0.7837662651454643,11.759083225007487,0.814666946287298
stream,1097,0.7770797454427317,14.766008464536348,0.8955096979323888
stream,1098,0.7728294734796626,15.901308732156552,0.9095232409295877
stream,1099,0.7702989791290352,16.440192215868432,0.8962756164306935
stream,1100,0.7724345684100348,15.427858563869746,0.8422173587363617
stream,1101,0.7755286750081891,15.620012287506512,0.8405593360195494
stream,1102,0.7763347232288842,15.382448188404577,0.8008161331937352
stream,1103,0.7754325251905412,14.11962931946871,0.8021849071932304
stream,1104,0.7695178877563201,19.072297502447544,0.7911685480161482
stream,1105,0.7627820305270652,21.80676189364591,0.7989289806653072
stream,1106,0.7437141060433394,33.87309647970731,0.8731632897395654
stream,1107,0.7225907817023366,33.502250245407474,1.1287644824869913
stream,1108,0.7050247765823436,33.86705044512847,1.1090528049756425
stream,1109,0.6915552815008272,33.93645021537443,1.1092035339509625
stream,1110,0.6809972990475511,33.6752504627148,1.1042590725638979
stream,1111,0.6739173723653707,34.46743799255424,1.1057663640386097
stream,1112,0.6728985938035974,37.331279694936065,1.0578106195897103
stream,1113,0.6749622910403296,36.964454275475205,0.9053926347178394
stream,1114,0.6743555475352616,41.759035979638156,0.9248028036142982
stream,1115,0.6714313777123712,45.33199975185736,0.9206242067000395
stream,1116,0.6653777209949693,48.66653862310151,0.9072980842441989
stream,1117,0.6544096127064508,45.27264520942561,0.7580403595166406
stream,1118,0.6509753363089363,48.959696666158294,0.8329315625026416
stream,1119,0.6464572219121597,48.75779163787687,1.1736212406374835
stream,1120,0.6544493489350376,55.13917122127188,1.4832803639472947
stream,1121,0.6687505731249783,55.07123622888365,1.651152908902495
stream,1122,0.682914348192528,56.59674695232851,1.805856205445887
stream,1123,0.7065135042087638,55.800993120004115,1.9045051872135779
stream,1124,0.7238942481709806,52.042223347053955,1.9132605569974457
stream,1125,0.7340634962889886,51.91174444102421,1.919664439498572
stream,1126,0.7374182403443089,43.784714993030626,1.8454301214494038
stream,1127,0.7353332952040322,44.9571616154399,1.5512916542380353
stream,1128,0.7260767696541625,53.56754709425998,1.6594081061988764
stream,1129,0.7133198170194538,55.22448659547569,1.738188713493661
stream,1130,0.6964958460820513,65.90693746691124,1.870665953376793
stream,1131,0.6819996379464656,66.75106213901434,1.9885022030071908
stream,1132,0.6733043125510295,63.837707313666286,1.9602642646548047
stream,1133,0.6726513874483269,63.203208655013114,1.9356621168095907
stream,1134,0.6815404880290037,59.20459511253277,1.9605535944122945
stream,1135,0.6965054397811699,55.44166241421922,1.9962627790298884
stream,1136,0.7116031750297155,54.156075843025405,2.055934523579591
stream,1137,0.729198735312941,53.79847112126397,2.2014241087394844
stream,1138,0.7487069031059868,47.91904270942636,2.113206808329932
stream,1139,0.76442282242743,49.08401199378817,1.866131084288693
stream,1140,0.7735217951640467,42.66050164296488,1.5758883165485988
stream,1141,0.7776773494389773,43.43467713086785,1.3834135495987583
stream,1142,0.7772199437763428,45.99698318651387,1.2889849322688482
stream,1143,0.771673074553417,53.15152896247062,1.1919338663822936
stream,1144,0.7650387405836274,52.24494582506291,1.3129843453678343
stream,1145,0.7564124999969686,50.02697095194948,1.3853131628967823
stream,1146,0.7474561053251239,45.93304008299505,1.4204733937618206
stream,1147,0.7390195085355964,46.5142140871136,1.4590106664216527
stream,1148,0.7340477517553129,38.840458557892646,1.3534810084208664
stream,1149,0.7328237859896386,38.09185747205493,1.4515271557083596
stream,1150,0.7365473374530068,28.82111114635436,1.47817321891948
stream,1151,0.7433098755331007,28.484837457643387,1.3343059136627267
stream,1152,0.7539196483173084,27.388096136885633,1.4104995985603284
stream,1153,0.7664627998546921,27.973100487014598,1.4351017859994348
stream,1154,0.7786914216932637,27.267524594529796,1.4261956368390778
stream,1155,0.7882991992646416,27.268761241767365,1.3904864693390202
stream,1156,0.7992911708933174,26.452583459794635,1.3904865189188091
stream,1157,0.811483380723607,26.27719537674143,1.226038908823279
stream,1158,0.8198059145540691,28.77450850315277,1.2697254170694297
stream,1159,0.8255785462378641,27.425891874060287,1.334848801503937
stream,1160,0.8292241710560001,27.841977364542114,1.3180976837561453
stream,1161,0.8314638815198849,27.447914015872954,1.3066831542295416
stream,1162,0.8319390074062075,22.130396047128233,1.2587274271329991
stream,1163,0.8330410955182123,16.53034218351515,1.3424830150596938
stream,1164,0.8332474707595049,16.225768235997883,1.1988020478646637
stream,1165,0.8349543099689672,17.88765239088284,1.1988019315745342
stream,1166,0.8352791251238647,17.91995972163526,1.2504117540205517
stream,1167,0.8355123306397739,15.732813720218566,1.194749590816901
stream,1168,0.8362549745997149,14.934825206322625,1.2106686693616047
stream,1169,0.8362726420536502,13.960154762589324,1.0646667054711991
stream,1170,0.8364392231856608,12.566343211595683,0.9078287663555062
stream,1171,0.8366819096103646,12.592572925702457,0.9456001899355346
stream,1172,0.8374190253793267,13.38070649489997,1.0023113707890754
stream,1173,0.8383439178431611,12.56975004349406,1.0336790269153684
stream,1174,0.8396033486334457,12.55535460227927,0.9743086987683032
stream,1175,0.8407010534015255,14.463826933295064,1.0784327320729896
stream,1176,0.841892618683403,13.1599043947347,1.1261898846128138
stream,1177,0.8434107054502098,13.591615863383756,1.1073764577462153
stream,1178,0.8447090797321924,12.119280494866338,1.063991408303417
stream,1179,0.8463577630426135,12.154081070977659,0.9429410350607766
stream,1180,0.8489279481571858,11.85414367023236,0.9382196054887498
stream,1181,0.8505252045107523,11.834009454697133,0.9829734721844895
stream,1182,0.8518071204080128,11.740929356185836,0.9757558543820147
stream,1183,0.8518617105403333,10.25055323650193,0.8904023508503015
stream,1184,0.8517033958641406,10.294529239910771,0.8481630717767666
stream,1185,0.8493055794327544,9.375499039260552,0.8310861159315096
stream,1186,0.840776844328689,14.046202141103544,0.773006223525757
stream,1187,0.8297949955108097,14.137474153639888,0.8903363144521352
stream,1188,0.8208045180517762,14.604583117874474,0.9300794693470273
stream,1189,0.8131145846110293,14.58721458335399,0.9513167839646162
stream,1190,0.8061152793269527,14.594064402612721,0.9567918309067467
stream,1191,0.804298770972777,14.80306917784649,1.022343060413291
stream,1192,0.8057626338167861,14.057366010672464,0.9118151174505956
stream,1193,0.8076645175043478,15.757219958075577,0.9030596451580952
stream,1194,0.8100996335597646,17.082723811641493,0.9020707375467926
stream,1195,0.8136606671700393,15.545919408714932,0.8061592964246544
stream,1196,0.818593767423657,15.558533246906041,0.7056525940740126
stream,1197,0.8251988419578266,16.579192501342522,0.7434240041860412
stream,1198,0.8312908094704542,15.576222758032923,0.8420729903903034
stream,1199,0.8350603628420464,15.350879110255127,0.7792593258258695
stream,1200,0.8370613265897514,15.499291630077323,0.7968364012719559
stream,1201,0.836436238832936,20.91900312762231,0.8413670929917296
stream,1202,0.8331624220433844,33.85887602799645,0.8621338353491965
stream,1203,0.829486870216675,40.22234700690904,0.896781773996682
stream,1204,0.82541367408943,40.55307370879793,1.0678564008435172
stream,1205,0.8216703776548457,39.386319811296914,1.0007256875346482
stream,1206,0.8173724429835706,35.22289920735238,0.9746946342968146
stream,1207,0.8125662609870645,35.60913385565933,0.854626998910105
stream,1208,0.8099309019268647,35.423355408751426,0.9044943596625438
stream,1209,0.806304921981033,35.414846404119345,0.8773959605986792
stream,1210,0.8027722740770874,35.5510563020217,0.8799165765780987
stream,1211,0.8018699422875436,34.09287949590323,0.7714203144526108
stream,1212,0.799828011443222,34.7718692673592,0.8353613158451467
stream,1213,0.8008683958669386,34.229096364688615,0.9094388070615481
stream,1214,0.8034020630980211,33.28839491145013,0.9142325572852485
stream,1215,0.80626842775025,34.006820464220745,0.9060199479851643
stream,1216,0.8032792718444997,34.01195482683655,0.9233739992709585
stream,1217,0.7983672752306596,37.32417386940555,1.0397814966946421
stream,1218,0.79638466366941,42.41301936997295,0.9443344435278607
stream,1219,0.7948253888281764,43.4686969696125,0.9845175599331786
stream,1220,0.7889642575993917,43.0687140146031,0.9695995916184168
stream,1221,0.784781730405792,38.648588321298206,0.9476993029901
stream,1222,0.7792497462277431,25.761716436055057,0.9341501086748335
stream,1223,0.7759115420724766,19.648101325385092,0.9182249472525719
stream,1224,0.7746494556642387,19.307699876423154,0.7457031274496944
stream,1225,0.7714263718725329,20.760715197195406,0.7586371757845775
stream,1226,0.7664168502281024,28.671098216260027,0.814202623842958
stream,1227,0.7626343967567701,29.64578588888782,0.9224697385161845
stream,1228,0.757751878098149,34.576003160793654,0.8664154096041486
stream,1229,0.753387418371078,34.60228217528895,1.000424283641641
stream,1230,0.7531165220119898,34.451200918526204,0.9924286102493627
stream,1231,0.7534480377872396,35.05463007865268,1.0236332722821708
stream,1232,0.7552788669562338,34.430186941364255,0.9532344030728832
stream,1233,0.7581622191243466,33.37410835833214,0.8565447280226892
stream,1234,0.759251400758909,33.371592117662566,0.903813037185145
stream,1235,0.7623140703721345,34.72189099976359,1.1165301468436184
stream,1236,0.7645128306928005,36.94586535209247,1.0937010374788056
stream,1237,0.7661008606437402,35.584636301540144,0.9487419429100995
stream,1238,0.7696400632823884,35.04362624468398,0.9514071676288578
stream,1239,0.7728642713881169,34.14217756110562,0.9858137140899147
stream,1240,0.774944761823469,34.110617115065644,0.9808692493990079
stream,1241,0.7765251554117915,32.94265595638659,0.9239951757622258
stream,1242,0.7768573049207262,34.05423486917511,0.9452325255280147
stream,1243,0.7784348411258476,34.61705328100688,1.0987301060641377
stream,1244,0.7791135365386295,34.79661302977495,1.1673080045725508
stream,1245,0.7788957992305305,33.678342183822004,1.152239341662773
stream,1246,0.777819634186344,25.694729053811756,1.178222561284424
stream,1247,0.7751696150905448,26.96359844958309,1.2469328423487231
stream,1248,0.7721414820326971,21.841309333568297,1.213376653565377
stream,1249,0.7702202553121715,24.20707481759142,1.085228861341697
stream,1250,0.7705803833568607,24.845582922173325,1.0971077966638716
stream,1251,0.7737468460856525,24.12002093764886,1.0802965948933534
stream,1252,0.7786740677676178,24.307894297514945,1.0627796169914814
stream,1253,0.7835971559561667,24.85531612085266,1.1470596816411247
stream,1254,0.7898745131710169,25.32075524870588,1.1946356361341077
stream,1255,0.7953828525574907,24.38561613702558,1.1340351296548021
stream,1256,0.7988189583815932,23.56758160113907,1.1317497759191186
stream,1257,0.8012894433036408,20.256098990689836,1.1328049036638916
stream,1258,0.8009719216591447,22.247028685780283,1.3140037167522074
stream,1259,0.7981760521101945,34.26864080658577,1.2645407197793872
stream,1260,0.7936221038116817,41.33002689710269,1.289655156300446
stream,1261,0.7907564836997275,41.01498434484896,1.5199910865286763
stream,1262,0.78899714185994,39.88177106910861,1.4675491085016121
stream,1263,0.7879706601213093,42.12389420361917,1.4142566845080382
stream,1264,0.788119235652163,41.90700945543151,1.4338960905252793
stream,1265,0.7900799738840192,43.972810722134845,1.5792410890734667
stream,1266,0.7940341196139377,43.52744085803093,1.562164018904382
stream,1267,0.79947777929792,40.90644317144567,1.3851866263567734
stream,1268,0.8040893824072857,43.44252477282691,1.4039756166816877
stream,1269,0.8074356813570357,44.895778910966584,1.3741397289084039
stream,1270,0.8088650281091434,58.25382773558769,1.4711062736944045
stream,1271,0.8093827029956683,59.27006565580001,1.7285109339898148
stream,1272,0.808229666973941,65.90518020789499,1.7795840989687588
stream,1273,0.8049278915904758,81.55678493992691,1.7289325773299908
stream,1274,0.8002415048444395,81.04536009687642,2.089135476079306
stream,1275,0.7925343034366956,82.13140531540786,1.941197490514921
stream,1276,0.7823582109768977,91.48253030176002,2.0106135993344942
stream,1277,0.7792123362661493,91.47014149766201,2.3655522371771935
stream,1278,0.7804175646652056,85.52107704261424,2.263839772058506
stream,1279,0.7834984243616423,73.91419317531461,2.3037877087378535
stream,1280,0.787848542392872,69.21874165382239,2.51506993562512
stream,1281,0.7937914351672172,71.96224528363194,2.2767383117506474
stream,1282,0.7985764822397906,78.79811000489691,2.3353672135741763
stream,1283,0.8031452041241159,81.1800363687872,2.218037195411421
stream,1284,0.8041978174142567,87.75724324104235,2.135988513153808
stream,1285,0.8041310519786937,101.29623811386787,2.110560419802518
stream,1286,0.8020059220302144,105.2582362926965,2.1767867701363066
stream,1287,0.8001973540430162,110.6733296619688,2.1870677970364167
stream,1288,0.7977651007681774,108.63887309673301,2.180597725630436
stream,1289,0.7956821104665422,105.35685287529378,2.179458099331056
stream,1290,0.794899512588691,91.91554926484721,2.105772849389582
stream,1291,0.7938161822785009,93.23122197979555,1.8391483389430885
stream,1292,0.7925882832674839,87.64928713624937,1.805592126265387
stream,1293,0.7916688228978459,72.69690951586169,1.740517574816371
stream,1294,0.7918491607037544,79.45485174063312,1.3499419940164712
stream,1295,0.7923868796243315,77.68081596397784,1.4588242254046966
stream,1296,0.7947169760667283,71.59112759792515,1.4268537019337535
stream,1297,0.7966145261005899,71.52265319310884,1.2021913728043285
stream,1298,0.7992811612367503,71.02277328775068,1.1184357717179252
stream,1299,0.8014406742605247,74.2832489953561,1.285416179532732
stream,1300,0.8038359768100961,74.2719649275361,1.5637617580639436
stream,1301,0.8060908235496796,72.11959681902847,1.585234274598655
stream,1302,0.8078753535258871,65.46980955628582,1.5939897450870442
stream,1303,0.809447002098841,60.2101704735525,1.5935375576662378
stream,1304,0.8102524676911858,53.653662850842444,1.5876704008200992
stream,1305,0.8099083448928839,38.412132138521635,1.4985782443456797
stream,1306,0.8083969000090837,35.47559066603565,1.3637739950155998
stream,1307,0.8063239724996222,30.103426366050886,1.3772508708450881
stream,1308,0.8042952341920406,30.76733016578464,1.4917711577661763
stream,1309,0.8021648668124474,30.555127636542746,1.4995315869010353
stream,1310,0.8009222776574675,30.09890635264496,1.462236732956697
stream,1311,0.8012016817630476,29.129593830732777,1.5000082789910272
stream,1312,0.8022330116982467,28.076964170754703,1.4925371298586563
stream,1313,0.8037957580421881,26.60418340540363,1.4931400326728577
stream,1314,0.8065772068493264,23.007363054148488,1.5562011472328603
stream,1315,0.8106441153774878,24.73293213481563,1.4362842408214707
stream,1316,0.8122885929989545,20.670546826240056,1.5908124844815112
stream,1317,0.8133989317937563,22.00049393803896,1.5777940045050125
stream,1318,0.812817923389609,24.86039257991106,1.869797782383288
stream,1319,0.8109727338308771,21.127042525114113,1.6918009191647458
stream,1320,0.807162247268564,18.757853705079484,1.1778968477972276
stream,1321,0.8024090878273559,18.167110645056493,1.1564243207918092
stream,1322,0.7985699573874934,21.49921391626116,1.2123512389578466
stream,1323,0.7944667114783817,23.82834290853107,1.6700575229698607
stream,1324,0.7883039082216442,24.687297590806185,1.6766783248630615
stream,1325,0.7809672508417139,23.986035153167318,1.7062128097904485
stream,1326,0.7728951085215408,24.060801797802046,1.7165600286644533
stream,1327,0.7674442878316527,24.159552610796695,1.7030831528349648
stream,1328,0.7639701544657005,22.469503910407944,1.5813452523283917
stream,1329,0.7597344264309609,22.214732215795923,1.5735848201175424
stream,1330,0.7635985759438709,25.354668577330475,1.722245853618618
stream,1331,0.7656318848898803,23.948629457625344,1.7877970209531386
stream,1332,0.7719171508329967,25.308974022167245,1.8211363159411211
stream,1333,0.7777586670106783,25.727541960885894,1.830356166986216
stream,1334,0.7828770534775419,23.209886526155962,1.7028234708213585
stream,1335,0.7883787327459821,21.111914153918114,1.7070143041449646
stream,1336,0.7904870146292835,20.46898637003375,1.525321522892173
stream,1337,0.7915475681038336,19.46753296424338,1.411500847198074
stream,1338,0.7943307003742954,16.536552377826446,1.1772694485903972
stream,1339,0.7943581776004838,21.203176198637266,1.355266308184629
stream,1340,0.7891870938447453,28.56514138420474,1.3567134944242842
stream,1341,0.781297061651905,29.228946864751965,1.5032398394580198
stream,1342,0.773946291648636,27.292824613904063,1.384499243120414
stream,1343,0.7678073424851785,24.70036174892254,1.0135630124194561
stream,1344,0.7654491439800402,23.823855605421347,1.0058025779127213
stream,1345,0.7594564486339547,28.41481578710793,1.1044160783819574
stream,1346,0.7553658813322426,27.635552647524126,1.2043616644631454
stream,1347,0.7490931169400156,29.961474026654834,1.2235488599974913
stream,1348,0.7450427332391271,29.9892590713555,1.2692070139234848
stream,1349,0.7480463457319816,32.06825120447414,1.3689956907680862
stream,1350,0.7504420008279897,28.814439767115086,1.317259476995859
stream,1351,0.7541160241775334,28.827839158862783,1.2089922986278065
stream,1352,0.7587845059219479,27.42480022456592,1.1714743818080517
stream,1353,0.7654284164001731,27.048908097472392,1.1882855840007904
stream,1354,0.7725426041626774,29.41471763044486,1.2622723301131737
stream,1355,0.780584511348329,32.13784380493191,1.257930767814248
stream,1356,0.7844091511192338,32.699907833109954,1.2771179440047298
stream,1357,0.7858179101423853,32.829951550317546,1.2584613713112822
stream,1358,0.7836940591090873,34.93862371551232,1.2289269422687226
stream,1359,0.7787608395533858,34.88243099174042,1.0037157565043588
stream,1360,0.7718766065259626,31.56088529798775,1.0012012552268519
stream,1361,0.7618537947665445,31.558018974847414,0.9026429169494211
stream,1362,0.7518480340784911,33.09484660602552,0.9292768866085909
stream,1363,0.7438643108251879,33.14586480482734,0.9726987243533496
stream,1364,0.741368996364598,33.57853765154586,0.9978131946780993
stream,1365,0.7433395003498158,29.035557083629026,0.8456965141686913
stream,1366,0.7482488818229934,28.925347331027872,0.7772814748967865
stream,1367,0.7541951334321159,29.441984245467154,0.8243329206389589
stream,1368,0.7622052492256849,29.507602532530456,0.9175070162095303
stream,1369,0.7686791967360986,28.392132900486928,0.9042114744661667
stream,1370,0.775019785331739,28.388689784794174,0.8445814739717682
stream,1371,0.7811593050112745,28.366249482284722,0.8447322064857472
stream,1372,0.7849997962463309,30.773438013377472,0.9348010166958175
stream,1373,0.7868639147054312,31.083091778345757,0.9348010166958175
stream,1374,0.7883906143524914,31.175961691615235,0.923024970040738
stream,1375,0.7896540185355686,28.781422649209258,0.9604705221952994
stream,1376,0.7896397423842806,28.311432883669248,0.9462217150515689
stream,1377,0.7887102147082089,27.79801603014337,0.9614410856143502
stream,1378,0.7879015938962737,25.522097435747103,0.9313037653571231
stream,1379,0.7863246570799531,21.32488386876561,0.9271251690768469
stream,1380,0.7854358487919464,17.83767769654596,0.9967703762806788
stream,1381,0.7837877954294326,17.344591594905335,0.9967703327541686
stream,1382,0.779929962503715,15.330126528204945,0.9895527191686837
stream,1383,0.7752765840754962,17.036182784452222,1.0196655467624094
stream,1384,0.7697787960538776,16.949902428749475,1.0183089842791064
stream,1385,0.7658871611490959,18.44184668500069,1.0265215685721114
stream,1386,0.7607827977357141,19.241410455562463,1.1429288622665341
stream,1387,0.7567936136075128,16.118389589063504,1.0862715952742523
stream,1388,0.7541051891190405,16.03775764139981,0.9234522955797415
stream,1389,0.7539894563961355,15.044207960286213,0.8521785812833143
stream,1390,0.7533921163921093,15.159658080809578,0.828897345286975
stream,1391,0.7532796100939044,15.5143565178494,0.8295847831171641
stream,1392,0.751573062626414,12.8319930643204,0.7402696014706033
stream,1393,0.74886988845812,14.39155008450164,0.7858136966902783
stream,1394,0.7476146095663964,11.058505753931254,0.7338779129376546
stream,1395,0.7506199249069276,10.479490652158,0.7215467960040097
stream,1396,0.7562038725508088,10.51894913975723,0.7063273761253884
stream,1397,0.7650406441365273,11.505574154215097,0.7022934086509915
stream,1398,0.7733073634146528,11.465629227449222,0.7201118442112974
stream,1399,0.7791487925718357,11.01710331531109,0.7131050573075387
stream,1400,0.7849010093706661,11.01237972848202,0.7041989096912604
stream,1401,0.7891524443762519,14.557450272838901,0.7233616605182418
stream,1402,0.7904835047428599,13.48414001432705,0.7860968314979265
stream,1403,0.7896787994350433,11.799670166671389,0.6236574843780487
stream,1404,0.7884034475952026,13.997357789168229,0.7081666942857994
stream,1405,0.7860799654427304,12.573173213068996,0.8417590900302802
stream,1406,0.7823869574233919,13.96100830834052,0.734848656946435
stream,1407,0.7780062562064863,14.395714486731967,0.7577021834273231
stream,1408,0.7713663607730135,15.137723506762551,0.7577021838456248
stream,1409,0.7660564508742372,16.590440506705896,0.9306884505859814
stream,1410,0.7602860518044955,17.001979755904934,0.919261689853665
stream,1411,0.7555017992329125,17.87395761574824,0.925430322896809
stream,1412,0.7502164188890197,18.464902560636453,0.9188095132723173
stream,1413,0.7488787960377186,20.907810398623532,0.9287830324948403
stream,1414,0.7555023735642139,40.299498791680165,1.167241801064846
stream,1415,0.7646287655375618,40.542247508254505,1.60799717450424
stream,1416,0.7730506255205836,40.58658000001815,1.6091367964244374
stream,1417,0.7828680738771615,39.59524701791027,1.6028958722750448
stream,1418,0.7904148330404838,39.79710714805536,1.5891837368838542
stream,1419,0.7986230525714337,40.58338830001388,1.6563389114119
stream,1420,0.8058285924351243,40.20950179798078,1.6110484170949892
stream,1421,0.8125020731020067,37.68872583125063,1.5519134071551628
stream,1422,0.8172899685152947,39.10475536611074,1.6423977302839587
stream,1423,0.8215365249258887,40.320489544153645,1.6423977263391871
stream,1424,0.8246888505846613,37.868921756199676,1.5635988039049447
stream,1425,0.8264185834330746,38.16651632121556,1.4259724422784157
stream,1426,0.8276388087699199,36.91263343827273,1.3787041163976048
stream,1427,0.8277869132638697,40.87357047122364,1.388200972051552
stream,1428,0.8276785050183794,40.24989737701859,1.464949676968745
stream,1429,0.8266041596948411,41.583199284527446,1.3461599990714268
stream,1430,0.823771598084083,46.23060294897142,1.3511828750762853
stream,1431,0.8193345258840016,47.36222918894563,1.3736442638140318
stream,1432,0.8126135566254735,49.329000445489285,1.3722754965592017
stream,1433,0.8054919319270359,45.205936548940805,1.3441821183369025
stream,1434,0.7997633471098272,25.586936165237468,1.1142618597747747
stream,1435,0.7962447573341579,25.5909771016006,0.6586730812044912
stream,1436,0.7960849788097029,29.853770238576466,0.7340530750329939
stream,1437,0.7958860107837226,30.91240092087804,1.148542322104158
stream,1438,0.7958909634238049,30.785520627529387,1.167355793987879
stream,1439,0.7949285469203885,33.95187128540308,1.1999893596979183
stream,1440,0.7959719656816894,33.889272230101824,1.3884302683579532
stream,1441,0.8001685773576537,33.28955209676632,1.3824907668357669
stream,1442,0.8046999589121808,32.37647039071062,1.205284222545429
stream,1443,0.8089740364346512,31.08950503905647,1.224995930406624
stream,1444,0.811630434170488,31.083608229878763,1.1963659086257332
stream,1445,0.8117101441587266,30.93062720267302,1.222626093588016
stream,1446,0.8087212591158153,30.679634669415705,1.2188212438982993
stream,1447,0.8051989425441886,26.522894197813795,1.1736152266553859
stream,1448,0.8010179690049674,26.296516199537834,1.1112599838045947
stream,1449,0.797094445405699,23.809447964616506,1.0617064092748214
stream,1450,0.792858214005061,18.678179870107897,1.0642270285620026
stream,1451,0.7932470349816302,18.02203899597503,1.1318344517245114
stream,1452,0.7935111794133601,15.690280988140957,1.1472830169377652
stream,1453,0.7950353397145825,15.535683846048478,1.0886541169505246
stream,1454,0.7980987309056646,16.309881141661428,1.0835527870404713
stream,1455,0.8036680200598958,18.838088182185817,1.1090593248593748
stream,1456,0.8119313893165331,19.41842098427816,1.0467040244888106
stream,1457,0.819861233085727,19.01868678681435,0.6966863570561986
stream,1458,0.8292981130645544,21.604131487647415,0.7023966146546783
stream,1459,0.8332721135559937,18.01295947945086,0.7651978722310416
stream,1460,0.8356361916636562,17.890820300559547,0.5852954476455972
stream,1461,0.8351324001152206,19.29657781680363,0.6393536061138207
stream,1462,0.8323579917665916,19.144129636100118,0.6548021472139882
stream,1463,0.8277923219511534,19.58208834920127,0.6372250713939477
stream,1464,0.8239157132512149,22.07649955667481,0.7989769770310522
stream,1465,0.8204742141397952,23.060136780470323,0.7685381907753481
stream,1466,0.8191933409284866,24.235133053704327,0.7685382056856738
stream,1467,0.8218322886816052,29.679829307473785,0.7925069192322055
stream,1468,0.828593533939425,33.843806964707134,0.7853493714461577
stream,1469,0.8370552684886023,36.53130495138027,0.7663251137304341
stream,1470,0.8443739211377493,36.585526920516486,0.9294039631161867
stream,1471,0.8513453974852886,35.04063235720473,0.8475477443246681
stream,1472,0.8561552416852372,35.30846096730838,0.8324790532430858
stream,1473,0.8577846721786307,35.52250425248029,0.8998633210800699
stream,1474,0.8570408062909337,35.84544946761174,0.8914878175705304
stream,1475,0.8537324480114477,38.414190663162636,0.9228553740163268
stream,1476,0.851026654404554,43.354019352747045,0.9444786280751146
stream,1477,0.8483184335408961,51.28713278158294,0.8800070344967723
stream,1478,0.8469576036789823,54.7609181205622,0.8554833194905062
stream,1479,0.8453223755558149,54.78988552205351,1.0900223417697934
stream,1480,0.8443123155916354,55.11055378109918,1.067102607706351
stream,1481,0.8425767388178013,60.04559800648905,1.171292976137567
stream,1482,0.8417586375978092,60.41994023216425,1.2761412132562944
stream,1483,0.8410194980860055,59.98075059845548,1.3165717870397433
stream,1484,0.8404680513175524,58.99365104143043,1.1985063912250489
stream,1485,0.8395794234384566,57.804059551323256,1.2209678159162918
stream,1486,0.838600398694412,55.876460288960565,1.2195990412062887
stream,1487,0.8382809159254662,50.252511680796964,1.1887742914597867
stream,1488,0.8371819277114948,46.36659620557415,1.189527935638049
stream,1489,0.8344952294957849,43.34127300667567,1.195696544733324
stream,1490,0.8296122134615865,44.05487690158784,1.0375560412396008
stream,1491,0.8269275992331354,44.538014440994516,1.1306037642112179
stream,1492,0.8278865103180131,44.199637417146185,1.1331905808006995
stream,1493,0.8300178347091152,44.99796986777034,1.0955037212420407
stream,1494,0.8338536310095022,44.161939625358855,1.090167128412929
stream,1495,0.8376598579390406,38.918827512101366,1.0481264724931987
stream,1496,0.8397662027350357,29.67866894759534,1.0150764256994442
stream,1497,0.8425637700832523,21.366562453785775,1.024296228467962
stream,1498,0.8428431964952218,16.21863723365042,1.0271121640617984
stream,1499,0.8415348394474891,16.00586258901986,0.7382502585273641
stream,1500,0.8407865266731337,17.915067548041772,0.8604942354711009
stream,1501,0.8404710952482004,11.696928350263377,0.9176279610720929
stream,1502,0.8383715621645569,10.908364558296816,0.8226747634904963
stream,1503,0.8358150014945547,10.917366267802954,0.7797296876211763
stream,1504,0.8359774042672609,9.328931915841325,0.7349758618921147
stream,1505,0.8341202017979884,9.132178654100274,0.7056583628210573
stream,1506,0.8355840599634857,9.484387742754997,0.7161685184957407
stream,1507,0.8347919555177917,10.21067887425927,0.8390998650495918
stream,1508,0.8319672647375237,10.514852076046392,0.9284150065782711
stream,1509,0.8322322903260804,11.066326881053387,0.9236935768923185
stream,1510,0.8343940159912554,10.422049008657929,0.9459197685930397
stream,1511,0.8368241791649,11.488071838584903,0.862767084232365
stream,1512,0.83894432762386,11.401813216468193,0.9465226147049298
stream,1513,0.8401464142696,10.533071116250609,0.9480298701939469
stream,1514,0.8383246343597148,16.56697150728852,1.0661674686808695
stream,1515,0.8350152183071764,16.397603594319758,1.2947311635734766
stream,1516,0.8315493114528361,16.254931989121967,1.3525035083085468
stream,1517,0.8279251482941465,15.973591468382214,1.3569958142582998
stream,1518,0.825600829610342,15.18664303456966,1.3503750291330192
stream,1519,0.8198093000064431,14.940090120766822,1.2491147173270472
stream,1520,0.8141001489020759,13.127039475894929,1.1446891711613552
stream,1521,0.8119104446581757,19.00936447452832,1.057442541968729
stream,1522,0.8110982240778575,20.07536899007049,1.1213835753891273
stream,1523,0.8139560094098981,20.877014435953452,1.1213835754052162
stream,1524,0.8176199369632221,21.51796597243727,1.121612720853774
stream,1525,0.8226334945104178,21.993910136477577,1.1212328462837933
stream,1526,0.8275450119311064,22.31487814441159,1.1132371927554163
stream,1527,0.8306819520645556,22.304789654946475,0.9912947423967947
stream,1528,0.8306834487416849,21.879648638606355,0.9636352480814391
stream,1529,0.8277119505641557,21.503935162013505,0.961500620212907
stream,1530,0.8225984430262565,21.638068460450246,0.9238258869041324
stream,1531,0.8148918274896688,19.93104922178015,0.9173680521392682
stream,1532,0.8064839042976054,19.864119897298806,0.8310257052233248
stream,1533,0.8006536028676041,20.268754243744727,0.8310256710013123
stream,1534,0.7966498484474104,13.961156610018586,0.7266001678290162
stream,1535,0.7926169366937263,14.093453431515268,0.4799287915190968
stream,1536,0.7921061907089773,13.825268700028333,0.4194189272168474
stream,1537,0.7950430072541256,14.490902659844425,0.4612722665569575
stream,1538,0.7991868171162605,14.527739496448877,0.4704136470337599
stream,1539,0.804907659188389,14.541843944036122,0.46569221096102753
stream,1540,0.8096866787174805,14.753987287927869,0.46225500516473533
stream,1541,0.8102460698199961,8.207435493960892,0.365565363804346
stream,1542,0.8107941189693282,9.20465486636336,0.35544112032833197
stream,1543,0.8077910604454982,10.591532121881198,0.6648479388407054
stream,1544,0.8034933290526671,12.223969130807411,0.6649986716147135
stream,1545,0.7998763199046283,11.876243439982028,0.7174406035723705
stream,1546,0.7958640977336009,11.307699895513878,0.7149261018604537
stream,1547,0.7902376192784736,11.083071344345104,0.7146246428131621
stream,1548,0.7860178837717556,10.991110444493327,0.6826541690198402
stream,1549,0.7831650571967776,10.830394707901679,0.6826541693120463
stream,1550,0.7822359430508882,10.540853058753347,0.6837214850121589
stream,1551,0.7817126603855905,10.553762848230217,0.6652156135314264
stream,1552,0.780364233849548,10.672116340431133,0.6673502413999582
stream,1553,0.7822794137221347,10.066807956297621,0.6441351887017738
stream,1554,0.7872761517842025,10.179357592497194,0.625629343991799
stream,1555,0.7892411222016777,10.079636785747818,0.6423804628936305
stream,1556,0.7953455745397066,11.459777470047385,0.7780228728894273
stream,1557,0.8003986234710793,12.113559244310462,0.9057184757329648
stream,1558,0.8034752937030196,11.943951509146164,0.9476502527799343
stream,1559,0.8052400675721838,11.935259882716979,0.9455156149607323
stream,1560,0.8070248265690391,11.31063328936832,0.9302962192769465
stream,1561,0.8084416200373574,11.567707684651698,0.9015154916350097
stream,1562,0.8089895548540945,10.547423643574637,0.8269258287686349
stream,1563,0.8083708645143791,8.43478036754882,0.5699609861265721
stream,1564,0.8078360508564657,6.181943986107116,0.5720956197731313
stream,1565,0.8074159232255343,6.508939401098623,0.5248273117808033
stream,1566,0.8075558965548761,6.298660493405109,0.5353374868849986
stream,1567,0.8079427314935114,6.047232741202715,0.5456847214655037
stream,1568,0.8088706352975196,5.991604146765346,0.5319970393665295
stream,1569,0.809063037333691,6.295068916405295,0.5396067243557141
stream,1570,0.8107871660394299,8.631949306138836,0.7424286979690926
stream,1571,0.8130380511355796,9.155374030326547,0.7574973387442914
stream,1572,0.8153367278362021,9.31884205676591,0.7601564610994599
stream,1573,0.8175204270356401,9.297457593234668,0.7775104969174748
stream,1574,0.8188456026103086,15.156393438827287,1.0137564347147625
stream,1575,0.8181838140490444,15.020255030994708,1.2306155133979106
stream,1576,0.815836678454846,13.708795534737508,1.0999175644808852
stream,1577,0.8123506354484763,12.728581102332223,0.9128516780034028
stream,1578,0.807995264077822,12.659732977939786,0.8709199422122486
stream,1579,0.7997901787333903,12.659368217115556,0.8735067471378376
stream,1580,0.7917769871052154,20.3829763491707,1.1875076451768107
stream,1581,0.7845245172467424,20.632239149220545,1.288767958802982
stream,1582,0.7824964924323198,21.12956058121985,1.3042888304520028
stream,1583,0.7832492416458869,22.33176389716785,1.2520760025418367
stream,1584,0.7854585557940233,22.3408477804792,1.273548540886745
stream,1585,0.7874392974048399,24.751028630783367,1.388671627983388
stream,1586,0.7890204603152314,25.642038139680736,1.3936099685700676
stream,1587,0.7925370071510467,25.283723234456094,1.4022869977233556
stream,1588,0.7967967332508052,25.548783972443495,1.3834735575348613
stream,1589,0.8006899073296717,25.298433823384624,1.3779985001220028
stream,1590,0.8010701780536965,22.94958740626733,1.1885026487205246
stream,1591,0.8004814701985747,22.46473372076868,1.174422900776278
stream,1592,0.8013951731145386,24.293011106802368,1.221691209938734
stream,1593,0.800166351687656,24.270026426574674,1.2637319192660512
stream,1594,0.8020706586831307,19.77824871797662,1.0878451655188484
stream,1595,0.8036606641812013,20.42472210623451,0.8495135275171806
stream,1596,0.8049518000987838,20.527280648319486,0.8445690666662614
stream,1597,0.8090015488222704,20.57237472418554,0.8461669710296073
stream,1598,0.8141527302629773,20.65494916239356,0.8381712669126583
stream,1599,0.8182097291693541,23.283558482805233,0.9679109082295236
stream,1600,0.8201248789049256,18.2856252810653,0.6539100132665415
stream,1601,0.8211234593505004,18.282014119180232,0.5830884858960741
stream,1602,0.8214072977102727,16.839397655595636,0.6154388384572264
stream,1603,0.8227576993560237,16.77541261380264,0.6405532707160779
stream,1604,0.8233703424271631,16.94178110507646,0.7138709209237295
stream,1605,0.8236519139849657,14.205542482888584,0.6090227519202899
stream,1606,0.8229184203959612,13.433917457561972,0.6175612860090591
stream,1607,0.8209664401842758,13.485906674028522,0.5988384810464396
stream,1608,0.8166868219647715,13.647720102868112,0.6384186541909548
stream,1609,0.8107803630874393,15.814763118687534,0.7816290288154015
stream,1610,0.8065598488040049,20.85552356865317,0.7718062982003931
stream,1611,0.8037629135311251,21.96217273499065,0.8228794629032198
stream,1612,0.8030149851070736,20.505633143462298,0.7704375296897678
stream,1613,0.8051782237049344,21.378695007239067,0.7041205238157052
stream,1614,0.8118507861829132,20.00912119648182,0.6588300072541717
stream,1615,0.8175488071679515,19.339154715049645,0.6677300646516601
stream,1616,0.8229169031008021,18.924800184870005,0.6726745405146602
stream,1617,0.8275865292044489,18.70603884702752,0.6936949113792271
stream,1618,0.8314297020442194,18.816145806743137,0.7165239988129312
stream,1619,0.8345596495239507,16.869068906704037,0.591807238371924
stream,1620,0.8373529306525591,14.84312000660718,0.6783002496048088
stream,1621,0.8382681744287312,17.274967457303894,0.8646481402034184
stream,1622,0.8376705335363235,20.519774002067436,0.8122062086962402
stream,1623,0.8361404966911358,19.509053789502712,0.8841673888768167
stream,1624,0.832379667897733,21.38197772531739,0.8180673522546499
stream,1625,0.8270575828437331,21.53331524645211,0.8266058604101514
stream,1626,0.8202682790301896,21.568778578577007,0.8028479587206666
stream,1627,0.8130339919468124,21.721494367239135,0.8311765219743237
stream,1628,0.8051603579638535,21.298117890453696,0.8018712799366127
stream,1629,0.7972637324733926,19.04717105977594,0.656146403165859
stream,1630,0.7902027165289088,16.087395648620298,0.7040176290823064
stream,1631,0.7866772916661474,18.37131169573915,1.0884243316604538
stream,1632,0.7856995547388359,17.97880082150035,1.1580695373163046
stream,1633,0.7859810237234922,17.45196055650982,1.1570022211657132
stream,1634,0.786411076582405,17.96624795100111,1.1417828244418138
stream,1635,0.7884057634781734,19.103854497944308,1.1349389696390884
stream,1636,0.7899820753610582,19.23085178914733,1.1452138612628775
stream,1637,0.7923810729252324,23.72880784278427,1.2297230049077141
stream,1638,0.7949932375124062,24.264425452648137,1.2936639816297275
stream,1639,0.7978235121623584,23.87082526420555,1.3011229625367462
stream,1640,0.8002763402882315,23.222041734141133,1.2298493679925664
stream,1641,0.8041107124598532,23.673352194722526,1.0951112983937286
stream,1642,0.8073833606283105,20.336522099107317,1.215408076194321
stream,1643,0.8098119107386832,26.507004809019346,1.3763819646814903
stream,1644,0.8118657562571345,24.67693165948006,1.4909022516025783
stream,1645,0.8130960345277197,25.68389481246274,1.5754114639645116
stream,1646,0.8145141119090239,25.4818510707129,1.6199361821517906
stream,1647,0.8158509197908018,25.349968424177444,1.5954124400138725
stream,1648,0.8145691361658144,27.153232019822724,1.6176386731356733
stream,1649,0.8115698933465908,27.141459068742506,1.6850229970944526
stream,1650,0.8076675156014534,25.278767761428583,1.6377546734560608
stream,1651,0.804675892544029,21.8792158106267,1.2248930879802506
stream,1652,0.8024957108377243,21.616472103604433,1.1582145717828103
stream,1653,0.8020128923167741,24.07592447274382,1.2555193349570297
stream,1654,0.8035935003999174,23.753531808915294,1.292964926274142
stream,1655,0.805234909087957,22.65809009479907,1.3084857814526474
stream,1656,0.8059765842785579,23.047593067852453,1.3044518155705993
stream,1657,0.8077450772725738,21.910818303973972,1.4325814304546864
stream,1658,0.8096173081340461,24.580825259908142,1.3484705126906993
stream,1659,0.8107520132769461,24.78330917021753,1.4026671245745355
stream,1660,0.8107259927214743,25.52650472816685,1.388285868681561
stream,1661,0.8086126915251066,22.717184828406594,1.2990013129267683
stream,1662,0.8062441627320308,22.800454579082707,1.2311464649270802
stream,1663,0.8023800696989695,19.237938545040652,1.1767571961894325
stream,1664,0.7984525556167879,18.989659231842605,1.131050001670402
stream,1665,0.7959081196166912,18.91697941856332,1.0585704142721002
stream,1666,0.7945290413763328,18.906944930282567,1.0662584795179293
stream,1667,0.7936373437583729,18.986892690148117,1.0754783455750851
stream,1668,0.7956442057650361,17.167612114340464,1.049218121564157
stream,1669,0.799234575380547,21.453675174402015,1.174036683564204
stream,1670,0.8004991528421337,21.2614612511594,1.277359267397535
stream,1671,0.8036885132381266,24.26836938516589,1.3533900405167751
stream,1672,0.8076156268572796,24.33408949518551,1.4271721694871289
stream,1673,0.8113047342741111,22.784200255136653,1.3610720714286602
stream,1674,0.8136512360366084,25.238463495456337,1.3348118842239571
stream,1675,0.8146380017122248,25.549187730339558,1.5346733758918685
stream,1676,0.8137618251289682,25.747042190546882,1.5304947574809111
stream,1677,0.8118749837443341,22.765875343367185,1.3831535049432249
stream,1678,0.8097633638592897,20.146541350452118,1.4864760628149922
stream,1679,0.8078696986380945,20.403026776546575,1.5168487343343924
stream,1680,0.8050691624197657,20.894430805604323,1.5187481039574484
stream,1681,0.8022999878714033,22.365656036804438,1.526737681052452
stream,1682,0.7998305832498185,27.439106230650687,1.4943873016800933
stream,1683,0.7967595179398493,24.62034379431116,1.494387301680093
stream,1684,0.7949260870910743,24.630348322223604,1.3954368550427356
stream,1685,0.7940608602187095,24.39429817665444,1.4041739614588666
stream,1686,0.7953404739086865,24.841386120361477,1.4384542506949276
stream,1687,0.796846222339979,24.892354004040104,1.4765027210458046
stream,1688,0.7985182634100818,26.044242018396496,1.532472440605873
stream,1689,0.7989104123352935,22.1757118725938,1.3454431507328157
stream,1690,0.7974853362794936,23.186470156172078,1.2441828728566524
stream,1691,0.7951934040418178,20.18619825592713,1.1695086325331094
stream,1692,0.7915124775796808,20.138084688297724,1.095726492597202
stream,1693,0.7904045414181391,19.077687047670086,1.0649017058501213
stream,1694,0.7914732737177753,17.502989342377635,1.0614766979759487
stream,1695,0.7904689653698957,17.955298520859422,0.8425909592191431
stream,1696,0.789956679954099,17.542122253502765,0.8425909769706623
stream,1697,0.7903726744272648,17.00253953954015,0.7830037931223758
stream,1698,0.7930188422395715,16.75432138900841,0.6817435286415832
stream,1699,0.7956044268133522,16.627699122448192,0.5819548495545616
stream,1700,0.7979946635162496,16.48418480469579,0.5815026832282608
stream,1701,0.8013216827421731,14.459608604198197,0.6047178063367932
stream,1702,0.803667598262577,9.434948931813972,0.6047177767631312
stream,1703,0.8086942423401856,11.432736855060211,0.47757710151514127
stream,1704,0.8138184405750049,11.53476949900533,0.5998210170195473
stream,1705,0.816953513208039,14.360099564335844,0.6550851165136276
stream,1706,0.8207252238073914,16.45053945256926,0.5729336025634244
stream,1707,0.8250971635046268,16.3120990080556,0.5878759926304213
stream,1708,0.8293613786435232,15.332566583723718,0.5208715933062429
stream,1709,0.8326132435887029,17.255652493937074,0.6359947082824458
stream,1710,0.8332389604471108,17.450238023726715,0.9050788886283296
stream,1711,0.8327793917489466,17.43387115966159,0.9383642555030629
stream,1712,0.8326604375918066,18.82576519806161,0.978342652863437
stream,1713,0.8315696578850408,18.7876420146518,0.9893773255341581
stream,1714,0.8302243290706044,18.444293312957388,0.991897980891789
stream,1715,0.8284609766517517,18.552596673875563,1.139871595780412
stream,1716,0.8265647652258911,19.612679075007065,1.3210703076602366
stream,1717,0.8244457745551274,21.118143401641344,1.29137293531934
stream,1718,0.8221244410309221,20.822954900801733,1.2955515529341228
stream,1719,0.818794560371214,21.675823586567873,1.3649676155581965
stream,1720,0.8159411534414241,21.046375579808227,1.4951593503238165
stream,1721,0.8130146290760836,21.102492038580777,1.4719442092289674
stream,1722,0.8115599200062138,22.269139014560476,1.5518705101028396
stream,1723,0.8107386013252438,20.374581040501496,1.5518705658345897
stream,1724,0.8089767004841634,20.576530370255142,1.4296266503301838
stream,1725,0.8084787061799478,17.86740160855361,1.4188933276739095
stream,1726,0.8083965884585693,15.675365271298787,1.5228188854605431
stream,1727,0.8086086066191274,16.23038243913606,1.500188431723978
stream,1728,0.8097981936921532,16.15532315443939,1.514202023745663
stream,1729,0.8130154449822652,14.085388607598235,1.4178923617436854
stream,1730,0.8155603756024926,14.790611373922609,1.16045798469505
stream,1731,0.8180417481441733,14.946322839299803,1.1542709218528953
stream,1732,0.8192718879227027,14.389241385732713,1.190486274859912
stream,1733,0.819676538851146,14.327564675126627,1.2295541790998694
stream,1734,0.8183033484538572,13.48712426185991,1.2242175921949088
stream,1735,0.8166472418111634,12.996998061072132,1.1063813383718775
stream,1736,0.8135392739914677,12.54248690579744,0.9259362364674394
stream,1737,0.8096645403289697,15.237528306912015,0.9783781701152825
stream,1738,0.8061935642341955,15.009217944849622,1.0996699386203619
stream,1739,0.8039549107937414,13.646316662048715,1.0351983545130592
stream,1740,0.8032676166441448,17.990199984685336,1.0025099293096387
stream,1741,0.8039089134890178,17.88800885900252,1.2311460806370451
stream,1742,0.8051313962594379,16.92159675499489,1.131357407096286
stream,1743,0.8067440565414532,18.029424328508053,1.1546264705485325
stream,1744,0.8084350128264944,18.732200582290723,1.3129116156912808
stream,1745,0.8102782729158013,17.74558600570992,1.2390755743111312
stream,1746,0.8113765349761254,18.424515938319065,1.1545663283359544
stream,1747,0.81295256589575,17.851012281278166,1.1299040109268903
stream,1748,0.8145443852368632,17.752223734600904,1.1206841729275738
stream,1749,0.8177868691331659,17.878044608650406,1.1155828707962159
stream,1750,0.8211074805688612,16.040514898809732,1.1343718476731346
stream,1751,0.8254288899947951,15.856432805181399,1.0844444538344182
stream,1752,0.8294837877816783,16.450012051072537,1.0500378471002336
stream,1753,0.8330499803199577,18.4702424479861,1.0047290018464248
stream,1754,0.8366711144679081,20.519065572820516,0.9997845372694432
stream,1755,0.840690514806982,21.80967491524531,0.9710943759901854
stream,1756,0.8450635060375141,22.971158949714066,0.9641721320937312
stream,1757,0.8497855097592554,19.975915719930207,0.9222403747323819
stream,1758,0.8551902266253968,21.146884066306534,0.7906013661005394
stream,1759,0.8615248768936291,22.047547117024784,0.7864950580418617
stream,1760,0.8679979141040872,17.452951571562384,0.6969874114012126
stream,1761,0.8738857609980115,17.894336889238016,0.5108442009945959
stream,1762,0.8796988360025624,17.867553682398754,0.5553688780851823
stream,1763,0.8851958288331967,16.717591870327265,0.4793381037636366
stream,1764,0.8894562813421263,16.960708210625228,0.3496830226977081
stream,1765,0.8929818130625145,18.161252308858227,0.33446365405687895
stream,1766,0.8949795428505923,19.48820534857146,0.3150473296462231
stream,1767,0.8961468639272221,20.756045828780355,0.30294533899252396
stream,1768,0.8964637671297696,20.768356792181233,0.35851082269090256
stream,1769,0.8945625165192501,21.919171500476526,0.40700939778692047
stream,1770,0.890170701552607,24.57328488155143,0.37657065057984157
stream,1771,0.8825582699385516,25.041376264872124,0.39414773792679264
stream,1772,0.8713194655169788,27.37764469714712,0.4261426764335837
stream,1773,0.8565834643591833,29.18107998715125,0.42134893688715036
stream,1774,0.845657586283414,30.29996424522353,0.42111979229130275
stream,1775,0.8386758533233764,28.639690388982586,0.5419165148396664
stream,1776,0.834716394589747,28.45282235257284,0.6611459102389271
stream,1777,0.8362533889331872,29.257791438508207,0.6517030432566246
stream,1778,0.8419565095649933,33.37844624655334,0.6866524868877462
stream,1779,0.8471400689766402,33.921356376017066,1.1758158982402014
stream,1780,0.853650765732497,33.72678084737372,1.2420544858490885
stream,1781,0.8590260760860194,33.26992187430628,1.1915719853852211
stream,1782,0.863821891610128,32.964688628521436,1.1471980380248292
stream,1783,0.8685380650807353,33.21250322269418,1.1337211839772983
stream,1784,0.8720839146824692,32.62905474962535,1.156465744000191
stream,1785,0.8738885720407984,35.673932523878136,1.2086785719103577
stream,1786,0.8736563210956068,34.55039975047473,1.2545904212725263
stream,1787,0.8719820825570754,33.234908666640806,1.2970832694518672
stream,1788,0.8699210654468376,35.46408886443,1.3059893142681933
stream,1789,0.8679748570653448,33.913497024074275,1.2972338453560794
stream,1790,0.8669714685779604,31.457928364321923,1.3212025602058026
stream,1791,0.8675274693752693,31.572270218141693,1.304077660158765
stream,1792,0.8690182262478824,28.609894600410907,1.3040777179546752
stream,1793,0.8710003248959867,24.746730971498383,1.3237894279282771
stream,1794,0.8743195994648727,21.61578866774282,1.3317790046210487
stream,1795,0.8791998171267716,22.302150403770796,1.2514128960022772
stream,1796,0.8840362745418888,21.08042148258343,1.1311161853746952
stream,1797,0.8891445168907658,19.59644108916427,1.1996940841270478
stream,1798,0.893236652441736,14.988729753268867,1.1640572093982127
stream,1799,0.896285155055147,13.462838168905042,0.6843366783056093
