segment,end_index,PW_WTC,E_CCDC,CD2_P
stream,0,,,
stream,1,,,
stream,2,,,
stream,3,,,
stream,4,,,
stream,5,,,
stream,6,,,
stream,7,,,
stream,8,,,
stream,9,,,
stream,10,,,
stream,11,,,
stream,12,,,
stream,13,,,
stream,14,,,
stream,15,,,
stream,16,,,
stream,17,,,
stream,18,,,
stream,19,,,
stream,20,,,
stream,21,,,
stream,22,,,
stream,23,,,
stream,24,,,
stream,25,,,
stream,26,,,
stream,27,,,
stream,28,,,
stream,29,,,
stream,30,,,
stream,31,,,
stream,32,,,
stream,33,,,
stream,34,,,
stream,35,,,
stream,36,,,
stream,37,,,
stream,38,,,
stream,39,,,
stream,40,,,
stream,41,,,
stream,42,,,
stream,43,,,
stream,44,,,
stream,45,,,
stream,46,,,
stream,47,,,
stream,48,,,
stream,49,,,
stream,50,,,
stream,51,,,
stream,52,,,
stream,53,,,
stream,54,,,
stream,55,,,
stream,56,,,
stream,57,,,
stream,58,,,
stream,59,,,
stream,60,,,
stream,61,,,
stream,62,,,
stream,63,,,
stream,64,,,
stream,65,,,
stream,66,,,
stream,67,,,
stream,68,,,
stream,69,,,
stream,70,,,
stream,71,,,
stream,72,,,
stream,73,,,
stream,74,,,
stream,75,,,
stream,76,,,
stream,77,,,
stream,78,,,
stream,79,,,
stream,80,,,
stream,81,,,
stream,82,,,
stream,83,,,
stream,84,,,
stream,85,,,
stream,86,,,
stream,87,,,
stream,88,,,
stream,89,,,
stream,90,,,
stream,91,,,
stream,92,,,
stream,93,,,
stream,94,,,
stream,95,,,
stream,96,,,
stream,97,,,
stream,98,,,
stream,99,,,
stream,100,,,
stream,101,,,
stream,102,,,
stream,103,,,
stream,104,,,
stream,105,,,
stream,106,,,
stream,107,,,
stream,108,,,
stream,109,,,
stream,110,,,
stream,111,,,
stream,112,,,
stream,113,,,
stream,114,,,
stream,115,,,
stream,116,,,
stream,117,,,
stream,118,,,
stream,119,,,
stream,120,,,
stream,121,,,
stream,122,,,
stream,123,,,
stream,124,,,
stream,125,,,
stream,126,,,
stream,127,,,
stream,128,,,
stream,129,,,
stream,130,,,
stream,131,,,
stream,132,,,
stream,133,,,
stream,134,,,
stream,135,,,
stream,136,,,
stream,137,,,
stream,138,,,
stream,139,,,
stream,140,,4403.39327896495,
stream,141,,4240.597372484384,337.0995208910964
stream,142,,4196.286180474236,335.80531950163373
stream,143,,3518.0152931536763,322.62151983384246
stream,144,,3190.683727975055,325.9341843401535
stream,145,,3001.8896094358597,326.28646995926084
stream,146,,3057.4918990872125,323.5090243038644
stream,147,,3667.4942311970717,333.65735209702365
stream,148,,3899.3429105224664,336.6712375329453
stream,149,,3901.6884674853186,346.68700834519956
stream,150,,3900.722323594169,346.9528392838484
stream,151,,4044.5900590420392,350.92107489167034
stream,152,,4091.9298452458247,364.67998833092486
stream,153,,4099.287850865766,369.9537801567243
stream,154,,3436.579530335443,352.4799961671356
stream,155,,2939.000456557698,267.9618834175891
stream,156,,2161.4356089272837,175.70541299374676
stream,157,,1815.7435345445347,96.03422272663488
stream,158,,1805.0435286642746,74.24212614646025
stream,159,,1637.838079156506,71.64818428351379
stream,160,,1661.5662218370758,65.47331555353766
stream,161,,1621.132583478235,63.58519486254634
stream,162,,1639.6024952337402,62.87465941334756
stream,163,,1610.889796902408,62.390248832200406
stream,164,,1363.6660111710498,58.86876184189081
stream,165,,1321.9151560844602,55.88762873594375
stream,166,,1270.4705544815856,48.53525909581706
stream,167,,661.4936164429497,37.747421706083195
stream,168,,417.6439117722558,34.856237275664355
stream,169,,415.23310800717013,24.461806447265058
stream,170,,415.9703202781697,24.24876918248505
stream,171,,268.026575929841,20.627361688458098
stream,172,,216.25637921989326,6.9917353455117395
stream,173,,193.90864135829992,1.6566414438744557
stream,174,,179.66147493757214,1.7770439688524795
stream,175,,177.3121307858918,1.6270491563000222
stream,176,,178.26611406281788,1.5708434271772584
stream,177,,164.3341671449097,1.298802389041748
stream,178,,147.29285050144685,1.2952043510778195
stream,179,,126.88715812707085,1.2792653471132631
stream,180,,104.19708949074312,1.285082871343716
stream,181,,92.6838773420894,1.2566678699521767
stream,182,,68.94834943440695,1.2987131835314676
stream,183,,57.99484946380844,1.2045801132368805
stream,184,,48.45883313653181,1.2848739700700127
stream,185,,42.79195602426015,1.2964861294803973
stream,186,,40.260685430137706,1.3224574240209208
stream,187,,41.37788128520275,1.442898134995896
stream,188,,43.07302532841597,1.376988927810885
stream,189,,47.97788335273179,1.2847949733919746
stream,190,,50.89863353339656,1.1619003056529906
stream,191,,51.95365114921814,0.8305066783601198
stream,192,,58.62885350670751,0.7212347168765544
stream,193,,66.25090356921889,0.7184699127641034
stream,194,,62.97972232807756,0.7882269417657392
stream,195,,62.05070297224138,0.7548353328195553
stream,196,,60.80750649182983,0.7672884056787749
stream,197,,61.29597815489943,0.7986847628020276
stream,198,,61.19930716469074,0.7962002777204371
stream,199,,60.7098551562059,1.024175303369612
stream,200,,59.61300378483206,1.045771391236735
stream,201,,59.38129152116743,1.1170981013811454
stream,202,,59.66603150756674,1.0207455730116606
stream,203,,59.489833877556876,1.0241754405838757
stream,204,,61.26059403705466,1.0694671326584244
stream,205,,70.82093624674067,1.0523177055708905
stream,206,,67.83073689433398,1.3058637811522544
stream,207,,55.7737844766284,1.1640028837022092
stream,208,,53.13995940462058,1.1640028837022094
stream,209,,52.290972487448514,1.1889090070543886
stream,210,,50.70793443927102,1.1885165638687094
stream,211,,51.71436642480386,1.157576259383064
stream,212,,52.5272094920621,1.1459411422550727
stream,213,,67.4260814447217,1.3265805550519665
stream,214,,83.94359690399398,1.1339288478881706
stream,215,,110.36734581143186,1.172786394559411
stream,216,,122.21367473830716,1.2894048839864036
stream,217,,138.45384615472483,1.260989928257592
stream,218,,138.33149918001243,1.6189485547683695
stream,219,,137.8803397985044,1.3903084432458508
stream,220,,140.6554646363041,1.371196868641858
stream,221,,139.93147101734345,1.5191963990029829
stream,222,,139.6554814992356,1.5162073423186728
stream,223,,142.58174625356065,1.5535894426105292
stream,224,,146.03021526858132,1.480723679965945
stream,225,,136.28069034734173,1.6111432444956995
stream,226,,140.06745480388267,1.3778630441882846
stream,227,,140.70771599596662,1.424637896127358
stream,228,,141.76430696234556,1.5737840410805193
stream,229,,139.51530064447482,1.547603818172184
stream,230,,137.38764104584516,1.5476038412124522
stream,231,,133.59578469530675,1.5631096848598454
stream,232,,126.53620615830006,1.5579648675463658
stream,233,,105.44644762814288,1.382470291772077
stream,234,,91.04645530028763,1.663524291644152
stream,235,,64.45513212244174,1.7385942995339538
stream,236,,53.14059212478057,1.6319520032217636
stream,237,,36.21227030330039,1.6590776237080633
stream,238,,35.10042981024882,1.303603463997998
stream,239,,36.57841650240813,1.350378228823696
stream,240,,33.798458599839655,1.4063112502277386
stream,241,,32.971313784232365,1.175084942717498
stream,242,,35.339105394940496,1.2239110022762476
stream,243,,35.02366372935116,1.1830429743401925
stream,244,,26.081500109397112,1.2320449158203979
stream,245,,25.6373942868323,1.0792521437552736
stream,246,,24.592728011099513,1.0872253679292325
stream,247,,28.646517718484233,1.0535763289414701
stream,248,,35.79887315099039,0.8821359739641021
stream,249,,37.8058230689439,0.9209935262240624
stream,250,,45.90136694823004,0.9914869990281155
stream,251,,56.74156448745431,0.9747070589979453
stream,252,,62.49044664159681,1.0208167435390187
stream,253,,67.28657396637887,1.0149507700324794
stream,254,,66.42883108699621,0.8022599792483203
stream,255,,67.18009811497498,0.6910972063091742
stream,256,,66.75297375753934,0.670382890858427
stream,257,,69.15468183293238,0.7230311721664489
stream,258,,74.7186288820216,0.7471117135785629
stream,259,,73.57416235035255,0.7227101530928267
stream,260,,74.88381530011952,0.6579221366056014
stream,261,,74.80946283893066,0.7056015395227703
stream,262,,72.46423016629434,0.6640913510392077
stream,263,,70.1690856949207,0.7563183250407728
stream,264,,70.42700986438949,0.652825607041308
stream,265,,70.40940041338801,0.6528256090426522
stream,266,,68.49752833146097,0.6528256567559685
stream,267,,63.888355067416235,0.64849877795689
stream,268,,55.05210084676114,0.6140012213059097
stream,269,,51.80033489189498,0.5749754944187179
stream,270,,41.34317893761897,0.5044819985743962
stream,271,,30.66202932067307,0.5212619129406132
stream,272,,24.527797852456523,0.4910912389159553
stream,273,,18.951712776120708,0.5542535190008326
stream,274,,17.930752851016592,0.5302443598835225
stream,275,,17.818742490710438,0.5267584336183657
stream,276,,17.85580846389521,0.5285294122243912
stream,277,,15.837477100130219,0.4370235788633984
stream,278,,10.170972970071066,0.4129430564352734
stream,279,,9.122763126197766,0.4080148658343313
stream,280,,8.70037121703495,0.41438536377422797
stream,281,,10.162782671055467,0.39411950066858886
stream,282,,12.968308030138875,0.3904093438053343
stream,283,,12.725919616791957,0.5438749340026248
stream,284,,12.408552077243915,0.5441552337402232
stream,285,,13.831784062628575,0.6003048058792504
stream,286,,13.596399423402834,0.7406291003563438
stream,287,,13.621371089436307,0.7965621191601019
stream,288,,14.094525143060627,0.8933249315357615
stream,289,,14.267665041506264,0.8947671966200679
stream,290,,14.53877395627702,0.9652606904372003
stream,291,,14.742113523012355,0.9701889057150203
stream,292,,14.719602814556938,0.9750049718739181
stream,293,,14.394979491968696,0.9250245200401007
stream,294,,14.381015302819822,0.9399543905258507
stream,295,,14.605754630213914,0.9524074388596819
stream,296,,14.506925574805084,0.9552920070732465
stream,297,,15.637058987240597,1.0014016930205407
stream,298,,25.119797773879366,1.107195448448092
stream,299,,24.78874421407091,1.3214738404221031
stream,300,,27.88914329205296,1.3782656731975833
stream,301,,29.82716814442915,1.3541775431450531
stream,302,,28.762267614725136,1.3541775445991462
stream,303,,29.486856391829274,1.1259860009862344
stream,304,,30.063306411750627,1.1247118983336768
stream,305,,29.699135661690736,1.0809593616574253
stream,306,,30.582675206374926,1.1162088549381957
stream,307,,30.683728193006075,1.0602758551184266
stream,308,,32.72502409440702,0.9980105993937474
stream,309,,34.70738740958711,0.9960714286520485
stream,310,,37.78950711193495,0.9228131415925194
stream,311,,38.243535323653504,0.9062498182308827
stream,312,,41.47431892396342,0.9127400670615848
stream,313,,43.438063859635236,0.9001111914046611
stream,314,,45.37329732397948,0.8370049687441868
stream,315,,45.196552224417836,0.8334068936454264
stream,316,,45.364619813347765,0.8358914117759546
stream,317,,44.17805710182654,0.8522228113902242
stream,318,,34.69433540447623,0.7550750632634362
stream,319,,37.73316714787003,0.719825573570027
stream,320,,35.860495646686196,0.6605416030032278
stream,321,,36.215269841002694,0.6583781727826153
stream,322,,34.25595511137105,0.79082345530745
stream,323,,35.78651706932159,0.8552521397146008
stream,324,,37.21983218558151,0.8545309933313576
stream,325,,41.705680309990385,0.8967699610232764
stream,326,,44.771987404750135,0.6649904901418635
stream,327,,50.2378295144477,0.6578504258948565
stream,328,,48.01932217319372,0.6909618318775899
stream,329,,45.56420377857059,0.6947841303921074
stream,330,,45.499375100014575,0.7663045628315988
stream,331,,44.62008249997027,0.8013066918400548
stream,332,,41.37465901920517,0.7865220990007259
stream,333,,39.154576625988405,0.7898474938926658
stream,334,,40.33356656077589,0.8839806300217573
stream,335,,48.449438818183175,0.9159937240362523
stream,336,,48.17755498221825,1.1528311782174163
stream,337,,49.243942027529854,1.1176354528737518
stream,338,,49.50747172245897,1.1167945832378068
stream,339,,46.2659545625925,0.9291196006673076
stream,340,,45.428017053818216,1.0174683404858669
stream,341,,43.387769815111234,1.0174683323461096
stream,342,,43.372868228800016,0.9403393944536778
stream,343,,40.91878719228976,0.8584657494555915
stream,344,,40.57921470680717,0.942245489755812
stream,345,,37.90631471205488,1.1878895782598353
stream,346,,33.662399053823385,1.2361219878589627
stream,347,,28.619002558635945,1.3512420083338856
stream,348,,28.005921916284468,1.2773185937945282
stream,349,,29.55920487780357,1.2909412843421522
stream,350,,28.534795058436252,1.2186997156787536
stream,351,,30.761151790270016,1.1778877036136532
stream,352,,35.64097427435704,1.1667010796022237
stream,353,,39.83299562581736,1.1628227335482104
stream,354,,36.34400339610695,1.1832821764040666
stream,355,,30.15474963063222,1.2346412039942123
stream,356,,30.531096469598594,1.0113780003136772
stream,357,,32.60124570260208,1.1828006184580073
stream,358,,38.91086782431681,2.0024550387831965
stream,359,,38.86908641320535,2.1929891608605856
stream,360,,38.72891775843626,2.1554541256052286
stream,361,,37.53641189723153,2.1601096890174203
stream,362,,37.705558294686945,2.0992000429240636
stream,363,,37.65035800880827,2.112325833745739
stream,364,,36.03661147127914,2.032424451588938
stream,365,,33.10097730708025,1.7487484238403443
stream,366,,32.8572091442483,1.7040019672439113
stream,367,,32.111702964123346,1.5966386692706638
stream,368,,31.795121205152373,1.5982975497840088
stream,369,,30.053208870241885,1.582791749661749
stream,370,,27.981834978376764,1.6236597789768277
stream,371,,27.64527641464313,1.6975830880765024
stream,372,,27.82472819978243,1.751793566625324
stream,373,,25.786697449441853,1.753508507210653
stream,374,,28.09905461145377,1.6520416990523616
stream,375,,28.33491611392695,1.5661851309311203
stream,376,,28.44105728183393,1.5526108987113898
stream,377,,25.18004185220163,1.3861572409969016
stream,378,,19.707807320595037,0.6336224079177709
stream,379,,19.700182749551736,0.4671687900665086
stream,380,,19.048309483461903,0.44044326012298873
stream,381,,19.491627544708212,0.5160025865880128
stream,382,,24.006653275016973,0.5589550843134059
stream,383,,25.595980846064737,0.5798860270244983
stream,384,,25.75661197132359,0.62424003279215
stream,385,,29.720346544933815,0.9932808115896341
stream,386,,30.293195133692908,1.2184908428289702
stream,387,,30.657252005209465,1.2927989116423813
stream,388,,30.624415230262798,1.3125601892591017
stream,389,,30.57363203379515,1.3112860752221334
stream,390,,30.600742295038202,1.2742964180920195
stream,391,,29.341559292977358,1.28224681564627
stream,392,,24.368378925278474,1.2435421105686995
stream,393,,23.25435794578214,1.3470347720688158
stream,394,,22.048021818929175,1.3358481946756633
stream,395,,19.184850125490946,1.3509539153884864
stream,396,,19.35273716254949,1.3700653852248712
stream,397,,19.184259969048245,1.383960794081103
stream,398,,18.497215224979062,1.3410491260207855
stream,399,,19.509409052262924,1.3175852997364264
stream,400,,23.0686110689021,1.330486835081876
stream,401,,22.232474719246255,1.351690401731361
stream,402,,19.25954381709609,1.332826032811395
stream,403,,17.721262857453237,1.3382918904476695
stream,404,,17.50232510965934,1.2907806669171418
stream,405,,13.421986632618507,0.9058009047781218
stream,406,,12.687025830965078,0.6937650719550138
stream,407,,12.75556777346099,0.6266454825517525
stream,408,,14.971970013484812,0.644747915513754
stream,409,,16.16175908239015,0.6572086295644447
stream,410,,28.014173210817013,0.8498602316236885
stream,411,,30.829881388013114,0.8731380061365587
stream,412,,32.123693809379446,0.8836034831878355
stream,413,,32.749173307013926,0.7789488368407816
stream,414,,32.228198223585146,0.7901354142339342
stream,415,,32.22161823375441,0.7966256987067571
stream,416,,31.547718897154365,0.7687152567501415
stream,417,,32.596537958307664,0.7498508874640679
stream,418,,35.96489604100267,0.749850885956936
stream,419,,51.01341877722038,0.8957506628948505
stream,420,,49.94798360827862,1.1005750661291362
stream,421,,53.161169569380995,0.9974416756717619
stream,422,,53.34381646625441,0.9819282482676368
stream,423,,53.48904832897299,0.9752850976341575
stream,424,,53.56233802679567,0.9762788974728351
stream,425,,54.17442613057092,0.9930588307202411
stream,426,,54.76343830879633,1.0486402460145028
stream,427,,55.56535588376421,1.0378460528115667
stream,428,,56.893519287630355,1.0251687649894343
stream,429,,57.43365582872806,1.0183574117446352
stream,430,,46.342460932263705,0.8238226879682905
stream,431,,43.28568448486663,0.7193362837827281
stream,432,,42.663369305137806,0.6933650335972042
stream,433,,51.12265651076401,0.8741727177356351
stream,434,,50.70580000714228,1.31446114968921
stream,435,,53.90649906351292,1.4532947611393174
stream,436,,55.71938550685347,1.4756679665963681
stream,437,,54.65903993605317,1.503907145662223
stream,438,,51.69422144831744,1.5449688417581795
stream,439,,35.636474201265436,1.407098442491516
stream,440,,32.769234053791834,1.1738590211746203
stream,441,,29.44110377035246,1.1833306745693253
stream,442,,27.627477309084984,1.1728728426888246
stream,443,,28.198382800180106,1.1795159962886956
stream,444,,29.045858106924157,1.319718016422713
stream,445,,31.85163355175444,1.3430850111633426
stream,446,,34.112194750897956,1.277213957859849
stream,447,,33.16712027281616,1.3109266928063295
stream,448,,32.915787036700536,1.311991830322883
stream,449,,32.9003876429226,1.3385568336425089
stream,450,,31.759563619229716,1.4184913471449656
stream,451,,31.865082598671183,1.4446715766581795
stream,452,,31.10090044533148,1.4988820071566613
stream,453,,21.34921039282434,1.3389975843887358
stream,454,,21.19630983392964,0.9079565599436952
stream,455,,18.285845145711924,0.7431516642992697
stream,456,,17.698906128115254,0.738223420266278
stream,457,,17.65364818896297,0.7367097582447952
stream,458,,16.8684280411836,0.6606459506941976
stream,459,,16.884527995900672,0.6495153973408605
stream,460,,16.80789594587845,0.6495154190021062
stream,461,,16.86595295503886,0.6400998292428249
stream,462,,22.456964563910567,0.7776110500110588
stream,463,,28.512473426774378,0.7397473280131207
stream,464,,36.060650836784134,0.6036963402544167
stream,465,,32.76591897530306,0.7781080476616904
stream,466,,29.90469923149787,0.7892385582441543
stream,467,,31.952641387981593,0.8891661763453074
stream,468,,32.18085407932687,0.8670656487075067
stream,469,,30.45118424671701,1.0035652705712774
stream,470,,30.691012488233973,0.939136530540072
stream,471,,29.702416147438317,0.9246882165209837
stream,472,,30.207361248226196,0.8748530324544208
stream,473,,30.30742166211113,0.8568627549529293
stream,474,,30.412708128093097,0.8402994628988725
stream,475,,30.76597807026076,0.8402994450376923
stream,476,,32.11276285900357,0.8359802742813587
stream,477,,33.06813502141078,0.7937413069245125
stream,478,,32.97739576693965,0.7967303630357265
stream,479,,33.43217789954721,0.7998315394448586
stream,480,,34.07173435043726,0.7890934081360118
stream,481,,34.10034505448879,0.8056974699677978
stream,482,,28.42207193992509,0.6696769604434528
stream,483,,23.172785647798232,0.7601890656843792
stream,484,,14.739565884005223,0.7884358865645817
stream,485,,16.595772314043995,0.6999291468873194
stream,486,,23.505152915269896,0.729258992858562
stream,487,,21.87116658326432,0.7316697154592757
stream,488,,19.116530739474506,0.8426387779800797
stream,489,,21.5394768360662,0.6956328923835389
stream,490,,21.463146866188968,0.7110673324649415
stream,491,,22.99076261026051,0.7210435475249531
stream,492,,26.456270967588182,0.7426395849503482
stream,493,,28.981530041559253,0.7398747803948152
stream,494,,28.909187495588018,0.886857589596574
stream,495,,28.362306154332938,0.8980441851879108
stream,496,,27.136761471279343,0.9128289013261959
stream,497,,26.278160265872774,0.9823057285679608
stream,498,,27.65259334785576,1.0063861779242744
stream,499,,28.16275249137034,0.9976356462979512
stream,500,,31.263706913283134,1.035499398093098
stream,501,,33.24401837683559,1.0283109456508384
stream,502,,35.10160754039322,1.0255461347207795
stream,503,,33.53229871452285,0.9981071104522984
stream,504,,33.77294808009137,0.9734659695611716
stream,505,,32.13274398931032,0.8474140794318449
stream,506,,25.17180461770643,0.813036283107754
stream,507,,25.415075837015383,0.7106979038427862
stream,508,,25.772071271582746,0.5955778086866403
stream,509,,23.73829784464528,0.656928311438078
stream,510,,23.894426123212433,0.6786848649562035
stream,511,,22.370235741485743,0.6657272701629966
stream,512,,19.811688904811167,0.6939663708580084
stream,513,,16.752510000829957,0.7654866929115942
stream,514,,18.300507167993267,0.6758002725398757
stream,515,,18.340766781309124,0.685047741488298
stream,516,,17.056974601702144,0.6665528460731779
stream,517,,17.87396434143189,0.6021239898584331
stream,518,,18.36424846808602,0.5711837675436812
stream,519,,18.562421452800542,0.573948554990389
stream,520,,14.839627042145356,0.5558461100140276
stream,521,,16.568110742946395,0.651581980128844
stream,522,,16.75241394668418,0.6633138675399187
stream,523,,17.830768097672504,0.6043918270825432
stream,524,,17.615581225510507,0.6580824530987085
stream,525,,17.585604818817274,0.6982293754980236
stream,526,,18.183333878805364,0.748938581943595
stream,527,,17.257281775080347,0.7157304236709159
stream,528,,16.163349816492282,0.71473662931488
stream,529,,16.41895414074353,0.6476170671104533
stream,530,,17.107644358112402,0.5964109790381137
stream,531,,17.097031437131115,0.6210520645709152
stream,532,,17.908086235575016,0.6370878897014549
stream,533,,18.3320793882984,0.5928128985355957
stream,534,,17.240956123535483,0.5858562968369038
stream,535,,18.98042846863339,0.569797496927248
stream,536,,19.173169521915987,0.6870988590926941
stream,537,,18.242564119430245,0.6734762083256177
stream,538,,16.363706049865765,0.6720339338052266
stream,539,,16.029350108570636,0.7026608350507971
stream,540,,18.30408227448898,0.8777147418855651
stream,541,,14.47995660297265,0.8777148699988389
stream,542,,12.975616056358673,0.878443668766189
stream,543,,12.104806939348727,0.8742926367039439
stream,544,,12.086723091098712,0.8116833139725735
stream,545,,11.77956510975393,0.7766812030910282
stream,546,,15.251762196791674,0.8554358820372173
stream,547,,16.38135695532808,1.25265455810327
stream,548,,16.341537392982392,1.2928014413171636
stream,549,,19.87871477098704,1.3907899684321885
stream,550,,19.309691200993367,1.471083836785445
stream,551,,19.388769824231776,1.4852034444039517
stream,552,,17.180320835092335,1.4188279418961118
stream,553,,17.44783571958489,1.424974230925
stream,554,,16.958051260589333,1.4017040006975665
stream,555,,15.341977522796155,1.3970484372853746
stream,556,,15.623167701028063,1.2708283693864306
stream,557,,15.623078156305837,1.280131871680759
stream,558,,15.614024477581724,1.2801318665552417
stream,559,,15.354901486984721,1.263520084459342
stream,560,,13.019071697749208,1.0836500798942514
stream,561,,17.688901643366982,1.0836500146289894
stream,562,,17.250583490768452,1.1972411525288624
stream,563,,18.930920008919475,1.23639424138672
stream,564,,19.0774005304316,1.3504899860486208
stream,565,,20.263562520521813,1.4284038225848916
stream,566,,18.9315185762453,1.2959585176225372
stream,567,,18.315651720012003,0.909029470643968
stream,568,,18.439619253117467,0.8716473808081867
stream,569,,15.95512853814539,0.7911114340471352
stream,570,,15.593013129957072,0.7469102917370405
stream,571,,15.572501148378581,0.7153380777597896
stream,572,,16.541306741965137,0.742407620336309
stream,573,,16.354954989949082,0.7090160060083945
stream,574,,17.4856678760638,0.7929155451197252
stream,575,,18.465888041212303,0.9877305921461287
stream,576,,20.343627974425583,1.218956902071678
stream,577,,20.59698864813603,1.372575255875587
stream,578,,20.59658828968027,1.3814939674616489
stream,579,,20.349892662532895,1.3698588779717604
stream,580,,20.32997823196489,1.3811652288433727
stream,581,,16.075772781096582,1.2823281363183237
stream,582,,16.432928716650544,1.1556112295931182
stream,583,,15.02519764745208,1.1779054282253063
stream,584,,14.861092224443055,1.1041247570851473
stream,585,,15.710413480743801,1.102274727526378
stream,586,,13.853279948333142,1.1022747464295775
stream,587,,15.698061733972734,1.0914805941319046
stream,588,,17.265390383240597,1.0974663456946139
stream,589,,19.116237089143937,1.0722086026341904
stream,590,,19.261084400641494,1.1268190788703187
stream,591,,21.039714532796623,1.1370602604230307
stream,592,,20.065140489275166,1.160330442937128
stream,593,,19.75139985632102,1.165979798154319
stream,594,,18.600564322565504,1.0706210075827807
stream,595,,17.5969679576232,0.8872728789274895
stream,596,,15.470302702498634,0.656046559300086
stream,597,,15.400229115676746,0.5107226096282422
stream,598,,15.711717172903889,0.5494833471655581
stream,599,,15.997678555093712,0.598309452645174
stream,600,,15.970509740127152,0.5983094513980709
stream,601,,15.850433133818253,0.6094399876444689
stream,602,,15.773745342914152,0.6101050758800967
stream,603,,15.667440942951615,0.60163495809848
stream,604,,18.166017336770878,0.5937024278326832
stream,605,,16.135415876749043,0.6169802651935642
stream,606,,16.491504336562066,0.6706708198558513
stream,607,,15.058612773592863,0.6648048472082774
stream,608,,14.34280415702566,0.6553331560381628
stream,609,,10.781591537363777,0.6689074374033118
stream,610,,14.077981917252009,0.7415185308975527
stream,611,,12.263261447827256,0.831452235099456
stream,612,,13.047298310189364,0.829938569567589
stream,613,,16.607541460360142,1.1469806773639464
stream,614,,16.6086427570125,1.2783532597825282
stream,615,,19.697438237764086,1.4346065300070048
stream,616,,19.413769303922557,1.5869024098649782
stream,617,,21.62465218524051,1.6376676418226697
stream,618,,22.632333041123328,1.5958057433990536
stream,619,,23.046939038084524,1.5431089110630327
stream,620,,23.280165957215726,1.5246141026217783
stream,621,,23.16857906393153,1.5071691124683921
stream,622,,23.00209153645471,1.534414467097571
stream,623,,23.3695417990303,1.4891940283436624
stream,624,,21.401266875946085,1.4563145892382565
stream,625,,21.950665516755954,1.35116304730177
stream,626,,21.20958225653774,1.288056879093299
stream,627,,22.83963703812592,1.3221696726210754
stream,628,,21.930919975958155,1.394411187820861
stream,629,,22.007858840187918,1.3719818930644518
stream,630,,21.62002292276781,1.2993708567506375
stream,631,,22.315325658410256,1.2094371831279138
stream,632,,21.548067799230314,1.1714052928766794
stream,633,,18.356720455694813,0.8748940843668427
stream,634,,21.971604950710155,0.9373250337243064
stream,635,,18.860692142135253,0.9492505493865865
stream,636,,18.950035416842383,0.7964577734960994
stream,637,,16.568825801376057,0.7249374049466454
stream,638,,15.252068514866966,0.7185668935130102
stream,639,,14.232556363628529,0.716627724695699
stream,640,,14.005153820502738,0.7077089991488814
stream,641,,14.715679799391324,0.7356194743614006
stream,642,,16.260401566392062,0.7171246450427782
stream,643,,15.747987512567814,0.8344260788479925
stream,644,,15.934782771940924,0.9083494406804213
stream,645,,15.395205608092693,0.9629853984343064
stream,646,,15.079472170610929,0.9724009930772907
stream,647,,14.625362475252663,1.0529369026561697
stream,648,,15.06798130410198,1.0086618870677526
stream,649,,15.201832567107983,1.0568942969780437
stream,650,,18.1054920955428,1.2630413714157511
stream,651,,17.43586777393078,1.4850280907543263
stream,652,,17.41225892495911,1.4689209308353468
stream,653,,17.267052085809592,1.4595206115531918
stream,654,,19.18721659698533,1.3610758678014387
stream,655,,18.989474273395544,1.3920238401081078
stream,656,,18.960182355940397,1.3958461513090836
stream,657,,19.484983669631283,1.4014955220491065
stream,658,,20.584437771990196,1.4109671747387957
stream,659,,20.64437574063066,1.4275712626523087
stream,660,,24.626362933085115,1.5212075486181071
stream,661,,23.864714511438983,1.6746017345463207
stream,662,,22.779861949230447,1.6739850390268038
stream,663,,22.666272866680636,1.5535824140166907
stream,664,,25.406221201781026,1.649038110086135
stream,665,,25.420879436785054,1.7471949223190548
stream,666,,25.717432199973512,1.7465782646867074
stream,667,,23.589440738727696,1.6543588271860614
stream,668,,23.103579922150526,1.6263923260895914
stream,669,,26.671423910524567,1.6833674531055838
stream,670,,21.885509405419917,1.4226098037218493
stream,671,,21.87950206784555,1.1951979994968582
stream,672,,23.176714544351626,1.2287578270352286
stream,673,,23.636690188413382,1.364105508475038
stream,674,,18.36069152793686,1.341459603100134
stream,675,,20.46543625408522,1.2686573772515124
stream,676,,24.446297643681408,1.2814391309237998
stream,677,,26.600934141783416,1.2770638595329433
stream,678,,30.203393419753304,1.2842523578462925
stream,679,,38.211808898772524,1.2944935699781843
stream,680,,46.144491245737576,1.2169644693390875
stream,681,,47.39422054803113,1.1775207835231258
stream,682,,47.32520075061179,1.1692187683666815
stream,683,,47.35312419929472,1.1908148213148897
stream,684,,43.93392026214288,1.0428559499650616
stream,685,,47.66060250837616,1.1217863919738391
stream,686,,47.994656088364835,1.125384447515535
stream,687,,50.47144489904552,1.1511875491479284
stream,688,,65.29570115126315,1.4177930551969116
stream,689,,61.55095930637953,1.7617390371010173
stream,690,,61.53533629968926,1.7630284554503646
stream,691,,61.49307571159484,1.7811308323484725
stream,692,,60.2013844892609,1.7490132791474384
stream,693,,60.85788567091243,1.635743175975942
stream,694,,60.84530892304266,1.5756668019549753
stream,695,,59.15598293437469,1.4361604187934873
stream,696,,55.13114684545487,1.467732702015305
stream,697,,52.99157254502477,1.4789192897016228
stream,698,,48.53555112343839,1.509089963726281
stream,699,,40.44270552740819,1.4916602731473787
stream,700,,28.66152560644957,1.4769953534250404
stream,701,,28.422471931351755,1.4273053574030607
stream,702,,27.834738021234514,1.467620465167781
stream,703,,28.65796121921492,1.473766725412399
stream,704,,28.743400052781475,1.461145492073551
stream,705,,25.696954200572073,1.2425480698886329
stream,706,,25.343848161485152,1.230647980023469
stream,707,,28.926807837473085,1.5428765277992857
stream,708,,14.083011281571656,1.4756601455655374
stream,709,,14.135633184774914,1.0282215677396245
stream,710,,12.889179236116087,0.9968252083291558
stream,711,,12.963860381253095,0.9611249250046547
stream,712,,12.989767898902413,0.9596826503012093
stream,713,,12.23132620792245,0.9425332897040067
stream,714,,12.490948513364472,0.9089734940392369
stream,715,,12.821714700015475,1.0236221315398348
stream,716,,14.486377065515759,0.9842447359548395
stream,717,,17.113806701309386,1.314629219085709
stream,718,,16.91245036540191,1.4073047021224108
stream,719,0.910392659075872,19.315097768578745,1.4609953111086156
stream,720,0.9199884575798204,19.20821744918277,1.5531892102475258
stream,721,0.9264858082551181,20.82889442731612,1.5241244009494694
stream,722,0.9266753175917323,20.841390887048206,1.6251732927271396
stream,723,0.9264684247334439,20.691676458695564,1.637891369343908
stream,724,0.9268041218595484,20.743050151033344,1.6310316051475682
stream,725,0.9266253754002044,21.587643259025757,1.644751151555397
stream,726,0.925866787383902,22.147974966558177,1.8759776567365525
stream,727,0.9255234799174,16.134453165245134,1.570208853759316
stream,728,0.9265953717893576,16.71459816754967,1.3766856880300538
stream,729,0.9271522984449854,17.586785245862618,1.4801784144823635
stream,730,0.9281697850503358,17.62765001685241,1.5175376550305473
stream,731,0.9291737092038984,17.936452833459104,1.5416258175077644
stream,732,0.9295338384576077,18.735869171050577,1.541072850399366
stream,733,0.9304171670454271,18.06477786199165,1.5353037078161247
stream,734,0.9320176078393827,20.45985205402601,1.5995387602402404
stream,735,0.933390797525857,19.686082274312618,1.611663153791613
stream,736,0.9363933771385337,20.36482483750499,1.696997331043758
stream,737,0.9369861666931585,17.196767466504017,1.4456580553469809
stream,738,0.9374424037273175,17.2265495188976,1.3067047083825638
stream,739,0.9373655986506158,14.949505621294872,1.243598488005469
stream,740,0.9353188596292997,14.973817437023921,1.1501304926907705
stream,741,0.9326865474835483,12.365788921819975,1.0964399557855105
stream,742,0.929290158552058,12.537390856110196,0.9552441304311046
stream,743,0.9225232681001263,11.717328598713705,0.9101282008718884
stream,744,0.9161027002529738,11.639433931539118,0.9101282005348842
stream,745,0.9067658256301853,10.077142953470984,0.8890927768150056
stream,746,0.8985857874974936,9.169696983119294,0.663683822930644
stream,747,0.8921655320921734,9.301498694639527,0.6304679586108429
stream,748,0.8815534229305187,8.829471920644153,0.6377838528266567
stream,749,0.8774430660312292,7.9376568003684715,0.5450292360219476
stream,750,0.875561350211329,8.470067734535167,0.5070533365159846
stream,751,0.871732371651434,8.093064655339079,0.4965878514568517
stream,752,0.8734971116557863,9.067266239804308,0.5785176176665174
stream,753,0.8761978186185159,10.168209271224585,0.5657358253799951
stream,754,0.8782730958640758,7.484599937294607,0.5141296622346692
stream,755,0.8802759791752466,7.630572078408861,0.4048576794067243
stream,756,0.8825324705485346,5.682233583413617,0.31454684823598617
stream,757,0.8841724443281483,5.716072131829197,0.23117480742702828
stream,758,0.8855354846262523,7.20922953160254,0.27148991500869474
stream,759,0.8858248364459657,7.366639177056368,0.304369389219859
stream,760,0.8859848684656627,7.38920809853964,0.30951419644146166
stream,761,0.8854577204557476,10.88566970098956,0.3942316356379179
stream,762,0.8848897194423233,13.56796270907697,0.3969964401934509
stream,763,0.8828873645554762,18.38820432575868,0.41278254783214785
stream,764,0.8823682879156785,18.578443682281925,0.4830288102735908
stream,765,0.8821797685324708,20.880657278516534,0.5253952015901274
stream,766,0.8825361552184856,22.06811110849785,0.5225106287768227
stream,767,0.8839851951371047,22.111991876830253,0.6041677078062235
stream,768,0.884926359706066,22.004204629539252,0.5948642151859985
stream,769,0.8858101258273704,22.3388967041012,0.5999121862130185
stream,770,0.8867545991711668,21.86904047299941,0.5945431008320666
stream,771,0.8869961569598438,21.88352521428133,0.5787569935064376
stream,772,0.8861906541014217,20.195922600921588,0.505682223786175
stream,773,0.886246313455145,19.093541910454956,0.5018599232703126
stream,774,0.886856494714742,22.062602664473083,0.5809051106841198
stream,775,0.8872439014132286,21.916607169842173,0.6924756232612049
stream,776,0.8868238915948037,21.507944683564947,0.6891502304040799
stream,777,0.8863267436004293,21.663253764170324,0.6934771092031583
stream,778,0.8855794931589567,20.112386437757248,0.6584750132221241
stream,779,0.8840501635124521,21.088884325598745,0.6887017069373753
stream,780,0.8829098368848068,21.074996247438335,0.7237037925999557
stream,781,0.8828977318162919,17.747999891544143,0.6690933133974358
stream,782,0.8835060692602091,14.930992304245533,0.6656634317067215
stream,783,0.884020561544482,11.080232932447437,0.6648225065016656
stream,784,0.8838160263481051,12.745422379647195,0.5925809939293628
stream,785,0.8827031100905055,10.93698422192706,0.5723151308237237
stream,786,0.8810823710174552,9.786065163491214,0.5695503267112727
stream,787,0.87849417327381,11.21629816718275,0.4830770989052052
stream,788,0.8761250094551818,11.26290678039822,0.5200667701519327
stream,789,0.8742888421370283,10.885857756403425,0.5026218066495545
stream,790,0.8744461781902119,12.739237308904336,0.5538278990945048
stream,791,0.8748205743346715,14.460482160635276,0.5521690183450669
stream,792,0.8734572301034583,15.676361124345501,0.5453092545684256
stream,793,0.8738799027817199,15.604404101678936,0.5732197621286762
stream,794,0.8756767090919875,12.978458567685713,0.4934458186237535
stream,795,0.8791348483899268,13.13712636229301,0.37384592936249167
stream,796,0.8833250996291654,13.205699053303661,0.37401410978543315
stream,797,0.8872096142130803,13.433444386579952,0.36669820933273717
stream,798,0.8909498372247556,15.998111000562567,0.5302672718418316
stream,799,0.8937217507661499,14.82472900731358,0.5302673224192721
stream,800,0.8954593077818152,14.981904923912305,0.5108755411072455
stream,801,0.8961550341773509,14.703739111251355,0.4937261544321153
stream,802,0.8956870068132712,14.633341443380342,0.49538502896099607
stream,803,0.8947595650324329,18.417789594791397,0.6340963514825018
stream,804,0.8931540327561713,18.31272838389539,1.0601633150795218
stream,805,0.8904032679549692,18.522348463046946,1.0453786650377341
stream,806,0.887315214433128,20.598610574206944,1.0775930291632518
stream,807,0.8836473530574922,20.119672842982386,1.070404602489632
stream,808,0.879316074459813,20.260041125797834,1.039008224229004
stream,809,0.874953158310516,21.047432324125165,1.0448181227592346
stream,810,0.8704636810382028,19.086737139893014,1.0180926363963254
stream,811,0.8669444394745685,17.6030057711543,1.0275082281569703
stream,812,0.8646279116885103,17.242420667301406,1.0318834927870733
stream,813,0.8632196232099153,17.246164554610296,1.016369976792082
stream,814,0.8624620952607993,17.325193535962917,1.0263461485295837
stream,815,0.8619598599902684,17.355052897598515,1.0185894097483734
stream,816,0.8609407531749507,17.316226796876748,1.0303213348931988
stream,817,0.8593866603008037,17.00155683162062,1.0419564104696506
stream,818,0.8578148770378519,15.932559913200597,0.9004878749243508
stream,819,0.8557413301928092,15.866746723281198,0.8841564212461925
stream,820,0.8539187911562427,16.308364876616114,0.8956157089822872
stream,821,0.8528621353177703,16.351615118450606,0.8956157380266065
stream,822,0.8529534157567201,18.218112890926836,0.9861278384279031
stream,823,0.8540999458182724,13.465968638185162,0.8955443547686803
stream,824,0.8570796986974792,12.475199277234582,0.5024128903748922
stream,825,0.861119349722101,11.915436712728043,0.49560155093880354
stream,826,0.864818337277582,10.927316463454789,0.5464458503591542
stream,827,0.8669573315177797,10.021270041125165,0.5428401513129294
stream,828,0.8666936588976512,19.63265057421993,0.7486482830809451
stream,829,0.8658288954119369,24.141094424990342,0.7552353995204433
stream,830,0.8636647458238464,27.782431082405875,0.7289838068226135
stream,831,0.8594143399709475,34.47779360897823,0.7419414495633395
stream,832,0.855421668581031,34.248091034901925,0.8277980521876116
stream,833,0.8534268164491388,34.42417623947388,0.8785072792543143
stream,834,0.852924639433702,34.586456705864556,0.8595639412925037
stream,835,0.8531160900583213,36.7064997371943,0.8667040218190454
stream,836,0.8548442378734992,40.8727520214893,0.8667040234852958
stream,837,0.8558948706084967,40.932022675940296,1.064482758211844
stream,838,0.857473861983654,41.95423667342792,1.2330463239607303
stream,839,0.8601252259808194,44.718074711054015,1.1867684600330153
stream,840,0.8614788108939515,44.0541999625132,1.2480221795492057
stream,841,0.8608937530242847,43.96250003606127,1.225648944086605
stream,842,0.8600690062792241,43.066532116427624,1.1663574469530424
stream,843,0.8590173866631428,44.824754558182086,1.3009586905852113
stream,844,0.8587005441349841,44.788657141779105,1.2738891499349696
stream,845,0.8594699821418728,44.65645724480751,1.3143494635290307
stream,846,0.8605093385746094,45.81220120080924,1.3028112322156653
stream,847,0.8609315750903507,45.622978210376104,1.4021528634976712
stream,848,0.8598397886680011,36.4992492008015,1.1932435931217578
stream,849,0.8574008699438808,39.51058628950844,1.702858627694563
stream,850,0.8541319350386913,38.672627440788055,1.7493760969134458
stream,851,0.8496757881158868,34.030977602858755,1.7276679429036885
stream,852,0.8468055656236284,33.53656930576091,1.7908122899621284
stream,853,0.8452910957607342,34.991574591779965,1.745151089044682
stream,854,0.8448464679696588,34.8500003181351,1.9084653883046618
stream,855,0.8462891836081498,32.641909694183774,1.955816054943808
stream,856,0.8484936779646927,28.496186159518064,1.9522179951886196
stream,857,0.8518164519647378,31.364142975287493,1.8660097757164171
stream,858,0.8567896027425463,32.385439538599485,1.671474959107999
stream,859,0.8620813343660753,34.25639670388546,1.6748003441150705
stream,860,0.8672577321440156,39.44356461450901,1.5813322308793294
stream,861,0.8706834575900785,41.79917069276765,1.6081775043482616
stream,862,0.8722363684573012,40.837721921336886,1.6299340789287136
stream,863,0.8708747861395731,39.079113086422645,1.4306009355656144
stream,864,0.8673938239440567,38.264618403277666,1.4264499274298212
stream,865,0.8651179564271626,38.35855211038448,1.3813340349007361
stream,866,0.8624597142577483,39.50203170460344,1.3910222899391491
stream,867,0.860319760247055,40.376133915885134,1.319927477587131
stream,868,0.8590334564080024,39.80306293422049,1.3310580398875247
stream,869,0.8569068229350139,32.68323911217312,0.8419255031704092
stream,870,0.8551828566953835,33.18664072097302,0.8205944249057693
stream,871,0.8526570115418662,32.5494307972459,0.8293449565320923
stream,872,0.850770242951617,32.42293382033436,0.7080862659601034
stream,873,0.8468681789396288,31.94802387817525,0.7072453410479728
stream,874,0.8422829573924393,31.97080670707978,0.5424403632326346
stream,875,0.8365464971155114,35.16984676218426,0.519170217668431
stream,876,0.8320610259341079,35.22747023216627,0.6045043965046825
stream,877,0.830643660722372,33.47957061506117,0.5696220228605255
stream,878,0.8305382114463457,29.92757208682959,0.6072054668022325
stream,879,0.8277340530800994,25.905225618364554,0.6501579457228757
stream,880,0.827586919840805,21.198333473323178,0.649492865154287
stream,881,0.8300456384013519,20.295112465980935,0.7394265719034359
stream,882,0.8351483876977741,20.524630236597385,0.7993831647163337
stream,883,0.8412021160410987,21.862052388365097,0.9045347046514566
stream,884,0.849372731923206,26.275575140331007,0.9436877865636008
stream,885,0.8555951767844902,27.74960953485697,0.9634490734132312
stream,886,0.8592837379123156,24.297240227149505,0.902995497714472
stream,887,0.8613483540338271,25.70951433976234,0.9720160323103961
stream,888,0.8622393647666381,26.72988380170232,1.221120461999224
stream,889,0.8623100474770571,25.62640123072986,1.2701146558277299
stream,890,0.8618424973675917,22.321643501491543,1.243213322803057
stream,891,0.8613403503527631,21.054751660093892,1.2606430481267823
stream,892,0.860959329373044,21.968211164015194,1.2282452256038672
stream,893,0.8606565276916422,23.602201299076384,1.2240381460279866
stream,894,0.8606277927818577,28.01184533954193,1.2279088397857163
stream,895,0.8605840101652512,25.50314373008838,1.278752989691595
stream,896,0.8606954385365807,26.129695471247665,1.3264809039547245
stream,897,0.8613200812109812,24.851607799170647,1.2591931104879621
stream,898,0.8623588854223282,24.905000474404364,1.2216096581211617
stream,899,0.8636117208782993,26.68213233676111,1.2309845590170063
stream,900,0.8654301933148876,26.286661583223783,1.2940907775978374
stream,901,0.8674987869360249,29.0884256178249,1.306327158215457
stream,902,0.8692037707632281,28.851709817584105,1.3184514198276718
stream,903,0.8699821701106641,31.032164564468662,1.307433007576441
stream,904,0.8694587595050438,28.848145727825642,1.2682799172114523
stream,905,0.8671748669347084,28.80542747949769,1.2502896375236554
stream,906,0.8642389974904974,29.726617505470156,1.395613614760438
stream,907,0.8593379020932956,29.303671124586163,1.491869493527277
stream,908,0.852701667858152,31.274661443359907,1.2316344848211587
stream,909,0.8462247643035186,31.354031167908538,1.3462347854568493
stream,910,0.8382995845217199,31.43003583058474,1.3637358351659765
stream,911,0.8329069569395446,31.316586955250916,1.3534945625206027
stream,912,0.8290225954237231,30.728117896711353,1.3517796300219913
stream,913,0.8260063754918012,28.614686182397097,1.3410414910934445
stream,914,0.8281353366034748,25.39530635673149,1.351835725201645
stream,915,0.8307113796945341,25.692587856602575,1.4674452497763963
stream,916,0.8355829379180664,28.54944572702873,1.359640935542494
stream,917,0.8406881119828187,28.715723567943495,1.395901868405317
stream,918,0.8468239190241045,30.32895473758899,1.4970399548251576
stream,919,0.8516070843758912,28.192265606291695,1.4583352781657566
stream,920,0.855066280490755,29.148966450817543,1.5120080352544165
stream,921,0.8574561537155369,25.005591605409208,1.391791610649268
stream,922,0.860324105004333,25.068456059573467,1.2685045855378025
stream,923,0.863517089196173,22.105228232673312,1.1867684679108315
stream,924,0.8648266019326823,19.980503755359955,1.2332858929267596
stream,925,0.8646641408048559,18.54197764157763,1.238654947620546
stream,926,0.8634535972288296,17.51698906812568,1.075733094565676
stream,927,0.8612857692313373,15.663216475350367,0.8827143693872046
stream,928,0.857973764605329,15.25186462416099,1.0431440182627072
stream,929,0.8546591031228216,15.215049217577496,0.8874820215310604
stream,930,0.8514881000261979,15.140787826702345,0.8719762136337772
stream,931,0.8480446863596928,15.569840046747196,0.8767923364057122
stream,932,0.8445806295026703,15.160245042937296,0.8787875855475927
stream,933,0.8418424679823439,15.0653692869943,0.8995018874295527
stream,934,0.8397887449863327,13.179984230408214,0.8952947601876552
stream,935,0.8377786801975347,12.746510810251683,0.7173817979709304
stream,936,0.8354959784634575,9.47154907434329,0.6871473766262131
stream,937,0.8335142434741311,9.602521688522078,0.6887730092771905
stream,938,0.8311114296811077,10.50502827809541,0.7251459905419663
stream,939,0.8306731653408227,11.939668440079453,1.0512112521377923
stream,940,0.8322038631877242,13.449153382432826,0.9350973572438792
stream,941,0.8333141947716158,13.455928295228963,1.0530153993013072
stream,942,0.8343292565817699,15.534064913771143,1.0963602862817687
stream,943,0.8343999172021535,21.159418891909603,1.1234859052848725
stream,944,0.8352175857174525,24.87407149540337,1.0847252112234644
stream,945,0.8353691684898698,26.77149586234493,1.0933712641592241
stream,946,0.8360259796208356,27.415465971377525,1.1026747218863995
stream,947,0.8373304492148875,33.32893064249564,1.1885312789248796
stream,948,0.8387972430466846,33.042947774947486,1.05584392771939
stream,949,0.8415354349625206,33.89736980004217,1.0244475299035847
stream,950,0.8440368639069077,34.099320127116464,1.0288227699117924
stream,951,0.8447882196924286,33.40580730918298,1.009341771283451
stream,952,0.8449562051163172,33.36619655838493,1.0080676628351828
stream,953,0.8444756905709092,38.576969996217976,1.1697459928312786
stream,954,0.8454160994200571,50.129648578210464,1.1852594452239797
stream,955,0.8454023057274627,50.698121373093706,1.3603131780719262
stream,956,0.8454244607329561,61.2056084876775,1.5558238397581852
stream,957,0.8460010542584979,64.82431537121155,1.5378666625213497
stream,958,0.8467825043575642,62.75738775405852,1.4530524648037488
stream,959,0.8483404293938248,61.28846130064982,1.110039109918267
stream,960,0.8493313628101237,58.73713253074703,1.1128039206413367
stream,961,0.8502623643544529,61.46234861934124,1.0802201358718124
stream,962,0.8501360528017254,60.14796230317351,1.2456978221585684
stream,963,0.8494989471453507,53.98161869894319,1.2285483652757534
stream,964,0.847315526564461,50.134410083706356,1.222955065008864
stream,965,0.8455405093316697,52.83667489635757,1.3722541625051792
stream,966,0.8434190329308983,52.56151582907578,1.662940261913209
stream,967,0.8396796219877262,49.35261699257586,1.6355011864210312
stream,968,0.8374826496544097,46.95923191270129,1.6936153691581004
stream,969,0.8349037885386567,46.621457686580975,1.7016447475563983
stream,970,0.8332632661059675,51.91075606419889,1.789463395300802
stream,971,0.833673875683313,55.91714805619139,1.7880211021334056
stream,972,0.8368228778865764,57.04857565046474,1.8039601114796926
stream,973,0.8422323847567708,51.33704408535941,1.6467539117211516
stream,974,0.8487945458449581,39.96523049888296,1.6517229074397852
stream,975,0.8559707982385008,38.90593558161142,1.455248985961475
stream,976,0.8613082864314708,28.062543604982746,1.265331644639389
stream,977,0.8652393218061857,24.27045910614543,1.227972512631621
stream,978,0.8684261960737186,24.512112731277057,1.2201112724824084
stream,979,0.8701975234330112,24.302610660051744,1.253671108711623
stream,980,0.8723222223484811,24.825829304652334,1.2633670079576755
stream,981,0.8736621558319269,22.374365793442827,1.169730717232468
stream,982,0.8748817620586844,21.82933244005858,1.012114269327749
stream,983,0.8763873345998795,23.25019160243142,1.0111612521091138
stream,984,0.8776684341818051,23.416325770466973,1.029712144207986
stream,985,0.8796647423901752,18.742948116588643,0.8760938271507768
stream,986,0.8816637320410099,18.51331813056308,0.5722819593585887
stream,987,0.884127976009041,16.579460124777274,0.5206758705776056
stream,988,0.8861215045156672,16.83150435235748,0.43431486696033383
stream,989,0.888481186311178,16.315107836472887,0.41736677861312116
stream,990,0.8914299521749581,12.030331558049285,0.34067869777071813
stream,991,0.894040164828186,8.781024343702676,0.34018180407657217
stream,992,0.8968318753570473,7.828721500103995,0.32938762673728655
stream,993,0.8990773826982528,7.733509930101252,0.30835221991926326
stream,994,0.9006715294761906,8.206347836282319,0.29207687208191463
stream,995,0.9018307367158952,8.37667111676938,0.2983913254688449
stream,996,0.9023161848001282,9.137891816668267,0.2906345748840592
stream,997,0.9033044662196182,9.31084590531743,0.2812189803180492
stream,998,0.9044370177166133,8.741406240055728,0.23438810736243762
stream,999,0.90499659209482,13.08924106206205,0.2925024725391573
stream,1000,0.9056710308797865,16.843005285551648,0.28004176795176616
stream,1001,0.9056999136792637,25.03599648986136,0.300965053711907
stream,1002,0.9058697096778058,25.681968211871506,0.40164451065197765
stream,1003,0.9066577119642905,32.36228724494916,0.49481699412642627
stream,1004,0.907442758784,36.8247241801217,0.4855695584306517
stream,1005,0.9083276937606303,39.968252061793706,0.4818594211976618
stream,1006,0.9097167394975673,39.84866666488609,0.5759924937024904
stream,1007,0.9106014297445125,41.92645014121755,0.644740387460052
stream,1008,0.9108890192304275,46.44914609184952,0.6447403874600519
stream,1009,0.9107226235957908,48.612704097573506,0.6573693005534955
stream,1010,0.9098518098193084,51.35152990426033,0.6487232666017251
stream,1011,0.9089523324367478,50.69522786311852,0.7538748088771035
stream,1012,0.9081951005055916,50.7675741359122,0.7480088347974668
stream,1013,0.9078774852957334,50.934783809646525,0.7830109064935906
stream,1014,0.9079519323987629,50.652410984299856,0.767071902529034
stream,1015,0.9081893335669114,53.84181473625064,0.808933714183906
stream,1016,0.9088585178562576,55.76789695041269,0.8107047136490645
stream,1017,0.9098531157017457,59.339479186057304,0.8145270268513845
stream,1018,0.9107368505947147,61.57849017559119,0.8180129697129382
stream,1019,0.9114504089881027,57.20238298865008,0.8077156325750797
stream,1020,0.9120647319544378,52.9393006032998,0.8087094184782911
stream,1021,0.9130543780588384,45.712750919550224,0.8434388022981141
stream,1022,0.9134198225688908,47.44613493173168,0.9884033218648596
stream,1023,0.9137941722710352,40.0316247391427,1.1403602297248727
stream,1024,0.914308979343405,35.399837537709935,1.1438385520356749
stream,1025,0.9148571967927563,32.3072661348216,1.1382452197890665
stream,1026,0.915418796283553,35.949930141088124,1.2405861491921384
stream,1027,0.9158790374413086,33.15862672614158,1.3427640329855037
stream,1028,0.916192969380663,28.801186109663515,1.3764767530314732
stream,1029,0.9167247251837163,27.215861175272757,1.3650098196594707
stream,1030,0.9169908451701064,23.267676980107364,1.3841213409045525
stream,1031,0.9170121179137232,23.675814821134136,1.3068802360132443
stream,1032,0.9168879047759501,27.20313167228613,1.3630859173696335
stream,1033,0.9177698221637093,27.042872255353313,1.436866588509792
stream,1034,0.9179320964656119,31.357870912635327,1.5915169673347522
stream,1035,0.918678526299877,30.307499316291462,1.5599447692445316
stream,1036,0.9196669248341657,29.951499617209837,1.5571799644529052
stream,1037,0.9202873911659133,28.108857589147114,1.553301591800922
stream,1038,0.9213148890171006,28.646722599718792,1.5498717098210746
stream,1039,0.9219311336161984,31.691588408360218,1.468494845552999
stream,1040,0.9225668501064285,36.29486586804356,1.470658284226436
stream,1041,0.9231580102599406,35.10120987072335,1.6431487328050098
stream,1042,0.9234127071731552,32.99583644490065,1.3836807207714763
stream,1043,0.924205119571663,32.710542868500724,1.1990048194544793
stream,1044,0.9247512533629834,32.71928661374983,1.2103111690789883
stream,1045,0.9246447136612522,32.6613753531884,1.234399312988104
stream,1046,0.9243185552635563,29.024611795953632,1.0379253109262534
stream,1047,0.9245467990633063,34.455746614289055,1.1353302624797488
stream,1048,0.924411078650216,35.06874340401943,1.4814524771932718
stream,1049,0.9240850096186716,35.69370226450056,1.6610980908034705
stream,1050,0.9239951106157313,35.80606407430979,1.667244311241695
stream,1051,0.9238863135046077,35.28276992267074,1.6399989524778882
stream,1052,0.9240337790409953,32.19674598887138,1.62466134118217
stream,1053,0.92442169801017,32.25464590741597,1.518867653884005
stream,1054,0.9246703693808502,31.08142662536894,1.4803312335538603
stream,1055,0.9253487303372676,28.77185128892676,1.5668044975808861
stream,1056,0.926045421997195,26.822460175791925,1.5666363233689673
stream,1057,0.9267704371357698,25.998153327442722,1.6504161233457308
stream,1058,0.9277089313145401,24.61749136079845,1.6503600652750914
stream,1059,0.9283872445024633,21.641922179492468,1.7044991255132669
stream,1060,0.9285020122250276,17.23269395884982,1.7006207533283022
stream,1061,0.9287051794996073,21.029511531142784,1.5281303065168879
stream,1062,0.9292690571047862,20.87120587277615,1.5691920396649988
stream,1063,0.9302850911035819,21.20080669656882,1.5691920972632019
stream,1064,0.9318561371341957,21.28004803319834,1.5974312775761599
stream,1065,0.9328273085889227,21.462052814692257,1.5819178251834585
stream,1066,0.9336436165255025,21.58521889883692,1.5857401112424632
stream,1067,0.9346041608754282,18.606265328158834,1.3438061231219363
stream,1068,0.9360487245478445,17.603317600554544,1.02289318139047
stream,1069,0.9369263853125517,17.66496717178882,0.8811112412791077
stream,1070,0.9376085094537516,21.924888707719706,0.9016905983476039
stream,1071,0.9382972286097591,22.523193065019765,0.9418375276357823
stream,1072,0.9388212666440037,23.562631049571003,0.9098244533083656
stream,1073,0.9393417322370269,23.850963105623602,0.9233987357906045
stream,1074,0.9397057454048467,23.9086868231386,0.8533945449747301
stream,1075,0.9396994181385245,24.11986848040442,0.8150492222282986
stream,1076,0.9389293657887746,25.358116764175442,0.8269493333886003
stream,1077,0.93740886858182,24.392648856783687,0.8373587246250747
stream,1078,0.9356770637611781,25.005980475568197,0.9768651077865624
stream,1079,0.9342695096677306,29.20170228913558,0.9436493109221447
stream,1080,0.9334364355480915,35.17106244723004,0.9471352634287169
stream,1081,0.9333291181419192,32.1825130173273,0.9649089983880199
stream,1082,0.9330691264144612,32.3604086516106,0.8849744848855634
stream,1083,0.9327737890225227,31.821762014435027,0.812516372070603
stream,1084,0.9326862311771834,32.468945150417106,0.804543101950488
stream,1085,0.9323201566904169,37.38709165537068,0.8329580801736698
stream,1086,0.9320873012945093,37.490881462642406,0.9685861924312933
stream,1087,0.931559594490092,40.92535267129129,1.0843791825011984
stream,1088,0.9307409659648211,43.79140691253509,1.0410674634496269
stream,1089,0.930122448267467,42.456310057579095,1.1543376853279324
stream,1090,0.9296087055493838,39.442803965794454,1.147877940529352
stream,1091,0.9281564074351063,50.044518569988185,1.2764449055502802
stream,1092,0.9257747402410175,56.85463562402712,1.2710758508564939
stream,1093,0.9230564158694274,58.71346701239671,1.320888066282354
stream,1094,0.9214692096587724,55.13663822509162,1.3662841899545408
stream,1095,0.9203646083603264,56.22692630181212,1.349728446764167
stream,1096,0.9213909720181329,55.67855168638472,1.3372753731779001
stream,1097,0.921650192650642,57.813238134927694,1.2525578556105812
stream,1098,0.9220820184768386,55.875117888257684,1.1598823425936386
stream,1099,0.9211476686579034,53.650941229611355,1.160835388904446
stream,1100,0.9203560689324015,50.02394338283161,1.1580705837992002
stream,1101,0.918381036039011,50.67686180885326,1.0899571892764601
stream,1102,0.917099046923479,50.65079891383617,1.227468323349107
stream,1103,0.916369050875066,50.83910060737049,1.2180527294331687
stream,1104,0.9160272295845434,50.36363323453553,1.2260260472666191
stream,1105,0.9156700495270834,45.50092510355566,1.1851580178985015
stream,1106,0.915362801520872,45.25814192467269,1.0456515595868643
stream,1107,0.9148977741494734,42.059095803078975,1.0071149937215145
stream,1108,0.9140942042088107,39.935811731854635,1.0071149948146683
stream,1109,0.9156309831825613,39.856684363422325,0.901096985440064
stream,1110,0.9182541028706278,40.2078372832475,0.9010969412371287
stream,1111,0.9210998673692489,29.713261735252335,0.744114956626458
stream,1112,0.9247750561982224,21.207756734216623,0.7874598419937096
stream,1113,0.9275037177382661,18.980556430640323,0.719096688996889
stream,1114,0.9307294491704506,21.590184639129692,0.7415183522068037
stream,1115,0.9343628331465853,20.20174889469998,0.7415183931354469
stream,1116,0.938038618243863,19.14097865828078,0.7422395351550428
stream,1117,0.9420692249744678,18.610036014657517,0.7874599261148258
stream,1118,0.94526363986917,18.45088738264709,0.7747418467438215
stream,1119,0.9481151881914804,19.227518556878703,0.834242401327332
stream,1120,0.9502645727469057,17.001301904605963,0.9888927801522918
stream,1121,0.9516859604824042,15.85660242500687,0.9830268060726554
stream,1122,0.9527660679980525,15.861052345837665,0.8435204228581279
stream,1123,0.9533095302440148,20.25430646202127,1.1832746729999284
stream,1124,0.9532269315063426,20.199811539455872,1.2212581374836982
stream,1125,0.9526782279730812,20.07078507321522,1.2436874034046812
stream,1126,0.9514782903949455,28.452659294161286,1.6041484302570002
stream,1127,0.9496242446076265,30.485788365226835,1.509742687735699
stream,1128,0.9475767765918601,31.67335519990258,1.5106957033903485
stream,1129,0.9449613225689696,41.89118425901096,1.6033713351141192
stream,1130,0.9423871059077137,44.169768369377856,1.6113447414834752
stream,1131,0.93995958494908,47.29452170059663,1.5996128313710605
stream,1132,0.9382526731778714,49.263194622651596,1.5659638340724606
stream,1133,0.9370063246638091,55.22480970340331,1.5889868074155733
stream,1134,0.9370181901935413,53.36075613534456,1.548317474002542
stream,1135,0.9367841853002232,61.4450895636878,1.6529339401741954
stream,1136,0.9360838088754772,69.11980255303851,1.6527657556381203
stream,1137,0.9349753471821228,71.16727833206265,1.6075453639512909
stream,1138,0.934779113880319,72.62794887446722,1.5829042258143995
stream,1139,0.9348264753993815,73.24932685070516,1.5068403633719425
stream,1140,0.9354938229797484,74.2901096033888,1.3689699133997337
stream,1141,0.937733070470567,73.8559643941147,1.4098379035824493
stream,1142,0.9408988443267524,73.30668443155864,1.4118331527243295
stream,1143,0.9439267935071001,70.20128792719859,1.126714862491708
stream,1144,0.9465877698407488,76.16206536355715,1.0956879996005517
stream,1145,0.9489047239413634,76.10218509906235,1.3050381077022466
stream,1146,0.9510091232253951,71.3587621419932,1.0736485666877535
stream,1147,0.952392143090264,67.3786700106469,1.2799152537303018
stream,1148,0.9533984505116879,66.79293550676039,1.4128575181430216
stream,1149,0.9540375405512065,60.46640794924118,1.3013175606898562
stream,1150,0.9546214297899496,57.86450229337885,1.2617719822350317
stream,1151,0.9556091086172236,58.475498324813756,1.5613868832781679
stream,1152,0.9565649187080855,58.330776191150115,2.0254831291882693
stream,1153,0.9573616051892393,57.02434143506742,2.0326945539943013
stream,1154,0.958014157162399,57.60353939222807,1.9982937994249579
stream,1155,0.9585198748068393,52.378360246449994,1.8586267961081913
stream,1156,0.958923507136068,44.83417557206154,1.9127659032303723
stream,1157,0.9591756782657971,44.71814009025034,2.00850189904123
stream,1158,0.9593199495903112,43.2143824772483,2.2113388519812793
stream,1159,0.9595520232077914,39.801273689977016,2.206025850155661
stream,1160,0.9598469016988883,39.35993352962768,2.2293928047237936
stream,1161,0.9602378278360096,39.68994711537306,2.1943907737202037
stream,1162,0.960476546223657,43.61377647677383,2.257183588960029
stream,1163,0.9606787696567979,41.954966834284335,2.317140339769917
stream,1164,0.9606156102341014,39.10383374685745,2.3481672621287366
stream,1165,0.9606468370764607,39.987123795460505,2.1493234238982444
stream,1166,0.96056442310161,42.149518380663146,2.0850400023890847
stream,1167,0.9606923058702485,41.60089728424206,1.9485711157978707
stream,1168,0.9606553651792624,47.814963762753294,2.0249789606039346
stream,1169,0.9602460558923,61.17058113325321,2.070991824888589
stream,1170,0.9598726606164669,64.49732554109626,2.1811047076438848
stream,1171,0.9593716691023572,70.65976710796487,1.9216367363029059
stream,1172,0.9588030684964947,74.70169829192797,1.4772941984300525
stream,1173,0.9583710501288275,70.77223891854057,1.5354084771945977
stream,1174,0.9578221856773088,69.52373092137846,1.5016958068671027
stream,1175,0.9575218314016388,67.06279429133863,1.521449550944164
stream,1176,0.9575559810922356,68.03492141534389,1.4756124630347078
stream,1177,0.9572653981550096,69.97766825000905,1.6938174035755524
stream,1178,0.9569154489039494,70.53209474405976,1.5961575011055091
stream,1179,0.9567494659560146,70.60261699281098,1.5973194773165693
stream,1180,0.9565057446867375,69.96648784625754,1.556507505867048
stream,1181,0.9564798731322238,69.8347985747894,1.551194508983873
stream,1182,0.956169108859519,68.42469386809385,1.5205192739880573
stream,1183,0.9559677939843184,73.0742365671268,1.4153421375547042
stream,1184,0.9561402282710088,69.83930328691923,1.4879529454846165
stream,1185,0.9564318753553731,68.89433451163458,1.4570126420151515
stream,1186,0.9565569903536045,67.69505253489908,1.5616596159104565
stream,1187,0.957222779854006,67.61225377092985,1.572565846438286
stream,1188,0.9579712988125751,60.58469524293269,1.3803651665412138
stream,1189,0.9585421167505483,44.36403835342031,1.306441861547047
stream,1190,0.9594175793303665,46.89043096903514,1.2615985925663165
stream,1191,0.9603590700778052,40.288518197093545,1.23020217434018
stream,1192,0.9611438701648977,40.881557704368504,1.213926762608983
stream,1193,0.962052146072602,45.881035305728915,1.1216997274988336
stream,1194,0.963025340511879,49.317226235799446,1.1253054567652077
stream,1195,0.9640312503091863,55.75280859658529,1.1090300108143964
stream,1196,0.9646994359513831,58.10361715757899,1.1281415039309768
stream,1197,0.9650057329481513,62.9262824116956,0.8769703571513876
stream,1198,0.9649900100850479,67.08319290917886,0.8031896849950497
stream,1199,0.9640021963988639,80.28630901028967,0.8561667725086133
stream,1200,0.9622442818050226,83.42521197607789,0.9729456840280446
stream,1201,0.9602277421787601,83.26427796727967,1.114309835163269
stream,1202,0.9580315709586105,80.81869389576464,1.0801970073155414
stream,1203,0.955941630552774,77.04656836848181,1.1175561564541616
stream,1204,0.9543057856656135,77.10108380658491,0.9546344425221507
stream,1205,0.9530580496553301,77.28089981818938,0.9526392101463913
stream,1206,0.9516726849776952,77.7287638682979,0.8978528775523859
stream,1207,0.9502800026988402,82.85990908424827,0.7952725065441941
stream,1208,0.9492724981757441,82.87942817447816,0.8394735498895057
stream,1209,0.9493970948947381,84.98302864399507,0.8862483131019935
stream,1210,0.9506855374550864,78.89494956099492,0.8218195956143802
stream,1211,0.9522194313028339,79.17198794398143,0.8452834780648993
stream,1212,0.9533922887561974,75.58330634007056,0.8461244279707695
stream,1213,0.9553517260878314,70.31356234595862,0.894356751006237
stream,1214,0.9570750522804883,67.51045603469419,0.8866000119119597
stream,1215,0.9586212605143163,61.96128116555979,0.8758058447137755
stream,1216,0.9606503066669069,58.664316380745134,0.9420285066465431
stream,1217,0.9623440908164108,48.2094263125352,0.8912632932517627
stream,1218,0.9639484521367933,46.202015577289245,0.942622295148313
stream,1219,0.9656044746709166,32.92985226795447,0.9931378775876903
stream,1220,0.9669346088297099,29.971339369067717,0.9309949259774377
stream,1221,0.9679035748363736,30.0924143438956,0.789630779784677
stream,1222,0.9686612386888138,30.493740496027403,0.8378631881037655
stream,1223,0.9693461140757172,29.736782844017853,0.8378632752171007
stream,1224,0.9700871445520528,33.35227580443166,0.8971472101561578
stream,1225,0.9706941830541193,35.17083285335695,1.2205598237702417
stream,1226,0.9712901952257375,30.27268608537256,1.2727111807026499
stream,1227,0.97187973270149,24.885997093065473,1.2785287052992087
stream,1228,0.9724953678962199,25.197542821931826,1.228861760033895
stream,1229,0.9729950935138478,24.82656553877952,1.2099974375309195
stream,1230,0.9731801332252836,31.047255514500254,1.2407288000981802
stream,1231,0.9733128657287781,30.218581214832646,1.2407288014513627
stream,1232,0.9734702249976415,29.104089879950696,1.2398878775502438
stream,1233,0.973658216006226,32.69128736537105,1.20483740533146
stream,1234,0.973559969815635,47.55488341100978,1.3321940310097387
stream,1235,0.9734551139689026,52.172161646611386,1.4185551694814298
stream,1236,0.9733560409137167,55.327695529866325,1.3573015382922489
stream,1237,0.9732841476025518,57.98469603004516,1.3416912477490333
stream,1238,0.9736365330857951,56.550407243610266,1.2619172871094086
stream,1239,0.9742683000541773,58.71612374321352,1.1567657451729223
stream,1240,0.9747590795977955,59.895450198373176,1.1109287222743802
stream,1241,0.9752524937137556,61.9551270037229,1.1110968973155906
stream,1242,0.975441198718957,66.99463948055663,1.0692349827721108
stream,1243,0.9755015390104159,72.46708086538335,1.0229570751046644
stream,1244,0.9753921630711391,73.11644491945772,0.961509726711115
stream,1245,0.9752370829053649,72.49613480759905,0.677675768712575
stream,1246,0.9749547229238538,73.13194959206105,0.5167416787977752
stream,1247,0.9744469647070854,85.1333089916873,0.7256509779560525
stream,1248,0.9738647241930284,87.00852962671526,0.7837652834012654
stream,1249,0.9731173565667394,85.0062055748531,0.7682518330887915
stream,1250,0.9722037668873861,80.568080640052,0.7541321796301839
stream,1251,0.9711044221147053,78.4130837946472,0.7336496936297516
stream,1252,0.970297797413168,76.62367425170343,0.780151824168946
stream,1253,0.9699094751449623,74.96878205341875,0.8816186739356072
stream,1254,0.9702136916670834,59.412047171411245,0.826526482982071
stream,1255,0.970754009672045,55.134939502823684,0.7889914064093853
stream,1256,0.9714843769035881,52.75729744181904,0.7580511475587379
stream,1257,0.9722914067374864,57.912996048478014,0.8916915735462592
stream,1258,0.972980299277369,59.497239809800405,0.9201065292750709
stream,1259,0.9734441001608968,72.98936566577541,1.1014110201482588
stream,1260,0.9738227699694659,86.39827862420871,1.0932771657845293
stream,1261,0.9737996955616074,93.42580514791999,1.114985289425888
stream,1262,0.973276368687356,89.05591965688122,1.2254498324538767
stream,1263,0.9719209192869861,84.45840925917697,1.226892111579728
stream,1264,0.9700766242484311,80.58013667676398,1.308956917643281
stream,1265,0.967883533133227,79.51052146295821,1.2782332381269517
stream,1266,0.9652331654374259,78.73789554177452,1.2938435142897133
stream,1267,0.9631459376073934,70.28655748811447,1.152543103993988
stream,1268,0.9603132848286795,67.76112863213298,1.1634493991408033
stream,1269,0.9577357688233659,71.59399123306166,1.2562039530974822
stream,1270,0.9557395226007096,72.34886381648674,1.2238061291974498
stream,1271,0.955085189217027,72.90228380218655,1.22380615169182
stream,1272,0.9546990320725924,75.63212376677093,1.5642331708954917
stream,1273,0.9544717402105223,80.45061000772868,1.4891631229593931
stream,1274,0.9541779592423204,91.74752532204013,1.4420851191309976
stream,1275,0.9538610224960564,106.09663925898131,1.4203285973091377
stream,1276,0.953893180759335,114.42826999151268,1.4358344042193463
stream,1277,0.9541349240356333,127.42123544063904,1.410976724164514
stream,1278,0.9547516334280957,137.80833433988087,1.3876097187885508
stream,1279,0.9557841846452201,130.9541284879053,1.2126196952668833
stream,1280,0.9577404334131615,118.20624960080895,1.2681041886044813
stream,1281,0.9595404415052649,115.72845002288247,1.3003669437616288
stream,1282,0.9610323784215363,120.7828289102004,1.184084866153742
stream,1283,0.9617415769873862,121.91124454811798,1.222957694792611
stream,1284,0.9627512708594755,121.94640046324956,1.1486496281364025
stream,1285,0.9635789541183315,121.633265435676,1.1461651493800533
stream,1286,0.9652012217339988,121.6141673029984,1.1252418614336055
stream,1287,0.9665857931936359,118.15455686089263,1.053257732225842
stream,1288,0.9677821436902401,118.66805592080694,0.9521195899491135
stream,1289,0.969092385162915,114.28443629814849,0.8683882331636188
stream,1290,0.9703792091893785,110.95448664123005,0.9486031209075669
stream,1291,0.9718808024840154,109.55670998765774,0.9641165819834823
stream,1292,0.9733077951907477,112.64286061236153,0.6345066494240708
stream,1293,0.9745048361581017,107.35464843854524,0.6671694538822822
stream,1294,0.9754442013155351,97.14142398558745,0.6461340637610344
stream,1295,0.976061874323397,81.20554580970851,0.6298587159236858
stream,1296,0.9762392406126909,73.71110673475367,0.6347869633370645
stream,1297,0.9759887556192283,54.490428920142506,0.5206912210942969
stream,1298,0.9757769222191148,41.28820079297985,0.5361257328943282
stream,1299,0.975414496436832,33.457750429393215,0.5472562792818275
stream,1300,0.9754269455089494,31.260630948535898,0.5306292979509037
stream,1301,0.9756384043859828,25.015881513294666,0.5168053077480222
stream,1302,0.9761676246339774,18.92436030944805,0.5251073413683797
stream,1303,0.9772308741376478,19.48997137108575,0.6510394966005831
stream,1304,0.9781288917595876,21.740885656189167,1.0058969835694505
stream,1305,0.9785857116703687,24.171671730054815,1.001241428610084
stream,1306,0.9786593080510367,28.74841032076047,1.0045668385521376
stream,1307,0.9787054158161215,29.40384143591742,1.084501418751918
stream,1308,0.9782807514918431,38.92295758501824,1.251941204819746
stream,1309,0.9775122914631049,48.932648955184135,1.2321798892350684
stream,1310,0.976359081512302,54.19755798434276,1.183185604758854
stream,1311,0.9748461196206544,63.73006030674969,1.1684009222923792
stream,1312,0.9729606173658406,71.17514494650125,1.1007920670996931
stream,1313,0.9709034704240462,80.65227769250895,1.030265550892632
stream,1314,0.9688772873557988,83.30478624662275,1.116626673890715
stream,1315,0.9665834215597243,88.34005069015994,1.100687664544428
stream,1316,0.9642388814869368,95.67396579684396,1.0957594181181238
stream,1317,0.9616921494900552,99.0424137379993,1.111866582199483
stream,1318,0.9594642210664033,102.58841962447029,1.0847970204869337
stream,1319,0.9582230048302758,101.8067133592546,1.1219879645017994
stream,1320,0.9579443157441648,107.83551475986543,1.2377808367018155
stream,1321,0.9593634471062575,111.70173285340083,1.2057678198406985
stream,1322,0.9622750825596461,111.97083005247299,1.4602109011592237
stream,1323,0.9659890865809683,111.28027363333598,1.4353277078865476
stream,1324,0.9696155054422774,115.89114392147286,1.119230916616234
stream,1325,0.9727762103317169,114.51724603146714,1.2206493694767022
stream,1326,0.9751103504727748,116.42866490239204,1.2907504226023625
stream,1327,0.9773805513786767,116.76872657358656,1.6816699564272302
stream,1328,0.979143810158777,106.89838131003997,1.6290698907836585
stream,1329,0.9802738636503884,97.90941482172148,1.6337254706287816
stream,1330,0.9811145634845216,92.85391516467914,1.6066558920894425
stream,1331,0.9817638542147378,84.2909680607534,1.7329804300009235
stream,1332,0.9821659549484155,77.54725083955145,1.798851481301163
stream,1333,0.9826182465639198,66.13761041119685,2.0460245177736023
stream,1334,0.982927109449535,69.03756275035205,2.1994898897243047
stream,1335,0.9830910015726727,71.77577437376651,2.1993217051882294
stream,1336,0.9831070986260971,72.1233796054856,2.1823736178280915
stream,1337,0.9832160672322082,69.3363189040079,2.249493233236105
stream,1338,0.9832006775261849,73.04885137413645,2.276562759765921
stream,1339,0.982958226823057,99.4838594624787,2.418400807223332
stream,1340,0.9826724538255246,106.11609236569828,2.392100840499919
stream,1341,0.9820624185944761,144.13347763863007,2.6647584301225415
stream,1342,0.981598290842343,148.66078543130834,3.120415021582973
stream,1343,0.9812084405173852,156.9296323214352,2.995158115940084
stream,1344,0.9808587399346748,161.81082236290933,2.9527917219223525
stream,1345,0.9806339253942381,175.97154397698796,2.8513732599829242
stream,1346,0.9803125618261599,187.48452376678057,2.777946797281318
stream,1347,0.9798387381343476,207.80301666043877,2.306812383539192
stream,1348,0.9794185820723653,210.23470885457502,2.5335438383865974
stream,1349,0.9790463514094415,210.46894021112797,2.5310516855394636
stream,1350,0.9785966233272009,211.66743297746916,2.525738689412439
stream,1351,0.9778066654854228,214.6958926190494,2.4077085188863228
stream,1352,0.976988921075849,208.24819563973142,2.4523019913499304
stream,1353,0.976340423684211,209.6781233245956,2.2976031443456653
stream,1354,0.975419498144987,205.013766762297,2.0526318224055027
stream,1355,0.9746700919294022,197.17568030775604,2.1443059625197587
stream,1356,0.9737784922028391,188.84817430792558,2.16041315260587
stream,1357,0.9734972804120873,186.90240504968057,2.170822666128923
stream,1358,0.9740891113400116,180.2755179305839,2.144257646689453
stream,1359,0.9759105611918597,153.95223970364094,1.9512135089733968
stream,1360,0.9781233126754976,141.41102702933378,1.8490433154146326
stream,1361,0.9799601650546683,98.97500369940197,1.5739012096647356
stream,1362,0.9811913723286533,94.5154012125184,0.8773758070735085
stream,1363,0.9818345004711535,84.70991807340685,0.9154077000311052
stream,1364,0.9820647883995475,72.42466153189633,0.9319709912993549
stream,1365,0.9819571843059233,59.15743060783703,1.0333894484521906
stream,1366,0.9816388460785039,41.189425614660934,1.0737045573579354
stream,1367,0.9812232065125842,19.79451301846152,1.071989617138714
stream,1368,0.9807388916554891,17.063509873295956,0.7319091199793293
stream,1369,0.9804838744178712,15.655098755572277,0.7280868188425005
stream,1370,0.9803570876820721,13.996580226710527,0.7450349060195847
stream,1371,0.9803035334597107,10.002845757102715,0.7299291991981307
stream,1372,0.9802910920835859,10.164239363134374,0.6599250303747798
stream,1373,0.9801726540456969,10.36088933239372,0.6709435020936543
stream,1374,0.9801585849231285,9.274303271466094,0.6760883124652316
stream,1375,0.980338491117575,9.32496236023388,0.5963142667924757
stream,1376,0.9805834423223282,20.785404513989793,0.9873357817504986
stream,1377,0.9809166111601325,33.43884734637287,0.8970248865376618
stream,1378,0.9814152705644275,44.83781597146545,0.8907104648703817
stream,1379,0.9817615684516967,65.10976109630434,0.9354569453932474
stream,1380,0.981735773808797,104.37772926548408,1.0137631877480697
stream,1381,0.9813849072514428,136.76111994750556,1.0198457643336432
stream,1382,0.980812707604911,149.2812027000563,1.1787771333747814
stream,1383,0.979931569186327,168.19008882768802,1.137266965431561
stream,1384,0.9784779699356806,190.37304596777705,1.1168329500314809
stream,1385,0.9769801082394678,202.47823349763152,1.046635095419331
stream,1386,0.9749712171328228,226.9997330727218,1.0797463924539055
stream,1387,0.9727688287466681,240.81333176942996,1.1344384103037097
stream,1388,0.970740441282042,253.7429847380415,1.1310085431745758
stream,1389,0.969474188036345,256.4695853408439,1.257725587872649
stream,1390,0.9675443600452481,265.76099973603357,1.3142040142599647
stream,1391,0.9647046353610375,265.9819969526239,1.4746338119544813
stream,1392,0.9617612434478671,267.369161099412,1.4341734576110177
stream,1393,0.9593645370816686,266.4539047804768,1.3378208498267636
stream,1394,0.9591758993361221,266.6866591633847,1.4987551170867046
stream,1395,0.9614720818140186,266.73764335410993,1.4994839165003302
stream,1396,0.9668964591112383,255.20374732271458,1.1042553003051818
stream,1397,0.9739701067924263,243.70109827071428,1.1020918909929476
stream,1398,0.9802263454480136,237.01600648327343,1.1289371632387126
stream,1399,0.9833593518289611,225.0091894367236,1.0841906946790532
stream,1400,0.9850950797798188,194.97307636520435,0.9797042283997174
stream,1401,0.9862861117188385,177.9294004408663,0.9797042275665923
stream,1402,0.986823943143939,179.6626481972024,0.800338843125374
stream,1403,0.9868346949135176,182.68149071757443,0.8086332703980856
stream,1404,0.986402771210583,181.3521796267229,0.8105163925822048
stream,1405,0.9856058682971353,182.00341793069362,0.7950819054590327
stream,1406,0.9846339807718474,161.24447911100035,0.8764739897037702
stream,1407,0.9834647149440799,160.49074962397097,0.9485549391731205
stream,1408,0.9820549755416833,177.89538854617106,1.1013477092369008
stream,1409,0.980420276911395,197.1425222748258,0.9920756547691882
stream,1410,0.9790401485543717,204.01816414525499,0.9275678516976961
stream,1411,0.9777905212693931,225.897610115163,0.7822437892466125
stream,1412,0.9769016702853571,236.51852700987408,0.824105640636063
stream,1413,0.976598988410321,240.50640201805757,0.8634830119361281
stream,1414,0.9767440650703465,245.93423271788288,0.7133429390253154
stream,1415,0.9770368482495961,253.19478135759226,0.703647028673097
stream,1416,0.9775683048459528,255.46164214908322,0.7191605147375899
stream,1417,0.9782945204214537,259.8687859547984,0.7341057172994858
stream,1418,0.9792532571785847,256.95412296229625,0.7351708890886557
stream,1419,0.9801984090229265,248.6330564506079,0.9011199846379191
stream,1420,0.9810391150280326,240.8838982175253,0.9345115989658334
stream,1421,0.9817842401588129,226.7877899419195,0.9220585238944853
stream,1422,0.9822822460404127,212.8017108878227,0.9235492259331934
stream,1423,0.9824235055941813,191.1145113200375,0.9840027155586898
stream,1424,0.9823118991548921,170.97197261623018,0.9801243442326902
stream,1425,0.9822007970349648,156.44330175211786,0.9758051700960092
stream,1426,0.9824974887395928,152.8223192153572,0.820489776751597
stream,1427,0.983145923036524,140.85105571801364,0.7989244138820794
stream,1428,0.9840349063224655,110.4339665469716,0.6627357346963142
stream,1429,0.984867538114016,88.68332494731204,0.6540896800703697
stream,1430,0.9856915956838821,72.46229499543742,0.6621190824184989
stream,1431,0.986398363247597,55.37627147801659,0.7825597204043617
stream,1432,0.9866779587105133,43.484157146631475,0.848975993940849
stream,1433,0.9868378177984309,39.74192852676356,0.8027388686663347
stream,1434,0.9870482391955447,33.18350988566429,0.8256574104098793
stream,1435,0.9873572761604953,25.780925035387533,0.8227244267239187
stream,1436,0.9876498193938129,22.493814007913027,0.7986362617524939
stream,1437,0.987931716414607,17.1951105371113,0.8099425770260568
stream,1438,0.9881220247565113,20.545102667276616,0.8761653265095776
stream,1439,0.9882279105775277,26.051023387077624,0.7067302912998693
stream,1440,0.9881904804083345,37.55007885917554,0.728823216255709
stream,1441,0.9881148921657519,51.19488233699385,0.7327015773162728
stream,1442,0.9879894478060014,61.80167435490651,0.7380706197868052
stream,1443,0.9877036596814285,84.04186720049952,0.7399206493695109
stream,1444,0.9872808218786113,110.15058278893738,0.7493923013321544
stream,1445,0.9868884273866347,130.83211373777445,0.7450654225330758
stream,1446,0.9865290677770748,143.02384584107006,0.7918402329937707
stream,1447,0.9861732830016621,167.61374955977476,0.7704124270888343
stream,1448,0.985858659807804,175.70211655328293,0.9205524239154684
stream,1449,0.9855878789060772,187.5518442388583,0.9291984538645531
stream,1450,0.9853566865370077,196.44343216875066,0.9241504313556971
stream,1451,0.985152787079781,199.61585941845715,0.782786502484197
stream,1452,0.9849143802071485,212.27351968573944,0.6776095168932029
stream,1453,0.9846920121770489,218.16589788671743,0.7151929692600039
stream,1454,0.9843632310360512,223.79002667347973,0.6814802188399354
stream,1455,0.9840139186746656,234.49186382095587,0.7033565285245004
stream,1456,0.9836576716816248,236.47597975716988,0.8389846188135353
stream,1457,0.9832447370462651,238.91879133090876,0.8148965228997941
stream,1458,0.9827790160724081,236.7694605233957,0.721428411744282
stream,1459,0.9830602089060465,231.1174950725526,0.8245618007695946
stream,1460,0.9844249545349666,218.01432348514177,0.7689090767667125
stream,1461,0.9861507504158362,204.5854958416844,0.8372722858546284
stream,1462,0.9876849491675236,193.26444044966865,0.8766497020607588
stream,1463,0.9887520553156132,185.9485442169912,1.4206831831260784
stream,1464,0.9893328084514501,167.8759286681399,1.4391780320749463
stream,1465,0.9895731579090444,150.57103422504977,1.471191104895231
stream,1466,0.9896493410267002,154.39379557889836,1.5911603750104293
stream,1467,0.9895552868010495,153.48971410721032,1.5403161121259945
stream,1468,0.9893727757861188,161.7366576948034,1.4014824988796237
stream,1469,0.9891551416242663,171.7831791924595,1.3928364886176383
stream,1470,0.9887456115652818,180.58163886853896,1.3867539486191114
stream,1471,0.9881640145375823,192.84616989165775,1.3920669494815905
stream,1472,0.9874135436860931,194.37129375367138,1.395777124390984
stream,1473,0.9864449441541323,216.9167767390653,1.4593317584440235
stream,1474,0.9854833562364373,217.66835075629245,1.7573338509045389
stream,1475,0.9845046896937878,222.34656586656652,1.8071461505796502
stream,1476,0.9835098851433146,226.5388730454947,1.7238453694090006
stream,1477,0.9826034310715835,229.53001077292996,1.7219622384627835
stream,1478,0.9820505155622511,225.81522089576302,1.9206303002152898
stream,1479,0.9817777850977752,228.51878392430325,1.8897384745208843
stream,1480,0.9813225378834604,238.27206777390853,1.9711152278590673
stream,1481,0.9809245424517989,241.8914745331434,1.932986379738144
stream,1482,0.9806194790696244,244.25513497957573,1.9022550448089863
stream,1483,0.9803543444682825,235.81479623058783,1.3376040478291833
stream,1484,0.9803700163931,229.02629238561624,1.3578699142091146
stream,1485,0.9802645583810892,232.6904841349786,1.3801641781911536
stream,1486,0.9799283324645194,224.44376008508985,1.213364036627478
stream,1487,0.9794675177239699,200.73743261243735,1.3223454557059027
stream,1488,0.9786462669134011,187.84518874756438,1.30323393375771
stream,1489,0.9775122392122751,168.38992489630596,1.2951000667018222
stream,1490,0.9764214437938763,151.20094011161086,1.3166960549325954
stream,1491,0.9756226715715562,132.25536881376254,1.3274902483185844
stream,1492,0.9762505482484893,118.71828986226481,1.5136975405023885
stream,1493,0.9782569134276993,90.81388285752598,1.6228727300638381
stream,1494,0.9812060567277908,85.99227890954899,1.5183939008432703
stream,1495,0.983924211994914,74.84372249442845,1.8953061139526608
stream,1496,0.9860192344785855,69.52914831184503,1.8873328438325458
stream,1497,0.9872709146200854,63.51751927613132,1.902838624091747
stream,1498,0.9880006015998947,63.693626013055265,1.7098199344803175
stream,1499,0.9885510828309935,61.71972210391175,1.641456729398909
stream,1500,0.9890162936143231,57.612067145369586,1.624315033244231
stream,1501,0.9894747482234049,61.365448484327935,1.5996739863476752
stream,1502,0.989805816168779,64.79103706890965,1.5946259836798649
stream,1503,0.9902352456175404,62.42832057830667,1.5314637017217485
stream,1504,0.990550869633085,66.51335468468127,1.4871097052892872
stream,1505,0.9908577584979904,61.130959657759234,1.4635260668793153
stream,1506,0.9911162278937728,53.18768336329109,1.518218133023137
stream,1507,0.9912851273408594,60.2182687432798,1.7406303322426633
stream,1508,0.9913692107731266,60.77267114697784,1.7532515662846226
stream,1509,0.9913085885163132,67.15618703385071,1.7749596845442501
stream,1510,0.9910597558354355,80.66217510395134,1.7601750357495656
stream,1511,0.9907610526563376,91.35671633952819,1.7452298182082775
stream,1512,0.9904995823490066,97.72027624811268,1.567316976437811
stream,1513,0.9901610804367373,114.85758041794274,1.4718435671941432
stream,1514,0.9897972689093801,138.62594162969864,1.285636211640345
stream,1515,0.9892923142018905,173.10889840325854,0.9104618004201477
stream,1516,0.9888320539941479,191.43920633832317,0.9544564868346899
stream,1517,0.9884157085649389,200.92859270007625,1.0001176943241206
stream,1518,0.9880362642209678,213.41157632467684,0.9976255273364569
stream,1519,0.9874404455055701,230.31591945006934,1.0161764950688474
stream,1520,0.9866247751120362,240.74267536981088,0.9548744335345295
stream,1521,0.9854798383580157,253.69633257447802,0.9629038085045851
stream,1522,0.9838950815660781,256.9674426170469,1.0426778302528132
stream,1523,0.9818658137066577,262.6717709002332,1.0433989777071788
stream,1524,0.9790051305000913,263.3854927916749,1.060996853525266
stream,1525,0.9746879792771798,269.9792197459521,1.0234134008214615
stream,1526,0.969030888180681,271.6127205815031,1.0609484360768187
stream,1527,0.9647947808979054,266.9669717005719,0.7190485778329813
stream,1528,0.9658523249289263,264.1293728673895,0.7142324811958121
stream,1529,0.9728235384312783,255.83174506564916,0.818576253065511
stream,1530,0.9794009446876736,241.93125871622175,0.8117648981065905
stream,1531,0.9846755439543017,235.5639409131435,0.9914105166831655
stream,1532,0.9880030878045135,236.21219865057063,0.9716491800361591
stream,1533,0.9898772383717976,224.33441873787243,0.8611845682325264
stream,1534,0.9907170687631176,215.07554958333702,0.9026947344325229
stream,1535,0.9909495053782168,195.56644437594835,0.8322013068696139
stream,1536,0.9907961967380398,201.14569152002065,0.7524272828581037
stream,1537,0.9903447167558391,239.18139277271874,0.8287714407275555
stream,1538,0.989566229476012,298.7953948905464,0.9395417301178471
stream,1539,0.9884889484624084,330.2435763174527,1.0113015345555683
stream,1540,0.9871384688106625,351.0539987531539,1.0419283751355957
stream,1541,0.9856384210930281,361.76769441308016,1.0307978231593764
stream,1542,0.9839649991599744,401.57165757880904,1.0108122383939313
stream,1543,0.982252090391311,421.1860239954626,1.0938708866549622
stream,1544,0.9804965407372647,444.8679421593093,1.0731157752897942
stream,1545,0.9792393739636457,441.09706174963816,1.5013921200441283
stream,1546,0.9782185189087186,446.5864905809055,1.4126509616125797
stream,1547,0.9774662774619495,449.7854545394868,1.392216906171903
stream,1548,0.9771729427942838,449.55557224325605,1.4697459460192581
stream,1549,0.9772490739194146,449.26951805541603,1.3493434055184024
stream,1550,0.9772884682208657,450.97446399621595,1.348838851361018
stream,1551,0.9777394438343056,445.13997117857247,1.3369132526783718
stream,1552,0.978434976960648,438.32806561645936,1.341568808547838
stream,1553,0.9795658947565279,434.14143298156296,1.3415688252647338
stream,1554,0.980556110553811,420.37684725333304,1.2868768077260906
stream,1555,0.9812994712009238,403.5174022270392,1.2833908680656456
stream,1556,0.9817544709155244,379.002988003294,1.385586501488368
stream,1557,0.9824539511890129,331.6476564662772,1.2943124827819446
stream,1558,0.9830954401631355,259.3712477037405,1.1802168039091534
stream,1559,0.9836618753993265,210.1945057679357,1.0880229138693254
stream,1560,0.9840648244902789,173.25724979075656,1.062765135706958
stream,1561,0.9846971539334023,142.57320771592526,1.0959732916102771
stream,1562,0.9855407289140944,94.0015407384452,1.0578445745709095
stream,1563,0.9862830290488979,63.94769834823695,0.9964940447764965
stream,1564,0.9867792128107277,33.62968722941096,0.9957729095176358
stream,1565,0.9870125206266344,32.98671569237422,0.6492811233713026
stream,1566,0.9869428736854771,33.49997791210927,0.6632962305577665
stream,1567,0.9865557785695386,38.9333610398428,0.6954137465766279
stream,1568,0.9859546561454895,53.76788047927735,0.6075950681230088
stream,1569,0.9850670372073176,71.76367213606065,0.6019457129058176
stream,1570,0.9840839321620415,99.10284729009555,0.6240463057357006
stream,1571,0.9830109250427796,111.79157839622098,0.5813844587412638
stream,1572,0.9819032659536965,135.09014210022605,0.6587937587270055
stream,1573,0.9807977942772046,155.2048663603815,0.652423246696338
stream,1574,0.9798209171363168,171.59508153466666,0.6559091761626417
stream,1575,0.9787648759717263,184.4294126882812,0.6617751494363523
stream,1576,0.9775197286883099,197.37849595558515,0.5506123829707096
stream,1577,0.9759985275234127,212.97674532730815,0.5155618888325767
stream,1578,0.9742452621034658,224.59615279049245,0.5238639453101487
stream,1579,0.9724763384520498,230.3524390231939,0.5433449527005882
stream,1580,0.9703993333304227,246.05763809915777,0.6635614245501225
stream,1581,0.9680920121057279,247.0097244065235,0.7634891565475593
stream,1582,0.9663811116109658,252.77735248239063,0.7702444330255087
stream,1583,0.9667395961873714,256.92222577121555,0.7513010961807872
stream,1584,0.9695572842472252,257.4167537185798,0.7981320082688197
stream,1585,0.9740658399919109,261.88720227167,0.8984598635195938
stream,1586,0.9776969821039962,255.61277002404287,0.9956075849953745
stream,1587,0.9797491712361172,243.53108988900823,1.0434245379093983
stream,1588,0.9814195900717434,228.68522211446316,1.0699895608889258
stream,1589,0.9831980884390743,210.16650618970237,1.103381212399012
stream,1590,0.9848030182546862,187.7435910060409,1.3569272840269089
stream,1591,0.9862973984385474,186.80267809998327,1.2630896778592353
stream,1592,0.987333042031745,172.83292062269336,1.1813051217454407
stream,1593,0.9880060878650669,154.2119664881011,1.2375108017228071
stream,1594,0.9883640094665144,138.23557312141597,1.2472067004545242
stream,1595,0.9884929469727919,145.99543602072043,1.5611093296302878
stream,1596,0.9885001368624371,146.7191650070917,1.6058557560672215
stream,1597,0.9883977900895846,148.0919946363108,1.5926738830199914
stream,1598,0.988176194380137,169.83147792931078,1.665748633029219
stream,1599,0.9878583152075284,183.18193590057228,1.718251752482351
stream,1600,0.9874859482927303,180.22507147492726,1.6116095612948547
stream,1601,0.9870736427243051,196.9900812633884,1.4887633281202264
stream,1602,0.9866022535114934,213.92670957932552,1.449610200390015
stream,1603,0.9860638057550801,242.7981897053583,1.4730256360877347
stream,1604,0.9855212551206067,261.503201892562,1.4909827883283686
stream,1605,0.9849765294803765,268.4043244177765,1.3107534805338676
stream,1606,0.9843849288132582,281.6086696624596,1.196825858050429
stream,1607,0.9839578189965248,282.8636888289174,1.3815016495072951
stream,1608,0.9834795954977339,287.64687392925214,1.3881447663112227
stream,1609,0.9830819842962194,288.4898115075888,1.4592395786632413
stream,1610,0.9825464143930026,281.7871804794499,1.21859504113369
stream,1611,0.9820516659708457,270.3511823113745,1.241865223647787
stream,1612,0.9817642157456489,259.9463995306954,1.2613462321313802
stream,1613,0.9820192011921395,260.48502913488784,1.3219755904957742
stream,1614,0.9828837624706898,260.4868414215598,1.3146597208507431
stream,1615,0.9837176796007034,237.5809827097532,1.049583183424212
stream,1616,0.9844317236956297,224.3612554697123,1.02825214813936
stream,1617,0.9851176421018342,207.43040688549183,1.084457778530172
stream,1618,0.9856177170894863,174.6806856875713,1.0572200303552706
stream,1619,0.9858695516842592,155.86446527951693,0.9871190209143981
stream,1620,0.9859730412453861,144.2079006748287,1.0815247645527888
stream,1621,0.9861737226713062,125.28576562213476,1.0683505537302525
stream,1622,0.9864885471395938,111.90660400114045,1.2507431771554829
stream,1623,0.986920193984875,83.56975466309761,1.2706726823448988
stream,1624,0.987293492781804,71.1890940586213,1.2122551299938602
stream,1625,0.9876069503941791,62.77034674214335,1.2090979245804192
stream,1626,0.9878334306888698,49.89086246976665,1.27153905887718
stream,1627,0.9879963242780438,53.56209004365346,1.0390463516884627
stream,1628,0.9880445234460355,53.313508080668996,1.0014629314150696
stream,1629,0.9879970391895841,54.05345317850376,0.9358339395133629
stream,1630,0.9878988495986681,54.16178358557482,0.9218672684753756
stream,1631,0.9877292507085209,53.384855805613796,0.8823217098028587
stream,1632,0.9874915293238148,57.59257084111357,1.0449529389886014
stream,1633,0.9872007338305184,53.791971864485376,0.9676965133008512
stream,1634,0.9868755854704847,52.22375765654882,0.965708902647915
stream,1635,0.9866346630326543,55.78885997717479,0.9334461312112516
stream,1636,0.9863812089620305,61.466446634023285,0.9240458491188726
stream,1637,0.9861142624407422,67.75472979406739,0.8678962767456606
stream,1638,0.9857764384138143,81.22774970457198,0.8969840587698018
stream,1639,0.9854612230522213,89.83531108885698,0.8989716582143269
stream,1640,0.985155269731236,96.25887906757728,0.7856225595330114
stream,1641,0.9847441003676722,109.5598833284354,0.8162494111422294
stream,1642,0.9842165828315016,120.00343822545202,0.6601083489241765
stream,1643,0.9836680207728786,129.38143909099463,0.6257305534332106
stream,1644,0.9831974019047686,127.29092845863224,0.70128980404688
stream,1645,0.982623366195977,124.53912019237606,0.7022835958518793
stream,1646,0.9819852957228403,130.03696885053458,0.6615505496533572
stream,1647,0.9813242654197759,129.4378623209206,0.639890805838454
stream,1648,0.9810903999824294,124.01165457803238,0.7646685370133431
stream,1649,0.9814837223162244,123.29957735055403,0.7475191587399046
stream,1650,0.9825576582278279,123.94924135987624,0.7211707170707281
stream,1651,0.9842267374553985,125.50238721272589,0.7065058249424161
stream,1652,0.985533250126472,121.81259850625503,0.6619046549576966
stream,1653,0.9863663044780996,121.01816396341368,0.650292541968095
stream,1654,0.9873862280524783,123.18075084995893,0.7731872291523599
stream,1655,0.9883825102708116,120.55483370215173,0.7787244701493822
stream,1656,0.9892467805937049,116.73213903292363,0.7736765174601161
stream,1657,0.9899065019763106,110.28543502091007,0.8574003162317173
stream,1658,0.9903819993644305,111.12234262935044,1.1553411758901881
stream,1659,0.9907193956681368,108.12795283899653,1.2546828232188985
stream,1660,0.990917753110879,106.49996306354363,1.251252941682133
stream,1661,0.9910015506992466,102.57511543127293,1.2386163691106413
stream,1662,0.9909924957892098,92.00492650441207,1.2126451066578026
stream,1663,0.9909130453310819,84.99190943966245,1.200248093843368
stream,1664,0.9907285407636658,99.80817053487887,1.2329671050114246
stream,1665,0.9904685006992849,110.12482430186532,1.2536814984947025
stream,1666,0.9901717393895273,112.76423080827144,1.2536814984947025
stream,1667,0.9898977813698607,117.00008730914128,1.2412845089307882
stream,1668,0.9896857897029699,118.67755166528359,1.2435830327030668
stream,1669,0.9893245527390461,147.2763462921779,1.7687445157936745
stream,1670,0.9888932377739732,157.19187615903786,1.9675807687129838
stream,1671,0.9881982663132414,182.51993245737984,2.0802342434522916
stream,1672,0.9874788756410203,189.30933823424755,2.172507211172834
stream,1673,0.9865403149480202,198.48832362001394,2.1462556436939693
stream,1674,0.9854468514587723,196.11494959788482,2.1889175623281747
stream,1675,0.9841583392831411,195.32102552446435,2.164829399070872
stream,1676,0.9828213244836893,194.81035689442822,2.269211339277587
stream,1677,0.9812733759223097,194.806085989054,2.2885648738009152
stream,1678,0.9794536315432865,179.89345453952805,1.9088394580286503
stream,1679,0.977370550230312,174.17768969268948,1.8075102247989332
stream,1680,0.9748528033123497,168.24230037591792,1.816309180716585
stream,1681,0.9725202838495526,160.8711449982864,1.923904525992907
stream,1682,0.9709494212235492,151.55824556219775,2.0747581223026423
stream,1683,0.9704971512025818,144.86605744898432,2.115570132212448
stream,1684,0.9711175386156456,125.91687015168019,2.093148395826525
stream,1685,0.9729253640102639,112.29665926021254,2.070719069844636
stream,1686,0.9762164087806312,103.21071410657663,2.050285075506843
stream,1687,0.980263500033907,96.58859512114236,2.056094972531851
stream,1688,0.9839303797974268,96.07082049435195,1.9364951575068274
stream,1689,0.9857641905895329,70.3107497825657,1.4158058022074391
stream,1690,0.9864642700769034,61.54127467692875,1.2258882452762894
stream,1691,0.9873850631270172,40.996220664786684,1.1508181937767663
stream,1692,0.9883476646976606,33.73649690897942,1.0744104487667059
stream,1693,0.9890819793389203,24.78412960627793,1.0744104578456661
stream,1694,0.9896067420892587,24.14088418000387,0.9329420076117405
stream,1695,0.9899771331236427,24.47638855953442,0.9310588850906173
stream,1696,0.9902075138454465,23.475083178484216,0.8162190805768029
stream,1697,0.9903376327339157,33.1196087675215,0.8421572473350841
stream,1698,0.990409437086881,40.27044661315609,0.8418769475936706
stream,1699,0.9904456202185327,52.60044114689106,0.8659650771791825
stream,1700,0.9903918445744734,65.76164212499302,0.8578312092131938
stream,1701,0.9902464607558241,79.39960101081506,0.7419414734108795
stream,1702,0.9900951879640475,85.97647675827393,0.6522549161012234
stream,1703,0.9898757573314606,104.577869008474,0.7808218841894548
stream,1704,0.989622639891723,112.25756102751818,0.751757125468839
stream,1705,0.989362638795319,120.29843029038547,0.7524782715441817
stream,1706,0.9889475986134519,151.33432136769633,1.017088539965712
stream,1707,0.9884469235513921,162.96745502992508,1.150729043886722
stream,1708,0.9877473553135124,187.16308140829287,1.2060454886263228
stream,1709,0.9869156720776018,201.76501921754712,1.1915972203760796
stream,1710,0.9858720036439151,209.1865942209722,1.221704182550641
stream,1711,0.9845862054182447,213.89106913305275,1.1860038744742118
stream,1712,0.9829141835747656,228.10479878451193,1.037002855729999
stream,1713,0.98086559844414,231.99952495805508,1.1747943004633605
stream,1714,0.978075489896235,241.4562269815424,1.1950601639590428
stream,1715,0.9746571489147974,243.61848138597276,1.2562271938600214
stream,1716,0.9699623082879795,245.61106989488692,1.2542880207030005
stream,1717,0.9644887966831585,235.9470854125718,1.2071461718387775
stream,1718,0.958303918538879,229.0100119350714,1.2061523665123093
stream,1719,0.9515632050669519,216.7084992945687,1.1799007980994094
stream,1720,0.9466529007679829,203.55704568094805,1.191632725117475
stream,1721,0.9487937705513845,191.2779267078839,1.2815842864136908
stream,1722,0.9568044077692451,188.51833999656012,1.2191431484014486
stream,1723,0.9653658930147536,170.69026280146426,1.0838209023281358
stream,1724,0.9728904701381449,165.8922666549292,1.0373187476574295
stream,1725,0.9790789988176967,172.57932275667835,1.1894464375975973
stream,1726,0.9828300039629622,144.90655506690325,1.0519124203786734
stream,1727,0.9844289850019363,142.7049668536736,1.0046329966571277
stream,1728,0.9854306373689319,130.78165239771874,0.9457108537522982
stream,1729,0.9862137570889076,121.78637872548533,0.9507588337717688
stream,1730,0.9866691438434056,116.6894455816333,0.9594125427230711
stream,1731,0.9867499011949836,105.84917097419094,1.2404665587149948
stream,1732,0.9865332916030916,92.72098404620965,1.3063375599338996
stream,1733,0.9861142274259472,89.44059140743855,1.1707095205101035
stream,1734,0.9856535834048602,79.76435367598224,1.1786828807793481
stream,1735,0.9851080604242388,84.26106873736757,1.3612130702959888
stream,1736,0.9845138804868204,85.55725455459519,1.3835862767142697
stream,1737,0.9838996171517884,106.40358242276281,1.4981867187031956
stream,1738,0.9832367927802217,121.98338189934933,1.5149666573323133
stream,1739,0.9825523607690732,148.64048626770645,1.5528303775339887
stream,1740,0.9820453569321623,153.92076407792476,1.8069828129048895
stream,1741,0.9816090574045908,155.72735615993918,1.7055643563781882
stream,1742,0.9812767332057901,153.99271083900362,1.7610488479486268
stream,1743,0.9808052864613199,162.567856181598,1.8191630297995331
stream,1744,0.9801742214102189,167.69947096726216,1.8044981367080823
stream,1745,0.9796771483245953,152.24010035162277,1.8834286697488674
stream,1746,0.9791155483604503,149.0470439469166,1.766810250763765
stream,1747,0.9785089315636996,137.83633872514787,1.7393712796161758
stream,1748,0.9777040807695008,124.39311541291947,1.733505306968602
stream,1749,0.9767396193269733,115.2043140476392,1.7284572836266212
stream,1750,0.9757097848355156,111.1783321594417,1.6802249605381139
stream,1751,0.9745609627105281,111.21940777225419,1.3953486586411357
stream,1752,0.9735872323993383,111.86516665721801,1.3500085100096895
stream,1753,0.9727549459730462,117.74833781053208,1.3857088176191015
stream,1754,0.9722967741135025,117.9368491631025,1.484874543163652
stream,1755,0.9722004201781739,112.57755367673829,1.2721175376356906
stream,1756,0.9729684220951115,108.3838608008561,1.3334679530983684
stream,1757,0.9750181235270139,87.91843848806315,1.1369938640771131
stream,1758,0.9782005542201555,72.1811172544948,1.128347803474315
stream,1759,0.9815614326371449,46.282320876875254,1.1062701990510944
stream,1760,0.9841285361867784,47.380071130364506,0.9234444870803619
stream,1761,0.9847584686964834,47.97412777815076,0.921785614706774
stream,1762,0.9846474703634216,48.404748821160986,0.8985155168558862
stream,1763,0.9845882499019359,46.928105639823876,0.8624942722591443
stream,1764,0.9845210603470649,44.11276652125393,0.8663650151622543
stream,1765,0.9844366183822135,43.949970277657314,0.8802781106350166
stream,1766,0.9843233869375203,47.98349172295657,1.0831047245726682
stream,1767,0.9841651192386436,52.75202527177618,1.0190377987804098
stream,1768,0.9841100096845078,54.71775208332956,1.0405140169824594
stream,1769,0.9840842548191586,56.282428154534955,1.0280609663834215
stream,1770,0.9840841803932932,57.87445667677937,1.0281170265084452
stream,1771,0.9841892044995167,57.72848839599613,1.1548340717045495
stream,1772,0.984375128511963,58.091354887736635,1.2331403769074032
stream,1773,0.9845280385943709,65.1620143141079,1.392950838452431
stream,1774,0.9846487263349216,69.5175460397214,1.340712776009652
stream,1775,0.9847318341141196,75.11229600334453,1.3141478253457857
stream,1776,0.9847656689824608,81.37530776002772,1.2338540854446745
stream,1777,0.9849041771720057,83.49000731825545,1.273376714427723
stream,1778,0.9849755896182234,99.66239927502119,1.4639109099832959
stream,1779,0.9850179322972333,108.74199413607539,1.4630700136724084
stream,1780,0.9850641255259844,114.59341429316092,1.3856607136866665
stream,1781,0.9851116726981036,112.1089312879125,1.4778316887248322
stream,1782,0.9851944202629439,110.45276058672701,1.471797518929795
stream,1783,0.9852632491765204,102.32942994766475,1.428044839237845
stream,1784,0.9853035444770032,96.4107012090895,1.4388390154309367
stream,1785,0.9851888397823962,103.67441718563757,1.4388391188472134
stream,1786,0.9845455040738692,103.13905149485807,1.2299299440829137
stream,1787,0.9835756334566423,104.27053273174974,1.235074760823297
stream,1788,0.9828803441672656,104.57215728208179,1.2415650434797196
stream,1789,0.9826673327630244,105.73155879403802,1.2422861841733317
stream,1790,0.9828066593546088,106.61027068106696,1.2486006354819432
stream,1791,0.9831147403293035,115.44902616408963,1.1765195933635588
stream,1792,0.9834916103688457,116.57630521387469,1.1452912907659336
stream,1793,0.983638559557944,108.3308629941607,0.9517681328375259
stream,1794,0.9838208674776444,107.33574631495281,0.8581064154051021
stream,1795,0.9839679636557875,104.16601566660587,0.8522888641083084
stream,1796,0.984102995241135,97.71153448676046,1.004174448905084
stream,1797,0.9841258069526889,95.7068107308282,0.991497122259823
stream,1798,0.9841520533284288,79.670990859645,0.8483135473972401
stream,1799,0.984157596113751,70.46119071738337,0.8448352685843717
