segment,end_index,PW_WTC,E_CCDC,CD2_P
stream,0,,,
stream,1,,,
stream,2,,,
stream,3,,,
stream,4,,,
stream,5,,,
stream,6,,,
stream,7,,,
stream,8,,,
stream,9,,,
stream,10,,,
stream,11,,,
stream,12,,,
stream,13,,,
stream,14,,,
stream,15,,,
stream,16,,,
stream,17,,,
stream,18,,,
stream,19,,,
stream,20,,13.561587294024541,
stream,21,,10.731952292634093,0.8399495674685474
stream,22,,11.159293883665027,0.7398406196858823
stream,23,,10.540294346715685,0.70995941698158
stream,24,,12.188285941489085,0.7868975384663623
stream,25,,13.926228539152588,0.6607014900077144
stream,26,,16.01925809178283,0.6442915363903452
stream,27,,16.14097242988874,0.6698311888074713
stream,28,,17.41346500721612,0.6820395775437746
stream,29,,19.43830607573013,0.6693285807999071
stream,30,,20.731829370345494,0.6558685050429803
stream,31,,21.147835114634116,0.6094765577525968
stream,32,,21.863131435521527,0.6004252605929276
stream,33,,21.050142066257397,0.554580629922395
stream,34,,21.3207142215598,0.5583019486300683
stream,35,,20.950678262954163,0.5344773352823433
stream,36,,23.052617550106053,0.5558714747491076
stream,37,,23.023721134687143,0.5789918566134713
stream,38,,23.3532132967741,0.5909481093400579
stream,39,,23.10291996419988,0.7049580929954917
stream,40,,22.598026571053126,0.720127575885108
stream,41,,21.381333956364994,0.6981580492170973
stream,42,,22.264506975610306,0.679452043342808
stream,43,,23.915577539933487,0.6763957333778878
stream,44,,22.730525916828537,0.535594494917567
stream,45,,21.395036232659407,0.5508760111379306
stream,46,,20.797381432906054,0.5563907921039959
stream,47,,24.967347427990678,0.5461326829198747
stream,48,,24.174736024174003,0.5886521185758564
stream,49,,20.41980903368325,0.6013631142157987
stream,50,,18.775474678179716,0.597725792258937
stream,51,,18.62022915271584,0.671540420482355
stream,52,,17.537897378563652,0.6714675994264941
stream,53,,17.528225041997626,0.6276685736890296
stream,54,,17.533744992939127,0.6166838109556382
stream,55,,17.444423871092045,0.6464866259951955
stream,56,,15.391601356232565,0.6525824606821489
stream,57,,16.246822775288326,0.6344238332490533
stream,58,,14.598982088811988,0.5400817717898804
stream,59,,15.469714626827004,0.4882870511261477
stream,60,,16.806036651564384,0.653845296135485
stream,61,,16.824105953141594,0.701416081571607
stream,62,,15.512741931470163,0.6380051855678204
stream,63,,13.987915189159407,0.6464922592352003
stream,64,,15.468419671687204,0.7292237200257271
stream,65,,14.400892127778524,0.8054072000098977
stream,66,,13.975557403461515,0.8267509389552274
stream,67,,12.419071888436594,0.9922252205261018
stream,68,,11.846988266851811,1.0197991557820276
stream,69,,11.856512706185052,0.998522646090355
stream,70,,11.55857826191382,1.0046408622452578
stream,71,,11.41371642263047,0.9490744777337117
stream,72,,11.37336758139882,0.9369388941939384
stream,73,,11.377146625045173,0.935145443797188
stream,74,,12.207234366938069,0.9808779197683365
stream,75,,12.744501746178036,0.9644511299073617
stream,76,,16.95544150224766,0.9949245255932655
stream,77,,15.791693253938993,1.1135155188064634
stream,78,,17.925383329994848,1.1959013275390498
stream,79,,16.76663205275431,1.235911816982102
stream,80,,17.106999133121594,1.1575890957885753
stream,81,,17.07445461835825,1.131892638204861
stream,82,,19.06950525567943,1.2245533315519788
stream,83,,19.88193039342514,1.383406759064255
stream,84,,17.324072621089705,1.3226448219817302
stream,85,,18.33739994436368,1.284863261079156
stream,86,,20.054881053120894,1.2744986947241115
stream,87,,18.093280479791538,1.1138069444199572
stream,88,,18.108403665208627,1.0399922382542075
stream,89,,18.191199272105955,1.0399922485269908
stream,90,,18.52626738099216,1.0977426526730856
stream,91,,19.702926343451022,1.1862128843228688
stream,92,,20.189036579317683,1.1892691897061936
stream,93,,20.562355775161034,1.2045227154060165
stream,94,,19.999023170988306,1.1587902309528482
stream,95,,20.527541386852555,1.245818557791601
stream,96,,16.22427371425179,1.2153451265807007
stream,97,,16.213919193795927,1.0765948600545663
stream,98,,14.081130869840859,0.9668871499842466
stream,99,,14.2764667803707,0.8756741763173144
stream,100,,12.872283457921139,0.7933052065570018
stream,101,,14.355806225752815,0.7933052065570018
stream,102,,17.573265149949034,0.733464352088983
stream,103,,16.64614142644258,0.7794208962833208
stream,104,,18.282757798000468,0.7848012741535703
stream,105,,17.441915488509117,0.7567638890223802
stream,106,,15.522585393426132,0.7457343018978271
stream,107,,14.674694607034356,0.7714307622118406
stream,108,,14.616998129085701,0.7623234863170867
stream,109,,25.836716815659877,1.10319554414893
stream,110,,27.511286697544886,1.207550845517731
stream,111,,31.117529289916448,1.1044808627373564
stream,112,,33.20762755626027,1.1282662333526146
stream,113,,39.83488547165715,1.1281821836819788
stream,114,,41.85944258923441,1.1739147104208583
stream,115,,53.536492832063225,1.1739147080167898
stream,116,,67.81194265303681,1.1439942803265346
stream,117,,80.75401688645786,1.1440222880751623
stream,118,,98.28557282524007,1.1415414107462498
stream,119,,116.80963557250908,1.1287127767813707
stream,120,,125.94164702637141,1.180004888985298
stream,121,,141.98784875576865,1.1854804645648334
stream,122,,154.21274700354343,1.1520404032734417
stream,123,,179.59227557069647,0.9441909344740315
stream,124,,191.781173519679,0.9723346726028689
stream,125,,194.50418811513364,1.0277947488081953
stream,126,,193.74447382866026,1.1259758960819288
stream,127,,196.38650493668803,1.142268227848663
stream,128,,198.56139532792722,1.1459055482102534
stream,129,,187.7710867697105,0.8318919637757687
stream,130,,185.71354492007953,0.7569490209246834
stream,131,,180.96636342013215,0.7503114306043048
stream,132,,178.59595234169367,0.7246653807573743
stream,133,,171.92169426245007,0.7350075393544947
stream,134,,169.4973660448083,0.7148930877686274
stream,135,,156.83840778766208,0.6748825334157389
stream,136,,142.88769491716397,0.688258570328321
stream,137,,130.1032366005793,0.7199724067118539
stream,138,,112.64780390986785,0.7163350859602207
stream,139,,98.67974555259362,0.9299554693728711
stream,140,,89.31274413701834,0.9397053827202599
stream,141,,72.13003124151521,0.9294472737937753
stream,142,,56.7188646155018,1.0974080796512702
stream,143,,31.695309906916087,1.245551229920305
stream,144,,21.997097976975297,1.437157236694475
stream,145,,19.300110582021514,1.409734454288163
stream,146,,19.19931422332965,1.3116037362051913
stream,147,,16.523434380628412,1.2495508689770396
stream,148,,14.36140675532597,1.2459135504021737
stream,149,,14.622521155112688,1.2355490462609096
stream,150,,14.745243281315199,1.1550239030726253
stream,151,,15.861943547225103,1.1660031020230885
stream,152,,16.85001218936542,1.1648074703773488
stream,153,,16.841053840326296,1.143519763539138
stream,154,,17.333647042688487,1.1197343463118157
stream,155,,19.0513254879206,1.0593797628756267
stream,156,,19.329101917120788,1.0697219224466576
stream,157,,20.468901229743516,1.0422824378397921
stream,158,,25.071245049734358,1.0898588264515352
stream,159,,23.533359455125233,0.8799149768789626
stream,160,,24.26473901666724,0.8061003665026181
stream,161,,24.228560026535504,0.7896063825229439
stream,162,,23.800554222141578,0.6619080878022093
stream,163,,25.410163441000673,0.5095410006791896
stream,164,,22.718071400091667,0.26303916810329764
stream,165,,22.437263962983778,0.24098003325088146
stream,166,,25.61455154828154,0.40308573746802767
stream,167,,29.33253994039601,0.40738809822726224
stream,168,,29.630444627130426,0.4627361432451158
stream,169,,29.231677541724174,0.4462589738604587
stream,170,,30.773441689764248,0.4670608378192777
stream,171,,29.67838415039425,0.5655708147526771
stream,172,,29.67363734612956,0.6691994584460124
stream,173,,29.778104368558743,0.7458687866736297
stream,174,,33.17415078287242,0.9896169128400311
stream,175,,31.68835780738813,1.16851196925594
stream,176,,31.085174483869725,1.1747141622049146
stream,177,,30.110954206516038,1.1722332578330452
stream,178,,27.896463630391235,1.1647905834281913
stream,179,,28.1947208598076,1.1629299132050064
stream,180,,29.569599657132386,1.1666512317802749
stream,181,,29.417166037142703,1.2063103711798946
stream,182,,28.37947161971477,1.1678637226486261
stream,183,,26.4465444330244,1.2135962932996103
stream,184,,25.961004726463806,1.2768615944857709
stream,185,,26.12213355593526,1.2525904448249594
stream,186,,23.552581417910968,1.139865772737189
stream,187,,19.840188402372043,1.1465033708576509
stream,188,,19.53953350066056,1.0972735221974301
stream,189,,21.986474344151013,1.2122606685154866
stream,190,,20.857376471448717,1.212260704040463
stream,191,,20.674913425740485,1.118628458293312
stream,192,,19.59710712480091,1.018016901399143
stream,193,,21.662465337446037,0.9827161653651726
stream,194,,20.030224843237672,0.7352915193364067
stream,195,,21.709571584384328,0.5527255314400681
stream,196,,22.492695009432374,0.5210117045172497
stream,197,,22.728307292123713,0.5179778181074192
stream,198,,23.643384494980708,0.5051996088817207
stream,199,,20.09009321124491,0.6575946959836039
stream,200,,19.397441476005667,0.7086347332518039
stream,201,,22.16476925277369,0.6811280140607038
stream,202,,21.636391454824388,0.7951380571334148
stream,203,,21.822951282780657,0.7481650471511672
stream,204,,21.67419137768149,0.6843019320596397
stream,205,,21.86248800970568,0.7909587928466895
stream,206,,21.442704628763682,0.7573394475759451
stream,207,,25.67328748410044,0.9749501256848918
stream,208,,25.81962090859099,1.0619167797672202
stream,209,,23.65899274892734,1.0016574525435784
stream,210,,23.284349020052925,1.0321308864871697
stream,211,,27.581733256028986,1.093077680166544
stream,212,,34.009364776982196,1.1022690271531845
stream,213,,35.933445940039284,1.0609004361272745
stream,214,,35.8508694935842,1.066968250098523
stream,215,,35.67312239174364,1.0669626468263826
stream,216,,39.39062452272618,1.0986764737492007
stream,217,,38.928657923392926,1.1911578465191468
stream,218,,38.70411050614396,1.2570831957695443
stream,219,,39.862297742483136,1.1119795418794232
stream,220,,38.51434183100494,1.1034588717520937
stream,221,,36.325787531305316,1.1638750501642159
stream,222,,38.35313027725083,1.0651465406045304
stream,223,,43.47107349248119,1.0920050217078652
stream,224,,48.72936879455656,1.092619640457191
stream,225,,50.45766636959337,0.9938072121495785
stream,226,,51.092032122654324,0.9755646337593947
stream,227,,51.70402188767453,0.8092293129055612
stream,228,,53.67943939196079,0.7331578324484485
stream,229,,53.2433758814373,0.8317685828321284
stream,230,,54.01141543784985,0.8719862187110627
stream,231,,49.92163412466906,0.7927016053120078
stream,232,,43.444702167398745,0.785940763865243
stream,233,,39.14263040315799,0.7817168437176801
stream,234,,37.675748023398356,0.8031109000742573
stream,235,,36.03515887471271,0.8067482107485812
stream,236,,31.535425784290634,0.7859463231606445
stream,237,,34.59422009407343,0.8086873649786973
stream,238,,31.443026224467918,0.8084913651840366
stream,239,,30.333717538548406,0.812212703166549
stream,240,,31.72724076512993,0.8123639908034289
stream,241,,30.986450927881492,0.7945400233405281
stream,242,,29.687907598713142,0.8047981310330731
stream,243,,24.311081688102067,0.8175987773664299
stream,244,,18.48209360462702,0.8230967691237253
stream,245,,18.475497551346507,0.8536597667868515
stream,246,,17.77841352295939,0.9053703958523346
stream,247,,12.942842824146666,0.8419426491087991
stream,248,,10.905473035172545,0.8310474913125979
stream,249,,11.558672758379709,0.717351203764741
stream,250,,10.535274749331888,0.6349822680689337
stream,251,,10.682459185153435,0.6441735681172788
stream,252,,10.858107838425243,0.63810575349835
stream,253,,10.931639732561152,0.6362674758844433
stream,254,,10.061186953601597,0.6124429263720624
stream,255,,9.865941805977199,0.6088056174206317
stream,256,,10.13569433996247,0.6179297055701496
stream,257,,7.0839980469274275,0.502103870099652
stream,258,,8.68967377393739,0.4424591150810037
stream,259,,9.127470203696916,0.4467278780474353
stream,260,,7.984568138692556,0.397346789108245
stream,261,,8.842924235334975,0.3456360548269029
stream,262,,9.322257793500347,0.3182805527387535
stream,263,,12.515882483904228,0.5802713225952187
stream,264,,12.628782115879675,0.6295011080685152
stream,265,,12.879059134014016,0.7644964404129595
stream,266,,12.758054098361498,0.8133973583940478
stream,267,,12.74599558137883,0.8133973533545789
stream,268,,13.91994836793035,0.8627783843114348
stream,269,,13.005161766730922,0.8395292201450043
stream,270,,18.81714392986857,1.0827411622218461
stream,271,,18.598244039503857,1.1855199960605496
stream,272,,18.980753749518442,1.2026173932191813
stream,273,,19.641636396386744,1.2032320138221988
stream,274,,23.44123014459725,1.2331523896343857
stream,275,,23.638748600641144,1.3158894538278516
stream,276,,24.32481035783582,1.300127752244132
stream,277,,25.746212685256225,1.3007479731297296
stream,278,,24.48792467654564,1.3074415490751796
stream,279,,24.02186214433977,1.2921600236581685
stream,280,,25.35957433856479,1.350073043909242
stream,281,,25.33676802756144,1.3525035494491178
stream,282,,24.09207798015277,1.374383446281763
stream,283,,22.889641206688637,1.145302135126263
stream,284,,22.708177964807078,1.1300878484563273
stream,285,,20.896224587709824,0.9493600433934808
stream,286,,20.941166044550915,0.8511789732844013
stream,287,,21.291575261320634,0.8505755557822701
stream,288,,20.186131733414474,0.8352100639659218
stream,289,,20.209392842149803,0.8182023201712126
stream,290,,16.42986427636397,0.6261088690075797
stream,291,,16.347764082034857,0.5580778152346969
stream,292,,18.150241674277826,0.5963284649444547
stream,293,,17.35776831534788,0.6597394120773254
stream,294,,13.6729542217256,0.6279975780551855
stream,295,,13.506162386665732,0.5489370468913967
stream,296,,13.577005460096052,0.5702807511556428
stream,297,,21.43115861399056,1.2277536386316057
stream,298,,22.071723963522118,1.280900876687031
stream,299,,22.476004113020373,1.2797052282016008
stream,300,,22.86914847193253,1.2491140724615146
stream,301,,22.261383823055517,1.2766039559003732
stream,302,,22.569260622101464,1.2553442795608918
stream,303,,24.004357660733117,1.2223059835945553
stream,304,,23.89608805751591,1.3802494312205984
stream,305,,23.45755487987853,1.3784111642686545
stream,306,,23.602543202604842,1.389356737831436
stream,307,,23.64156440033857,1.3893567378314358
stream,308,,23.63994376068518,1.3492229847175568
stream,309,,23.780534913265463,1.3620459933406037
stream,310,,23.596884271313744,1.416829798387083
stream,311,,23.526039130274786,1.3967153455648842
stream,312,,21.147414110821238,1.3419707213657177
stream,313,,23.437989317540698,1.3608615898844931
stream,314,,25.950649631727398,1.3608615983043484
stream,315,,26.018099200313976,1.4301834217557157
stream,316,,25.03349136494766,1.4246014510890233
stream,317,,15.69361083208789,0.7683522120757084
stream,318,,15.040431619508245,0.6920846703623156
stream,319,,14.91526673458488,0.7250221816651923
stream,320,,13.100424191970022,0.7390185077863025
stream,321,,13.229740951162098,0.7054664131928723
stream,322,,16.144316075714237,0.935212591764888
stream,323,,12.729801964668335,0.9991204849608852
stream,324,,12.749859778097113,0.807111123932638
stream,325,,13.32540589916824,0.8131733029082416
stream,326,,17.661450607117782,0.8435963215391069
stream,327,,17.33362738928633,0.9368771757706951
stream,328,,20.0662848954526,1.0098754819649467
stream,329,,20.389956815031002,1.0306045327653128
stream,330,,21.37183377199487,0.930177806338308
stream,331,,21.38651304838326,0.9758878247847936
stream,332,,21.665468505509157,0.9843916780741364
stream,333,,20.464877922256484,0.9142254742415716
stream,334,,19.103153995431153,0.9124152066829747
stream,335,,19.80096826542245,0.955242689868003
stream,336,,20.74120825934811,0.9333627610215235
stream,337,,21.330991749831664,1.0471262639785852
stream,338,,21.03425267193124,1.0575748268260365
stream,339,,21.481055353364376,1.0970155042306107
stream,340,,21.975199324325562,1.1428600289371211
stream,341,,21.63536908213507,1.1647343538981154
stream,342,,18.475321877976096,0.9343735547892852
stream,343,,19.052029469140965,0.8637720114719006
stream,344,,20.389965740037173,0.8668115265417851
stream,345,,19.80267344158226,0.8735723755589401
stream,346,,18.880185337535735,0.9539181434356696
stream,347,,20.398323745633697,0.8777346579223076
stream,348,,21.35512503541014,0.8108041499348471
stream,349,,24.776805433925194,0.7772464888321721
stream,350,,22.863124815252934,0.7773529528899025
stream,351,,25.618764942750914,0.7211943430901212
stream,352,,29.83901258896585,0.715724388010812
stream,353,,29.514214224662084,0.7962494651821744
stream,354,,37.91141040021741,0.9502026559795582
stream,355,,39.7864821442842,0.9502025900312578
stream,356,,39.386669062279104,0.9977790176432549
stream,357,,42.140060263037526,0.9156117417331716
stream,358,,43.00000284289228,0.9217075037437794
stream,359,,42.273703881134374,0.8822668277055506
stream,360,,41.569781918271275,0.8059992596965562
stream,361,,42.0223302209913,0.8059992608004819
stream,362,,42.06147560693063,0.818822315123103
stream,363,,42.06137932283738,0.7890195855372792
stream,364,,47.68093259776512,0.9076944373623221
stream,365,,47.88157448122809,1.0490767578890243
stream,366,,44.26498674159053,0.927412812998968
stream,367,,43.588985946967846,0.9437555805257869
stream,368,,40.1641866775429,0.9413643154124841
stream,369,,36.97508728822438,0.9450016248815796
stream,370,,36.10896576800603,0.9303683339478036
stream,371,,33.8373275085684,0.9169922980091323
stream,372,,29.468715803612458,0.9194731747517854
stream,373,,29.47880249275273,0.8902234310078093
stream,374,,20.18341533764472,0.742332435534335
stream,375,,17.542880253474763,0.6325744599595429
stream,376,,16.95625667841813,0.5910658142347222
stream,377,,17.124380183836752,0.725849636191113
stream,378,,16.81916428266653,0.7324256523402135
stream,379,,21.238425995459735,1.0202512414735405
stream,380,,21.195299009918703,1.1714618130175674
stream,381,,22.64152382532633,1.2323190099865093
stream,382,,23.260767974093053,1.4023365152809262
stream,383,,22.66746707573473,1.4260546872564068
stream,384,,16.293963724822042,1.3201524493484924
stream,385,,16.151656254400073,1.1751104296962294
stream,386,,16.359696704958825,1.1695956439540174
stream,387,,15.522943017153096,1.1581306934547333
stream,388,,18.15617136502157,1.3084131125281213
stream,389,,22.447646904533368,1.313883098228599
stream,390,,22.401578713745025,1.4552654369859848
stream,391,,22.15294672897806,1.455265449240041
stream,392,,21.993586787695445,1.458316165392751
stream,393,,21.85245720182348,1.4112983443780882
stream,394,,27.376865094716667,1.4983154000881675
stream,395,,27.340026723331444,1.6750936739544104
stream,396,,27.5587489115981,1.675093689718849
stream,397,,24.27840409530553,1.55444615994625
stream,398,,25.88699255232836,1.5478701806884707
stream,399,,21.46887466736582,1.319571774844093
stream,400,,21.572791259475387,1.151951269771114
stream,401,,19.685916856110776,1.071057996138919
stream,402,,19.06748205006494,0.8882118331197271
stream,403,,19.140169464113413,0.877953671472908
stream,404,,18.761095399439952,0.8566939708215305
stream,405,,19.500081270050043,0.8566939521983903
stream,406,,19.706971648967777,0.9388276488438603
stream,407,,22.293810442848763,0.9442079693132294
stream,408,,19.97908948364192,0.8177109542360403
stream,409,,15.023534771640001,0.8177725534378798
stream,410,,15.172172431751083,0.6763902603800679
stream,411,,15.27511219667969,0.7281009863692014
stream,412,,16.07445856078499,0.8018540504260354
stream,413,,16.094067832160153,0.7854609265866639
stream,414,,11.091792031926406,0.7964177453725593
stream,415,,12.176972146026305,0.6141750852445437
stream,416,,12.885783247529517,0.6081072876567404
stream,417,,12.6218386391482,0.5879928332081676
stream,418,,10.49299850155133,0.5562789619521209
stream,419,,10.678281412067884,0.47594985587170646
stream,420,,10.621742555236375,0.4771903061895939
stream,421,,14.61018360573315,0.65819252227387
stream,422,,15.834172439427757,0.691632586652107
stream,423,,17.65621988057388,0.6751554654700002
stream,424,,17.362211126513703,0.7475336486833636
stream,425,,19.51277561087517,0.8541905747024396
stream,426,,21.20765717018591,0.7714534504758819
stream,427,,18.783632570396524,0.7775380436790307
stream,428,,20.778218190528982,0.8329980865034164
stream,429,,35.529648949285836,0.9920531947328498
stream,430,,38.38056575113975,1.147185262126699
stream,431,,41.073678150795914,1.091837215385932
stream,432,,43.89594754462822,1.0089208375100833
stream,433,,49.32395097283045,1.025398011996394
stream,434,,50.86520977900708,0.9547964381918503
stream,435,,55.558186049566615,0.9712903969814741
stream,436,,55.71337200157204,1.0753320035715468
stream,437,,55.8805111545403,1.1634775101666284
stream,438,,57.112314859186874,1.201896200938545
stream,439,,62.19873549292319,1.2226981209973187
stream,440,,63.81257305326455,1.276202254673088
stream,441,,60.27148161028369,1.1207117241479854
stream,442,,61.26368699475695,1.1348480940802999
stream,443,,59.51365635250812,1.1676679727102683
stream,444,,60.80761873050813,1.1774066860771102
stream,445,,57.81738752706596,1.083555973521979
stream,446,,55.92495397060917,1.0963846294600503
stream,447,,55.75353598140333,1.0720518451362555
stream,448,,53.02113098524207,0.9909737359671089
stream,449,,38.39541471761853,0.8288679309243608
stream,450,,35.39111133112774,0.6645445160900174
stream,451,,32.70396121336887,0.6816418594243889
stream,452,,29.435853187547078,0.6822396714776144
stream,453,,23.300982582161062,0.6821556461523666
stream,454,,22.192408691981115,0.7218876098565923
stream,455,,16.457030533460028,0.7218036108915223
stream,456,,15.611981794617764,0.6347753470147851
stream,457,,15.694935893057622,0.5210117661767918
stream,458,,14.758942058106785,0.5539212783447023
stream,459,,11.290931387798611,0.6609295939331559
stream,460,,10.580119779655597,0.6275567561461095
stream,461,,10.111979168450338,0.6477775609218195
stream,462,,9.119079258902769,0.655549080422938
stream,463,,9.21084200895972,0.6495708499047194
stream,464,,8.889794221021159,0.6948456302774628
stream,465,,9.544485695487463,0.7458688636756149
stream,466,,9.333369746920695,0.7665979070340537
stream,467,,15.840439797716279,0.925451318325629
stream,468,,15.833909155329136,1.153973941360071
stream,469,,16.105076791615353,1.188118256435092
stream,470,,18.142970984805288,1.300088324436005
stream,471,,18.33927567995581,1.3305674119991067
stream,472,,20.006570177327546,1.3427198332453483
stream,473,,20.20644111531244,1.3592641949947284
stream,474,,25.396385804404563,1.4686638041057996
stream,475,,30.8010104514751,1.46081934533076
stream,476,,33.271086549104226,1.4657811578760118
stream,477,,35.87256852733974,1.463937297988481
stream,478,,38.78235323716865,1.390770836186294
stream,479,,37.90438402546082,1.283762487805555
stream,480,,37.45021304656437,1.3776132353321289
stream,481,,37.84996112411981,1.3774732809714874
stream,482,,39.809496313039475,1.3774733283293774
stream,483,,41.56104512322818,1.3536879787764067
stream,484,,40.77813293830752,1.3415019797914969
stream,485,,41.47415039347812,1.3512407992539948
stream,486,,41.72317684745955,1.345145067891657
stream,487,,36.641506998034,1.194197712237447
stream,488,,36.69059566433144,1.0193304598755302
stream,489,,36.44534433693257,0.9961653179770535
stream,490,,34.43256992621361,0.8811613585930438
stream,491,,36.23414635694421,0.9266697866806052
stream,492,,34.64888580256976,0.9541765065241676
stream,493,,35.50450987886223,1.0614256876413393
stream,494,,29.712637161652562,0.9944614577923891
stream,495,,24.578045146365618,0.9871364067345306
stream,496,,21.880131200274683,0.9779899048448129
stream,497,,19.042768657096897,0.978610120236343
stream,498,,19.890659564377238,1.0944304225139991
stream,499,,24.48427879025596,1.0645492557909197
stream,500,,25.94741764538484,0.9821634850576189
stream,501,,30.054470498211444,0.9518244923996811
stream,502,,26.978540533919116,0.9895613497278056
stream,503,,27.015586366239432,1.0194425269469272
stream,504,,26.923682380088913,0.9967014780435169
stream,505,,26.11583652594852,0.9779954673570613
stream,506,,25.897456199437194,0.9724134288245443
stream,507,,24.937309126905113,1.0029764467044375
stream,508,,25.026181024065842,1.002825204733654
stream,509,,24.794568613679836,0.9875716962619178
stream,510,,24.90953543361517,0.9906448112646219
stream,511,,24.16527697997415,0.9802971343952185
stream,512,,26.760859534954793,0.9527903689812359
stream,513,,25.743184471764675,0.9661943214623532
stream,514,,25.01578785701027,0.8512071014262091
stream,515,,25.122067649318954,0.8584705153842884
stream,516,,27.2884850175782,0.9998527302724523
stream,517,,28.9178627593757,0.999238114837271
stream,518,,24.78044947512487,0.9764970659338607
stream,519,,19.257906101365922,0.9734239504749101
stream,520,,18.003221434412286,1.012982230481586
stream,521,,13.666487060799641,1.0178599626441378
stream,522,,13.65733383199722,0.9649087798029183
stream,523,,13.060632594478061,0.9952198512355301
stream,524,,13.163098896758571,0.9027552219746834
stream,525,,13.402776073355888,0.8514798866608941
stream,526,,16.19899398407182,1.151347509064073
stream,527,,16.43280988207306,1.1074084298576143
stream,528,,18.714419604422485,1.249851991059919
stream,529,,18.911750666655973,1.3638339659904233
stream,530,,18.80835927785972,1.4002911465861594
stream,531,,17.174340249764057,1.3193978260171606
stream,532,,14.217208546795032,1.3102793469577092
stream,533,,15.189196485708141,1.1688971121462646
stream,534,,18.21731971603568,1.5962108690770611
stream,535,,17.808255626861413,1.6803845043888272
stream,536,,15.631929089562293,1.5261792360905337
stream,537,,15.837453856209159,1.5902047509409498
stream,538,,15.840006106276022,1.579856962711512
stream,539,,19.8194123705222,1.7072653782011575
stream,540,,19.574724036681243,1.6561468916111208
stream,541,,20.348833958474376,1.6816081115069432
stream,542,,20.868381821788653,1.6451509706668586
stream,543,,19.45663908377814,1.5941108335460679
stream,544,,21.899325231125335,1.6489898492059611
stream,545,,22.023796014038393,1.6581139446362698
stream,546,,20.397586165246928,1.3424846225700302
stream,547,,19.726808708737806,1.3789810662148136
stream,548,,18.0847884917841,1.1848660258844508
stream,549,,18.441145357488903,1.07510797230113
stream,550,,18.70861824594769,1.0410420577311892
stream,551,,18.960393884347145,1.0452659943275366
stream,552,,19.22295640477694,1.0453052056285128
stream,553,,20.445718924130308,1.0544517303680265
stream,554,,22.397199910334848,0.6393463833307341
stream,555,,22.44209021313986,0.7000243453397088
stream,556,,22.63030820900127,0.717032115363817
stream,557,,23.064434087050515,0.7938079162667664
stream,558,,25.967630706272583,0.7129147184663385
stream,559,,23.749784138432595,0.5940102009566967
stream,560,,24.04608339137574,0.7857506543487247
stream,561,,23.318182485510405,0.740158168108508
stream,562,,22.602514519097888,0.7493102681671053
stream,563,,23.960606574334623,0.7639435704783322
stream,564,,21.328350806924124,0.7814427926067116
stream,565,,20.779098304130645,0.7613787079355663
stream,566,,20.369376246745915,0.7552660779587516
stream,567,,20.29596292963103,0.7486900610965164
stream,568,,20.10533966288947,0.778453641623951
stream,569,,21.292755863723784,0.7784536568045214
stream,570,,21.386614835942893,0.8199622911853894
stream,571,,21.140939649387917,0.8614708361156951
stream,572,,21.526228090273396,0.8596381869982568
stream,573,,19.295844104071673,0.8712207648382436
stream,574,,23.642658334310305,1.1414185406940496
stream,575,,24.674078749098843,1.1855368311978889
stream,576,,24.52605843463283,1.20208122983861
stream,577,,22.71267658199659,1.0782876841755558
stream,578,,19.850140543207978,1.0892724457364267
stream,579,,19.964489133663008,1.1136052286962677
stream,580,,19.810363037736046,0.917082216701039
stream,581,,19.58358687984563,0.9372135107033581
stream,582,,19.599318935092082,0.9249882997690319
stream,583,,18.490981451231693,0.903594164526536
stream,584,,19.585769911484967,0.9238766741713133
stream,585,,20.07474121563884,0.9220608310360927
stream,586,,20.27042190986269,1.049837397479957
stream,587,,20.684299473619284,1.1442914938962505
stream,588,,20.294592372527084,1.1169191918408656
stream,589,,18.55422839439792,1.1126672469120216
stream,590,,18.60293169426968,1.0870659426054314
stream,591,,21.524855572187928,1.2372811634314753
stream,592,,21.015048680111384,1.2830137220214592
stream,593,,21.372382710709847,1.2555237853429522
stream,594,,12.309674142454044,0.9743412387917926
stream,595,,13.718988787284054,0.7799013954340486
stream,596,,13.806446693913324,0.9145677040378769
stream,597,,13.927927481457706,0.9036725304126616
stream,598,,13.890710671599308,0.912723826468405
stream,599,0.9946695745017078,12.223906803530149,0.8854019575664133
stream,600,0.9946217796461332,11.658221194609569,0.8701204588334204
stream,601,0.9946700680152288,13.247518175902629,0.8652426990129438
stream,602,0.994705100845543,13.231290914102328,0.9376376333400396
stream,603,0.9947074709172667,13.495348074971538,0.9589253723268986
stream,604,0.99474884875505,12.75518550984377,0.9211436879762276
stream,605,0.9947669993387149,12.76172123561666,0.9248202066357366
stream,606,0.9947337043268077,11.955243758493829,0.8700364533038337
stream,607,0.9947509913933543,14.470742753214155,0.9102487027065498
stream,608,0.9947916573137632,14.699304392273778,0.9680496714584668
stream,609,0.9948464042604551,20.51681342421477,1.0704827460740136
stream,610,0.9948712800950189,20.29539139428841,1.2956129640504128
stream,611,0.9948844198767629,17.76004632948435,1.1533206432611116
stream,612,0.994898583071719,17.58418005342447,1.107560067464178
stream,613,0.994925213970769,20.383552630803944,1.194773180463907
stream,614,0.994924795644935,20.220398767969005,1.2403657076299186
stream,615,0.9949301033601754,19.976882958104376,1.292227677864653
stream,616,0.9949298090287706,20.667426526520593,1.133110913294943
stream,617,0.9948990472107563,20.1336120252581,1.1488726148100683
stream,618,0.9948601819521508,20.776943588933996,1.1544546235382145
stream,619,0.9948085945195835,20.772321127508526,1.181776530630926
stream,620,0.9947634189556742,20.955189215307296,1.1836372041052272
stream,621,0.9947399557408203,19.43122599143146,1.2000974704557292
stream,622,0.9946996670187108,19.784372242757456,1.136268046244822
stream,623,0.9946637184599242,19.330618008573683,1.1095159250617272
stream,624,0.994645560819782,19.031997527034882,1.0546368511874127
stream,625,0.9946453262857988,20.62477512582745,1.1665677023629408
stream,626,0.9946536938723665,20.46119943032518,1.1667413526117048
stream,627,0.994660560019854,17.553349262021936,1.0046354839281624
stream,628,0.9946957189824505,17.240418132955284,0.957780087181247
stream,629,0.9947202364422236,12.564651896018617,0.8808866637488861
stream,630,0.9947503837270343,12.360723247456793,0.6892806080877429
stream,631,0.9947431904606305,11.96444767561716,0.6337813667006285
stream,632,0.9947167497687485,12.330812670822409,0.6380837271360235
stream,633,0.9946779395208951,9.193021367514355,0.5484401371988025
stream,634,0.9946848217908669,9.095912739055596,0.5016239761325106
stream,635,0.9947107675636093,7.498278958504365,0.4680998116046216
stream,636,0.9947560120885477,8.244083204875334,0.4681614115872912
stream,637,0.9948407675891786,8.384933147136577,0.4797216127738529
stream,638,0.9948692949907506,7.7914869068235815,0.4741396040457066
stream,639,0.9948990413056764,8.076578985863645,0.4498067629064234
stream,640,0.9949030713810129,7.964819946041543,0.47968795329207364
stream,641,0.9948934419460235,8.142835000189752,0.44613589243611307
stream,642,0.9948836672311152,8.205144851698591,0.48440330503109225
stream,643,0.9948710250166307,8.695594855539042,0.5392991310266397
stream,644,0.994853212713993,8.9789087915272,0.5861152624815208
stream,645,0.9948389931592336,7.841801295013916,0.5534298730478866
stream,646,0.994827074055405,8.3641472697187,0.6208239302495204
stream,647,0.9948317946754891,8.363137675404781,0.6421676527157646
stream,648,0.9948269034477227,9.209644681454414,0.6983263451064199
stream,649,0.9948176051837889,8.258435213918055,0.6746081486228064
stream,650,0.9947744592915994,10.39998901449296,0.6666852011635782
stream,651,0.9947739412636051,12.003365924000516,0.9497114965397659
stream,652,0.9947848090148868,11.811659736235095,1.03687419604936
stream,653,0.9947970826220504,11.888453494759831,1.0368741955955056
stream,654,0.9947947937055641,14.823607954398065,1.0917532110591814
stream,655,0.9948046975513508,14.205161052216212,1.14277644556365
stream,656,0.9948167390688697,12.690954799711236,1.150620901932229
stream,657,0.9948387729491788,12.522185247589311,1.1189966546241608
stream,658,0.9948565343230709,14.835858607720475,1.2013655921720312
stream,659,0.9948701450305858,14.751232115670259,1.2396946874028962
stream,660,0.9948744308237533,14.659792555581673,1.2395770138089894
stream,661,0.9948586856758961,15.166108251897626,1.2523272462310886
stream,662,0.9948484279717293,15.670715556487064,1.3591018474353393
stream,663,0.9948203710880359,15.426966111648765,1.3127098794423722
stream,664,0.9948110149969289,15.54126680571497,1.2658937481837071
stream,665,0.9947925084402035,15.902368213646966,1.2049469231685148
stream,666,0.9948183530017614,16.946857086494063,1.0643864044598261
stream,667,0.994838033256223,18.545627299161502,1.0387683305431454
stream,668,0.9948498470161216,18.09286135014963,0.9674121296384811
stream,669,0.9948320879470265,17.9223647108642,0.9856547207365755
stream,670,0.9948158781442047,15.92231689956561,0.96005353464479
stream,671,0.9947560614228396,14.531080993345553,0.6788710994185526
stream,672,0.9946399610447483,14.818992760659778,0.594759080307
stream,673,0.9945119495213647,14.742204343891762,0.613001658047113
stream,674,0.9943762153075153,11.857533809859596,0.5575080164863322
stream,675,0.9942484977851863,12.101733325955983,0.5119715930031147
stream,676,0.9941067187417462,12.071926092730127,0.5077140334573903
stream,677,0.9940256356018453,12.076872201506426,0.5058981816423266
stream,678,0.9940115189918386,9.893005600842173,0.40346516927089177
stream,679,0.9939333136426223,9.471826653249437,0.36885738832647497
stream,680,0.9938841662806266,10.0017978425547,0.35251472412990376
stream,681,0.9938761347597962,10.563274001416808,0.34892780308927973
stream,682,0.9938821896027386,10.091659472134058,0.20078465516289273
stream,683,0.9938277590075294,10.224672678963923,0.24702537942868819
stream,684,0.9937024165009222,10.670151260083545,0.3622310022403452
stream,685,0.9936607899557182,8.986764233611357,0.35726921599069483
stream,686,0.993633697679794,7.409969773269972,0.3578670266441011
stream,687,0.9936488118891063,5.815202500517662,0.3651920597951124
stream,688,0.9936733214474485,5.482674016917958,0.36701351878275995
stream,689,0.9937459809161631,6.0142842637411675,0.3469494726612535
stream,690,0.9937984281740648,6.45887345298325,0.41825522909890744
stream,691,0.9938569711295736,7.693098016314521,0.5569774847560713
stream,692,0.9938767496444368,7.24216303184252,0.6307306261059492
stream,693,0.9938872014148488,12.17337355427511,0.8224712022968667
stream,694,0.9938237042782747,12.430796132728547,0.9267144689996786
stream,695,0.9936757681120683,13.643351128952549,0.9083598277934473
stream,696,0.9934914864206789,13.712919604680598,0.9998529498337936
stream,697,0.9932010511003138,14.719836719602114,1.047289338511319
stream,698,0.9929586769616243,14.537615487629989,1.093049873648897
stream,699,0.9927427224065923,14.64363067722735,1.0862890629835351
stream,700,0.9926046257356976,14.072879106932254,1.0710355366336408
stream,701,0.9925611004979188,13.513763118066965,1.095424320266739
stream,702,0.9926112278897558,13.411126928789693,1.162354932983475
stream,703,0.9925140000151192,14.537210025500128,1.1288868331962898
stream,704,0.9924397142547019,13.670373026847495,1.0606373805155869
stream,705,0.9923406689654635,13.79113572795839,1.0563798201259658
stream,706,0.9922615337859875,14.225866892403912,1.0594137286087428
stream,707,0.9920345604341113,15.076590848244235,1.0538821425362987
stream,708,0.9916761326902283,16.0969968256181,1.050848243872411
stream,709,0.9913247306171887,16.398756588519852,1.0496526127467278
stream,710,0.9910816083447702,15.876940003299934,1.0118709424376018
stream,711,0.9911726611089764,19.164744573225796,1.0255158499928976
stream,712,0.9911309516384011,19.143792642565117,1.096552766438483
stream,713,0.9911900088351658,17.306365628703613,1.0109441963551205
stream,714,0.9910819113130558,18.081394294410003,1.1714567495310644
stream,715,0.9910375081898161,17.83480639549233,1.1623494519247164
stream,716,0.9910278716547696,17.99340465078581,1.1410224405948768
stream,717,0.9909870083486193,17.12539606113095,1.1337197629711713
stream,718,0.9910105952930796,17.146031464855145,1.0953122872901502
stream,719,0.9911694443200434,17.068221811861754,1.0910883504361657
stream,720,0.9913262354331571,17.126076829809737,1.0984134127414622
stream,721,0.9915718630260106,16.475850650126077,1.0867356742813745
stream,722,0.991877679601821,16.918992170730384,1.0264930518225837
stream,723,0.9921496512229597,17.001126910196025,1.1588240222068584
stream,724,0.9923219251722739,17.45775154466988,1.1331275337132356
stream,725,0.992248297394664,20.266760749309547,1.1478336257796111
stream,726,0.9919182784117111,22.79626589774633,1.1460121585021428
stream,727,0.9914738295290071,23.74325568012139,1.1460121707561997
stream,728,0.9910676721966455,27.709675721252523,1.1789664844024323
stream,729,0.9908713277952126,26.86931730130957,1.3609179406558343
stream,730,0.9909473135180689,26.783457261047253,1.309056006497237
stream,731,0.9909192304441774,22.38376662551661,1.1676735916504113
stream,732,0.9910347339783233,22.748343468249438,1.0690625898183175
stream,733,0.9911751046312075,19.640659038209737,0.9630257813531027
stream,734,0.9914158938378351,18.567935989745713,0.711020147482128
stream,735,0.9917922877005179,17.358968633854648,0.7146574822745416
stream,736,0.9919209675031931,18.735649791252122,0.6872348491540345
stream,737,0.9918867990850209,22.792231660899596,0.669076294528931
stream,738,0.9917716005144863,23.176353396870766,0.7237761038606974
stream,739,0.9917119097596366,25.858964756895723,0.9519907359263287
stream,740,0.9917434459688276,26.394349650189973,0.9519907352100535
stream,741,0.9917965541463925,26.331128172440764,0.9703733300773321
stream,742,0.9918636960425039,25.547191402229302,0.959433404218088
stream,743,0.9919578902563776,26.946680458847073,0.90926414014706
stream,744,0.9919775883944113,26.447617922351196,0.9916331099073726
stream,745,0.9919013827029475,24.10200189973605,0.991526712479959
stream,746,0.9917324569953023,22.67109825793973,1.0024666693480226
stream,747,0.9914521583019295,22.17924820338841,0.9988349497579853
stream,748,0.9910170970613065,19.731212801755866,0.974384509389797
stream,749,0.9904180145559727,22.661521362137325,0.7918128324470146
stream,750,0.9899763551420108,22.905962459157173,0.9563996085589577
stream,751,0.98963999477124,22.575963617889208,0.9472083195259479
stream,752,0.9894671038038356,23.46178056066403,0.9192158742361675
stream,753,0.9891881028655491,26.305468194754432,0.9099965884443098
stream,754,0.9891169507568577,26.4522997463152,0.9307985357087682
stream,755,0.9894330411530431,26.68538504604292,0.9607189361581996
stream,756,0.9901048227965049,25.464195340116294,0.9453534004321426
stream,757,0.9905865912813676,25.534017850668217,0.9963766028534182
stream,758,0.990999288975387,29.271856547722994,0.9325134804851137
stream,759,0.9913816095267413,27.82232462909213,0.736012758259448
stream,760,0.9917307698435132,27.216423300950613,0.7823430673429513
stream,761,0.9920321128938799,28.12742541296087,0.7896568590715985
stream,762,0.9921472629490626,28.31333727795629,0.8431889468008891
stream,763,0.9921640530772678,26.32674151084472,0.7519031748633169
stream,764,0.9921082886552968,26.346850277888205,0.6751162424008019
stream,765,0.9919765465619611,25.95418219643735,0.6495765996374516
stream,766,0.9918441189095029,24.438430968188705,0.6368263909768762
stream,767,0.9916896861588933,23.119057294544454,0.645989702292148
stream,768,0.9915631275879566,21.379320078468602,0.6770161206793927
stream,769,0.9914521340431176,18.589040950624963,0.6898447521085657
stream,770,0.991262932823799,19.29811337183984,0.569197054030561
stream,771,0.9910184858967128,20.569972363937136,0.5716779467346332
stream,772,0.9905945202771953,21.09913049932623,0.5534913360610441
stream,773,0.9902807835866503,18.420827602304634,0.6447770691219845
stream,774,0.9898508421353281,19.100962322410005,0.6667185317444473
stream,775,0.9895638872591399,18.99691159312219,0.6422680748341307
stream,776,0.9893193729770203,18.8345764974067,0.6422680344969838
stream,777,0.9889219623306231,16.793539370788032,0.7234805439678369
stream,778,0.9885333760264968,13.70080191356154,0.7362307552597781
stream,779,0.9880351272540105,12.763006848693642,0.711780278652711
stream,780,0.9875758950273807,12.783321703356744,0.6964147500119919
stream,781,0.986903154990159,12.33708730782296,0.676300339865546
stream,782,0.9864707159451528,13.59696829375484,0.6337810006793604
stream,783,0.9860800997485886,13.852525990173703,0.6210251650489317
stream,784,0.985866999205922,14.710697648008795,0.5972005618112423
stream,785,0.9862097672597255,14.689850440979873,0.6507326989762585
stream,786,0.9860490898483429,17.77112986331519,0.8189511823579793
stream,787,0.9862040006938636,17.78596073054113,0.9138239426500799
stream,788,0.9864075045866064,16.84079488945097,0.8827975228350703
stream,789,0.986833237094399,16.690635202314862,0.8705891118990606
stream,790,0.9873777428774893,15.865322381922388,0.8230183264629386
stream,791,0.9880050257662311,14.601611931543474,0.8339134823113168
stream,792,0.9881970707672513,15.21111656098472,0.872321017274814
stream,793,0.9885300136779527,15.204409761354269,0.8084131865845658
stream,794,0.9888015333733932,14.689271419917922,0.7535342059950314
stream,795,0.9889369240425765,17.10545779116295,0.7779847011630358
stream,796,0.9890111629618731,17.106291812217638,0.8108494013238557
stream,797,0.9890457464685379,14.839046359435223,0.6693943644713582
stream,798,0.9890703405488094,14.972703178165435,0.6901962867403746
stream,799,0.9891265407523501,15.856371131502396,0.8636605810801983
stream,800,0.9891267096926026,16.67774943296268,0.9277757342128774
stream,801,0.9890869144806085,17.717730147862195,0.9003194013413178
stream,802,0.9891029830319197,17.170835407037767,1.1175491948401128
stream,803,0.9891141455232287,16.1342253775767,1.1303778524372665
stream,804,0.9890812260031832,15.469046618461723,1.1285843726238138
stream,805,0.9890118193683308,15.309033152189595,1.0903337702719664
stream,806,0.9889081959939745,12.555343586245698,0.949465190189783
stream,807,0.9887716411676283,12.632990217661364,0.846043739315442
stream,808,0.9886674906373792,13.409556284387861,0.9009675595030268
stream,809,0.9885647112667864,13.420237426840147,0.9222272347385836
stream,810,0.9884510405703963,13.381343166545447,0.9258589421407671
stream,811,0.9883489136700047,13.413757492006175,0.9106894251212309
stream,812,0.9883369404322188,13.84355419110946,0.9271442160681554
stream,813,0.9884234373449239,15.528260571027358,0.8961178177358357
stream,814,0.988507274885973,16.09361282085818,0.8973134634231008
stream,815,0.9885420462255863,13.53821542619692,0.9038893640860662
stream,816,0.9884987323933692,14.205533289151488,0.8527709093160579
stream,817,0.9884085279459136,14.34294042790153,0.9040462945202288
stream,818,0.9882943811537298,14.718651830144239,0.9532257431807186
stream,819,0.9881547383317683,13.724028620011765,0.7877515234296611
stream,820,0.987990547618069,14.106011143685501,0.7664246953879724
stream,821,0.9878095578258608,12.722418835258765,0.8704607645250738
stream,822,0.987668525668036,12.098975458801617,0.646470158668342
stream,823,0.9876974712846223,14.050633506059604,0.7616534073295718
stream,824,0.9878030085949578,13.845345819989163,0.8236782749696472
stream,825,0.9879213050621304,13.852436983552156,0.8102573981934365
stream,826,0.9880265053787267,13.606574926423114,0.795730549150317
stream,827,0.9882650463869157,16.80054745165859,0.8883911787569791
stream,828,0.9884670446547867,16.19771736209151,0.9923207081018313
stream,829,0.9885970540262011,16.271703459425417,1.00399851001052
stream,830,0.9886733764198774,16.2502273864748,1.000964618367395
stream,831,0.9886992745494112,16.458176593188263,1.0027972858837917
stream,832,0.9886910747032434,14.693413491848704,0.9479349793127647
stream,833,0.988616690051502,13.251831193962273,0.9479349607518082
stream,834,0.9884200411204632,13.062817495207732,0.9467393205586093
stream,835,0.9881951325674,13.038070666618644,0.9339611198476409
stream,836,0.9880740038354953,12.313093447249114,0.9138970239617484
stream,837,0.9880633744257137,12.246228288486872,0.8517096675029924
stream,838,0.9879693747603645,10.740011319433766,0.7860698824183705
stream,839,0.9876780840383914,12.175007488030934,0.816548898082837
stream,840,0.9874909406577791,11.666667985630538,0.8875858094578652
stream,841,0.9873611395505704,11.620714005832703,0.7872206712125416
stream,842,0.9874275104008371,15.732848191397508,0.9351117485615018
stream,843,0.9875601966100273,13.987544694281908,0.890021823812462
stream,844,0.9876787814986487,13.982984382160934,0.8432504994886907
stream,845,0.9877619229917209,13.96683734339702,0.8401941962845237
stream,846,0.987831734952198,14.194751634705032,0.8364728354522142
stream,847,0.9878528949887966,11.50707900047554,0.7468292924485013
stream,848,0.9878465397823004,11.98209127155119,0.5794720710657852
stream,849,0.9881704657038756,15.78875355674102,0.6012623676441391
stream,850,0.9883468244710827,15.818774487628787,0.7835050191585111
stream,851,0.9885148894300171,18.6327258698615,0.9776200661172099
stream,852,0.9886597421463252,17.80536244609082,0.995913089496089
stream,853,0.9887815133551254,18.369316424044335,0.9959130887822064
stream,854,0.9889062742074136,19.63669152609452,0.9971087286515651
stream,855,0.9889131498413297,20.11514382800475,0.9917284128619219
stream,856,0.9888472183020408,20.15888897926905,0.9905327729925634
stream,857,0.988643173207826,21.237736706241417,1.0014447214619284
stream,858,0.9883570841159003,21.41037275950307,1.0014446931491454
stream,859,0.9880318066459213,19.832881554720917,0.9538683076625277
stream,860,0.9878246381259732,19.17971462799214,0.803585878738387
stream,861,0.9875927912453298,20.692551719418184,0.8826464725355533
stream,862,0.9872604694113926,16.314369068740767,0.7561495334856206
stream,863,0.9868119592658364,16.215857496621396,0.7005830586165497
stream,864,0.9865212530944003,16.27761061403335,0.6840890798701497
stream,865,0.9862087502417616,16.352286191068746,0.6895870767290782
stream,866,0.9858443345812065,17.403627079764142,0.7140374781871368
stream,867,0.9857626248449202,17.95564796177946,0.7110035863501867
stream,868,0.9856796188778422,17.5068988732369,0.7195074589143481
stream,869,0.9854460346792431,14.584868131110275,0.7468965894100813
stream,870,0.9852305160900359,14.723883711668222,0.5732194148950046
stream,871,0.9850648880732163,11.752048484943487,0.3925252447125166
stream,872,0.9847772542726516,11.734514173185488,0.39850340846887405
stream,873,0.984837756417762,10.869791841610905,0.3985650277263829
stream,874,0.984984810797005,9.198439875761029,0.4368828797154317
stream,875,0.9850308294543492,8.997747054897646,0.4155279459925137
stream,876,0.9850913050094539,9.327464099933572,0.4880797343397054
stream,877,0.9848721856350017,9.746323617725956,0.6158898934396355
stream,878,0.9843362756922929,9.712774526229516,0.6158898953922405
stream,879,0.9840789958581755,12.886016767153226,0.784113895000367
stream,880,0.9837853674840682,12.826158554857587,0.9630089673753075
stream,881,0.983071825827999,12.314133502262084,0.9356198842374832
stream,882,0.9821475476433995,14.558116945684569,0.917265243031252
stream,883,0.9814015348954058,14.600985508010162,1.0879869017055843
stream,884,0.9811723019586216,15.795344051867772,1.093501713549612
stream,885,0.9808280959454655,16.315215579580443,1.091020833099617
stream,886,0.9804705211039902,15.795318502376636,1.0580665536502771
stream,887,0.9801231870523951,15.735589173517754,1.0574631364719853
stream,888,0.9800204103408421,15.835465017530709,1.0611116525523487
stream,889,0.9801161825623381,15.134519782915678,0.9820118473872393
stream,890,0.9802593441905865,15.956734215605131,0.9746868149525015
stream,891,0.9803681601942115,16.36809513485125,1.0981553873636511
stream,892,0.9803591958577527,16.84865752445388,1.0665311487992581
stream,893,0.9802632909642427,17.669067374678672,1.1506430886675756
stream,894,0.9799646898281152,17.95733322918644,1.1932464429422296
stream,895,0.9796662210276263,17.72138379839838,1.2566573881886978
stream,896,0.9793077453491674,18.38275829084649,1.2236191320370609
stream,897,0.9789670589982263,17.076143058460733,1.1988790732822416
stream,898,0.9786932028703612,17.41245699391372,1.2371297475981804
stream,899,0.9784699452266319,14.440398661539836,1.0695259702699411
stream,900,0.9783325537669146,14.694025052938459,0.9272169291148538
stream,901,0.9781490329165782,13.656294989253025,0.8992243575469068
stream,902,0.9780640113502382,14.82115150656093,1.018128891664901
stream,903,0.9779881514915959,15.117837621231802,1.1030780211442404
stream,904,0.977833309728464,14.435579423816412,1.0969653917536863
stream,905,0.9776629426199465,13.861892823315264,1.1061567133859036
stream,906,0.9774541041667625,12.9942444504328,1.1061735186199049
stream,907,0.9771763554749269,11.94255910162164,1.118929351811165
stream,908,0.9768925029922096,12.450580920917119,1.1152808171698645
stream,909,0.9765700841957109,12.734068115365485,1.2524503350311347
stream,910,0.9762667188551513,12.685985862130616,1.3333435952407893
stream,911,0.9759533228175519,12.212699601896498,1.2482769145747554
stream,912,0.9756946704722238,11.940269741001405,1.286594805406983
stream,913,0.9754006888722027,11.230203903907778,1.1969512601268255
stream,914,0.9749756977691516,11.240466383941984,1.1477718909417927
stream,915,0.9745974772480496,11.363922952093255,1.1390887229259161
stream,916,0.974129113539124,11.053400321572457,1.1544542097355197
stream,917,0.9736545533842312,10.823251040485324,1.0939762949230443
stream,918,0.9733280144307196,10.463638689824903,1.0513840611223997
stream,919,0.9729021817262051,10.218966701395274,1.0544403592249334
stream,920,0.9723829702785395,10.32271933327736,1.015993669968122
stream,921,0.9718980046352244,10.663908751909537,0.9947059812657063
stream,922,0.971339766984019,7.25120643219148,0.8885740796257973
stream,923,0.9706424845904855,6.507472468411309,0.6061680086431996
stream,924,0.9701897579359879,6.787059931180705,0.6335178793123067
stream,925,0.9699444470417975,6.778626965454755,0.6426643502251491
stream,926,0.9697992166096816,7.249430794172584,0.6695060315216024
stream,927,0.9693969318039607,9.216651612115458,0.6738475954251628
stream,928,0.9692044265981391,11.766228897542995,1.0062159220527125
stream,929,0.9686146791502264,12.230877000571141,1.1676625093334954
stream,930,0.9680743052219088,11.536776845041324,1.1676625693666083
stream,931,0.9671362064608456,11.521790951470074,1.1182814945000432
stream,932,0.9666151976367167,12.318846709866998,1.1511461563377416
stream,933,0.9663986915481126,12.598576128055784,1.1511853680973545
stream,934,0.9662481424723587,12.028695056135549,1.151185439147327
stream,935,0.9659539447187188,12.052784538577585,1.095837441423572
stream,936,0.9655110178868063,11.252427239258596,1.080471912782853
stream,937,0.9648764577996274,11.222479085654795,1.0251239169079889
stream,938,0.9641577857973354,11.393876913841227,1.0215370007457385
stream,939,0.9632584668636335,11.456005700418826,1.0732084325159066
stream,940,0.9628185354414841,14.18650318539434,1.2119586906222048
stream,941,0.9628558272548646,18.546411436803112,1.227770807255466
stream,942,0.9626315767634731,18.53636432909113,1.3601018308801365
stream,943,0.9620850528379167,18.707319767739822,1.3594816104507852
stream,944,0.9614450541555355,17.88129153586835,1.338193922398441
stream,945,0.9612404108992543,17.917668646104627,1.318034658935497
stream,946,0.9608728356402171,17.44349332902983,1.296690969200122
stream,947,0.9606398059570919,15.80034584960456,1.3069490771503036
stream,948,0.9602423601510898,12.447300978945998,0.9746423682855305
stream,949,0.9597706535014474,11.58974451626595,0.676026238181531
stream,950,0.9594531678922572,11.5757213076987,0.5951049273512765
stream,951,0.95954374372307,13.826001709923904,0.8537479201531499
stream,952,0.9597771461492475,13.358368335663659,0.7844260250639369
stream,953,0.9596501814937254,13.457917132658563,0.8447806227051613
stream,954,0.9596610168005646,13.758132757706015,0.8842212652324195
stream,955,0.959958774442542,14.334525774188226,0.886037117047483
stream,956,0.9598480523948723,17.09765774588941,1.1109952139932637
stream,957,0.9595441352595155,17.18598392128083,1.1663432116221237
stream,958,0.9590175908869356,16.844779295468626,1.158990178816089
stream,959,0.9585637253784396,16.930781048469992,1.1127495218968848
stream,960,0.9586069138441583,15.532641834234562,1.027531399201606
stream,961,0.9588858138377586,11.864517702493036,1.0062549221475348
stream,962,0.9594193757947428,14.891780394060326,0.9159126378513105
stream,963,0.9600528399416437,20.197260117592243,0.9560463906724339
stream,964,0.9606441187250043,22.735946503332386,0.9536551408673222
stream,965,0.9610303042414893,23.07023289460814,1.1346853503348644
stream,966,0.9617209296729982,31.477878072424325,1.603384422037721
stream,967,0.962405583325058,32.41267111494729,1.6492009801790353
stream,968,0.9631690292429622,34.79110151303349,1.6953801308582037
stream,969,0.9638675736566114,34.73106291315483,1.7557740001269924
stream,970,0.9646984882279042,36.89436286319977,1.7667139383399477
stream,971,0.9656227962002344,37.431414128688,1.5019583313902938
stream,972,0.9665895066827018,37.42183255198999,1.5044000255013006
stream,973,0.9674624236437537,37.06747489882949,1.473926640604174
stream,974,0.9683962054244534,39.211319475795236,1.422808125118255
stream,975,0.9694684310420512,38.44438972140836,1.5617991079143463
stream,976,0.9706061495286442,35.845334265949305,1.2973275208003434
stream,977,0.9716271172570393,36.14898150593842,1.2456168325767678
stream,978,0.9725452352308691,36.58300956482212,1.316972983071017
stream,979,0.9734215793122948,36.47612845373157,1.33522116086402
stream,980,0.9741928613128313,35.998118865464846,1.31331329811625
stream,981,0.9749380463369345,36.26352599807368,1.3133132928829558
stream,982,0.9756230065717578,33.703681129912596,1.3226166883792851
stream,983,0.9762158995091545,29.249856451610054,1.3980903077996572
stream,984,0.9767820680531826,27.612159542898308,1.3962576282908588
stream,985,0.9772486504566229,27.722417404760066,1.2140317837317702
stream,986,0.9777126332735263,27.176424199261618,0.9370060620186832
stream,987,0.9780726413233034,25.856258048724477,1.1660873146342903
stream,988,0.9782386131822703,23.706724221892685,1.1327143956521448
stream,989,0.9784458608600359,27.47918879119693,1.2512548164012478
stream,990,0.978668450547469,26.630325025621833,1.260474134013857
stream,991,0.9789901183269478,25.540868382604945,1.2604741358013245
stream,992,0.979326174212377,25.522513755716005,1.2604741363875847
stream,993,0.9797262245142005,26.424934606532357,1.2305537245917852
stream,994,0.9800387278103008,24.084517262411367,1.2257711978747947
stream,995,0.9802687651085211,24.156201994781647,1.102061758635548
stream,996,0.9804905140615482,24.08342887334555,1.141575250297738
stream,997,0.9806526843307862,23.81234523665479,1.171495640188964
stream,998,0.9808932413817503,23.380730911565458,1.0983236275406856
stream,999,0.9810833964137495,23.30864046801036,1.071571571756401
stream,1000,0.9813063266128129,22.827140540637718,1.0782651899253781
stream,1001,0.9814226238052732,21.703500766647934,1.150833835739577
stream,1002,0.981383341021821,22.29474038832536,1.0904904277088547
stream,1003,0.9812186656049602,21.297873233209703,0.9918964254502072
stream,1004,0.9808892720834266,20.49044987171737,0.9918684342795748
stream,1005,0.9804773221801264,23.20974383783988,1.2051655639666072
stream,1006,0.9798784009175919,16.47308746464713,1.309274409598158
stream,1007,0.9792594049042472,17.045028582699445,1.1112700270865177
stream,1008,0.9786564133870865,16.78483856234657,1.1166504060630837
stream,1009,0.9781716474401891,13.457903552738735,0.998109936267517
stream,1010,0.977631492946173,13.131734190323256,1.00359674494612
stream,1011,0.9772056884361463,13.202493936059398,1.0054350052697363
stream,1012,0.9767514518789028,12.48817107089591,1.0723152016336317
stream,1013,0.9762953501045076,11.357669060208497,1.0961398145275025
stream,1014,0.9756973839900996,11.70197823959302,1.106504380882547
stream,1015,0.9747682081122562,12.004524985807679,1.1368433741881645
stream,1016,0.9737042242596027,13.15054600578255,1.2125354996473476
stream,1017,0.9726572480912,15.575798382064864,1.1826543329242685
stream,1018,0.9716726959010533,17.890466353503633,1.182654332796646
stream,1019,0.9704196519868082,18.81307129549774,1.4291562655800325
stream,1020,0.9691119185657519,18.803600375861638,1.5432334615258478
stream,1021,0.9682490776385512,20.560246005381657,1.4920365266206008
stream,1022,0.9678615860535292,23.209624807509506,1.4920365029245162
stream,1023,0.9671781100604881,23.890654760294446,1.7397844452884625
stream,1024,0.9662927333606887,23.76478700074497,1.7855449720062053
stream,1025,0.965616053214509,21.04545420774996,1.6118901663436902
stream,1026,0.9654054917969974,22.212110889427837,1.3435474902679516
stream,1027,0.9650221798740845,22.158001719522435,1.2611784853392094
stream,1028,0.9644150308296796,23.149597041260677,1.3068213912177344
stream,1029,0.964349046458269,27.6654475666112,1.6486050500405796
stream,1030,0.9647274525351714,29.528750264645716,1.6430230425487649
stream,1031,0.9651162973467217,28.875653911308437,1.6685346844231523
stream,1032,0.9654814494120569,30.35221352076764,1.5973801439183195
stream,1033,0.9658205568399465,32.00042789756078,1.5918933364760481
stream,1034,0.9659438141193585,31.957033079880404,1.5650348217979466
stream,1035,0.9656369678068069,31.581482940218887,1.5182018437301763
stream,1036,0.9650426758367079,30.938222615590643,1.4664071224163724
stream,1037,0.9643492067697115,29.16763132944342,1.4645744517158048
stream,1038,0.9639118130623385,27.927659448467217,1.468250983896801
stream,1039,0.9638086361664444,27.311303477174157,1.2485011698286281
stream,1040,0.9639248579737787,26.602523279896946,1.0979275179839918
stream,1041,0.9640694794794669,24.949095793329914,1.103414293411669
stream,1042,0.9641468927250918,21.94193851271324,1.1635840748897124
stream,1043,0.964197742220293,21.315378477595612,0.9159201305145332
stream,1044,0.9642984956968595,22.339687894580845,0.9841695841053361
stream,1045,0.9647132636264606,25.92313377064822,1.0079382000294173
stream,1046,0.9651115629034585,23.74307369191317,1.0899878430727663
stream,1047,0.9655528369568879,23.31599360888273,1.0699517766479
stream,1048,0.9659184611748091,22.879603572498183,1.0188332940859142
stream,1049,0.9662528263532344,18.68608253942625,0.613024122133938
stream,1050,0.966773217802728,15.825519969056442,0.6953929995203342
stream,1051,0.9672659043672247,15.153086477956627,0.761122354758118
stream,1052,0.967777472867507,13.92587281912787,0.7995410777759699
stream,1053,0.9681162869515638,13.578023287629684,0.9181320709891677
stream,1054,0.968381270065004,13.397022106040064,1.0217775144869934
stream,1055,0.9685125754486485,13.520721528130672,1.0272418845966795
stream,1056,0.9685020085026711,12.818402012220504,0.98030813593894
stream,1057,0.9683408675306348,12.09507583562377,0.9784642740660766
stream,1058,0.9680297051007003,12.041526788853329,0.9875435742324431
stream,1059,0.967408003893882,12.12981770862014,0.9693569699566104
stream,1060,0.9668678155681603,13.290561294730033,0.9693570053572185
stream,1061,0.9661836752098304,13.240193483551264,0.9589924977669896
stream,1062,0.9651692038246225,16.615298690928167,0.9687312091198063
stream,1063,0.963733262648656,20.6243474994661,0.9534497016431179
stream,1064,0.962799595688648,19.971440163711105,1.0850485980705868
stream,1065,0.9619502741759905,16.42713598236408,1.0483729665015487
stream,1066,0.9613623810605773,16.38867101201914,0.9663233603495409
stream,1067,0.9610574356171022,16.455175832491463,0.9736483920680054
stream,1068,0.9606870406386498,15.936026984178156,0.9609373781335465
stream,1069,0.9602155043697956,17.179043996238832,1.0010654890037003
stream,1070,0.9597438580955774,17.260339871476027,0.9303744181410617
stream,1071,0.9596839110178673,18.02996080740559,0.8409268799076605
stream,1072,0.959840099492555,18.511664848533265,0.9164901236645243
stream,1073,0.9599910482537491,17.510587101612785,0.8489223598214296
stream,1074,0.9604304461962456,17.58063752528314,0.817845502655087
stream,1075,0.9609958151983238,18.53496692025586,0.8945148466471415
stream,1076,0.9614662543911179,18.66024907436527,1.018224397117931
stream,1077,0.9620188419598749,19.076696162659857,1.0309802083040565
stream,1078,0.962303038252214,19.005307713401923,1.0219008962753033
stream,1079,0.9627535626027702,18.61056117867587,1.0767631321201743
stream,1080,0.962972325830447,17.591135643769874,1.0737292219160934
stream,1081,0.9633531020197048,17.50113064437275,1.073729195555916
stream,1082,0.9639971980102051,13.674270603037392,0.9909976747322973
stream,1083,0.964550627265014,10.029491599452617,0.9891818142373704
stream,1084,0.9645825408488301,11.076723534675265,0.8348418686448489
stream,1085,0.9648047664546633,10.653248022227066,0.9482931746784141
stream,1086,0.9649351318403692,11.27235103266867,0.942090909313122
stream,1087,0.9652957329258905,14.864548092802805,1.2747728099009397
stream,1088,0.9654854914934777,14.905439150797848,1.4061699404208075
stream,1089,0.9655354486282944,13.065333975759648,1.3666396433283992
stream,1090,0.9655825714542045,13.362973115727206,1.3367192301662543
stream,1091,0.9655405074105772,12.322807673860972,1.339200123910441
stream,1092,0.9654672697004821,12.30824464315629,1.2251901493225228
stream,1093,0.9653468482672198,13.577591728022957,1.1582595909844586
stream,1094,0.9652430738618671,13.27389020225186,1.1253501322834931
stream,1095,0.9650993116113613,12.263882594918174,1.0444288593870608
stream,1096,0.9649508522167525,12.423193490559157,0.9097401531313027
stream,1097,0.9647659104076907,12.048684067995085,0.9031025400257234
stream,1098,0.9645643389987658,16.660702974384513,1.0673867461569846
stream,1099,0.9644124146537508,17.165283083512264,1.0862775586085134
stream,1100,0.9641651817532338,20.88164913674092,1.1787590520971214
stream,1101,0.9638886130012823,21.48570047867129,1.2019242742789673
stream,1102,0.963536036966893,22.702592585176518,1.2037345330938687
stream,1103,0.963046528835313,24.95379740963831,1.2073718525764432
stream,1104,0.9625507046609885,24.449842116862147,1.131384456569959
stream,1105,0.9620025085420844,27.655635785939324,1.0124575739143582
stream,1106,0.9613406140844987,30.261357561177068,0.9857223018774105
stream,1107,0.960380073155109,29.109158857708785,0.6609688510326366
stream,1108,0.9591171654907673,32.94981184096309,0.5264706042924777
stream,1109,0.9577368205670745,36.85046620972795,0.5264874146281314
stream,1110,0.9563210649731115,39.5991092365489,0.5289682910493353
stream,1111,0.9550279762369938,40.367843446054735,0.5503120111067277
stream,1112,0.9538824197950194,40.87545524589793,0.5503120017153729
stream,1113,0.9528204430951744,41.93929337095262,0.5612575752781542
stream,1114,0.9517563011947148,44.60277698118589,0.5270628246105792
stream,1115,0.9504985199453905,54.76303219413416,0.707818557397847
stream,1116,0.9491074373217105,59.4617731776692,0.7017003452112004
stream,1117,0.9481224197756509,59.43749426217071,0.943006793095609
stream,1118,0.9473402174661829,57.18375243093182,0.796925966305221
stream,1119,0.9469620762976985,56.68748463352375,0.8420158910542606
stream,1120,0.9471353946297997,52.86453919775265,0.752607495472677
stream,1121,0.947734701019588,52.156835100238474,0.7123505051455498
stream,1122,0.9483976623554418,50.68577970851921,0.7196419373195888
stream,1123,0.9492355442129718,48.418526184437155,0.7331019858086296
stream,1124,0.9500924018629513,48.23645122366789,0.7166248111261022
stream,1125,0.9508569655392743,45.35573634391899,0.7221003248172081
stream,1126,0.9513395714770184,42.46782474165031,0.7342359241565167
stream,1127,0.9513634436355566,39.93974755622565,0.7171441823713924
stream,1128,0.9506326276947117,37.41707597722077,0.8390882861612254
stream,1129,0.9487977495349104,34.218824618321065,0.8390882810595729
stream,1130,0.945609906810517,31.42164634130771,0.8329700829152158
stream,1131,0.93997027344342,38.64745336210054,0.9597190183419493
stream,1132,0.9324936227238011,39.34364771576499,1.0309015257007168
stream,1133,0.9222834794686605,41.313557558510354,1.0200063684907759
stream,1134,0.9096056814168602,43.78625385603516,1.0157544317217397
stream,1135,0.8961833308187477,41.03889693874761,0.8368593780337378
stream,1136,0.8843298882842385,42.95430757910053,0.8587393046085539
stream,1137,0.8746368444258624,55.18226992130194,0.6149911788983977
stream,1138,0.8695030935521635,52.04401028006598,0.9144946032575405
stream,1139,0.8663745889284495,53.74518370902891,0.7993113309002252
stream,1140,0.8644393260982297,58.55077607117604,0.829192508575592
stream,1141,0.8645366312225157,63.030872225357705,0.8353051203496447
stream,1142,0.867845934480533,66.62446089170786,0.8268180536041173
stream,1143,0.8722160470775997,72.49739663767045,0.8371825850818622
stream,1144,0.8765525124296641,75.066902483796,0.8401996830311594
stream,1145,0.8809255045378979,78.20867273613317,0.8189624234556944
stream,1146,0.8830576706367317,84.82580852222712,0.8153755048191396
stream,1147,0.8824724372498022,85.37580895752328,0.9833306266018128
stream,1148,0.8817967717421877,84.23875220991569,0.8613865391603065
stream,1149,0.8813211605308675,84.00968596677556,0.8625821615423348
stream,1150,0.8811155470747913,83.53629182048059,0.8899376999037214
stream,1151,0.8812769730947408,75.83822342990838,0.7394033629534521
stream,1152,0.8807749414431596,77.52489341975995,0.7304361679566889
stream,1153,0.8802174604090612,72.98891528479925,0.8283596218755549
stream,1154,0.8797466407752939,68.08078379103299,0.8302202795886727
stream,1155,0.8794008244671317,60.66922799057512,0.8484236466109135
stream,1156,0.8786997684978728,54.621626683343294,0.860101453134671
stream,1157,0.8775418720579744,42.47226252115275,0.8783048611776021
stream,1158,0.8760610366271234,42.32976167077587,0.5788014368184593
stream,1159,0.8744797239142972,42.33013694123502,0.6213208478092461
stream,1160,0.8726758499947094,38.55394116551197,0.5896070202339638
stream,1161,0.8698803777910593,35.48202219123715,0.7115006368483023
stream,1162,0.8664836759227904,33.79034407435268,0.7108860108836033
stream,1163,0.8628168273135964,27.54855688950124,0.6870614309168177
stream,1164,0.8590961752380816,24.296534162733415,0.6894919093458869
stream,1165,0.8552419839272879,20.715746244618828,0.6870502285960177
stream,1166,0.8516840368464177,13.731387003222146,0.6839995288585813
stream,1167,0.8486310301261417,14.132884710950606,0.5634751958632873
stream,1168,0.8456393777990553,14.395917230979988,0.6616563121919923
stream,1169,0.8433603461075959,13.828118014571277,0.6932805655158077
stream,1170,0.8416278452684028,14.761233948236292,0.6786808611895785
stream,1171,0.8404700787644128,14.70040009107138,0.6811225414832016
stream,1172,0.8398863369922116,11.315561208899567,0.6189352378437353
stream,1173,0.8399081208567106,11.866197044124382,0.5209613518075916
stream,1174,0.8404719936573871,11.695387433967943,0.5575473411293831
stream,1175,0.841667373193936,12.030119518053207,0.539343986425795
stream,1176,0.843567084768097,14.86702616148899,0.5612854490482577
stream,1177,0.8461051743188287,15.40273895359464,0.5947535201333848
stream,1178,0.8490339478304361,15.536346096452103,0.5789414192645617
stream,1179,0.8523357114360758,16.74162475462425,0.5790926191418168
stream,1180,0.8558061112031752,15.809580474314812,0.632596746415794
stream,1181,0.8593822600442526,15.417273634144458,0.521682286172684
stream,1182,0.8630723274715377,15.688098391350456,0.5277948825715768
stream,1183,0.8667267169110929,16.982061407002266,0.525973406096599
stream,1184,0.870388382587725,21.10335357176993,0.5674819504430364
stream,1185,0.8738771762374847,21.496966933430674,0.636803776364674
stream,1186,0.8772149338795431,24.199461706269293,0.6709480750244218
stream,1187,0.8802462111701186,23.198935628007526,0.7275532930007811
stream,1188,0.8830269882983683,23.183657979850835,0.6507662992066453
stream,1189,0.8856763516271257,23.235925840940354,0.6179296236939202
stream,1190,0.8881941482246962,24.430825603209364,0.6454363411972254
stream,1191,0.8907044312928318,24.018465076110402,0.7324029845849066
stream,1192,0.8929382503549491,24.75391548329573,0.7781355552358908
stream,1193,0.8950031381433846,24.202916719861893,0.7811750872379494
stream,1194,0.8970989361107339,24.150441350819445,0.7427284402030401
stream,1195,0.8989904747327091,24.25564201520799,0.7610270533987742
stream,1196,0.9007529719120827,21.785436222258934,0.7183564873505219
stream,1197,0.9025035339716319,21.104908653358414,0.7104448328327811
stream,1198,0.9041308960024353,22.84534624600258,0.797657947525087
stream,1199,0.9057199901198366,19.93033737388346,0.8151571152747746
stream,1200,0.9072791348225148,20.21445693851659,0.7689780305766366
stream,1201,0.9087399207919205,19.390855238398743,0.751880660882108
stream,1202,0.9101837965718127,17.806398176451054,0.745768062695746
stream,1203,0.9116485656978432,16.738741089775605,0.7457680714394012
stream,1204,0.9131381646008037,12.684861244000643,0.6981917283661155
stream,1205,0.9146010761163577,12.37721898867001,0.6288699024444778
stream,1206,0.9160155367571015,9.865901481982638,0.5922839105862138
stream,1207,0.9173437010396917,10.325485793362686,0.4943605150102678
stream,1208,0.9187187337722823,10.121944606330313,0.4942540804977031
stream,1209,0.9198948071417962,9.9686637356425,0.5339131675326928
stream,1210,0.9210001251983067,7.694205981124845,0.49427084900228396
stream,1211,0.9220599770089463,9.468246065238096,0.4566851862224782
stream,1212,0.9230369204667394,8.937264685931524,0.4182160488043922
stream,1213,0.924021959578659,9.014492155491844,0.4565450792889071
stream,1214,0.9249346920687688,9.226714961224626,0.488286950202368
stream,1215,0.9258027874805937,8.94509100447908,0.48819172041228
stream,1216,0.926584663663059,9.27507212678552,0.6161700035888956
stream,1217,0.9273375304067001,9.692871967350275,0.5748014568667594
stream,1218,0.9280852395615073,8.01104409962867,0.5216542576544944
stream,1219,0.9287799147569219,8.332793373836266,0.4706310037762789
stream,1220,0.9294663717129982,10.288746715037718,0.6440338522354506
stream,1221,0.9300900233292485,10.013471619540667,0.7080650705670702
stream,1222,0.9306643968574743,9.432269134639375,0.7099033325457499
stream,1223,0.931175836991244,10.06171078136842,0.7354429840527755
stream,1224,0.9316298861638734,10.15556632667161,0.7525403547236067
stream,1225,0.9320409765324376,10.73506810679612,0.750679684368016
stream,1226,0.9323926448377339,10.698515763428796,0.7531213928093058
stream,1227,0.9327003868630755,10.375809129672788,0.7476066024200401
stream,1228,0.9329614168301787,10.18712951174101,0.7202510999067292
stream,1229,0.9331431970836661,11.590451191573518,0.7438573107086166
stream,1230,0.9331937423709863,14.46822350857072,0.7559928881066025
stream,1231,0.9331746180608467,14.0309004704213,0.7096626078224235
stream,1232,0.9331629036614681,13.681786867784803,0.7225304398276029
stream,1233,0.9331654590672005,13.685628447273897,0.6769099484366519
stream,1234,0.9331310200895605,13.911109596426503,0.6469895361869983
stream,1235,0.9330932807664166,14.186395371086174,0.6287861281440672
stream,1236,0.9330339140230506,12.782894148991879,0.5099543705532541
stream,1237,0.9331209589743463,14.726094642376367,0.6197124146128201
stream,1238,0.933232013272828,14.650806064855063,0.6623157688874741
stream,1239,0.9333120835389787,14.406468038966548,0.6804743664500106
stream,1240,0.9334217913313899,12.1066409689733,0.5070715194233874
stream,1241,0.9336707225851192,14.589693359060284,0.5162123621978558
stream,1242,0.9339084262366781,14.879054347832785,0.5478085983793175
stream,1243,0.9341226628044855,14.75689106332227,0.5210565159397271
stream,1244,0.9342369196314748,14.66962624434886,0.6195665192333045
stream,1245,0.9342401985805985,17.658877145537254,0.785711380347385
stream,1246,0.9342047221664393,19.703508121386943,0.7795931528541526
stream,1247,0.9341943180128457,22.089489775854968,1.0440816437537261
stream,1248,0.9342014671798891,25.187679790704784,1.543254255784558
stream,1249,0.9342291027511476,23.716189455122937,1.5525576005450028
stream,1250,0.9342385678174991,20.897383144342406,1.5416456520756376
stream,1251,0.9343059341564383,19.734507494215393,1.5415840149734659
stream,1252,0.9343993665200535,20.288082487834355,1.5214247588240606
stream,1253,0.9345036319885878,20.136539966021626,1.5415840623313957
stream,1254,0.9346221891638831,19.83028786960586,1.555044138156917
stream,1255,0.9347799215223388,20.598060648094403,1.6341048021617899
stream,1256,0.9349512907954842,21.013006753202127,1.61824785908985
stream,1257,0.9351237921013196,21.470728387591233,1.5243019153790505
stream,1258,0.9352710870296483,23.47747184761807,1.4434087084441398
stream,1259,0.935412803361877,23.40246682449916,1.4965558695957026
stream,1260,0.9354705917241626,25.695325160515445,1.5804718733428686
stream,1261,0.9354366829544527,23.35903966654079,1.5548762431342535
stream,1262,0.9353823303254276,23.36766688632889,1.5214361450161173
stream,1263,0.9352655389155589,23.233641426186033,1.5226485846923572
stream,1264,0.9351717639679897,23.193424116670016,1.4241385804224773
stream,1265,0.9350582013092332,19.66396420443058,1.2561834587722094
stream,1266,0.9350201230675224,17.772423775778556,1.2579993109111127
stream,1267,0.9349512347220673,16.843653597263888,0.998975195806745
stream,1268,0.9349570950422859,14.260872723844315,0.5168999534704416
stream,1269,0.934885105273088,15.706028979649338,0.4437278882677085
stream,1270,0.9348639923541955,16.594583874228725,0.6722505165338138
stream,1271,0.934874384811189,16.76038245754034,0.7458803620715074
stream,1272,0.9349767719581215,16.084238949509363,0.7568931225056693
stream,1273,0.9350232814588068,16.977233837585132,0.7683581004052596
stream,1274,0.9352086761834627,16.83146646815312,0.7640893584660328
stream,1275,0.935353024204041,16.850782971610567,0.7367001735892179
stream,1276,0.9356886009965735,16.293437165262567,0.794613078031926
stream,1277,0.9361885523048162,13.475205017349534,0.7733534016924442
stream,1278,0.9366652590265646,13.588749535261396,0.8542466643723694
stream,1279,0.9370575497365834,14.598912495158306,0.7780631193476013
stream,1280,0.9375880243263963,14.134609703364156,0.8678243560965623
stream,1281,0.9380641444336482,14.445784451087697,0.9608139700822278
stream,1282,0.9387342807208152,15.451800871426249,1.088825802750165
stream,1283,0.9393225362014507,14.87477224170955,1.1204500413145577
stream,1284,0.9396666925113687,16.633908012932835,1.1763510281010732
stream,1285,0.939998218677751,16.548341530072562,1.3043572563570587
stream,1286,0.9404460362228932,18.134994852532785,1.36657251902492
stream,1287,0.9407786403494601,18.778218250134184,1.6818880448367548
stream,1288,0.9410958996061413,18.41110627685276,1.7928025050798646
stream,1289,0.9413949752551662,16.95880762437189,1.7946183586178408
stream,1290,0.9418444247055562,18.996394916981014,1.668500671756539
stream,1291,0.9422819182156545,19.638647990264815,1.6131190201049073
stream,1292,0.9425835718430976,19.803128295422365,1.7043319970221957
stream,1293,0.9429302641897719,19.162506465330658,1.6727357240139689
stream,1294,0.9432210846562467,19.210249885804643,1.681786968517858
stream,1295,0.9434388456165176,18.879946456821838,1.639267579373499
stream,1296,0.9434454089157697,19.144939669997626,1.602591932686057
stream,1297,0.9433847046196341,19.425894235518903,1.6658404290282582
stream,1298,0.9431616731404061,17.32396256017667,1.5831033048017005
stream,1299,0.9428341482705935,16.32649143276385,1.5678217960248695
stream,1300,0.9424551869745654,16.146560657232655,1.4490068066778021
stream,1301,0.9420344772531024,16.31454626451807,1.4015256162315908
stream,1302,0.941655928338552,15.328164531839978,1.286342393019675
stream,1303,0.9413115737062473,15.532583119360538,1.252907895640381
stream,1304,0.9410213185242221,15.382411883497365,1.220043253366226
stream,1305,0.9408183610141374,16.858731244782156,1.0938472853225873
stream,1306,0.9406733255729403,15.256355959868314,1.085315410210361
stream,1307,0.9404086809719181,15.431346965810793,0.7766878974416723
stream,1308,0.9401266242188482,19.781132823603674,0.6504919206543593
stream,1309,0.9398878826954552,19.803676121986378,0.7419569805993483
stream,1310,0.9396256985930596,17.982824035038522,0.6778419318657178
stream,1311,0.9394801942393167,18.025325393946133,0.7912933788036467
stream,1312,0.9391821697257158,22.347445021244212,1.1151856230371373
stream,1313,0.9388413007421273,22.204076682439194,1.2175905644419411
stream,1314,0.9385666425626874,22.27214890933737,1.1957162682492082
stream,1315,0.9383298004339591,21.319625605014153,1.192056570941433
stream,1316,0.9380502854644167,23.554884900241753,1.2474382792481982
stream,1317,0.9377978089209044,23.649296643810143,1.223832151133746
stream,1318,0.9374382201457182,24.51477101222642,1.232939465514347
stream,1319,0.936764431526793,28.064225068789238,1.2645637016746722
stream,1320,0.9358668349920651,27.450597736556908,1.2279945040965148
stream,1321,0.935056328668072,26.798514792676745,1.1904088453471493
stream,1322,0.9339248855990605,35.16659577864542,1.4794805349409872
stream,1323,0.9330201486468973,35.133451243850516,1.726899470011555
stream,1324,0.9319416550654267,37.12358415259783,1.7695028199981317
stream,1325,0.9311411632935774,36.06155230621014,1.8079494676807217
stream,1326,0.9304932905584208,38.14218833523257,1.8077981748440568
stream,1327,0.9297369600147004,48.17780132287271,1.9630032519133982
stream,1328,0.928865822001997,54.73022474707303,1.961807626213207
stream,1329,0.9276720322573102,70.08950059502509,1.8855400582042123
stream,1330,0.9261399251314092,93.7618328658489,1.885540017867065
stream,1331,0.9241820996493526,116.73845678932896,1.7447331021573504
stream,1332,0.9222275782799966,132.3187805564447,1.320475782640551
stream,1333,0.9206823913365687,152.8026895993617,1.216830401904484
stream,1334,0.9195217677774018,162.12200934827752,1.2997468341590246
stream,1335,0.9191102272142888,180.6637250601294,1.354446690591079
stream,1336,0.9196231207968544,180.32554371921213,1.613560422428825
stream,1337,0.9203693401575269,190.3156604016258,1.6560350141644422
stream,1338,0.9216792983221404,191.07219051963764,1.7877346171526567
stream,1339,0.9234112537631596,188.110045987792,1.7713919151530375
stream,1340,0.925449403708536,187.02505380327977,1.756758556611075
stream,1341,0.9275283464613036,187.34091564580757,1.7048966694210899
stream,1342,0.9297977893116317,183.54951654753782,1.724743918013217
stream,1343,0.9320224490745883,183.39994614859694,1.6051016176759538
stream,1344,0.9341966245955199,183.26122394947103,1.6156454099905206
stream,1345,0.9363618693649173,184.82426212430101,1.5923962205024187
stream,1346,0.9383412537609704,182.9164304243106,1.5540616436912047
stream,1347,0.9400622075978047,171.37128644356665,1.3879446173086014
stream,1348,0.9416265692557798,166.3824728375472,1.4428236803909809
stream,1349,0.9430277978985064,158.9090632783783,1.425815934808803
stream,1350,0.9439602581265419,135.81386380264664,1.468419289083457
stream,1351,0.9445822198559802,113.48141480080808,1.468419289083457
stream,1352,0.9448764292294571,93.51152780497497,1.4920982264846672
stream,1353,0.945028803516296,76.39738024343937,1.5744167236932687
stream,1354,0.9450252567079215,74.7376997197097,1.5250524597486184
stream,1355,0.9448747487056989,58.9306914603068,1.5250524597486184
stream,1356,0.9445056371864263,60.17425848991056,1.1850454182941643
stream,1357,0.9441198264345564,51.16124844475901,1.111415531284295
stream,1358,0.9437634426670284,63.23236623729355,1.218033259880434
stream,1359,0.9436842895043949,64.91107066181625,1.3548947399015367
stream,1360,0.9438772839479967,66.25761804944119,1.3426695530509267
stream,1361,0.9443103481877723,66.33737882164199,1.3451000275157599
stream,1362,0.9448439245572274,64.13257856859647,1.0709288246372437
stream,1363,0.9453403698813596,66.00521788293734,0.944962439975165
stream,1364,0.94578658457067,64.9192307770525,0.8516871850163796
stream,1365,0.9461978270684533,63.71896182493247,0.8407416473064345
stream,1366,0.9465895314782992,63.21069412678339,0.8364841095720196
stream,1367,0.9468956607325871,63.77856953930693,0.8901394908091841
stream,1368,0.9471621047491641,57.73720884872805,0.8747739129895914
stream,1369,0.9473836365381967,52.39142479540493,0.9223447001469788
stream,1370,0.9475712622287729,50.79370035159632,0.8730476942569693
stream,1371,0.9477596463360483,49.18490544786233,0.8767242128526666
stream,1372,0.9479952563281103,49.19013925402007,0.853006063173413
stream,1373,0.9481225212705926,46.314133157770094,0.8341153089355412
stream,1374,0.9482781291675011,38.582879265412146,0.8066253511301495
stream,1375,0.9483352118848084,38.01341849053533,0.8067878000989923
stream,1376,0.9484213234934018,36.40826242089695,1.0350024272568008
stream,1377,0.9484821269432594,35.74442727211479,1.2733197744093914
stream,1378,0.9484955597602643,22.06229014492477,1.026498545752743
stream,1379,0.948459701775888,19.783326990798564,0.8816469647826963
stream,1380,0.9484052569937864,18.62667916120374,0.8816637645895778
stream,1381,0.948329019916322,18.85057220667007,0.8792725018819662
stream,1382,0.9482270154037817,16.158828656416848,0.8444519455832319
stream,1383,0.9481046694398335,14.822227572913022,0.8646111893494693
stream,1384,0.9479562240789114,12.40921841757903,0.891961059465048
stream,1385,0.9477715691931609,11.602628078377835,0.8950621907335019
stream,1386,0.9476045608116326,12.476525450805283,0.9554784198846605
stream,1387,0.9474269541831708,14.543376051741522,0.9554784216410487
stream,1388,0.9472929672838123,14.429767735204168,1.055910832046378
stream,1389,0.9471832455174273,14.511885063853827,1.0910715113985132
stream,1390,0.9471089254059163,14.538249345199802,1.185643353406281
stream,1391,0.9470742215394535,16.620173301113052,1.1947954416974047
stream,1392,0.9470681963777196,16.58944442874521,1.3317240875938199
stream,1393,0.9470894427496187,16.315611105815105,1.2737607208083381
stream,1394,0.9471260020129664,18.908130411375268,1.4219037739543312
stream,1395,0.9471277223916799,19.26176876479612,1.3578781590918543
stream,1396,0.9471330695032542,17.54023317649003,1.2817786136822273
stream,1397,0.9471777852509073,16.91633318167118,1.036169825221879
stream,1398,0.9471811663722812,16.80220372085183,1.0630283437031172
stream,1399,0.947142268136263,16.799942175519707,1.0539210501926448
stream,1400,0.9471090983442743,16.82025743202088,1.059368611390441
stream,1401,0.9470372331714381,16.859697657193472,1.0575079533534828
stream,1402,0.9469818041233121,17.037034420401763,1.0508703788621183
stream,1403,0.9469574680132671,16.589092422454904,1.0288952833446294
stream,1404,0.9470096058134283,16.68352290927383,1.002143228794284
stream,1405,0.9471041617916222,16.697925886916735,0.9966508472644724
stream,1406,0.9471955486674067,16.780246501331884,0.9710551743800844
stream,1407,0.9473781527044077,13.24834608065058,0.9283117643289119
stream,1408,0.9476243285842469,13.36482006672431,0.7883658688570138
stream,1409,0.9478360723657083,11.443104448999316,0.7276039296304506
stream,1410,0.9480622072793726,11.36853071927738,0.6001954423394553
stream,1411,0.9482610674646486,9.476941368006239,0.5934850477030932
stream,1412,0.9484688589820169,9.41999290237954,0.45655640226053235
stream,1413,0.948699011146008,9.097707674842663,0.4566068010279707
stream,1414,0.9488537288102529,6.580345966333497,0.304239804981887
stream,1415,0.949019296180918,5.616081084617375,0.3518105868717398
stream,1416,0.9492265680131328,5.535406992702589,0.23129173282300053
stream,1417,0.9494549820595726,6.252974270127841,0.2770522660103653
stream,1418,0.9496830093446315,6.974454953929552,0.2532668627942519
stream,1419,0.949942129406705,7.847235992439045,0.34635171563589007
stream,1420,0.9500760637698424,11.484106276082443,0.7028468705867292
stream,1421,0.9502119202736672,11.269765280958497,0.7484673110104786
stream,1422,0.9503563720649667,11.752700468688019,0.7460256054933493
stream,1423,0.9505130416868475,12.658263996967577,0.747869474125319
stream,1424,0.9506111360110946,15.77069700234774,0.7747279928003826
stream,1425,0.9507597158084831,15.770234071119955,0.898833693491248
stream,1426,0.9509488672184833,14.833550601363187,0.8640859354951171
stream,1427,0.9511861784281432,14.834962035720075,0.8574483140031732
stream,1428,0.9514182269842856,14.79132633881953,0.8659970000038176
stream,1429,0.9517152382476076,14.369784374972271,0.865901801190606
stream,1430,0.9520237222916759,14.337693483504683,0.8781270161242861
stream,1431,0.9523036919531963,14.61391505378262,0.9122713536893776
stream,1432,0.9525439785507426,17.521434820380595,0.9421917673053768
stream,1433,0.9527128101580213,19.487011784579316,0.9360735697472791
stream,1434,0.9528963245125724,20.16874049421391,1.0881886537671226
stream,1435,0.9529686552968437,19.017949865908598,1.1448611992281388
stream,1436,0.9530208675250949,19.58411265091006,1.1132649633729081
stream,1437,0.9530981927399493,19.97181534555671,1.193470742593183
stream,1438,0.9531575387458251,19.219228021005982,1.2117693382370096
stream,1439,0.953167808883242,19.147456518914236,1.1522421803639025
stream,1440,0.9529830980674739,17.91652565446322,0.8116543988482855
stream,1441,0.9529606385535816,18.866951437834476,1.0472443933057967
stream,1442,0.9527855714314987,20.083477531534868,1.2909925271717184
stream,1443,0.9526266271798319,18.983362057011252,1.3718858389324666
stream,1444,0.9525118477927053,15.731568996567445,1.3480612120943531
stream,1445,0.9524984625986045,16.28099590175555,1.2537190773406282
stream,1446,0.9525950370405312,16.365805440698516,1.2427343066452747
stream,1447,0.9527269186013598,16.431371581098492,1.2384319467961398
stream,1448,0.9528253442957865,16.418293468804134,1.2298664556907435
stream,1449,0.9529304150065323,16.285872059849776,1.2116630599664446
stream,1450,0.9531927642403025,18.560137227869117,1.3266166605325092
stream,1451,0.9533907374785499,18.097383838625678,1.3796350224770118
stream,1452,0.9535795871186451,15.394466493841652,1.3679571872511962
stream,1453,0.9537207038523378,16.05499993820437,1.5660343509705301
stream,1454,0.9539303957000671,15.358274466412883,1.5398576314154866
stream,1455,0.9541302653529192,17.041713566926546,1.5636206051947763
stream,1456,0.9544401828723208,16.4802271073219,1.634775157883448
stream,1457,0.9548575778039139,15.31396864375162,1.5069929933369055
stream,1458,0.9552556305937018,15.327042427213815,1.4868617446090346
stream,1459,0.955591054508002,15.612473055789707,1.4752791452856162
stream,1460,0.9558909407877823,14.285299123094926,1.4533039865812234
stream,1461,0.9561594846022675,13.385563425630934,1.1793850031488402
stream,1462,0.9563996953501321,12.748300209980847,0.9411292738212096
stream,1463,0.9566667054534008,12.74769927861081,0.9058284381946764
stream,1464,0.9569620892818318,12.775481140546304,0.9058284499948791
stream,1465,0.9572590984278376,12.229412393409993,0.8742042054147188
stream,1466,0.9575135715816288,12.524873459246969,0.878428143178803
stream,1467,0.9577082131233167,12.429542768882863,0.8985874179218958
stream,1468,0.9579189641309971,14.080823714377404,0.9709824082540364
stream,1469,0.9581261902248426,14.522402306992303,0.9844032727116148
stream,1470,0.958354251881294,14.677599654756186,0.8785009693052196
stream,1471,0.9585715762025072,18.27607679762504,0.7888573766376991
stream,1472,0.9587502555000857,18.445493543347503,0.8072400285166792
stream,1473,0.9588237841940508,23.569189127519092,0.8069543425921278
stream,1474,0.9588178086009208,25.803982109086846,0.7194346181929295
stream,1475,0.9587618914266599,26.907660711575776,0.597490495972171
stream,1476,0.9585316101218132,41.95524963862109,0.7070637596862884
stream,1477,0.958132012080025,52.145189865114695,0.713181971936747
stream,1478,0.9577255435059162,52.15312629275337,0.9764299021060621
stream,1479,0.9570790492251338,57.72455141179183,1.2758381245962074
stream,1480,0.9562126878082045,59.50587028289818,1.2776819790575025
stream,1481,0.9551488466338304,64.73579180562487,1.2959301370556104
stream,1482,0.9539998075404433,64.45258488398626,1.3203189589463755
stream,1483,0.952769964459311,67.07259007568389,1.300238117438468
stream,1484,0.9514631662402341,73.69759414109096,1.3519488399196073
stream,1485,0.9501631422114464,74.26018751429751,1.4330549641492727
stream,1486,0.9486104555233786,82.68935118899029,1.6406075465283134
stream,1487,0.9471022777522646,84.9361753012025,1.6826634857304765
stream,1488,0.9454656017839842,90.69065818448273,1.6735336933826603
stream,1489,0.9440922052184305,91.3460330800102,1.760685102035777
stream,1490,0.9425756487575417,89.6334305234138,1.7406490429890045
stream,1491,0.9411148169872267,87.9938459293378,1.74976755536482
stream,1492,0.9399390002160529,87.60616628752885,1.8027859764969074
stream,1493,0.9389215319842688,80.86822580766281,1.6524308858545966
stream,1494,0.9379985768040615,80.04514988664718,1.612771792283779
stream,1495,0.9369919267867153,77.90281111340326,1.6085478717780999
stream,1496,0.9359176094181926,66.79423758007795,1.4661099058891374
stream,1497,0.9350824871072906,56.64005413926969,1.553272666862762
stream,1498,0.9349019863124736,56.59116429646217,1.288186457032042
stream,1499,0.934878667813489,51.789613554419105,1.0495402636720919
stream,1500,0.9351097382504283,48.99245795318741,1.0538146248432498
stream,1501,0.9352444052326366,44.257143040857926,1.0355664675590248
stream,1502,0.9354547853821726,43.36233057187024,1.019106129768547
stream,1503,0.9356112608082904,40.75252641999182,0.9923540420956625
stream,1504,0.9362852034037842,35.0974381256963,0.9772685488411815
stream,1505,0.9371497236243992,34.97180707339182,0.9344803226934504
stream,1506,0.9381246092506104,26.219221608203025,0.7269277245499708
stream,1507,0.9391484326893457,23.990945928479768,0.6665731778415936
stream,1508,0.9403025665265536,17.270319854929635,0.6428382715225579
stream,1509,0.9411993415857196,16.017594276655892,0.5556868365092634
stream,1510,0.9421489365282448,16.395321048899973,0.5941055176290319
stream,1511,0.9428693158636675,15.798060272491865,0.7949700661913406
stream,1512,0.9435213340199305,19.53860728742164,1.0435397701335758
stream,1513,0.9439453023659501,18.853706895792104,1.043539727910031
stream,1514,0.9441701624067682,18.279299171524247,1.0466128302064528
stream,1515,0.9442214755333471,20.194672561656397,1.0667441253150893
stream,1516,0.9440709014950805,17.03859594865685,1.0600505106564937
stream,1517,0.9438235893283173,16.997133585415668,0.9941250419884395
stream,1518,0.9435178082857498,18.295664491781903,1.034381995131469
stream,1519,0.9431084057193575,16.597234116580026,0.9607521638666338
stream,1520,0.9424212858169032,23.313634642701924,1.1374801048164709
stream,1521,0.9415090834417446,24.862882330730045,1.1758091807724966
stream,1522,0.9403868018021215,27.313668632041924,1.1647795818844675
stream,1523,0.9390624210675714,27.742582592742288,1.2195242095629313
stream,1524,0.9376151341755115,27.667324936052346,1.1853798887369729
stream,1525,0.9360828900675097,27.794349109214533,1.1458495597224738
stream,1526,0.9344965933936091,29.324093770356374,1.1458999742567417
stream,1527,0.9330066840061229,31.495571034236455,1.1458999984377813
stream,1528,0.9317255131918829,30.89061664835127,1.221373797569839
stream,1529,0.9308129733707914,30.897571750589364,1.2171050828370793
stream,1530,0.9303153441449704,29.798869311932517,1.1859498271820723
stream,1531,0.9298670723328966,31.19690486803125,1.0881552876948606
stream,1532,0.9296695421537607,28.073521602283286,0.7937409576349846
stream,1533,0.929788313609786,27.771074716754896,0.7590604467412151
stream,1534,0.9297737104106362,28.358698168173476,0.7956465188190364
stream,1535,0.9300393351843023,30.942792677476508,1.2728439738683683
stream,1536,0.9302695142589951,30.16008911762578,1.3802107931828587
stream,1537,0.930455598898821,30.20420295802855,1.3546991488405917
stream,1538,0.930666905010605,29.024987753575406,1.3150400133717117
stream,1539,0.9307806322244389,28.92672496123869,1.3120005164089297
stream,1540,0.9307706749278746,22.29080526007299,1.1625944609678116
stream,1541,0.9305137023354969,19.827045766828647,1.1371331977421262
stream,1542,0.9299454706622845,17.820101572798777,1.1329092702802612
stream,1543,0.9292051253585699,17.390603356785807,1.1049167302746818
stream,1544,0.9284427473035427,17.306940025528338,1.1322386005406275
stream,1545,0.9276948913280146,18.579486487165354,1.1407424731047893
stream,1546,0.9269940895842229,17.873825068826395,1.1364681453791263
stream,1547,0.9263718834906023,16.046691286612155,1.1334118175376744
stream,1548,0.925744154693663,15.905268517180264,1.0306329592905104
stream,1549,0.9250745132121334,16.03144910700943,1.0196481652253022
stream,1550,0.924386173748146,16.0512410887137,1.0105464710211078
stream,1551,0.9236310665207714,13.571872099982507,0.9075492610605481
stream,1552,0.9229759064345618,12.96449174954487,0.8819928141671217
stream,1553,0.9224157377045621,13.947449640685015,0.9027946794922855
stream,1554,0.921902160869033,13.87010913748344,0.8631523097681758
stream,1555,0.9214672338949367,8.63427296883713,0.38585959733301506
stream,1556,0.9211176750631807,9.312523552022038,0.2578813130524738
stream,1557,0.9209039286938538,9.264675124391552,0.27791738058126536
stream,1558,0.9207714057403612,9.19005209108367,0.28338174604154437
stream,1559,0.9206957295988452,9.142501901740257,0.277313949493854
stream,1560,0.9206487786865357,9.355595790102102,0.2609712187938009
stream,1561,0.9207435014569653,10.770633043208473,0.37956205833090856
stream,1562,0.9208691045356245,10.307303000043145,0.4417493041156597
stream,1563,0.9210578044839977,11.219724997600334,0.47826251951294646
stream,1564,0.9213276643235006,11.29301171994941,0.44663827356883223
stream,1565,0.9216728135798361,12.674682860388957,0.4709710778813496
stream,1566,0.9219593765051644,12.749135336193953,0.48622457819729775
stream,1567,0.9222172431183837,13.902655371767684,0.49471165625242797
stream,1568,0.9224846034268603,15.46765722886578,0.4824864186627769
stream,1569,0.9227550241703584,15.783916818285533,0.48676075545671876
stream,1570,0.922988111567204,15.845532048796771,0.48737538109518524
stream,1571,0.9231510946995207,17.667219620947233,0.547545159712915
stream,1572,0.9232934429397678,17.65353140604893,0.6085872378210739
stream,1573,0.9234692073852828,17.23534857363225,0.6023850755881986
stream,1574,0.9236729645509485,17.78828438296182,0.6291203238668207
stream,1575,0.9240002258352211,17.475207334663068,0.6548168535422477
stream,1576,0.9243854159131563,21.9497569603617,0.8099490231935171
stream,1577,0.9247907693538862,21.983605313020096,1.0019863647646936
stream,1578,0.9253007205650333,22.06587164558101,1.0086743929884086
stream,1579,0.9258296206160024,22.17359304899578,1.0257717874478252
stream,1580,0.9263160681638868,21.610417850867748,1.0177817331102
stream,1581,0.9266998189876227,22.340718688666133,0.9704967413453361
stream,1582,0.9272099094389943,22.35193171810437,1.0342478576875205
stream,1583,0.9276939667699978,23.724210589806574,1.0746280055611022
stream,1584,0.9282095245406886,22.838063547197873,1.1555492784575343
stream,1585,0.9287018639639862,19.840704447144105,1.1439891084409102
stream,1586,0.9291228719044742,20.228683627671575,1.2427176484574187
stream,1587,0.9295025524336257,20.765652615761187,1.239728551432203
stream,1588,0.9298775032098261,19.808228074300125,1.261005034629668
stream,1589,0.9301412192925145,20.21906596343094,1.2548924376445159
stream,1590,0.9302958787347374,20.346542588710626,1.2670280435180479
stream,1591,0.930350242389605,21.56222265333441,1.2416060635558055
stream,1592,0.9303723382588026,21.71471299014378,1.2627256941649614
stream,1593,0.9303672720796111,21.45722347789861,1.2390466654937573
stream,1594,0.9303573306238628,20.79049133136785,1.2178094248014648
stream,1595,0.9303586230110147,21.73043364006169,1.1738703171897082
stream,1596,0.9303722047502575,16.648047249613125,1.0277894416439683
stream,1597,0.9303928591444437,18.119848868154563,0.8868705291662055
stream,1598,0.9304099227352867,18.19994191926588,0.9570366377302817
stream,1599,0.9304173536153801,18.08224052436477,0.9435765497192996
stream,1600,0.9304190298297863,18.63373580979376,0.9679093729476983
stream,1601,0.9303898985446519,16.42613426092032,0.8837973310509254
stream,1602,0.930294076584654,17.096824942455285,0.7894552344879201
stream,1603,0.9302092575199343,15.30360497845776,0.8010322718502524
stream,1604,0.930071300913727,16.85434231869894,0.8722540157072141
stream,1605,0.9298736615601781,17.54280875818278,0.8522179478521913
stream,1606,0.9296051700485951,16.23528803121565,0.7699497719863385
stream,1607,0.9294058025535489,14.182082284761698,0.7674688828572234
stream,1608,0.9291468335024087,17.99628137844376,0.9281607403633663
stream,1609,0.9289106609084699,18.059236615432177,0.9757315679528116
stream,1610,0.92855586472841,20.510007064208367,0.9799890792616114
stream,1611,0.9280138292151703,19.98455254124877,0.9324182481921199
stream,1612,0.9276032360820717,19.834244311493553,0.9216576124858729
stream,1613,0.9270670812096267,20.547717778016626,0.9514212021477673
stream,1614,0.9268173442218649,20.411540541291995,1.113526892419889
stream,1615,0.926602741639449,19.868550449675876,1.2254969472590367
stream,1616,0.9262899189221693,19.79320598115623,1.209735233388533
stream,1617,0.9260033101884327,18.320137273998306,1.1367424765089145
stream,1618,0.9256509443142529,18.124209432309595,1.062927851150592
stream,1619,0.9252812252260473,18.15985885454548,1.0592961446561155
stream,1620,0.9251198515470276,18.43326267089509,1.031974205127662
stream,1621,0.9251087003836991,21.060388477036692,1.0289235012935838
stream,1622,0.9250011205961003,20.379195548383965,1.0885682831589751
stream,1623,0.9250054348925527,21.252869084978208,1.0063000768410937
stream,1624,0.9247929869398558,19.676654020664493,0.8997775108791063
stream,1625,0.9245650291004889,19.944740627075117,0.9253955529774089
stream,1626,0.9241935364900778,20.472372945098044,1.0324038630390606
stream,1627,0.9239521949363416,21.67714843187821,1.1330154199332296
stream,1628,0.923614624124396,17.356214372736076,0.9777991321583771
stream,1629,0.9232786942127243,16.441170056503722,0.9338600240927662
stream,1630,0.9229970820444554,13.924073144259157,0.9174669018087824
stream,1631,0.9227758898028673,11.666725715176543,0.9193051641798954
stream,1632,0.9226326424613183,12.400287733523962,0.8266444188270733
stream,1633,0.9225762277255943,12.261657191144327,0.7938245431212296
stream,1634,0.9224345124463338,11.780547414353428,0.6262040454582878
stream,1635,0.9224359157407392,11.848615155771265,0.5166644525060753
stream,1636,0.9222965096004755,12.1600504629356,0.6036311550191575
stream,1637,0.9222050206214489,12.204931557786914,0.6207229494584132
stream,1638,0.9220617069354317,12.198307663988507,0.6207229694471351
stream,1639,0.9218183501340177,12.233535171049,0.6298246437288307
stream,1640,0.921605015882397,11.49748755186391,0.6328137600288859
stream,1641,0.9213861330021902,9.743322794624195,0.6540510025413783
stream,1642,0.9210217175262764,14.214648681774701,0.624834802925408
stream,1643,0.9205917549658286,14.17214141982279,0.6083744733234264
stream,1644,0.920116287026184,14.47009242315351,0.5701070827048518
stream,1645,0.9196888919279899,14.17048792534905,0.5554009894021456
stream,1646,0.9191894475058237,14.666528071593914,0.41847226572449464
stream,1647,0.918629442793616,14.409107221656962,0.31422339987889475
stream,1648,0.917955677780865,16.522131023028084,0.31422343319525864
stream,1649,0.9173029803554601,17.405941460046527,0.3124299826708858
stream,1650,0.9165596417759017,17.481249668417377,0.3118153603466028
stream,1651,0.9159173033065889,17.094046043772913,0.31603928110991836
stream,1652,0.915154921823097,17.96114644859874,0.3427745588371924
stream,1653,0.9145636245353606,17.626212480662076,0.34583085674350916
stream,1654,0.9140819498776681,16.978587335041368,0.35134564830529513
stream,1655,0.9134852873036162,18.512148792136053,0.3927142112481152
stream,1656,0.9127444721401132,18.810614805602683,0.3167266660825642
stream,1657,0.9119426116509499,18.900043482645323,0.3033058021450431
stream,1658,0.9110044499872241,23.400654762526734,0.3872834013267699
stream,1659,0.9100960669217131,23.330141255879415,0.5610222771686788
stream,1660,0.909201746321899,23.772472873001767,0.5689283335199274
stream,1661,0.9083545557655198,23.053899966337692,0.5476910757646616
stream,1662,0.907633696106678,19.12202226134176,0.4844257798117957
stream,1663,0.907010016262285,18.61362677873598,0.46732840839437395
stream,1664,0.9063514924153794,18.99528218068664,0.45815949640647885
stream,1665,0.9058278518037872,18.60352662876514,0.5009029748403753
stream,1666,0.9052113798537723,18.58169837519658,0.6512246028138265
stream,1667,0.9045268344675915,17.89612635530332,0.6530684731687096
stream,1668,0.9038918710766066,16.6027369658747,0.6475928977191883
stream,1669,0.9032449920973467,18.391659358150118,0.6791891278203065
stream,1670,0.9027045784720735,18.11138434443774,0.7724645051519554
stream,1671,0.9021588454408185,20.42112798734492,0.8594816402999815
stream,1672,0.9016377490028027,20.317087454057855,0.8339699975178855
stream,1673,0.9011011027371978,21.852677161714034,0.8339307866683715
stream,1674,0.9005765188543391,22.960499882805713,0.8296564346316748
stream,1675,0.900174440353901,20.95722018922145,0.815777822964064
stream,1676,0.8998502862101108,20.392494907041993,0.8077877473989946
stream,1677,0.8997024802054189,20.225711940577987,0.80471463782341
stream,1678,0.8997223725157137,15.720564191722536,0.7134455777352471
stream,1679,0.8998413868347648,15.752099866457206,0.5312028433707012
stream,1680,0.9000789958177673,15.528074889625762,0.5312028433707012
stream,1681,0.9005244633632682,18.723502927116062,0.7231617864835463
stream,1682,0.9010730921871684,18.154475423822717,0.8265999674467968
stream,1683,0.9016444985333056,18.780003018017847,0.854061904959234
stream,1684,0.9022204738586491,19.174359631855253,0.8576992245056204
stream,1685,0.9025858321353002,22.995091363943583,0.8357576705509825
stream,1686,0.9027503840562666,23.899916528258775,0.709154226353234
stream,1687,0.9025831226472802,28.2134922923849,0.729285512979851
stream,1688,0.9022157850877381,27.37104987777115,0.8230130270667475
stream,1689,0.9016983051870693,31.148998812284134,0.9876500899400372
stream,1690,0.9011113893008723,33.25005923515422,0.9418054608934869
stream,1691,0.9004895842906213,33.63172893857019,0.8523970753564812
stream,1692,0.8998766168163321,33.89263231642656,0.8566210113003664
stream,1693,0.8993834231559433,36.18772593129467,0.8804456043036861
stream,1694,0.8988691065613508,37.75192256080574,0.9004816420264941
stream,1695,0.8985108843350667,43.075580345552275,0.873042105285553
stream,1696,0.8984683298899002,44.9859423513101,0.8973748727713248
stream,1697,0.8986024468636811,49.294835830831786,0.9004479704845231
stream,1698,0.8989816322048353,54.033111874309604,0.8992355393581322
stream,1699,0.8996908091726862,54.19330488485906,1.039198094286095
stream,1700,0.9005493874531262,55.335247983979784,1.0283029374638053
stream,1701,0.9016649762044351,52.05341425869364,0.9342674512601546
stream,1702,0.9028907214252682,52.071095772068695,0.8320697093019365
stream,1703,0.9039971358094152,50.649424916927174,0.8052111906268729
stream,1704,0.9049389570795755,50.22583597904727,0.8076920833309452
stream,1705,0.9058317452991317,45.916165297623174,0.8215706966225383
stream,1706,0.906638543249259,44.52460823784938,0.811312535952021
stream,1707,0.9073644161141373,40.010672349160686,0.8367736799881292
stream,1708,0.9082817364088004,44.862323788320325,0.8489485476703669
stream,1709,0.9093098359267426,38.42422945429915,0.7788833606093405
stream,1710,0.9101383014492488,36.6092048417028,0.7534221097366626
stream,1711,0.9109534772652145,34.70164829321677,0.8324826435007361
stream,1712,0.9115972972412429,33.06588531110485,0.8995868540370137
stream,1713,0.9121587888084668,31.899761338146917,1.0699164260452139
stream,1714,0.912413259526172,29.656435610744705,1.088299076427834
stream,1715,0.9121397209948313,25.022456148833392,1.1553528890429616
stream,1716,0.9113240333873212,23.080853771391414,1.1553528890429616
stream,1717,0.909917138970711,19.16458462238282,1.1645049790266606
stream,1718,0.9080447529650076,14.565970416757363,1.1699693402251645
stream,1719,0.9059477367119677,16.217182701811126,1.0568652716338307
stream,1720,0.9037066208638699,15.666983656590235,1.063502868910396
stream,1721,0.9014341636443224,16.650949034433538,0.9630985188432749
stream,1722,0.8991121136081665,16.655134895365794,1.0086910037857406
stream,1723,0.896936414084214,16.969411738721835,1.0099314485441233
stream,1724,0.894699431039878,17.060547226421207,1.0044334567868283
stream,1725,0.8925638175026567,17.066875905631775,0.9843525803385739
stream,1726,0.8905084161932475,17.822782905666486,1.0008129353244106
stream,1727,0.8885963392994141,18.38243149182892,0.9570139437120867
stream,1728,0.886875280073046,13.434067824653276,0.856587137392474
stream,1729,0.8853943929406017,13.996048709320894,0.7560370965875218
stream,1730,0.8841546562477199,13.799515902313807,0.7510753700789693
stream,1731,0.883246315826588,13.464770017484033,0.7512602814452953
stream,1732,0.8823588191339002,13.345555112894186,0.7054437777472286
stream,1733,0.8818170001851128,12.199371466756297,0.563000299205288
stream,1734,0.881341301523296,13.336228405594513,0.7701622914071042
stream,1735,0.8811482457525656,13.597583999847453,0.9617514950913115
stream,1736,0.8810256480384981,15.088198526386927,1.0441372062175498
stream,1737,0.8812053397671772,16.740983062610482,1.0313141993819912
stream,1738,0.8812050234716777,17.61739712973273,1.3271468335551004
stream,1739,0.8811573657427364,16.85131612214899,1.4155108405975052
stream,1740,0.8811184722244827,16.073513873840003,1.5067967002301341
stream,1741,0.8809627130028165,15.812673393487998,1.5586586225885288
stream,1742,0.8806684460169586,16.18121923218641,1.6268296525979213
stream,1743,0.8805190535864318,16.6201027274436,1.6804850338350856
stream,1744,0.8804037529301859,16.408167378505766,1.6804682287973016
stream,1745,0.8801443133219057,16.41170775319744,1.6701261298121484
stream,1746,0.8798308287737575,15.125559867078234,1.6365740321972913
stream,1747,0.8794627518440703,14.873483065165225,1.63478059314689
stream,1748,0.879205781077998,16.71638635603748,1.611062410605127
stream,1749,0.8789609062087573,16.30712781350225,1.8483617850510659
stream,1750,0.8787110789204372,16.294410118805768,1.831354014147198
stream,1751,0.8785356857723601,16.25854047123625,1.7886946283197418
stream,1752,0.8783336976849223,17.27945722192645,1.8653807965613745
stream,1753,0.878146771152813,15.596086827908335,1.832007958774328
stream,1754,0.877936413459511,14.146096517356096,1.585203638746485
stream,1755,0.8778683047986922,13.223361996485469,1.3204480241945855
stream,1756,0.8776335934865839,11.823215534697386,1.2137295263077565
stream,1757,0.8774596656707809,9.7891567686458,1.2173612436564512
stream,1758,0.8773395735105824,8.966261080977997,0.9160642434391955
stream,1759,0.8773398225790793,7.910716052724876,0.8039148534628994
stream,1760,0.8771491896953769,10.619911547999362,0.8154805566085533
stream,1761,0.8770787145129181,9.837335518412994,0.8240124280779894
stream,1762,0.8772056919526586,9.58949886049687,0.7175739659427698
stream,1763,0.8774300125115608,12.146722044082372,0.7553556339754507
stream,1764,0.8776793147992376,11.617498767009721,0.8825344496690204
stream,1765,0.8778024051921691,13.176253810254485,0.9385194354844161
stream,1766,0.8779701670502705,13.487923931469712,0.9476827281103642
stream,1767,0.8780729628161956,14.390122967497208,0.9585946461564059
stream,1768,0.8780433229192908,12.601362602323494,0.9769324232976363
stream,1769,0.8781248089205309,12.42881744411548,0.7127913403160698
stream,1770,0.8782887237117564,12.350672692564679,0.7127857420833775
stream,1771,0.8785157600342469,11.867269531375426,0.6944030498026746
stream,1772,0.8787192241346662,12.02851051633755,0.607374721990011
stream,1773,0.8787356169626556,14.166990835385967,0.5860029864437938
stream,1774,0.8786785092399207,14.363600814031994,0.6256453157661805
stream,1775,0.8784304857681486,15.092545186653771,0.6293162489678755
stream,1776,0.8782192301045619,15.230511091408813,0.7244578389825327
stream,1777,0.8781215363388846,16.489785959200184,0.7683969052162684
stream,1778,0.8778365902976655,17.339857197826646,0.908359529803165
stream,1779,0.877667820078558,18.421010009908365,1.0454899236644344
stream,1780,0.8774392373575075,15.564459663711563,0.9633226491183051
stream,1781,0.8771128340009038,15.657674870113102,0.9084604481858377
stream,1782,0.8766918186412681,15.6901274392709,0.9327316700676119
stream,1783,0.8762401343212894,12.939185718749076,0.9034819772565227
stream,1784,0.8757471507150009,12.938730878060575,0.7884555784198186
stream,1785,0.8752191273029449,12.022729539042064,0.7628936086373939
stream,1786,0.8746603274526882,11.721729671902324,0.8366467499872718
stream,1787,0.8740485820373975,11.683960125259752,0.8793902046963752
stream,1788,0.8734780051096477,13.148256323102041,1.0399867785832329
stream,1789,0.8728962324447597,13.138331048558014,1.086942980600415
stream,1790,0.8724173985412386,13.24728101149032,1.0930107771481052
stream,1791,0.8719951278041519,13.107378733517201,1.0748073978072323
stream,1792,0.8716688458484132,11.927919224435678,1.0577996539463204
stream,1793,0.8713304554594683,9.432739459130088,1.0608335394484438
stream,1794,0.8710667649177843,9.544402591891885,1.0541286845376123
stream,1795,0.8708709662987784,8.848200913781849,1.05955944732758
stream,1796,0.8708138275806715,12.341843189087045,1.1531020525846172
stream,1797,0.8706084903116534,11.148427885653518,1.2463325046660059
stream,1798,0.8704772021580318,10.316402492607486,1.1063698798852841
stream,1799,0.8705037908438147,15.398091194860875,1.0811703392773793
