segment,end_index,PW_WTC,E_CCDC,CD2_P
stream,0,,,
stream,1,,,
stream,2,,,
stream,3,,,
stream,4,,,
stream,5,,,
stream,6,,,
stream,7,,,
stream,8,,,
stream,9,,,
stream,10,,,
stream,11,,,
stream,12,,,
stream,13,,,
stream,14,,,
stream,15,,,
stream,16,,,
stream,17,,,
stream,18,,,
stream,19,,,
stream,20,,44.88058914501267,
stream,21,,46.99699324145926,0.8744176992731543
stream,22,,46.39631055763196,0.8841396044284934
stream,23,,46.219678431508186,0.8822453214722689
stream,24,,46.36733570121093,0.8822453214722688
stream,25,,46.339825336095835,0.8699263964307119
stream,26,,46.343748174991916,0.8744400591239783
stream,27,,45.33485624664528,0.8273886592731524
stream,28,,45.47170347042996,0.7945912191855753
stream,29,,43.511737207717715,0.7609830856672071
stream,30,,40.780510362820465,0.7720350953115321
stream,31,,37.80077571259443,0.7841034914885533
stream,32,,32.858251541813004,0.7748561590678463
stream,33,,29.712063050436623,1.1192295660832008
stream,34,,29.02561120450953,1.1204171678301762
stream,35,,29.27316742707226,1.0967997748308662
stream,36,,23.78150092726806,1.0296955020065668
stream,37,,19.66459197528072,1.106163236406119
stream,38,,14.871757204150764,1.1233950661013985
stream,39,,14.140655518946032,1.0727078425123646
stream,40,,15.476067287701891,1.093795471891423
stream,41,,14.026355694785645,1.0844361321831624
stream,42,,16.384627466236367,1.0149141581635401
stream,43,,20.489901787724797,1.0241838962603103
stream,44,,20.359332553441433,1.1911043749089607
stream,45,,21.371366368189218,1.1764207134245386
stream,46,,21.87479077863148,1.181879514526159
stream,47,,21.150603534560393,1.17064828387667
stream,48,,21.05615504219082,1.134286258434162
stream,49,,23.056275831916327,1.1856007128556998
stream,50,,22.348607906808002,1.3128675130891967
stream,51,,22.878763231718516,1.3334845623044405
stream,52,,24.24200982029506,1.3461171433683166
stream,53,,18.390351331643455,1.0579528099215185
stream,54,,18.464859981656847,0.8913766197750795
stream,55,,23.062321900855075,1.0699580856469413
stream,56,,23.238000126963822,0.9759224611049688
stream,57,,25.25465983986626,0.9061091310470555
stream,58,,25.23839967658472,0.953160531807981
stream,59,,28.024176560755766,1.043953491389168
stream,60,,26.556664073108244,1.178838256002513
stream,61,,25.767484758065518,1.177033589818795
stream,62,,23.552941802633203,1.1858328037142039
stream,63,,19.71286433897494,1.2243579088157106
stream,64,,19.918954397711246,1.06052734834289
stream,65,,18.64384265847672,1.0605273262461117
stream,66,,22.95790557976226,1.0976062896691872
stream,67,,24.593016020191996,1.1552391548748953
stream,68,,25.684745350199837,1.3490237359768533
stream,69,,23.66787218795387,1.3233777582783481
stream,70,,23.903631415569492,1.1849469197095257
stream,71,,25.01199656144589,1.1734203567066142
stream,72,,23.87441209376612,1.1828917625595663
stream,73,,24.795197272024666,1.1112331404193345
stream,74,,24.94585189327583,1.069640489594631
stream,75,,21.76307749289974,0.89347269705709
stream,76,,20.766117172080346,0.9191411759999311
stream,77,,18.867126243031752,0.9336904575234741
stream,78,,19.85189487688899,0.9739754353833106
stream,79,,17.14200797677684,0.9429826439916533
stream,80,,17.371970158174978,0.777942160426121
stream,81,,17.313162261162834,0.7761599063589664
stream,82,,17.210991055304937,0.7580013185519597
stream,83,,16.976025138780546,0.710206475293459
stream,84,,17.18398123439407,0.7124633092460269
stream,85,,16.833532889181626,0.7014113225483566
stream,86,,12.176737762921642,0.6371280920921516
stream,87,,14.978939929794624,0.6662938139795254
stream,88,,14.048837637616334,0.5521299956936075
stream,89,,14.199687005291263,0.5080789034906913
stream,90,,15.038118023332952,0.5098835792217615
stream,91,,13.209129809781329,0.5157680613889122
stream,92,,12.46176059390607,0.49964223610702213
stream,93,,12.289070566013283,0.6131481447820324
stream,94,,13.451095945567353,0.7615432723437103
stream,95,,12.534383355593828,0.7591295868521917
stream,96,,13.644419431477266,0.7150784941894421
stream,97,,13.4125944503395,0.6896564799328908
stream,98,,12.577855700896144,0.6487217330080336
stream,99,,12.399592985823386,0.5778696096427587
stream,100,,12.491449404768781,0.6075548086897107
stream,101,,14.62466093907295,0.6202097719612228
stream,102,,14.649713571969597,0.6503654043295662
stream,103,,14.624634988146939,0.6510192402542264
stream,104,,14.750530577726103,0.6782907545897459
stream,105,,14.591868428389978,0.6825987148409393
stream,106,,15.487399573751903,0.7043441807724485
stream,107,,11.429779329353009,0.6177472134000556
stream,108,,11.721151036636877,0.5363218117748061
stream,109,,12.054922164124347,0.5343603160960846
stream,110,,11.88011170650849,0.5397966711456794
stream,111,,12.593187096336967,0.5121666932174473
stream,112,,13.9137227653033,0.5151894013369299
stream,113,,14.268555512703124,0.40348813530174243
stream,114,,13.997730220629085,0.2488907762435061
stream,115,,15.68741432520523,0.26219962205237235
stream,116,,14.628737682124653,0.33189685603394525
stream,117,,14.230996889896879,0.33070122041473066
stream,118,,14.075123276562218,0.26709016288507204
stream,119,,17.107988699247493,0.3813579360077848
stream,120,,17.40819933277541,0.6306081264007473
stream,121,,15.566552539627413,0.6736876650730604
stream,122,,16.596625615460425,0.6528913845195365
stream,123,,18.313038734588268,0.654019802662031
stream,124,,18.59417609604523,0.6225299429617799
stream,125,,18.557549983885426,0.6199146288501206
stream,126,,20.064428188621424,0.6539037088016055
stream,127,,19.687920303593433,0.7301698099533219
stream,128,,21.11681436269795,0.7616595851465002
stream,129,,20.711261205955825,0.8430849784451855
stream,130,,21.721236902719,1.00163601122296
stream,131,,21.03837045524703,1.0237624050462037
stream,132,,19.980488136570077,1.0625339695540743
stream,133,,18.711153251679356,1.0716020818155652
stream,134,,19.807179168126755,1.2537702891556513
stream,135,,17.304498459366823,1.2645044578724904
stream,136,,17.235536016084957,1.1928457120189202
stream,137,,18.14435577639797,1.2255311876442894
stream,138,,18.278408280380646,1.2989497121297764
stream,139,,15.250639228260729,1.1863745653146236
stream,140,,14.730438670751905,0.9314822573559929
stream,141,,15.671364733069774,0.8978741192077698
stream,142,,15.89349170802337,1.0525020880631863
stream,143,,17.697774334099126,1.3931419668020544
stream,144,,17.301099374649368,1.4464892744479478
stream,145,,17.667065533578636,1.4447966190735064
stream,146,,15.157878663725006,1.4059577629284141
stream,147,,15.153055506980426,1.3296916617766976
stream,148,,13.53111649314286,1.318546006068688
stream,149,,13.745107202101359,1.2686103823573482
stream,150,,11.930026780157142,1.10477980992887
stream,151,,12.37843461072926,1.1304482561644285
stream,152,,13.646226961361023,1.2502276427797239
stream,153,,14.004711171752383,1.2468423528522488
stream,154,,11.900236710883203,1.0984167591647955
stream,155,,11.899875931684988,1.0713734665100672
stream,156,,12.016413375562648,1.0695912294764982
stream,157,,11.008297690325477,1.0369729659331206
stream,158,,11.553365780325992,0.9852775046179549
stream,159,,13.20143345253235,1.0648982448193713
stream,160,,17.926368693239827,1.0465379856721033
stream,161,,16.671571959116775,1.191985851540926
stream,162,,16.86752877993112,1.0416434251749678
stream,163,,13.423559952349661,0.7391701215604423
stream,164,,13.508909990021511,0.7239894850024298
stream,165,,13.85249590458334,0.725682128669921
stream,166,,14.392687950144307,0.7123733357087861
stream,167,,17.23570225381643,0.753405859269593
stream,168,,18.707387646676402,0.7331737773805351
stream,169,,20.52055543027278,0.7004883724942276
stream,170,,20.434438172920718,0.7304872156645736
stream,171,,22.33790945096843,0.7463257882263945
stream,172,,20.923471933175833,0.6949134167570299
stream,173,,25.24256982500747,0.7792271464187025
stream,174,,27.975010519668317,0.751485114118596
stream,175,,30.28444022232648,0.7599217699310119
stream,176,,31.261751151188726,0.7816672666719839
stream,177,,31.77142701981868,0.7936684221019062
stream,178,,32.92393516281232,0.7891547837854483
stream,179,,31.299294784364065,0.7987463811116444
stream,180,,26.56067874121554,0.7984999378816117
stream,181,,26.67069586728455,0.6315795387471177
stream,182,,25.829868516838104,0.6621425770771904
stream,183,,25.74974170867222,0.6554657712199411
stream,184,,25.720365711492047,0.6376432268338695
stream,185,,24.98975919807067,0.6467113277784728
stream,186,,24.449917772945177,0.6450187142877497
stream,187,,26.01722144057874,0.8444188124219643
stream,188,,26.40385612028748,0.848726748432022
stream,189,,25.21443465325942,0.8574098868574872
stream,190,,27.751118115752668,0.840563050302757
stream,191,,25.595853304548623,0.9754437040475163
stream,192,,25.468411561545192,0.8761775658701789
stream,193,,20.77554341914003,0.782594117487766
stream,194,,18.383919427759725,0.7934892776148755
stream,195,,18.660172177423036,0.9988370776987383
stream,196,,22.613616398701232,1.0108341592482544
stream,197,,26.83637988388211,1.0000734473997395
stream,198,,27.662505562191768,1.0045870857161971
stream,199,,28.45559254052882,0.9389921395072747
stream,200,,32.2444146177007,0.9777637496540698
stream,201,,32.15737959532646,1.1446841518391153
stream,202,,31.580958126267316,1.1030915286472354
stream,203,,32.6187003618804,1.0760217396755196
stream,204,,32.14176204951774,1.1090249223700126
stream,205,,32.76823711827218,1.1514995048822245
stream,206,,33.835477575703365,1.158628496316369
stream,207,,29.420381546193642,0.9524578572053698
stream,208,,28.253051081224218,0.9862045061202489
stream,209,,30.109443738197115,0.9938304924127587
stream,210,,30.975759186210357,0.9775213625583479
stream,211,,30.798091786617114,0.8725906830747134
stream,212,,30.88467771452372,0.8649647042645358
stream,213,,33.00426910609409,0.9802528692169429
stream,214,,33.29671768283224,0.9695593757496045
stream,215,,32.420531312726325,0.7642115955540176
stream,216,,27.421077642969408,0.794752194800019
stream,217,,23.895654116492807,0.8100897504441839
stream,218,,22.88696278416022,0.7883666890186097
stream,219,,22.429758182471016,0.7883666557990842
stream,220,,20.56689353290406,0.7578035734600483
stream,221,,24.103179109468616,0.5921236234317007
stream,222,,33.83477884080868,0.6337162026146377
stream,223,,34.537466590659925,0.7428020648811542
stream,224,,37.91610841850221,0.6969422752644643
stream,225,,37.30001280285711,0.7954019485835889
stream,226,,36.665357316713674,0.7925808928296827
stream,227,,37.583726968281894,0.7540109750854768
stream,228,,38.347495258733524,0.7178058561098813
stream,229,,36.82713646817653,0.7014967313919064
stream,230,,33.46944448785079,0.7341821754238047
stream,231,,35.08906883446442,0.755886890292318
stream,232,,40.85386098940867,0.7798892094787269
stream,233,,45.0948731050351,0.6663832985934743
stream,234,,49.19481363804516,0.6602034546311846
stream,235,,53.19528253495034,0.6547670570595159
stream,236,,57.70683042477504,0.5942276155532689
stream,237,,61.18820047146518,0.5770181916038425
stream,238,,61.95357087701627,0.5807395344433025
stream,239,,62.957245344833204,0.5541890924851717
stream,240,,61.18605377988012,0.6305407375691179
stream,241,,59.26441411672522,0.6458782581809555
stream,242,,49.70705799568293,0.6198289265530922
stream,243,,50.20638260075911,0.5321707718344166
stream,244,,52.00630904487233,0.5450273798665177
stream,245,,63.25953325234986,0.419068091174745
stream,246,,97.568440058443,0.678461807941886
stream,247,,103.61236092124625,1.0813683122485638
stream,248,,107.4743460132265,1.0866478387734817
stream,249,,113.69934818676097,1.086061221891371
stream,250,,116.954049932866,1.0927380339797346
stream,251,,118.00609296861849,0.9780365454109636
stream,252,,112.1574343919692,1.0485036230986249
stream,253,,106.01953748585606,1.0504651055817695
stream,254,,101.49495441925507,1.0903915677868679
stream,255,,96.80935507777815,1.0928052532783865
stream,256,,99.87186407965171,1.1818607069480582
stream,257,,96.99821881716875,1.2864064492670697
stream,258,,107.04362705698404,1.4502369334760896
stream,259,,127.14970402816984,1.5047127003416048
stream,260,,130.71573451398572,1.6096434112284563
stream,261,,131.20468300624145,1.6016813259308686
stream,262,,133.42226238246522,1.581718105039221
stream,263,,131.18455278663356,1.637295810174436
stream,264,,127.43697746622472,1.6551183147006956
stream,265,,116.48952333687136,1.7558530562573536
stream,266,,83.25435527679659,1.6177031999487723
stream,267,,77.65720157549535,1.4272733905049437
stream,268,,76.15822869072478,1.4403765076673514
stream,269,,76.16342152911456,1.4465787251280278
stream,270,,76.52032529807775,1.461759402186357
stream,271,,81.73106096562523,1.4784045923635574
stream,272,,94.41760902223841,1.380867691105178
stream,273,,106.52474121106378,1.3771239546151028
stream,274,,114.25583293373624,1.349830094481623
stream,275,,119.38068720827766,1.3474164098906367
stream,276,,124.39616323093547,1.3024120633889993
stream,277,,126.85252944622535,1.2614773804761668
stream,278,,115.93049252067522,1.0999037296394332
stream,279,,94.91650848493515,1.2123483673031208
stream,280,,90.9338582726284,1.0200364423963881
stream,281,,93.48392012431464,1.1643559108608472
stream,282,,97.60533034656811,1.1715969597191547
stream,283,,100.4006521276796,1.1160193227794755
stream,284,,106.68644879531374,1.1160193615293832
stream,285,,115.20806219594374,0.988241261792576
stream,286,,117.50569090351894,0.8945377976464217
stream,287,,122.19297502207944,0.6807534383546447
stream,288,,125.89799608354086,0.6604092911218674
stream,289,,118.96688402826513,0.8228342868012448
stream,290,,116.71969104864696,0.7694869854112354
stream,291,,108.84157788246176,0.8354628291583558
stream,292,,96.17745061162151,0.8382838701660839
stream,293,,85.48678677590904,0.9117247985130962
stream,294,,80.51348076205602,0.9120160515141997
stream,295,,75.8964629176659,0.9120160623205982
stream,296,,70.40439883055035,0.937662090909224
stream,297,,74.02872908889823,0.8777723751225914
stream,298,,80.74037030412688,0.8810415306814806
stream,299,,81.64920334122638,0.7959355579424646
stream,300,,83.88524909224732,0.799003061017065
stream,301,,80.76028431041361,0.6471961199720642
stream,302,,75.02834938452982,0.8513564876533857
stream,303,,72.96526871086117,0.8243130906687438
stream,304,,67.37819905473384,0.8115684188216218
stream,305,,60.4962587692179,0.8110042042954311
stream,306,,65.29585188369822,0.8700607764461911
stream,307,,64.2941238705524,0.8824204419441534
stream,308,,57.835732630154766,0.9449213760105184
stream,309,,69.39180750128362,0.9298834266244969
stream,310,,71.62444231124286,1.021684629906824
stream,311,,76.95331200151001,0.9384769828612368
stream,312,,78.2569845156507,0.9851881607453504
stream,313,,78.43708692143112,0.9117696398889572
stream,314,,75.6889639314125,0.9392875810107306
stream,315,,74.15714442237869,0.9529324752356523
stream,316,,67.00938622231615,0.8832353528141488
stream,317,,62.44949007400348,1.0206681320893427
stream,318,,68.06133823005878,1.1275603844199424
stream,319,,71.64899132671579,1.1087255908263651
stream,320,,72.56289626299854,1.1054564352674763
stream,321,,71.8129781982912,1.1369462485509076
stream,322,,74.45992540735638,0.9513925635392823
stream,323,,74.78773250349795,0.9780102187417218
stream,324,,72.63770985958523,0.9907548503485557
stream,325,,70.84157598924116,0.9997557212072186
stream,326,,62.72084596821016,0.9406990750800794
stream,327,,58.91535451516778,1.0205519152410456
stream,328,,57.665418196501285,0.9783950695825477
stream,329,,52.18448974084541,1.0069740132890506
stream,330,,57.475778381413974,0.9224138588650307
stream,331,,79.17905531975802,1.0899880854789044
stream,332,,94.36012868595434,1.0899881312382529
stream,333,,102.19972663140086,1.130429964616826
stream,334,,108.14804650548511,1.099235482126645
stream,335,,110.39146437073865,1.1377381782319427
stream,336,,113.41948288666916,1.1345810369814082
stream,337,,115.60725519371985,1.0060595177691167
stream,338,,101.84846204454772,1.0585248283905626
stream,339,,97.35136754077188,1.0591745445454337
stream,340,,101.8892787076235,1.2364402195290278
stream,341,,110.01241442259911,1.2050624346067789
stream,342,,106.77042612680216,1.3748039166890333
stream,343,,109.66608227253175,1.4118828751017758
stream,344,,118.41292753797057,1.4123982075912256
stream,345,,120.95452347077345,1.4366469901542154
stream,346,,121.73424059260243,1.649539288333517
stream,347,,122.07451959835933,1.5573267826745887
stream,348,,121.98846335703655,1.5573268426094034
stream,349,,115.81846693152367,1.3841819083634508
stream,350,,106.86544776274809,1.392390416723635
stream,351,,79.75767035739472,1.2254028032310278
stream,352,,65.07003164149441,1.2247978985583003
stream,353,,57.78524931306315,1.1969886435887374
stream,354,,58.52904900868457,1.2428485161488734
stream,355,,58.80868082856195,1.2043458465006116
stream,356,,60.970375453596944,1.2370312970292918
stream,357,,57.33741381000218,1.2465026513363686
stream,358,,58.81587413704236,1.077897756753268
stream,359,,58.7158335760105,1.03574096991968
stream,360,,51.02750721805945,0.8746010768534449
stream,361,,44.50695311203412,1.0138834073751557
stream,362,,44.44295596638777,0.8716415389151395
stream,363,,40.555408547005705,0.8133588946372154
stream,364,,34.44119238527863,0.837177922832819
stream,365,,33.23626761895662,0.8074927623264072
stream,366,,35.88287641225339,0.588487833697003
stream,367,,44.27059583920048,0.6356960994468424
stream,368,,51.836266818354176,0.6195702881423468
stream,369,,52.997025193641136,0.6832933631215665
stream,370,,53.83698112336299,0.6696484576399803
stream,371,,54.32024750904258,0.7843500120016161
stream,372,,52.74221255373809,0.7696846201812514
stream,373,,50.397533216567986,0.7739253773873127
stream,374,,47.66471087643379,0.8340838845461181
stream,375,,52.19964370644804,0.829507041730359
stream,376,,47.45297937185687,0.9648621977324736
stream,377,,50.09829977396737,1.0464748993540176
stream,378,,51.764585113749376,1.0483467584243717
stream,379,,53.1080717400274,1.03916664952692
stream,380,,54.993497380268195,1.0170626914676049
stream,381,,52.5793996175784,0.9236809287929135
stream,382,,53.700986477118256,0.9328345161392994
stream,383,,53.64213834544397,0.9740686313377247
stream,384,,51.18028617268047,0.9135291516770758
stream,385,,50.42760621038693,0.9161444726868978
stream,386,,47.692958017156535,0.8904088447909161
stream,387,,39.16089671533468,0.8426363665894526
stream,388,,34.0585122513341,0.842838001977741
stream,389,,33.31341872004346,0.9996963468020583
stream,390,,33.55196004064058,1.1507069747954017
stream,391,,33.04583944717948,1.0753677169845546
stream,392,,36.15170470790916,1.1284869018752963
stream,393,,37.25680163678907,1.1387953925832293
stream,394,,33.138058725601226,1.0962536994755905
stream,395,,27.545592494562307,1.1004944304829085
stream,396,,30.171611074366453,0.9445222025771879
stream,397,,33.2926961707997,0.8880178331965962
stream,398,,33.065556969666204,0.9198661096826976
stream,399,,32.744983316250035,0.9161895835203017
stream,400,,33.19441215211458,0.9221677759101387
stream,401,,33.3367135475494,0.9148371362123815
stream,402,,32.752703882417755,0.8632089235677973
stream,403,,32.954542210534846,0.8717086803353483
stream,404,,32.83095797738423,0.8685515446810628
stream,405,,32.37643605688876,0.8895535951579561
stream,406,,31.60136407558953,0.8894415575618454
stream,407,,33.492159212865104,1.0879332180609265
stream,408,,38.044829932881946,1.103857393977134
stream,409,,39.98317412478898,0.9075247580969533
stream,410,,42.605615900977455,0.7566709698169183
stream,411,,44.039145792045666,0.7257453349252755
stream,412,,43.413373665213136,0.6383641824662837
stream,413,,44.90199625442489,0.6129422029798431
stream,414,,44.98087324362928,0.5953253416676253
stream,415,,43.530633995121335,0.582016533244376
stream,416,,42.041798898667174,0.6329949590046121
stream,417,,36.09866441682897,0.833672126999212
stream,418,,33.072415815425586,0.8550591321267745
stream,419,,32.14217744374649,0.8675348702343647
stream,420,,38.384419839354074,1.0747177479558387
stream,421,,42.31657684121856,1.0679960887575213
stream,422,,41.5017603281994,1.2239685068177675
stream,423,,44.2274954582744,1.2719732522373095
stream,424,,44.59909391479483,1.3191814805543445
stream,425,,45.42623812480569,1.3010004877213464
stream,426,,45.04021729538296,1.3084879804580023
stream,427,,43.58942039241496,1.1572086101893988
stream,428,,36.62800819374583,1.1993653940230924
stream,429,,34.42133815621348,1.1753630727564555
stream,430,,30.698973684978135,1.1988236032995099
stream,431,,29.44742116801192,1.2027465893281064
stream,432,,30.219910505575573,1.2797520622116885
stream,433,,29.81233940411055,1.2869931017826741
stream,434,,34.30687030502891,1.249095359361565
stream,435,,40.266937004268485,1.251710685180175
stream,436,,38.71697201121466,1.328290431953057
stream,437,,37.107654569602694,1.0896483053590345
stream,438,,40.21352443272191,1.16288354914572
stream,439,,41.6612991144544,1.142920307512017
stream,440,,34.11675974012963,1.0973110613288437
stream,441,,30.085816127942497,1.097311061328844
stream,442,,31.231659071938047,0.975918333843162
stream,443,,28.64193897870087,0.8759228710092514
stream,444,,28.24056637577874,0.8343302478173712
stream,445,,27.15457679659166,0.8259608080515186
stream,446,,27.963712568345155,0.8384365666957206
stream,447,,27.18636935497524,0.7947887792030883
stream,448,,28.22161955918022,0.8991329846187504
stream,449,,27.7065576571247,0.962609655243961
stream,450,,28.832782284195314,0.9911399376137777
stream,451,,28.64662255815247,1.0181425462365348
stream,452,,27.164648386767176,1.0076811907604912
stream,453,,26.711325225147483,1.2642538287555416
stream,454,,22.558324887755035,1.2687674913283604
stream,455,,22.249439909125346,1.3268484326725525
stream,456,,24.52145025885912,1.2138395404326243
stream,457,,24.43633130950185,1.2973689882146977
stream,458,,22.77964212034441,1.186236000256494
stream,459,,21.101208014870064,1.2061992132814103
stream,460,,20.11387158240916,1.085859723404209
stream,461,,20.277492875558288,1.0693490094473572
stream,462,,20.820390544075064,1.1495605052394695
stream,463,,24.993367008363194,1.1857656376611039
stream,464,,25.048212540124997,1.2530042951115783
stream,465,,31.025476733603114,1.4989852952279343
stream,466,,31.62899161155797,1.9062324639694879
stream,467,,35.287411358962494,2.4011458623690642
stream,468,,34.19770388722933,2.373695008057506
stream,469,,34.11391287213636,2.3015352131164293
stream,470,,33.98503627992057,2.258746924462268
stream,471,,36.764407896613314,2.219451885360629
stream,472,,34.749899629508185,2.2619936302196075
stream,473,,33.09980849548866,1.9999846072603529
stream,474,,35.41846463068135,2.146866442758135
stream,475,,33.25667249699012,2.0831698854993514
stream,476,,40.31795252985958,2.096429859335414
stream,477,,43.669665483695425,2.0587602661169457
stream,478,,44.29448089135784,2.0541834497582223
stream,479,,48.1272824801234,2.038640215848989
stream,480,,59.34144270576945,2.04713997800559
stream,481,,66.63175608579648,2.0571124175536832
stream,482,,64.97306016640827,2.231045749441166
stream,483,,60.46487132404719,2.1972991131922375
stream,484,,60.81853290149747,2.133127976181959
stream,485,,54.810998221015076,1.9082386074328184
stream,486,,53.328348859477174,1.4828328625912093
stream,487,,49.00630743911899,1.0015643844233235
stream,488,,49.2430775531236,0.9331341512003254
stream,489,,49.716824529578105,0.9343298011133044
stream,490,,49.1348307499596,0.9219701534255619
stream,491,,47.984504817609,0.9430617901875058
stream,492,,50.70484335833839,0.8404286795183111
stream,493,,53.45748230754627,0.8404286912252621
stream,494,,50.88831414924096,0.7055440061749959
stream,495,,47.63040187542756,0.7056112126624747
stream,496,,39.043950754484456,0.738587956700426
stream,497,,38.46121983892891,0.9477324640829268
stream,498,,36.43955054651111,1.018285069268191
stream,499,,32.607123022914976,1.029314691318023
stream,500,,26.980287305268934,1.1019448354669312
stream,501,,20.010592366627808,1.167539695600786
stream,502,,22.34675570150551,0.8833919902158367
stream,503,,28.806473077868738,0.9109323723719116
stream,504,,30.031583715670983,0.9744090375365214
stream,505,,32.61274113057899,0.9526859779952936
stream,506,,39.455945853358884,0.9712254221996597
stream,507,,40.35767731533781,1.0577327284551108
stream,508,,42.58390491359632,0.9942561516980318
stream,509,,42.16273751775726,1.0476034334034727
stream,510,,41.80044228819804,1.0470392260184933
stream,511,,42.89334209840833,1.1788829424712235
stream,512,,43.28776529214315,1.166227956571594
stream,513,,42.851237351043935,1.1632948664003848
stream,514,,43.76378832503513,1.3128184249798645
stream,515,,43.77645108960218,1.4274526992039884
stream,516,,46.08206327556243,1.5372778881550122
stream,517,,43.27258558497806,1.4265929752371125
stream,518,,45.025544161200564,1.3766574427957639
stream,519,,48.26507225851972,1.3630124961070176
stream,520,,43.05531311680208,1.3282312391158404
stream,521,,42.78386240199376,1.2483783706174127
stream,522,,43.06676175810544,1.264418613409589
stream,523,,43.39500494257356,1.2366765967770827
stream,524,,46.956674751418994,1.1915601706036254
stream,525,,44.37564873134522,1.405908833756601
stream,526,,37.52605336158463,1.3928057620991918
stream,527,,36.34494774950265,1.3162708634026796
stream,528,,34.1221956616036,1.3291275095874457
stream,529,,34.58838797990787,1.2802001986204443
stream,530,,34.866915150411934,1.2820720755707866
stream,531,,32.17957532127859,1.1375061852740829
stream,532,,30.02940822316345,1.1847408844912035
stream,533,,27.650173528166484,1.2575279843885128
stream,534,,28.540866362887613,1.2727758800954256
stream,535,,28.34607717570159,1.2399560421421962
stream,536,,27.539200021805772,1.1294362199938748
stream,537,,27.978303080456463,1.144474333917714
stream,538,,27.843247263865795,1.2264903743734878
stream,539,,26.772086943602783,1.22468571989672
stream,540,,27.25411212267494,1.131124736601241
stream,541,,29.53629212996141,1.1733080231322028
stream,542,,33.317384782957554,1.1872707439263064
stream,543,,26.980462675296845,1.3096349354966812
stream,544,,21.839891597280655,1.315747535979385
stream,545,,26.177968486548583,1.2166646302279733
stream,546,,26.174833510705366,1.3238032581659567
stream,547,,26.04847650405205,1.2966214294520393
stream,548,,25.916909609854226,1.274517468398493
stream,549,,25.392100476110514,1.2812615192313488
stream,550,,25.166355643933976,1.288636954545599
stream,551,,25.73461271186125,1.3013591283895722
stream,552,,24.79937086702633,1.2713562333905846
stream,553,,24.749681909503934,1.1985019164650863
stream,554,,22.59870243409067,1.000010252645859
stream,555,,22.599866087964205,0.9237442092863581
stream,556,,20.879538045125916,0.8909466867077851
stream,557,,20.497733911764076,0.7285216047552664
stream,558,,19.19641243950471,0.6192340874739668
stream,559,,17.114303877610045,0.6731863793500302
stream,560,,17.30632160416281,0.745910379595857
stream,561,,14.731853310854753,0.7385757171133027
stream,562,,9.717802940434257,0.7464705659560108
stream,563,,9.422843102241949,0.6518483540299423
stream,564,,11.783801591600264,0.6580546436206155
stream,565,,8.251710875648353,0.7113937759972683
stream,566,,12.556200848117207,1.000032641804495
stream,567,,12.618466373374986,1.1161721579100023
stream,568,,12.62201813333448,1.116149755744321
stream,569,,13.41045433867712,1.1200991881059523
stream,570,,14.084038989464206,1.1198527257075248
stream,571,,13.47114889052529,1.1018509827502825
stream,572,,13.468033337143199,1.1178912004458075
stream,573,,14.620641090276694,1.1449345313342743
stream,574,,15.239861439118005,1.161807843465692
stream,575,,16.87246478734494,1.1562594561488106
stream,576,,18.551642910695097,1.1163330326936005
stream,577,,19.96174764005815,1.1107174275684455
stream,578,,20.685284871936737,1.1083037542341247
stream,579,,20.855346330782048,1.0652241950910697
stream,580,,19.76051903128477,1.0257498477429343
stream,581,,20.487328730660128,0.9997004594362514
stream,582,,19.12616987441627,0.9850350681168119
stream,583,,19.021599714776322,0.9603157638362169
stream,584,,16.614846783531807,0.9241106448606213
stream,585,,16.46429525690537,0.7954322572036164
stream,586,,19.21814687451729,0.5308445541994696
stream,587,,19.74422819469137,0.5082660172948522
stream,588,,20.020819885126123,0.5120097526187052
stream,589,,20.581163527087558,0.5168595027436045
stream,590,,21.296534563409974,0.5096185012083072
stream,591,,21.288302372027715,0.5536696187020183
stream,592,,21.481293714065874,0.5296673341652687
stream,593,,21.177849015474017,0.5492720858116144
stream,594,,20.720047135597206,0.5361201044244184
stream,595,,24.099165568455028,0.663831061501192
stream,596,,22.53315912780944,1.0686095707581138
stream,597,,24.090623188737027,1.2988599653428574
stream,598,,24.04269217416426,1.5595470489243242
stream,599,0.9745427957155045,23.710133678218003,1.611175237830885
stream,600,0.974542065516976,24.36675457423737,1.584105413489648
stream,601,0.9745065650038393,24.142091603334183,1.5630137483187219
stream,602,0.9744007224989117,25.33419919432559,1.6378376485473767
stream,603,0.9741835790574388,25.421061392868452,1.7333824527110044
stream,604,0.9738647180820708,25.675927251180028,1.7568429376190626
stream,605,0.9735171715693105,25.27496471987914,1.750636607667653
stream,606,0.9732107822455727,18.307857762276377,1.6110101421264327
stream,607,0.9727835615058498,17.986140293821766,1.5506987786391566
stream,608,0.9723108711716957,17.892823834598712,1.548849316070182
stream,609,0.9720122760838379,16.55443583691501,1.5443356512966881
stream,610,0.9716173177149254,17.135189131637294,1.6699995485483397
stream,611,0.9714278964220967,17.281863755043126,1.649834682307971
stream,612,0.9714082207843773,17.10371306859051,1.6405649448106148
stream,613,0.9715191380367096,16.366002199524658,1.5951125031614675
stream,614,0.971593819755569,17.107955741277507,1.6246408253149376
stream,615,0.9715893572536786,13.34320393138366,1.4998629340949572
stream,616,0.97154578185081,13.985177758964824,1.0956486375496888
stream,617,0.9715125833029906,11.16886553354706,0.8869379934490428
stream,618,0.9715568200655288,10.172083194770707,0.6232506094987427
stream,619,0.971598029229951,10.885226274301287,0.5989163419736923
stream,620,0.9716427489361698,10.255682247161301,0.6099459099297374
stream,621,0.9716784327397414,9.79184956587072,0.6110743244998919
stream,622,0.9716544405377693,11.279317783497149,0.5515207237642236
stream,623,0.9715374766318453,11.953886816371897,0.4802247042342473
stream,624,0.971350925863884,12.800775535758293,0.4530204703603992
stream,625,0.9712957725861376,13.135649901715002,0.4252784580109793
stream,626,0.9711001212118032,13.620126486349521,0.42469184275494226
stream,627,0.9708859841983448,13.323254329693947,0.42469184275494226
stream,628,0.9707515078468589,14.545953473059392,0.4627464362551705
stream,629,0.9706807345402801,15.944028690568262,0.4461684644665247
stream,630,0.9705313617597247,15.206748791282994,0.31872231320794253
stream,631,0.970538458748382,17.729481060574905,0.30374732461993487
stream,632,0.9706500015407354,18.10964008999761,0.3515421663086982
stream,633,0.9707505286960355,20.175829475206267,0.38970882010296437
stream,634,0.9709932445269197,26.166391868369132,0.4291830608978887
stream,635,0.9711805594778511,25.150992867368117,0.5667727716144848
stream,636,0.9713688402078958,24.01416669301225,0.5662085570882942
stream,637,0.971509534141691,24.111356252139366,0.5440821933529159
stream,638,0.9717652970115714,25.282693881023942,0.5525188414905735
stream,639,0.9718459793578923,24.489281380925473,0.5768530617658971
stream,640,0.9718540629191583,27.904528703079293,0.6641894702336326
stream,641,0.9717850082415201,29.915984023070635,0.6684078075920712
stream,642,0.9717048014649506,29.00705623776357,0.6132599226699389
stream,643,0.9717434062897035,31.269856771217853,0.5892576028430254
stream,644,0.9717282894048413,32.093006763862704,0.6019126123315508
stream,645,0.9716862289529653,36.73019586560344,0.6363762468911079
stream,646,0.9715957818357777,37.174267039969166,0.6915057901893
stream,647,0.971382566432995,44.95435050489369,0.7316746952622888
stream,648,0.9712351539768458,45.185917827166904,0.8070139922733105
stream,649,0.9713754017397398,43.845303082151716,0.8699936231947873
stream,650,0.9715442768256586,44.47702410946506,0.9037362028552085
stream,651,0.9717911169758757,41.91138017387419,0.9310300854868115
stream,652,0.9721307845348115,41.67549846712939,0.900130987024187
stream,653,0.9725357932522555,40.609399747370226,0.8692053344449653
stream,654,0.9730208274844543,34.032776864270446,0.809405272808646
stream,655,0.9733893262250566,36.621607866975936,0.7318620782657247
stream,656,0.9736732774580826,39.40677651863025,0.7337339487851322
stream,657,0.9739149604920553,39.09234025266291,0.8620987336615376
stream,658,0.9743743922337209,38.102685436383126,0.8623452162256467
stream,659,0.9746642018663051,38.64103348206841,0.8380109974407046
stream,660,0.9749270226968813,36.78144711920971,0.8880403085546213
stream,661,0.9751631725996835,35.33403493331308,1.0496140381254269
stream,662,0.9753272371440046,33.59177396870808,1.071153789529191
stream,663,0.9753678476990136,30.62248669485745,1.0625378861773853
stream,664,0.9753477130900597,28.816954016455455,1.0498828766888597
stream,665,0.9751741219308105,31.263249586334712,1.1780458925240784
stream,666,0.9748842626799799,37.372307572283894,1.124698591454321
stream,667,0.974575907076262,30.55588211374118,1.1914707498267676
stream,668,0.9740625843019568,32.97668138822541,1.0934143617158107
stream,669,0.9734381869469063,37.949076747338516,1.0298033060704799
stream,670,0.9729313568833603,37.59469042476021,1.05119027283993
stream,671,0.9725788580139922,38.718805149459214,1.0172419858666883
stream,672,0.9723709183255774,41.82498544030831,1.006548476473458
stream,673,0.9726327876360557,40.75449284193712,1.112813383292918
stream,674,0.9732352676543271,40.88454574624413,1.1036108939365004
stream,675,0.9735744151207989,39.37994349197822,1.043721230341891
stream,676,0.9736713582862919,39.65624067767181,1.051096675341335
stream,677,0.9740405266463174,39.69299739466202,1.0763210768700442
stream,678,0.9745209522009746,40.182103978426255,1.1007939163439011
stream,679,0.9749117679865651,39.81411840556316,1.0698682814522584
stream,680,0.9752817696094818,38.24648243185162,0.9321665017476196
stream,681,0.9755770412128344,37.643016933423,0.7645921897785138
stream,682,0.9757892755338805,37.723288669403736,0.7514890996534199
stream,683,0.9758123281121033,38.25072260431307,0.763490250928533
stream,684,0.9759490352879807,38.53248707865692,0.763490250928533
stream,685,0.9760732234702343,30.872325597698197,0.6041327713195259
stream,686,0.9762659198457173,24.023868032594415,0.6060942624494869
stream,687,0.9764990434871487,23.06282461463508,0.4930854439935102
stream,688,0.9766594224858905,22.0802543356456,0.5590613163476653
stream,689,0.9768197909703478,18.351598228995215,0.5807843765333214
stream,690,0.9769130915150687,16.732295327986055,0.5807844237943732
stream,691,0.9769406891903896,15.7872914379908,0.580986075698381
stream,692,0.9768677500105175,13.67877278460518,0.5809860762882285
stream,693,0.9765889435172187,13.887945690025472,0.48259365800255566
stream,694,0.9762468076292032,15.27651080601693,0.5009762744021055
stream,695,0.975909505439488,17.520340282061536,0.5009762744021055
stream,696,0.9754006477033442,14.400317566717407,0.606994654121047
stream,697,0.9748296167195345,15.723662531724294,0.4663517284647174
stream,698,0.9742880693558791,15.925906969988462,0.4361960703648779
stream,699,0.9734305258316582,16.74588209352113,0.5807619061158377
stream,700,0.972979747320011,18.410008476914513,0.7471323410287706
stream,701,0.9725847056884912,18.54436281750882,0.8508714759996105
stream,702,0.9723266727847013,18.397270933458376,0.8425020317491294
stream,703,0.972322343140238,17.749252441026307,0.8305008752790933
stream,704,0.9723278749008787,20.10132581598379,0.8941343367305015
stream,705,0.9727956968446517,20.123136930612464,1.00102658834124
stream,706,0.9738320191796263,19.842622723341925,0.9990651061783484
stream,707,0.9747688376626339,22.063054906471837,1.0543290391283089
stream,708,0.9754804734419489,21.55496088660731,0.9729036523264414
stream,709,0.9756439381904554,20.990569011751667,0.9683900141304305
stream,710,0.9755019110519055,24.015219348166625,0.9404646862422844
stream,711,0.9752631617943393,25.99533865898559,0.9342848594305955
stream,712,0.9750457152022508,25.013865208588847,0.9410288629304376
stream,713,0.9749902990620601,24.814913560576294,0.9413649220926653
stream,714,0.9748990396038744,23.91887040539986,0.9828719697475581
stream,715,0.9748401385658113,21.901260825542437,1.1477555211709465
stream,716,0.9747361093634626,22.20397479250596,1.0451224088115667
stream,717,0.9748017815967532,21.137243602993557,1.0794108877897821
stream,718,0.9748946496363934,23.169198464117272,1.2170005718421402
stream,719,0.9749363652490768,23.20498643163089,1.096683520014537
stream,720,0.9750511842070337,21.518881762696836,0.9685468876456994
stream,721,0.975091317056684,21.388562541216007,0.8654615831445668
stream,722,0.9750601698123106,21.62952388841921,0.8738310472833247
stream,723,0.9751300518560432,22.563190781116624,0.8791777837441426
stream,724,0.9751902869092673,21.613948865883295,0.8173265677130721
stream,725,0.9753934082806613,21.69696931577509,0.7416287393775602
stream,726,0.9755688790527716,23.11460907238283,0.7567422029276477
stream,727,0.9758188836363062,20.90949019413028,0.7080165443864462
stream,728,0.9758990058023259,21.21785798277338,0.8099733498103342
stream,729,0.9758928322555136,24.29591957340497,0.7945237847286035
stream,730,0.9758597043788675,22.038523307343933,0.8230540665687964
stream,731,0.9757004092399171,27.497313965050296,0.963244818351235
stream,732,0.9756100920633358,30.031057731570417,0.9907628199183295
stream,733,0.9758235225982794,30.62307366814086,0.995657351557971
stream,734,0.9759333557515265,33.421875478185825,0.9592281741017716
stream,735,0.9761679790350877,31.84406114320994,0.9317774024134107
stream,736,0.9765396439660203,31.462394116075963,0.9197762515379078
stream,737,0.9768731354774421,32.85472391342248,0.9459823876378174
stream,738,0.9771176212652204,29.941045629627396,0.8599353298246818
stream,739,0.9773814561630834,32.15976212973984,0.9428251948470538
stream,740,0.9774857115496391,32.18369535292609,0.9914347851384314
stream,741,0.9776948198335139,33.26100112919062,1.0312451565392824
stream,742,0.9778081139299167,38.70717657644902,1.0779563602944677
stream,743,0.9779920956560948,43.04797765085853,1.0725424119514635
stream,744,0.9780711343280781,42.239007439590786,1.1258896622593726
stream,745,0.9781011784800061,42.305593601670715,1.0980805111559881
stream,746,0.9781218522228697,40.89116879148253,1.0847717013121487
stream,747,0.9781941671650511,40.972414340498496,1.0529234412663129
stream,748,0.9781802453502502,38.12109864542658,0.9709298702498826
stream,749,0.9781421680590254,34.84297358164095,0.9751481894141342
stream,750,0.9781215905779644,36.8844261534377,0.9526857004147092
stream,751,0.9780733128463031,30.4591522259348,0.8143668151927661
stream,752,0.9779938839086056,28.04477333176299,0.7776463366847642
stream,753,0.9779092987690274,30.492033057811824,0.8106496392580542
stream,754,0.9777366138589152,28.759059625227096,0.7963916879095182
stream,755,0.9775116452335669,30.657153975377557,0.6552151608949799
stream,756,0.9772296114301756,34.12969818418904,0.6714570409671676
stream,757,0.9767286790096977,32.45365140885392,0.702584373456299
stream,758,0.9762641852752297,35.29915155957527,0.7511940892227633
stream,759,0.9750286479398009,32.0690285427987,0.7633970251953802
stream,760,0.9729428039827617,32.58613937906754,0.663401627174448
stream,761,0.9703699520304843,31.933525569306287,0.726676625087708
stream,762,0.9676561347515938,27.216292226024137,0.6835970899353456
stream,763,0.9654115031901248,21.952072396462995,0.7234746314196794
stream,764,0.9636088608443455,20.931766004029782,0.6689317488126986
stream,765,0.9619088724143896,27.493264468514916,0.8706478057375207
stream,766,0.9611063664208175,31.948606338938617,0.8706478057375205
stream,767,0.9605491745435389,40.02604979399334,0.8780232410517707
stream,768,0.9609912828226487,43.094399186697785,0.9114072417292302
stream,769,0.9613935965779429,44.40389411885658,0.91442995380938
stream,770,0.9622310201333794,41.71363496228741,0.9083621634293169
stream,771,0.9637567889777728,41.71118509441025,0.9157376274749721
stream,772,0.9651534648909093,42.435558925711526,0.921017122155957
stream,773,0.9661172238012157,39.461282400614124,0.9483558015026352
stream,774,0.9664436575098769,37.46826041066264,0.9373037915284917
stream,775,0.9665786767940218,35.703942615775915,0.9408906862289375
stream,776,0.9668174491551761,33.702171623827006,0.9457404373241601
stream,777,0.9671172751985565,33.74655181520571,0.8688021733381041
stream,778,0.9676435913297452,44.135083726345826,1.1698638213340158
stream,779,0.968068429384664,46.42680807409102,1.1960964014925677
stream,780,0.9682809684330531,46.32754049768279,1.2401475061109755
stream,781,0.9681758184059616,46.99864648087269,1.1454315625796794
stream,782,0.9679181363901703,48.91037117215096,1.1545221236178305
stream,783,0.9674403525117965,53.270386983041114,1.1230812199983031
stream,784,0.9668788029173564,54.061263177709094,1.1782291053009113
stream,785,0.9665125657732829,47.48911550417376,0.9676017750573853
stream,786,0.9665003930273972,43.0647815562798,0.9646687028883901
stream,787,0.9667366897935261,35.145709969756425,0.977525347573209
stream,788,0.9671367978789127,31.927123347039753,0.9350508360544074
stream,789,0.9677781620556657,30.72196239728926,0.959770083458547
stream,790,0.9683447464292109,31.68298824002476,0.9387680654232659
stream,791,0.9687019153163828,30.585948801235748,0.9312805903005174
stream,792,0.9685514616241689,33.53276682101409,1.038419395587532
stream,793,0.9682733616475985,42.07608343393522,0.9780774125576608
stream,794,0.9680041970543622,43.154764663106256,1.1163962255558235
stream,795,0.9678769266410153,43.599914905295414,1.114591582916001
stream,796,0.9679909094528499,43.09136763870506,1.099048349006767
stream,797,0.9682138796753482,43.70434776044784,1.072005022684021
stream,798,0.9685614732848506,31.797972274877964,0.6734063456143864
stream,799,0.9688307443417038,30.570694919634583,0.5193955188783428
stream,800,0.9691176991133157,31.881543368443797,0.6391749069142286
stream,801,0.9693157680092206,30.88917845926774,0.7585163687862294
stream,802,0.9696105789853129,28.158060498431986,0.7405145805670325
stream,803,0.9699527322126239,29.047785867115497,1.0523369137000755
stream,804,0.9703801418831349,29.26925069349105,1.037066614207089
stream,805,0.970802561390881,29.491924243329397,1.035217151308296
stream,806,0.97116332354671,31.632924122184555,1.056308781375369
stream,807,0.971387771296795,41.585671650712996,1.1379216161332322
stream,808,0.9712300134398922,43.902102837998854,1.208474279368984
stream,809,0.9709016271098115,44.77346806181418,1.17662601211779
stream,810,0.9704887373139564,43.69985626397948,1.2041663401800773
stream,811,0.970157398461206,43.66210452452214,1.2029706904573363
stream,812,0.9700013349745394,39.87506322803667,1.1205511723003343
stream,813,0.9699540043381865,33.75421246344674,1.1541593861753237
stream,814,0.9699640808304687,35.32537180970493,1.0157285448159785
stream,815,0.970180590962197,35.89802434356167,1.0308420604337556
stream,816,0.9705098343023744,36.142199117296,1.0246398256851077
stream,817,0.9709981825873694,36.853187677692475,1.0240532075574211
stream,818,0.971506946933631,36.0884082785693,1.03050598470342
stream,819,0.9719505017426007,35.84691806108856,1.031813654598602
stream,820,0.972195027335146,34.10839860242582,0.891443725247056
stream,821,0.9723047881368043,34.10895176570153,0.7668227684436099
stream,822,0.9720862428810434,35.618260425265035,0.8358254384050475
stream,823,0.9716945416038767,33.91715945229014,0.5240031052720044
stream,824,0.971325700565732,32.91482133491459,0.5569797842482539
stream,825,0.9710584400599844,40.485536128047066,0.9166907239515552
stream,826,0.9708422382289297,38.53511755213425,1.0635725583489999
stream,827,0.9708025162155778,29.65488248521084,1.033274289312675
stream,828,0.970920066446289,27.733610449751943,1.0902798747944926
stream,829,0.9712627534083945,27.065137862768854,1.101040563954666
stream,830,0.9716647258532182,27.860306430420057,1.0673203893861245
stream,831,0.9719457419328509,29.23631206961939,1.0757570309667777
stream,832,0.9722119113429211,29.22240504677291,1.0641408509200112
stream,833,0.9723837313873935,27.060686328644817,1.048870505147599
stream,834,0.9724190747641155,24.393650643796217,1.0597432692157869
stream,835,0.9725439543751724,24.41011069937449,1.083311739280577
stream,836,0.9727307300856699,23.36652645012956,1.1165838349196966
stream,837,0.9729213990141177,23.23237121405121,1.125853592573188
stream,838,0.9731945326924198,23.71696614682816,1.1167854912385422
stream,839,0.973625011040104,23.11892056440787,1.1317869513880086
stream,840,0.9740409980439798,23.309956103353773,1.106364896495467
stream,841,0.9742011877393192,23.367643911585755,1.1243666308150237
stream,842,0.9741991416864975,21.691475135041284,1.0688520280615865
stream,843,0.9737794126991334,18.158959810867334,1.0658293391200653
stream,844,0.9731142212709323,19.1926092156017,1.0328526631437103
stream,845,0.9721461264275312,11.359734532073729,0.7640466981213391
stream,846,0.9715328174881638,11.300047551958798,0.5960060110436654
stream,847,0.9705428154114649,13.007646425028145,0.586198544087837
stream,848,0.969839813222664,12.605723954106628,0.5505535201967264
stream,849,0.9695536885830067,12.868877517237905,0.5711706537192581
stream,850,0.9692815900086693,12.06497427108879,0.6116124908665042
stream,851,0.9695545987788688,10.53557680999412,0.6044835104155037
stream,852,0.9698694457529716,10.597729663197384,0.5859440571742617
stream,853,0.9702618549364418,10.336038264029524,0.5461336857734108
stream,854,0.9709430552237402,10.824878634703854,0.5556050700479052
stream,855,0.9716287264418901,10.846253979473325,0.517035104729775
stream,856,0.9721401581279744,10.645473486961215,0.5309977083134154
stream,857,0.9724580066435713,10.24661654299175,0.5493578938704387
stream,858,0.9726890525612004,11.346164083315722,0.5519732192387814
stream,859,0.9724425550014928,11.05310074884153,0.5902070225629615
stream,860,0.9721401511292216,13.00166697710176,0.6716324284882479
stream,861,0.9722604194730398,14.001658988605676,0.6589102274560794
stream,862,0.9722207654479385,14.113568320911348,0.6968079688972987
stream,863,0.9723424649139146,15.205084227341072,0.7953755472411154
stream,864,0.9726132860407867,15.740456922761936,0.7678576061193421
stream,865,0.9728288754096293,15.772288692914216,0.7678575448167452
stream,866,0.9732269066223671,15.879277094969916,0.7893973252682608
stream,867,0.9735278536917942,16.778449799938066,0.9553686512366426
stream,868,0.9736864792436848,17.38104402366693,0.8845430201709751
stream,869,0.9737263896483198,17.116594307579174,0.8518575366884354
stream,870,0.9736224871140797,19.96783571100612,0.8385975640827249
stream,871,0.9734757660735828,20.038365461592097,0.9101442200688084
stream,872,0.97326095492563,21.063633639781383,0.928302807425548
stream,873,0.9730441898059946,21.551106000394086,0.9405952385545016
stream,874,0.9728718925718127,21.198373918858596,0.9277385829484756
stream,875,0.9729355249156575,23.591123972712786,1.0804417486944469
stream,876,0.9728480734606868,23.987162709499884,1.1156753101033585
stream,877,0.9729005490969479,35.63182253857384,1.371934404357761
stream,878,0.9729002158572327,33.72631072293337,1.6865779957991105
stream,879,0.9730483717209977,33.72311565428114,1.6374490160999602
stream,880,0.9732184687131267,32.32709973595411,1.5947055261865566
stream,881,0.9734336530712538,33.35182288110287,1.6078086241709824
stream,882,0.9735886218471209,39.25686724449965,1.5864216591519413
stream,883,0.9735289434644806,38.59979056734388,1.6354427758362236
stream,884,0.9733403496084304,42.04165233511202,1.7057042201233092
stream,885,0.9730937786321477,46.00456236732582,1.6164919411775596
stream,886,0.9728878592643058,46.31198797347658,1.6343144555962135
stream,887,0.9727198598489376,42.37809458721244,1.417364632288244
stream,888,0.9726149136282521,42.39269312181929,1.4108263541108315
stream,889,0.9725548019998668,42.10770795166623,1.4121340238157756
stream,890,0.9725117065398792,39.49932856253888,1.4583706859193104
stream,891,0.9725014854534045,41.28130779739641,1.4886689553361123
stream,892,0.9725466206718609,40.04757694724031,1.514718344172419
stream,893,0.9726663394081574,44.76725840627973,1.6419853171909577
stream,894,0.9726939961395501,47.44477694847681,1.6364593279997535
stream,895,0.9725959629638261,45.72622783684999,1.482448501453948
stream,896,0.972371687582999,45.329964133964,1.4404444038203068
stream,897,0.9720144077901204,33.28367157336575,1.189827389749861
stream,898,0.9716215287662663,34.07675292323403,0.9625649530475358
stream,899,0.9713164154518301,37.00533038332994,0.9737961885751681
stream,900,0.970888727924138,36.970551697884574,1.197606126526186
stream,901,0.9705842706932765,39.4875904339403,1.4977819302377662
stream,902,0.9704051339859088,33.543368904721156,1.5677786127736806
stream,903,0.9704298935999136,39.12414983904655,1.5828167303266139
stream,904,0.9705163442097157,38.64906283106352,1.5031959216172437
stream,905,0.9705581477729162,38.98905265133754,1.5001956315212617
stream,906,0.9706156739091285,39.71849701117743,1.4935187820433569
stream,907,0.970849280599076,44.22271901086707,1.5286586579301145
stream,908,0.9712240285100844,52.28130731821015,1.5144006180457668
stream,909,0.9717174118174619,57.8233403682722,1.5397106033530243
stream,910,0.9721776693410003,60.04406248562452,1.5213992176654696
stream,911,0.9726646817326767,59.21705259238174,1.4345557347885989
stream,912,0.9731396433953853,59.17465497932013,1.4139651506943283
stream,913,0.9736073257707109,53.960286442610055,1.2737743237073298
stream,914,0.9740455068574293,51.59202204557824,1.270617193379719
stream,915,0.9744201056941927,49.80321014491673,1.2737743294938377
stream,916,0.9747224155840751,49.801620047271726,1.237053916567574
stream,917,0.9749805657605438,54.097288732757626,1.3713562022121037
stream,918,0.9751728516431993,55.71122770907535,1.2998991769061499
stream,919,0.9752200753707612,57.97033213932975,1.2886679413785174
stream,920,0.9751481253080079,58.263268205517754,1.1405557631813596
stream,921,0.9749483856341477,56.17392565075585,0.820035812237002
stream,922,0.9746295093764739,58.5555226189029,0.7181908240917813
stream,923,0.9741317984161191,54.09932425584004,0.5501500625874645
stream,924,0.9733628348042593,53.130581241063254,0.5634588831679115
stream,925,0.9724406651643474,48.66759401899166,0.6912370523266764
stream,926,0.971383564282711,48.374398022764765,0.6800913574185098
stream,927,0.9705316101585559,46.0054650301109,0.6384987517824634
stream,928,0.9694739456756752,37.31846759030319,0.7408406550759858
stream,929,0.9685745928609247,32.08032315564799,0.7412663621404505
stream,930,0.9681659872987965,35.271548446063,0.7418713193445896
stream,931,0.9678734618524294,41.35419689433947,0.7342453398145503
stream,932,0.9675633566016699,47.37087577868965,0.7076276515828221
stream,933,0.967162100778794,51.89467018570965,0.7111921524363194
stream,934,0.9668411924486975,57.93327950698431,0.7124998079094792
stream,935,0.9666104373308732,62.40074025433378,0.7105383039041937
stream,936,0.9668486217618467,64.96846772466641,0.7103814643924266
stream,937,0.9658584457987142,60.44785824002483,0.5700114225070029
stream,938,0.9626957449804789,58.23924581994972,0.5497793413980298
stream,939,0.9588754565831813,56.465379999402835,0.6172196504942188
stream,940,0.9576533400247298,55.48896365009179,0.5561872740478246
stream,941,0.9581972094384934,52.882645025688674,0.5544050286877108
stream,942,0.9585827042042233,50.611944451535,0.5542930086435267
stream,943,0.9597521858545531,49.81842276432567,0.647289779297143
stream,944,0.9601489363844853,48.059696627655065,0.7979682950449484
stream,945,0.9603483800609651,48.367119802682645,0.6788732463150989
stream,946,0.9600000936087251,52.94742254795709,0.8103361478393585
stream,947,0.9600603101418455,50.911276396577776,0.9727612934290832
stream,948,0.959863245374685,51.1692916953221,0.8574955342827533
stream,949,0.95950585420952,51.47815257553711,0.8304521773425227
stream,950,0.9588786198334467,48.715430467421086,0.7783045722356884
stream,951,0.9580058378774459,42.40578412958416,0.8333180123952697
stream,952,0.9577000628630375,36.434965610362106,0.8603613769517736
stream,953,0.9576593847175822,32.187041619779365,0.8573610817193557
stream,954,0.9583342909821234,25.734977684794007,0.8616690254548295
stream,955,0.9590720519764904,22.657441817389945,0.9150163702848194
stream,956,0.9604404356890817,20.200286509950224,0.9757127390568233
stream,957,0.9614764165638295,19.980907089657418,0.9611635033000673
stream,958,0.9606410594074967,19.552478305314597,0.9628561052932505
stream,959,0.9584985562206971,16.54375924302021,0.9115415643442251
stream,960,0.9586904343726739,16.549376222653407,0.856998633106281
stream,961,0.9597539091780634,16.91787920885867,0.8742304637814512
stream,962,0.9608351871902875,16.97765358289707,0.8851032200431319
stream,963,0.9617383716952058,16.184323166628108,0.8191498088095839
stream,964,0.9623830559923976,14.452370769726633,0.6645218369036158
stream,965,0.9629970676886342,14.947087196056208,0.7188855594781686
stream,966,0.9634943135510984,9.51175488360336,0.5745660315954387
stream,967,0.9639728605734545,10.362480412738215,0.40952554802990654
stream,968,0.9643526534240304,10.16828514161619,0.4829440181109632
stream,969,0.9647289236409724,10.980979062010869,0.5459908629948551
stream,970,0.9649297793101842,8.18503972232332,0.5761465814967762
stream,971,0.9651433955239823,8.12961834440654,0.5846098079415282
stream,972,0.9652987782872705,8.58687572250427,0.5631820638462044
stream,973,0.9654542739852182,8.735375483291806,0.5794911665315481
stream,974,0.965528742414688,8.826318275416433,0.5905207500234226
stream,975,0.9655679830895035,7.335864073028461,0.5686632171164976
stream,976,0.9657192268680524,8.51396013696926,0.6196681043027116
stream,977,0.9659504053495271,10.149708642746774,0.6070130730263382
stream,978,0.9663261790811339,12.056692188990223,0.6070130847332502
stream,979,0.9667206777360586,12.628022680242887,0.5867810235766621
stream,980,0.9671756560753453,14.84717433985169,0.5952177040333128
stream,981,0.967653261571014,18.42906206107404,0.5870091289003706
stream,982,0.9681081139808797,20.979626648546873,0.5915859218700019
stream,983,0.9684872584469942,21.529338743132012,0.5915859206300831
stream,984,0.9687798385614921,22.579847680313588,0.5912946693095997
stream,985,0.9690434521141946,22.34447632605253,0.5314049572838149
stream,986,0.9692714093323597,22.243949948308057,0.5699300582152997
stream,987,0.969474240804517,22.066169444837424,0.5725453967809547
stream,988,0.9696510018454191,24.156158259794672,0.7633786241076969
stream,989,0.9698385281389907,22.28828320915154,0.7829528099714707
stream,990,0.9699715772826611,23.71624048391745,0.8644982912616072
stream,991,0.9701599384265557,23.099366593365982,0.8089836895387187
stream,992,0.9702833265532692,22.9606487447125,0.8063683643099566
stream,993,0.9703191443808695,22.426967359681342,0.8024189091221173
stream,994,0.9703460844101864,22.50780825834197,0.794210363385882
stream,995,0.9703629760315758,22.54194284916448,0.7702080247632197
stream,996,0.9703760842888013,21.97978425288977,0.6825498029611035
stream,997,0.9703796821057823,20.355706686036516,0.737679300379535
stream,998,0.9703249648793734,19.00957780699975,0.78132714540043
stream,999,0.9701372683241761,18.15830624835898,0.8351673718027599
stream,1000,0.9699026027284371,16.076116740033576,0.8430397948115383
stream,1001,0.9695169898378612,13.626655822923643,0.8672886346427631
stream,1002,0.9689540397988107,10.860578838121135,0.8776868414502043
stream,1003,0.9682587781576476,10.652673194666908,0.8593265835428551
stream,1004,0.9674879627062114,9.568871874471952,0.8684170400460628
stream,1005,0.9667778932885612,9.090490005785822,0.8682601996146289
stream,1006,0.9661054786597114,11.616194539311348,0.96067851778877
stream,1007,0.9652652463397264,12.549046292848011,0.958220031342347
stream,1008,0.9641760688371431,14.121678506208827,0.7066009367766863
stream,1009,0.9632745792903322,14.855258834233533,0.7920206675333372
stream,1010,0.9626227222509164,13.695394595724087,0.8443068829336187
stream,1011,0.9620786776615482,14.141983548206044,0.8828095825588669
stream,1012,0.9615559964698114,13.788119388976805,0.9064269103494961
stream,1013,0.9612052086209036,14.523021579573411,0.8941344800704184
stream,1014,0.9609360951024406,14.323942961174323,0.9402408164687038
stream,1015,0.9606067697804859,14.28378982464978,0.9345579945849545
stream,1016,0.9605781866595037,15.435382687995453,0.9626625516185136
stream,1017,0.960769820800934,17.69489741636984,0.9081868900645184
stream,1018,0.9609024040417745,17.087918038157728,0.9646914133139397
stream,1019,0.9609297837544309,16.95495765203947,0.90961074905475
stream,1020,0.9609347336518518,17.087863921329973,0.9259870540614603
stream,1021,0.9609965991251765,15.611234645620092,0.8927373624099544
stream,1022,0.9611744361082467,15.796140539905789,0.8741306263741635
stream,1023,0.9614377630107761,15.487879199498911,0.86551473798355
stream,1024,0.9618225818303299,16.5398300086166,0.8988988167315031
stream,1025,0.9623286738288539,16.445945173862057,0.9045816264580541
stream,1026,0.9629577406210279,14.885318017040632,0.819498016405391
stream,1027,0.9637153718826844,13.49602487024256,0.8194980173250578
stream,1028,0.9644797780459368,10.1064231038875,0.8128435911353666
stream,1029,0.9653695058646659,9.502866015736357,0.6718461543334008
stream,1030,0.966134957454778,14.956265028386747,0.7685458382600971
stream,1031,0.9667491052328784,15.626649831016255,0.7770945649427106
stream,1032,0.9671849139705734,16.797457586924537,0.7504769470560992
stream,1033,0.9672001371954614,16.978196805203112,0.7667188325230159
stream,1034,0.9664899364115265,21.136280399183885,0.8153284379658399
stream,1035,0.9652009338215787,23.193563326640053,0.811741541189073
stream,1036,0.9641081140826201,23.041528115878158,0.9246343413944011
stream,1037,0.9625614416047544,21.453874056035357,1.1371639847579331
stream,1038,0.961817532226735,27.296296727618806,1.3557266922625155
stream,1039,0.9615373288102819,27.717302649599592,1.4375411175441686
stream,1040,0.9621686223202612,33.95864555446913,1.5088373063565996
stream,1041,0.9629864984505963,36.03324019499262,1.6016141513666977
stream,1042,0.9635664543061655,35.939595330130885,1.6477204692973177
stream,1043,0.9644385856035067,40.078983105023774,1.7205076239345585
stream,1044,0.9652453694038989,39.66722287647066,1.7806663150011544
stream,1045,0.9661143961235352,41.581809598522426,1.7720504322050745
stream,1046,0.9664781035949671,42.97085874221999,2.0377664793814483
stream,1047,0.9668552610136643,42.88971242732235,2.13859080818957
stream,1048,0.9672075194090096,42.9845410002926,2.1343724711513836
stream,1049,0.9674165135234927,42.993352362753065,2.189210844859169
stream,1050,0.9675025325118259,39.735396568995014,1.9976831463913993
stream,1051,0.9674771714113379,40.69530338250408,1.9396021515376454
stream,1052,0.9673453169404443,47.488105507238146,2.0026489945411132
stream,1053,0.9672491292696516,46.91411301862813,2.200124259543904
stream,1054,0.9671449439521991,44.451765198981406,2.123589298434894
stream,1055,0.967081083082406,44.708820046610384,2.1453347929751896
stream,1056,0.9669972716286386,46.39291036691833,1.998452959678082
stream,1057,0.9669038342529435,45.82902830124998,1.913634198574637
stream,1058,0.9668526109832566,40.354943029432306,1.6464617729031088
stream,1059,0.9668619178762861,42.24749719426631,1.6923582298815427
stream,1060,0.9669292777603574,37.0075151500331,1.6004450058953932
stream,1061,0.9670852831589857,35.75683419994615,1.5166690318835367
stream,1062,0.967288889061146,39.40575018699684,1.4952820182335116
stream,1063,0.967418838094745,36.329434812845896,1.4435865278666629
stream,1064,0.9675321363467576,35.97926199986367,1.340953278860544
stream,1065,0.9674876218909435,34.272020467867485,1.3571951861017986
stream,1066,0.9673835546872672,32.90954694009249,1.0363495924955537
stream,1067,0.9670384153224435,33.678163039346025,0.9535269802535417
stream,1068,0.9665419660964433,33.467372023460356,0.9850167935369729
stream,1069,0.9659409687220036,33.64613514026236,0.9752948807203619
stream,1070,0.9655622155951841,32.313947066688634,0.9194442749708768
stream,1071,0.9653754417313658,31.58451423952542,0.9192426387440344
stream,1072,0.9651925886034414,24.001401809985182,0.8728410060682391
stream,1073,0.9648754868270882,23.661026795574415,0.6677397625057326
stream,1074,0.9645236313472233,22.155046491261736,0.6677397920341822
stream,1075,0.9642481866464692,21.45848826771476,0.6859431668654289
stream,1076,0.9641707316762465,18.16959900840627,0.6660919735548781
stream,1077,0.9642329989543397,19.175622083971458,0.5928568456204589
stream,1078,0.9641736114800128,18.802867694456182,0.5414710600518307
stream,1079,0.9643720144224023,17.518343097058633,0.4955746587251599
stream,1080,0.9647342946533434,16.32101313559937,0.48666342135062013
stream,1081,0.9652517793800185,15.639192494931917,0.47764014825648654
stream,1082,0.9659495653330378,12.004256978603609,0.44389756990577434
stream,1083,0.9665117446800879,10.953753759649517,0.43938390408086775
stream,1084,0.9671335552104483,10.797757028590643,0.46667782546237846
stream,1085,0.9677452323133304,10.638168104073609,0.4533689791334543
stream,1086,0.9681162371471483,9.881090567828526,0.45711271608336207
stream,1087,0.9681856101978833,12.198918471342974,0.46299722671971827
stream,1088,0.9681575863027019,12.092087929948788,0.6593298625998987
stream,1089,0.9680085270140576,13.871198017827709,0.6801668476599897
stream,1090,0.9678171617860863,12.716150742391026,0.7269046192530506
stream,1091,0.9675966761740968,11.356174000132558,0.7209040200811745
stream,1092,0.9673081413779295,11.087926913946832,0.7436211009776169
stream,1093,0.9669327143943645,12.667715568666722,0.7676234208838871
stream,1094,0.9664453023937006,12.886147724105477,0.7625455177065844
stream,1095,0.9661014845578674,11.282227991926005,0.7318663871516738
stream,1096,0.9659227952601652,11.331623234016185,0.793605527810976
stream,1097,0.96578871310208,10.263346740627524,0.7390625558183496
stream,1098,0.9656280066868006,10.26285079540425,0.7372130779133312
stream,1099,0.9655713306233017,9.507632170077821,0.6637680365459624
stream,1100,0.9653827537166083,10.744565705257733,0.6660248846661814
stream,1101,0.9652436246339061,14.218626250622762,0.9883270793445982
stream,1102,0.9651492739105363,14.27706100159385,1.0920662791886406
stream,1103,0.9650774076091002,14.29985892551338,1.080835032291271
stream,1104,0.9650950284100297,15.070086772729109,1.0538323849186062
stream,1105,0.965148877933398,16.715665599979015,1.0508993184117426
stream,1106,0.9652456591774596,20.777520495260035,1.0564253389948783
stream,1107,0.9651958115910131,21.976900806038806,1.037818656325182
stream,1108,0.9649423894382604,24.325476183962415,0.8251096796787275
stream,1109,0.9642881142224394,22.182003508507922,0.824325534828506
stream,1110,0.963398222803938,22.18565638367309,0.7642789683336647
stream,1111,0.9624413132091296,22.572184175144567,0.8115137113673183
stream,1112,0.9616446012592326,22.567616803736556,0.775308563076564
stream,1113,0.9610552938426979,21.234056238121457,0.7420365089852899
stream,1114,0.9611158697255998,22.61436127750133,0.7325651104114124
stream,1115,0.9613837171815492,22.602322321067355,0.8644719786378775
stream,1116,0.9619275229252523,23.006913750547604,0.8008609680490152
stream,1117,0.9628353190028248,23.341768295028626,0.8129293365914768
stream,1118,0.9637146886972161,23.360995330837362,0.8170356354532714
stream,1119,0.9644911819632949,23.14496797748481,0.814012927333789
stream,1120,0.9653322901603391,22.18486162819501,0.8170356230360439
stream,1121,0.9659466951141714,18.544089744357418,0.5040031641084809
stream,1122,0.966459658516914,18.35240629766545,0.4002863718850725
stream,1123,0.9669138951212364,18.604402866015725,0.40355550944743046
stream,1124,0.9671797423294364,17.798016210783633,0.3923915030258291
stream,1125,0.9673349698470206,16.39180645945403,0.40896950147131494
stream,1126,0.9673906967003432,12.502314929217546,0.41264600553693187
stream,1127,0.9673521585914362,8.0528754936638,0.4368947702823078
stream,1128,0.9671573805512553,8.089293391903754,0.4218933264561514
stream,1129,0.966898795434495,9.623065815587466,0.3508395492968873
stream,1130,0.9664676620518088,9.558040455220745,0.4199990042299666
stream,1131,0.9658212112163668,9.746829016080888,0.3857105015345963
stream,1132,0.9650054259536915,10.077147567954372,0.3855536248331078
stream,1133,0.9639936164532845,9.846892426098266,0.39820863106950477
stream,1134,0.9631072421943256,8.237530332866688,0.4076800318631904
stream,1135,0.9620641943210582,9.089798865004276,0.33013683732026894
stream,1136,0.9607392159861065,10.300027367828534,0.3307682637984358
stream,1137,0.9592366122853698,10.193011100463297,0.3738477771821227
stream,1138,0.9578457635598372,10.23414577743661,0.36786960104016647
stream,1139,0.9562567571098208,12.074578073239648,0.39514109101234385
stream,1140,0.9550830408215693,11.93659527224232,0.40334962555996895
stream,1141,0.9539641199047748,13.19606735291264,0.44920947837316433
stream,1142,0.9533049191697044,13.364625970029044,0.45108134453405047
stream,1143,0.9527845458257671,14.142728456273673,0.48176049303483465
stream,1144,0.9521297287614114,14.031394116998147,0.5021046313005423
stream,1145,0.9518930736449572,14.251981354453834,0.4848952083310066
stream,1146,0.9514445459021197,13.91702629793043,0.5052210421057984
stream,1147,0.9516399892025063,15.636518840443621,0.6003137710087343
stream,1148,0.951634440903717,13.146776684229994,0.6711657943856519
stream,1149,0.9516393456702376,11.59219992684188,0.6715466910891835
stream,1150,0.9514564664233456,11.736464217870758,0.6050025577557727
stream,1151,0.9517757386477262,14.062454503952253,0.6477908649867415
stream,1152,0.9520227164847687,14.71111424089796,0.6774760376503316
stream,1153,0.9522440655430113,18.467955981506048,0.692450970072179
stream,1154,0.9518482816603471,18.528551969689868,0.9345984938648706
stream,1155,0.9513568755933788,17.71230657246274,0.8839113191668456
stream,1156,0.9505565780489056,16.653432362367305,0.9165295475404878
stream,1157,0.9500766136687159,18.820202455897693,1.0916320516727107
stream,1158,0.9494303834115633,20.843886322472898,1.392989018694739
stream,1159,0.9489268933683319,19.049305467053752,1.4001811212836104
stream,1160,0.9484684369721322,20.519789259232514,1.4228981614292735
stream,1161,0.9481190825845115,20.03783080698187,1.385000373497523
stream,1162,0.9478837360942839,24.558638478114958,1.4467395103959788
stream,1163,0.9478031574675838,24.52008779194183,1.4086849162361137
stream,1164,0.9478373038640758,24.533988338193137,1.4270227255137808
stream,1165,0.948026738261673,24.135786144909922,1.4487457867997744
stream,1166,0.9482741692598511,24.188115123074663,1.4216759092129103
stream,1167,0.9485200882724399,23.46168445897409,1.2995133565585848
stream,1168,0.9487689164142754,23.844832358826753,1.2357903352713318
stream,1169,0.9488910630842433,25.398624066761258,1.217407708485861
stream,1170,0.9489103333393492,25.866693402364206,1.2238604533207138
stream,1171,0.9488031123425031,23.16748889970292,1.1741265060839012
stream,1172,0.9484246123249863,26.153061230520553,1.1965889506843241
stream,1173,0.9476145244365741,27.843035313424036,1.172702757279908
stream,1174,0.946137799489215,36.36635651677204,0.9176986074585655
stream,1175,0.9440921093421135,38.669614182776264,0.9872206308025046
stream,1176,0.9420137822691527,37.98215596866163,1.0266949238688055
stream,1177,0.939641865417874,38.06838352582499,0.8692988479599693
stream,1178,0.9380135970270984,36.24007350650382,0.7500877637421536
stream,1179,0.9363170099548637,36.13977286036122,0.718893321810759
stream,1180,0.9349448640259644,34.41325060918689,0.6825313624132959
stream,1181,0.9338364813441634,33.955235435561605,0.6821952508631672
stream,1182,0.9327003619357281,29.614275789234974,0.6191484637675874
stream,1183,0.932012585908599,31.692601830257097,0.6900004854638863
stream,1184,0.9313496606610027,34.01562041306574,0.6501228970348464
stream,1185,0.9306314165886618,38.61530626898329,0.6501229245432949
stream,1186,0.9302143525060751,39.54963292324168,0.6776632480590149
stream,1187,0.9297950892327556,39.57288407918486,0.6732432502004281
stream,1188,0.9288923272094922,40.48192932672198,0.8188173406041466
stream,1189,0.9276853032156913,38.92846272041732,0.8623083012509645
stream,1190,0.9270307293532779,38.76599650625503,0.8896022461611262
stream,1191,0.9263868407048867,38.48067422225874,0.9008334772102236
stream,1192,0.9261510711403675,34.510672358776645,0.8619946932038934
stream,1193,0.926467549734931,29.416036700124973,0.8709059533461522
stream,1194,0.9264511254954257,21.023569606010636,0.8892661910973861
stream,1195,0.9270607569356805,18.903707426825225,0.8540326696782968
stream,1196,0.9272742636681611,23.315316546097854,0.9645525747700641
stream,1197,0.9272242395142086,22.01827501895142,0.9383463440197772
stream,1198,0.9269635954884367,23.39919805441523,0.7567646737369792
stream,1199,0.9268025405192228,23.790241037665393,0.8877081178599049
stream,1200,0.9266829671554215,23.7880561406106,0.897067470974867
stream,1201,0.9261674728861577,24.735088371497366,0.913914359927064
stream,1202,0.9255998656714822,24.38802266862266,0.9605624356200123
stream,1203,0.924965024840286,21.263126084079357,0.8878385459482704
stream,1204,0.9239975429846428,19.419085354037602,0.9344866738541476
stream,1205,0.9232369408320584,19.953312027759637,1.0663302839439268
stream,1206,0.923058118735798,24.318299418381173,1.0361746515755836
stream,1207,0.9234047004383468,30.009667016801902,1.0470474239703162
stream,1208,0.9238788628688899,32.91618121018086,0.8924724631716721
stream,1209,0.9242875578778257,33.85631801999867,0.8624695942903354
stream,1210,0.9249458899103032,34.58992090121676,0.8351756729088247
stream,1211,0.9257406689923635,36.52829891771594,0.8239444406991633
stream,1212,0.9265215905769467,36.418968362528794,0.847512963691085
stream,1213,0.92702830788498,37.380863376103264,0.8826527510325057
stream,1214,0.9278457374899802,37.651234843262245,1.0225969217039572
stream,1215,0.9283709915853828,38.890829418743024,1.0799302625605245
stream,1216,0.928739968030117,36.918587365189104,0.8966640041328765
stream,1217,0.9288862759299122,38.40450282398572,0.851211568869665
stream,1218,0.9288165821215489,38.37363310366919,0.8632799147237844
stream,1219,0.9284577924138387,39.83202500790847,0.7249610263814994
stream,1220,0.9277404519734034,42.115330518601894,0.7126685952525462
stream,1221,0.9267118812852647,42.03430562193622,0.6879492903123133
stream,1222,0.9256289935536086,42.512356081278014,0.6497378658153815
stream,1223,0.9243385186977209,43.429368695824095,0.6497154600695282
stream,1224,0.923120847747933,43.057615855371225,0.7062198512924922
stream,1225,0.9224967903187667,42.67655920563103,0.7062200090015172
stream,1226,0.9217683215341458,37.800875168632246,0.758367645950546
stream,1227,0.9212175066546778,32.78888836934688,0.7547359297101175
stream,1228,0.9207128462482094,28.581675865553226,0.8189967506404889
stream,1229,0.9203003250981978,28.194214921955584,0.8107881959349932
stream,1230,0.9201216379927767,29.922165138600842,0.831405269198966
stream,1231,0.9202315425493757,30.453447421593665,0.8254270792737578
stream,1232,0.9202084044628992,30.458794897201546,0.8492459668013386
stream,1233,0.9205005250333547,30.813658046440338,0.8486858700890466
stream,1234,0.9207590281784022,31.14912270414962,0.6830060061357734
stream,1235,0.9210686614308349,32.4194862133938,0.6256726685199975
stream,1236,0.9211778034220268,32.637205623311246,0.8912687095649605
stream,1237,0.9213715315709772,29.912882335967335,0.9822856936930242
stream,1238,0.9218141597809656,29.273008208568093,1.017425613588744
stream,1239,0.9222072143104112,27.593224654451593,1.0191182605083644
stream,1240,0.9224563653331593,26.093267463571962,1.0246666796770094
stream,1241,0.9227042590658591,27.70784983120511,1.0249131228974766
stream,1242,0.9228983755489694,32.907202181775084,1.0251595869939196
stream,1243,0.9230818778263241,33.16857306808972,1.0584316456374652
stream,1244,0.9234306328542574,35.970199315402446,0.9951567524363502
stream,1245,0.9237617538267259,32.43085413663226,0.8421541132409436
stream,1246,0.923962108572172,32.74102317906042,0.7870734028227756
stream,1247,0.9240476248569931,32.898090353354895,0.795281939330182
stream,1248,0.9243848518076224,33.57218009216299,0.8845879779135953
stream,1249,0.9246897552665302,34.45177120916133,0.87734695759038
stream,1250,0.9249464839977137,34.054141630078384,0.8500754648974694
stream,1251,0.9251385983312753,31.77627567425533,0.8721794221823418
stream,1252,0.9251128429262615,36.45732645549093,0.9481093805050274
stream,1253,0.9251430089213981,35.89021603718095,0.928504592140113
stream,1254,0.9250327038488027,38.85409997780204,0.9817398080229087
stream,1255,0.9247819784939156,37.66094631426345,0.9474513037071428
stream,1256,0.9245208876497715,36.44959347239906,0.6824418775394947
stream,1257,0.9241987871460376,36.46262285951603,0.6117690247807128
stream,1258,0.9238616688752623,35.5231022749989,0.564627971103299
stream,1259,0.9234540691300214,35.427847724066545,0.5628233041490603
stream,1260,0.9230603465045785,36.70073736238396,0.6044158928191009
stream,1261,0.9227329847231899,35.77315857015836,0.5969284199183073
stream,1262,0.9223962639479775,35.03012236432744,0.6006049189038262
stream,1263,0.9219549403954898,38.09584067623617,0.5709197448798695
stream,1264,0.9215611473380204,38.93758360479168,0.5364561035765247
stream,1265,0.921249959295404,38.969596672560556,0.5758183483139929
stream,1266,0.9210877707730599,43.18989377652934,0.6089070925095881
stream,1267,0.9210699103548577,44.84868948267565,0.6134207595552806
stream,1268,0.9212650787915003,45.81854642362096,0.4931035515788212
stream,1269,0.9215421272645224,46.33099498561923,0.49732186520314453
stream,1270,0.9219352335219231,43.88026806702501,0.5841205443537212
stream,1271,0.922367425900269,43.742492856726855,0.5837396454399482
stream,1272,0.9230888470178304,42.93345968063557,0.5709727844733414
stream,1273,0.9237443981090089,44.29827207355604,0.5470866349422123
stream,1274,0.9244302756559982,41.79783914281726,0.501226854433889
stream,1275,0.924850927703429,40.809466090047366,0.497550353158772
stream,1276,0.9252314774339123,44.64146307526166,0.6244098193323342
stream,1277,0.9252091755652241,44.637303604875605,0.7434599570702204
stream,1278,0.9251686383498172,49.49210942465285,0.9401775026859314
stream,1279,0.9248498145203055,49.41126882553858,1.0667599671237766
stream,1280,0.9243573116216601,47.715822075384054,1.0316201155553226
stream,1281,0.9237505146218192,45.839836464801714,1.031732144236757
stream,1282,0.92291799323883,40.96583324852612,1.0223728023108414
stream,1283,0.9218808681534919,36.77144451305789,1.0187859193775322
stream,1284,0.9206956620865722,34.509196048566594,1.0605801645099087
stream,1285,0.9193600955825592,36.76195580677729,1.0212851320935732
stream,1286,0.9181119305319616,33.45755130971045,1.0092880469734475
stream,1287,0.9166785981263592,29.952661196150245,1.0347772494495957
stream,1288,0.9160200754213087,28.964567719998268,1.0107749309830487
stream,1289,0.9157030436146673,27.345581431471572,1.0174293739406592
stream,1290,0.9161681967372355,27.271472377145063,0.9463755923102529
stream,1291,0.9166617648776377,27.49878189978664,0.9375763871275286
stream,1292,0.9174317482841059,23.618967016324188,0.8191534368051601
stream,1293,0.9183061969522565,21.272539326678114,0.8173039495351977
stream,1294,0.9193724138628744,19.8307554739252,0.8252660341129242
stream,1295,0.9205157200116052,19.608630233785135,0.8289425804314557
stream,1296,0.9214992376019807,14.536509027733658,0.7232419966472471
stream,1297,0.9222316491643008,14.707296852825424,0.6225296655771762
stream,1298,0.9227371005795054,9.837105046230931,0.42874519862552757
stream,1299,0.9229577201830185,12.113579832521298,0.41654240162686096
stream,1300,0.9231599238657703,11.779726449457787,0.47663371030451707
stream,1301,0.9232130916140399,11.801774608756057,0.5080114965871326
stream,1302,0.9232119198367272,12.085646476584266,0.5063188747620129
stream,1303,0.9233744834414945,15.270721833996005,0.5467830734463446
stream,1304,0.9236393201458853,13.728564747704946,0.5917874767096456
stream,1305,0.9241956209563406,12.625791928973914,0.6957018495608609
stream,1306,0.9249687029208995,10.872128604230175,0.82754554142568
stream,1307,0.925750431472633,10.793015287906394,0.8075150760221839
stream,1308,0.9265930027140002,10.892065261704786,0.8618788493681889
stream,1309,0.9274700214504884,10.732492107593,0.9428072874217662
stream,1310,0.928236866491925,12.169158481314946,1.0248010223744128
stream,1311,0.9287609558677495,11.8961410116005,1.0455973426559821
stream,1312,0.9290588174571811,12.60468298892106,1.0455973426559821
stream,1313,0.9291912810571693,12.54287814702868,1.0841672299768639
stream,1314,0.9292565639556739,12.559105111740214,1.070522323965654
stream,1315,0.9290581857510148,12.86451751608317,1.1212094490095437
stream,1316,0.9287096516087615,12.713985944327913,1.1332064946712186
stream,1317,0.9282604145500779,12.69756557203494,1.1260143529441524
stream,1318,0.927591550400754,12.86007158814511,1.122427444010187
stream,1319,0.9267059483933274,11.585842940402273,1.0231612388209546
stream,1320,0.9258451957149264,12.098583350095996,0.9510687736732624
stream,1321,0.9248903085009604,12.143020886674863,0.9184505439392536
stream,1322,0.9240030759638265,11.839073063956029,0.9184505439392535
stream,1323,0.9232662867446187,8.661689739674342,0.8997318095001516
stream,1324,0.9226152448775716,9.786198102767884,0.8626670631622
stream,1325,0.9221330611853168,8.47528222085516,0.9116880412512733
stream,1326,0.9219423937318134,8.398297072512943,0.8223820834123733
stream,1327,0.9218288240806678,9.808858001148778,0.8429726471581218
stream,1328,0.9220646234470489,11.558311553108698,0.7830828839010513
stream,1329,0.9224641097234051,11.689399233984012,0.8716677304202691
stream,1330,0.9223988515827163,18.230824335664572,1.1524178305114794
stream,1331,0.9225236578005264,19.151242413637846,1.2461214034002168
stream,1332,0.9228976794029455,21.005081661469106,1.2500444108152964
stream,1333,0.9231113433609414,22.32682078736105,1.2186035426311732
stream,1334,0.9239542611453051,22.642424242972176,1.2367621410447738
stream,1335,0.9246704889623371,23.624752786207047,1.1860750151510078
stream,1336,0.9253056046888551,23.763201451182642,1.1995672135756992
stream,1337,0.9256666883606535,24.194044744418427,1.1668817681834345
stream,1338,0.9260970792074394,26.268671079837834,1.1761515062802046
stream,1339,0.9264798386307832,25.414116893639466,1.3268300199477816
stream,1340,0.9269496580182705,26.002348043166485,1.3533804567110082
stream,1341,0.9271011885070823,31.999028883429858,1.44552587517315
stream,1342,0.9270230058874971,35.56163702587804,1.4455258840782599
stream,1343,0.9267513370772004,36.18653907128509,1.4514103947146162
stream,1344,0.926166393793725,37.94377632229708,1.4356247639625324
stream,1345,0.9252887638707405,38.78412895257527,1.2857793145073255
stream,1346,0.9242191599607458,41.39725467343629,1.225082994875076
stream,1347,0.9229447228862571,40.42722377117182,1.1994145910184992
stream,1348,0.9212389576953034,38.949972612943334,1.1974530961198642
stream,1349,0.9194576022697287,38.744015444464196,1.037411194981253
stream,1350,0.9177935511836295,30.83941663043963,0.6529218966720544
stream,1351,0.9172284978463442,30.96762196563486,0.5526799777969389
stream,1352,0.9181119439483212,29.893175853589323,0.6809102235919686
stream,1353,0.9183075438634597,28.62851879340525,0.7756260605739748
stream,1354,0.9180476580920767,28.29558282936877,0.7557748386546372
stream,1355,0.9179450154585607,27.22367491795997,0.7600603855043535
stream,1356,0.917907008678871,26.99273558250833,0.7460977044208984
stream,1357,0.9176580646374276,26.496015758404045,0.7581660997576094
stream,1358,0.9172504049039327,24.349241952457913,0.7550985947834526
stream,1359,0.9174710418717004,24.426591728610145,0.5881109782402937
stream,1360,0.9175774634733908,23.472832064154726,0.6160363031476774
stream,1361,0.9174189938677467,18.755665492780267,0.5631858820565261
stream,1362,0.9170212495864055,15.220328614299955,0.574237836902452
stream,1363,0.9165889227754087,15.155811250917012,0.5635035772415341
stream,1364,0.9163583411985506,12.551263811207148,0.5254489815912881
stream,1365,0.9162350778584177,11.47251841808055,0.54890951167451
stream,1366,0.9162358248644299,8.936721631303726,0.5472168856967692
stream,1367,0.9163113400462338,9.276229066027817,0.5468359887349453
stream,1368,0.9165858931057612,9.822261447533815,0.548640643211713
stream,1369,0.9170728266420918,9.787707113266874,0.6097219566948069
stream,1370,0.917658439030643,10.618963180921897,0.7134611549127952
stream,1371,0.9178535382988404,10.114670784733127,0.6922575016868386
stream,1372,0.9178943231188127,9.845190321564015,0.5728264686868794
stream,1373,0.9180728503263297,9.758813005473266,0.5028299168074881
stream,1374,0.9178980204298728,9.80337573377573,0.5045225394126926
stream,1375,0.9173886976854697,9.508653216979683,0.4873131135091492
stream,1376,0.9173182765738354,12.527953447475594,0.47616744856840004
stream,1377,0.9172082260892697,13.44504275968356,0.5271459032520166
stream,1378,0.9174113825702332,16.132258550536427,0.5228379530856281
stream,1379,0.9174966549942546,19.29407860546322,0.5229051702944886
stream,1380,0.9174179968608835,23.23844547257443,0.47151931530388297
stream,1381,0.9167575111239479,21.982641261054518,0.5590165697483407
stream,1382,0.9155258354602939,22.611816543797076,0.5479646056674864
stream,1383,0.9139827298471449,22.007359431707513,0.5582731557936684
stream,1384,0.9126448449700992,22.453648559055136,0.6200123453439803
stream,1385,0.9116339575439754,21.537359576236696,0.6020778358438944
stream,1386,0.9110405032543198,22.513845229196903,0.7154717177798531
stream,1387,0.9109113719123835,24.111676574390845,0.7269982796824261
stream,1388,0.9107791063391508,26.909558235100867,0.7451568668393616
stream,1389,0.9107837159593589,29.242156556919124,0.6681513933659322
stream,1390,0.9107169821237847,33.05146957682608,0.5770671803220528
stream,1391,0.9104303437797107,33.00515650493426,0.6756347441588514
stream,1392,0.9098977513863635,34.35701106949847,0.6756347441588514
stream,1393,0.9093400299767278,37.765194731278676,0.6454790626451301
stream,1394,0.9085233952171838,37.761879276705294,0.7964895299330237
stream,1395,0.9075997948796264,37.515429884025934,0.8024676922917282
stream,1396,0.9066479593876089,34.79080559379128,0.7896110165295877
stream,1397,0.905849097589418,34.49237303260701,0.7321798034861805
stream,1398,0.9054668193210123,32.64128709851556,0.736286118595856
stream,1399,0.9053890829255976,29.459534126179697,0.762836523369929
stream,1400,0.9056176097587569,30.193038534403026,0.8423003775049152
stream,1401,0.9057843580654136,31.219436839344237,0.7876005928475964
stream,1402,0.9060920539440014,30.832262506450036,0.8026020612616672
stream,1403,0.9062614646527533,31.998744211091807,0.781600027940998
stream,1404,0.9072289808024687,38.44634534183752,0.8115499514306901
stream,1405,0.9086001956492331,43.08324137306171,0.8240256906386184
stream,1406,0.909483438717642,42.05211320986935,0.8763117523000848
stream,1407,0.9099656814297612,39.68655806022544,0.8599354105634872
stream,1408,0.9104983867872468,36.01001280578514,0.8658198592528387
stream,1409,0.9108476804941499,34.19716449203469,0.8686409009708618
stream,1410,0.9108830731562721,29.98694758998916,1.0095750977154996
stream,1411,0.9106371802251872,30.275557760203476,0.9176619388006209
stream,1412,0.9103377479985814,27.763436721521128,0.9131482454183403
stream,1413,0.9099562101404919,26.645881159068555,1.063150529205613
stream,1414,0.9097658098240874,29.29614243743923,0.9121400749754511
stream,1415,0.9094606986035817,31.629007779626377,0.909726404701245
stream,1416,0.9094590095226773,32.195827859871585,0.9011105168306882
stream,1417,0.9093540434355353,33.40314574264719,0.922112533635617
stream,1418,0.909067131029825,37.50315795021518,0.9797453969609011
stream,1419,0.9087428836560668,39.363750173330516,0.9587433956293858
stream,1420,0.9085694967817263,36.05982919841327,0.8773180499046057
stream,1421,0.9086836180640171,34.950963276202955,0.8450359123486234
stream,1422,0.9087724773393039,34.82657139828554,0.8281401702132566
stream,1423,0.9089483617708602,34.32188647986705,0.8238322197868398
stream,1424,0.909282808842244,27.33179229986377,0.7471445771015552
stream,1425,0.9094842712660269,22.674825698750947,0.7344223550807716
stream,1426,0.9096885056857059,22.650641385871204,0.5795031144267517
stream,1427,0.9098864363015596,22.636770235520494,0.5716306729502878
stream,1428,0.9099653588014188,23.4045053502251,0.5569469902189633
stream,1429,0.9098967300277208,23.85663271625277,0.55392429718678
stream,1430,0.9098350780506059,26.360453023452223,0.4022293963286081
stream,1431,0.9095954551007589,33.05982714115845,0.4117007433566502
stream,1432,0.9091645665706346,33.23233391961574,0.6076524134450774
stream,1433,0.9086008354966586,31.783902594402672,0.45408563855710066
stream,1434,0.9078773642101822,29.996674254205924,0.4564992964838695
stream,1435,0.9072633137479977,27.83831777112321,0.5566516604034887
stream,1436,0.9069133561898407,27.11359526340072,0.557780075693504
stream,1437,0.9067901225259807,25.48689692320865,0.5341627054371412
stream,1438,0.9066208117280323,21.290865244193434,0.5439701178528633
stream,1439,0.9065014990005407,22.885394610790897,0.8391472568384939
stream,1440,0.9062571931554115,22.412425234616734,0.8545967882596067
stream,1441,0.9060681861695525,22.875095769049015,0.8147864640521878
stream,1442,0.9058664610001043,23.16625647361695,0.8165687097325539
stream,1443,0.9058562050899986,22.58149265519083,0.8484169704886833
stream,1444,0.9058038035138198,22.8853212570953,0.85872549467615
stream,1445,0.9059811872862251,24.145125787905826,0.9780670075024425
stream,1446,0.9060565594254543,25.29388527944006,1.132986251207014
stream,1447,0.906242157986689,25.578590308478258,1.1369092365253155
stream,1448,0.9063941758264774,24.37468684745334,1.1644271362986514
stream,1449,0.9064721789384,23.958635466934847,1.1676963107135323
stream,1450,0.9065545276321936,22.343211370118542,1.1664558585568343
stream,1451,0.9065211371086038,17.52700477717987,1.1535992434493694
stream,1452,0.9065054827649274,21.78763729063155,0.9441595195483218
stream,1453,0.906304778076092,24.04515806275827,0.9658825787034305
stream,1454,0.9057792740227439,25.354280700838203,0.968905286822913
stream,1455,0.9058948632356492,25.708453857961842,1.0947708143866255
stream,1456,0.9059079747550776,26.412910544120347,1.166429497373524
stream,1457,0.9062886021338771,26.29317048883335,1.1797383165333815
stream,1458,0.9066667066504637,25.514131099740283,1.1080796970536588
stream,1459,0.9074873622824933,22.27346628295793,0.8466491922367289
stream,1460,0.9082996479892924,23.01207586367886,0.8463131323624498
stream,1461,0.908560275740111,22.561652755287383,0.88612349706843
stream,1462,0.9091595258903667,23.031164083086363,0.9242901595095137
stream,1463,0.9099749606966788,25.569454996955415,0.9177518505113164
stream,1464,0.9102535031034176,26.60299406363558,0.8967498159602949
stream,1465,0.9101951629297872,28.736041132479308,0.7774083216016872
stream,1466,0.9094087965591479,28.051527168270905,0.6374640673254324
stream,1467,0.9084725998754348,27.762891407062643,0.6307200408789555
stream,1468,0.9072906441340741,31.759006813169187,0.7578301914760648
stream,1469,0.9057356884432249,32.38285134132231,0.7615067192081998
stream,1470,0.9043527171744721,31.17969540007119,0.7701226066791478
stream,1471,0.9033945227344704,28.480429570107606,0.7615067238830677
stream,1472,0.9029759736686571,24.341007595914956,0.7798893380628095
stream,1473,0.9033133515308486,21.40825936891861,0.7587304914291152
stream,1474,0.9045575009795431,20.259118710924422,0.7626534996940713
stream,1475,0.9053770678424032,19.794553981156692,0.554794207975139
stream,1476,0.9062700530301245,19.22702623876491,0.4832475622545318
stream,1477,0.9066747996558513,19.58140763895949,0.4700955832678155
stream,1478,0.9069530879431166,20.644113996352676,0.47451554672722057
stream,1479,0.9073323440856218,20.44909149519065,0.435153286960924
stream,1480,0.907521571793053,19.232455483546875,0.4354893468352031
stream,1481,0.9075453984850748,19.90300750993986,0.47749334767803453
stream,1482,0.9073417718624516,19.1200766649012,0.520752028491461
stream,1483,0.9072549710766123,16.49167894300152,0.5025710482794186
stream,1484,0.9069952779699235,15.03431822902797,0.5056385325076136
stream,1485,0.9068395648818508,12.446126816810617,0.5365641072009016
stream,1486,0.9066225886938846,11.986932239151049,0.5493983307436191
stream,1487,0.9064961005267494,12.003766930183284,0.5449783414811727
stream,1488,0.9065153665516765,7.754644591208672,0.3774040311381219
stream,1489,0.906723184958851,7.201531906690458,0.4044066144739671
stream,1490,0.9069341012519693,7.095512063779365,0.4013391308356197
stream,1491,0.90722674389117,9.019020199191965,0.4558148886621065
stream,1492,0.9075931279906058,9.036689250086702,0.44295828356967576
stream,1493,0.9078363986971955,10.312040656987934,0.5469397459557657
stream,1494,0.9079182321770798,10.218543328787701,0.7471769414882942
stream,1495,0.9078486443208753,11.754460796268672,0.7344547198575536
stream,1496,0.9077819314558937,15.668603619981841,0.7597647054946304
stream,1497,0.9075509616925288,15.528083330333661,0.8294618423516289
stream,1498,0.9072493864991155,14.422499978100918,0.8362059091103564
stream,1499,0.9069741593107725,14.265054708124124,0.8375135747167879
stream,1500,0.9065923629840644,14.950440490296668,0.867516493911892
stream,1501,0.9064909206360738,15.19460664422702,0.785070696420396
stream,1502,0.9064007654033096,15.506108673340464,0.702516943349956
stream,1503,0.9065708807060255,15.536925876473694,0.7064399492668074
stream,1504,0.9067859451195804,18.029373905289916,0.8017383769809698
stream,1505,0.9072840170850037,17.752665320585972,0.7635717544599223
stream,1506,0.9078101626930517,17.85260177591225,0.7782371492801812
stream,1507,0.908513667543842,17.855211833546836,0.7782371579269973
stream,1508,0.9093611325149611,18.85889620194872,0.7954689850163313
stream,1509,0.9102554648869176,18.732813559234224,0.7591070260691355
stream,1510,0.9109642460214273,18.984958131466573,0.7546870368066892
stream,1511,0.9116281585858897,17.095087289135208,0.7055580417619481
stream,1512,0.912123168349021,16.73110451059729,0.7022888503793449
stream,1513,0.912411775872449,15.256243248431712,0.603721352194078
stream,1514,0.9124805244666332,15.044071581262298,0.41816784953397523
stream,1515,0.9122790969462407,13.521312867631334,0.4308900711647156
stream,1516,0.9119970048588899,10.883940610194882,0.4964850516332784
stream,1517,0.9116949268763134,10.671457401957744,0.4402760075216515
stream,1518,0.9113330616720791,11.009650038010616,0.4309166314600337
stream,1519,0.9109930988111739,11.84520566322358,0.45076782477058447
stream,1520,0.9105334955897912,10.942664744832818,0.40418695906415664
stream,1521,0.9100242524509627,10.047589260797892,0.4262909201874924
stream,1522,0.9091742919595316,9.755410714074246,0.4318393180355167
stream,1523,0.9083931764203629,9.72555428477936,0.424893639685032
stream,1524,0.9078086871369013,7.173092516114936,0.32210773971058015
stream,1525,0.9079052712597067,8.388289247077166,0.402793809007866
stream,1526,0.9077178084515674,9.49123814548931,0.5461783712058368
stream,1527,0.907934294355424,9.47159718517211,0.6171424692290051
stream,1528,0.9090003464792528,8.848320473760815,0.627114875557592
stream,1529,0.9111677578270696,10.599254445381941,0.670762706350627
stream,1530,0.9127711487862135,11.80182423624787,0.9345763932039848
stream,1531,0.9143430928925118,12.519896731282103,0.9345763763758221
stream,1532,0.9156009308076993,12.521229590768836,0.9454715281026526
stream,1533,0.9157934745685478,14.539499128753612,0.9872657872726678
stream,1534,0.9150101324151132,15.248487064530805,0.9656363931031027
stream,1535,0.9143060748929873,15.495019856936267,1.07133697954782
stream,1536,0.9135785428665492,14.53778539150654,1.0617453219006692
stream,1537,0.9132261040630149,15.507497164874607,1.045167322675097
stream,1538,0.9138038822826638,15.150115718592401,1.0748524374654223
stream,1539,0.9141515014574197,14.341361487761224,1.0593091888100108
stream,1540,0.9145029696957715,14.00153791855384,1.0713103444397376
stream,1541,0.9146343204047218,14.155212929608082,1.0621302394933647
stream,1542,0.9145148778398303,14.426683274492827,1.0578222801618373
stream,1543,0.9139779317444781,15.099898452490264,1.0518441033698096
stream,1544,0.9137030389410015,15.292625011721299,1.0560624238398841
stream,1545,0.9134224170991644,13.561687549173396,0.9795947078286662
stream,1546,0.9133505575424115,13.876935862611536,0.8215447943089129
stream,1547,0.9132800041473185,14.127980457052184,0.8525376399824041
stream,1548,0.9131708062955158,16.63544697227955,0.9939607022072643
stream,1549,0.9131219782044633,15.079372624744478,0.9799979843939222
stream,1550,0.9131415082225905,13.60620497814502,0.7968703692985548
stream,1551,0.9131469399337334,12.939677793826448,0.7915236177504387
stream,1552,0.9130503065340368,12.97506640014126,0.7764101449130293
stream,1553,0.9129072419237054,11.093074133052353,0.7292691334148125
stream,1554,0.9128078565010961,9.828533132822928,0.7565406082996908
stream,1555,0.9128476890505518,12.928211854760018,0.8123607830159532
stream,1556,0.9128877007733152,15.158089513934886,0.7460489350367504
stream,1557,0.9128112929974206,14.463518841033462,0.8005246947571466
stream,1558,0.9125302359208113,15.105504708895836,0.7679065069479489
stream,1559,0.9118860260195675,15.284661411408887,0.7652911970552118
stream,1560,0.9110957929549081,15.309776326782876,0.7743817067962158
stream,1561,0.9100038048795474,15.517291834821984,0.7786672765925859
stream,1562,0.9088540074990608,15.61979815425343,0.7767954059335993
stream,1563,0.9073858493042136,15.246258358461073,0.7785552453671885
stream,1564,0.9064332788048397,19.186720664554272,1.0021593737404735
stream,1565,0.9052395580762868,19.77124109576962,1.2617548106730156
stream,1566,0.9046280384865699,20.279163634195335,1.4034589426594353
stream,1567,0.9040081972158647,21.380730635177002,1.3034634813063406
stream,1568,0.9032190194775985,20.743309414623006,1.1408367658555236
stream,1569,0.9024134001784426,20.39122670257017,1.2761921238338985
stream,1570,0.9013650512642154,20.39702938242385,1.2269959010491311
stream,1571,0.9000647574086397,20.384414912176815,1.2435738985147264
stream,1572,0.8982124730441453,20.338353733699662,1.250814927484758
stream,1573,0.89635491743802,22.746601061697234,1.3333687444000228
stream,1574,0.8945617907227135,23.548979795583204,1.3127516957048357
stream,1575,0.8930233491696853,21.039413687707835,1.1294854388429987
stream,1576,0.8916571520376382,18.214237357876357,1.1598243949544278
stream,1577,0.8910200342350729,19.985714431213225,1.168977984190803
stream,1578,0.8909430818414309,19.46867419195439,1.2319575593457293
stream,1579,0.8914718073453812,20.51968640492904,1.2456024521404943
stream,1580,0.8927903179742511,24.089919563252078,1.2331266953164919
stream,1581,0.8944393316989415,24.30028776107154,1.2710244575617258
stream,1582,0.8963163186209967,24.843375650174856,1.2728963364661845
stream,1583,0.8983013702638607,24.698240953851244,1.2928595870669564
stream,1584,0.9001370648457023,20.57531566798121,1.0668418010269294
stream,1585,0.9020607197665702,20.289940816854795,0.8074479991606658
stream,1586,0.904050179643698,18.990919680415765,0.7405677213739301
stream,1587,0.9063815296468307,17.659450878349883,0.7540557876020407
stream,1588,0.9084578822940211,15.403108640143206,0.7498374597909521
stream,1589,0.9104111023098991,16.738672531905706,0.6539563773269516
stream,1590,0.912039267400869,16.936688921697378,0.7490489293463762
stream,1591,0.9135061131271892,18.599380555753548,0.8592631118625086
stream,1592,0.9147361242743336,18.96364948715578,0.8723661716205966
stream,1593,0.9158160711914337,16.461649656235178,0.7891809321956432
stream,1594,0.9168292874436754,16.23277510813734,0.7934216667133429
stream,1595,0.9180166533435251,15.362023155881207,0.833885867144178
stream,1596,0.9194600896083844,15.427824155355694,0.7993061546669965
stream,1597,0.9208794877980763,13.36227892635787,0.7410235570585368
stream,1598,0.9221553616329112,13.300447622500538,0.6780439821034157
stream,1599,0.9232065665171295,12.400233036035061,0.6777079239306435
stream,1600,0.9244245834534843,9.776462433922093,0.762021510314443
stream,1601,0.9250793215625658,9.15750555766587,0.7468407460148231
stream,1602,0.9255851459044797,8.508420592645027,0.7621782656467708
stream,1603,0.9262668708585459,9.116697177050721,0.7410193830671793
stream,1604,0.9270766003790473,9.238990647744686,0.754328217689172
stream,1605,0.9279272872170309,8.909019972646648,0.7571492594071951
stream,1606,0.9289812221071821,12.840564703735861,0.8251273398866705
stream,1607,0.9296663894800087,12.898461812153275,1.037500135745613
stream,1608,0.9299570999201995,12.953134829912486,1.041920099525271
stream,1609,0.930584239365142,11.29462260158621,0.9909192966375342
stream,1610,0.9314823047547905,11.03110364464796,0.8644489332314297
stream,1611,0.9324826021611208,10.461490914291105,0.8097492746896451
stream,1612,0.9333839078007206,13.293179300920634,0.8093684068531732
stream,1613,0.9343161394544119,15.071134186793635,0.8099998241679582
stream,1614,0.9351730080838354,15.895973737453588,0.7936906891771319
stream,1615,0.935804914662588,16.047924296006975,0.7704582655877475
stream,1616,0.9366136465675118,16.07282236827721,0.7584571147122448
stream,1617,0.9375626588919937,15.917830105529976,0.756200268924468
stream,1618,0.9381967498884618,16.522856924318756,0.7827507002929665
stream,1619,0.9386328886111407,16.92254698959907,0.8820169468947838
stream,1620,0.9389285283540647,16.710409919314536,0.7890874519642557
stream,1621,0.9391709081540086,21.700425219543874,0.8225795546903794
stream,1622,0.9394864055872283,24.928347822095187,0.8089346613659916
stream,1623,0.9397506717056352,26.761760223747,0.8173713230251376
stream,1624,0.9399209987512428,29.017024732670873,0.804062488853412
stream,1625,0.9399040893996384,29.80934743318106,0.8076941993225581
stream,1626,0.9399652203913316,25.333225513942793,0.6971743719736663
stream,1627,0.9401935095946165,26.645671871308554,0.48931527169768096
stream,1628,0.9405028468848664,26.59407126641778,0.5235772962802328
stream,1629,0.9408432565709515,27.188861695582823,0.5290361032229457
stream,1630,0.9412563258008402,27.461662947536254,0.5308855823774516
stream,1631,0.9416059886745738,27.627818156812186,0.47988475711772305
stream,1632,0.9418765185232497,28.686921953852323,0.5053739450322895
stream,1633,0.9419818701806512,27.958924269215316,0.5268464539250755
stream,1634,0.9417610219594571,31.438586183668264,0.5898932564299628
stream,1635,0.9410484317727662,32.43324011101359,0.6204563195870905
stream,1636,0.9398705158492039,33.10808118192877,0.6260047174351148
stream,1637,0.9385542704402805,33.84726308342678,0.6222609813446484
stream,1638,0.9362641630511254,40.902379092082825,0.7103448792037019
stream,1639,0.9351611513285951,42.03204111617415,0.6584661180624084
stream,1640,0.9354588887947353,42.98156422403559,0.9606032232733652
stream,1641,0.9349968915762459,38.77725174394445,0.8907491892328491
stream,1642,0.9344730578156036,37.415385621409996,0.900108518101034
stream,1643,0.934597860568506,41.94046080480096,0.9468197910238156
stream,1644,0.9349499537988423,43.61470235879251,0.9649783777304841
stream,1645,0.9354310510735993,45.97877258241941,0.9541056375112204
stream,1646,0.9356695495611611,48.32007060960577,0.8819459060092897
stream,1647,0.9359836407583714,50.67281907985539,0.8620946907943845
stream,1648,0.936545654536266,54.94427984430071,0.825374184915319
stream,1649,0.9375043433028563,56.12154835925761,0.8108248693319404
stream,1650,0.9385176591516152,56.80207887224691,0.80886336155796
stream,1651,0.9392927268958899,55.899482600458114,0.7871178334215847
stream,1652,0.9396907020282552,51.68019724409526,0.7525381890038105
stream,1653,0.9397375488062805,53.57238376415764,0.8706250172994103
stream,1654,0.9396701098600369,51.098342019656585,0.8070140124255114
stream,1655,0.9394716953433608,58.168313917199434,0.8416874314927946
stream,1656,0.9391135016259581,62.57958092023986,0.8416874314927945
stream,1657,0.9385408736463439,64.96989354690743,0.8454311680430936
stream,1658,0.937751796930412,63.94272980558467,0.7773776991272411
stream,1659,0.9369510075045338,72.21862144792482,0.740298740054861
stream,1660,0.9342979515581532,77.52998657410143,0.439402087860045
stream,1661,0.9299982244948864,79.94148958951935,0.4487614514324536
stream,1662,0.9284445411550706,81.10590933633418,0.44483850681817644
stream,1663,0.9334272984550491,75.50892955822252,0.39284770808077235
stream,1664,0.9372575336175096,71.61236488118476,0.4646856584822943
stream,1665,0.9397926905469983,68.45522762478649,0.46649033299257703
stream,1666,0.9413105658474848,68.43240544678274,0.5704719231111408
stream,1667,0.9420373902359264,73.16135432684051,0.642018514291642
stream,1668,0.9420519006284275,85.13055043364129,0.6940093254445369
stream,1669,0.9412553526272293,99.28019124773434,0.6813767433366433
stream,1670,0.9405496066027274,99.04605044460139,1.084395271522059
stream,1671,0.9394945315696037,104.02883184734031,1.1486785017745316
stream,1672,0.9380227908010543,106.31330140540507,1.1632277606097121
stream,1673,0.935768372994574,108.82194374934704,1.040246401784374
stream,1674,0.9327167664011607,106.98295408316632,1.12269225718461
stream,1675,0.9306541705283683,104.72369800680403,1.44502490837122
stream,1676,0.9296190861731243,102.99142572885842,1.4517689583541988
stream,1677,0.9293809849358144,107.14500492636029,1.4649209649698147
stream,1678,0.9295845145792108,106.32891059645205,1.4195805430445987
stream,1679,0.9308316635332805,120.09871955704192,1.6390111093317514
stream,1680,0.9320361337006883,120.66771654763645,1.8057442089978593
stream,1681,0.933131397506119,127.5875471980366,1.801821243707415
stream,1682,0.9344054478013075,128.82158828481937,1.8149243453322428
stream,1683,0.9361489008570923,134.15289680153498,1.8171811794052584
stream,1684,0.9385439828282203,134.35015704069906,1.8519624514876258
stream,1685,0.941334924084531,134.51922366968748,1.8490293617666844
stream,1686,0.9441057232647112,132.9979933259315,1.7571161183425485
stream,1687,0.946505875314324,127.26127061678928,1.8821893141007229
stream,1688,0.9485054617003038,111.638664826665,1.866403674579202
stream,1689,0.9499669605369101,96.90957030172794,1.8664036782780853
stream,1690,0.9508890336283591,104.33090489224836,1.5448104893206507
stream,1691,0.9511949125750291,106.08442565922,1.486527828065437
stream,1692,0.9511227391997414,116.92389618246142,1.4814499235373335
stream,1693,0.9504367885477842,115.22365584715678,1.604431276781625
stream,1694,0.9491897104602891,117.37517134844101,1.5225496290770537
stream,1695,0.9477790407746947,115.82642976183193,1.1239509378510886
stream,1696,0.9463543950949742,118.67022227638084,1.1147484026013816
stream,1697,0.9448836593572908,113.80409261548283,1.6730223630138648
stream,1698,0.9432758857843717,109.1330204387218,1.6803978270595201
stream,1699,0.9423869982408211,94.74279034796903,1.5739761505515906
stream,1700,0.9417976069182256,88.7620812251468,1.5465253718424459
stream,1701,0.9417956682400019,89.16963722228442,1.6777152337165149
stream,1702,0.9420299570459084,93.12683146173617,1.6593325873495466
stream,1703,0.9419203181268195,97.13466221689636,1.6593326018565835
stream,1704,0.942005905315381,104.08971764429035,1.5439141674275
stream,1705,0.9429091588165268,107.50841709979457,1.5653867006931712
stream,1706,0.9447234352580556,109.67800495732688,1.5533855660711686
stream,1707,0.9473774165101074,107.1614906317347,1.410606044149058
stream,1708,0.9491699667235999,106.56195240821232,1.3744008725176835
stream,1709,0.950921229326004,106.84737527962892,1.4148426653976756
stream,1710,0.9528346038606536,99.79028656992412,1.3406583468829525
stream,1711,0.9543659671013568,99.24368925944499,1.398941008138166
stream,1712,0.9553586753085693,97.95228198160812,1.389760883054813
stream,1713,0.9558630176029823,96.79840545990788,1.3769938113181381
stream,1714,0.9554942969145452,104.12893850902742,1.4498481282436366
stream,1715,0.9545366151122635,104.62062966805705,1.483594817398804
stream,1716,0.9537535411450442,100.2061903432999,1.5197999383246137
stream,1717,0.9543073844607479,98.17831234177027,0.9663757007379489
stream,1718,0.955076014144872,97.29428391968109,0.9576925808386563
stream,1719,0.9560700761374451,87.77547483563981,0.8507514815695103
stream,1720,0.9564108880204075,86.18767431904755,0.7095972848869135
stream,1721,0.956890173725767,80.98920113729827,0.6968303514967213
stream,1722,0.9575560140035395,82.3832346257361,0.7148320700828356
stream,1723,0.9578546340896699,74.18229426469478,0.7920391217325992
stream,1724,0.9579827869699475,73.01856236215856,0.8123648966807047
stream,1725,0.9578558734088546,73.01630784118188,0.8031847936941111
stream,1726,0.9575921850547066,74.67522774737547,0.8115542381443966
stream,1727,0.957564401429137,76.48961978669465,0.7650894285981963
stream,1728,0.9574675292183036,76.4674929794923,0.8170801922317472
stream,1729,0.9575713367115074,81.31902965898327,1.059138277627551
stream,1730,0.9574268098823306,80.23085087981117,1.191291685552894
stream,1731,0.9576047521334102,73.75982474018002,1.1287907196404472
stream,1732,0.9582961779817274,62.23670273099806,1.115844479362387
stream,1733,0.9591316608883022,61.96516758413566,1.0013446562151882
stream,1734,0.9595152223457233,60.92522885334478,1.0013445996550776
stream,1735,0.9599468332199647,58.19701645255315,1.0250291021533802
stream,1736,0.9605255866562425,57.67384482765666,0.9856668511695542
stream,1737,0.9607858038531563,69.73118511346458,1.162435541126939
stream,1738,0.9610615886549412,73.2313851159427,1.2254823843206457
stream,1739,0.961486871102541,73.89496427946199,1.232159193688276
stream,1740,0.9617531490834259,76.75301705264984,1.2597667304578513
stream,1741,0.9625170364809293,71.43019046521816,1.247608606464828
stream,1742,0.9628193282219404,61.396517863479374,1.2276453847930948
stream,1743,0.9626965477106916,61.602755281397755,1.217184087367559
stream,1744,0.962797861876331,57.2128205779634,1.1845658537990125
stream,1745,0.9628460549816513,53.70583091481971,1.2053622083289153
stream,1746,0.96306503675236,60.42945802345834,1.6011398438009743
stream,1747,0.9630795150898893,63.15112475642157,1.6396649456425587
stream,1748,0.9632243117905039,66.46313195847185,1.6396649931619032
stream,1749,0.9634687162292819,66.62898867140838,1.3571427090215429
stream,1750,0.9639836776346686,68.88298913731813,1.2497086074063655
stream,1751,0.9644758687416805,69.09422830880303,1.2651581460310608
stream,1752,0.9650050446627272,68.84721235314343,1.2781044322024118
stream,1753,0.9651018010962139,66.46608043213088,1.2984302659772036
stream,1754,0.9654431545202768,58.644476138945706,1.2654535925409087
stream,1755,0.9658821574806542,59.19140186139898,1.2110899394542003
stream,1756,0.9666917899194635,61.33679466057443,1.2142470451410885
stream,1757,0.9669764288398485,57.5533883202693,1.0891738721393334
stream,1758,0.9674909709456604,61.98212345709829,1.0345637046463185
stream,1759,0.9677100752086956,66.24641385739778,1.0218190690884006
stream,1760,0.9683088405935733,67.20707446954064,0.995971379085599
stream,1761,0.9691959024045282,73.29777951126991,0.9028096448315625
stream,1762,0.9692681866514323,76.16306951472704,0.9561569459013199
stream,1763,0.9697736706690403,73.4945684167391,0.9762097793504555
stream,1764,0.9707593929807589,72.17458403080968,0.9755559542754568
stream,1765,0.9720441001776785,72.14968710946243,0.9478139213950691
stream,1766,0.973383152004496,60.75187153977619,0.5599087533381888
stream,1767,0.9746656856476443,58.137553771653046,0.5672434598297056
stream,1768,0.9760266946538128,56.33019940287163,0.5121627426564429
stream,1769,0.9770529649667996,59.37286608235076,0.6396088949494795
stream,1770,0.9778959324420308,62.031446608737454,0.6188125746679103
stream,1771,0.9784292133224555,65.19486195997641,0.6108505309224906
stream,1772,0.97876418441061,72.914563952589,0.6451389877245702
stream,1773,0.978800398694261,74.45410742713648,0.6456094350233587
stream,1774,0.9785040236096268,73.13135384291472,0.622377064348027
stream,1775,0.9780001474554596,70.37105616132105,0.6257622935549223
stream,1776,0.9775070487154618,67.25623739214835,0.6226723997502208
stream,1777,0.9770019394744088,58.84302699251479,0.5764356838962115
stream,1778,0.976798472666308,55.92119978254629,0.6408533183450549
stream,1779,0.9764837883629705,55.23358071294207,0.617235993015129
stream,1780,0.9762319716628723,54.58319767005885,0.6244770141184292
stream,1781,0.9761175863068382,55.62464478115029,0.6085528835754548
stream,1782,0.9760267605693063,59.07960170765837,0.5552055911525142
stream,1783,0.9763155825379449,63.11546045257513,0.48415190163416627
stream,1784,0.9767950749190318,71.08397633534312,0.4934216584473477
stream,1785,0.97745587131336,74.61673649722113,0.5206931714224998
stream,1786,0.978404923042178,80.37009751030793,0.5043840372117606
stream,1787,0.9793828157247033,78.49961522000436,0.899687201365966
stream,1788,0.9801102369124308,77.05511592637069,0.8990333708360347
stream,1789,0.9806227248211651,69.70460000849621,0.8352206783081274
stream,1790,0.9810830317267701,70.79909252207788,0.8695091151560681
stream,1791,0.9812533294664016,70.15638248262405,0.8664415913354849
stream,1792,0.98131551902947,64.56633202719257,0.8198606802579922
stream,1793,0.9810271215515975,69.15745961725875,0.8412476805148047
stream,1794,0.9800897391681552,75.3608881670537,0.8257981051467088
stream,1795,0.9786353074140087,82.57486476238167,0.8167300268904681
stream,1796,0.9761115901846972,83.74321674517174,0.8803594251867799
stream,1797,0.9728036522822068,83.93751895382661,0.8531775619453864
stream,1798,0.9705547064878967,79.1190853559353,0.8275315175456907
stream,1799,0.9696882765224274,74.85409676028775,0.8572166677055373
