segment,end_index,PW_WTC,E_CCDC,CD2_P
stream,0,,,
stream,1,,,
stream,2,,,
stream,3,,,
stream,4,,,
stream,5,,,
stream,6,,,
stream,7,,,
stream,8,,,
stream,9,,,
stream,10,,,
stream,11,,,
stream,12,,,
stream,13,,,
stream,14,,,
stream,15,,,
stream,16,,,
stream,17,,,
stream,18,,,
stream,19,,,
stream,20,,232.00506519053027,
stream,21,,221.93115564017938,1.1739601782443145
stream,22,,213.18505237719413,1.265217472989204
stream,23,,186.80966996198768,1.3462986130025962
stream,24,,170.51990986539064,1.3151306507139815
stream,25,,150.35160254526096,1.3073620777235244
stream,26,,152.38917214685142,1.150167538705431
stream,27,,157.5380006759451,1.1722266886114459
stream,28,,126.12073526108081,1.2356054491560602
stream,29,,118.77382145074057,1.2781961559681474
stream,30,,117.84012465728287,1.3896591219310075
stream,31,,117.11845193117998,1.3867219688293075
stream,32,,117.0217641211693,1.3827704643596979
stream,33,,142.44890661126476,1.545134427121475
stream,34,,154.43251444985268,1.5979032550440557
stream,35,,179.90996789272654,1.5583984218495162
stream,36,,199.35295635640674,1.5737053876789
stream,37,,208.51764245294285,1.58246187399251
stream,38,,228.25065838227573,1.5824618739925103
stream,39,,261.0099074079712,1.5931940924394978
stream,40,,274.9896847619503,1.716880209537676
stream,41,,276.452153257265,1.9462933818328108
stream,42,,273.16769370185705,1.9199446120254589
stream,43,,273.06810443411507,1.7269382232032644
stream,44,,273.07492397153015,1.7225263994422677
stream,45,,278.3141912551225,1.915302628203611
stream,46,,280.84273692714333,1.7991570045778496
stream,47,,274.49382641280306,1.7637258669557552
stream,48,,275.1818947430951,1.4317264505051048
stream,49,,279.21921467587015,1.453125713449807
stream,50,,262.93483346044576,1.508695191367896
stream,51,,245.96105038811328,1.532000886657332
stream,52,,232.04470625196404,1.5293346407160007
stream,53,,221.18845853822177,1.8485182228758905
stream,54,,203.79961162740054,2.10369561446643
stream,55,,181.0036237098193,2.0933157978549817
stream,56,,164.72260257108175,2.0790374377288017
stream,57,,150.60997243486455,2.116700932049059
stream,58,,128.3051992722199,2.107186784872159
stream,59,,95.92482190781985,2.083219078008989
stream,60,,81.44005834736207,2.103964463817128
stream,61,,79.99362274014925,1.8690578820001678
stream,62,,79.97059351054189,1.8012121950032256
stream,63,,80.62032994804933,1.8462531535477216
stream,64,,80.59142562490887,1.8565250034094383
stream,65,,75.61684943015526,1.673601055259127
stream,66,,68.25990376794849,1.6660626572626747
stream,67,,63.31336786074583,1.6592147568071909
stream,68,,62.912021067061865,1.6081527533850122
stream,69,,53.490576366518205,1.4417801863825384
stream,70,,53.14334237803841,1.270064989253663
stream,71,,51.97651088607524,1.2647733008117015
stream,72,,53.32406883703053,1.5171094162317802
stream,73,,27.802185533420946,1.0865851489575689
stream,74,,23.957355328570554,0.7786389265974084
stream,75,,18.841254422827525,0.850246607029949
stream,76,,12.378834940617866,0.8532102435778907
stream,77,,10.948647944369794,0.7951374328711155
stream,78,,10.779564071647698,0.781441607685325
stream,79,,12.053742607564516,0.7965184321646114
stream,80,,11.434794877862576,0.7184559009125148
stream,81,,17.625937638074667,0.7812665052458847
stream,82,,17.81501407121365,0.9515070060556936
stream,83,,18.328532220275697,0.9093624615312185
stream,84,,18.328004939757612,0.9490567867398866
stream,85,,18.68486773604922,0.964485982644638
stream,86,,18.979838624062964,0.9567174146571236
stream,87,,19.215671106796574,0.9750959952500149
stream,88,,26.022826238630643,1.1468111639170933
stream,89,,32.60715476902796,1.10476233332382
stream,90,,61.926691851155454,1.397171556093885
stream,91,,65.15656323283689,1.7978946136778458
stream,92,,95.63059774276238,2.0774613576969636
stream,93,,113.64674523335039,2.0959621111211093
stream,94,,133.4788471385467,2.0967605546227994
stream,95,,156.65953646249778,2.024002072876788
stream,96,,177.954826415436,2.022676087606895
stream,97,,195.03402506069193,2.028008565353886
stream,98,,213.18806676584302,2.0285768486401414
stream,99,,233.96599371972462,2.026735538981241
stream,100,,265.4313139270622,1.983576509905159
stream,101,,263.7324563912934,2.3512900797312395
stream,102,,264.15323504497644,2.2488953212122746
stream,103,,263.0323905060351,2.2774112782546676
stream,104,,263.0505962095133,2.234482430814607
stream,105,,263.2311584923143,2.232410957746228
stream,106,,263.8387524518213,2.3686970539473258
stream,107,,266.46678033294586,2.388240668563575
stream,108,,269.24350628080373,2.2907588079175722
stream,109,,265.2355183214745,2.376386240157545
stream,110,,238.62589881324683,2.068250480628526
stream,111,,240.06420247673714,1.6553062570839796
stream,112,,209.64392711032488,1.1466133646881929
stream,113,,202.0924594093263,1.1466133078587122
stream,114,,202.316199789877,1.1908559129091882
stream,115,,187.7434881827662,1.2506071156412895
stream,116,,176.635550399955,1.2489694723319402
stream,117,,173.05706589618586,1.2467228352351851
stream,118,,166.5221878717589,1.2467228415926275
stream,119,,150.17141693032053,1.2517843977628844
stream,120,,128.13907313862393,1.24856415228967
stream,121,,124.53981243209044,0.9293806276226003
stream,122,,126.51007031981182,0.8707924088917697
stream,123,,139.0674062338851,0.9513052816484819
stream,124,,139.25575840268326,1.2923688386227155
stream,125,,138.58196072092002,1.2691588393490316
stream,126,,141.8005267373048,1.222412956813094
stream,127,,139.1792549351476,1.4549079371095397
stream,128,,129.3943930723431,1.3663962692468798
stream,129,,129.22455993840714,1.4044549473065102
stream,130,,130.257403561183,1.409787440515834
stream,131,,125.35904524203062,1.468387768550107
stream,132,,123.56672827161586,1.4564110368707004
stream,133,,115.2683971694204,1.3797010438962973
stream,134,,97.7468110036834,1.3354584513252261
stream,135,,88.20645741288192,1.3764114573144997
stream,136,,77.84447467669976,1.3802957417755903
stream,137,,67.83013101381978,1.4474509159953424
stream,138,,57.99856117440373,1.4535003803108042
stream,139,,53.654946149675716,1.4352033098647867
stream,140,,48.91415456749594,1.435203310929468
stream,141,,48.448145907247046,1.3486145308832982
stream,142,,46.11623031827173,1.3371511074727909
stream,143,,33.567569140110514,1.2486659685766017
stream,144,,33.42258068051872,0.900984670512675
stream,145,,34.07159509771156,0.9298652428393894
stream,146,,30.487335328683322,0.8413536430007156
stream,147,,35.27347740669705,0.6288198995336904
stream,148,,36.5879765957949,0.6886668491662602
stream,149,,43.10211190210215,0.6506081711066298
stream,150,,46.48516757041702,0.6483615198496343
stream,151,,47.42305400608932,0.6823057430159662
stream,152,,54.11167408285796,0.7672426995951799
stream,153,,61.62873482795696,0.7651447211572665
stream,154,,69.86018297627426,0.7641568409783861
stream,155,,95.84096940621978,0.7641569706006737
stream,156,,124.74263548815136,0.7658617883213826
stream,157,,130.11926348500387,0.9044616704177743
stream,158,,141.99129839212017,0.9210539197514378
stream,159,,154.2646763160156,0.916709294999057
stream,160,,159.204836554053,0.9120265669871392
stream,161,,177.93573406381728,0.8759457685803707
stream,162,,188.56683176983293,0.9138679987652983
stream,163,,196.8747457774588,0.8955709592493923
stream,164,,198.9414954791855,0.965392389578099
stream,165,,199.00062009970452,0.9442803678528737
stream,166,,198.78411913444776,1.0327920235618087
stream,167,,193.74618043220136,0.9771145033576571
stream,168,,198.52442391511218,1.1752495964588028
stream,169,,199.478727988676,1.1096119146428733
stream,170,,200.38070867246464,1.1067155038845242
stream,171,,227.5985273168359,1.2479410795429937
stream,172,,238.95622746264218,1.1699193006340365
stream,173,,248.60342121851897,1.170379635347989
stream,174,,249.78140033243136,1.1940092291759947
stream,175,,257.6046550044983,1.2644273713921077
stream,176,,256.0860650002956,1.271505477281423
stream,177,,272.2010114411007,1.0636524539010213
stream,178,,266.62444826372246,1.2126587774123379
stream,179,,278.131414277671,1.3898307516555863
stream,180,,276.56488443217154,1.5769608381425593
stream,181,,265.38810316985735,1.5271840963198653
stream,182,,257.8794103253228,1.5127019990354778
stream,183,,253.11135943064272,2.0396918193949185
stream,184,,252.47214793056935,2.390583211166836
stream,185,,251.68875021281292,2.400963073754189
stream,186,,255.740463377795,2.513859853333906
stream,187,,255.93686121853946,2.6235791902028516
stream,188,,256.87218312390513,2.5367846967853684
stream,189,,247.16259351645397,2.8934280584073497
stream,190,,240.22192822376468,2.9014267736712736
stream,191,,211.7813356655388,2.7355816437283775
stream,192,,193.61491542147397,2.7968094854285592
stream,193,,175.16178357957594,2.953800233897593
stream,194,,162.93058597551922,3.0201305065487234
stream,195,,129.73550683673474,2.871270896541357
stream,196,,102.91402664169247,2.9369514367227914
stream,197,,79.89387896326535,2.9412960561332953
stream,198,,77.00496251517832,2.794361204495661
stream,199,,50.70554739045156,2.7127912117286614
stream,200,,43.16666972443255,2.513020405199054
stream,201,,38.16186367627785,2.5385320422035504
stream,202,,43.89742184602582,2.567860780571421
stream,203,,40.948565015556206,2.2229802809905768
stream,204,,43.67026695077883,2.1099835230677235
stream,205,,43.91093119313954,2.1813753214638134
stream,206,,39.88724400849462,1.978938268174955
stream,207,,46.827143287968795,2.039459422978963
stream,208,,48.23350348986487,1.867811546632882
stream,209,,51.18884843212193,1.5609998547479402
stream,210,,59.59978182227525,1.5952801748199794
stream,211,,65.8067085381091,1.5348935826609875
stream,212,,67.88896823287557,1.4708242686745046
stream,213,,77.63994377421626,1.379173769874625
stream,214,,86.89570533156792,1.2922997332658515
stream,215,,91.7329530779353,1.2834087889706007
stream,216,,96.76544873363713,1.204600699882137
stream,217,,119.09876550197401,1.4520239132687927
stream,218,,124.46587904023869,1.550428555200466
stream,219,,126.14671431284961,1.5905443969347433
stream,220,,131.6837852631463,1.6230383423095507
stream,221,,132.21893408223568,1.6055254205689775
stream,222,,129.45212333237703,1.5711350996266469
stream,223,,129.12495995330625,1.7191024977872031
stream,224,,125.61687428949433,1.4140526881582158
stream,225,,125.57091069032805,1.4002061660664884
stream,226,,126.12735904400719,1.4139019921378106
stream,227,,119.27489345921879,1.2793778231171613
stream,228,,113.02327495184308,1.2900427801732834
stream,229,,110.19086498769667,1.2622701906054739
stream,230,,104.38059039238773,1.4725574317607601
stream,231,,105.30844591867005,2.1064681130493046
stream,232,,104.00076588991618,2.1407077060009643
stream,233,,97.63617253521697,2.0943285354365266
stream,234,,94.78250913163617,2.0965752127229056
stream,235,,91.85720890392156,2.118634433307547
stream,236,,92.16942405440804,2.143347631309759
stream,237,,75.0015295963823,1.8959244173784797
stream,238,,65.95922443493075,1.829891518656262
stream,239,,74.13823724420338,1.80530050110505
stream,240,,72.29447004228513,1.8196868451541457
stream,241,,75.32282245243216,1.816831192450191
stream,242,,76.96274304198677,1.7997114206621683
stream,243,,82.51062515810318,1.4713395712796116
stream,244,,86.43695070926871,1.472665541563985
stream,245,,88.6001631457752,1.4068241481515609
stream,246,,90.16330980647444,1.3931283262539602
stream,247,,90.47524177963227,1.378646258444979
stream,248,,88.67352271135674,1.3671828547176916
stream,249,,88.37748139576739,1.3291262541429192
stream,250,,84.77774828574289,1.0949385270676497
stream,251,,78.18003702295663,0.459416700415216
stream,252,,78.35873232813245,0.4280185513145611
stream,253,,80.61180492805644,0.45757534877693573
stream,254,,75.19903538128492,0.5422025874195866
stream,255,,95.52088218000344,1.0320563865701042
stream,256,,94.95272661859389,1.2314504099604981
stream,257,,95.09218346039306,1.228513257224273
stream,258,,96.8498309921539,1.196141481758026
stream,259,,88.27954656626312,1.0997533952628047
stream,260,,97.26361711533208,1.222423098942076
stream,261,,93.18681965312413,1.3952503635203726
stream,262,,100.40690113084173,1.5812438811191434
stream,263,,95.91045979626963,1.8161647272526946
stream,264,,94.2669601641021,1.8220247861395897
stream,265,,100.04883666262279,1.8698257080068936
stream,266,,98.51713022865464,2.0061118069628585
stream,267,,98.03381150821494,2.0437773119652243
stream,268,,105.12847669458753,2.2367837923798493
stream,269,,105.11793012570203,2.4512525482839465
stream,270,,111.09350935493032,2.610844326006232
stream,271,,110.82591856765707,2.728601141043538
stream,272,,113.61972051996332,2.8107659570235857
stream,273,,110.72352576731802,2.7617877520999836
stream,274,,115.48915848626945,2.6800161872122765
stream,275,,98.23261206162258,2.1478833098343437
stream,276,,94.71858052105426,1.9583680067673053
stream,277,,91.75178210688797,1.976381983438192
stream,278,,90.68539971539077,1.9577183113762435
stream,279,,95.59859484864126,1.9577183104415752
stream,280,,89.71121973643152,1.785502071397069
stream,281,,92.48607803367584,1.614379659486762
stream,282,,80.63678198539955,1.4372098043442338
stream,283,,80.38436254537237,1.2188811888846747
stream,284,,77.40813173791761,1.2666821311509657
stream,285,,76.4098547639509,1.4441228479734445
stream,286,,76.9952065984174,1.377658115859464
stream,287,,78.49629805982343,1.3178112255644834
stream,288,,71.24077650636575,1.1403418786924573
stream,289,,74.9038942588193,1.018051087028764
stream,290,,71.55298558503354,0.8413395385340012
stream,291,,74.55177124818984,0.7094672825396929
stream,292,,79.39146601739222,0.6755229473819686
stream,293,,88.35040483885143,0.6769304164210682
stream,294,,94.06407434927615,0.6701904363606698
stream,295,,90.86994379449719,0.770733799286425
stream,296,,93.04647234507911,0.749269429867887
stream,297,,101.82129285511208,0.8366016762485845
stream,298,,106.9034317960089,0.849973601441062
stream,299,,100.31002854926369,1.027442923077059
stream,300,,96.27279411085826,1.2202191475100985
stream,301,,94.74970669638152,1.2131818023902528
stream,302,,101.8504703081631,1.2481403613606155
stream,303,,105.1432123146903,1.3006240547813577
stream,304,,121.37878329951347,1.3325111109928978
stream,305,,128.22022540712956,1.1111130212983549
stream,306,,134.1220699979256,1.0908381448499482
stream,307,,151.75985887171436,1.201504544807561
stream,308,,160.77219316435955,1.2525664442448796
stream,309,,169.67610366191957,1.164164800432881
stream,310,,170.938963096852,1.2704580935221463
stream,311,,175.57321290787564,1.2961591282937026
stream,312,,174.17616481138694,1.229560095208339
stream,313,,162.62483104506964,1.3590370006580081
stream,314,,152.48247516051472,1.357778224215398
stream,315,,155.2775083142049,1.3022758184663688
stream,316,,152.28204593641334,1.338126485296729
stream,317,,139.32161239663967,1.2374222676493596
stream,318,,131.61259596154545,1.2180008548953714
stream,319,,136.76986334997292,1.2603185778986268
stream,320,,136.5415860468425,1.0724552365036735
stream,321,,138.5041905964314,1.0794925478463655
stream,322,,137.00358557580134,1.0445340085194728
stream,323,,150.20061453101434,1.0108891891797391
stream,324,,139.9449230898003,1.057635008620927
stream,325,,143.77450326456616,1.1512611342035024
stream,326,,147.98094375639474,1.1129479234298565
stream,327,,132.95565070198177,1.0621284137672247
stream,328,,128.1166076980029,0.9963278338159152
stream,329,,123.57890333137019,1.0117692217734258
stream,330,,127.44674225676873,0.9054759210000569
stream,331,,122.92876335361915,0.9054759221947525
stream,332,,118.2501306634758,0.9057060897042482
stream,333,,122.07239592896248,0.7808711795309417
stream,334,,129.93238777699142,0.8099819207277268
stream,335,,128.39517897569476,0.7963533700774994
stream,336,,127.39115612770753,0.7993455398932878
stream,337,,127.59976212124768,0.8452664514556019
stream,338,,129.99378241040486,0.8600051635630643
stream,339,,126.42369400972096,0.628903357226829
stream,340,,126.28358236778686,0.6392974392380417
stream,341,,130.15046359356853,0.7025011467149007
stream,342,,131.86539656793215,0.692648846460399
stream,343,,119.31457570368792,0.6857602036728836
stream,344,,119.1151649881973,0.5505027240531393
stream,345,,102.66637095464019,0.47206135888619705
stream,346,,92.640989616948,0.4618566930927511
stream,347,,96.25587710122076,0.5246672283998624
stream,348,,91.75461728563701,0.7265359014383702
stream,349,,86.43880446405659,0.8036390359124557
stream,350,,81.97350083015931,0.8026104296154905
stream,351,,78.75877425500813,0.8349822523690993
stream,352,,76.59220920926991,0.8427508387264628
stream,353,,71.47213903082255,0.9805645905093667
stream,354,,62.82678460422505,0.9615362951400203
stream,355,,60.142333889910255,0.9343462967217993
stream,356,,60.01209782433807,0.9017973609203451
stream,357,,61.850191697081705,0.9069119149449606
stream,358,,61.16155379765426,0.8913747561663328
stream,359,,59.89721045363222,0.8951510764155883
stream,360,,57.32292752014628,0.8864618442631407
stream,361,,62.89891778531573,1.1243564761374232
stream,362,,54.028043387016226,1.3171327048987664
stream,363,,49.281884485755874,1.297279466851729
stream,364,,47.444007338894814,1.3719445444195255
stream,365,,48.44619592696329,1.8344637655119884
stream,366,,47.27472452948233,1.8566451210200323
stream,367,,39.49910655928936,1.7466549265128921
stream,368,,39.49869629524326,1.5508357009012599
stream,369,,40.973993878399746,1.6138358287519852
stream,370,,41.03932530419487,1.6158115834156432
stream,371,,46.205739152350766,1.563071203769433
stream,372,,44.841185126288465,1.6743853185203863
stream,373,,50.56825538974252,1.6536398563806227
stream,374,,52.791005028071275,1.6726681504743954
stream,375,,52.377133076971674,1.7038361742956363
stream,376,,55.99757924176758,1.7363852061232918
stream,377,,60.113175550194924,1.6987216543102341
stream,378,,59.48094549491884,2.1811449640844187
stream,379,,59.152086166730435,2.2431978384227977
stream,380,,58.5066641765812,2.2464323825641923
stream,381,,44.30952363173734,1.9485686021064736
stream,382,,44.598140771381985,1.765644653956162
stream,383,,52.53984475475754,1.826031298627628
stream,384,,61.28947131564487,1.7640334521547831
stream,385,,70.65391170426938,1.2736622395517354
stream,386,,90.14092807840484,1.2736622395517354
stream,387,,105.34397077237593,1.267734945077204
stream,388,,128.50195003887586,1.3031660443092283
stream,389,,130.06441381382353,1.3175930090461585
stream,390,,143.8000105695157,1.3913109459313655
stream,391,,146.59279211026907,1.4472736186682313
stream,392,,159.26790389474192,1.3514008859034663
stream,393,,155.57238650689112,1.3640009399211188
stream,394,,154.2061145814207,1.3377866058762033
stream,395,,154.50917868948176,1.3052925841849758
stream,396,,152.46361903127902,1.4455300573229886
stream,397,,146.7039413032261,1.4295326231566772
stream,398,,150.2619002730889,0.999878187497963
stream,399,,153.19885333491578,0.9366745131727542
stream,400,,162.6840737626914,0.9793608963930102
stream,401,,183.96793907667,1.0812037693711685
stream,402,,190.32169987032566,1.2028041557529159
stream,403,,197.85687579931738,1.171921396317762
stream,404,,207.46748609842467,1.1735325183149579
stream,405,,207.5142584911235,1.2220504398537066
stream,406,,198.68880150402612,1.1984208751715009
stream,407,,197.3129186464383,1.1984208927121085
stream,408,,180.78552093214242,1.2059185959484675
stream,409,,189.37555409418306,1.0890539862572617
stream,410,,179.21755762037915,1.0710135593429082
stream,411,,172.19860041620746,1.1063081955111724
stream,412,,159.99662518061155,1.0850739719634552
stream,413,,157.9353002743583,0.9586401351565026
stream,414,,160.25662389428524,1.0676689133645332
stream,415,,159.48228519465002,1.2834636537604116
stream,416,,157.83688930831343,1.09335367240839
stream,417,,157.38172557383993,1.093353685786596
stream,418,,153.54648265581832,1.0448072082572806
stream,419,,151.61593071875677,1.0379592910186572
stream,420,,152.98025293869836,1.157636950294798
stream,421,,133.1966482458887,1.157636947799959
stream,422,,125.4555786183877,1.041491277290147
stream,423,,113.51014394713383,1.0462269811707516
stream,424,,92.7294880908532,1.0562015175017125
stream,425,,83.79316989610493,1.0165072780626758
stream,426,,73.12190915339654,1.0546189403384347
stream,427,,61.19662050173849,1.0605462172723583
stream,428,,57.13185018532641,1.0129754269138502
stream,429,,43.62380311427917,0.9674068371228648
stream,430,,39.58787909583001,0.9279019298221686
stream,431,,38.70923439595935,0.8694237262519062
stream,432,,37.99035537836507,0.878681260425932
stream,433,,40.94775084084865,0.9761510403246519
stream,434,,41.77073098115747,0.8684482560635659
stream,435,,46.494519940347416,0.6499872659672454
stream,436,,46.94583601079485,0.759016165621833
stream,437,,48.60580324693377,0.7782339213442272
stream,438,,56.49168735606646,0.8704118240520247
stream,439,,56.56749515945139,1.0201370148335942
stream,440,,45.82803205844948,0.8632276865189472
stream,441,,43.48710692227072,0.7515325363346959
stream,442,,43.57038610542661,0.8060469663158966
stream,443,,40.52034088324771,0.8755831564770646
stream,444,,39.005062018508355,0.8702913461586725
stream,445,,37.288580807470275,0.9129777567893136
stream,446,,37.65463684838201,1.0333050491909912
stream,447,,36.5592432844728,1.1199223409982992
stream,448,,34.40766955876335,1.12193883889279
stream,449,,33.81265165044055,1.1642850404246559
stream,450,,31.680062944432354,1.2255129358750685
stream,451,,34.06399783287886,1.2131024184948977
stream,452,,38.586311627351556,1.209637725882401
stream,453,,37.3889514821598,1.1160115342658412
stream,454,,36.37658938941879,1.1273262707267953
stream,455,,37.79948654172871,1.1426332661205127
stream,456,,42.76170680975436,1.0307079525513507
stream,457,,47.30165090750677,1.0072677858736174
stream,458,,39.30137024621183,1.0072678460815125
stream,459,,43.71263235227253,0.9186483766833133
stream,460,,47.44745692228247,0.913193661746046
stream,461,,48.71168001846766,0.936403663893308
stream,462,,48.23800741576392,0.8731999752797974
stream,463,,47.42678688410628,0.7546854904871544
stream,464,,47.581529984233654,0.7500027897106154
stream,465,,47.167508464397166,0.7351561108042847
stream,466,,47.724903567291435,0.7215682530428662
stream,467,,47.19795045313838,0.7575412152700849
stream,468,,47.80238055357931,0.8391763477813119
stream,469,,47.69882255248222,0.7968301462494461
stream,470,,47.81659323176708,0.7311497376557063
stream,471,,46.79733234057358,0.709860496681424
stream,472,,45.64613850782992,0.7060841400016556
stream,473,,47.52130038260567,0.692158127627032
stream,474,,45.54943549159388,0.6846197127646104
stream,475,,39.31962837872559,0.7218514726850565
stream,476,,34.8277845083379,0.7402300796821712
stream,477,,28.34784937289584,0.8102817207210055
stream,478,,28.199873480607227,0.7341012515200842
stream,479,,23.075658650701477,0.7395946650703987
stream,480,,20.38085482170805,0.7337346316888879
stream,481,,19.33679567664979,0.7217578908049778
stream,482,,19.04444356802879,0.7178064148330701
stream,483,,19.402574687776507,0.7212303725243402
stream,484,,20.465543036098847,0.8176184615143999
stream,485,,20.738918347324905,0.7796962663052595
stream,486,,19.427468692237568,0.6848112984365353
stream,487,,19.27988168706703,0.5485251993259879
stream,488,,18.368740556299283,0.4782047898975099
stream,489,,18.242037482929717,0.49177842797503946
stream,490,,17.293428972124566,0.485851170141915
stream,491,,15.870990263801025,0.4867718231615001
stream,492,,12.586093563585322,0.5009279782374502
stream,493,,10.592352460733844,0.5193065313051444
stream,494,,8.973403144929184,0.6118511145475213
stream,495,,9.729262612196772,0.5825223304504886
stream,496,,8.809295121384626,0.5843635839432086
stream,497,,11.407674320237751,0.6148553110420161
stream,498,,11.299405014266416,0.8299596205431373
stream,499,,11.571464819978903,0.8639037874265602
stream,500,,13.244846832406886,0.8910938207827531
stream,501,,14.40830012546394,0.8796303989815523
stream,502,,17.885950774014404,0.8881973993253889
stream,503,,17.98537456655533,0.9337516463222594
stream,504,,16.776753939379546,0.8509371692390318
stream,505,,17.770752210635806,0.9628624179423877
stream,506,,17.73288577937646,0.9709691002406409
stream,507,,23.577100341794846,1.1956445912434481
stream,508,,25.765043213758304,1.2035475923028909
stream,509,,25.813005028991856,1.2937498282838409
stream,510,,25.82241137302607,1.3012882333010558
stream,511,,26.862751185085912,1.3340673400906475
stream,512,,27.56260502740673,1.3199111721320007
stream,513,,25.86641935533975,1.3369230523298505
stream,514,,31.31763611209271,1.4088261570104346
stream,515,,30.563523158313977,1.5633564372008448
stream,516,,31.29666620241225,1.5722473483311383
stream,517,,33.81393242755368,1.529587363749999
stream,518,,35.544688213340905,1.3144830542488781
stream,519,,45.173976422175215,1.3456225825494321
stream,520,,45.48206316187399,1.4039805199571813
stream,521,,46.71872199129553,1.4091235824117037
stream,522,,47.44260387057704,1.3998660698896215
stream,523,,48.41882909867987,1.365626546414678
stream,524,,51.38608679724221,1.3433636921386196
stream,525,,49.30052531245982,1.3679547788215527
stream,526,,50.70229933684584,1.3859953076651448
stream,527,,44.73073981513407,1.1925020930743309
stream,528,,43.294424252195256,1.1712678809054722
stream,529,,46.85908800231918,1.367266444622058
stream,530,,52.00249206589285,1.3568723506003888
stream,531,,50.73175519975017,1.5216174098878477
stream,532,,50.30630457549652,1.542906631983524
stream,533,,53.30042278294818,1.533027839553342
stream,534,,47.85439695245111,1.4365052364002977
stream,535,,51.60183234579324,1.4220780270913473
stream,536,,53.08124696714378,1.3951731578033002
stream,537,,51.49057745552128,1.3487531779740851
stream,538,,51.33517589101047,1.3386157118710675
stream,539,,41.859718168908984,1.213780798992029
stream,540,,39.429478909880046,1.1242405811531477
stream,541,,36.9004473723428,1.1198959625227294
stream,542,,39.181188498371625,1.3263416079363977
stream,543,,38.41224811371446,1.4183566115217772
stream,544,,37.70782294869322,1.419507429723854
stream,545,,38.27373007330376,1.3013696739149097
stream,546,,37.44144626761208,1.2283421862092818
stream,547,,38.110827010579264,1.1998261446987188
stream,548,,37.454713698041694,1.239899261878717
stream,549,,34.3363009038312,0.9253861372322187
stream,550,,29.92461062382298,0.9215018458916785
stream,551,,32.77830052852621,0.7542249866870921
stream,552,,38.00208303383705,0.735561298362041
stream,553,,39.00578941656843,0.7129460597267127
stream,554,,48.857902744785925,0.6724126137458017
stream,555,,47.77902066624438,0.5986397872512822
stream,556,,51.744022895476945,0.6255446552637545
stream,557,,65.58378702261038,0.7216333284565523
stream,558,,84.03367091851354,0.7254769167387126
stream,559,,108.71480042461022,0.7287114424804859
stream,560,,116.78059101399322,0.9533870329461664
stream,561,,119.22183954376722,1.064513770112569
stream,562,,113.38386032916142,0.887274654259399
stream,563,,113.21386405519769,0.7799526794270821
stream,564,,110.91679191863919,0.8033663532544956
stream,565,,110.4131975010486,0.785217941235783
stream,566,,112.23725111242786,0.9188377031647713
stream,567,,123.96904569232457,1.0939117187966536
stream,568,,134.48706301502577,1.0538386016166554
stream,569,,143.6934236370132,1.053040152098449
stream,570,,157.01703486774485,1.0673185122246291
stream,571,,168.96988968775844,1.0321583181403569
stream,572,,186.4153162177722,1.0567228082196332
stream,573,,190.99922200445494,1.1396840057127584
stream,574,,193.6472912744992,1.1298052867949913
stream,575,,202.3664622610795,1.0402650753646416
stream,576,,202.6728672643388,1.0402651098051736
stream,577,,217.20090961727556,1.2100353204991001
stream,578,,199.79003931808472,1.7540105903169938
stream,579,,174.64089454211933,1.9311805365371206
stream,580,,165.8299378202798,1.7317864546894535
stream,581,,163.18032800130769,1.6240836813117348
stream,582,,162.60250151579746,1.5978142888724978
stream,583,,162.48512601010594,1.6398631222584723
stream,584,,163.96317119870028,1.626829266058053
stream,585,,165.44554995765307,1.626409670022489
stream,586,,165.59190081481967,1.494115867102493
stream,587,,153.97264909246346,1.3276088528924186
stream,588,,146.98017799847136,1.3545136689144255
stream,589,,137.40171155051252,1.4341201487792252
stream,590,,130.14079110521266,1.5910294218397643
stream,591,,124.39366757265266,1.5976471757989235
stream,592,,121.34173859034,1.652092367548679
stream,593,,120.92368726434337,1.6458412447678328
stream,594,,114.68086963040088,1.6232260193017698
stream,595,,122.12530376029615,1.742308787224133
stream,596,,132.048184107051,1.714456755855466
stream,597,,117.14412174931698,1.437134468346901
stream,598,,135.7948966689759,0.8931591737341064
stream,599,0.9594123198749079,140.92396287158715,0.8989132615678369
stream,600,0.9594176226685937,141.49183327278777,0.9739448938522908
stream,601,0.9603442162302719,146.93917257222128,1.0456463402896954
stream,602,0.9616600354511271,146.84262668443068,1.2822721701834487
stream,603,0.9629353874008009,146.4561271012103,1.2468411077998216
stream,604,0.9638375165547252,145.05396446784795,1.2297213434113252
stream,605,0.9645852116434777,143.60116853179954,1.2321166943214397
stream,606,0.9652431628847392,143.1997757615372,1.272935313429703
stream,607,0.9657968263901425,143.75449350106732,1.2622703566090416
stream,608,0.9661933207162646,143.25905162378754,1.248696777867148
stream,609,0.9664113600544888,148.57308796295223,1.1770890181802895
stream,610,0.966490364322915,145.49408631199958,1.011490512658138
stream,611,0.966426536335509,142.46493709795976,1.0126413308602145
stream,612,0.9661375240061386,127.61942651868443,0.927582177732775
stream,613,0.9655420844289452,127.12291131535028,0.8559744362611627
stream,614,0.9647401396708073,127.23349438530663,0.85730043363566
stream,615,0.9637299064317637,109.61675825610816,0.8238450367543938
stream,616,0.9623884828017751,94.14115067587183,0.8225862662904838
stream,617,0.9607748145051515,86.86634089582641,0.9861296374877937
stream,618,0.9587782227257297,66.14444437538539,1.116865318929598
stream,619,0.9564546626592184,62.31619930943693,0.9318575780106833
stream,620,0.9541906946639294,76.93468144058335,1.1086364592874145
stream,621,0.9521109654860075,72.650246509984,1.2852788816230247
stream,622,0.9505958342868265,74.43550687129154,1.0437401690812262
stream,623,0.9494791814288628,74.4143019623124,1.094775618405053
stream,624,0.9484995828188212,74.72155983724512,1.1137366911749254
stream,625,0.9478424935953983,81.81889402680575,1.2895011835341945
stream,626,0.9476857315191911,80.97587084760225,1.3303177783354019
stream,627,0.9480830056932302,79.63092085236643,1.3586301043244788
stream,628,0.9491542972150522,81.43733503308223,1.5066362314968536
stream,629,0.9497626219676095,79.23032326889862,1.5008434164980344
stream,630,0.9500102517934028,82.40442738207845,1.5254078876987245
stream,631,0.9505700987410693,79.1806661625654,1.5408493176847504
stream,632,0.9511049818721274,83.31645904479032,1.5928197434143023
stream,633,0.9506008440658358,79.44576668011858,1.6271000060200613
stream,634,0.9498436896862407,76.24641659900429,1.6250835179933945
stream,635,0.9493095347907752,79.76437109328516,1.5421223821137553
stream,636,0.9491601076414085,79.6622102392058,1.6279799199466498
stream,637,0.949266102403938,70.48299144615159,1.4712844659879631
stream,638,0.9500568132639207,69.56760367436335,1.3845061804174923
stream,639,0.9514808485728221,69.98823220622177,1.4343908762352677
stream,640,0.9530184527460275,62.145142794634175,1.2149520742276612
stream,641,0.9541171282567975,92.69603749011179,1.290010064639844
stream,642,0.9550020291812159,100.15737432141418,1.4984313636469633
stream,643,0.9554943302267246,116.0651109693758,1.4696587517105888
stream,644,0.9555248390813252,138.25640519177367,1.4595213128429483
stream,645,0.9551663732359844,149.82346480334283,1.293014322698759
stream,646,0.9544130906116263,164.15011113931172,1.2151554606319748
stream,647,0.953103852516182,184.073307152884,1.1961271315776323
stream,648,0.951219369862261,207.8218836966519,1.0679742035667326
stream,649,0.9490537563517242,230.09829673498197,1.0709113523759946
stream,650,0.946985204021265,257.7795787045583,1.0629391169874796
stream,651,0.9453052956508939,267.41351753053345,1.2644046169320695
stream,652,0.9447979309903431,298.1095371584832,1.5195820756080067
stream,653,0.9456446519399144,315.67498588459193,1.5892283885304241
stream,654,0.9470846831749736,328.48116443478403,1.595021202318027
stream,655,0.9472255560462267,327.62054402020465,1.7286410633576665
stream,656,0.9463590427960712,329.754708812631,1.65078225811841
stream,657,0.9452816937472227,329.83756629773666,1.8857031254310386
stream,658,0.9435815221464894,342.5885016221809,2.0870606645687237
stream,659,0.943448550795173,357.8065905234534,2.0406406789040723
stream,660,0.9448954635666281,371.0993427377785,1.9942206990748577
stream,661,0.9466868148996924,367.9180475321072,1.6980088732458534
stream,662,0.9479937038354577,390.62073404787964,1.4945004721362682
stream,663,0.9486966219625856,407.7497084271171,1.466648473932559
stream,664,0.9491101339989572,430.7845620095471,1.4879784592945327
stream,665,0.9485290176078773,475.8398076948574,1.502026674392382
stream,666,0.9476294979705565,485.67320413308573,1.8216523279365477
stream,667,0.9460945520553221,503.726995089747,1.8566109281101266
stream,668,0.9441390386589654,511.0073820027103,1.8212205691299093
stream,669,0.9420400124394103,511.00308043485364,1.858356600598647
stream,670,0.9400745540939621,494.7792367530103,1.8703068211746683
stream,671,0.9390641686131436,498.177012576548,1.6496235661577556
stream,672,0.9396836786923444,464.7039420529961,1.4176010364755345
stream,673,0.9408632524445453,445.51992748139855,1.3479547665499956
stream,674,0.9395302908319744,435.3573038423731,1.3601758918837263
stream,675,0.9394634564715248,431.48324191963945,1.4263268481535685
stream,676,0.9415418255280724,428.9335427073218,1.4338652461500205
stream,677,0.945319028443428,428.5946222682437,1.1920964613878757
stream,678,0.9477648018738779,416.35839402451006,1.0087793421437814
stream,679,0.9503650416354416,402.2271003227336,1.0264266686655747
stream,680,0.9532866000627219,386.22462346915154,1.0157617116094526
stream,681,0.9562791764230838,360.13197167664015,0.9958126932463256
stream,682,0.9589058080827253,339.32920072222976,1.1223523824073711
stream,683,0.9610909310793271,319.4858111602259,1.1232995317896108
stream,684,0.9628562893430235,286.04522613554036,1.091887123635315
stream,685,0.9642623698686952,235.7239040543209,1.0671739305603685
stream,686,0.9653777523088636,221.7008479046341,0.7393601136318764
stream,687,0.9661901019199038,206.05654335759013,0.7522024513778081
stream,688,0.9665843492583182,184.6473196275847,0.7777140912293663
stream,689,0.9667034543662169,173.13539505916452,0.7352455808056735
stream,690,0.9664431836671677,193.34501556150497,0.9025225306169337
stream,691,0.9659817786546996,198.27106589672726,0.9988434859299007
stream,692,0.9652756228703752,214.96901723512406,0.9297676012540329
stream,693,0.9643448277451194,223.55366844247862,0.9670950329134156
stream,694,0.9632800215343342,223.28480307422396,0.9847973680227641
stream,695,0.9619664612766716,224.9044032238197,0.8271711935928716
stream,696,0.9601546831908003,224.66309761564438,0.8271711683568627
stream,697,0.9576831522985314,226.38912869816792,0.9636875038485979
stream,698,0.9543295928795094,226.72268153116676,0.8978461434843473
stream,699,0.9497207901789283,229.75594228812227,0.958505751812436
stream,700,0.9437537530057346,228.62586484781303,0.9677897293391803
stream,701,0.9379856656858915,239.16175801866387,1.0682514852289955
stream,702,0.9341575764686274,248.06908016478945,0.96208040276929
stream,703,0.9304053227798095,238.87375431743607,1.1785657275689183
stream,704,0.9270658251426184,249.3907179504942,1.4203345123310631
stream,705,0.921828232713437,237.70221174420865,1.8098487341847793
stream,706,0.9159564379831857,234.57360721430888,1.899808541011941
stream,707,0.9089620812896516,213.62547862838903,1.9494772973137153
stream,708,0.9022107056596965,203.9683104821655,1.9441855191221196
stream,709,0.8953769891451896,190.71683540716407,2.010974031908069
stream,710,0.8881662326257959,156.0282730455824,1.846228959114341
stream,711,0.8826917679518131,138.43865606222292,1.7456855960831386
stream,712,0.8788267459628614,118.8449894542788,1.7386482515263926
stream,713,0.8767761224352353,113.83491646717883,1.6670405156136503
stream,714,0.8755884151555116,111.20737995010161,1.652558455842947
stream,715,0.8750201102525429,109.98910713367572,1.6429077691180392
stream,716,0.8751385258252911,110.68935494321512,1.6325137114081678
stream,717,0.8756352223413406,111.20222485687046,1.5162172375763954
stream,718,0.8784954768365497,117.34068306069837,1.544057028977267
stream,719,0.8845099869427056,115.54637641100898,1.468212636324176
stream,720,0.8933366145441033,112.43599021833796,1.5545305739438038
stream,721,0.9025604534263519,99.51428081926169,1.4717161642212013
stream,722,0.9097762581097533,83.5790523214431,1.5320620898312076
stream,723,0.91515832896623,79.62329221210328,1.4630961081268448
stream,724,0.9184318023225403,62.65079164162013,1.379576773248788
stream,725,0.920092705503326,68.72752429394427,1.0031901163184438
stream,726,0.9204932497515095,65.02037508691281,0.9248831837033717
stream,727,0.9197782099214826,79.95016042632425,0.9490138731581027
stream,728,0.9183827652361518,86.19342416514147,0.9602064196524359
stream,729,0.9162373411798779,100.1351555318015,0.9036897785214593
stream,730,0.9135806520130176,103.92238605109681,0.9036897392438851
stream,731,0.9104902015001362,108.01069835957443,0.9088328165087401
stream,732,0.9068831889189715,118.3576664545505,0.9274008239242648
stream,733,0.9023685419589708,134.93781591188548,0.9377806676217314
stream,734,0.897707285498191,150.09937373531258,0.9194836107350391
stream,735,0.8944858648663065,174.00078678712217,0.9132040234803964
stream,736,0.8942245710825569,181.60050462232394,1.1010673616004258
stream,737,0.8961994321917102,192.0696385329848,1.0909299234883025
stream,738,0.8984819067167028,191.881135926899,1.0844200970504374
stream,739,0.899476142124224,201.87866310135433,1.156351706092667
stream,740,0.9014174612009899,204.34681526207075,1.1604946461976835
stream,741,0.9053606648965147,209.2261940716326,1.1548240091795967
stream,742,0.9104756548631158,205.28476363670418,1.1808916577751833
stream,743,0.9160997415132015,207.7448812592195,1.0890497754377626
stream,744,0.9221811434610782,202.75326963966552,1.0805255915530443
stream,745,0.9290951204573985,201.71987743339122,1.1785248960225079
stream,746,0.9363425186254464,201.23540029964516,1.1712838601084479
stream,747,0.9434333184812472,201.25273108610483,1.1635173104493068
stream,748,0.9491742185031304,224.05778541893193,1.221875283624249
stream,749,0.9536869920810136,233.7197883808181,1.247183235202965
stream,750,0.9571072985869993,275.8582914994411,1.3457773009986869
stream,751,0.9593197286239445,282.57058197492063,1.7991164706454146
stream,752,0.9603481297825865,294.1924646954066,1.8507895321069043
stream,753,0.960372244084418,294.47029186705004,1.8346168834495638
stream,754,0.9595280946394584,290.33320948366514,1.8648641243669914
stream,755,0.9578831196202622,294.176628851175,1.9255236713959833
stream,756,0.9559893145600338,288.4140237181366,2.1676672289376606
stream,757,0.9533345215558038,282.8890586119934,2.195507002159133
stream,758,0.9499030552521552,278.83371711820695,2.206373676720364
stream,759,0.9454987301092772,265.33147827469486,2.1388946038452983
stream,760,0.9399797272865641,267.8787586742095,2.099457023411561
stream,761,0.9336870830606997,264.23283876524874,2.118295968348392
stream,762,0.9270446368508738,265.79604383795686,2.006600889389342
stream,763,0.9214594629846872,264.76383349785266,1.9509234275350715
stream,764,0.9175690190799402,265.1724271028317,1.8011981617465942
stream,765,0.9161134583230369,258.39339675274965,1.739049501969186
stream,766,0.9168633483259783,255.92126100328426,1.8206847503211636
stream,767,0.919550967489825,240.6999395253619,1.7047672262243414
stream,768,0.9235391259446203,210.33395239140077,1.657275926075026
stream,769,0.9283122495345261,190.1056612118675,1.6218855277024629
stream,770,0.9335143806998926,155.31326260710298,1.561293127706176
stream,771,0.9379711052395472,151.98742792421652,1.1407330747168436
stream,772,0.9418013382751288,133.6432128869777,1.0821448591309248
stream,773,0.9447314490128749,115.47676308880996,1.0879376627415203
stream,774,0.9467746976714444,123.82949939732032,1.3051134225206777
stream,775,0.9479003899900746,112.91601238501603,1.2268065084034978
stream,776,0.9479201754408325,130.3481627240324,0.7924550029297349
stream,777,0.9471043989023094,147.76027307714318,0.7613807398730417
stream,778,0.9452878244481641,164.41902030448318,0.730565103636871
stream,779,0.9425462847485853,180.2780575384393,0.7134453599995273
stream,780,0.939357340163481,188.74391055064993,0.6603383558416108
stream,781,0.9361592127984715,203.45005646572912,0.6188577166164815
stream,782,0.933406722995002,207.4897377609881,0.7083978680161349
stream,783,0.9318489127223474,213.17261326555624,0.706990386627646
stream,784,0.9318594761974661,213.01487055547372,0.8189155653700928
stream,785,0.9334525379617639,214.8017278287833,0.7733612922914715
stream,786,0.9361532684801459,213.59335389621054,0.7077234929047976
stream,787,0.9392200829015772,212.4887545702208,0.7111881645963002
stream,788,0.942235108243616,209.04893453180227,0.6689090834163774
stream,789,0.94503746909808,207.99392689157858,0.8938147447757208
stream,790,0.9475406142324729,196.32558808150887,0.82078729768172
stream,791,0.9496729357181464,194.0811653899425,0.8279061450327945
stream,792,0.9515339345707736,189.72477728126682,0.9128431392896416
stream,793,0.9528516212548803,194.74132613815706,0.9498854049704794
stream,794,0.9538282353967887,188.0909909998174,0.7287317680834681
stream,795,0.9544097238756839,180.93806063309987,0.7311943760315981
stream,796,0.9546657453023201,162.7269937460539,0.8379480733095807
stream,797,0.9545915145623561,142.51848035170417,0.8513200278739719
stream,798,0.9542326566809581,126.87334619218979,0.8420624936999462
stream,799,0.9536168239117776,112.953733133255,0.8450261230592747
stream,800,0.9528142905380704,101.91205491058346,0.837257569113285
stream,801,0.9520275071392366,90.52353575459732,0.8444578643456881
stream,802,0.9514874901315137,85.1480145094975,0.8740004837532802
stream,803,0.9514013271200092,78.02920278580282,0.8871280328957697
stream,804,0.9512518610874157,80.23638235442091,0.8827549921105219
stream,805,0.951210046886856,79.82696084526039,1.213752280952302
stream,806,0.9511462289962622,79.6736013230468,1.1977548057260963
stream,807,0.9509455835696387,79.96012587321125,1.2097315767355044
stream,808,0.9506984474047799,82.25640369884168,1.3732749451288104
stream,809,0.9503995987911742,79.25123546910686,1.1906482848738593
stream,810,0.9499520120018824,76.17303873215575,1.189010636691621
stream,811,0.949418381627792,69.18696397008469,1.1554330398552453
stream,812,0.9486852794464439,68.17975873991475,1.1488030013692745
stream,813,0.947921152991618,64.93392998750927,1.1138444439836506
stream,814,0.9467970851134138,50.52235909711419,1.168289543138685
stream,815,0.9456669615625233,41.73098271846985,1.154174102230817
stream,816,0.9447257965205418,39.80698290379905,1.0757327038989357
stream,817,0.9441392872411987,36.6786149197339,1.1351192927451315
stream,818,0.9439151632129072,35.001986364364186,1.1331435439301576
stream,819,0.943767429651166,32.09143831566539,1.2364732715329534
stream,820,0.9435883353337206,29.58843998534867,1.2463255527449215
stream,821,0.9435031178752716,25.821470840994238,1.350252133262776
stream,822,0.9433777425650425,25.438144618138693,1.2493177483792044
stream,823,0.9431190731604087,32.87457683631852,1.4380590662034143
stream,824,0.9427118839465755,43.17174978928612,1.3488854813139095
stream,825,0.9422726991727733,49.36883551013505,1.033885670818674
stream,826,0.942059835351228,52.730865941741556,1.055174926365838
stream,827,0.9418839793384994,54.840210123026445,1.032993510719439
stream,828,0.9413856454811056,52.577340929695794,0.9008625504804285
stream,829,0.941016254105873,53.468151876324534,0.8725095639230606
stream,830,0.9407516887860711,53.97779103289287,1.0077671335770133
stream,831,0.9405738732575983,52.49137303570999,1.031694081818526
stream,832,0.9405463801945112,51.767433800348726,0.9798458565263205
stream,833,0.9406720542759749,45.95951003041829,0.9766112962518777
stream,834,0.9408616696473943,47.47221635144143,0.9357947117198504
stream,835,0.9408883273989211,48.75794816330826,0.9359841371951615
stream,836,0.9412141526954588,48.89810030134126,0.9422638322409777
stream,837,0.9417679671894671,49.919415293404946,0.9076983992381585
stream,838,0.9425724740368991,49.351534720830095,0.9213942244239491
stream,839,0.9431875933395921,52.89454559932366,0.8189851522075126
stream,840,0.9439746039289033,52.73526220669409,1.0115700182468803
stream,841,0.9450408398784036,51.98633458263781,0.9111081485567891
stream,842,0.9457442608095254,53.15120100683906,1.0046548440870042
stream,843,0.946251034379881,46.30986646692416,0.8032463179070826
stream,844,0.9465397377577581,34.48975536524647,0.8004048982765406
stream,845,0.9466373779793295,27.000035612110945,0.9118677938903845
stream,846,0.9464759386496844,24.376196643101526,0.9002821657388101
stream,847,0.9461743477632254,22.012801853580417,0.9145605427668456
stream,848,0.9458363140858597,21.778596530166094,0.8911468709387816
stream,849,0.945579500094708,21.035085356317072,0.9006609962374056
stream,850,0.9453194932987926,22.197838905363483,0.7875848263832891
stream,851,0.9450381938800538,23.52752787299709,0.7534532120637338
stream,852,0.9448264265874289,23.329785843027697,0.7184274584376271
stream,853,0.9447534027807799,24.61513421715895,0.715801971952354
stream,854,0.944732389646182,26.056474579675104,0.6891395656708992
stream,855,0.9445929480042641,28.120271672149983,0.688950140146454
stream,856,0.9442851546096723,40.380325588462355,0.720158738349791
stream,857,0.944050261746724,40.393510376115486,0.8116338864680404
stream,858,0.943733010998849,54.14156925077012,0.9701543014047032
stream,859,0.943413055611499,61.719848534189936,0.9679076490584577
stream,860,0.9429086979230376,66.68703429259224,0.7767037630704743
stream,861,0.9420920222521629,75.74298986921917,0.79435105387618
stream,862,0.9414142173351537,74.9919484453508,0.9416666291975146
stream,863,0.9406695056706021,75.20201560644529,0.9402184209221526
stream,864,0.9395260045502484,77.61895334358917,0.9481214219815953
stream,865,0.9385350287677262,77.95279931736772,1.0756795837124418
stream,866,0.9374874310952782,76.93641126079811,1.071836015203747
stream,867,0.9368715655253824,77.15434060983601,1.0614419226613712
stream,868,0.9366867756521958,77.60839539405507,1.0563395887460654
stream,869,0.9370694589081762,83.37047471829952,1.1448248327827306
stream,870,0.9378701046753062,85.44131345900936,1.135310679730628
stream,871,0.9385514042027734,89.8499063695779,1.1369483125446813
stream,872,0.9392943783864298,103.80935927436664,1.2705680996175235
stream,873,0.9400576779700861,106.90861374850876,1.3161223604880887
stream,874,0.9406742593862593,105.93297403568904,1.2999497303982015
stream,875,0.9410738705601575,103.81514646834432,1.302345071805967
stream,876,0.9413448398301961,91.87552247570592,1.264856809170603
stream,877,0.9416299097555936,93.78863461100163,1.2181110563662776
stream,878,0.9417984291078334,84.46484812542242,1.0469234262753324
stream,879,0.9420192521788423,73.60879048405185,1.1633400178007294
stream,880,0.942578549562837,68.88464258925,1.1531353816525136
stream,881,0.9431965104876329,64.31571756119777,1.2359498258156287
stream,882,0.9438650624568611,66.09788936296992,0.9867914252333311
stream,883,0.9443740668087242,71.0836251293031,1.0183932604570214
stream,884,0.9449537351945908,67.19559867066054,1.3028994610675237
stream,885,0.9453773891294724,69.26351203357598,1.1933838109471218
stream,886,0.9460133396048095,69.32554176487008,1.3279629575873786
stream,887,0.9468065674754584,69.1199434202358,1.338357024893726
stream,888,0.9476152414727956,70.18478162553679,1.3668730306370958
stream,889,0.9483011531244135,68.46180402656847,1.2863600577561185
stream,890,0.9489159270084202,64.40913801148196,1.4448804487834124
stream,891,0.9495338531894705,59.06377846379903,1.4488319522129078
stream,892,0.9500368895022225,44.585884149179144,1.373421484323402
stream,893,0.9505158462204759,42.27841642221639,1.4818943562253448
stream,894,0.9510286659610881,39.25772744720289,1.5324572636895244
stream,895,0.951584420509761,37.02097533128348,1.5302513479116502
stream,896,0.952138695253345,38.691278916799,1.6508657684541126
stream,897,0.9527056108999998,34.31973762058363,1.603374328812757
stream,898,0.9532795277336481,28.267454417496726,1.6089634727404083
stream,899,0.9538186759053615,28.13676140096203,1.4918563901482302
stream,900,0.9548604628055594,904.6160118787659,533.0250423008323
stream,901,0.955670880423712,17129.46701401497,534.246969144743
stream,902,0.9558378915073488,23553.124504362357,615.5694004129695
stream,903,0.9559581636320672,24188.545676390182,724.3630068305638
stream,904,0.956110236013496,24208.451981677674,739.719849017308
stream,905,0.9564713371246294,24246.081736622345,739.7336671198318
stream,906,0.95678150715253,24289.806336176935,739.5970042481114
stream,907,0.9566757241317994,24323.506530486684,739.5883150165844
stream,908,0.9563960328455522,24519.441464238538,753.6079498396309
stream,909,0.9557527686198427,24517.83177923316,762.7099401273992
stream,910,0.9551149312832198,24552.963992986635,763.1869413948783
stream,911,0.9544637153716956,24568.220638527975,763.3525398779457
stream,912,0.9538676064508395,24572.41689878448,763.4638805661558
stream,913,0.9530513054381067,24569.988686401033,763.5243221862972
stream,914,0.9520839468097753,24587.57597835608,763.9785271528865
stream,915,0.9515459513667086,24689.046899993442,771.5022756183223
stream,916,0.95054324591695,24707.62007563199,772.4784233332468
stream,917,0.9486877932996363,24708.907807400054,773.5620168282435
stream,918,0.946726545239231,24747.8955989093,774.5034783824111
stream,919,0.944566027653973,24751.26792906423,775.2081981333963
stream,920,0.943722842949425,23902.718842443082,244.06406622844756
stream,921,0.9430114727011716,7673.382748620024,243.55940466572298
stream,922,0.9455819688571081,1403.2471796470666,167.84326962515945
stream,923,0.9452705272607094,920.4152869971573,81.91099433683779
stream,924,0.9446690150996685,901.1207240705428,71.06591826343386
stream,925,0.9436592355153042,863.2713459960625,70.94029708879498
stream,926,0.9413201250029872,833.1484667261514,71.05621464864767
stream,927,0.9390971757287441,800.2111838002488,71.86658851119334
stream,928,0.9329746967098955,694.4065167457285,62.141214472005316
stream,929,0.9278490659089554,723.1496895544258,61.17885251387233
stream,930,0.9258581128948741,738.7174319674701,60.58728822644259
stream,931,0.9261773647729513,751.2146379332218,60.551358089790725
stream,932,0.9269564221021401,759.4709852876506,60.46868200097574
stream,933,0.9282238392423549,764.0021721926508,60.320042493993945
stream,934,0.9326848117277744,59177.749434468875,110.9538437947094
stream,935,0.9356131257273057,59081.90719359943,104.31164283140077
stream,936,0.9390086276459171,59062.57908622327,103.69274372171033
stream,937,0.9417503677110486,59061.2000730582,102.66741459516392
stream,938,0.9432943864351803,59024.455998529884,101.75702735813887
stream,939,0.9439920571462326,59022.64374050384,101.05230761702153
stream,940,0.9441771333555639,58994.607780482096,100.67207724547299
stream,941,0.9440819411437489,58997.11709248087,99.8879277841712
stream,942,0.9439004705443638,58844.85294983791,94.27444554698054
stream,943,0.9440642014280634,58686.54218961827,71.46755960945758
stream,944,0.9442348332685422,58688.97155025014,66.72745363581771
stream,945,0.9443067807190217,58692.849652180535,66.70975132839008
stream,946,0.9445284435173693,58679.18281556524,66.87471234271244
stream,947,0.9449546031391519,58678.87217609789,66.06038699258573
stream,948,0.9454088445132053,58588.171422346044,61.866396557846855
stream,949,0.9457271790925462,58556.72847408264,53.740396824558964
stream,950,0.946104032389851,58507.622967388656,53.732290188898
stream,951,0.9461327775288589,58480.44157039676,53.598670349832744
stream,952,0.9460276311892152,58467.61973667399,53.52443716249142
stream,953,0.9457373903279365,58463.50666393265,53.45860792944216
stream,954,0.9450719016492123,34.112006669418925,2.3362113867941057
stream,955,0.944377573286208,28.320103082130768,1.5785801706219926
stream,956,0.9439797188667105,27.313571732106258,1.0745027768061817
stream,957,0.943060319036492,28.285102253160535,1.0703597079624936
stream,958,0.942112099304378,26.356905469208318,1.1120438936640562
stream,959,0.9414884901301486,24.875684439268444,1.1098379585159883
stream,960,0.9410010299881623,25.711289379270518,1.1576389678676735
stream,961,0.940731288828457,23.214258492066353,1.1653667944578234
stream,962,0.9410464683732014,19.998182257807315,1.1978607380124318
stream,963,0.9421299836355341,19.943552818595656,1.123466562862089
stream,964,0.9437359682483978,16.770326663356343,1.0673002236967277
stream,965,0.9457895893158681,11.260990099872947,1.0850025311243476
stream,966,0.94763920788876,11.481760614236,0.8029731569133416
stream,967,0.9482425797424795,11.228653851923207,0.8498534446716277
stream,968,0.947100068381192,10.473307516368974,0.7383905479931022
stream,969,0.9439212556332081,12.863405647907395,0.8515989904095227
stream,970,0.938706928078874,11.566708007191643,0.8718738302336938
stream,971,0.9312807010429803,10.675355470749023,0.9217462350711136
stream,972,0.9231009730717442,12.855601983694408,1.0026094610303637
stream,973,0.9146575067805219,13.721729917390448,1.0012834533714834
stream,974,0.9054046835781587,12.309719600581188,1.1194212373239538
stream,975,0.8973816487106986,12.40932906108585,1.0055873973018548
stream,976,0.8898096199622156,12.026909168717953,1.012773439593253
stream,977,0.8841216679752697,11.2642026366884,0.9176319140003143
stream,978,0.8821967459520255,11.164013849586059,0.8959088773685396
stream,979,0.8829998157516192,10.936948612586868,0.9073723056684964
stream,980,0.8860604960531421,10.517010320733721,0.8874111066619242
stream,981,0.8912234159168839,10.43779037641399,0.8580824443769626
stream,982,0.8971125446003549,10.194910646101302,0.8341555123606954
stream,983,0.9024035906885988,10.930751849855076,0.8482037262638487
stream,984,0.908400238920666,11.028710267155997,0.828986000976097
stream,985,0.9142302870505633,10.392516125245795,0.8049897689735841
stream,986,0.918577195008308,10.371978354871413,0.7989403040326186
stream,987,0.9209737791468593,11.482663038535799,0.8497069685471857
stream,988,0.922147548559221,11.655161142114965,0.8585978796774789
stream,989,0.923483655626184,13.455746501258332,1.0082947639412516
stream,990,0.9237086783279664,13.158311128796544,1.146894737970977
stream,991,0.9235835407629188,13.093152954566001,1.0939364812888173
stream,992,0.9231231528082127,10.874268289336673,0.9975361246340302
stream,993,0.9221163108973099,9.661661834494584,0.9958985034290714
stream,994,0.9203535929758194,8.971966287753311,0.8636045623695591
stream,995,0.9176277555124943,8.772020347480808,0.8557280413514237
stream,996,0.9136089638603596,8.806567041454441,0.8498679943316787
stream,997,0.908003166793544,9.800942411767588,0.9344668794424914
stream,998,0.901696515373195,9.894458584991087,0.9293524180145714
stream,999,0.8949515435421798,9.959465918729036,0.9676657404572001
stream,1000,0.8880189818499392,9.29146491321686,0.9348865727267947
stream,1001,0.8811684915396897,9.292565301140602,0.9116765705795328
stream,1002,0.8739904203872383,9.461540151256782,0.9141391345828501
stream,1003,0.8688272686655192,8.67901141862537,0.8966262504674876
stream,1004,0.8652757156358392,8.694217150046073,0.9024863042479866
stream,1005,0.866067690121426,11.046115420056069,1.0004856531557962
stream,1006,0.8684899138786689,10.93755305462596,1.1313699545898177
stream,1007,0.8716787194363728,10.012270684397489,1.0409090530573497
stream,1008,0.8770534425846122,10.11976714996998,1.0117982785901805
stream,1009,0.8854236580402761,6.507700017710877,0.7488929487405096
stream,1010,0.8942247315918269,6.5574172623422635,0.5825204250686469
stream,1011,0.9028802003671921,6.544123374999155,0.5825204244053069
stream,1012,0.9104097943637154,7.248264839862056,0.6436261448918299
stream,1013,0.9156628982391128,8.465477876205036,0.7870290329182823
stream,1014,0.9180045373069083,8.456812699899709,0.8278476386483608
stream,1015,0.9171345615505967,8.46222277459161,0.8285381300806168
stream,1016,0.9125474581016653,9.611940448566884,0.8445356217397286
stream,1017,0.9043877248654286,8.39574035619469,0.8346018198251555
stream,1018,0.8931146367205623,8.072897406717486,0.7820630610814833
stream,1019,0.8812341444487108,8.101782597542893,0.7423687366283317
stream,1020,0.871194854739745,8.086635131893086,0.7372256742792563
stream,1021,0.8635460713947969,8.439133544752687,0.7661062467983872
stream,1022,0.8584729436452565,8.437535500955278,0.8132859290222532
stream,1023,0.8569281272770746,8.436357502369443,0.8074930772837551
stream,1024,0.8586668388450507,8.614169059432943,0.8176304458515322
stream,1025,0.8642304495932389,7.1555753799830395,0.8021054315763237
stream,1026,0.8714934417172644,7.206760184851241,0.7154636815101562
stream,1027,0.8824011193339432,8.89858458531767,0.8500428892325271
stream,1028,0.8934883403096561,9.020512596748954,1.0586945457623629
stream,1029,0.9039834223569387,8.516392390631786,1.0275795570154487
stream,1030,0.9130557613903055,8.571044535825337,0.9895229289022311
stream,1031,0.9198517249688932,9.179261861648843,1.0319913564033512
stream,1032,0.9227760568563821,8.776776267927637,1.0606560120587487
stream,1033,0.9217145469077648,8.196763350295607,0.9362142044862914
stream,1034,0.9169329913353715,8.193405549699373,0.9095517548477091
stream,1035,0.9084886261351247,8.601526193681032,0.9357660785273612
stream,1036,0.8971271679005804,8.183223883613419,0.9951526094793934
stream,1037,0.8832864840514455,8.574720485381293,1.0156290518760926
stream,1038,0.8684828030391888,9.063633029949036,1.0196212989510318
stream,1039,0.8533084460900596,8.97980383398337,1.0210023001569013
stream,1040,0.8404431236372196,8.961050507655052,1.0208128694153484
stream,1041,0.8301565536073936,8.641329140338573,1.0208128706909225
stream,1042,0.8226774811778506,8.593404998149076,0.9597071991162702
stream,1043,0.8185804384049251,8.624546344325918,0.9689647226762841
stream,1044,0.8194887605216175,8.308321342575912,0.950003670684083
stream,1045,0.8262385095715681,9.279155131879904,0.9063721992072636
stream,1046,0.8366068376733315,9.134039266377126,0.9471887924237323
stream,1047,0.8487614286634763,8.894539092112812,0.8691262054333502
stream,1048,0.8637388841207305,8.397358810151047,0.7723998004539113
stream,1049,0.8792281919270855,8.423147300436916,0.7582843608235688
stream,1050,0.8947327160565015,8.317168808975872,0.7582843746972836
stream,1051,0.9073113626882742,8.151557201383488,0.7394454798272656
stream,1052,0.9152589340219657,7.8942256599144445,0.6611385254865462
stream,1053,0.9175235928987637,7.127400108913931,0.6417171167251765
stream,1054,0.9148687282689445,7.2255126486675385,0.624137004101239
stream,1055,0.9078853617890841,6.796363342637451,0.6030249842525237
stream,1056,0.899054548174465,6.035639038749385,0.5232291369139738
stream,1057,0.8897407937656618,5.631356664083645,0.42762729064862826
stream,1058,0.8823533339633377,5.430811444195823,0.44684501479081995
stream,1059,0.8768015374058709,5.458096516953709,0.4366403709584821
stream,1060,0.8728249783553899,5.839118292848973,0.4482932233957889
stream,1061,0.8702310989653674,6.168251850874416,0.41899305845169676
stream,1062,0.8697243431178929,6.098921950757298,0.41979150548833677
stream,1063,0.8710844557533441,6.963794796248629,0.4437184732452554
stream,1064,0.8744154289651579,7.03951718023305,0.4679713297860502
stream,1065,0.8783852725019304,5.371441291140432,0.44071411065293137
stream,1066,0.8839431794867202,5.913518753493717,0.43078031649009435
stream,1067,0.8902729330804329,4.0615914891115175,0.39559363956660665
stream,1068,0.896859904828875,3.922869433156222,0.30710852661085236
stream,1069,0.9028588588883367,4.050678518665202,0.3173804180014734
stream,1070,0.9069650238138641,4.120859093950763,0.3211567485994513
stream,1071,0.9092024524828584,4.022750621775886,0.30061304608744116
stream,1072,0.909895325241196,4.237325739731661,0.2889601942889064
stream,1073,0.9087002074843825,5.273623595278705,0.3547608765348908
stream,1074,0.9054871468446616,5.258098756958087,0.4658876846890435
stream,1075,0.9004764112096686,5.738845071829211,0.46935241373205316
stream,1076,0.8950070521364415,5.93817253271286,0.5193185438061924
stream,1077,0.8892164717690794,6.550526935415805,0.5635610951740464
stream,1078,0.8841993246092724,6.256337953194445,0.598004345924139
stream,1079,0.8794651507573223,6.646998381638995,0.6465223096725228
stream,1080,0.8754506333029028,6.220878038806719,0.6350588822826649
stream,1081,0.8739720055995559,5.819531743643558,0.6491742986178426
stream,1082,0.8734575634805202,5.769908539993158,0.6552237857084322
stream,1083,0.8742358483705303,4.884372542482541,0.6227298163884121
stream,1084,0.8773662487817765,6.322081674529813,0.6422591802586772
stream,1085,0.8814846312841308,6.705631282007048,0.7749970954972938
stream,1086,0.8865595051270796,6.2439420547660545,0.7245848995365202
stream,1087,0.8921973301048829,6.203509579598464,0.7166125974507198
stream,1088,0.8977569300565093,6.571300306330307,0.6973948855411933
stream,1089,0.9031890624660217,7.703544433581654,0.7992378047255113
stream,1090,0.9077496597840518,8.371110225045857,0.9636855404785081
stream,1091,0.9102853659388839,8.051330883211746,0.9763262978863243
stream,1092,0.9110891899370445,8.720148258019561,0.9879791271545794
stream,1093,0.9105284000281645,7.973751990465053,0.9973037359514232
stream,1094,0.9090126516528031,8.51801234407896,0.8856086463046954
stream,1095,0.9067990586761331,8.461169257027125,0.9537517316732491
stream,1096,0.9046827627606486,8.647851735395658,0.9618584607879433
stream,1097,0.9030231189724564,8.106704764195626,0.9176159028271865
stream,1098,0.9021317424780089,8.122218899722,0.860530964617139
stream,1099,0.9019493939425155,7.720943218833225,0.8107542199473845
stream,1100,0.9017406061630034,7.762492119844878,0.8222176473372423
stream,1101,0.9015267950561248,7.795056100047486,0.8104975709664254
stream,1102,0.9012257247014814,8.071061640323009,0.8191867702763481
stream,1103,0.9008102546271365,8.734217124113115,0.8191867590818444
stream,1104,0.9002359231211292,7.38180485599502,0.8407448428271973
stream,1105,0.8994976163114279,7.189065759736826,0.7027151804590814
stream,1106,0.8980821496324052,8.851652321034535,0.8496499764771255
stream,1107,0.8965654421097674,8.926708731682655,0.8873155920028927
stream,1108,0.8949103111284222,8.79936577145064,0.8829037397124528
stream,1109,0.8923162376018487,8.026898785505038,0.820755014239996
stream,1110,0.8888694179658848,7.69445396747336,0.7722247336630087
stream,1111,0.8851905304789943,8.325548200327871,0.8145709090241773
stream,1112,0.8823869361798921,8.45440370087662,0.9270236456472509
stream,1113,0.8794307494045227,8.471701714168216,0.857947786003696
stream,1114,0.8763294234901224,8.538867355062822,0.933641539347163
stream,1115,0.8750795593476635,8.167032106241267,0.9068038817201705
stream,1116,0.8745761619662217,8.065790699782362,0.867299001839204
stream,1117,0.8749288068485733,8.553192528611012,0.9115415566304835
stream,1118,0.8762999985465924,8.77301891309404,1.0071434689902454
stream,1119,0.8789804978211144,8.744280361080682,1.0084022425121106
stream,1120,0.8820810608217039,11.390677940915065,1.0548222014203508
stream,1121,0.8862008993187613,11.375528855956883,1.1891326273616236
stream,1122,0.8899119416537559,11.262115145301099,1.1764918853446507
stream,1123,0.8931255226834539,11.086123972357672,1.1748542606293315
stream,1124,0.8950719791293998,11.712870043149966,1.1941128344688217
stream,1125,0.8944691269624172,14.678073089425611,1.4156618565251207
stream,1126,0.8896550705714875,15.403094469106945,1.6783655369234451
stream,1127,0.8804169117515802,15.272572733232346,1.7070301966584203
stream,1128,0.867170460710564,15.162398902372294,1.7152183788721982
stream,1129,0.8493081072979489,15.13724018911627,1.6652522924430568
stream,1130,0.8278270248511155,14.789568034921645,1.5552620474923466
stream,1131,0.8050161103892607,15.19007866611864,1.5327691457888726
stream,1132,0.7806902046224964,14.37320101263137,1.5327693557770976
stream,1133,0.7555374076115677,14.118517227146116,1.5398474840647476
stream,1134,0.7288604779484726,13.708922714759701,1.495336014155984
stream,1135,0.7044055821662831,14.862022252733066,1.5284247944809901
stream,1136,0.6816337853850906,14.573338182159322,1.5628151147241127
stream,1137,0.659059753194753,14.340829791599955,1.5333112470397272
stream,1138,0.6405124306160473,14.123769349849892,1.450836852199231
stream,1139,0.624626685359582,14.122684170992542,1.4495780816298738
stream,1140,0.6106789979100887,12.417540440592505,1.403158144447281
stream,1141,0.6026342178889409,13.105485680753226,1.439088293399399
stream,1142,0.5938449887788574,15.004893549518872,1.6448434636232132
stream,1143,0.5887752549803599,14.559259181991434,1.7195084762330033
stream,1144,0.5889227624557476,14.736036714568298,1.640498735390749
stream,1145,0.5922472527677096,11.346282371032391,1.4437708545916568
stream,1146,0.5964427834711159,10.04679427504923,1.0400331787348178
stream,1147,0.6041152103954188,10.049776504895721,1.016861882483363
stream,1148,0.6157954441892062,12.260810041655851,1.1164153328185797
stream,1149,0.6269885126390724,11.818599797322278,1.2663301079661258
stream,1150,0.6382416679976506,12.222543479132302,1.2526343065351022
stream,1151,0.6512273780540718,11.62206822144513,1.3247960112267572
stream,1152,0.6639385280269031,11.374532883057048,1.2123430871457384
stream,1153,0.6746456214716358,11.826226853108611,1.2026394851255178
stream,1154,0.681992981078984,11.700927693484818,1.1792257963955994
stream,1155,0.686946251795766,11.88024339052616,1.217284351567185
stream,1156,0.6888332142725139,12.318816711772504,1.2838284172231795
stream,1157,0.6893981396247186,12.769186517636182,1.3383428200559782
stream,1158,0.6882324507604267,12.778633452618495,1.3598072128638086
stream,1159,0.6838474545464994,13.526183260061176,1.37373319947298
stream,1160,0.6775260589668507,12.605371155271028,1.4001919483082106
stream,1161,0.6677225929012637,12.373787910015897,1.2461240133725304
stream,1162,0.6585752229621351,11.573550643004717,1.1272428306120714
stream,1163,0.6491522820200697,11.755785215492404,1.0867094246377142
stream,1164,0.6383990061434537,11.067170887147425,1.1033016424157425
stream,1165,0.6279956215697169,11.15925899596785,1.1193663112841181
stream,1166,0.6199405053101231,10.578126110389363,1.108173793536196
stream,1167,0.6130372289771165,10.857265525842907,1.0913514114877254
stream,1168,0.6107148649333547,8.727610324070152,1.0217214040549607
stream,1169,0.6105238187645288,8.713493154599607,0.8954362240620797
stream,1170,0.6102459300325396,8.940287782890852,0.9052884842741439
stream,1171,0.6140433732638938,8.645545845478557,0.8427773474384829
stream,1172,0.6244254875747706,10.706996550808453,0.8627263321637806
stream,1173,0.6334501172617211,10.699477739669936,1.0611711383777
stream,1174,0.6438996333230678,10.597883974283798,1.073392245106122
stream,1175,0.6524644688637234,9.282494694974949,0.9502744824006857
stream,1176,0.6550755529732192,10.877383426051729,0.8448875329146746
stream,1177,0.6561628867681021,10.101682416010675,0.886761245242633
stream,1178,0.6571195800105216,10.909649191788203,0.8827832958222999
stream,1179,0.6555856947828177,10.161578070516727,0.8979680448212566
stream,1180,0.6521668761181126,10.098977500522196,0.8608442962832816
stream,1181,0.6479333900556911,9.733654009948035,0.8493136620952604
stream,1182,0.6425126084646445,9.770483310651077,0.8295948214564571
stream,1183,0.6375420930772312,9.538802760245796,0.8608034590162981
stream,1184,0.6338145425381129,9.52407267053755,0.8474457875090452
stream,1185,0.6312618119606603,10.016777738103459,0.786150688039902
stream,1186,0.6300052692798448,9.543989001276577,0.855701239302649
stream,1187,0.6308061864415342,9.392648067908551,0.819850525835015
stream,1188,0.631714944518398,9.379459712105197,0.8133407014528267
stream,1189,0.6342821748950321,9.490899331548457,0.8190112719547089
stream,1190,0.6338571403770201,9.907119623808708,0.888535323425279
stream,1191,0.6343838057211727,10.025705877688308,0.9293518629836975
stream,1192,0.6339699267014359,7.963672184162047,0.9094028573374251
stream,1193,0.6315315889241699,7.497253608200968,0.7067356378166146
stream,1194,0.6258408071747231,8.542750530312498,0.712027383621404
stream,1195,0.6190321153269311,8.673164814158175,0.7610056363074104
stream,1196,0.6106524667316723,6.652029885892132,0.7585430715803184
stream,1197,0.5997815102732247,6.893336888197254,0.6488237350768468
stream,1198,0.5867760206885175,6.289509865066778,0.6174113270279972
stream,1199,0.5730114877794653,6.321041456528627,0.6038377221154062
stream,1200,0.5598700449193327,6.321333942208518,0.6038377159934437
stream,1201,0.5453843132923145,7.021559520914261,0.6323802313948609
stream,1202,0.5342575719401053,6.258019111534165,0.6234344163782668
stream,1203,0.5253302479566446,6.272377523543427,0.5922257436787087
stream,1204,0.5170644991342358,6.24068805665475,0.6175337128093504
stream,1205,0.5118206518600844,5.639498590302828,0.6432347803445069
stream,1206,0.5093804454878728,5.885534958236452,0.5789759773322481
stream,1207,0.5104047210036031,6.214577740455637,0.5652801554346473
stream,1208,0.5140408449031166,6.00656879024302,0.569258178573047
stream,1209,0.519697645957506,5.99840831367082,0.5755378761700115
stream,1210,0.5261376481567355,5.193880287043912,0.5027792854494687
stream,1211,0.5347139447628364,4.913228293914451,0.4167323162117009
stream,1212,0.5462817615259851,5.889741138955689,0.42080607032837314
stream,1213,0.5559742355672505,6.031406763844358,0.5401190782007748
stream,1214,0.563132230931426,4.9557529965994895,0.514418044755878
stream,1215,0.5678989866636862,4.994524038502858,0.4848612056530809
stream,1216,0.5698747391386149,5.152761225506951,0.49177633396706644
stream,1217,0.5694531875958717,4.900219882390533,0.49756915731332874
stream,1218,0.5658236098613609,4.919360421360917,0.5090325819615911
stream,1219,0.564991304025153,6.951819119716555,0.6381570381450921
stream,1220,0.5613710280654903,7.482880705604471,0.7870837855980242
stream,1221,0.5538929436720826,7.594760028889992,0.7515039251013299
stream,1222,0.5498887284609901,8.11841341449625,0.8486477316218977
stream,1223,0.5455097557870411,8.116659629325488,0.8334772616424658
stream,1224,0.5429455233849567,8.057878874651427,0.8334772630480556
stream,1225,0.5396908861616361,8.10502121933295,0.8281855412846193
stream,1226,0.5343225531728137,8.081915009734512,0.8141373072651439
stream,1227,0.531823753178966,7.9433205293058515,0.8430178794372757
stream,1228,0.5287738410502879,7.975752320525196,0.8278473743181268
stream,1229,0.5249148524344192,7.815839842785745,0.792687102926457
stream,1230,0.5200949076598003,7.645643308289541,0.785649790920425
stream,1231,0.520173698180089,8.346918408901452,0.8356159206310392
stream,1232,0.5225152577621704,7.412962890954369,0.8402986232769143
stream,1233,0.5259440229118182,7.234639973265393,0.7238820317515171
stream,1234,0.5318890643027149,7.2843429351881115,0.7379974226776108
stream,1235,0.5360446387210867,7.17801464691985,0.720673952884183
stream,1236,0.5379245112289204,7.130984496059863,0.7021059742642451
stream,1237,0.5418890130908249,7.219949774806164,0.7009551729507748
stream,1238,0.5427850745298974,7.660812348654856,0.7274139435116528
stream,1239,0.5445230476718017,5.60407861022814,0.6061924895331547
stream,1240,0.5463256052710286,5.0852519601975255,0.45772608263154047
stream,1241,0.5478914531296556,4.962507588392008,0.5001945478348221
stream,1242,0.547476709613383,3.901935854867381,0.3733573889376369
stream,1243,0.5465903194870873,5.0294582766996125,0.4059063727521807
stream,1244,0.5429435589272812,5.6389504877069125,0.5577682369594894
stream,1245,0.5370206462835057,5.77485856360219,0.5388070997927381
stream,1246,0.530987977053755,5.917377199281726,0.5652658526471084
stream,1247,0.5240161160225176,5.687320088813477,0.5361551100693034
stream,1248,0.5145308939010508,6.026265983935936,0.5343137993457207
stream,1249,0.504590570202194,5.983137295896998,0.5654960426849494
stream,1250,0.49459271029463303,6.072511259063126,0.5840640226561562
stream,1251,0.4860156586979105,5.372865828284853,0.5394303866994906
stream,1252,0.4754408040472713,7.460245347230737,0.5803161978897543
stream,1253,0.4690213819557875,7.79410243248674,0.735669228236914
stream,1254,0.46198642510031807,8.201797994073635,0.725965675416432
stream,1255,0.45740747927322506,8.684672802583757,0.723867731626651
stream,1256,0.4558786231345657,9.126823406446883,0.7768259876208812
stream,1257,0.4563640605623362,9.353778433336926,0.7768259538436888
stream,1258,0.46102985622527476,8.660944046572267,0.7411096814332068
stream,1259,0.4688772785715346,8.65503420368351,0.7174801185599012
stream,1260,0.47897194174943264,8.642047474812397,0.7160319096703356
stream,1261,0.4913705759332293,7.86047557878347,0.6745513248568268
stream,1262,0.4995488378127363,8.21798482795148,0.6854179520517654
stream,1263,0.5069696774497796,7.082746574507829,0.6355454802417739
stream,1264,0.515188963582594,7.272457967615845,0.46851307155881267
stream,1265,0.5203245532430051,7.086456464356626,0.5170310369728144
stream,1266,0.5207165106569782,7.13812772031896,0.4974874063554594
stream,1267,0.517176027675497,7.303477419463902,0.49748741194411483
stream,1268,0.5147532864133024,7.667652810557122,0.5402146036643248
stream,1269,0.5068848965975179,8.389284532883547,0.6163544670708201
stream,1270,0.5009591756348389,8.58056264897325,0.6985193469011507
stream,1271,0.4944957265095803,8.580328381354104,0.7073022949651695
stream,1272,0.48380150129568583,6.738516440781044,0.6645751754426654
stream,1273,0.4787904573586712,7.193767415477476,0.5763773212900393
stream,1274,0.47161110893656616,6.800197007991828,0.6300383423732612
stream,1275,0.4629980615371907,6.234176690199493,0.6304986842512792
stream,1276,0.4582188973544824,5.787302277557083,0.6091422270010686
stream,1277,0.4597361618822224,5.942638522391265,0.6074373918471688
stream,1278,0.4634111755763303,6.143462721314694,0.6236100486258553
stream,1279,0.45827805899247587,7.707418360744988,0.7201997750455126
stream,1280,0.45467127404949,7.770706591378549,0.8209325071219352
stream,1281,0.4488018118206449,8.1509810775705,0.8555244506835317
stream,1282,0.44294763091134576,7.883475088555994,0.8154513647315103
stream,1283,0.43844774652479507,7.896220680347395,0.8133534090971959
stream,1284,0.4377355544921056,7.81823776602079,0.8542391886316003
stream,1285,0.43543744886432584,9.27372784899888,0.9237753778826695
stream,1286,0.4347176469995233,9.541845609650526,1.083367265906166
stream,1287,0.4333842477970867,9.576920763968538,1.1797676851900036
stream,1288,0.43291947251629836,9.29077756559449,1.17143078800792
stream,1289,0.4324899292329389,8.545920410638006,1.0873186845550191
stream,1290,0.4325088383410195,8.135839688380768,0.9865858254413896
stream,1291,0.4322832033768726,8.711136040297692,0.9827422566726655
stream,1292,0.4330671912711317,8.491054054504461,0.9957761138886307
stream,1293,0.4353031597853225,10.285081393530529,0.9512361304887582
stream,1294,0.43640013959568413,11.004468660157206,1.1286768042406408
stream,1295,0.43656582666380844,11.04019062776219,1.2070244924737554
stream,1296,0.4354786945270737,10.937269705966727,1.1764105734561479
stream,1297,0.4323985403598595,10.62958755440259,1.179266262590617
stream,1298,0.4272766901713474,10.478067483738755,1.1630936054464551
stream,1299,0.42084501709406574,8.915093120190134,1.0674917530591277
stream,1300,0.4142581078887339,8.960566695868007,0.9682072298722708
stream,1301,0.40829149706871204,8.66837749342189,0.95119541262395
stream,1302,0.4020799178611477,8.736094838527242,0.9488000732737935
stream,1303,0.3961881305561754,9.303434175725442,0.9771123982227561
stream,1304,0.3899310424960018,8.694394488413757,0.9610477311991473
stream,1305,0.3837269473839822,7.702152398274033,0.8996181792746547
stream,1306,0.37679186871620607,7.2507460072162555,0.7827534859710197
stream,1307,0.3700690472557009,7.045009209933729,0.6861636354932029
stream,1308,0.364393954142087,7.3484786706530105,0.6687851202525026
stream,1309,0.3589078640322895,7.381191550774496,0.6903859991744485
stream,1310,0.35247612395176103,7.680527993648877,0.6957184768968709
stream,1311,0.34617899067430397,7.424381817558982,0.6856360322999926
stream,1312,0.34152961084215444,9.030622246342778,0.8266700295295705
stream,1313,0.33499902138459087,7.559931911367095,0.9941649036495709
stream,1314,0.3296514928762339,7.359173472601579,0.9035024669861009
stream,1315,0.32564588878993234,7.310506857679693,0.829039055269926
stream,1316,0.32176225845536377,7.355001818749761,0.8333836673074406
stream,1317,0.31938859897076904,7.361631431361586,0.832232830840961
stream,1318,0.31506266191244503,8.407001948633235,0.9419522244717794
stream,1319,0.31113543304818525,8.433736666367645,0.9702645504608566
stream,1320,0.3086408441601413,8.418720662905312,0.9732281798201851
stream,1321,0.3067692923321785,8.317341413769933,0.9577460141574147
stream,1322,0.30541327066184537,8.169421722406033,0.960141353873046
stream,1323,0.3024661680389853,8.459085363706581,0.9544707180005192
stream,1324,0.30398723807440514,8.14794023937721,0.9349413226781159
stream,1325,0.30628342208081505,7.77845308797761,0.8799543526215766
stream,1326,0.3053070835432198,7.9396036289744165,0.8190787945176705
stream,1327,0.305950861185856,7.996894270639518,0.885867306016727
stream,1328,0.3054695887694194,7.327097531929513,0.875988554631276
stream,1329,0.30642327813282744,7.33195281753479,0.8331534120946257
stream,1330,0.31000627992264934,7.7716845903209775,0.8348582957305832
stream,1331,0.30768167736498536,8.730992490237579,0.9845836424011973
stream,1332,0.30343868825523024,7.1344366920048525,0.8412480074181876
stream,1333,0.29847890228925694,6.287226233920263,0.6533845917605217
stream,1334,0.2945212180856645,6.338891870157067,0.5666063546721091
stream,1335,0.28982855770218435,6.558592645168715,0.6315149343589247
stream,1336,0.28296013435592643,6.499700113639066,0.636454334053208
stream,1337,0.2746756765009073,7.302773499980208,0.7055302174780685
stream,1338,0.26669802436286294,6.260071500038216,0.6732113763270303
stream,1339,0.2588334546290454,6.740466255840285,0.6580265920020281
stream,1340,0.2527697388302236,6.993861515004362,0.7065730110740657
stream,1341,0.2483650038569814,7.004751185675131,0.7137590417563697
stream,1342,0.2497298411462132,8.082822195696698,0.7317730194919384
stream,1343,0.25119244215821845,7.602251726794002,0.8158850242526852
stream,1344,0.25180170410444785,8.02300069926075,0.7903734167633651
stream,1345,0.25421510989053364,7.9778577150947365,0.8076968924996469
stream,1346,0.2562289401294823,7.577710959695932,0.8258453086920812
stream,1347,0.25671066305117585,8.282314212061426,0.7946366224710549
stream,1348,0.2597933175464918,8.242577975201817,0.8005374230305846
stream,1349,0.26384526048936835,9.931058402002842,0.8988748881051974
stream,1350,0.2672190024947678,9.926713577840529,1.0366886229994952
stream,1351,0.2719200752607284,8.894581949053167,0.9570148679981596
stream,1352,0.277629377073942,8.837467971853602,0.9347520143476047
stream,1353,0.2812598949214853,8.907661949896474,0.9347520143476047
stream,1354,0.283964297395445,8.367709476797506,0.9059793194886592
stream,1355,0.28514232142132223,8.11028870691467,0.8439263925057985
stream,1356,0.2791751031642756,8.596620843788804,0.8493810853538911
stream,1357,0.2721959410626799,7.832699913315604,0.8593148815723879
stream,1358,0.25967505552388315,7.786028253883848,0.7809671877599462
stream,1359,0.24948521403008764,7.364068000715683,0.7678396524533142
stream,1360,0.23774649088422423,7.018576679678372,0.7352907132223543
stream,1361,0.22186367761365972,7.0487040443623465,0.7264670494414004
stream,1362,0.21342130054852693,5.964538931066958,0.7104695691048332
stream,1363,0.21586646208933305,5.97694393963594,0.6097653465660584
stream,1364,0.21522535951725613,10.877047259459887,0.8870875360551633
stream,1365,0.2120205217465193,16.12450950695226,1.5921680146940393
stream,1366,0.2117389712618485,16.15866307575196,1.7235147010106182
stream,1367,0.2160987945585314,15.468240921820396,1.6995877513635165
stream,1368,0.2216431854179072,15.489337884228382,1.6750232606587365
stream,1369,0.22763074336216327,13.823476783428905,1.5787023034764338
stream,1370,0.23205911143274957,13.175288084937419,1.4654530781655033
stream,1371,0.2359068686290932,13.146819057564775,1.4022494207289002
stream,1372,0.24829913608098123,13.19813066966195,1.4005445827657965
stream,1373,0.2671793130245626,12.943088380812444,1.3954015208558992
stream,1374,0.28584034894351495,12.852367682974869,1.3742895374376967
stream,1375,0.2995689655428925,13.725121540515577,1.3818279529747568
stream,1376,0.3116561007746609,13.328269712297907,1.4328899320955744
stream,1377,0.32130148221940624,13.153061566375147,1.347032331530157
stream,1378,0.3317487216031648,13.721595220239834,1.3811639852062159
stream,1379,0.3357461475429203,13.696803126002049,1.4331344523559753
stream,1380,0.3369914164411398,13.82957269212155,1.4197624962877238
stream,1381,0.3334441452036116,13.789122505868898,1.4299671626503632
stream,1382,0.32558274172153745,13.865195403695825,1.4337434875575104
stream,1383,0.3131312295099301,13.564713369802824,1.4267061417988924
stream,1384,0.2993574428019088,8.418107229376767,1.1728241189875208
stream,1385,0.28408622721859805,3.3561481402545112,0.4730354231153238
stream,1386,0.2683787670100993,3.3386933149924887,0.3416887378142917
stream,1387,0.252314491601542,3.181984962082543,0.3314840640521465
stream,1388,0.2375391118972104,3.1296300162561757,0.32543458702182015
stream,1389,0.22375711321162814,3.1821809431304113,0.32410857837196083
stream,1390,0.21074644764468706,3.721721516226684,0.3082332680985168
stream,1391,0.20125867678982728,3.5617076111016956,0.3021837741795842
stream,1392,0.19557193236027387,3.7246962893752444,0.3125778277157136
stream,1393,0.1941316969628849,3.9167033922539853,0.35485686601743616
stream,1394,0.19042754270379825,3.955921446202629,0.3481168859570378
stream,1395,0.18907466993387392,3.2899471259348987,0.33478566497979784
stream,1396,0.19492749044045296,3.805768447887409,0.27826897110086335
stream,1397,0.19471364907665153,4.330899765421545,0.35787544686151684
stream,1398,0.19257194500763272,3.856019961363283,0.3364110006556378
stream,1399,0.19181227010562796,3.8022284285081263,0.3070822148438509
stream,1400,0.18545350729301813,4.9330503216124395,0.331646687335314
stream,1401,0.18331360156334628,5.050721044687112,0.3867823751958812
stream,1402,0.18516424260719994,5.489359674322106,0.3790138037092843
stream,1403,0.1856196103421192,5.57920335535929,0.4403090046406519
stream,1404,0.18597826042093205,5.40571694485073,0.4210912622964839
stream,1405,0.1869032698332208,5.384352275473405,0.4024274907490434
stream,1406,0.1877359111399212,5.280229675769521,0.3891919754577359
stream,1407,0.1871985669772052,6.737753645036809,0.42585539725045773
stream,1408,0.1872921380239349,6.753939738680699,0.4829403404932171
stream,1409,0.1879816679849155,6.77742729853219,0.4842663481520974
stream,1410,0.18873733294203243,6.899446511074456,0.4699879877413213
stream,1411,0.1896722521610717,6.859181280047614,0.5006019925683319
stream,1412,0.19221755375613905,6.794593678024282,0.4850648619782418
stream,1413,0.1930397522774805,7.264172418715401,0.5128374638430745
stream,1414,0.19302578274198548,7.412392766468815,0.5875025470393141
stream,1415,0.19128544706967107,7.265515295822202,0.6008337680165542
stream,1416,0.18943710625814808,7.504525819964064,0.6405280278545781
stream,1417,0.18722510365510725,7.191262164552779,0.6309731447409083
stream,1418,0.1841125105277139,7.167323559466142,0.623895073514277
stream,1419,0.18091305117446213,7.5008588828536835,0.635845335737901
stream,1420,0.17545161586394536,6.23919344776152,0.6299446010166859
stream,1421,0.17007625216593075,6.206088362025823,0.5748088689001898
stream,1422,0.17226908571154378,7.708530214599483,0.6356844288488637
stream,1423,0.1717459310663119,7.80475397837846,0.706261412874901
stream,1424,0.170010114525224,7.886749777568514,0.7071820396826785
stream,1425,0.16312828210135835,8.552611616284322,0.7187126924003355
stream,1426,0.16350625170978664,10.071301484259514,0.9065761042384519
stream,1427,0.16372481014667475,8.622521983664402,0.9265372925858143
stream,1428,0.16184298778548944,8.826482442658845,0.8755018432619875
stream,1429,0.16286583982241132,8.879331520816722,0.8827428804761912
stream,1430,0.15582589983012363,10.502307697292416,1.013166864512729
stream,1431,0.15367457198398696,10.838241649024061,1.1904058891880815
stream,1432,0.15593476357183123,11.185922081656969,1.1902164591098692
stream,1433,0.15800074165166575,10.444660785827004,1.1436049839195463
stream,1434,0.15593977385001564,10.688250723689007,1.0816071147074613
stream,1435,0.15718592528287795,11.399283011953713,1.1456764539730295
stream,1436,0.15357397919159507,11.190962010138545,1.2152127560745234
stream,1437,0.15320759906270182,11.978631472765095,1.2816775045211832
stream,1438,0.15836613780922348,13.065971610278636,1.274829590024175
stream,1439,0.1535434416837679,15.605772977288348,1.5873505407303155
stream,1440,0.14760364749998053,15.60609449920023,1.6516092499511832
stream,1441,0.14572500624858786,16.011168657315828,1.6929146765604353
stream,1442,0.13449127175556608,16.09016288850229,1.763491710395211
stream,1443,0.12070396956508711,16.162165309430012,1.6632213612757003
stream,1444,0.11341645079196445,16.857443529546924,1.7478486310182872
stream,1445,0.10611243239871075,16.1453920821189,1.7873534147152417
stream,1446,0.09980324350539307,14.90104618682776,1.5943469374700954
stream,1447,0.09710882916260741,15.844287849325168,1.60651509028899
stream,1448,0.0951140032632439,16.19790541628306,1.7313499132246744
stream,1449,0.09422977559988092,16.43999474106888,1.7512988754196706
stream,1450,0.09431104808528613,14.130517247762597,1.6550065150769757
stream,1451,0.09400788878318915,14.829530612305188,1.5074607667496858
stream,1452,0.09435476918502556,14.321429130328223,1.5367609654955179
stream,1453,0.09518801246213245,14.336384792177467,1.513550961057134
stream,1454,0.09671323883748402,13.960490188314411,1.5004234139211683
stream,1455,0.09929204204817142,13.576742526064347,1.427664875345677
stream,1456,0.10255084286867275,13.023631380838356,1.3338635411285436
stream,1457,0.10609091083453533,12.373005340106989,1.2396262825262594
stream,1458,0.10963056453808226,11.347793850790469,1.259846168915443
stream,1459,0.11348405195086923,8.598173050978254,0.9141407339489961
stream,1460,0.11801400512506625,8.596853641234215,0.8382963412959051
stream,1461,0.12642949289960875,9.253961757623255,0.8209179465405982
stream,1462,0.13952546119144754,7.292797645329949,0.8011605727969043
stream,1463,0.16712591984270583,7.715779726807055,0.8120272473581351
stream,1464,0.20970088051002256,7.655262910773491,0.8461732778283407
stream,1465,0.25671280023959026,7.482452686301926,0.8066685479553606
stream,1466,0.27542485436566866,7.186366945102617,0.8066685452137657
stream,1467,0.2451330637984377,6.35695876537912,0.7378757896542928
stream,1468,0.21759254436114378,5.785642260548245,0.6201190440804699
stream,1469,0.20443038298042437,5.444594292224815,0.5938497141687534
stream,1470,0.20395947685271526,5.690678523026964,0.6250585024490317
stream,1471,0.19586806921837813,5.017660872107222,0.6018750139922042
stream,1472,0.20191622923951347,5.680719382528916,0.6225409419647082
stream,1473,0.1898015939520782,6.888958777826854,0.7858540654654683
stream,1474,0.1876117596317801,7.126699036459533,0.8709132247148703
stream,1475,0.1921991262890126,6.91614949694681,0.8653240715827155
stream,1476,0.18926062056768744,6.995108857317275,0.8653240405206005
stream,1477,0.1914495416522613,6.742141252866046,0.8369709734617979
stream,1478,0.1746112499968211,9.044151740193868,0.9406673620837884
stream,1479,0.16912972429350204,9.28087640140688,1.0967109734410618
stream,1480,0.16538129293024226,9.278405058136137,1.1141974273616924
stream,1481,0.1619653845191156,8.139545927068399,1.0790371517963213
stream,1482,0.15894371038972996,7.990615077790802,0.9713341654532992
stream,1483,0.15804803063163286,7.2824653807412245,0.931260995043103
stream,1484,0.1622178332782206,7.6141052411209085,0.8364554165846709
stream,1485,0.15846419951424914,9.278863947375838,0.9816201778754159
stream,1486,0.1539255238040901,9.277520452424584,1.0780206004322197
stream,1487,0.15501564556394618,9.799062331529639,1.1121522164419608
stream,1488,0.15827204607007817,9.797540249798907,1.1033692848538925
stream,1489,0.16138361925659264,9.774220119941775,1.0982262083445573
stream,1490,0.17205729041189413,9.925366101578115,1.0500055469609335
stream,1491,0.18112388455928716,9.638638389781272,1.06485209373301
stream,1492,0.18981875899093745,9.06236754200973,1.0148859670146737
stream,1493,0.19637673691045773,7.923487062381256,0.8511532523153907
stream,1494,0.20543375784114368,7.630555717033779,0.7721435535977721
stream,1495,0.2149817146650886,7.451195872310915,0.7721435461982655
stream,1496,0.22703171180167034,7.316590563368695,0.7468620696824823
stream,1497,0.24033322224249926,7.186363146136965,0.7337345038735777
stream,1498,0.24937876285298097,4.7495201956140445,0.6120241480830496
stream,1499,0.246840556260157,4.40117363711189,0.4545730647096208
stream,1500,0.2440334839583252,4.76180140736594,0.4346240468665516
stream,1501,0.24307925774344105,4.752168000462035,0.4386162976197027
stream,1502,0.22513022959513332,4.768241432796215,0.4346240679421075
stream,1503,0.2233840550003695,5.352704997698163,0.4425006199825721
stream,1504,0.22807003637403664,4.83855059204127,0.4929963809341292
stream,1505,0.23860955463091355,3.185287796963077,0.3478315658194097
stream,1506,0.2496627929868919,3.203602592722153,0.2536370685428299
stream,1507,0.24536086630902895,2.6680035393622705,0.23217266028786548
stream,1508,0.24702994588211163,2.808569412418232,0.22923550271457893
stream,1509,0.2502474887093104,2.7827567433595766,0.24069894694063423
stream,1510,0.24930162265403974,2.3346168820676674,0.2362464117890156
stream,1511,0.2590634609057684,3.8076108204530867,0.22139982719409035
stream,1512,0.2529508673085764,5.797931710569502,0.47415543241482094
stream,1513,0.24888271659983702,5.717764326260939,0.5862701737975953
stream,1514,0.2575842223259081,6.420925592920359,0.6173444679257492
stream,1515,0.25423368942088265,6.473316442920854,0.6658624387890427
stream,1516,0.24192611245958662,6.651333231458223,0.6678381884895473
stream,1517,0.22999721562958114,6.903572918955486,0.6678381884895475
stream,1518,0.2229935214716075,7.237108342670656,0.6678381789871987
stream,1519,0.21945131811324184,7.2216953748239545,0.6750384746587811
stream,1520,0.22600297426821933,7.197310670897873,0.6638052132408474
stream,1521,0.23897664013732123,7.743493319111113,0.6608415843770084
stream,1522,0.25275791837690137,8.236166030061188,0.7028904965118316
stream,1523,0.25461975583637364,7.779874461279384,0.7539138035690376
stream,1524,0.2534963904419234,7.828816938769185,0.7165863523318579
stream,1525,0.24893383854491263,8.67442847392089,0.6990062455944223
stream,1526,0.24890238469117243,8.950132705149977,0.7668519642000737
stream,1527,0.2545847942117244,9.817035427981814,0.7558223671549985
stream,1528,0.26766129258664784,9.730151067607004,0.7770565495393058
stream,1529,0.278107890938065,10.1505698593752,0.7684895046662218
stream,1530,0.2825906829988024,10.551146532754773,0.8862463436128971
stream,1531,0.2842522854546952,11.554371233918783,0.8837145072785275
stream,1532,0.29090394694960264,10.183743668814072,0.8729171138401997
stream,1533,0.29797376952274063,10.269669726759119,0.7631977227042205
stream,1534,0.29948607822610485,9.51721230697804,0.727481429827161
stream,1535,0.2971369759908069,9.466039117687577,0.6779348443194808
stream,1536,0.2869315341257488,9.666260076617434,0.6941074835462422
stream,1537,0.28088663257896385,9.749080107131475,0.7460779092757942
stream,1538,0.2809091234920542,9.688775235236495,0.7438719966049893
stream,1539,0.2770292887243884,10.211411179686392,0.8024723954233347
stream,1540,0.27339287817002056,9.876429997859326,0.8102409852797793
stream,1541,0.27284419777983765,9.37111265896598,0.809780656972405
stream,1542,0.2705855022549822,9.109158276661491,0.7858801306066728
stream,1543,0.27436631498070385,9.534558778693286,0.8145447382980999
stream,1544,0.2745910637818225,9.523830145271228,0.8915785911690148
stream,1545,0.28663716202203315,9.521668506893167,0.9703866196462725
stream,1546,0.30365813159430527,9.559640060709702,0.9045573895627773
stream,1547,0.3206716536435532,8.596582180918087,0.9085089153812211
stream,1548,0.3305134462305386,9.613833551378624,0.903447335301596
stream,1549,0.3429213904306509,9.413614001936066,1.0010941734332508
stream,1550,0.35164179173479604,8.999878536603854,0.879493770113784
stream,1551,0.3582877998428321,7.145131380317247,0.8643232738582112
stream,1552,0.3612004342412374,6.933536653535615,0.7301065661215981
stream,1553,0.3622461872702421,7.468980809231094,0.7321230675264904
stream,1554,0.361197585858494,7.490718873863017,0.7454543249077054
stream,1555,0.3603227790035628,7.528411558626098,0.7474300787819107
stream,1556,0.3597719947099212,7.124405456380001,0.7290515265188698
stream,1557,0.35689942705415406,6.80164573342271,0.6814257041702463
stream,1558,0.3510936876101452,6.7469047030510225,0.686568784282162
stream,1559,0.34380286631132967,6.269556424899372,0.6383482288203756
stream,1560,0.3293908857040693,6.638028486178682,0.6558611142850181
stream,1561,0.3140309855979289,6.852555228909595,0.7048393627501209
stream,1562,0.2937619211262417,6.618420361467822,0.6944595451231268
stream,1563,0.2712109836680556,5.982276386779657,0.604689166134145
stream,1564,0.25326634950624577,5.565980231336912,0.48959864111299944
stream,1565,0.2458912909234167,5.16662545529969,0.42391813086138885
stream,1566,0.23261956039500364,6.537048980793134,0.5202390241934277
stream,1567,0.22194341094444173,6.594034888329792,0.571274538887919
stream,1568,0.21016222382916908,5.96093396516524,0.6056648882655256
stream,1569,0.20650833600549237,6.347950380559922,0.5717207828675217
stream,1570,0.208914987011111,6.474423866237102,0.6066794042692909
stream,1571,0.21432651572326222,5.758757322949062,0.5906819521099428
stream,1572,0.23149066703611404,5.47285394892377,0.48827293994681614
stream,1573,0.23758696993326117,7.438394292081574,0.6422999629216235
stream,1574,0.24650073017993307,7.745870347252438,0.7903060147216184
stream,1575,0.25146605569666736,7.749502122730659,0.8640239052408786
stream,1576,0.25727063292016217,7.757189179048665,0.8638344775327128
stream,1577,0.27294827440521635,8.672123986236466,0.8789112879704534
stream,1578,0.2793140589808017,9.180170746319925,0.9930811434449793
stream,1579,0.2815240292724466,9.300363602081674,0.9827013169544077
stream,1580,0.292171630909445,9.721205110683727,1.0272412167531708
stream,1581,0.31180040499827577,10.079045166434447,0.9776946787252497
stream,1582,0.32493270386496587,10.431555892343319,1.0456197445735371
stream,1583,0.3403420140607966,10.476518260921551,1.0570831692217995
stream,1584,0.3722714126931406,11.815355716443737,1.0783723985080618
stream,1585,0.37630526247126544,15.572697119251874,1.499596517752398
stream,1586,0.3694376536938505,14.682339271818499,1.414590373178316
stream,1587,0.3668525080007445,14.782001071194877,1.4017479423667394
stream,1588,0.3625826863163078,14.330553423913129,1.3511849906844509
stream,1589,0.35200267335457947,14.37236106964252,1.3080259902473612
stream,1590,0.3441920047171014,14.476911466810332,1.2658813581476456
stream,1591,0.34904688076381796,15.926157920428018,1.3412654226007585
stream,1592,0.35555635085395565,16.2093677271072,1.4807839504056448
stream,1593,0.36459329714151645,15.374791520786502,1.4860777151060534
stream,1594,0.3728003560891848,15.09440683369803,1.4189348654102996
stream,1595,0.37735819388969577,15.807116284476026,1.3880521059751456
stream,1596,0.37886353061498756,15.845609084729286,1.4641653886303518
stream,1597,0.38115135179445353,15.675771643083106,1.4730562665957065
stream,1598,0.3781087177715733,15.310394000082155,1.4333497491981935
stream,1599,0.36900254022102874,15.237027677359336,1.4261494427825858
stream,1600,0.3634045521425355,14.848509969181475,1.3914882633071783
stream,1601,0.3383278041782997,16.16158365315321,1.5031833462853672
stream,1602,0.33719735815176083,19.654822856915246,1.9096829840651661
stream,1603,0.32932565934049357,19.846192940365786,2.076189971064445
stream,1604,0.3280506760617073,18.531111228882143,2.0860687267384095
stream,1605,0.32412555819231315,14.465943404443006,1.6664557754406524
stream,1606,0.32486094135677623,13.726954246484862,1.686309011147433
stream,1607,0.3310428298342784,13.676689844084386,1.648115910375932
stream,1608,0.3400699284594618,13.74462356727246,1.6461401511730775
stream,1609,0.33726961888182755,13.578679881669451,1.6838057399046207
stream,1610,0.34173423951727105,13.55601212228912,1.7231883660178382
stream,1611,0.3278061591894321,13.23673020533478,1.7333522700938573
stream,1612,0.32902998882676326,13.444545715687909,1.7333523438232399
stream,1613,0.31251605186736997,12.61462222947367,1.681734443384272
stream,1614,0.2990375313154137,12.592511309428517,1.6432174615319746
stream,1615,0.28134057701658266,11.93563915021705,1.6010728194079047
stream,1616,0.26832892260380736,11.901130307990362,1.5390749522514802
stream,1617,0.2541455703618225,11.149862296313293,1.5099642139017366
stream,1618,0.24917240066832538,11.111546296082448,1.4404402185051304
stream,1619,0.23582328691695512,11.277575866453317,1.5007474435140638
stream,1620,0.20612140539943746,12.144270119827762,1.490868692128613
stream,1621,0.19536855893482216,11.513473399505285,1.5661956610335002
stream,1622,0.17976858904847473,7.957646516138159,1.184315526146645
stream,1623,0.17359916273452325,8.082312105080279,1.072944251463881
stream,1624,0.1698449592788662,7.922554277659729,1.0404502703729896
stream,1625,0.17727886443787602,8.909843321156545,1.0671921789138425
stream,1626,0.17419466729351674,9.950616858732982,1.1953451547965226
stream,1627,0.18379014078989844,11.329621252390469,1.4238215553863758
stream,1628,0.18593282914949316,11.724991520944808,1.535516708220048
stream,1629,0.19098963024832658,11.258588058862776,1.5035217233416533
stream,1630,0.1882741201666178,11.535633935909035,1.5062836865401958
stream,1631,0.17902835280491322,10.76014592004261,1.4167434707815425
stream,1632,0.17488539316837903,10.163544764249082,1.301192574834868
stream,1633,0.1721120127894983,9.242582575471223,1.2007307101344549
stream,1634,0.16985937712210103,9.225218890045639,1.1428473301692148
stream,1635,0.16811971113519883,9.14065397307115,1.142156840843704
stream,1636,0.1678432733013392,9.153319708186924,1.1284610165434452
stream,1637,0.1686283686782385,9.275659668497838,1.14683959703089
stream,1638,0.1706821907689528,9.393138638974873,1.14097957093017
stream,1639,0.16965120751964866,9.873803380422242,1.1409796188941206
stream,1640,0.16791711958184366,9.038705771475856,1.1162664641979472
stream,1641,0.16765943813880715,7.753967475002185,0.9390966732824524
stream,1642,0.16893543732747993,7.464392462507803,0.8393518154307794
stream,1643,0.16890618006163108,8.019638778001354,0.8225294280271643
stream,1644,0.1672682077221695,8.815141995028663,0.8196330135925328
stream,1645,0.16788834824469673,8.63389784102165,0.7795598850091074
stream,1646,0.16931760234705648,11.689762639126851,0.8933387031954563
stream,1647,0.1692248785067648,10.316961647104375,0.9105806851288301
stream,1648,0.17026086963927017,10.62677852380279,0.8436964146645081
stream,1649,0.1717952716538801,10.554069305890193,0.8285116647800195
stream,1650,0.17166554886322796,10.659020895315079,0.7935531058096571
stream,1651,0.17410009338701904,11.519911093816305,0.9172392204375639
stream,1652,0.17447101315751778,12.367746480909295,1.0463780540911718
stream,1653,0.17642000227444085,12.546780640977127,1.0876835264163363
stream,1654,0.1805982354330685,12.662550414905917,1.0898894583518872
stream,1655,0.18084576512951914,14.18831009087824,1.2193662271944312
stream,1656,0.1826564750992308,14.308596970164501,1.2891875982101368
stream,1657,0.18444958778285236,14.180123249422635,1.28918756977484
stream,1658,0.18114647030108447,14.283567748541818,1.3428486034316132
stream,1659,0.181453748606365,13.8700082739985,1.3345117561882818
stream,1660,0.1794832758989718,13.43745391014629,1.3379357004767798
stream,1661,0.18663581755423492,14.005874167498847,1.3657754729427352
stream,1662,0.1903577767671671,14.026351372067456,1.394087799402733
stream,1663,0.1873491675764396,13.288163927068592,1.344311049841571
stream,1664,0.1776675237573329,12.677179940203667,1.3451094966181825
stream,1665,0.17666713685593838,12.004536066748397,1.363123444542659
stream,1666,0.16805235506701752,8.118246031976627,1.1355779563118031
stream,1667,0.15192510502669201,8.2930895960118,0.8872340704147375
stream,1668,0.16797679381662106,11.752813863427225,1.02016343960751
stream,1669,0.1813595203395211,11.805108429346125,1.1786839412258587
stream,1670,0.1827146167197263,11.76954344849888,1.1693999440556637
stream,1671,0.18046871370994053,10.557134397984608,1.0657035277519447
stream,1672,0.17581344634086105,9.639366328535944,0.9116763213309164
stream,1673,0.17210306610052475,9.458425397230679,0.8601661837323635
stream,1674,0.17999692868474343,9.667083429780481,0.8659589880175981
stream,1675,0.18332088542275968,8.230975357465201,0.7765553876841722
stream,1676,0.19385825689846503,8.248937117809453,0.7267237702015485
stream,1677,0.19360158947023912,8.585193112245154,0.7506242975828266
stream,1678,0.19893294334321518,8.202207144579646,0.7007396211013106
stream,1679,0.19243481231274984,8.681149524429632,0.723894661100688
stream,1680,0.19862503966918893,9.45765699917672,0.8561885994053323
stream,1681,0.19771878643294394,9.339861628883927,0.8680431039997167
stream,1682,0.1990803309142653,9.321994070685829,0.8703447047104
stream,1683,0.197577524188501,9.530635229997968,0.8804271289083098
stream,1684,0.19915195288658658,10.85156807875579,0.9915539309404999
stream,1685,0.19942939022225256,10.598140886461616,1.0677344322682023
stream,1686,0.19754188684150717,10.322705561548238,1.0181878943948632
stream,1687,0.19238788688539102,10.142575088290876,1.0152242786983368
stream,1688,0.1916395690745622,6.262350236151055,0.8870305668297517
stream,1689,0.19677545552597023,6.611630572145843,0.7214319777216884
stream,1690,0.20897539307167565,6.124035506969789,0.720863690261732
stream,1691,0.2107785789255517,6.956354543457468,0.7706954184017126
stream,1692,0.21695871223196242,7.110670649724251,0.8330721038712711
stream,1693,0.21751799267725117,7.300330707272972,0.8573249625168617
stream,1694,0.22103195630335828,6.97768963354067,0.8677048068889676
stream,1695,0.22330981600885627,6.875445634720508,0.8252362986642184
stream,1696,0.22960797242043027,6.743493455092447,0.8072223038139333
stream,1697,0.23740897239167222,6.415686183540664,0.7651733916791099
stream,1698,0.24207950579107554,6.279274220771866,0.7600710406377869
stream,1699,0.24816832764112381,5.54520733349788,0.7075872639852936
stream,1700,0.24583686427993687,5.036579239170616,0.573967342098968
stream,1701,0.2385829172096675,4.908150965708313,0.5293336919820615
stream,1702,0.23264619688264693,5.063157694203572,0.5213614552688365
stream,1703,0.22498272325968072,6.154483241670973,0.5252050196416278
stream,1704,0.21362277879191627,5.5175683388155194,0.5630050397170769
stream,1705,0.1927216111176336,6.436773920868717,0.6248541276781814
stream,1706,0.1829926464664404,8.4894850066419,0.8332754341093774
stream,1707,0.17130178917722855,8.555312537455277,0.9636994802416359
stream,1708,0.1596937994865157,8.220752324181149,0.9168191912323435
stream,1709,0.15305113253580085,7.820034834770307,0.9168191912323435
stream,1710,0.14267190305190405,8.000659158661206,0.9400291986988675
stream,1711,0.14454373946430354,7.649205806869912,0.9227464368215048
stream,1712,0.16988761938011046,8.386570425111378,0.8676108009533771
stream,1713,0.2112138090792089,8.276605739209138,0.8489470791768384
stream,1714,0.224796713836235,9.07249100265469,0.8728475366615248
stream,1715,0.24402733212987202,9.634303985532663,0.9735802657343512
stream,1716,0.25571047547400366,9.60497485749295,1.0067647025414148
stream,1717,0.2544060212301713,10.576069338307628,1.0356453054819186
stream,1718,0.24915386680189924,10.813801170076585,1.0378919675187872
stream,1719,0.2400585234069087,11.118855776905896,1.0186742422310355
stream,1720,0.23647636848256176,12.057799839310686,1.0858294717446888
stream,1721,0.2339619089490804,13.1499332990452,1.0806864234504077
stream,1722,0.22670940601809716,13.434004626670967,1.1536466483747836
stream,1723,0.21826005060210582,12.941330195241491,1.1405191062397877
stream,1724,0.21597865050862927,13.006891347001854,0.9920526182769067
stream,1725,0.20697491904355855,14.958595710508376,1.0755719531549637
stream,1726,0.20580917392197073,13.167731352906678,1.0856117309371434
stream,1727,0.20317282796613215,13.730582143682364,1.023980495089046
stream,1728,0.20046297529376786,13.925935939409527,1.0633631223232558
stream,1729,0.19214792987530074,14.178479298885497,1.1015562240539924
stream,1730,0.18763955875434998,14.400831111479114,1.1203950555281648
stream,1731,0.19869585386475563,14.92690822163909,1.0718486515491055
stream,1732,0.19326803129398296,16.999471472680614,1.2852909617560861
stream,1733,0.20077789803920176,17.868405008770946,1.5488602154162394
stream,1734,0.19389032150799165,18.448067291292432,1.7152326437498304
stream,1735,0.1897178420462433,17.922904575777483,1.638129476429318
stream,1736,0.18825930268421173,18.165156735408345,1.6450181571677278
stream,1737,0.18836298113115155,17.50687670986601,1.6227552885296637
stream,1738,0.2064164280456364,17.47852468187289,1.6188709977583156
stream,1739,0.21034401301794528,18.020304337490302,1.7044189640526377
stream,1740,0.21734680274866108,17.055254142917136,1.6841440206316534
stream,1741,0.22221724447818475,15.672704163944411,1.6854027909164144
stream,1742,0.22418184513779504,15.406744122815976,1.5941455091053465
stream,1743,0.22482357339001469,14.422608074824558,1.611725642246986
stream,1744,0.2251378851945815,13.492727318787294,1.6126727739964202
stream,1745,0.22453617425639538,10.615087115868072,1.378902724885868
stream,1746,0.22964104333863108,11.682356340171838,1.2180949075305105
stream,1747,0.23155007914513615,10.99530863036633,1.1859655503479463
stream,1748,0.23185889262004664,10.802079567069134,1.1505344271687354
stream,1749,0.231678241049236,10.615272568560433,1.1210305578996111
stream,1750,0.23128996237480634,10.257155888743874,1.0800103411328237
stream,1751,0.23067177327266936,9.262081990502848,1.077993830225582
stream,1752,0.23003319655167845,6.279938330242963,0.8528986443876725
stream,1753,0.22951761195282513,6.089766859940934,0.632258129044539
stream,1754,0.22796749315550568,4.803874273523327,0.43507008728163266
stream,1755,0.22643873689067176,5.085821960963171,0.4430423607284407
stream,1756,0.22535695458992938,4.916289256092676,0.4029692431829673
stream,1757,0.22734903882669877,5.826021897905429,0.4163412307127231
stream,1758,0.23037655008755525,5.624952504119234,0.5226345972354607
stream,1759,0.2303392678785002,6.1526138631266685,0.47514326009446983
stream,1760,0.2336462754701953,6.21255081063204,0.6033368903817181
stream,1761,0.24038757932790827,6.39505579113845,0.6023082848085276
stream,1762,0.24111862806318585,7.882481404252514,0.7164782124031365
stream,1763,0.24098697068857536,7.913256298685625,0.7236113048287158
stream,1764,0.2418059858357913,7.88839905803322,0.7216355514745662
stream,1765,0.2439401468202625,7.941061067942647,0.714895596744344
stream,1766,0.24409346958119751,6.735183185142239,0.6753907186590098
stream,1767,0.2474926546033896,7.382686970721172,0.6902373119894296
stream,1768,0.24808890697645875,7.813423172754182,0.769246991632787
stream,1769,0.24998609261516055,8.825348900955193,0.8148155777342372
stream,1770,0.2521162769719571,9.159884289246474,0.9328697318301146
stream,1771,0.2509562945515969,9.737350119999409,1.0312071231866593
stream,1772,0.2465561423059498,9.96462043315648,1.081173254562891
stream,1773,0.24173089147804794,9.309044433951644,1.0569082380224097
stream,1774,0.24279456078290457,10.092155819231392,1.1120439484132785
stream,1775,0.24322663813554077,10.014247719644295,1.1704019215882209
stream,1776,0.2414937595016738,10.232904250869966,1.1680065723702409
stream,1777,0.24382944481349192,9.54370843123597,1.2553388896763291
stream,1778,0.24505264696545997,9.520472897529094,1.1592501963465447
stream,1779,0.24703483214285143,8.3736238233344,1.1284345813816261
stream,1780,0.24941904742950008,8.118134026215179,0.9688428036593403
stream,1781,0.25616383855269864,8.24481855313802,0.984149769643307
stream,1782,0.2688208580075923,6.891075356621608,0.8646473342286164
stream,1783,0.280256446538386,6.967396161920468,0.857514215398833
stream,1784,0.28985169085857004,6.991810702665305,0.8601804701021981
stream,1785,0.29832323257438725,7.081001563588854,0.8669204072918124
stream,1786,0.30081868651249344,8.888499315190865,0.9678547262223003
stream,1787,0.30518886308451687,11.054837391357433,1.1924079819193913
stream,1788,0.30506015563154143,12.776252926110084,1.5417004682121496
stream,1789,0.30243853320892794,11.69763556598418,1.5417004700569172
stream,1790,0.3002562813368947,13.338596349462192,1.4924391262452006
stream,1791,0.2933296718641835,13.084403243278084,1.499448028500156
stream,1792,0.28595600401489085,13.75724878347333,1.4518772282738441
stream,1793,0.2781449777546394,13.649950510019972,1.4642877444593185
stream,1794,0.2718254118420156,12.778847196663456,1.3989473908053056
stream,1795,0.2635277155556891,12.589910459304111,1.312073423081477
stream,1796,0.2598257257653284,12.990707743453433,1.3476532470574147
stream,1797,0.260292791918679,12.803412982730542,1.239911612726037
stream,1798,0.26092688305225287,12.875045242865568,1.229706938963892
stream,1799,0.26496102268509647,12.58011466834525,1.232169478976982
