segment,end_index,PW_WTC,E_CCDC,CD2_P
stream,0,,,
stream,1,,,
stream,2,,,
stream,3,,,
stream,4,,,
stream,5,,,
stream,6,,,
stream,7,,,
stream,8,,,
stream,9,,,
stream,10,,,
stream,11,,,
stream,12,,,
stream,13,,,
stream,14,,,
stream,15,,,
stream,16,,,
stream,17,,,
stream,18,,,
stream,19,,,
stream,20,,,
stream,21,,,
stream,22,,,
stream,23,,,
stream,24,,,
stream,25,,,
stream,26,,,
stream,27,,,
stream,28,,,
stream,29,,,
stream,30,,,
stream,31,,,
stream,32,,,
stream,33,,,
stream,34,,,
stream,35,,,
stream,36,,,
stream,37,,,
stream,38,,,
stream,39,,,
stream,40,,,
stream,41,,,
stream,42,,,
stream,43,,,
stream,44,,,
stream,45,,,
stream,46,,,
stream,47,,,
stream,48,,,
stream,49,,,
stream,50,,,
stream,51,,,
stream,52,,,
stream,53,,,
stream,54,,,
stream,55,,,
stream,56,,,
stream,57,,,
stream,58,,,
stream,59,,,
stream,60,,,
stream,61,,,
stream,62,,,
stream,63,,,
stream,64,,,
stream,65,,,
stream,66,,,
stream,67,,,
stream,68,,,
stream,69,,,
stream,70,,,
stream,71,,,
stream,72,,,
stream,73,,,
stream,74,,,
stream,75,,,
stream,76,,,
stream,77,,,
stream,78,,,
stream,79,,,
stream,80,,,
stream,81,,,
stream,82,,,
stream,83,,,
stream,84,,,
stream,85,,,
stream,86,,,
stream,87,,,
stream,88,,,
stream,89,,,
stream,90,,,
stream,91,,,
stream,92,,,
stream,93,,,
stream,94,,,
stream,95,,,
stream,96,,,
stream,97,,,
stream,98,,,
stream,99,,,
stream,100,,,
stream,101,,,
stream,102,,,
stream,103,,,
stream,104,,,
stream,105,,,
stream,106,,,
stream,107,,,
stream,108,,,
stream,109,,,
stream,110,,,
stream,111,,,
stream,112,,,
stream,113,,,
stream,114,,,
stream,115,,,
stream,116,,,
stream,117,,,
stream,118,,,
stream,119,,,
stream,120,,,
stream,121,,,
stream,122,,,
stream,123,,,
stream,124,,,
stream,125,,,
stream,126,,,
stream,127,,,
stream,128,,,
stream,129,,,
stream,130,,,
stream,131,,,
stream,132,,,
stream,133,,,
stream,134,,,
stream,135,,,
stream,136,,,
stream,137,,,
stream,138,,,
stream,139,,,
stream,140,,474.5119210387342,
stream,141,,315.1259250448412,5.067256454841131
stream,142,,246.86262089677084,4.41000385841217
stream,143,,248.5858599922904,1.7554724785582898
stream,144,,253.09373320092226,1.669501075717347
stream,145,,261.482565686205,1.5966835687877952
stream,146,,266.7754708646877,1.6038592881501659
stream,147,,271.1811868211351,1.6128952026295222
stream,148,,273.7185521295498,1.5362745477069593
stream,149,,272.34531878640166,1.5362745898696537
stream,150,,267.85852076492733,1.561787197590314
stream,151,,268.14594324343454,1.841555500285924
stream,152,,264.8259988675931,1.8142490147874746
stream,153,,233.72639269430536,1.8411490754072826
stream,154,,208.18036672157908,1.8986913305417283
stream,155,,159.50775184440974,2.1370705387518907
stream,156,,108.4381054703741,2.251877221562049
stream,157,,100.75047388306925,2.2518772169430075
stream,158,,108.38350200941184,2.3220801962588333
stream,159,,127.18934598842552,2.360680330951254
stream,160,,158.88737165414628,1.8137432540899645
stream,161,,181.64010149439102,1.8391233379424408
stream,162,,202.41861381283033,1.83783904074448
stream,163,,238.78402987441837,1.8844392414554771
stream,164,,260.13550253559447,1.7652496642630766
stream,165,,259.6815633657853,2.0120314787258033
stream,166,,264.1461973028387,2.004855741949139
stream,167,,257.26869577273624,2.5450526998968654
stream,168,,254.793542489253,2.498274118655485
stream,169,,257.2217783038417,2.5335309458518323
stream,170,,257.5627304047777,2.5082998819949958
stream,171,,249.76353763099337,2.2127632726799464
stream,172,,240.9449406320304,2.219429358562494
stream,173,,242.67673450663276,2.081902885180491
stream,174,,244.42357586902153,2.051518106118628
stream,175,,247.8851032553446,1.7099367130518504
stream,176,,249.04451743387753,1.6282158992403355
stream,177,,243.74121514456746,1.249960822632067
stream,178,,225.69943089417134,1.3213154946383723
stream,179,,196.6185753267349,1.2809214257039143
stream,180,,164.72416991222457,1.3500350181304688
stream,181,,140.47317355850848,1.378430959624294
stream,182,,119.10023169407202,1.3999122700289013
stream,183,,89.16236653280724,1.4084551559163194
stream,184,,59.04162043579135,1.5032469455380437
stream,185,,56.281089473715525,1.2840201033740974
stream,186,,52.41019576318165,1.2827855093654001
stream,187,,69.1453883493819,0.7672143662660769
stream,188,,75.72214292588647,0.8431761966377922
stream,189,,83.6433719181052,0.7735198920083145
stream,190,,88.4550589243399,0.7914592445774278
stream,191,,88.01692672514379,0.9008344381444787
stream,192,,86.61607372279319,0.8941683534249875
stream,193,,84.26283418096702,0.9044885921452794
stream,194,,79.50373450741614,0.8929502805750358
stream,195,,75.29702581107392,0.9754164274204218
stream,196,,79.97415417045633,1.3248410171163387
stream,197,,77.70111692549442,1.549490343858895
stream,198,,77.57728392605648,1.4042620301872013
stream,199,,78.20471512641973,1.4868237999252254
stream,200,,77.49092922360504,1.431174909632655
stream,201,,78.27047770318012,1.4092004270399974
stream,202,,81.86637057020988,1.4604741363252758
stream,203,,76.64795478726633,1.4132152252078258
stream,204,,110.19786651147493,1.9404689893822622
stream,205,,147.2962671594455,1.922132127348334
stream,206,,250.82637825046902,2.421565680473277
stream,207,,346.10283295000755,2.387903949226316
stream,208,,466.1868806569428,2.304240157498215
stream,209,,525.4336899207899,2.6744378468404397
stream,210,,561.5916006280927,2.816733286808997
stream,211,,573.7394382273328,3.042447843869977
stream,212,,588.2579880064242,3.038300648604941
stream,213,,588.1369577325311,3.5347309647501564
stream,214,,590.6055067355132,3.6806475026727834
stream,215,,591.1926419427642,3.8812471761923804
stream,216,,588.5437463986191,3.520218022732324
stream,217,,592.3590803009113,3.289561316651369
stream,218,,600.9114622614406,3.297511654165949
stream,219,,646.7565376166132,3.715025573885357
stream,220,,689.7183958022392,3.7038644600155033
stream,221,,770.1959145834793,3.9008596283710872
stream,222,,832.0020688146217,3.849304347696507
stream,223,,880.3215230388751,3.872380889868047
stream,224,,846.7812948387075,6.075290654469969
stream,225,,860.4313418003352,7.411506394910846
stream,226,,847.422023915939,7.093739255809465
stream,227,,952.8213394867864,7.809135395784966
stream,228,,1095.166576273988,7.863615936501061
stream,229,,1200.5729900345214,7.8647919119839065
stream,230,,1380.137325288235,7.775381892301322
stream,231,,1489.91058223009,8.037943619494408
stream,232,,1563.0246883377956,8.119175166005558
stream,233,,1622.759435590719,7.6785963363654774
stream,234,,1636.423946135916,7.962817492789001
stream,235,,1640.3050460289787,7.8073515800046644
stream,236,,1637.2330119126198,7.868386167028449
stream,237,,1636.184589608427,8.036856721978664
stream,238,,1627.5645254685192,8.187380407643627
stream,239,,1580.781469322209,7.6910251146984
stream,240,,1538.1586317249573,7.697906482132615
stream,241,,1459.513876706801,7.664750418201929
stream,242,,1398.291106344958,7.6702150590054625
stream,243,,1363.6739968895467,7.723100406270188
stream,244,,1370.845686978578,4.922770901351823
stream,245,,1318.7439816022475,3.59022588497869
stream,246,,1223.8036872431878,3.408559465792643
stream,247,,1007.9066927118012,2.7103318389622024
stream,248,,745.3751402811005,2.7194505701819565
stream,249,,581.9199365889926,2.375184710284622
stream,250,,375.2198310866315,2.2858906018733913
stream,251,,257.17796763727006,1.7982602810376616
stream,252,,169.71295262321956,1.7982603369057113
stream,253,,109.93291313966397,1.7188723565242108
stream,254,,93.05008047905336,1.2675846163790112
stream,255,,88.52686607489683,1.1726730630473132
stream,256,,88.11797023880615,1.0957377406448714
stream,257,,89.8658791456243,1.0809683813132147
stream,258,,94.21358066446513,0.9138521000304135
stream,259,,94.74710053067828,0.9657843801265531
stream,260,,94.7661731317757,0.9534715053081613
stream,261,,94.04460091846323,0.7959672261226914
stream,262,,88.12205113621266,0.7816157436522234
stream,263,,72.55903895546618,0.8047623050374597
stream,264,,63.553909078875186,0.886483156966544
stream,265,,60.13620353954033,1.0420648812855027
stream,266,,56.768474214540205,1.0632149619898272
stream,267,,55.43501583049371,1.109745120084001
stream,268,,48.937334890046685,1.0589849514760212
stream,269,,38.212703331621015,1.0410455878409972
stream,270,,24.722130727247574,1.0464936351668819
stream,271,,20.551010812289963,0.9522407561597074
stream,272,,26.24772162510689,1.1335758842325236
stream,273,,45.797546096945084,1.2975641637295865
stream,274,,45.99448136052331,2.1053441537167368
stream,275,,50.43433358299619,2.3547111635791893
stream,276,,53.86858919815695,2.3522585196721395
stream,277,,50.08746373400617,2.446283235085183
stream,278,,45.715018098173175,2.5094060152205446
stream,279,,45.1912241802516,2.459926350887418
stream,280,,46.184182489118356,2.514986670297192
stream,281,,47.97892974617991,2.492158601511155
stream,282,,49.439925793172684,2.49194328218683
stream,283,,54.58053464644179,2.4162922456640437
stream,284,,56.65294025087352,2.334223567352371
stream,285,,58.45038103402756,2.1694568185961636
stream,286,,60.19760938249008,2.1567170738396833
stream,287,,61.16659539978712,2.1147940923967146
stream,288,,62.292299868774734,2.092720293968766
stream,289,,61.11747466142452,2.153208328641481
stream,290,,62.67055851555996,2.2986190310627097
stream,291,,62.791226208445536,2.4445354568439543
stream,292,,57.175119529260016,2.1818859108831377
stream,293,,39.30161313200953,2.054190416163774
stream,294,,39.3660501456229,1.2629533527298435
stream,295,,38.677913216832046,1.062817551121055
stream,296,,35.46103367053989,1.3245178744058062
stream,297,,37.346811974049785,1.2444840495238603
stream,298,,42.9138447448919,1.2025610383380791
stream,299,,42.94518290816485,1.3795081756795158
stream,300,,44.29010650117185,1.4167538830651683
stream,301,,41.520869755471686,1.408803505048139
stream,302,,41.18301008909856,1.6103267528170992
stream,303,,35.175149746313714,1.652494397293483
stream,304,,35.39888045890342,1.6524943986550962
stream,305,,37.99161572058563,2.365793185182857
stream,306,,35.96714733392582,2.48430360612051
stream,307,,34.9664420767752,2.4685352989195435
stream,308,,36.35708145524281,2.516254164832241
stream,309,,52.235917427653554,2.632054541690792
stream,310,,56.46297837319485,2.5504253260415335
stream,311,,67.47350928921117,2.3999017522503117
stream,312,,77.16133725752834,2.3987002755397664
stream,313,,80.72783921338626,2.3804793105817104
stream,314,,93.18308787336518,2.418946913766121
stream,315,,102.55282703913986,2.3364017672409423
stream,316,,104.49843431633911,2.2684985433213005
stream,317,,106.9535302573666,2.1136952648899126
stream,318,,103.6270916971465,2.125233546457335
stream,319,,104.08034982703899,1.9754438615938847
stream,320,,101.5289896888414,1.9298501694974899
stream,321,,100.67781643247234,1.924219940366183
stream,322,,101.56957179993267,1.7652121841665394
stream,323,,106.38149381728309,1.7099072726045363
stream,324,,103.93345210969817,1.7499241697196195
stream,325,,97.36511038101287,1.0390780559615587
stream,326,,96.95727430944044,0.9121572937150395
stream,327,,97.51561149235981,0.928207173795843
stream,328,,95.0829668783812,0.8865122556369112
stream,329,,82.77789100734176,0.7712583474764213
stream,330,,90.27351207632692,0.7815327337411818
stream,331,,89.73891027798147,0.7734001554947851
stream,332,,84.64149463979493,0.836522930460045
stream,333,,92.59686826168144,0.8880782111346259
stream,334,,95.88023040126028,0.8385985468014994
stream,335,,90.78427134751898,0.8719124864346287
stream,336,,100.71161558754939,0.6915801042236921
stream,337,,96.58921202073986,0.9254732072173074
stream,338,,94.24835212083505,0.9193995391738249
stream,339,,93.8669710083835,0.8920930339747009
stream,340,,93.81135579043288,0.8465821726673178
stream,341,,99.78604750705982,1.0907202032763867
stream,342,,101.44212080124788,1.0445671580746854
stream,343,,100.56850104519143,1.0179028154475238
stream,344,,103.43593395512494,0.9505793966519654
stream,345,,106.85133982726126,0.9480107817594504
stream,346,,132.5534516917443,1.2694778575767163
stream,347,,138.59716433287775,1.5489645833005767
stream,348,,165.54712761098614,1.7114277527946493
stream,349,,174.65532531507876,1.743718594534056
stream,350,,173.85293248218917,1.6606102429545397
stream,351,,167.0089976279338,1.7669569556885405
stream,352,,162.3567123417725,1.7669569048834415
stream,353,,149.92530650861409,1.733622589166917
stream,354,,135.2272691193225,1.7310540065103475
stream,355,,127.47448729054122,1.6996002533827894
stream,356,,115.77933624819045,1.6830572994275574
stream,357,,116.70859023918158,1.458051044930701
stream,358,,119.43449170299412,1.4313866676272817
stream,359,,119.5805769723905,1.4810154339259307
stream,360,,120.85508365312305,1.488274005232102
stream,361,,116.80082617420977,1.2495839912579476
stream,362,,113.55974585705626,1.2534368642146574
stream,363,,109.41648551849322,1.2865226989961593
stream,364,,106.29586313739681,1.2811409014325315
stream,365,,109.9336114928783,1.4606566218820516
stream,366,,87.82523104609281,1.1718778758323949
stream,367,,96.51429655956738,1.038804443162203
stream,368,,113.39827199195975,1.1357379325384946
stream,369,,128.4738932899824,1.0931727562419207
stream,370,,121.20191750124201,1.3947333115895642
stream,371,,117.61313223975061,1.4330517874474782
stream,372,,117.42320060651633,1.391128825965211
stream,373,,124.50205289623459,1.5979141489486732
stream,374,,134.01676115827306,1.600333663182839
stream,375,,205.29014795028,2.6042232638153395
stream,376,,283.37393461021026,2.6126335946007
stream,377,,340.28779696730885,2.6245197000113505
stream,378,,382.7508563605445,2.6514987439678004
stream,379,,398.6162848812893,2.8435885906751097
stream,380,,399.2588965441357,3.048749458376112
stream,381,,397.42774160535674,3.0489316723097324
stream,382,,398.1592897034368,3.1642683772569646
stream,383,,401.1531613612197,3.134310456501022
stream,384,,403.29829963717657,3.13969225406465
stream,385,,402.98655655073554,2.9902504325383013
stream,386,,406.7173313764572,2.9587139006655194
stream,387,,393.2641064220987,2.8539420650984315
stream,388,,349.2247652969085,2.661355373206433
stream,389,,321.6568065467048,2.6012114866810525
stream,390,,324.1599258362405,2.5294132303218015
stream,391,,333.30215545398886,2.3792999873832392
stream,392,,333.36360928344516,2.622928577782218
stream,393,,328.8902365031752,2.448964116304527
stream,394,,326.2127742688019,2.490245001483342
stream,395,,259.80150275153676,1.4881990347717813
stream,396,,184.73932783033868,1.4828669164824368
stream,397,,128.9701527633338,1.4491885865028635
stream,398,,84.01357541615721,1.4772697633819953
stream,399,,68.56522868305105,1.2355511346747707
stream,400,,66.81641989955163,1.0250581413959954
stream,401,,78.95311555644169,1.398926505346681
stream,402,,83.01009869479809,1.3184033554380403
stream,403,,85.95309511188337,1.316476917288541
stream,404,,90.83696584086239,1.3122468987372498
stream,405,,93.92218041410325,1.295505224755556
stream,406,,94.66511876836229,1.2937278556094638
stream,407,,96.15335782388254,1.2520863382554026
stream,408,,103.78555612986644,1.2125828915958992
stream,409,,115.60549237308136,1.2332232838928912
stream,410,,107.22747621986147,1.528522905370989
stream,411,,97.92019613720002,1.530942392294551
stream,412,,98.41537332713675,1.2873138316383832
stream,413,,95.32470404032388,1.2621987185462131
stream,414,,89.41983353440443,1.236967685731765
stream,415,,85.34428795088762,1.23324730046174
stream,416,,84.54662143432061,1.2301690879657232
stream,417,,97.24103871261988,1.3846321153600178
stream,418,,109.26851971428914,1.3416694894503358
stream,419,,111.46945628096353,1.475981362312468
stream,420,,114.50014268071511,1.4722609894242666
stream,421,,102.19184513623274,1.1717197206918362
stream,422,,96.76328476485973,1.1640139320042797
stream,423,,92.42387436346185,1.1840122197162128
stream,424,,86.38173861839866,1.1822348569413377
stream,425,,90.01109922703547,1.4297417826645908
stream,426,,86.21621989042681,1.5128336255667523
stream,427,,85.05763267032592,1.4944802208673464
stream,428,,82.04010941267227,1.4780863577579137
stream,429,,73.52985511558876,1.444772451607542
stream,430,,74.71832268618262,0.9368956335652505
stream,431,,76.26103715701184,0.9314641675337674
stream,432,,76.48668824939742,0.9115486758752772
stream,433,,76.30549984728836,0.9115486367861433
stream,434,,75.53584273029938,0.9933191102484887
stream,435,,75.56601751035045,1.1764391785523884
stream,436,,72.96641219321627,1.2395122152549956
stream,437,,59.82007118873995,1.1407018712444539
stream,438,,49.863833993781085,1.1286042713399373
stream,439,,47.53418170111703,1.028281611151225
stream,440,,52.10556621113327,1.1693297182518423
stream,441,,53.325464315187745,1.202167093720397
stream,442,,53.09264980194292,1.2094588048781052
stream,443,,52.48630869581394,1.2005719334683786
stream,444,,52.40654526872318,1.201147817742994
stream,445,,40.47546136857401,1.1190128815325648
stream,446,,36.213127693486236,1.10010003778895
stream,447,,36.505663701729496,1.200223945700019
stream,448,,34.491104300944684,1.1832873440562461
stream,449,,32.875879470796264,1.183287345906906
stream,450,,33.47927115556157,1.1661188064755612
stream,451,,34.554529286654976,1.1745788221415658
stream,452,,37.03989859129835,1.1763064930149958
stream,453,,36.92646870927148,1.222065876020404
stream,454,,40.07736322119074,1.246463661189353
stream,455,,47.30469571807497,1.0805286434415748
stream,456,,50.17250995433303,1.0993751160962302
stream,457,,52.43361427718368,1.060907483949658
stream,458,,51.61644922021486,1.1076198604284138
stream,459,,55.524437295420014,1.1012850306237998
stream,460,,49.31208104336692,0.9820291453308184
stream,461,,48.031173936517376,0.9066431200098479
stream,462,,48.06853567934937,0.8926687941166386
stream,463,,47.44464048624672,0.8926688170296061
stream,464,,46.50827247842158,0.9393811986784446
stream,465,,45.14155318948048,0.7588664806185601
stream,466,,46.48407012119154,0.8100701252542507
stream,467,,48.713005809565175,0.7699410415497726
stream,468,,48.3327292484832,1.221870928565688
stream,469,,47.01959404300468,1.4862978494237056
stream,470,,45.2331944115441,1.541934013881833
stream,471,,43.5512986342514,1.5457869083284261
stream,472,,40.22598662190329,1.59738799955587
stream,473,,40.36515604416452,1.5057865004505948
stream,474,,36.594795325203194,1.43274996950001
stream,475,,28.1095431691561,1.5090431739558212
stream,476,,27.439887130477658,1.4326545294144626
stream,477,,22.861930361830755,1.4883034451517394
stream,478,,24.550091122774592,1.481392685054566
stream,479,,20.34908815972257,1.6774766592949408
stream,480,,27.83324185223215,2.0619046078625964
stream,481,,27.749186997213528,2.3429241093177224
stream,482,,27.81300679970467,2.311470357551779
stream,483,,29.22626574628442,2.315750059140145
stream,484,,29.47194953138854,2.30177569486172
stream,485,,30.80537072668096,2.3128871192014104
stream,486,,34.266659501109764,2.2195617342448477
stream,487,,29.430020536825186,2.4026450301812226
stream,488,,29.073435285678695,2.014910709308542
stream,489,,28.16660453839626,1.8141824615338966
stream,490,,31.910393525863867,1.8995777684136275
stream,491,,31.06727207874109,2.100007822818272
stream,492,,32.13714548047255,2.078132769900125
stream,493,,32.26699423818724,2.1239749283465548
stream,494,,32.2046515274431,2.069361861980154
stream,495,,38.21326535036453,2.058991958547738
stream,496,,35.976940240091565,2.3543796029083452
stream,497,,40.05126239425645,2.4646658717195216
stream,498,,36.876563755735404,2.5779895634995658
stream,499,,41.392843699757805,2.5026902866739116
stream,500,,32.63919368964712,2.2118691926047225
stream,501,,32.63486852583246,1.9545518548258884
stream,502,,35.39941714434514,2.0809172319818963
stream,503,,34.81045235818062,2.085524379991874
stream,504,,34.56512117047847,2.099498742648657
stream,505,,33.428401099141404,2.1138502275823234
stream,506,,28.960597791421904,2.0935703378907413
stream,507,,30.48488058625158,1.8740286932159544
stream,508,,29.339260989502854,1.8104752743405508
stream,509,,30.660457656672957,1.7558125164480762
stream,510,,27.564904957814264,1.6154066254238462
stream,511,,29.793752612983248,1.5705583151922773
stream,512,,28.726184882913795,1.6197896174538684
stream,513,,28.939972164288758,1.5993275108383411
stream,514,,28.65770612319971,1.6543877316739228
stream,515,,24.49658912769285,1.5933532067349336
stream,516,,26.21589016690785,1.2935864936102477
stream,517,,22.910226324145594,1.1231562916594855
stream,518,,26.790433134446513,0.9970100980824993
stream,519,,23.302898325995585,1.183661004013399
stream,520,,24.05894054195101,1.2093101103766817
stream,521,,27.216083782364308,1.1493151878646297
stream,522,,24.66041510212493,1.093907022662607
stream,523,,23.47007755551202,1.0848048308269704
stream,524,,23.502774490283844,1.0375165647430427
stream,525,,23.166786668910774,1.027196330580334
stream,526,,22.835356746032907,1.0315754086135165
stream,527,,23.66162152441001,1.1197177168434838
stream,528,,23.039185575274608,1.183271133830145
stream,529,,22.19293174443523,1.229424177608762
stream,530,,23.729257338038057,1.2621125006537361
stream,531,,25.63069996715038,1.1208822197329589
stream,532,,25.70498286082084,1.2214405198894691
stream,533,,25.564304544841452,1.2111203209230745
stream,534,,26.191164998188693,1.2196632068104925
stream,535,,28.439284488663933,1.6719791073116013
stream,536,,27.733124115432865,1.9727891933923176
stream,537,,27.367929990694996,2.127807814060998
stream,538,,26.87662346244299,2.3479787230510274
stream,539,,26.936798641576594,2.36866847045815
stream,540,,25.79054221112873,2.2551917896362865
stream,541,,22.59694293582729,2.257495374580955
stream,542,,22.87562910653022,2.239866889479308
stream,543,,22.955978903112126,2.233349855874022
stream,544,,22.924060234560045,2.2395063221267857
stream,545,,22.926302279885956,2.222569719856333
stream,546,,22.950955885239917,2.23818895753331
stream,547,,21.86869453007936,2.177995289319949
stream,548,,21.772675623784263,2.130984799468036
stream,549,,22.627440598767926,2.109457568457594
stream,550,,20.593563548847534,2.2298447884524855
stream,551,,16.998539547363197,2.2667834656444277
stream,552,,19.646743587432123,2.3663607961959663
stream,553,,23.305395041712135,2.355448137433439
stream,554,,27.697008628385145,2.303942626477896
stream,555,,23.723272706851162,1.8937484633002595
stream,556,,33.27756347463762,1.8209068281272396
stream,557,,34.54792096617424,1.7692432808401841
stream,558,,31.228188941579518,1.5771535305653692
stream,559,,30.035627138362216,1.2171437960135452
stream,560,,30.341508604009793,1.2065088711756566
stream,561,,30.505270783140208,1.2066579237058748
stream,562,,31.58670447504661,1.2917882638176488
stream,563,,32.10187455814688,1.4266633723483826
stream,564,,32.17518724551519,1.4477472116260621
stream,565,,36.038923305507915,1.712190593798172
stream,566,,36.20895588280529,1.7460510696987068
stream,567,,41.782385604957554,1.9206079886774257
stream,568,,41.830157888937315,2.0865429777916127
stream,569,,40.49579499651925,2.052864684996097
stream,570,,48.24300131959161,2.200707664479055
stream,571,,48.962078306942395,2.219620563516253
stream,572,,47.06716725612111,2.077971114636231
stream,573,,43.08542858988336,2.127152643883278
stream,574,,38.566553684276855,2.1236972816463715
stream,575,,38.09255625279553,2.092832222159015
stream,576,,32.68496770282363,1.9791149297485082
stream,577,,30.87940682815585,2.0764052530088204
stream,578,,30.906325018813206,2.020752527217561
stream,579,,30.87993928455294,2.0225630134621557
stream,580,,31.39389457953223,2.0225630396945458
stream,581,,31.574808023070744,2.089737461047833
stream,582,,37.07567202331598,2.3544129536055203
stream,583,,37.15011433343936,2.3416070497372123
stream,584,,41.71253919622502,2.3780654680642503
stream,585,,47.05763489935737,2.1536352425249987
stream,586,,46.959019689627574,2.4822616578099828
stream,587,,40.376049395067945,2.279756129604649
stream,588,,40.90254385798162,2.105688544455503
stream,589,,43.052702715483086,2.1329453809501353
stream,590,,35.09821326666362,1.88703744433054
stream,591,,34.52819152664867,1.837607323170683
stream,592,,33.79825382984965,1.7517648937508683
stream,593,,34.49589982207446,1.7442783272195572
stream,594,,35.0049767033949,1.7387640079060518
stream,595,,34.81786907722864,1.7691486867193114
stream,596,,30.707386937464108,1.6867818394808822
stream,597,,30.702982996592592,1.5560080684900042
stream,598,,31.318296999720417,1.6037269326505217
stream,599,,34.1019509615569,1.8645659836862398
stream,600,,33.568523708110305,2.002092482329082
stream,601,,33.407106210261595,1.9839505867389973
stream,602,,26.611560611031056,1.5916293072017251
stream,603,,28.527913943259666,1.4851793566214486
stream,604,,23.976926059964295,1.4948115436806666
stream,605,,16.13302836797949,1.5482766397809558
stream,606,,16.022200912883687,1.2277127819451117
stream,607,,18.574799221211588,1.2835642684502453
stream,608,,18.003581589925954,1.4148476067975742
stream,609,,15.963779874671257,1.3937637836492829
stream,610,,16.198088029515695,1.3714415207910295
stream,611,,17.77254846737033,1.4788112623876966
stream,612,,20.45543575131492,1.423605738704681
stream,613,,19.925466782991403,1.4396021135563297
stream,614,,19.526915186986542,1.448787137534993
stream,615,,20.965228332778302,1.567380596282964
stream,616,,19.93852775150858,1.5508874155255976
stream,617,,19.993218901756464,1.4701196848591727
stream,618,,21.911577897969437,1.4952348366575046
stream,619,,19.381884748957287,1.2479764563019549
stream,620,,21.783033224656958,1.1572286393172109
stream,621,,22.986751381102177,1.1026652642402484
stream,622,,25.137054355262222,1.095999178939229
stream,623,,22.626067583213636,1.1219257921074357
stream,624,,22.5531341177895,1.0491707722260653
stream,625,,23.039193035098233,1.03825423514501
stream,626,,23.239978631033523,0.9966127170179332
stream,627,,21.094228314081178,0.9612232730851609
stream,628,,22.753845364038273,0.8227642146639191
stream,629,,25.720917084794944,0.817233344685531
stream,630,,30.76790611260732,0.787623251680862
stream,631,,33.54892932005126,0.6501796490185643
stream,632,,34.839342014208285,0.6519735761168973
stream,633,,37.08411984787435,0.6009483471540894
stream,634,,39.37442895520766,0.5899196923063023
stream,635,,38.074824867235805,0.5899195204883788
stream,636,,38.1050042589234,0.6003060117246155
stream,637,,38.352673824911335,0.6257689517879662
stream,638,,38.12572909322946,0.5801917706025561
stream,639,,43.75759923694578,0.5902635055901629
stream,640,,45.915898570785835,0.5271903639965232
stream,641,,44.599442008659516,0.7407615849448905
stream,642,,44.801243870355364,0.8623006083099272
stream,643,,44.790626292964994,0.8702344699406688
stream,644,,46.38016604936766,0.9173608801725543
stream,645,,45.06751071135638,0.856591357686893
stream,646,,47.118725835107796,0.8437522641715539
stream,647,,54.5050544344186,0.8516860835857477
stream,648,,54.976331404716625,0.9226432890085472
stream,649,,52.020489631295774,0.9857163816787383
stream,650,,47.259103170483165,1.037201530324781
stream,651,,42.56486690281939,1.0813160068231684
stream,652,,38.69453614513029,1.0813160151821524
stream,653,,36.3179648448823,1.0746499077406324
stream,654,,32.97324020323678,1.0727897283243655
stream,655,,33.36240559958033,0.9304943774465729
stream,656,,33.24892328748157,0.9066431840763519
stream,657,,33.12754113906526,0.8855593307266674
stream,658,,30.99512829499521,0.8583024942320351
stream,659,,25.336346539731398,0.8862511797917035
stream,660,,20.49490349353847,0.8893294089148375
stream,661,,20.75070630504955,0.676992790976604
stream,662,,18.026396696835555,0.5894429409211316
stream,663,,22.066462930687315,0.6882532392047436
stream,664,,21.200850914073296,0.6957398514629861
stream,665,,21.18751238869191,0.674589801603038
stream,666,,19.963104105956447,0.6672318793658466
stream,667,,12.619484912985262,0.6151835691821727
stream,668,,10.516065470130412,0.5696064723221712
stream,669,,10.43661252403364,0.5119151974978302
stream,670,,10.769938708307816,0.5123624486829295
stream,671,,10.319921320636343,0.49797400686758425
stream,672,,10.166664069143172,0.49619663427310745
stream,673,,13.652210713827063,0.5732809833704524
stream,674,,13.824658822270331,0.6369796054806294
stream,675,,14.307511028235385,0.6006868599438439
stream,676,,14.60643888671837,0.7008108231800666
stream,677,,15.253946809207964,0.7073278633622387
stream,678,,15.170697761923373,0.7165625568026167
stream,679,,15.090416496966862,0.664961466478201
stream,680,,16.90264179546813,0.708545926300109
stream,681,,16.653125432371105,0.7403475056796958
stream,682,,16.620940345254393,0.7095690588766291
stream,683,,12.716029121160144,0.5551225979855504
stream,684,,11.981339157544104,0.505941082688114
stream,685,,12.088148791969818,0.5224840408271866
stream,686,,11.235748139306358,0.5224012343274638
stream,687,,11.654517700621794,0.5249698450671039
stream,688,,13.492070429278012,0.49958972796143514
stream,689,,24.554434172927436,0.6218078259246589
stream,690,,30.83244028567114,0.593411889179891
stream,691,,30.832643493825326,0.861641974084165
stream,692,,31.91821465283543,0.9093443193266553
stream,693,,28.561934954408756,0.8431726521180507
stream,694,,29.016749327509068,0.8620191804568698
stream,695,,28.027223889431376,0.8675334799092027
stream,696,,32.42704061142347,0.904024962097977
stream,697,,31.65176495638204,0.9744432037538018
stream,698,,32.433952172529764,0.9778985417085081
stream,699,,39.17844393206776,1.101857079437725
stream,700,,37.43347995205896,1.3199728482502036
stream,701,,37.84171512693142,1.2881712777420609
stream,702,,37.86257897240127,1.2879891043804865
stream,703,,37.82484883101377,1.2879725410737508
stream,704,,38.568138723065786,1.2911832718630964
stream,705,,41.5912864866798,1.296071967124318
stream,706,,45.24180319275544,1.294870476754652
stream,707,,47.743480785279,1.2892899112888412
stream,708,,46.16991726560556,1.3426186363895236
stream,709,,35.39066256631551,1.2143765772739679
stream,710,,28.231656263853846,1.2040563946045273
stream,711,,29.831404659247276,0.9850575590008882
stream,712,,30.2673952295413,0.9373386507726161
stream,713,,30.38232407950916,1.024859190716541
stream,714,,34.20972735888626,1.0254057729176158
stream,715,,34.68257078136939,1.1090696438314684
stream,716,,30.094963240623706,0.9814238560103274
stream,717,,33.23170540739587,0.953968285991113
stream,718,,32.68582194413647,0.9964837766503296
stream,719,0.9012851848214548,25.688549840434746,0.8816108621498977
stream,720,0.8981495642727373,25.890467537206916,0.6223632908515707
stream,721,0.9060594623767456,25.8009564038923,0.6204865319007197
stream,722,0.9133706678291547,26.205144920920112,0.7152783664458982
stream,723,0.9186233878906316,31.40561309354785,0.8556141804305473
stream,724,0.9271437151118003,30.66478962681715,1.0148666040155363
stream,725,0.9359148903921943,27.717157851905174,1.0200496425103223
stream,726,0.9438560838561113,26.168253897774626,1.0363938178336305
stream,727,0.9511909759821263,22.59068893517123,1.0835202633292813
stream,728,0.9574596024211828,22.803119748433488,1.0555716233126742
stream,729,0.9623601870238968,22.4771196359187,1.0727566728901534
stream,730,0.965896319253651,23.384821028198452,1.0778938446583028
stream,731,0.9681685612771637,23.87661348307954,0.9953486919990652
stream,732,0.969368237147134,22.53731790865438,1.0681826573752922
stream,733,0.9698556569952976,24.47932235497249,0.9766308641895959
stream,734,0.9697944501119663,20.00942811221624,0.9572378552599219
stream,735,0.9695414335543378,19.933271065043883,0.8735740231512626
stream,736,0.9691661225086252,20.206937166012413,0.9647283888268378
stream,737,0.9688598020891601,16.895631775315668,0.9109524233551141
stream,738,0.9684742552963339,17.36639082172975,0.8890774058389279
stream,739,0.9686172645413579,18.122117821264645,1.0308504528265943
stream,740,0.9686804123538127,22.706634647442602,1.3073749320765018
stream,741,0.9687011790338416,27.591780282283224,1.3073914952532226
stream,742,0.9689031761365228,29.48055500313045,1.2207322120866482
stream,743,0.9692818568566474,29.173772436562864,1.1021885908332347
stream,744,0.9699935921578149,36.14583258811482,0.9342939396064323
stream,745,0.9705580022809877,39.7991511405775,0.9132101494741705
stream,746,0.9712040771487257,39.501320796543716,0.8999938809647194
stream,747,0.971877975981061,48.0782273327836,0.9348366846795962
stream,748,0.9724903041264756,51.27007913642688,0.9479739172804436
stream,749,0.972898760525617,51.99749281394967,0.9711830176667821
stream,750,0.9730847420803459,56.371346158582824,1.0219432097534837
stream,751,0.9730129653781898,57.821802399175354,1.031161320018336
stream,752,0.9728414813753684,58.47412674719648,1.2060699325708129
stream,753,0.9726346173617787,57.26603418126961,1.3608731277550001
stream,754,0.9722850315655891,57.494502976813486,1.3008782014796052
stream,755,0.9717983232679397,57.41328195920054,1.3253218560597972
stream,756,0.9712601095236789,57.26916396347338,1.2943115318262568
stream,757,0.9706647265632882,57.565544027770635,1.2930272205867708
stream,758,0.9699075366433288,56.922229069827765,1.293374973258363
stream,759,0.9690500085730562,56.14759916368811,1.1516019043902237
stream,760,0.968375915295755,51.299370394143544,0.8689043952516993
stream,761,0.9679545793542027,46.188211070386465,0.8689043934010392
stream,762,0.9677502907309085,45.175247017885006,0.8689044188457464
stream,763,0.9676970425352956,41.498591188269586,1.0446297092128667
stream,764,0.9678731654128847,34.9265900053464,1.0477576178012036
stream,765,0.9682159932694094,34.97441139192383,1.0967900491816718
stream,766,0.9686530170883928,37.713200570428185,1.0948636327374806
stream,767,0.9690454505885069,34.25517340779165,1.0213543984814155
stream,768,0.9693819218284679,36.304845586437395,0.9809603293859359
stream,769,0.9697096426249202,37.38644012476738,0.9681377147137521
stream,770,0.969992365254958,32.561563369380686,0.8959458404016625
stream,771,0.9702676283864103,31.946568628486766,0.9796096499792515
stream,772,0.9705269953473242,35.46036276327203,0.7409195513663457
stream,773,0.9707920371541344,34.63854730331018,0.6666891721270113
stream,774,0.9710366784786892,36.25322346709357,0.702981930962772
stream,775,0.9712687990492483,37.36730122360406,0.6693201291631947
stream,776,0.9715065590824059,37.15673046936796,0.6368801262631116
stream,777,0.9717320269701929,38.65340795760788,0.6699659700161136
stream,778,0.9719140098768193,38.55016967722095,0.7638506103981015
stream,779,0.9720379387122547,38.915082973106486,0.784838868746735
stream,780,0.9720378882421467,39.88017088614092,0.7854810121761585
stream,781,0.9718226487008911,44.500119181171215,0.8191427803090916
stream,782,0.9714913133678976,43.14953300916176,0.984266180891839
stream,783,0.9710304024769368,42.16979625099828,0.7904690567631021
stream,784,0.9702705410292832,43.621525236825995,0.7959833772538079
stream,785,0.9694072701118045,39.346489706050555,0.7880827330555631
stream,786,0.968287094535625,35.272677630377615,0.7881655487553004
stream,787,0.9671832202400512,30.408899979401454,0.8829574656686056
stream,788,0.9660980798027258,25.691570399657966,0.9047496599980906
stream,789,0.9651613844129585,25.489454971920036,0.8898681787620989
stream,790,0.9642750412131282,25.45720678704126,0.8911027871332747
stream,791,0.963684672996298,24.304420834625574,0.8254611419627407
stream,792,0.9630517913127017,19.945759870672223,0.9324537682652083
stream,793,0.9627990987504348,29.281374370071706,1.2007794936755147
stream,794,0.962697444326213,28.8072215104895,1.2652236054089472
stream,795,0.9623944747017089,28.94778372023315,1.43369407656146
stream,796,0.96205309404933,29.98549316413744,1.6230624993960554
stream,797,0.9612943526445688,34.51218797358186,2.018154917696055
stream,798,0.9601431217282433,34.48831013982074,2.0729005794765465
stream,799,0.9592592123873507,36.24484931915235,2.166785260170574
stream,800,0.9582145185691335,35.317194647061584,2.1998214109668224
stream,801,0.9567037715064398,30.541190472689706,2.1661430799095784
stream,802,0.9546570321016034,31.794823693767746,2.011091438527564
stream,803,0.9519356035694315,31.400633482589985,2.034942612074129
stream,804,0.9493355210434267,30.264908729310857,2.0590383850466782
stream,805,0.9470061560926728,31.637503284204584,2.1399756092418816
stream,806,0.9463627506272976,31.94952025774969,2.4025423308224574
stream,807,0.9477672362793381,32.566521711998675,2.304721880687419
stream,808,0.9504652896065019,31.665547007564086,2.3385823663847285
stream,809,0.9533473153489364,30.054131637176393,2.3428288893387195
stream,810,0.9556833368074439,29.629514498342346,2.3415446019609263
stream,811,0.956819709812932,28.05364286528002,2.3233402435504926
stream,812,0.9568726350892055,28.922043422419137,2.224480213994527
stream,813,0.9564094242303554,21.779425581683547,1.9183290248292573
stream,814,0.9559331812173654,22.55864248521762,1.8138717953519166
stream,815,0.9556784553928792,21.699037356651218,1.6671769833666956
stream,816,0.9557349890837534,22.48409444280734,1.7018578698383173
stream,817,0.9561734775653827,16.18245017781532,1.3287398862552542
stream,818,0.9567839800559115,16.21858348133585,1.1483080694222016
stream,819,0.9574362330934388,16.671041593267393,1.136144171137176
stream,820,0.957886222104054,16.94670162457699,1.1196509530352745
stream,821,0.9578251784638777,17.671617305568233,1.1600450220692833
stream,822,0.9572439751886879,17.146273307935065,1.315096746178437
stream,823,0.9560406516018451,17.79070762259923,1.29112963115151
stream,824,0.9543036119431468,17.32961807407703,1.2914774205796056
stream,825,0.9524535970672868,15.80080293319156,1.1722878241755779
stream,826,0.950379779386163,17.040964551620593,0.9720398572311769
stream,827,0.9487457532150295,16.11764130233562,1.0485776268506741
stream,828,0.9482660539980059,19.469107046695843,1.1204879162829808
stream,829,0.9487339812472987,20.777343670186326,1.1207364152741763
stream,830,0.9501111658090907,21.358660187895584,1.1220207023233977
stream,831,0.952142419258731,21.713107054885608,1.1960765187805376
stream,832,0.9545229496277745,21.589337451646315,1.178891442718238
stream,833,0.9568735360515431,20.980868274315043,1.1269590881554585
stream,834,0.9588648963253351,18.782178672088722,1.2198575671207903
stream,835,0.9605801536189311,18.115921271518364,1.1987074862179088
stream,836,0.9616103524657006,21.256331953205233,1.0277423606108298
stream,837,0.9623188229766401,21.71785450325175,1.0649881750596935
stream,838,0.9626956396716727,21.55222258365135,1.0721639118363575
stream,839,0.9628333594410455,18.987644882636527,0.9574069865309623
stream,840,0.962503883165933,21.971949665233737,1.0337001632632805
stream,841,0.9621718378800704,21.907527154633897,1.0862046361291164
stream,842,0.9618133753043586,21.3008455735461,0.9372265826566586
stream,843,0.9617040287920917,22.199224287221494,1.115930633850574
stream,844,0.9618679540056314,25.50704565662737,1.1155828457840917
stream,845,0.9624014296752714,29.928753807249674,1.1071228448711343
stream,846,0.9627141221389205,27.79668894173107,1.1473844334236345
stream,847,0.9632016535275235,27.923730999469907,1.0740574097132207
stream,848,0.9633794168165325,24.678361175166675,0.9465110051591045
stream,849,0.9633696886845637,23.82544264589253,0.929342493933247
stream,850,0.9628551490249386,24.04108379005045,0.9274823055770147
stream,851,0.9617910526205666,25.030472660679543,0.846250760886062
stream,852,0.9604238814117375,25.619982612895658,0.8498551921644332
stream,853,0.958423288291948,29.43680340473361,0.886528930273835
stream,854,0.9556173445529671,31.94551397716866,0.826960954186897
stream,855,0.9521113176608829,34.5197176462577,0.8281127382387757
stream,856,0.9484504220481951,29.657140129024114,0.9023431383494789
stream,857,0.9452199112858972,29.878251927030938,0.8263812249524968
stream,858,0.9432092421613314,33.204397721849304,0.8725342694426561
stream,859,0.9420529345688072,33.58805106248731,0.9360876849376896
stream,860,0.9418162218196097,32.45705271341663,0.8516619114588699
stream,861,0.9427469716123831,32.69394758140468,0.7679980629379323
stream,862,0.9450495826441685,36.27180196038221,0.8075015767299313
stream,863,0.9479065009226595,35.045531799409574,0.779656208394846
stream,864,0.9503329640889722,34.75434627828587,0.7683995362798955
stream,865,0.951636293563413,40.92515690951819,0.8320026430028954
stream,866,0.9521738965345705,49.76590396902634,0.7365980380596666
stream,867,0.9519650062266541,57.43492444089338,0.7291572732777927
stream,868,0.951261349637888,67.26411250635232,0.7291572732092493
stream,869,0.9501112957109759,78.61954749781685,0.7297828517407601
stream,870,0.9489789026252736,77.8540223720826,1.1128693312868818
stream,871,0.9477360232311539,76.33080029860137,1.1170165257174336
stream,872,0.9463721301168678,76.25014535439465,1.1305971695227188
stream,873,0.945012379663329,70.77380583192121,1.2579116289703944
stream,874,0.9434860754820121,68.56620054145077,1.2374864776905015
stream,875,0.9420844538469132,65.98052700113298,1.2629493881954585
stream,876,0.9407578434649565,65.8616759823601,1.0952407352286668
stream,877,0.9397534954244866,65.19685721620829,1.0783206696501155
stream,878,0.9386360501971317,64.65768980340351,1.0964625672589572
stream,879,0.9380762153229429,64.26468123577146,1.1726027462303676
stream,880,0.9379289204714318,62.09075215124166,1.1641427314673913
stream,881,0.9379173667071463,61.1798427423838,1.1639605166312694
stream,882,0.9378255566595333,61.71041127467997,1.2071716000189932
stream,883,0.9377424960338427,64.0093729377892,1.0653985303092974
stream,884,0.9372514118604116,70.47843374420509,1.1166721560645063
stream,885,0.9367152737723655,63.33739739170478,1.1253106078303359
stream,886,0.9358880589386653,63.58899956739778,1.1639770615064575
stream,887,0.9346166407131306,76.68295026560966,1.2263786492033573
stream,888,0.9330994505519713,80.94120005238454,1.2596925153779017
stream,889,0.9312345340732956,77.95331585861773,1.2990635704698814
stream,890,0.9294492169765168,78.08958556732534,1.1804039101030157
stream,891,0.9276444372598686,78.46306874427272,1.1743799646519495
stream,892,0.9259939680541153,77.53447858168889,1.2300289052366495
stream,893,0.9243581688814766,79.34292215851437,1.166777565866962
stream,894,0.9230548891607441,80.07371607364948,1.1665622894479017
stream,895,0.9223398101871195,81.15701652369452,1.1398979059342662
stream,896,0.9219954284436316,84.19501793919699,1.1491325800335277
stream,897,0.9224028568280737,87.04478588139527,1.1509099442690203
stream,898,0.9236471351636361,91.08088973128824,1.0947475715145294
stream,899,0.925986894735965,95.06333638338498,0.9762040206439649
stream,900,0.9318880520315598,221.79868799198917,413.89030097122856
stream,901,0.9358849036103024,18405.405925758274,446.1387091020354
stream,902,0.9387466840342529,29616.715569654236,476.338831638933
stream,903,0.9403327217564219,32250.0046636178,583.959003094249
stream,904,0.9351881606030619,32540.75593125288,625.0176672567784
stream,905,0.925324691273587,32554.356622574036,641.1272805543969
stream,906,0.9077694759375837,32726.667797078237,652.9540198865319
stream,907,0.8862405283497368,32729.467478028175,655.3304411322638
stream,908,0.8682560129176584,32736.519401590376,658.3743354630775
stream,909,0.8510547102871069,32788.772563175975,664.3430325708347
stream,910,0.8392475636088506,32807.83803766125,669.3463642295844
stream,911,0.8301369728095819,32818.757684762466,669.3736210660177
stream,912,0.823795876254886,32867.313771948204,669.8258491166537
stream,913,0.8175402036859021,32871.61263518982,673.1088504460647
stream,914,0.8128317194479459,32914.54136869832,675.8748827069724
stream,915,0.807537208302992,32932.10140443775,680.293789371327
stream,916,0.7995429439639106,33149.83202048255,684.4866830864512
stream,917,0.7925726062909764,33158.458769492194,696.1265113766877
stream,918,0.7855832006813774,33152.503841138,696.7955226567902
stream,919,0.7795774146945553,33162.509230698,697.4907499585304
stream,920,0.7758984919993263,33106.8612432779,285.2351897279041
stream,921,0.7713458756388817,14947.698000729308,259.3335148364528
stream,922,0.7703776868917516,3934.0943080281468,242.51368461781232
stream,923,0.7657260233515819,1530.687202708337,166.94037005694736
stream,924,0.7622452900271205,1241.2033912655822,137.9311731398508
stream,925,0.7584640666779449,1232.1829206380742,123.34803827568004
stream,926,0.7540359784469053,1067.579239229977,111.52088482365444
stream,927,0.7513547903594642,1065.78213734665,111.80111666081348
stream,928,0.7471813898772804,1082.4545409469638,113.44174434639034
stream,929,0.7454018741505148,1093.5512733396918,115.08556993957953
stream,930,0.7423485762011592,1079.1496293088512,114.460145072035
stream,931,0.7410404734282714,1147.2073443303684,118.78327933029142
stream,932,0.7356413913413924,1223.254362033502,133.05985318745329
stream,933,0.7316286760878495,1287.764278114442,143.4263797436609
stream,934,0.7299185207870511,98179.07659839635,182.22855085422756
stream,935,0.7286266304138236,98160.5238188217,178.68145403836274
stream,936,0.7281905007646469,97944.4080791195,174.5837827550802
stream,937,0.7280671824450089,97933.09795423687,163.0958782211086
stream,938,0.7279483099231933,97932.23149949154,162.4132863240755
stream,939,0.7270270593543815,97918.66700056542,161.72352366424047
stream,940,0.7252996575620528,97851.2800228296,161.14695619544284
stream,941,0.72207574961152,97840.22844059317,154.9448882398573
stream,942,0.7175789126520198,97650.07782692161,141.4485673833572
stream,943,0.7125616535238037,97419.33708188485,109.5300684882629
stream,944,0.7068568496885235,97420.3548183596,97.60477130611186
stream,945,0.7010129000486004,97413.7826299066,96.15992195693033
stream,946,0.695073265874435,97402.43453497902,96.1526302828033
stream,947,0.6894964003813104,97380.54090776782,93.69720239361052
stream,948,0.6847033992583695,97342.86134344095,88.99225532153137
stream,949,0.6807375513632108,97273.29409821203,81.35262477368609
stream,950,0.6776817788117868,97268.80184565115,76.757579388776
stream,951,0.6753166088028462,97192.4285418448,72.44086658682048
stream,952,0.6731952406686107,97067.62887175252,57.702945897510695
stream,953,0.6714381326418652,97000.35253346642,43.99667969061201
stream,954,0.6698455841374659,65.22802634649659,2.519630511235975
stream,955,0.6687224003413316,66.27866639202254,1.6564628631688212
stream,956,0.6677468649250747,61.78807726570778,1.655850028628597
stream,957,0.6670423489583236,63.42504556302059,1.5956105979371815
stream,958,0.6666962002638583,66.09898598455234,1.593882917617853
stream,959,0.6663148651862629,66.61715727945426,1.8493235926634732
stream,960,0.6661938899248251,63.09609735762191,1.8004401697454266
stream,961,0.6660422110545617,50.5372189517771,1.7104376434093476
stream,962,0.6658412808902029,38.76207110624628,1.7508151896319801
stream,963,0.6652519065459694,39.9856970638822,1.737330127497741
stream,964,0.6645571579715145,28.05389274697262,1.6332908317897656
stream,965,0.6636576418556684,27.953579785300523,1.5121581976179694
stream,966,0.6628296878446834,23.06200285505723,1.600387170667406
stream,967,0.6620585998257775,23.16701510072436,1.3440189797902724
stream,968,0.6615946956838339,22.841295692125957,1.3311301711548325
stream,969,0.6613421191670886,21.03423087796382,1.3734303433998238
stream,970,0.6617376136508049,24.689425674981866,1.524487760953365
stream,971,0.6624587119613411,21.701317881328052,1.7041449934080037
stream,972,0.6636940083924836,29.122680231871186,1.8387920516251224
stream,973,0.6648061291793419,26.17498596281594,1.9587817916216577
stream,974,0.6657202671409534,27.53383555929522,1.861110536619076
stream,975,0.6664414080138121,26.378726327472208,1.8918889998958544
stream,976,0.6671658165746991,26.201432957043934,1.7916491602864897
stream,977,0.6679831664884736,24.690927231078057,1.7041948530044089
stream,978,0.66900000000927,22.014584490415093,1.7195031766775082
stream,979,0.6700732729791823,22.403143138897907,1.5005209506803756
stream,980,0.6712019594834046,22.221734809162523,1.4889164823695427
stream,981,0.6723042496028064,22.981241295451223,1.529045577713838
stream,982,0.673330010872144,23.0289428745101,1.5015568190643578
stream,983,0.6743022646571663,21.34617069617022,1.4217128018088236
stream,984,0.6752104647712117,23.071439540126402,1.6109322288685275
stream,985,0.6759242212563404,21.71198505654808,1.6253206693222593
stream,986,0.6764706218559755,21.102658399771638,1.5006829567228595
stream,987,0.6768575376323743,21.07000562957678,1.4952348829045163
stream,988,0.6771496462764599,21.489154737821806,1.4970122521191527
stream,989,0.6773754448131039,20.936174820497985,1.4974594575843758
stream,990,0.6775678340218708,17.012804187266262,1.3160338548056716
stream,991,0.6778067431457914,17.235375058147454,1.129955199303342
stream,992,0.6779663894203085,10.753064611130826,0.9485295354940838
stream,993,0.6780750910833077,10.295690081333802,0.7980059871475875
stream,994,0.6780700859185901,10.824874626816303,0.8962900790921204
stream,995,0.6781137079350206,12.087684019040665,1.0860393602419334
stream,996,0.6780738287082656,12.694685706874186,1.250922047159057
stream,997,0.6780401002446023,12.358482637678584,1.2618347311824245
stream,998,0.6780058454247935,13.50032318073118,1.2664418779678748
stream,999,0.6777728574754057,12.997997446081776,1.371213627886582
stream,1000,0.6771047679155753,13.349473970447017,1.3527442224894057
stream,1001,0.6762290591840536,11.79132249867589,1.2962047234199616
stream,1002,0.6751966882520811,11.849665781349799,1.286903802288739
stream,1003,0.6743118138063129,11.131423519954852,1.251874904202284
stream,1004,0.6735300534859161,9.3155815405045,0.982082663476512
stream,1005,0.6728514096171373,9.463994380490664,0.9435984472513884
stream,1006,0.6722529722815618,9.580822192153354,0.9672508971316206
stream,1007,0.6717452546862089,9.508073997968106,0.9673668266191079
stream,1008,0.6718669283247088,9.14149542182709,0.9674496506707768
stream,1009,0.6724519718263524,9.055062532681744,0.9208494192154995
stream,1010,0.6729595725444806,8.996832408306586,0.9314843822318986
stream,1011,0.6732977001894327,9.232531112673396,0.9048696560505827
stream,1012,0.6736228360521606,8.485315178837594,0.9048696570221536
stream,1013,0.6741383396950184,10.082881897703851,1.0414022390011617
stream,1014,0.6748723544155923,8.064618634437181,0.9645167019189251
stream,1015,0.6750348892662137,8.07456671250673,0.7824731671101076
stream,1016,0.6750104996921256,7.502691854296125,0.6777012845012427
stream,1017,0.6747510519076017,7.713524945210925,0.6625585902240972
stream,1018,0.6742261639110338,6.695818277367374,0.653671741980295
stream,1019,0.6734565627660821,6.149399808980008,0.4889050823899247
stream,1020,0.6727863114464971,6.092388353617787,0.4979907182610882
stream,1021,0.6721204862159821,6.151529774513056,0.46787096298903585
stream,1022,0.6715405989345075,6.21962694911205,0.5115713202393224
stream,1023,0.6709971137013793,5.63360861688019,0.4988978291079915
stream,1024,0.6705219988450285,5.964884729742268,0.5132492890484623
stream,1025,0.6699611347683626,6.047973361021919,0.5376929254266566
stream,1026,0.669426590423964,5.913079366788931,0.5164600175427052
stream,1027,0.6687314604389587,6.303119882996161,0.5256450177597518
stream,1028,0.6681950959980042,6.982480005359425,0.6391673974674401
stream,1029,0.6674238976647778,8.058158002549401,0.7711630040147827
stream,1030,0.6663232126252772,8.153191403824106,0.7562814918120023
stream,1031,0.6651420981893158,7.68383540561609,0.7646918460613956
stream,1032,0.663742942648016,7.324541364108115,0.753779147499837
stream,1033,0.6620933832973351,5.65403015951364,0.6127515400114076
stream,1034,0.6602425348441554,6.070186126443044,0.6124367744556296
stream,1035,0.6586804298320698,6.370723763483081,0.5816545397385372
stream,1036,0.6566828737690931,7.337981550556425,0.6864263397578918
stream,1037,0.654799965985114,8.150678532619715,0.8383500879851664
stream,1038,0.6531513308001189,8.178996747169448,0.9085530681496207
stream,1039,0.6514293205974463,7.897619469700248,0.9138851932688085
stream,1040,0.6500834531415673,7.841009071450762,0.9141005136327006
stream,1041,0.6490894693394907,7.746614414421012,0.8987093814955213
stream,1042,0.6484403438257822,7.672862927915979,0.8520467472554781
stream,1043,0.648279998190862,7.696498264034856,0.8689668147771717
stream,1044,0.6484844421526479,7.490996811312087,0.8423521284416908
stream,1045,0.6490878388314423,7.76869216279323,0.8638793256179619
stream,1046,0.6501996870023558,7.882266224738637,0.8615757383939457
stream,1047,0.6504613967792789,8.465330155897387,0.8963892729969133
stream,1048,0.6501636772087501,7.746488999285569,0.8082469673672313
stream,1049,0.6500130892064503,6.5537418837812345,0.6841354935114614
stream,1050,0.6501882251077705,6.612344434711117,0.6774693849068855
stream,1051,0.6503662753647531,6.821961734232656,0.6684168887507038
stream,1052,0.6503478832667253,7.10008480996156,0.7101118660046302
stream,1053,0.6504226138619202,7.631993868611795,0.6974383549120113
stream,1054,0.6509855848069083,8.016369155787977,0.8238993169665604
stream,1055,0.6514138528638873,6.43977966099272,0.8345342227837607
stream,1056,0.6519600738694248,5.585228699239055,0.687839379954163
stream,1057,0.6527202886893508,5.260385492727981,0.5401456576819323
stream,1058,0.6529139689191887,8.031497383640463,0.6877107628330301
stream,1059,0.6532944934222609,8.087114074384958,0.8189941552662912
stream,1060,0.6533710148004271,8.209196022446452,0.839767109693758
stream,1061,0.6535693303171491,10.485283239660923,1.0354906494866007
stream,1062,0.6533745370314472,11.386630315907052,1.2033356107861235
stream,1063,0.6534042251999007,12.411835446798184,1.3997345055288026
stream,1064,0.6531454860291697,13.03463416494537,1.482200712539781
stream,1065,0.6528515780584765,12.525372974867828,1.467008345168124
stream,1066,0.6524173092861298,12.439058177912859,1.4638804259724623
stream,1067,0.6519005706259532,11.653489021919196,1.4197659490225611
stream,1068,0.6512353995832705,11.83929160498811,1.4402279792441248
stream,1069,0.6504212684094611,11.903390582565175,1.4505481495149108
stream,1070,0.6495969360296378,11.787226253439236,1.4464009462129375
stream,1071,0.6486560748272971,12.202136933078174,1.4739725121117813
stream,1072,0.6482275135463021,12.469165979438891,1.54165281190167
stream,1073,0.6483410400303943,11.94001721767725,1.5453566323281809
stream,1074,0.648843284041007,11.161091207642098,1.3952432983105438
stream,1075,0.6498720212542726,11.273617791271354,1.4010022307319796
stream,1076,0.6509429487648447,11.131630339718434,1.3829303985305326
stream,1077,0.6519842248856826,10.659729614383279,1.3895964695533702
stream,1078,0.6530864119290747,8.112783428906457,1.2322704865337524
stream,1079,0.653761365102219,9.23617861503072,1.1140083612989053
stream,1080,0.6549253578858277,10.77395616971878,1.2078929291405711
stream,1081,0.6559251486815943,8.622228155464985,1.1788624774425935
stream,1082,0.6568775973683366,7.754531488374611,1.0230654159715689
stream,1083,0.6581588457897999,6.7160696638568265,0.8097464555578563
stream,1084,0.6592475227160717,7.180090534155602,0.7670322106783999
stream,1085,0.6603904702961602,7.187585399139978,0.7743238848054377
stream,1086,0.6618047603323428,7.204753184323673,0.7755253661731001
stream,1087,0.663104613280299,7.327192259801337,0.7994925012146222
stream,1088,0.6644079258466895,7.240719845695961,0.7990784660313353
stream,1089,0.6656620456312231,9.103108239841783,0.819126497566068
stream,1090,0.6671861959529416,9.30437255174883,0.8448212894699383
stream,1091,0.6685332994803236,10.326762754670256,0.9582978318723042
stream,1092,0.6694634626244514,10.168305990170033,0.8555886788128133
stream,1093,0.6703141817811814,10.201685908628596,0.8918814113933188
stream,1094,0.6710467819478455,11.057525263207554,0.9011823316759133
stream,1095,0.6722442950913612,11.317558188189869,0.9832510035624887
stream,1096,0.6737908233400488,11.417425561872104,0.9801727964275333
stream,1097,0.6757454156305747,11.363189587267847,1.0078767928214982
stream,1098,0.6782021352131423,11.614382523686539,0.9745423945383261
stream,1099,0.6808208022930101,10.532512668824074,0.9861469216079821
stream,1100,0.6835065168703771,8.642200332235696,0.8712740781334001
stream,1101,0.686329375246634,8.856491067048024,0.7361175129093122
stream,1102,0.6893701960176597,8.809131581157128,0.7455012555604462
stream,1103,0.6924701185123158,9.008132495398232,0.7788151966237332
stream,1104,0.6953553800914634,7.943652533803322,0.7604949122666573
stream,1105,0.6979021766739736,8.060695108912869,0.7138322284840997
stream,1106,0.7003430654998067,10.123410319220358,0.8274375034537447
stream,1107,0.702346477968154,11.569246242735694,1.1219752735990292
stream,1108,0.704084299677189,11.425035624995614,1.1298759700869334
stream,1109,0.7056143676930408,9.460260877550963,1.0916236163781945
stream,1110,0.7068699957516809,9.325459655266805,1.091308918758393
stream,1111,0.7079973225786461,7.766728615500096,0.9538652522667179
stream,1112,0.7087507593387656,8.834822379812845,1.0053708123295768
stream,1113,0.709435576558424,9.335569439578693,1.1330663442710969
stream,1114,0.710143595724351,8.510068216835835,1.1477325268245648
stream,1115,0.7110128154832871,8.19231515911879,1.059590222426482
stream,1116,0.7120629655555584,8.091734977469686,1.0595902170654208
stream,1117,0.7131669766985651,8.194548437065688,1.0318862198298993
stream,1118,0.7136838313947568,7.822998087251315,1.0475258239773555
stream,1119,0.7136351332054597,7.7296997454669665,1.0229000112091802
stream,1120,0.7132381325138868,8.058821059778635,1.0108521058210616
stream,1121,0.7127077202317295,7.721554618642958,1.010852142584636
stream,1122,0.712073560565006,7.914569885282028,1.0057149481483127
stream,1123,0.7111961875741813,7.758347954711397,0.9895694909088916
stream,1124,0.7102103022789596,8.849263362146678,1.0603941448319458
stream,1125,0.7091661864616311,9.06217811712762,1.1642091648097672
stream,1126,0.7079864365598527,7.115378732142435,1.0524143855382346
stream,1127,0.7066588894760646,5.68990960054127,0.730305050732778
stream,1128,0.7052477934317614,5.8578029569944805,0.7303050507327778
stream,1129,0.7037315791264047,5.876961047310906,0.7433263988305203
stream,1130,0.7026081061131358,7.656823834657758,0.8089681042972037
stream,1131,0.7016886366180719,9.34887194427509,0.9884838121043249
stream,1132,0.7007659390938547,9.19088574231356,1.2453209319335954
stream,1133,0.6998485020617216,8.880609117969094,1.1418079008790891
stream,1134,0.6988876430114325,8.815807060771114,1.1414932044908872
stream,1135,0.6980715113764221,9.004888329694115,1.1179567307128928
stream,1136,0.6971472947078334,9.005948489290978,1.144571385423915
stream,1137,0.6964464280945458,8.875431097044485,1.1445714089875008
stream,1138,0.6957088267768305,8.954354534578565,1.1061038032642774
stream,1139,0.6953091658176753,9.83617370323148,1.1796130346671014
stream,1140,0.6952437000354941,10.380853031814624,1.347457918936735
stream,1141,0.6950050254029999,11.080155785196181,1.4070258950236731
stream,1142,0.6947691299050343,10.789162122907092,1.402994644252715
stream,1143,0.6944892101727014,10.754999071963582,1.3984996269874914
stream,1144,0.6941103319457811,10.268668114400967,1.3148358196816154
stream,1145,0.69361664134364,11.249015773382329,1.378087221680107
stream,1146,0.6930220792440721,11.511013776132243,1.4679610431963535
stream,1147,0.6924162261582626,11.183973003545278,1.4848976963333955
stream,1148,0.6918478102604785,11.0752414595528,1.4302846249883778
stream,1149,0.6911307130139183,11.053766139963889,1.4082273631228215
stream,1150,0.6904058438064576,9.185167418129717,1.3171227657437683
stream,1151,0.689635726025742,7.507198036448995,1.1340191812230571
stream,1152,0.6887257323577898,7.130546776542711,0.8686391246403253
stream,1153,0.687904735429394,6.991683015141768,0.8596489806008933
stream,1154,0.6875331393932964,7.692795441803628,0.9149539142724069
stream,1155,0.687226110419876,7.6109149600414145,0.938805086901802
stream,1156,0.687189988956894,7.616953809112839,0.9333404768882435
stream,1157,0.6873677430133425,7.735299409138134,0.9266743831433765
stream,1158,0.6872288097887908,9.458569885319063,1.0139464755893353
stream,1159,0.6869572957687111,9.442944098605642,1.17818324532859
stream,1160,0.6869415545092623,8.824942665188626,1.0134165976614582
stream,1161,0.6864365032901504,8.136812137951814,0.9223948599041107
stream,1162,0.6859593126407617,9.163576108447792,0.9431678750477074
stream,1163,0.6853498121957684,9.371381692036097,0.9941931304958871
stream,1164,0.6844944899090092,8.67282780368525,0.9886788305849684
stream,1165,0.6837028895437259,7.691847933601094,0.8938042254544457
stream,1166,0.6826706890732532,7.273528135114125,0.8009681211902651
stream,1167,0.6816183108541243,7.431690834166756,0.8058236882626086
stream,1168,0.6800913089886913,7.548237818792347,0.8070251699517709
stream,1169,0.6777846158854937,7.625860034567743,0.8162432784345056
stream,1170,0.6756038764608598,7.598268797988508,0.8204732642450616
stream,1171,0.6730907331729948,7.494934047909291,0.8204567007473855
stream,1172,0.6699248483209878,6.826210295387251,0.7709770670214879
stream,1173,0.6667166867613963,6.755652042668133,0.7284616682595085
stream,1174,0.6632037293725286,6.053678639924804,0.6465420509518198
stream,1175,0.659414033471768,6.257631707912422,0.6662753945563815
stream,1176,0.6549790272303061,11.235104448253107,0.812970405623892
stream,1177,0.6504375244678768,12.47383987800034,1.4091477639290348
stream,1178,0.6456647832346284,10.501963318578692,1.3780380168355755
stream,1179,0.640304855585842,9.896328354014447,1.1312561005711417
stream,1180,0.6348092780547958,9.917746021646016,1.1675488346432745
stream,1181,0.629279629668023,9.916927063334347,1.1693924647252418
stream,1182,0.6246722057980723,8.984110663153581,1.1394344714289375
stream,1183,0.620825809188964,9.156965614460978,1.1090496877621738
stream,1184,0.6178843926448315,9.219175213434974,1.105971468046856
stream,1185,0.6159338579757505,8.899843151256203,1.0331540657934963
stream,1186,0.6143713829280468,8.960844501445889,1.041564416502048
stream,1187,0.6146519516204904,8.824193270005493,1.0367087979364351
stream,1188,0.6159159713454929,10.79960899360003,1.1278133426597294
stream,1189,0.6181206276945737,12.18034201164118,1.332791852776586
stream,1190,0.6214428410233116,12.217457845406717,1.4093296359556309
stream,1191,0.6238418411230503,12.594124963152973,1.4222350080202026
stream,1192,0.6255379599267152,12.342355085326169,1.4433187999726653
stream,1193,0.626638270705685,12.381483309840908,1.43122118335776
stream,1194,0.6269274854886987,12.48099699414448,1.4367520596834509
stream,1195,0.6267833327154506,12.65775866060503,1.4823457261974848
stream,1196,0.6267185315566264,8.646328062077068,1.3780540859275443
stream,1197,0.6262857571141225,8.229667854066006,0.973370251105204
stream,1198,0.6262583522929408,8.225267422941208,0.9556755572028571
stream,1199,0.6265187889135112,8.198806591489609,0.9889894587107987
stream,1200,0.6271552212150693,8.58686663617749,0.9966952035601665
stream,1201,0.6278936220813643,9.730836857358282,0.9936169793394887
stream,1202,0.6291019353275172,9.899825177742859,0.9959205520252956
stream,1203,0.6307574400227863,9.643690248160484,0.9795266521522893
stream,1204,0.6330647408868413,9.633691361920249,1.0064560003683418
stream,1205,0.6364521481612497,10.232226621928264,1.0064560039325967
stream,1206,0.6373893504110157,17.307165964138996,1.5728245142088184
stream,1207,0.6384926221548939,17.47892877063862,1.8584919374693187
stream,1208,0.6390790572925474,15.474914028151176,1.7825300863801705
stream,1209,0.6408209617316515,15.663712432692007,1.7093650129050681
stream,1210,0.6417854692770636,16.132879331745997,1.7422024440578048
stream,1211,0.6415699858531504,16.583141938797993,1.7299392121031953
stream,1212,0.6418125271349939,16.989651185438905,1.8071396091544252
stream,1213,0.6425244252305872,17.242263210188327,1.8071892929411222
stream,1214,0.6433857718756383,17.305715726057045,1.8016087165464865
stream,1215,0.6442133760701348,16.727634464628565,1.7214002264305701
stream,1216,0.6456585263970299,16.167727134511853,1.6590814138156562
stream,1217,0.645859036968319,16.46609418333053,1.6152816155268688
stream,1218,0.6452569355456418,17.318109569438793,1.5596288896741377
stream,1219,0.6449579493719559,17.124607020763115,1.5666924938553901
stream,1220,0.6458489384008685,18.481364304816054,1.566692581805961
stream,1221,0.6467929064796479,17.326601397003895,1.638884450757009
stream,1222,0.647984784231902,17.3879596921327,1.6420951973847073
stream,1223,0.6483865384752717,18.049391484829144,1.6803641178871707
stream,1224,0.6483752370052042,18.005577982863656,1.6803641513312826
stream,1225,0.648028181909591,17.44896196153614,1.682141520545919
stream,1226,0.6474199887383864,10.329620397377056,1.1103249305697278
stream,1227,0.6466721454009076,10.15635858186804,0.8083133683670692
stream,1228,0.6459529383575598,10.132969094997058,0.7913933036676069
stream,1229,0.6449802482395338,8.80192408075202,0.6976499806136918
stream,1230,0.6441996250957903,9.189515027452284,0.5913033344165377
stream,1231,0.6438336151498071,8.965606626389555,0.6737694868215228
stream,1232,0.6436161319069927,8.653230378378664,0.5911044465035616
stream,1233,0.6433398944946229,8.472483256721949,0.592256239235924
stream,1234,0.6425932028943506,9.140579559919438,0.6088488348537627
stream,1235,0.642427918416528,10.72584182710655,0.736494520941761
stream,1236,0.6422804186043262,10.312893268519653,0.7682960609580345
stream,1237,0.642055486657522,8.93646551243594,0.616372310451975
stream,1238,0.6420299962106946,8.25928700456189,0.6333089373565873
stream,1239,0.6418075158419482,8.223841287560731,0.5966352397120804
stream,1240,0.6410069148995732,6.986993844757578,0.5618216619824461
stream,1241,0.6402124607838903,7.094042769257584,0.552702878458877
stream,1242,0.6390805609899182,6.952029137776828,0.5496412002606543
stream,1243,0.6379571708043077,6.165366154502158,0.503488156482037
stream,1244,0.6370038832363224,6.099186218498381,0.4759331859653743
stream,1245,0.6364726720128288,6.812331895954412,0.5013961185798413
stream,1246,0.6361217572028399,6.881827590186416,0.507026391762585
stream,1247,0.6358965678838767,7.057749639791627,0.5083106788118064
stream,1248,0.6356314165084326,6.966330858666778,0.5209841462120048
stream,1249,0.6354714319837251,6.6999951597881156,0.49547161091690667
stream,1250,0.6353152440349298,5.823082678073277,0.4882958726714607
stream,1251,0.6351474201905336,5.277351183505137,0.4052041398843047
stream,1252,0.6349309443944534,5.477868173862494,0.38528869806696076
stream,1253,0.63466665049095,5.666893739164326,0.4387002859711597
stream,1254,0.6344074030434009,4.90392216436336,0.4252356092818819
stream,1255,0.6340344232613204,3.9035892435510062,0.2975898996302988
stream,1256,0.6333394071374889,4.233910428551153,0.267631980694555
stream,1257,0.6327379536745316,4.57754697820617,0.32149077406397686
stream,1258,0.6326283257313992,6.209458103487252,0.3082745184493159
stream,1259,0.6322057057793862,6.554536253778774,0.48686262214469067
stream,1260,0.631604816976945,5.850313892795926,0.47459939123726674
stream,1261,0.6304111658163498,5.937395728961393,0.41088415874051465
stream,1262,0.6294051571283773,6.0496094619629925,0.45243009642054177
stream,1263,0.6281526504724015,6.031349472667529,0.4469820598624576
stream,1264,0.627067897077423,6.026797530692719,0.4469654950260157
stream,1265,0.6259328858601455,5.255281666993096,0.42030108589248916
stream,1266,0.6246955856210802,5.165796097403438,0.4110663931092552
stream,1267,0.6228558624037402,5.559636933422417,0.4261262984386054
stream,1268,0.621154215060255,5.5097834381310955,0.4263416652861452
stream,1269,0.6201995852441562,5.5416312724718555,0.40519155664506684
stream,1270,0.6195674436701949,6.862760390026836,0.5187138676671579
stream,1271,0.6197656394469516,6.926865066986561,0.5828928177108084
stream,1272,0.6201625216030618,7.132737332649893,0.5847364520903343
stream,1273,0.6205006558465544,7.639770957497117,0.6449300730089768
stream,1274,0.6211372340827527,9.468760848144516,0.8096967361168028
stream,1275,0.6220894280106098,8.90656679935205,0.879568416993439
stream,1276,0.6234051916653753,8.66173485421736,0.8818719911779456
stream,1277,0.6249660245586587,8.338326567627217,0.8431558642386888
stream,1278,0.6266724921987518,6.474213412384942,0.8523408199370348
stream,1279,0.6285267102076222,6.152156607362168,0.6718262701917636
stream,1280,0.6308298196654714,6.2173244586564795,0.6717765808378503
stream,1281,0.631957567237864,6.173126742170272,0.6990334476943547
stream,1282,0.6320370778616464,6.398225296190367,0.651331060327229
stream,1283,0.6322316895281271,6.531423580727635,0.7033792968847677
stream,1284,0.6320265698664534,6.556080684985894,0.7160693063993991
stream,1285,0.6312705872856667,6.701405523427332,0.7190812900344417
stream,1286,0.6297297060567766,7.247886037546252,0.7919153097876402
stream,1287,0.6281604546207372,7.751471088252662,0.89102382467517
stream,1288,0.6268560427923163,8.157521118077208,0.890808456986074
stream,1289,0.6257612847241094,8.07379946197146,0.9119585667287382
stream,1290,0.6248802776973992,7.103527400998881,0.8183517194969249
stream,1291,0.6245710366818885,7.276032792887679,0.7762300331694907
stream,1292,0.6244628502163331,7.241378358858193,0.8362249323410004
stream,1293,0.6246886103809165,7.209611623449135,0.8490679161829651
stream,1294,0.6250721063706316,5.621968188187728,0.7734794220867822
stream,1295,0.6254608376001238,6.919546758886427,0.7309308285686196
stream,1296,0.6257110908192024,7.132170819866964,0.7805595619198215
stream,1297,0.6259586803314472,10.433948325229752,0.8113419134201804
stream,1298,0.6267218590022987,10.641929748612485,1.0117721100223167
stream,1299,0.6275665589131106,11.56611721782511,1.0269148126584453
stream,1300,0.6281365989356009,11.42208418899979,1.0600006881958781
stream,1301,0.6283437994957862,11.481513075889168,1.0346205710902092
stream,1302,0.6285676424410139,11.236797406067595,1.0363979418340261
stream,1303,0.6288111324879753,14.303579784178051,1.1210810829736708
stream,1304,0.6284231139094896,14.558284549016246,1.3067531932498635
stream,1305,0.6275995487220047,14.838234944770536,1.3031487486953615
stream,1306,0.6265539192269557,14.42647214490539,1.2855202983526717
stream,1307,0.6255441096092935,13.734247561464136,1.1912673199531356
stream,1308,0.6244019325856783,13.328562417997611,1.1804540310971854
stream,1309,0.6227828015680034,13.4268450803244,1.1593039271126764
stream,1310,0.6208084790135706,13.154466009376756,1.1647685395350311
stream,1311,0.618334657279245,13.088644133417404,1.1598797888953323
stream,1312,0.6156841143241405,12.877003814985013,1.123421339196773
stream,1313,0.6124142525485627,12.834532773902446,1.0508319381426603
stream,1314,0.6090097282941275,12.539785919015927,0.9979465155849742
stream,1315,0.6058126405851513,11.645631457399645,0.9669858954888754
stream,1316,0.6031002962299495,12.406230126404285,0.9203857139895261
stream,1317,0.5997719545104495,9.587388493243843,0.9368623751787721
stream,1318,0.5953849139488314,10.903865350254875,0.7235434129143994
stream,1319,0.5905768843328996,9.946626791899801,0.7794407467430371
stream,1320,0.5853775648784507,10.072648346333096,0.7626990202965023
stream,1321,0.5798524242024473,9.872207276429833,0.7614644122538982
stream,1322,0.5741606341937644,9.600681592188607,0.7596870415100815
stream,1323,0.5683395528900876,6.403856063745478,0.6229556638128981
stream,1324,0.5621118473275526,6.254513687525582,0.4283139293535702
stream,1325,0.5559519372109757,5.83290095369378,0.4410039622854151
stream,1326,0.5502465918060007,5.710455544374961,0.3858149559221587
stream,1327,0.5448438465904328,5.326810489027775,0.36403932574858255
stream,1328,0.5396145821960151,5.357628713667191,0.3621625832709194
stream,1329,0.5347753015370383,5.275819123958723,0.383312657512617
stream,1330,0.5299014975873522,5.219958034094949,0.35605582101798483
stream,1331,0.5250544689396792,5.0039492163328605,0.34247518842494135
stream,1332,0.520184473696546,4.845654304219414,0.3152349199175747
stream,1333,0.5157367468338138,4.189371157015383,0.29291269830485167
stream,1334,0.5116151537647701,4.181003218391237,0.2535417222691753
stream,1335,0.507511609524014,3.8480755272766887,0.24448922445327256
stream,1336,0.5039302740817584,2.9893813288704747,0.2626935611888598
stream,1337,0.500785010818951,2.6634275440177744,0.2003746975778878
stream,1338,0.49776355213245854,1.4007992422345539,0.20959282659525444
stream,1339,0.49445561254169457,1.8140510354877817,0.14278282444451515
stream,1340,0.4917100522667232,1.7276018937968938,0.15917668755394798
stream,1341,0.48946766279506965,1.719386645133117,0.15855110895389388
stream,1342,0.48743069650839255,1.7249915278392038,0.1591766930450039
stream,1343,0.48541500229826257,2.6228224544580296,0.17275729823605576
stream,1344,0.4837726754646903,2.9812739095932126,0.2844360550974173
stream,1345,0.48278375587374833,4.085887716709868,0.27776995409515154
stream,1346,0.48139058940883,4.121280148523224,0.2998271579438854
stream,1347,0.4800323671989314,4.6192063511565316,0.3475295047465473
stream,1348,0.47920245125132255,5.0046610546347345,0.46292864940967626
stream,1349,0.4793037037911202,5.125304462723035,0.45832150250128373
stream,1350,0.4800745237556749,5.31639043215006,0.513526979012523
stream,1351,0.48133663429214607,5.307916318968987,0.5136428965697205
stream,1352,0.48322314989552717,5.6739705235927715,0.5228610225358176
stream,1353,0.48559554797703697,6.039868076186527,0.49012297601878757
stream,1354,0.4879812355730414,6.902905119067269,0.6170438021099365
stream,1355,0.48943661372430347,7.646884995085528,0.6188377380116948
stream,1356,0.49206883518309696,10.05858800009725,0.7899431951222537
stream,1357,0.49251960730312244,11.042354843025517,1.0178289320699152
stream,1358,0.4906058368758178,12.625246125094964,1.0091866994494658
stream,1359,0.49015215147608293,13.260288323562522,1.1442108453977513
stream,1360,0.48850883545171975,13.216148357735197,1.2147247127689913
stream,1361,0.4875484722832388,13.658386836791097,1.2239428213202692
stream,1362,0.4870783474977018,13.843880211511635,1.2293246179052542
stream,1363,0.4872655754169057,13.911597196163095,1.3159838381824684
stream,1364,0.4884197094370062,13.62263515867289,1.2739321174044098
stream,1365,0.490805569146657,12.523340746811524,1.2848448165474955
stream,1366,0.4936167967015255,13.708306719061415,1.345332821110725
stream,1367,0.49708555859353587,16.67268644685826,1.619723247718916
stream,1368,0.49980795526477684,16.59219553127261,1.7018415910027493
stream,1369,0.5018436721034466,16.835337085728913,1.6906804610345147
stream,1370,0.5036687651300018,16.737341766870063,1.6416479984582166
stream,1371,0.5048587274745738,17.550684949950305,1.7533267112675952
stream,1372,0.5064711227764274,17.23210022240219,1.7447341619137844
stream,1373,0.5078443773944498,21.11993779435395,1.9425039052943847
stream,1374,0.5089348780108574,20.902320910513232,2.1560546325573786
stream,1375,0.5096092085382082,22.256291593115638,2.3227477296542482
stream,1376,0.509841587383293,20.077440348748446,2.306693907562078
stream,1377,0.5097210277884773,19.296432196867425,2.0769479821896417
stream,1378,0.5090360902057028,18.13390858800999,2.180812691315201
stream,1379,0.50864923789304,17.72150030160971,2.1934822676391463
stream,1380,0.5075630718488744,19.084269842380774,2.1831161228436096
stream,1381,0.5069191030918293,19.213791131558928,2.3561899229876677
stream,1382,0.5065984895336132,19.05639009457249,2.359400651512921
stream,1383,0.5064280567413552,18.087980494117048,2.2615803292509917
stream,1384,0.5054178866290352,18.390618437169806,2.2011382840073836
stream,1385,0.5044086361801531,18.496809238627065,2.1932541537104675
stream,1386,0.5038918102128568,18.513649913915014,2.22609152450558
stream,1387,0.5030425702524829,15.366923461342214,1.9974604408350203
stream,1388,0.5027661202526511,16.924021616916104,1.9536606363126205
stream,1389,0.5014295202590805,19.146161809085022,2.2697457898597917
stream,1390,0.500787248004472,20.969437098146194,2.691100986435546
stream,1391,0.500182726730276,20.32471849296032,2.6313546401121655
stream,1392,0.49977044479668326,20.258239822183178,2.6944277309006863
stream,1393,0.49928791714408355,16.023491776397456,2.505300201456564
stream,1394,0.4988211832823904,15.487878081499163,2.1914433412291
stream,1395,0.49832099364272714,13.566622606600752,2.045030104998719
stream,1396,0.49755795573668543,13.420638485293518,1.9027347526292993
stream,1397,0.4968251874700595,13.971866914413006,1.9154082446021872
stream,1398,0.4962088236448437,13.798319339865296,1.9154082446021874
stream,1399,0.49578621842751763,14.244439109274502,1.7709252344353303
stream,1400,0.4956466352596614,13.728514787951672,1.805010014905802
stream,1401,0.49495033497332735,13.544135665726118,1.6783543164406967
stream,1402,0.4942751985633513,14.373260563159956,1.8514282876840649
stream,1403,0.49310313651111587,14.37901200845615,1.8625894425154974
stream,1404,0.491370062544119,14.62517894779849,1.8589187403820975
stream,1405,0.490063746112276,14.553047621772464,1.913581526104701
stream,1406,0.48881790602249703,13.440459602927621,1.8019027816251838
stream,1407,0.4872338893640643,13.3280509057471,1.7103012713697
stream,1408,0.48579267734879883,11.478558878160724,1.5583775237854252
stream,1409,0.4844775994693351,9.248490017388741,1.2914739479501463
stream,1410,0.4830280309294285,7.460445943627699,0.8645878861684457
stream,1411,0.48256525522483756,11.592727531921179,1.1104955994915537
stream,1412,0.48160174111764065,11.841572803069715,1.2299004273226823
stream,1413,0.4801151680537402,11.886056077761895,1.2297182518194085
stream,1414,0.478176003987522,11.885383815513963,1.203053869537372
stream,1415,0.47607209033015985,11.654468472343682,1.1979167023050297
stream,1416,0.47323476790712155,11.365740306884241,1.1579035843315573
stream,1417,0.4704143319831239,10.74806115461504,1.1621501598803632
stream,1418,0.46700818194829086,10.530173949492076,1.1054118588825288
stream,1419,0.4630383973550831,9.629552342059691,1.1361902646930457
stream,1420,0.45865633688267704,9.734181498122334,1.0419577997720586
stream,1421,0.45388463320286615,9.447090410060726,0.9869471681418822
stream,1422,0.4480933904947199,9.609962720276481,0.8383168539794378
stream,1423,0.44120772360626587,10.221319396091115,0.8301842324997527
stream,1424,0.43333789420423396,9.4743645261663,0.8682543907749568
stream,1425,0.42423956187078754,10.155867259884284,0.8378695722262913
stream,1426,0.41380392549697453,10.106611783896,0.836025917052085
stream,1427,0.40020115091936925,11.640031494852092,0.8983447895344796
stream,1428,0.382484809109123,14.241539602562868,1.237664550354817
stream,1429,0.36004253192699015,14.731380373022176,1.4478796315132891
stream,1430,0.33538619142914283,14.676228916311402,1.4744943192789268
stream,1431,0.31306542746162624,10.375417076795184,1.2001907124748004
stream,1432,0.2945751335083679,10.607912712715171,1.0388628745594761
stream,1433,0.2802875776474779,10.588985070707592,1.0316871281541298
stream,1434,0.2697275584569308,10.691851349984786,1.0440000484154672
stream,1435,0.26265897481958833,10.843456273626812,1.027655878070776
stream,1436,0.2587445563875884,10.84588902399211,1.0403459322493598
stream,1437,0.25723282606272463,10.67143689776806,1.0240514504708786
stream,1438,0.2572151291441449,10.534347357878904,1.003589419455087
stream,1439,0.258976291232203,10.40221249871508,0.9672967256568898
stream,1440,0.2620348335251996,10.60951775388766,0.9816850870004855
stream,1441,0.2655880039989026,10.791395434177598,1.1633515030047195
stream,1442,0.26939554638451163,9.81986864413807,1.1333935576760872
stream,1443,0.27355591801914514,9.224632917581676,1.141277733417082
stream,1444,0.27718978539370126,11.090066826426074,1.1765346146759503
stream,1445,0.2810682715191557,10.374246290141329,1.1988569232611528
stream,1446,0.2850159371578588,10.889872428958968,1.2031531781761748
stream,1447,0.28856348779565083,9.520330192714658,1.1407514900544218
stream,1448,0.2910037625916154,7.95912723051372,0.903482127116493
stream,1449,0.2928480343444286,9.525109917577966,0.9406655528150425
stream,1450,0.29414568428534227,10.629325081339964,1.1961061184262038
stream,1451,0.29491066390593434,11.029786105126234,1.2519575221509076
stream,1452,0.29540535264500334,10.783350528755495,1.2392177588943423
stream,1453,0.29574402152761947,12.689616084753423,1.4348585782879164
stream,1454,0.29553232581833605,13.36503088364027,1.5904403194021208
stream,1455,0.29470698932087747,13.286301582273456,1.606784462542831
stream,1456,0.29383999111669845,13.329116206940851,1.6110310641940537
stream,1457,0.2934599710613531,13.362539822864722,1.6121828426863334
stream,1458,0.29342069990724745,13.94643358161887,1.6491215721059145
stream,1459,0.29354214554632846,13.945520665448521,1.6854143464520033
stream,1460,0.2946275059664771,13.640032173184997,1.6503855119653772
stream,1461,0.2953706260424603,15.530405648593899,1.6225399783892547
stream,1462,0.29789743466699076,16.682102210246565,1.959933293673209
stream,1463,0.300732986018727,17.19321838532937,2.016344059319673
stream,1464,0.30337061569089596,15.527949575151277,1.9464723779844504
stream,1465,0.3054468433231373,15.574706611501307,1.8998721008022241
stream,1466,0.3081852058972274,15.733262845567227,1.9574143375045407
stream,1467,0.31145829050598045,17.735213312974757,1.9725570401406693
stream,1468,0.3131432649281478,17.37173255854886,2.067074998730094
stream,1469,0.3128864325224633,15.526948882646073,1.7662649123278775
stream,1470,0.31211100298071653,15.017210541523692,1.5472826954551278
stream,1471,0.31013114853154217,14.742773712152488,1.4703474716339313
stream,1472,0.3073179672246801,14.452064808445229,1.4613115756546609
stream,1473,0.30396504499405286,12.665746168851918,1.2637940065102513
stream,1474,0.30004260959978035,11.801953513121166,1.112243519486447
stream,1475,0.29688555392420257,11.695270679703398,1.1043593971818635
stream,1476,0.29348084021108717,12.054750928553009,1.1092149632826354
stream,1477,0.2884631625305249,12.219501304963808,1.1349925701757944
stream,1478,0.28135559502853874,12.258061135951595,1.1636955462228968
stream,1479,0.2746283025675697,13.041886435418443,1.2067907381862988
stream,1480,0.2687312181801451,12.205494790834459,1.2869991851445541
stream,1481,0.26262118150639907,10.714125293814362,1.1597930290963154
stream,1482,0.25706583717329323,9.573768461252135,0.8590734390813526
stream,1483,0.2515873932463952,9.162908459689282,0.807518241738831
stream,1484,0.24569076990946503,8.986034345041245,0.7954703582311851
stream,1485,0.24046615755880538,9.442115279644312,0.8139893957683868
stream,1486,0.23622664336766303,8.750153460306262,0.7538785933417987
stream,1487,0.23188007847390477,6.807021744915486,0.7702724302188211
stream,1488,0.22778673086305737,6.288639374636984,0.5756305107949016
stream,1489,0.22450525976982003,6.340149392386767,0.6569448623070777
stream,1490,0.22066668866878403,5.757411420657798,0.6861281576990861
stream,1491,0.21660041106543082,5.9728423223993,0.6891898364859086
stream,1492,0.21171696591651123,5.9561379770277,0.7164301413972923
stream,1493,0.20473346823520613,5.700031822382448,0.7182240753178302
stream,1494,0.19389452077427508,5.73766083111086,0.7103399260692947
stream,1495,0.17859537761989594,5.90694339664407,0.710522138763718
stream,1496,0.1538329963013099,5.546653887741982,0.7105221707097007
stream,1497,0.11808274536796377,5.222208033168511,0.6835430904248935
stream,1498,0.12270430336237877,5.0732834455631535,0.6310386175590577
stream,1499,0.27345124408384236,4.241283208908424,0.5697224602475555
stream,1500,0.26702553455415756,5.460158951313523,0.5496579995742584
stream,1501,0.26317593346812984,5.284622673669764,0.5865966957406459
stream,1502,0.3776510295219723,5.637038469352315,0.6616016610491452
stream,1503,0.38248343571208815,6.386999336927493,0.6954621170036627
stream,1504,0.3668627162509211,6.86329556785898,0.810219039578759
stream,1505,0.3544771276617572,6.662891459839706,0.7826640671428937
stream,1506,0.3019031364471342,6.5932319326645255,0.7919650107355708
stream,1507,0.23445071121611072,6.271576100335864,0.7623549177309019
stream,1508,0.20510549721792565,6.52770355430238,0.7623549177309018
stream,1509,0.16927426176331492,6.151945536622214,0.6828510414969834
stream,1510,0.1513603834772745,6.090570858972153,0.6068892156686939
stream,1511,0.14443738666256278,6.118083090622262,0.5994484588486891
stream,1512,0.15164946041699923,6.119883872574217,0.5783646189280099
stream,1513,0.15816916804395834,6.2018920805534,0.5783646192495098
stream,1514,0.18320841222274772,6.232684787367994,0.5753360854462487
stream,1515,0.20094504066256003,6.535709978275622,0.6134062266591227
stream,1516,0.18795485647124585,7.020983851840857,0.6472667021152132
stream,1517,0.1841824605394627,7.001468316916617,0.6684664712562789
stream,1518,0.17865154960339938,6.3538139415686326,0.6286648561819106
stream,1519,0.18331507930455948,6.361543909173687,0.6075148050218214
stream,1520,0.21014178033252798,5.221994731269804,0.5364747232435375
stream,1521,0.22234742792080758,5.150518138314182,0.4849691887244087
stream,1522,0.27973082799807336,4.783629528571356,0.3732904857650933
stream,1523,0.29413828706067774,4.19310589862471,0.317637807459491
stream,1524,0.3180185935941372,3.7212400662857346,0.24225185406740185
stream,1525,0.3276798020666701,3.4466206120634104,0.24402922705192087
stream,1526,0.31831984830946336,3.885184739656561,0.24381388312444302
stream,1527,0.3220316036514874,3.8892259356579526,0.27377176555720756
stream,1528,0.2989334509837977,3.5642580569131916,0.27064384662864654
stream,1529,0.3016788127759514,3.3882787934655245,0.2676318814937082
stream,1530,0.28912866315810337,3.4161741726113086,0.25248917063620635
stream,1531,0.30382675367254985,3.191497524905546,0.2599299267375966
stream,1532,0.2652462835401872,3.9329499904290603,0.25439904563944465
stream,1533,0.25197111798564914,5.405719738114393,0.49940349095660735
stream,1534,0.2759693381783901,5.316011859448733,0.5337736160382495
stream,1535,0.30075097320783223,4.896896830130687,0.49915883622072516
stream,1536,0.32994401352931757,4.381453633514507,0.4435061070110157
stream,1537,0.354591383542658,4.400291178007932,0.4217304470946482
stream,1538,0.37241496014200826,4.590335834331482,0.4217801469650351
stream,1539,0.3844848851099336,4.930396013301879,0.4684428782713479
stream,1540,0.3907671508765576,4.983999651930348,0.5070430519299635
stream,1541,0.3919966746645971,4.598531090472772,0.4943530205348791
stream,1542,0.39039587971063977,4.57533782726541,0.503322701243734
stream,1543,0.38726465243039665,4.302983563248512,0.5051166354242999
stream,1544,0.38278950496859776,5.311323391197574,0.5051166369159276
stream,1545,0.3712839887647055,5.894546186157888,0.6193678066324348
stream,1546,0.3522383978231805,5.561241975467006,0.6703930093938237
stream,1547,0.33142351967225747,6.1289150779341,0.6700452580909159
stream,1548,0.3082797969787375,5.993973163821786,0.675625833896951
stream,1549,0.286057737954605,6.59120759524631,0.6842680528120464
stream,1550,0.265305219186987,6.503187208798917,0.7158045766473253
stream,1551,0.25253458238320275,6.971768103280341,0.7399003524187172
stream,1552,0.23794809105235934,6.690947579951965,0.8126056251045215
stream,1553,0.22888894041263666,5.135226262114995,0.5784972980027132
stream,1554,0.22223901180878933,5.354466482307496,0.5441271578013527
stream,1555,0.21849951011462296,5.424010099509048,0.5590086055932324
stream,1556,0.21383227922332704,5.595025792734282,0.6063133940604192
stream,1557,0.2145425014667579,5.5765635992378035,0.6062968326658157
stream,1558,0.2187079996283118,7.997727352703299,0.6790021546955564
stream,1559,0.221608260531511,9.017696008929779,0.9527300108487189
stream,1560,0.22715055969001277,9.068590770851962,0.9215705940101082
stream,1561,0.22989525808076863,9.283889111374663,0.9233645295903669
stream,1562,0.2310452081797725,10.35185289112481,0.9937827690974211
stream,1563,0.22645490222707546,11.053002070220915,1.1596974006506136
stream,1564,0.2201227530114132,10.102255497226492,1.147255816600089
stream,1565,0.20984888323288917,9.772707131166987,1.048147340517728
stream,1566,0.2018263897759602,10.640844363099102,1.077910356877087
stream,1567,0.1951530487662667,10.00955106897766,1.099785374393273
stream,1568,0.1912167471673479,11.297954870274486,1.2211753166869843
stream,1569,0.18755729996764164,10.626606680132566,1.2291257194301073
stream,1570,0.1915125452539759,10.95025574274945,1.2050299443773302
stream,1571,0.1963115600232999,11.165198679828638,1.1723416197721857
stream,1572,0.21001758693618047,12.591308044330498,1.3123296272359646
stream,1573,0.22521478333355677,12.643676756064036,1.3729870490400906
stream,1574,0.2396632623595291,13.064968520130542,1.373136131993613
stream,1575,0.25373097471802974,12.936619446879396,1.3491690731023618
stream,1576,0.26705024277068484,12.78252422936106,1.3024567387863004
stream,1577,0.27747246190748986,12.896296884866661,1.3086297663651252
stream,1578,0.28825419078815767,10.524465498336724,1.2752954471382147
stream,1579,0.29573182231885864,9.201500306922282,0.954279279426583
stream,1580,0.3025370906033635,9.253733567560271,0.9512176171205667
stream,1581,0.306375209028701,9.137052401506683,1.0131389175784518
stream,1582,0.3094663039783599,8.043432004183298,0.9306727726832793
stream,1583,0.3144988632730439,7.731720594467057,0.7720167037557739
stream,1584,0.3164056511815432,7.956828385997777,0.7921640766309413
stream,1585,0.31788802024901114,8.47497740169285,0.7789478205032948
stream,1586,0.3185863268558655,7.597935680903385,0.6890740012658338
stream,1587,0.31745884939828894,8.237437207311135,0.6811732677401906
stream,1588,0.3144240569443937,6.997327237510016,0.5554870384870377
stream,1589,0.31210733961888065,7.296178324320319,0.5509919946613788
stream,1590,0.3087261392585589,7.243196348053221,0.5754356303209585
stream,1591,0.3037065485365149,6.584458082236646,0.5753859513214117
stream,1592,0.30016525110904346,6.963218828887852,0.5157681299624817
stream,1593,0.295299526560155,7.48187132599859,0.583468610065856
stream,1594,0.28798543221900935,8.091009334902099,0.5791723573300871
stream,1595,0.28214737493696673,8.707192186377059,0.7432765702694659
stream,1596,0.2772695443626635,8.695123511858469,0.7647579128251167
stream,1597,0.2660635380316471,10.341402954927066,0.8416931793595088
stream,1598,0.2580690688905956,10.731192659004183,0.9991974179424525
stream,1599,0.24956399689699832,10.689449044764062,1.0084155283443899
stream,1600,0.24435253058186615,10.735628258012795,1.0240347208993348
stream,1601,0.23736823270319435,10.655689209018854,0.9878910189756247
stream,1602,0.22671756821906064,10.924541179804212,0.9909692560367128
stream,1603,0.22141687503100624,10.940104370067333,1.0292215898222619
stream,1604,0.2189383309183702,10.703662531613961,0.9833794330045464
stream,1605,0.21529906251097045,9.925589488904254,0.9858320735312293
stream,1606,0.2180634019457769,10.19993214476254,0.9991642708171915
stream,1607,0.21769556629533307,9.653334803736453,0.999578390516806
stream,1608,0.217264307104972,9.605666669854706,1.0103916798857415
stream,1609,0.21390042907332077,9.398725632799774,0.9994955832293595
stream,1610,0.2082938288740767,9.186729448169821,0.9718412166433483
stream,1611,0.2043831761931394,9.043424911399036,0.9881853548054229
stream,1612,0.20088761217127973,6.77251459210695,0.8344843102715571
stream,1613,0.19494698859672682,6.368428159559654,0.6953131145289435
stream,1614,0.18579862174138656,5.476016926234288,0.6940784970877676
stream,1615,0.18050029478738555,5.107239777476822,0.5736746280376632
stream,1616,0.17938922854376232,5.365757271873539,0.5516008329291374
stream,1617,0.18049554267306284,3.670038963049114,0.47221291056445736
stream,1618,0.18691299240111625,3.661026606308396,0.3019523530134168
stream,1619,0.18494962411062177,5.20702589326816,0.38619587324044014
stream,1620,0.18573132388137972,4.982109487648557,0.5047393960583983
stream,1621,0.18936522229924085,5.375119181050283,0.48985791521952077
stream,1622,0.19064562131000795,5.453830554587443,0.5265315970262183
stream,1623,0.18905602939065763,5.559641914413391,0.47986891900183826
stream,1624,0.18950110210378593,5.563462422698451,0.48704468604193873
stream,1625,0.1917056604592738,5.817260730557803,0.5081284741168586
stream,1626,0.19408801927091351,5.650850169140783,0.49178430493522424
stream,1627,0.19429660319162595,5.574274055121228,0.46613919347519905
stream,1628,0.19725394546850883,5.57402604204407,0.4570535929684435
stream,1629,0.2001982655372398,6.000168183300514,0.46143268721533115
stream,1630,0.20415645021537998,5.96523084093626,0.5106142947690377
stream,1631,0.20705824799980052,6.40216009583126,0.527008161573268
stream,1632,0.20751905428753326,6.733080860209615,0.5275840526085974
stream,1633,0.2133804944936788,7.1422723980862255,0.5593855851221133
stream,1634,0.21459660549361162,7.779127992880438,0.6863064114118189
stream,1635,0.21833200749712153,7.532706818958483,0.6665731586192364
stream,1636,0.2300463197310516,8.794110769094138,0.7142920668165018
stream,1637,0.23520902690387718,9.680563064341671,0.8928802527804307
stream,1638,0.25173597337917464,10.210740789899116,0.9938654715623976
stream,1639,0.2598544102522118,9.470510887392823,1.0407230935990963
stream,1640,0.2692850426739321,9.447536136973522,0.9279588819248795
stream,1641,0.2811690659815773,9.087445952532445,0.9158612826704349
stream,1642,0.2878659468896685,8.84041867024706,0.892403844609559
stream,1643,0.29886917022354037,8.475647339898444,0.904667042730538
stream,1644,0.3081136338613149,8.396525278413959,0.9046670035956789
stream,1645,0.32703032835858925,8.497882239015215,0.8903155760597516
stream,1646,0.335700457186547,8.980622575985883,0.9625570820532797
stream,1647,0.3413812688747407,8.898939684593262,0.9680547871940253
stream,1648,0.33870584922779606,9.12529802229694,0.9771403641372162
stream,1649,0.3406964396975271,8.701578621868688,0.9746876948779384
stream,1650,0.3429338953957419,8.674375482676874,0.9412743187568008
stream,1651,0.356335376323841,8.693976395948864,0.9171785236584376
stream,1652,0.3706441645119441,8.37775133820757,0.9383782937096038
stream,1653,0.36859375132054073,8.624308257810199,0.9447131591000449
stream,1654,0.34738473906420464,9.254737234784864,0.8231741351534801
stream,1655,0.3561747340354136,13.107308094133785,1.2018230184267318
stream,1656,0.3649470023228789,11.56412361135018,1.2944400023222231
stream,1657,0.3662011888721044,10.9025916885829,1.1181553890441014
stream,1658,0.35829508523663983,9.807739072302113,1.0028186849454963
stream,1659,0.34438351813787416,9.120813436833044,0.8642767962623732
stream,1660,0.3289151753797908,9.064514260012222,0.8372977217221241
stream,1661,0.3252678719851849,9.185954392019283,0.8367218326059982
stream,1662,0.3249343105531304,9.277330036869065,0.8233896465393499
stream,1663,0.3262274410692479,9.126383080828479,0.8377411293927892
stream,1664,0.3258681125172715,9.126348502420537,0.8286886501384618
stream,1665,0.32306220366857097,8.769940991160716,0.81637572968564
stream,1666,0.31691949550073656,8.164363287788376,0.7453357088916754
stream,1667,0.3131872264429363,8.164527807438397,0.7239372209176236
stream,1668,0.3057437866264745,7.950658790840431,0.7112637789316697
stream,1669,0.3032631696604638,7.914572564169464,0.7075599813495832
stream,1670,0.2967857699775776,7.959255521600459,0.725780944816011
stream,1671,0.30065999771188995,7.89835744067636,0.7294516444035248
stream,1672,0.2831427579128241,9.284812409555077,0.8352223897903492
stream,1673,0.27098732488627203,8.53617466598571,0.8594048485146644
stream,1674,0.2843596980832507,8.958690995826794,0.88705915884315
stream,1675,0.2737589388709257,6.875091976376053,0.763536147523157
stream,1676,0.27187818134220254,7.145481315144541,0.7166784450380943
stream,1677,0.2816224237272703,7.214419126482549,0.7106544989440295
stream,1678,0.2663084220873406,9.059129444388175,0.8015934803186026
stream,1679,0.25597064913228046,9.026279542549968,0.8932778062134447
stream,1680,0.25089680718947766,9.058327010022076,0.9017378266666003
stream,1681,0.24345726977947957,8.902346273064333,0.9417344184559435
stream,1682,0.23438089822742142,9.086424420414827,0.955066604522592
stream,1683,0.2356023713060816,10.665440603341628,1.001157190674358
stream,1684,0.2334165171034103,11.267021489587963,1.1688657611196367
stream,1685,0.23317225298419822,11.313796275362769,1.2086674166588993
stream,1686,0.23324517685619614,11.671563930599747,1.2075156154445896
stream,1687,0.233044825322022,11.692732319488647,1.210395080825447
stream,1688,0.2339516851814542,11.714032321896516,1.213982957156066
stream,1689,0.24036267710350687,11.904711404271339,1.2415379604901775
stream,1690,0.23637224317210576,14.134605817126083,1.3418606193787475
stream,1691,0.23460575885743845,13.923040477233675,1.3418606202273764
stream,1692,0.2357287855378456,13.173225854284066,1.2546917198637544
stream,1693,0.23564047509699235,13.995463075897277,1.190496104551732
stream,1694,0.23574711645358676,11.989474587297785,1.2120233269736047
stream,1695,0.2359695251232447,10.541100966015367,0.9383784187218154
stream,1696,0.23559754546050005,10.441916301077269,0.8724717950129655
stream,1697,0.23544430027801083,10.130927504783092,0.8997286635291909
stream,1698,0.23472046009887457,8.258837919244607,0.7965264782754609
stream,1699,0.23433456617574344,8.208114906896398,0.7048421523806189
stream,1700,0.23504476471724334,8.199584217512312,0.6995100329211472
stream,1701,0.2361527686247212,8.132391110538386,0.6655208066196373
stream,1702,0.24488328911926704,8.796787302687372,0.7214181947637751
stream,1703,0.24404779210792407,9.011586972003013,0.7891188049423169
stream,1704,0.24413184737048765,8.434832016169427,0.714308717332333
stream,1705,0.2349380259639003,9.252071027637522,0.7143086783661382
stream,1706,0.2350988665207114,10.429352341148387,0.9270018743888897
stream,1707,0.23014082625177343,10.89447964499749,1.0339944296045789
stream,1708,0.22657873907477014,10.875781533744325,1.070403104498839
stream,1709,0.22782978885674537,10.943478354257975,1.0428315397771952
stream,1710,0.22905132736626221,8.669228295251882,0.9154010978196011
stream,1711,0.23319413842734524,8.602359741095334,0.915185754740752
stream,1712,0.2345996578743887,8.168718676359044,0.8785120590535304
stream,1713,0.23438989116843625,7.2737088711150735,0.9057689272031063
stream,1714,0.23837490747757312,7.265555055969152,0.8632534803352956
stream,1715,0.23010870477496861,7.606445973086528,0.8762747781789825
stream,1716,0.22590187728560368,7.514896444764753,0.8960080413117696
stream,1717,0.21606697838667435,7.6132018617153605,0.8749242020340899
stream,1718,0.21106102064786159,7.65558124920405,0.896074276474345
stream,1719,0.20439829688328215,7.9541615228994065,0.9218518849276739
stream,1720,0.2038845509432764,8.37099242234348,0.9654363550511575
stream,1721,0.20631882735245508,8.595556586330028,0.9600545731887761
stream,1722,0.20307154999390398,8.645908480161808,0.9276146650691077
stream,1723,0.19742739329068987,6.986365873131969,0.826579791661724
stream,1724,0.18514050725225917,6.968662322083163,0.7506179110968821
stream,1725,0.1721801335655501,6.083545175550894,0.7138282844234737
stream,1726,0.15675079716457607,4.553824621335783,0.5066659748599158
stream,1727,0.15396800979016675,5.626204725536599,0.5060200825212864
stream,1728,0.15587215150002837,5.918722012873802,0.467883707148419
stream,1729,0.1574115821894601,5.649412692356712,0.4740567512695418
stream,1730,0.15567643021061045,5.653613791623409,0.47020389538335083
stream,1731,0.15316298745583828,5.745342821367904,0.4593906242702662
stream,1732,0.1575627518827006,6.276592336709955,0.5193854869001521
stream,1733,0.1561801720670924,6.72735046525893,0.5563241830665395
stream,1734,0.1504456253527251,6.817891391634139,0.5654263746421474
stream,1735,0.14461821581748305,6.180391336182559,0.5560426330996704
stream,1736,0.13407886830172802,7.052448734254581,0.542416130789661
stream,1737,0.12695748814315036,6.909405846422408,0.558035323420222
stream,1738,0.1243077962251857,6.929851948181077,0.5531797309570055
stream,1739,0.12239875624041313,6.789489278725105,0.5346606927082608
stream,1740,0.12177673854182679,6.349262118788144,0.48735586048014795
stream,1741,0.12070208479147168,6.276877016196082,0.4885904548174158
stream,1742,0.11981754681559621,5.270928394353727,0.44819634691676297
stream,1743,0.11962771261311557,6.026637218989075,0.4633886652420454
stream,1744,0.11909860486042417,6.030855915864145,0.48013035570563745
stream,1745,0.11879440424961941,6.021885755416486,0.48557839181220686
stream,1746,0.11834657748000503,6.529153970609713,0.48864003602285105
stream,1747,0.11774564655389509,5.091681708396813,0.4065713602429202
stream,1748,0.11772161913871106,4.786409299651197,0.4139292903043487
stream,1749,0.11816707277876146,5.501311740018663,0.5116005135224988
stream,1750,0.11923094901826027,5.618459029689732,0.5301195323751611
stream,1751,0.12037190855601582,5.949654884424268,0.5301195231751467
stream,1752,0.12257113629760444,7.604888803819877,0.6961666826269615
stream,1753,0.12406511312999129,7.912655581170852,0.8303333227949469
stream,1754,0.12689759870311174,7.779231234402253,0.8485542595018402
stream,1755,0.13039881590910274,7.883584970098003,0.8528008339490605
stream,1756,0.13408704059403956,6.94980960017246,0.8209992658497173
stream,1757,0.1366004488808583,7.874138649651706,0.8163920926409185
stream,1758,0.14024012746914236,9.218069381118951,0.9397912777163416
stream,1759,0.1447904399816461,9.09485154888637,0.9528126062053222
stream,1760,0.14921817343700824,9.136269106714002,0.9546065523243451
stream,1761,0.1522018315251902,9.837810973495314,0.9564501828648981
stream,1762,0.1538663765021255,9.788105839320352,1.020165366438221
stream,1763,0.15571399838789768,8.916285527880795,0.9711329038619227
stream,1764,0.15765818061577125,10.868535973185335,1.0412989424488461
stream,1765,0.15941158688191304,11.546070126989129,1.1867094852887137
stream,1766,0.15996328949281227,11.013253882045195,1.2326802895138183
stream,1767,0.15935703079794256,10.89209122572986,1.199366388005877
stream,1768,0.15709874688578412,11.179593701839242,1.1938520764317675
stream,1769,0.15523839093906822,10.754846492767573,1.0918845674476727
stream,1770,0.1538331955661597,10.65661647069193,1.0915698661189297
stream,1771,0.1536915598459966,10.204545367210146,1.0897096780912692
stream,1772,0.15413887075974234,7.8829406838506015,0.8932777517374639
stream,1773,0.15501673286987697,7.432053593460055,0.7039680434711684
stream,1774,0.15618346841833256,7.462911325088999,0.6658316352041399
stream,1775,0.15834203133508598,7.932530311858431,0.6618004040267279
stream,1776,0.16191306843073117,8.196204563529472,0.7424854729683754
stream,1777,0.16559186391125594,7.311246410470539,0.7589787540580966
stream,1778,0.16950680747520883,5.896321897735219,0.6222473575627041
stream,1779,0.17325524861887065,5.9859616388743495,0.6128636088085254
stream,1780,0.1773901019912329,5.984662362694721,0.6147900495577593
stream,1781,0.17902713731276967,5.593654314402523,0.6444001806876158
stream,1782,0.17955799752679186,5.582165566941166,0.5825617557365714
stream,1783,0.18556413883810993,8.29730760564052,0.6497361087100099
stream,1784,0.18833041027075453,6.840138177285468,0.8103351595611518
stream,1785,0.18966639617645134,6.217801809840275,0.6595925101022019
stream,1786,0.19380726237467008,6.470094460005324,0.61729240631324
stream,1787,0.19759314533864877,6.495827988844882,0.6208802726866258
stream,1788,0.1906938240544904,8.5165184097223,0.710058394556938
stream,1789,0.18092459036802513,8.51280472656021,0.7357531365125032
stream,1790,0.17973894900536838,10.93396207459677,0.8495444084115585
stream,1791,0.18364597108520359,11.269041998514954,0.9223618087217761
stream,1792,0.18572799417745803,11.343771108670532,0.9618653592773502
stream,1793,0.18585641781799656,11.148698399119233,0.9546067886827221
stream,1794,0.18270903109517264,11.625613898902689,0.9696666668080697
stream,1795,0.1775705033843802,11.0261318623956,0.9604816428294065
stream,1796,0.17521989608817354,10.825698507821796,0.8779198153269516
stream,1797,0.17626763749530175,12.147049903990995,0.8718130556128317
stream,1798,0.17504856288213566,12.148524239725258,0.8954654742515571
stream,1799,0.1719332199140869,12.001366700072527,0.8827919604667198
