segment,end_index,PW_WTC,E_CCDC,CD2_P
stream,0,,,
stream,1,,,
stream,2,,,
stream,3,,,
stream,4,,,
stream,5,,,
stream,6,,,
stream,7,,,
stream,8,,,
stream,9,,,
stream,10,,,
stream,11,,,
stream,12,,,
stream,13,,,
stream,14,,,
stream,15,,,
stream,16,,,
stream,17,,,
stream,18,,,
stream,19,,,
stream,20,,14.460902093167176,
stream,21,,13.679836170993125,0.9585386333969776
stream,22,,13.73857807881777,0.946178492891091
stream,23,,12.860769900770576,0.9243619969177301
stream,24,,12.817285320101345,0.8262346912177824
stream,25,,12.306657812393793,0.9268330193567776
stream,26,,11.970381433735003,0.9579774416773755
stream,27,,8.876673720713969,0.9344403215490112
stream,28,,11.340140178661862,0.9415560230657484
stream,29,,11.33987468832773,1.0283028496593103
stream,30,,10.732588610428916,1.009401217169339
stream,31,,12.472568414491647,1.1407899228238385
stream,32,,10.857745631981194,1.1489584930587893
stream,33,,10.777127666638282,1.0257639120550834
stream,34,,11.172878466012168,1.0303444385411116
stream,35,,11.937953322833412,1.0324264808675199
stream,36,,10.58309339036358,1.0224491436804184
stream,37,,10.75080255353845,0.9287333246528934
stream,38,,13.39163144692681,0.965879825208016
stream,39,,14.12672153317384,0.918645862457914
stream,40,,13.844948376935475,1.0592195222267193
stream,41,,14.030209755386629,1.0266314482186805
stream,42,,14.752738828771736,1.0811221593837121
stream,43,,14.82151006033977,1.128803683439065
stream,44,,13.95737033754573,1.111730879257943
stream,45,,16.046308227324054,1.152119003413385
stream,46,,18.021178410011707,1.114526658945255
stream,47,,17.86584883738037,1.195451126403409
stream,48,,15.454114261299313,1.0389347757953844
stream,49,,17.003955515410883,1.0241972390094323
stream,50,,16.702138372652907,1.065238249083417
stream,51,,15.590861942139554,0.9554880896928916
stream,52,,15.536695987194603,0.8579164306539002
stream,53,,15.567266866172751,0.8831853260296517
stream,54,,16.226682948367245,0.8913575529590726
stream,55,,16.97559630104488,0.8988804487462306
stream,56,,16.732638432399376,0.9140748664484915
stream,57,,16.6545814424951,0.9309477171389677
stream,58,,15.517991816683116,0.9191232445089289
stream,59,,18.064903834487808,0.9482883895482795
stream,60,,18.543920290937294,0.8526758049356482
stream,61,,18.72726552501637,0.9198844297831826
stream,62,,18.16427765670619,0.8661458311517585
stream,63,,18.104385893821817,0.8310024251002598
stream,64,,17.79704477167435,0.8104608353675644
stream,65,,15.29579330423885,0.6644591494304634
stream,66,,13.248635934093363,0.664530692782976
stream,67,,13.681322828742895,0.572319259655055
stream,68,,20.282301099246066,0.9189634243192131
stream,69,,18.839314294230654,1.1417657756804966
stream,70,,20.061111431792426,1.110612167408567
stream,71,,21.411887494492284,1.0775086839880559
stream,72,,22.21955287976702,1.075382602826734
stream,73,,22.13688361809908,1.1087557047307082
stream,74,,23.33924229306097,1.1795084698879805
stream,75,,21.784185343388394,1.2328893746443987
stream,76,,23.00594003639316,1.1995675089869342
stream,77,,22.99258018367665,1.2130686828455006
stream,78,,22.344825656575374,1.242587877970773
stream,79,,18.383740446572038,1.2899868099061909
stream,80,,17.9603083803152,1.2436774652859763
stream,81,,18.779956874382957,1.1886363914315627
stream,82,,18.59702324812443,1.248529485942824
stream,83,,18.771312051450785,1.2496190688172202
stream,84,,21.222322682097793,1.415986253707271
stream,85,,22.37501951025801,1.4235641191689046
stream,86,,24.524067868218747,1.6687515605618803
stream,87,,24.307906496046222,1.8326972977764548
stream,88,,18.404953683659322,1.5756175424610082
stream,89,,18.33672200601615,1.3008265266174046
stream,90,,24.110527406440404,1.5703695216416946
stream,91,,22.0599607193232,1.876943177055153
stream,92,,22.666275824874294,1.9361593994081405
stream,93,,22.864233342129467,1.9694811881500505
stream,94,,20.543906548493172,1.8987284221324128
stream,95,,21.330111951471018,1.858351566745224
stream,96,,20.282888459238897,1.8013934947797616
stream,97,,20.307363409022,1.7713019606970883
stream,98,,19.810619962186433,1.7434373900203755
stream,99,,19.394301927683326,1.6713199126145366
stream,100,,19.048182090221022,1.6711768221014858
stream,101,,17.941636611898947,1.6590092680103683
stream,102,,17.894610764667846,1.6012789214941607
stream,103,,19.10515342617821,1.6455411105778655
stream,104,,17.11355918140064,1.4808524129855125
stream,105,,16.237372563357983,1.4711117774314524
stream,106,,17.193703701966427,1.4415505770777823
stream,107,,16.73114441906856,1.3580119318800765
stream,108,,16.00631311577492,1.2556947507392198
stream,109,,16.091314353136912,1.2356741266572688
stream,110,,9.595403065036914,0.9719883625984383
stream,111,,9.56984148595992,0.6838521734170614
stream,112,,9.065466090894473,0.6598857841721004
stream,113,,10.555374340063887,0.7798279873014626
stream,114,,11.629581348183173,0.7744678964646712
stream,115,,11.028755373540214,0.7598293801087612
stream,116,,16.104452115557073,0.8610000690169864
stream,117,,16.147112005974936,0.9893621519521248
stream,118,,15.77528760199105,0.9719629039517791
stream,119,,15.90745932511367,0.9688462579600481
stream,120,,15.877472102326323,0.9731992702289846
stream,121,,15.793589653900566,0.9729663069906893
stream,122,,15.952164235258826,0.9745970841632634
stream,123,,14.95677309435985,0.9535474721334795
stream,124,,15.248717219756617,1.0251989810274802
stream,125,,15.952167189188513,1.0249843505352352
stream,126,,13.039434421770176,0.8883455525655404
stream,127,,14.395891099611086,0.7998377633437413
stream,128,,20.488701800657473,0.8557227113681928
stream,129,,20.41612147741047,1.0293630287136009
stream,130,,20.70308892212068,1.0078014977567176
stream,131,,20.728713378460935,1.0104302462044377
stream,132,,19.87011956213687,0.9722912775086991
stream,133,,18.163206177678603,0.770878034892268
stream,134,,18.126871815836218,0.7957285854455971
stream,135,,18.028263943048415,0.8159198221527885
stream,136,,15.257706071280275,0.7675558743692826
stream,137,,16.026099340300174,0.6495104625509743
stream,138,,16.597584191825923,0.6370438851540626
stream,139,,17.941572205889557,0.6351415581575146
stream,140,,18.483225667490334,0.6385260508091861
stream,141,,18.482729282098045,0.6796202574441954
stream,142,,21.273136246079094,0.7836030639403577
stream,143,,24.659717427680647,0.7462032909556754
stream,144,,27.052876500376016,0.670754574104634
stream,145,,26.09064367058766,0.7996137723204303
stream,146,,26.60894166953816,0.7381797161911637
stream,147,,25.511949408684334,0.7227046862972072
stream,148,,22.147912226541155,0.7186341626897171
stream,149,,23.248784213553176,0.5507978769839875
stream,150,,23.974652028169256,0.5432750178820557
stream,151,,24.1131233181292,0.5381698647090016
stream,152,,24.292838028369644,0.5391952705470215
stream,153,,24.31218005296052,0.5410626631755359
stream,154,,23.295694440806194,0.5122222791466544
stream,155,,24.909768257532033,0.5385917325762933
stream,156,,24.13720163783674,0.733438074310429
stream,157,,33.998846227313194,1.4496694594375075
stream,158,,34.55199087438142,1.6312492957688411
stream,159,,34.42021462820393,1.6267036856591464
stream,160,,34.81912889851127,1.9041857601208863
stream,161,,34.97040341290241,1.8928270692932947
stream,162,,33.14830684622624,1.8203170578072014
stream,163,,29.74860602024394,1.829689030444842
stream,164,,27.87566333151342,1.8388609807574827
stream,165,,30.089671595074208,1.9675916782852716
stream,166,,30.439958634279705,1.9516507268431622
stream,167,,30.343911733057777,1.9529091045451128
stream,168,,28.02136302973064,1.900892901218679
stream,169,,26.869416691728386,1.9074490303173761
stream,170,,26.34463322101468,1.9126219918062055
stream,171,,26.179488143963514,1.9421796880978195
stream,172,,26.97316961586427,1.9811899745241095
stream,173,,29.50197706998001,1.9811899736942906
stream,174,,29.69930115082201,2.0148420174629025
stream,175,,28.331330417837215,1.9675658777105003
stream,176,,26.77079589380484,1.755821170278047
stream,177,,17.127027663223636,1.1149853458104104
stream,178,,16.360798457258728,0.9400552333911948
stream,179,,14.991168295706297,0.9554366690485893
stream,180,,14.178239125574535,0.6779545945868493
stream,181,,14.020945977326635,0.6540634513657678
stream,182,,12.973710834331275,0.623849037392178
stream,183,,13.560108215043655,0.6707069294769619
stream,184,,13.431099048804478,0.6615349720064767
stream,185,,12.338616204648442,0.4041597067551361
stream,186,,11.384268544666792,0.46987701368518653
stream,187,,11.23015622849324,0.46919101022737403
stream,188,,11.753161979404137,0.4832351680337678
stream,189,,12.022812106042801,0.4822263155398285
stream,190,,12.342214560110364,0.5862587377720678
stream,191,,12.355533265741666,0.5738435001811824
stream,192,,11.643925977568836,0.5576549258722254
stream,193,,10.857054380630704,0.5692758423219172
stream,194,,10.978184661389362,0.5569523650896501
stream,195,,10.752664600651185,0.5504898046268312
stream,196,,12.593682047572779,0.6486485586511435
stream,197,,11.523797379384654,0.6013100860905926
stream,198,,11.966401022430889,0.6050357265093171
stream,199,,13.515963820404577,0.5961022291588423
stream,200,,14.112440205322883,0.595386796682813
stream,201,,14.834761669212469,0.5896543252477688
stream,202,,14.763237481408556,0.6135455372819766
stream,203,,14.405157809130642,0.5823919266545164
stream,204,,14.544030985468181,0.7202523540854688
stream,205,,15.276840816617405,0.7229397388965314
stream,206,,15.310868237007066,0.7002061061705978
stream,207,,16.327636076328048,0.709467937844196
stream,208,,15.388439123401161,0.747440027706159
stream,209,,15.157470336117873,0.7433033845922946
stream,210,,16.395823006799123,0.7492009684281138
stream,211,,16.391340377740367,0.8217110209458449
stream,212,,15.923976176759801,0.7966329927603009
stream,213,,14.262894648547384,0.7736865339910215
stream,214,,14.663384197354471,0.8090629235101479
stream,215,,16.50186085968755,0.9892998058621846
stream,216,,15.832441936504502,0.8538844066568541
stream,217,,15.737718111993143,0.8555299025460045
stream,218,,15.304792241956356,0.8566195095807051
stream,219,,13.75944400538628,0.8655530319162535
stream,220,,13.501010984413227,0.8696896158970915
stream,221,,13.170928485597692,0.8696896136492359
stream,222,,13.32134985616934,0.8445399933202492
stream,223,,13.174880132302654,0.8213128150051069
stream,224,,12.054848206803706,0.6831662149289154
stream,225,,10.21481186089723,0.7010790849246881
stream,226,,11.139952723341306,0.7087633764932454
stream,227,,10.336913379550126,0.771153090883584
stream,228,,10.781338370716146,0.7634687993150268
stream,229,,11.949948096318781,0.7613721171781687
stream,230,,11.531208811879527,0.8809197971726497
stream,231,,12.851579866536655,0.7763316535224125
stream,232,,12.843352302385862,0.8310702042998723
stream,233,,12.7984352303556,0.8334751163915346
stream,234,,12.35022670786744,0.7882113467592705
stream,235,,13.954812738661532,0.8355003364692688
stream,236,,12.628027849591286,0.9296324982724187
stream,237,,12.963102003113905,0.8887712548757047
stream,238,,13.281380347253439,0.9743001087934404
stream,239,,13.323830949448082,1.0674470910055645
stream,240,,13.027504526661309,1.056095822826742
stream,241,,12.838140261017452,1.058509889998391
stream,242,,12.711653521768035,1.0693457424661026
stream,243,,12.401638376066359,1.0693457519947491
stream,244,,12.993835945972663,1.135712443891834
stream,245,,17.09352966688749,1.4091719364986783
stream,246,,17.156742241682238,1.3896006751582275
stream,247,,16.928695748610046,1.3522394875758474
stream,248,,17.53552299586056,1.352239489151292
stream,249,,16.87250055935063,1.4614760576656214
stream,250,,14.986329253690858,1.2771356981642605
stream,251,,13.714022543045607,1.2742300015819794
stream,252,,15.28659314020347,1.2489336115341048
stream,253,,15.670980027832357,1.3912626931852725
stream,254,,15.442166295509523,1.4070073032084822
stream,255,,11.912537802351066,1.1804132962813214
stream,256,,11.849118074431678,1.0917494511902717
stream,257,,12.300268414906594,1.1243375255965538
stream,258,,11.628295605512053,1.0587119324243857
stream,259,,11.975471440851443,0.9769454869729006
stream,260,,11.798054739188586,0.996966141898766
stream,261,,13.43966602573908,1.066489766150584
stream,262,,15.008387929686368,1.0531499911632063
stream,263,,15.528839205660915,1.0540231651184724
stream,264,,14.706029524460687,1.0242142623429145
stream,265,,16.408027768247415,0.9138970098484898
stream,266,,16.91594816730676,0.9440617595112442
stream,267,,18.75193648542742,1.185701562461753
stream,268,,17.846832241084858,1.1691552599693107
stream,269,,17.693114515015914,1.0564846792084543
stream,270,,19.076702806401563,1.1463903227092955
stream,271,,19.823971236305166,1.149901343321275
stream,272,,18.250857339092036,1.1515558602907188
stream,273,,19.67733697041943,1.1143157796737462
stream,274,,19.660607378878915,1.1944369062399829
stream,275,,20.076083032264897,1.197870904877692
stream,276,,20.113243314040634,1.2350174217922727
stream,277,,19.404144373079408,1.203557508598373
stream,278,,20.10346327797499,1.1825646640479879
stream,279,,19.70870039008962,1.1797837514540672
stream,280,,19.741599639949285,1.1607976872265702
stream,281,,17.97904281690756,1.0898230484298048
stream,282,,17.014727090157557,1.1253737077131674
stream,283,,18.9319986972229,1.1477277013589953
stream,284,,21.000150727740653,1.1101353164685492
stream,285,,15.170465790242357,0.9930419459913964
stream,286,,14.70540009972664,0.9785301885962463
stream,287,,14.911612101303804,0.9514599015892073
stream,288,,14.873303120875084,0.9514598690785888
stream,289,,16.866715175808928,0.98579421509435
stream,290,,15.242254816860626,0.9275795083070729
stream,291,,14.45356346096224,0.9275794946779322
stream,292,,14.467916685524685,0.896119615230939
stream,293,,12.603747845390938,0.7892750768385938
stream,294,,12.663300607392195,0.6903880153599614
stream,295,,13.275421199063464,0.7643289760786722
stream,296,,13.238247442142397,0.7607867567967838
stream,297,,16.041394658186746,0.8679944309619158
stream,298,,15.326269499916032,0.9718489223630906
stream,299,,15.321444311430161,0.9484053180421661
stream,300,,15.633082004835517,0.9538186663434512
stream,301,,16.042598243295622,0.9531197714026279
stream,302,,15.405624982102957,0.9368798207520397
stream,303,,13.475588190486732,0.9269924180246117
stream,304,,11.524023318984806,0.9774841926691833
stream,305,,11.518943479066715,0.918013072627516
stream,306,,10.389405950293229,0.8720649973217625
stream,307,,8.578553636406687,0.6334685855562285
stream,308,,8.600307792081207,0.6350424594314941
stream,309,,9.680124771919806,0.6710334332327651
stream,310,,9.828421863280257,0.7714851164936586
stream,311,,9.845625711417169,0.7834912342624103
stream,312,,12.686821074314528,0.905365043961098
stream,313,,16.628295797414772,0.9057227597943747
stream,314,,16.544676716301602,1.0136953106413304
stream,315,,16.243900266180923,0.9891271846253374
stream,316,,17.121868764987298,1.0854698953554034
stream,317,,14.540038911560977,0.980380924544462
stream,318,,16.183497830066063,1.0024175323636233
stream,319,,17.690268235993734,1.201671873903741
stream,320,,17.371305284013815,1.2719934843739815
stream,321,,16.886461139733484,1.2736994796549963
stream,322,,17.638160892515156,1.291755402429139
stream,323,,19.922660383125624,1.5085867074606003
stream,324,,20.245130436195012,1.4975032493235194
stream,325,,22.80382029443318,1.523856226619968
stream,326,,22.760547966913087,1.6030526294197258
stream,327,,22.52851515343124,1.587630813031313
stream,328,,22.668197895747575,1.5723154501299335
stream,329,,19.3840673987277,1.5487398317856513
stream,330,,20.233991659189904,1.4410147635315573
stream,331,,21.928910944767633,1.4269486363529806
stream,332,,19.131433419467406,1.3380371865332277
stream,333,,15.223278443662716,1.3439255973694137
stream,334,,16.207263804507104,1.2702378895201643
stream,335,,16.75418538063786,1.2174310561797372
stream,336,,16.462767338472137,1.2174310589253101
stream,337,,18.08082262971866,1.245117679901599
stream,338,,17.612686242372753,1.1203161635912542
stream,339,,16.19024867352623,0.9215589373317941
stream,340,,18.288695642255703,0.9012118625672643
stream,341,,18.794532261198523,1.0801591604528922
stream,342,,18.072914107349725,1.0540410900724593
stream,343,,15.148669052237265,0.8218998675407482
stream,344,,22.18894412192024,0.99439754361436
stream,345,,20.849442132895994,1.0713616731539783
stream,346,,23.591556871108743,1.0085556304908116
stream,347,,23.68166358429082,1.0828231701488686
stream,348,,24.68806522883488,1.1379908715928702
stream,349,,24.548723499691278,1.1192523953954503
stream,350,,23.809674257116328,1.0520474344465127
stream,351,,22.95435729520197,1.0591263976298975
stream,352,,23.70802734073867,1.0248029133155583
stream,353,,23.769908529843015,1.059823390375732
stream,354,,22.77964261398542,1.0196263243462311
stream,355,,23.83956830523124,1.0970012857981524
stream,356,,23.262811827089376,1.0429323177987253
stream,357,,23.064027784816897,1.054756755998481
stream,358,,21.890382775339702,1.1194358582312538
stream,359,,22.769011259788083,1.1397536587654211
stream,360,,20.716166326852594,1.1356831759742176
stream,361,,21.333409813155896,0.9799630157143413
stream,362,,22.538407253632958,0.9666324127585595
stream,363,,23.77670824019371,0.9665205138703963
stream,364,,16.63160765932144,0.8519476470604089
stream,365,,16.596231783107704,0.7479150899739728
stream,366,,13.85413722989324,0.7700929805160857
stream,367,,15.87827922203342,0.7878295848855846
stream,368,,18.83656866459816,0.7306422360336928
stream,369,,18.80991890868586,0.8303437884099496
stream,370,,19.132530046736104,0.8351590358633749
stream,371,,18.447384912983274,0.8285093426142869
stream,372,,17.86828298054059,0.8485703224421826
stream,373,,17.78829708374263,0.8073037100392152
stream,374,,20.535287350859292,0.8953236371091148
stream,375,,18.415447044072046,0.8592152812414902
stream,376,,18.624224071817224,0.7780706963727324
stream,377,,17.132587349487764,0.798065652277077
stream,378,,17.341348968813822,0.7191993277500683
stream,379,,16.573103788933487,0.7425145009535764
stream,380,,16.519724916114598,0.6911970997377839
stream,381,,15.41802669989062,0.6688431365376218
stream,382,,14.847181725476434,0.6865084211391981
stream,383,,13.58200007592449,0.7105298628491845
stream,384,,14.046869573837908,0.654250630244108
stream,385,,12.863088409789839,0.6614158207200874
stream,386,,13.206878314674734,0.6327220857744654
stream,387,,11.36802602675584,0.5420790584738864
stream,388,,7.147635612650605,0.5392834584283512
stream,389,,8.093867350923919,0.4299073636623704
stream,390,,7.5535749196258966,0.43687989998816074
stream,391,,8.477319936508897,0.4969105151128833
stream,392,,8.993743875680206,0.6326174942774531
stream,393,,9.896376205110915,0.7512663109992185
stream,394,,9.318511208923473,0.6733502004717297
stream,395,,9.0795834413296,0.7195789220227075
stream,396,,14.095629200475164,0.9730193150405144
stream,397,,15.723682450252154,0.9476662113614901
stream,398,,16.105218981349285,1.139540692051451
stream,399,,16.055618904202444,1.1453648988643401
stream,400,,16.090261674264326,1.1538948728375162
stream,401,,17.99887894035821,1.2326620606766665
stream,402,,20.310376128382508,1.5194006941450453
stream,403,,20.871357260237506,1.7154354692917653
stream,404,,20.469074695531912,1.7350268313855524
stream,405,,20.767198411316198,1.7208395863540753
stream,406,,20.49695668923594,1.7090169462407088
stream,407,,21.732721320841662,1.7844656735528128
stream,408,,21.78792059487674,1.849128217513102
stream,409,,22.060723223774435,1.8877495557452564
stream,410,,22.225864980565273,1.9454561165664104
stream,411,,21.11330808914177,1.8835452268364683
stream,412,,21.325478620916122,1.7589437192407191
stream,413,,20.44808672289963,1.6891027167645811
stream,414,,18.93604893223614,1.686930768906684
stream,415,,18.990816506762442,1.6288775314685382
stream,416,,14.68573348305216,1.4178501955802685
stream,417,,14.361059385407266,1.3819417825726776
stream,418,,14.39984973248385,1.1963226160178408
stream,419,,14.773120232564164,1.2513326615084963
stream,420,,15.888530803862515,1.2482160046190585
stream,421,,14.598886733530385,1.173748595505852
stream,422,,11.648948931586537,0.8781626380248231
stream,423,,11.09635388342071,0.6615862493974871
stream,424,,10.840568729172059,0.6022617628271215
stream,425,,10.617953993974478,0.628831150875016
stream,426,,10.764076697744477,0.630779274505762
stream,427,,9.297012739763366,0.5547618915151762
stream,428,,9.272831500236336,0.4844750631909443
stream,429,,8.753059322835696,0.43539765515432316
stream,430,,8.917342807736777,0.4380207879597925
stream,431,,9.982220900841748,0.5112133215243855
stream,432,,9.205637038947565,0.5520964584393523
stream,433,,9.19153931309855,0.5045195518439363
stream,434,,8.862916177863875,0.49468536868689444
stream,435,,8.764495110649667,0.4731238726611646
stream,436,,8.594345874818064,0.4644564298131164
stream,437,,8.648231672426494,0.4635245650988307
stream,438,,9.803962387725445,0.6853544358398084
stream,439,,10.57221363769765,0.5811733829944302
stream,440,,9.502395059582067,0.6058515695253354
stream,441,,8.88516283512897,0.59859656453402
stream,442,,9.556842733355323,0.6344866122990573
stream,443,,15.308275948223415,0.7309558878840751
stream,444,,15.703386093992432,0.868816392880653
stream,445,,15.63492365868645,0.8609303258938166
stream,446,,16.260129366035752,0.9258459618708764
stream,447,,16.49456300438211,0.9857391136636249
stream,448,,16.679270090019003,1.0322905912490774
stream,449,,18.837672883500485,1.19980048685685
stream,450,,19.937444816275327,1.1239224431781554
stream,451,,19.77533066126014,1.245838251642132
stream,452,,20.86424896421714,1.3365199969258443
stream,453,,20.900606673099393,1.3459652671946762
stream,454,,22.014295510354348,1.3666884776954855
stream,455,,22.6985022653086,1.5381128188192879
stream,456,,21.939567452394908,1.523850352984695
stream,457,,20.714464053289618,1.5470793008896553
stream,458,,20.296589509733398,1.3427825634341708
stream,459,,19.05022348131339,1.3725878888047647
stream,460,,19.099007980280227,1.3419992714198798
stream,461,,19.06562568470638,1.3449544968746192
stream,462,,20.267999196065475,1.3609320991293152
stream,463,,14.650052927683571,1.4002045469059827
stream,464,,14.622583221235956,1.2733834339583205
stream,465,,15.483125720987028,1.2569931126360554
stream,466,,14.64008298879217,1.212160539200964
stream,467,,14.955685159570962,1.171535906187616
stream,468,,15.055542537689838,1.123529729313681
stream,469,,13.24301661292951,1.0437883779736803
stream,470,,12.042023779025865,1.0431023585962056
stream,471,,11.61340267579519,0.8527634526831499
stream,472,,12.618854409915043,0.7140535607977414
stream,473,,13.73820041084431,0.9510305708388133
stream,474,,13.438444689234101,0.9259543507770422
stream,475,,12.791040241773507,0.8036074392142899
stream,476,,12.916214875506174,0.7900347534392586
stream,477,,15.036813600294309,0.8144873260984542
stream,478,,15.297011693543565,0.7910437469505549
stream,479,,17.402568757732684,0.7602533534432956
stream,480,,17.50643748715364,0.7957342695599853
stream,481,,18.10254148769378,0.8557648869599572
stream,482,,16.21499045281737,0.8151402853329245
stream,483,,17.148461023495436,0.7366042933544038
stream,484,,16.64948992862477,0.7787348406983359
stream,485,,16.343051348455937,0.8015180617485292
stream,486,,16.54129293873726,0.8294411291829719
stream,487,,16.41520506960117,0.811906104921339
stream,488,,16.058563614553105,0.829441130613128
stream,489,,15.088113363045927,0.7334287783643348
stream,490,,14.983948704223277,0.7496631477938809
stream,491,,22.680255841077482,1.0067081196584127
stream,492,,22.842606886515348,1.0522746148269424
stream,493,,23.13822076202375,0.8068777644676489
stream,494,,25.4638494169903,0.8232369050435495
stream,495,,25.637883529509153,0.8252401647980288
stream,496,,26.224490276693935,0.8233378492203789
stream,497,,25.55085606306193,0.7773898231281711
stream,498,,24.70041779682587,0.9845208900708153
stream,499,,22.654320795668223,1.0346769186646787
stream,500,,22.40552540191561,1.0015733856934745
stream,501,,22.69746829948057,0.9540093601372762
stream,502,,22.688427250084246,0.9733970230119742
stream,503,,22.285983177173215,0.9503441245371811
stream,504,,22.81246343542896,0.895853413819015
stream,505,,22.25189561708092,0.8849644362718513
stream,506,,22.547130534854574,0.8570413385867428
stream,507,,22.58438214460831,0.8574706084904926
stream,508,,23.097506719626182,0.8375215265756535
stream,509,,23.48907016407804,0.9082099312954679
stream,510,,24.48619919869851,0.8926616114423276
stream,511,,16.318934620803727,0.6708664980832806
stream,512,,15.411294333060384,0.6577413903630008
stream,513,,13.936433402648104,0.6898194456531007
stream,514,,10.516211565726502,0.6732273352610719
stream,515,,10.30564763681216,0.6213596506869375
stream,516,,13.742817316602917,0.7432773594454054
stream,517,,12.128152726440817,0.8198506911396641
stream,518,,12.887788290367041,0.6335345154391547
stream,519,,13.132566637597803,0.7001875267155029
stream,520,,14.204850193131755,0.700187538064347
stream,521,,13.42565905368416,0.7568153650607764
stream,522,,14.257880944371854,0.726184616703699
stream,523,,13.588340751374695,0.7167136296390074
stream,524,,15.44618026285351,0.7983955756308034
stream,525,,16.186685591762842,0.9760827184285782
stream,526,,15.731745803505849,0.9895324770285877
stream,527,,15.465816188572425,0.9876521967098161
stream,528,,15.444752245894376,0.9900662634264145
stream,529,,15.932079055050387,0.9971160692316843
stream,530,,14.995621641852324,1.063321310771906
stream,531,,15.261041007036722,1.022460031087076
stream,532,,13.822169030582497,1.0003206876236024
stream,533,,15.584130735566998,1.0127359589461193
stream,534,,15.640717350366549,1.1156309696548254
stream,535,,15.931496616090104,1.1068533995115348
stream,536,,12.115897949390174,1.036812493633517
stream,537,,11.970314269301218,0.962299184978224
stream,538,,10.523595943847493,0.9438616882304186
stream,539,,10.42503660854358,0.8564121422697586
stream,540,,9.760857445738367,0.8545318745176921
stream,541,,10.30030645796975,0.8824313952656625
stream,542,,9.468584826646705,0.8808685265249245
stream,543,,9.60804484582719,0.8623117912957928
stream,544,,8.615893826893958,0.8006505005172606
stream,545,,7.95240901320202,0.6274594355387213
stream,546,,7.914016732074471,0.5916336558916757
stream,547,,8.094602262637245,0.6094749981225119
stream,548,,9.874903216038192,0.6258653218692282
stream,549,,10.317651263114094,0.5497212056262226
stream,550,,14.096274625484927,0.5044739474013367
stream,551,,14.741471704253781,0.5354074681080129
stream,552,,14.914770671018028,0.5040391969397345
stream,553,,13.169274329052516,0.46072356863541414
stream,554,,13.549789785164853,0.37022907563794
stream,555,,13.923328749461687,0.4646969394169706
stream,556,,14.264037074434592,0.4082745125141788
stream,557,,16.222445806583053,0.4088468728091699
stream,558,,19.01897075589698,0.7658665356467822
stream,559,,18.94282097546998,0.8719223666668011
stream,560,,18.614853423889148,0.8725717347269081
stream,561,,18.198771183565228,0.772622569668722
stream,562,,18.19665611759942,0.7797876766501411
stream,563,,18.674656095112926,0.8131736664840927
stream,564,,17.37464255465938,0.8274361038232313
stream,565,,17.748205193976577,0.8114750427217995
stream,566,,18.792856548002533,0.9316152832079393
stream,567,,18.99991476597684,0.9967823972793717
stream,568,,19.945379710009718,1.0090325934451512
stream,569,,19.293457697018123,1.305973946714912
stream,570,,18.63675802143527,1.3337026714356368
stream,571,,18.310704070373493,1.5264557292770922
stream,572,,18.080778850531786,1.5359010304051084
stream,573,,20.996016187903606,1.6050102143037508
stream,574,,20.558210786763368,1.6694195988474223
stream,575,,20.33506969206921,1.6109700899113588
stream,576,,20.203436367454252,1.6144095869960007
stream,577,,18.2165852110232,1.6269165327196988
stream,578,,16.135567973758928,1.2802722232694017
stream,579,,16.45577064788586,1.147006787588062
stream,580,,16.933557145899538,1.2372867252109885
stream,581,,17.041259974049044,1.2373986285146026
stream,582,,18.2747239549823,1.2443712467626626
stream,583,,24.523402005482662,1.2933844033529946
stream,584,,27.534873338632487,1.2872226330139644
stream,585,,27.092506252185693,1.3842165105477078
stream,586,,26.946409685138494,1.3032920173161753
stream,587,,27.111034690751893,1.219248970216072
stream,588,,23.990053009774368,1.1945707450525036
stream,589,,24.029886854068113,0.9186955441003916
stream,590,,21.27741163869462,0.9432637209296277
stream,591,,20.763194448598924,0.755402925087791
stream,592,,21.072358034804854,0.7526073292880585
stream,593,,18.242333698331983,0.7213306817159306
stream,594,,19.77708824655572,0.7390289980900222
stream,595,,20.955120695539236,0.7035481153219953
stream,596,,21.97367266296717,0.7035481157617722
stream,597,,30.716895151187323,0.7699661738828582
stream,598,,29.917201219427994,1.0959752411206645
stream,599,0.9650845332139736,29.459391061563174,1.093489651143805
stream,600,0.9651397303021072,29.075324346883676,1.0255067955566988
stream,601,0.9649131275240288,29.970331159247507,1.046787614876219
stream,602,0.9649490681905355,29.042872735463387,1.0904554307458587
stream,603,0.9647370237857986,27.682294457281014,1.327701704371395
stream,604,0.9643542859762608,25.349693516649445,1.3480139700699076
stream,605,0.9645050307633214,25.35933156593763,1.3087505268190727
stream,606,0.9646508700536859,24.525159311659195,1.2817023304428452
stream,607,0.9649110074769482,26.258278480808347,1.3816110775482975
stream,608,0.9649832336267109,26.78426482988142,1.647035678469689
stream,609,0.9651131165749788,26.65271264229288,1.7021136444905476
stream,610,0.9649126537962106,26.068991454794464,1.6419306462870151
stream,611,0.9640435285976608,27.448607860104353,1.623537156623245
stream,612,0.962792616143234,28.173525602305855,1.6227501606648354
stream,613,0.9611366617955722,28.07370717315298,1.6192079828198773
stream,614,0.9584477022320689,27.60993197421895,1.5590232489023141
stream,615,0.9557795176722996,26.22203002752432,1.5773617374272835
stream,616,0.9527298288512871,25.146161791510696,1.5739937865057303
stream,617,0.9498118087974842,16.763897973455485,1.4900223423544003
stream,618,0.9467006723814665,17.691364125408224,1.1510587525732794
stream,619,0.9436382928301333,17.669433979966136,1.1904671089383432
stream,620,0.9419872075346373,18.351217659367357,1.2131310602011802
stream,621,0.9398662315956596,17.243194911362004,1.2013432362526302
stream,622,0.9370375588191617,16.97846912083803,1.1442531297544332
stream,623,0.9362647672064933,14.351827225893791,0.9353759105722839
stream,624,0.9379226976368708,24.468674149789695,0.978906172337241
stream,625,0.9395764237121291,25.20193284527,1.1504738234988177
stream,626,0.9413095638486675,27.325129566737935,1.1468912496755739
stream,627,0.9411962763801881,25.249816547927207,1.088036356346889
stream,628,0.9421830955939825,24.7825600727195,0.822611771634597
stream,629,0.9449882483084872,24.143035049826544,0.7611777144002089
stream,630,0.9472329136665313,27.971498728646658,0.8912183477244293
stream,631,0.9485971665531269,27.283584605267645,0.9130018406431636
stream,632,0.9491521616922749,27.588114755011954,0.9093422704757245
stream,633,0.9493477008534875,27.81490276137854,0.8843137445625922
stream,634,0.9494718456850657,28.107152852418494,0.8654120766366654
stream,635,0.9495537490798424,28.43233324028245,0.8523401495392979
stream,636,0.9490494114133581,29.25238554204753,0.8618331676079768
stream,637,0.9485951071458932,29.0153343108081,0.8914568191231261
stream,638,0.9474072574664417,29.055919662055153,0.9678906085078325
stream,639,0.9463851042871881,30.848856476998822,1.1055567283437846
stream,640,0.9444776606815205,31.225010749624705,1.2956039785572206
stream,641,0.9407071328834903,31.12620781559689,1.3203225269255476
stream,642,0.9363652367496668,31.55611144098149,1.3312683255759228
stream,643,0.9324920317864108,28.707842537760815,1.2309561667476157
stream,644,0.9302870955822393,17.849740800672897,1.149485046356088
stream,645,0.9279810342261264,17.350567756521244,0.9183066859010669
stream,646,0.9235622270075131,15.829704697695819,0.9129685829532679
stream,647,0.9206373478603155,15.389773222416428,0.8944833634262853
stream,648,0.9150556414404318,18.322363063634903,1.0338040322856663
stream,649,0.9113076392911443,18.30793924570888,1.1216809252828392
stream,650,0.9106341387371426,15.03748205720932,0.9953329888892619
stream,651,0.9093577334534461,14.377702108534786,0.9647021795128153
stream,652,0.9087327577674187,13.121533748327082,0.959543825783896
stream,653,0.9084944643297157,14.005064854481557,0.9627889254756197
stream,654,0.9082873570262572,12.970971302285633,0.951953088571988
stream,655,0.9061170830206141,12.805105247401,0.9463416667081107
stream,656,0.9054798998659486,13.71513948733513,0.9743694838837929
stream,657,0.9042230452440899,13.912196472491871,0.9714363182656673
stream,658,0.9034732628571653,15.58181341436258,0.9199356924628745
stream,659,0.9079507663137498,16.578887960402618,0.74389581193131
stream,660,0.915540505063514,15.820668869949273,0.5839731040936591
stream,661,0.9203866822673551,16.1654250260136,0.6216991933638122
stream,662,0.9277241671622205,17.099252712275224,0.7027318792171574
stream,663,0.9341832174461083,18.330918182094422,0.8352192545686035
stream,664,0.9374989045009302,18.334619123510134,0.8897467684279425
stream,665,0.9407579092045801,18.142049186988366,0.9063371021565206
stream,666,0.9433410375877432,17.488631102188478,0.903435093174171
stream,667,0.9451713359557407,17.63894645501933,0.8866704919566036
stream,668,0.9463451485445689,14.95279397393219,0.7419364916053951
stream,669,0.9467500530035129,15.105621432339463,0.6477859334651096
stream,670,0.9465006732877956,16.16818290276801,0.6491983564767526
stream,671,0.9455089656291606,18.272588205545006,0.6449664062948203
stream,672,0.9447265841533216,18.14352633964412,0.7290498077483297
stream,673,0.9436345077631718,17.9522679529049,0.7381869078445916
stream,674,0.9428522076121334,17.683325622388022,0.7900638035501729
stream,675,0.9425097499778329,17.337402049897843,0.7909057953371424
stream,676,0.942021578597163,15.21699471214707,0.7620909836332065
stream,677,0.9414913593172667,15.184331551625059,0.7729212989320806
stream,678,0.9403849908014997,12.865289927963438,0.7484045398896275
stream,679,0.938879886755667,10.064158241447645,0.7597300841136075
stream,680,0.937375227329733,9.650894407072826,0.6839951335259055
stream,681,0.9368556048796077,11.696952970566157,0.7232331055805394
stream,682,0.9366852289775948,11.666306663309006,0.6305391687015369
stream,683,0.9358107892448447,10.835332961964097,0.6044945023505094
stream,684,0.9350005862536815,11.226167962429495,0.5394742618417148
stream,685,0.9347331544718009,12.595245809169691,0.6389940732872802
stream,686,0.9339829160768456,13.591884812586246,0.6409421976675647
stream,687,0.9336089710355366,18.55996290428489,0.7141970979172321
stream,688,0.9330583916388986,18.47157740375478,0.821690951366528
stream,689,0.9333909299037134,18.408151865266547,0.8108771610909395
stream,690,0.934356146361325,16.780513840446464,0.7893817072831582
stream,691,0.934937723563711,14.610121389307219,0.7920507361853137
stream,692,0.9361814970387886,14.664649759554985,0.7109225496636045
stream,693,0.937233231486276,13.83180755611552,0.6841201639906597
stream,694,0.9380103407458055,13.782892862972568,0.6278902550065752
stream,695,0.9389103158373147,13.778522499333162,0.6392157928669131
stream,696,0.939693019808676,13.885153006835354,0.6338777198082641
stream,697,0.9398975968839884,14.68296508534889,0.6202664601990538
stream,698,0.9398702418888982,14.368045109796908,0.6395350357590892
stream,699,0.9403557854350002,15.415809566030045,0.655296247854322
stream,700,0.9401529210471368,15.4774605805424,0.7172071880724682
stream,701,0.9394104871083421,14.142439876614981,0.6299410890788137
stream,702,0.9391057185220514,13.121054238766881,0.7017853917203859
stream,703,0.9381746329691341,13.538938764145753,0.6620688829328525
stream,704,0.938074593051545,13.847704859652524,0.751248182731067
stream,705,0.9380393455674038,12.753290534697557,0.7208502125087615
stream,706,0.9376428079844676,11.792112175670274,0.7187003093642917
stream,707,0.9378772375635095,6.761964524947559,0.6435816766793007
stream,708,0.9377766686824948,6.448562761773166,0.5395988570587618
stream,709,0.9387232252312588,7.486927613505315,0.5671827333320915
stream,710,0.9396780111455193,7.789882622154292,0.5734747205569195
stream,711,0.9412082995264937,7.914166937898164,0.5720640716166685
stream,712,0.9422749247766227,9.761499135955683,0.6956126154690627
stream,713,0.9435324551753504,9.671358335915638,0.7652006089343333
stream,714,0.9447535177626504,9.793352502369652,0.7663287668881587
stream,715,0.9459134006540003,10.360573496881397,0.7560103315121091
stream,716,0.9464275263896488,10.252186897820398,0.7669506895374367
stream,717,0.9466750239188585,9.92749918115005,0.7934613810477343
stream,718,0.9467491874233397,10.186061500505254,0.7754824052723241
stream,719,0.9468494750220123,9.349974098572192,0.747432594158856
stream,720,0.9467256673451487,9.99740802998083,0.6949797843011892
stream,721,0.9467720002540905,9.396487163180375,0.7601780861091996
stream,722,0.9467012208332183,11.494077496724193,0.7036877044389114
stream,723,0.9464707968093519,10.65586705363541,0.6937103715117333
stream,724,0.94575554011219,9.921588073371556,0.6079705560708948
stream,725,0.9445305407186916,10.36483976774938,0.565891399213911
stream,726,0.9430975446663393,10.317125079419197,0.6122007493667968
stream,727,0.9413964569496399,10.335549704235529,0.6147083722602406
stream,728,0.9403593203048123,10.498896945711127,0.6104984497089958
stream,729,0.9400193670160932,10.07543174329912,0.6328688270428231
stream,730,0.9393634550854556,10.065869145456249,0.627006088645339
stream,731,0.939539265987215,11.112692328981549,0.6335621894080259
stream,732,0.9410904455500274,11.128775531758027,0.5095843963088732
stream,733,0.9426973151224587,12.164007779439242,0.4451547417062067
stream,734,0.9442837269185236,12.553543455680755,0.44777427202607956
stream,735,0.9453291500936913,12.223711245052545,0.5107528592309776
stream,736,0.946835150483255,16.28183797014473,0.7330652593635982
stream,737,0.9477447612649349,15.999375379253822,0.949643544955642
stream,738,0.9484765856422956,17.421641073961585,0.9608920855443874
stream,739,0.9491259271586838,17.770884867394187,1.1418096209864435
stream,740,0.949844816521966,17.742100888454036,1.13475636714545
stream,741,0.9505108748032427,17.81900801895134,1.1454856938229454
stream,742,0.9507564679093318,15.3744579718242,1.144269458093536
stream,743,0.9510090479514709,15.398928358080951,1.072045602028921
stream,744,0.9507797690471174,16.36422667662102,1.1061985011165605
stream,745,0.9504942693669716,15.782685908118651,1.0912260835200585
stream,746,0.9502347441914509,16.416975084004644,1.047495895907726
stream,747,0.9497160068959074,17.252888794246587,1.0411195191197207
stream,748,0.9489044378869106,17.303169635465775,1.051276564971479
stream,749,0.9485761449780556,16.775490001465368,1.0304800302871673
stream,750,0.9486267493712273,16.917554718892386,1.0300507818345925
stream,751,0.948311809779032,18.35751966602361,1.068182484113992
stream,752,0.9476443433698744,16.622351657738022,1.1032892590653411
stream,753,0.9473650722971237,15.705969258936186,1.115796203798659
stream,754,0.9475416640315394,15.535682674250227,1.112608016255429
stream,755,0.9476114138677301,15.78068779134232,1.0477803379920307
stream,756,0.9470971883117286,11.716365504764038,0.8577330893884991
stream,757,0.9464230411670752,13.656278241768511,0.6536085632192821
stream,758,0.9459775589342365,11.960761115297968,0.7098659534992895
stream,759,0.9456770187403012,12.857392336239908,0.5962781628136328
stream,760,0.9458264341524999,12.134415410459242,0.6578590339047041
stream,761,0.9460641832442982,12.21199856228806,0.6124411555689501
stream,762,0.9463736824851345,12.636315034683873,0.5910887873489549
stream,763,0.9463168949041261,13.16805302804015,0.5899826472218714
stream,764,0.9463315099663576,14.327493223032306,0.573742629564198
stream,765,0.9457763438937129,14.171185604255209,0.6004699051835068
stream,766,0.9449780122358113,14.06642938248765,0.6099152071605308
stream,767,0.9443631913862758,13.18895812980426,0.6379650489503267
stream,768,0.9435494577970536,13.307008652187264,0.6904178400280044
stream,769,0.9423028015317683,13.153441128179665,0.6627643318708202
stream,770,0.9409775291742911,12.735421207784478,0.660278728990142
stream,771,0.9395655215234151,10.151285581915417,0.6097465529493559
stream,772,0.9391637022549814,10.252787515780929,0.6032802979105025
stream,773,0.9395163583263331,10.154260704298792,0.5944329566932867
stream,774,0.9403773153652305,11.989065852398543,0.6312731899208813
stream,775,0.9416472043152345,11.652809590893083,0.6740311075822267
stream,776,0.9419131088431119,12.447507951882331,0.6369506648843613
stream,777,0.9426157398146279,10.883553877007792,0.7004684606297882
stream,778,0.9441074782749406,12.208665871290075,0.8007274226785379
stream,779,0.9452351642833277,11.380011530185383,0.8660722705416788
stream,780,0.9453942510780392,11.420161888848959,0.8106165097745789
stream,781,0.9461984612639621,11.476243552552656,0.7705055598136243
stream,782,0.9463559157018814,12.976970304990628,0.7918578986077427
stream,783,0.9472446294094207,13.02999184644576,0.7979829453050359
stream,784,0.9483487579629192,10.898428223452573,0.8018994772642504
stream,785,0.9486530533471805,10.895448685168343,0.7512810378318943
stream,786,0.9477815128602165,12.463511541653443,0.8388296219766125
stream,787,0.9459765315678749,12.479705423900041,0.8501165898616645
stream,788,0.9426922504495187,14.912604539142801,0.8435935238912458
stream,789,0.9375829928020053,16.094247903116845,0.848766502441354
stream,790,0.9317177558509563,20.107095086444787,0.8663914086298034
stream,791,0.9306557375461061,20.040911107116926,1.0328758310576198
stream,792,0.9323947569161344,20.489122297298632,1.0193746304587696
stream,793,0.9344025736628966,20.489091423836413,1.0466153969635186
stream,794,0.935701862252819,18.40727809837949,1.0244044882025165
stream,795,0.9384289847601625,18.910857844460274,1.03594471378285
stream,796,0.940861433566627,19.545085497711895,1.0298196350523292
stream,797,0.9422442465785017,18.729425975433923,0.9873992887779115
stream,798,0.9433320565781982,17.50043502428372,0.8389450563502813
stream,799,0.9443095551128295,17.514289117773075,0.7185590843242716
stream,800,0.9453685668552453,17.452155928747274,0.7315631336935011
stream,801,0.9461686661276558,17.221611430925503,0.7285345666463287
stream,802,0.9473071509404185,16.276158048076116,0.8045153526411478
stream,803,0.948379813876091,15.669408190100153,0.8149714348498461
stream,804,0.9493123868948067,16.364315857440076,0.8193976971494893
stream,805,0.9499921009331145,16.463291400725844,0.817533950975333
stream,806,0.9500723846875581,14.372572305545562,0.7196669013715304
stream,807,0.9498137690770269,14.896137259311958,0.7055274097567855
stream,808,0.9488561610278281,12.145624462982875,0.6656566923639514
stream,809,0.9476024795036769,11.310497307255298,0.6797943930207216
stream,810,0.946188654680902,7.90850890488207,0.7271897813396113
stream,811,0.9448249606635847,7.986507343068141,0.6112374897299485
stream,812,0.943873682025835,7.393892255575004,0.6049638265675973
stream,813,0.9432976305340655,8.399871780884963,0.5753933945151634
stream,814,0.9429746205545974,10.34601476190345,0.5664598971646883
stream,815,0.9427244552972354,9.655061325663317,0.5887386885414814
stream,816,0.942261911129407,8.473848865738221,0.5932293379691344
stream,817,0.9413968339158757,8.621519149297333,0.5116719626949114
stream,818,0.9399387508304081,8.633138044362738,0.4928051869838972
stream,819,0.9378689873208756,8.769933788983028,0.5478463111467656
stream,820,0.93618818283238,12.942480097548708,0.5882232151522252
stream,821,0.93531926526285,15.67294484574369,0.5769434759401704
stream,822,0.9347948425104807,15.017914724944653,0.5242779204251897
stream,823,0.935110987285401,15.54334908796328,0.5076967668917266
stream,824,0.9356509768630875,14.920642493626648,0.4800432930856822
stream,825,0.9356895225052547,17.149444345271487,0.5816048288605085
stream,826,0.9356846320664103,17.5399446730514,0.6189714877360384
stream,827,0.9357752383558321,17.075324690879132,0.6024801932163608
stream,828,0.9356194206016116,17.070884934383177,0.6072808036648631
stream,829,0.9351665667133959,17.036760351901894,0.5992186605338543
stream,830,0.9349850522400502,16.490260558029398,0.537637852629706
stream,831,0.9355131561676743,16.72780341737969,0.5199267625682471
stream,832,0.9346452224258588,17.889234298173903,0.6140773207085326
stream,833,0.9329522675370258,18.142671253263504,0.6076293992110716
stream,834,0.9308377280075999,16.034744783393005,0.6598234076459578
stream,835,0.9292406490573307,16.12641469639445,0.5895017653578339
stream,836,0.9275937420982537,16.974796105899618,0.6126977618641742
stream,837,0.9267457950077451,17.134680272759706,0.7187406635196072
stream,838,0.9255078580843281,17.440509770660398,0.8161638215117233
stream,839,0.924460528722861,16.664273269491026,0.7575401039310734
stream,840,0.9243994610670205,12.50855080158884,0.6956291639576824
stream,841,0.9235305571142908,10.985187085583423,0.7562028202666033
stream,842,0.9226738628611243,11.12728625957734,0.7203128197860611
stream,843,0.9236171553387319,13.721449377985369,0.9535657072603475
stream,844,0.924432033714055,13.631956716365865,1.0937817327332455
stream,845,0.9246731303987902,11.277799238880071,0.9882395547495243
stream,846,0.9248134711366637,10.984673550780771,0.9611913389279644
stream,847,0.9248319067362578,11.073004907496976,0.9558532539953457
stream,848,0.9242500792423848,11.42066564472493,0.9687839805948182
stream,849,0.9235822334695767,11.512407263254813,0.9554534026049252
stream,850,0.9227622334217712,11.973118094903318,1.0387607440375481
stream,851,0.9219573554720275,13.196471040505527,1.0225318405787767
stream,852,0.9210706393952546,11.896343074844474,0.9616977150411405
stream,853,0.920081881358565,10.615668352198183,0.9633816941519167
stream,854,0.9190493545253945,10.612813688230043,0.9076546179448115
stream,855,0.9179925418497541,10.626300914643153,0.9046461968532662
stream,856,0.9172949938963647,9.459547759281175,0.8748408431242808
stream,857,0.9170493184297165,9.783056407270761,0.7851882641907235
stream,858,0.9163678288994355,11.277102034212975,0.6976396992657891
stream,859,0.9142559885262233,11.397435873014107,0.7264545521415989
stream,860,0.9099568609843597,14.48699928097707,0.7928212421037429
stream,861,0.9055020635594508,12.919466826427676,0.7806096678053497
stream,862,0.9025370113100556,13.261094824760164,0.7931844378060532
stream,863,0.9015543707385298,12.800710226737031,0.5804731646919336
stream,864,0.9012175467617952,12.80929601210269,0.5032357467011086
stream,865,0.9009892311733833,13.06083036266175,0.5156362644428854
stream,866,0.9009165727376259,13.144186756567931,0.5232967778572097
stream,867,0.9015508378833386,18.427621936155774,0.6430518775588747
stream,868,0.9019802146162584,19.986663374734633,0.6592605173587788
stream,869,0.901660768453442,20.611320984639555,0.6638465226799487
stream,870,0.9025695963009449,27.537012849412633,0.671567683503939
stream,871,0.9029067247949253,31.489589841367412,0.6673760855231068
stream,872,0.902129327745203,31.59542823395279,0.803697295232767
stream,873,0.9014107713769943,32.38597906563204,0.8133645814170234
stream,874,0.8999641109402869,32.515890049752976,0.8293256425184551
stream,875,0.8983829591519517,33.613883032375796,0.8372374238116941
stream,876,0.8967932843539961,34.69886402717799,0.8358762923402527
stream,877,0.8939587212257957,34.12814027994951,0.9198550166349395
stream,878,0.8929567459751138,33.16528396255243,0.9485486858756587
stream,879,0.8918508503354933,33.39262325706596,1.0374195989871915
stream,880,0.8931530872656375,30.288582118801145,0.9813696008212115
stream,881,0.8944445557717972,30.189875684319283,0.9346199497442644
stream,882,0.897252422611902,29.624135446263487,0.9256277522858513
stream,883,0.8995815103611823,31.96162899063102,1.040827937227814
stream,884,0.9016114990761122,33.579394380346265,1.0100907734544042
stream,885,0.9027733596927038,34.65036855695418,0.9982680925542194
stream,886,0.9043045660431418,34.64110365898091,1.06742679763844
stream,887,0.9050571452176215,29.293790673333245,0.9739274087568235
stream,888,0.9048986640689846,27.922497152276456,0.9306503599300664
stream,889,0.9038310391178093,29.053669052424898,0.9449806426034292
stream,890,0.9025462817786223,21.726830559063632,0.884795747726183
stream,891,0.9012834688299972,16.266200888048058,0.8725071100530286
stream,892,0.8994867019606472,17.141237095123824,0.7242988862334407
stream,893,0.8982161410853162,17.138223893058885,0.8486986466960751
stream,894,0.8970381293354504,17.076030972622654,0.84869862005023
stream,895,0.8964429896307808,16.60364928100835,0.8527287905426061
stream,896,0.895774698960206,15.846328123645002,0.8599838287963519
stream,897,0.8953267349213154,16.786047977578093,0.7610694842141106
stream,898,0.8947738882775959,16.25381052448075,0.7323758158032115
stream,899,0.8944628152885927,16.70685392219087,0.6072332649459278
stream,900,0.8994273946821768,271.55579074912737,177.35328991610876
stream,901,0.8949066564469118,2273.5646620085936,197.71811054500685
stream,902,0.9010715475293788,3775.9731633653482,199.1186296778877
stream,903,0.9035401617588662,3773.253603104271,249.07909207668453
stream,904,0.9040506185326835,3773.784194572354,249.30293632675324
stream,905,0.8666042863568297,5815.226241906361,329.09122235728347
stream,906,0.8294440647612391,6302.86985078876,493.5585543493734
stream,907,0.8119197993968377,6452.852676498177,496.94271040007555
stream,908,0.7826184061933485,6536.821034282259,513.8785648937018
stream,909,0.7606737891694407,6538.953023549296,518.5129479644099
stream,910,0.7600234463020366,6662.588402164027,521.3803496938957
stream,911,0.772720936762829,6709.745353343467,522.0073945957672
stream,912,0.7669928347884021,6870.230038737502,535.9698132789894
stream,913,0.7938355320140374,7240.399209199235,572.5246044847322
stream,914,0.8178541091017654,7242.405978583295,588.4581184187984
stream,915,0.8518907815350222,7277.148861440261,590.4463822926353
stream,916,0.8713988062909201,7352.132973479917,598.5179940235223
stream,917,0.8774355518513738,7461.40594287971,598.6060174994304
stream,918,0.8740997215222223,7640.835644871491,598.9431982752589
stream,919,0.870975666733512,7641.174177261631,606.8465627017996
stream,920,0.8668477750327555,7389.014664623243,430.1024449865883
stream,921,0.8616788059686573,5395.471975350136,409.77699422856233
stream,922,0.8564935773606969,3892.8292821537734,408.5602578008388
stream,923,0.8519098887006549,3890.5627231260883,358.47297431427944
stream,924,0.8466472400725196,4029.4883663748965,363.1947417524347
stream,925,0.844118519443434,2009.7909557629885,285.2640974707898
stream,926,0.8423728128160084,1730.1936581441469,134.21552476119322
stream,927,0.8429603301005383,1818.5163100199434,162.7447048105328
stream,928,0.8446804122933247,5003.217515374015,410.390799024285
stream,929,0.8488776047664447,8653.599707483874,431.8000297933378
stream,930,0.8424286082034844,8574.758082753371,488.75291131654365
stream,931,0.8299251373022648,8723.088325092689,490.02055012825883
stream,932,0.8327751625705337,9604.098671270416,487.949157962669
stream,933,0.835594509321541,9235.309063136287,492.522878572411
stream,934,0.8421093906638272,9315.722531783322,480.45065343113794
stream,935,0.8476990336109207,9281.76841324184,482.10595459133503
stream,936,0.8546218723242485,9209.055539436133,474.4083069788609
stream,937,0.86045874658107,9098.724894586063,474.3769884458392
stream,938,0.8641917290364337,8927.018850220857,474.27678453561276
stream,939,0.8668183077211719,8925.885025555786,466.67195554919095
stream,940,0.8640261027319549,8999.590082895491,469.3560017085485
stream,941,0.8610032824669784,8996.74264402412,473.65483874578314
stream,942,0.8582566605181482,9008.794805573056,473.5016464349423
stream,943,0.8519359018958675,9059.611552846862,477.7376866656872
stream,944,0.8452185638367442,8932.219420216396,477.1341111975119
stream,945,0.8400091139950006,8912.640823240225,475.35499084326943
stream,946,0.8351766546506559,8704.417413452991,461.95829935822167
stream,947,0.8312666641821752,8466.323420252636,430.02964786983347
stream,948,0.8264235669672101,5197.632494853152,165.44067709385797
stream,949,0.8198919754607807,1542.9228952399465,139.40630870728532
stream,950,0.8113410813882629,1498.0259310809593,79.55193497375701
stream,951,0.8002412815607928,1302.5346844080966,77.6636276361975
stream,952,0.7888368470369869,260.10272387156635,65.74114120982934
stream,953,0.7767977985448672,258.1038185236766,24.481996337662153
stream,954,0.7649416180885947,176.8024284921445,20.68351358536447
stream,955,0.7523923611474267,176.82171987979382,17.201641594183933
stream,956,0.7407583293115838,174.27464427007698,16.85987114933061
stream,957,0.7323499139255918,174.27843317055806,16.80090986419845
stream,958,0.7288479188405474,167.25716652719316,16.590981132610228
stream,959,0.7152948641077238,219.23640422120556,18.87503991618521
stream,960,0.6989423594786776,148.59465923840597,16.99733819271857
stream,961,0.6825887294458305,143.3193650441031,12.74941109440221
stream,962,0.6774525323518723,154.55737798131042,13.816674980401693
stream,963,0.6702523921346287,110.38375555690962,11.671942734850383
stream,964,0.6744707372455163,134.86772532568082,10.00817357054899
stream,965,0.6832383361683393,136.2973377886615,10.456485996845483
stream,966,0.681729211390416,170.18198990412859,12.577360336557586
stream,967,0.6894505733824204,181.39648560931553,15.692817350989941
stream,968,0.7026350937433955,187.80032896594346,15.70800617389962
stream,969,0.7141263433028597,190.31874543595706,15.724552441055566
stream,970,0.7224079888277282,190.3496764974013,15.835606988188076
stream,971,0.7302426389159,190.78184869415153,15.855921098249862
stream,972,0.7368122875751788,190.9061253023179,15.855352433593357
stream,973,0.740379621065176,192.0283496561353,15.950143148987358
stream,974,0.7431661727883687,190.83673289934177,15.88284101078738
stream,975,0.7453558343165335,189.29878473649677,15.705959141811615
stream,976,0.746772521373474,189.7885521259661,15.684175687859561
stream,977,0.7484263602330327,189.79249258094862,15.699043446065396
stream,978,0.7497455769096424,189.79904636859365,15.70430274012159
stream,979,0.7516997117489089,138.08417627834993,13.212351580188452
stream,980,0.7545336866430428,132.59818745077436,12.392716919487748
stream,981,0.757731614853694,132.25355505452615,12.307201052703599
stream,982,0.761059167793563,109.09968299756072,11.199472232214942
stream,983,0.764598102910457,102.59785361378233,9.118372665364088
stream,984,0.7681982995250268,64.4498334563956,6.414600047818414
stream,985,0.7718500184656982,59.532847697973985,5.88756444689391
stream,986,0.7756472940615425,26.06219746061771,3.676795346197897
stream,987,0.7783622859806589,15.295847801934158,0.6211857072560646
stream,988,0.7811102838084225,8.427534999069673,0.6644463112712575
stream,989,0.7829122221153125,5.955395795475951,0.6237189696988977
stream,990,0.7836137626135953,7.655295831844107,0.553525622198057
stream,991,0.7847653343902352,8.297731995199046,0.7807412527590063
stream,992,0.7853608972962404,8.265028228885411,0.7913403853885659
stream,993,0.7863032565740994,7.309818868178771,0.6939173007397488
stream,994,0.7876066401468322,7.307906882717414,0.6949189790813899
stream,995,0.7878263715931986,7.477382645685834,0.7026564653723628
stream,996,0.7883556792289084,7.850278847238837,0.6863523389824917
stream,997,0.7885725560853735,9.858777372177624,0.6727154807783791
stream,998,0.7879569014973319,9.27167033371941,0.6520289535439904
stream,999,0.7876938277044166,11.515144130699625,0.7800807788777666
stream,1000,0.7865499902389422,11.35356651629091,0.8855825390470169
stream,1001,0.7856056135505424,11.758648071328922,0.9336253760895035
stream,1002,0.7844741771742044,12.097421272656542,0.932174372038105
stream,1003,0.7839278410086762,12.934559635254466,0.9141514069103293
stream,1004,0.7827282774785712,13.28037647332417,1.0052825844728288
stream,1005,0.781222679854508,13.390513018246498,1.0317088811931274
stream,1006,0.7786638972651333,13.373263947806581,1.0446395797471273
stream,1007,0.7755940873962754,12.82343081244045,0.9728979976858283
stream,1008,0.7748026013100275,13.244249422805902,0.9959379600827133
stream,1009,0.7750882951988267,13.251344933325786,0.9984455539383045
stream,1010,0.7762443054315626,11.485869564689349,0.9577274487424735
stream,1011,0.7769202996593727,10.387520474685571,0.7045018862468908
stream,1012,0.7779406882344337,10.582142082017807,0.699598580133111
stream,1013,0.7784806849009158,11.094432160537789,0.7944460433093694
stream,1014,0.7788838683265715,11.10586828517935,0.8166568630736053
stream,1015,0.780917704906373,10.935854535821543,0.8089193737993766
stream,1016,0.7834267913772858,10.107465163043848,0.8189498645625188
stream,1017,0.7854260424390561,8.092137410615393,0.8304148258793606
stream,1018,0.7882387178539468,7.98829334883457,0.8331957372534194
stream,1019,0.7900718886297583,5.547104433150876,0.6332007174560652
stream,1020,0.7908107772541164,5.972655640933049,0.5306138287092715
stream,1021,0.7907765108048707,5.573126572516073,0.4905029007207234
stream,1022,0.7897983717850948,5.081425832664386,0.49290780074337315
stream,1023,0.7881878518127045,4.141739662588297,0.4918016368683692
stream,1024,0.7855522676671652,7.069946716044573,0.48385679921580704
stream,1025,0.7826945727131742,7.01745714216359,0.5864915502114738
stream,1026,0.7800576343147201,35.465892381645034,1.443982773557714
stream,1027,0.7781592274105512,35.242503389749565,2.3586646539181575
stream,1028,0.7770306594350964,36.44126859816036,2.3743158371440027
stream,1029,0.7771877341681165,36.41114174172965,2.4202198781347875
stream,1030,0.7779966818938416,36.46074024136836,2.436435928447442
stream,1031,0.7794311006537209,38.60461474719297,2.524863186484454
stream,1032,0.7807502562100429,38.57625379604192,2.545177277897395
stream,1033,0.7812279854906377,38.05736912824085,2.5107897020248586
stream,1034,0.7819945899427627,42.5426584251739,2.5760520535887204
stream,1035,0.7820104293824378,43.110718314099955,2.62429311833158
stream,1036,0.7817709603219267,43.098860760521376,2.6539957023196212
stream,1037,0.7817572111948132,43.434079828380895,2.672396517659973
stream,1038,0.7804067060838128,43.102781094106696,2.6457060646992265
stream,1039,0.7786490394108802,43.027687205996926,2.62575695534432
stream,1040,0.7764845069053748,42.75531184343399,2.6333348118643913
stream,1041,0.7738303020577952,43.77233949845905,2.635506735561984
stream,1042,0.7710008198724905,43.92628085209206,2.6927124950302406
stream,1043,0.7698977481904565,43.86643281591741,2.691758622367132
stream,1044,0.7687239356002882,40.57034362961352,2.600829316684099
stream,1045,0.7677296601434473,40.59251973459781,2.4748720407687514
stream,1046,0.7670949087775337,11.89992605245977,1.598479160402516
stream,1047,0.7665421026291203,12.713158183024936,0.6926629677868379
stream,1048,0.7659550599540556,11.081782120142897,0.6220918106856698
stream,1049,0.7653558400760578,11.608052592629752,0.6242306229464712
stream,1050,0.7644633841162227,12.004845820340064,0.6082163433727006
stream,1051,0.7639747786327409,10.032396902481787,0.5193726865391708
stream,1052,0.7632079820737333,9.730838890364952,0.4965509561536798
stream,1053,0.7621846921547056,9.868117291982301,0.45495783481698193
stream,1054,0.7607493098202347,6.814966809027476,0.3788652069808449
stream,1055,0.7590335455745396,6.246039008159749,0.3868540064027339
stream,1056,0.7559076206752555,6.156517782955066,0.3468347446894841
stream,1057,0.753106024397763,9.064547727970258,0.44345070155113825
stream,1058,0.7495113874943742,9.90850110321971,0.47615980511521694
stream,1059,0.7450839839046287,9.92644723605202,0.552857808004585
stream,1060,0.7405788933924693,10.032570175340142,0.5537163689202131
stream,1061,0.7361608304237215,9.111464752148413,0.541710251534435
stream,1062,0.7313858863507222,10.241319973105929,0.5091863833741981
stream,1063,0.7270302224799292,10.673055896128018,0.6152292951484102
stream,1064,0.7256743025183673,14.926599282068974,0.8903597970149265
stream,1065,0.7266535367180309,15.855451237637997,0.9136823219346074
stream,1066,0.7287900540893995,15.724275647071687,0.9612463734012529
stream,1067,0.7305718048722413,14.851244700723598,0.9578252012171102
stream,1068,0.7316462355301111,15.910010627434398,0.9524155378849298
stream,1069,0.7367069339424926,15.569627695026158,0.9030427623386961
stream,1070,0.7398159314662284,19.3237273978916,1.0110337958431732
stream,1071,0.7437260407983144,19.913199399113385,1.0553657905572267
stream,1072,0.7479940890936044,20.375941883971947,1.130484423712541
stream,1073,0.7510165402158483,22.404764343035033,1.1344008916600616
stream,1074,0.7535163938033989,24.390777869561795,1.6041735313877301
stream,1075,0.7555493968124372,26.528865347401407,1.9126220804108984
stream,1076,0.7571049965318777,26.528128154127682,2.0089205565719155
stream,1077,0.7575777693343152,23.403948403103747,1.884069589282114
stream,1078,0.7572573089580034,22.564205246986344,1.8666704031380046
stream,1079,0.7580477026091831,71.79690299658256,3.329975586387964
stream,1080,0.757001968081618,90.67615746729746,8.143972104763947
stream,1081,0.7553956088788145,92.40983587920111,8.397554044773996
stream,1082,0.7533389982999441,92.59543663056083,8.369768354725025
stream,1083,0.7499100225003354,93.0549675325137,8.261575540035825
stream,1084,0.7462058363616961,88.88108402894098,8.037762382071138
stream,1085,0.7416045544815076,88.35124232217876,8.016118367126415
stream,1086,0.7379786628818223,89.21045521908344,8.073505658797997
stream,1087,0.7345911227279286,89.22061917198748,8.088144175153905
stream,1088,0.7310516200965189,89.08531914610266,8.1152254815865
stream,1089,0.7275034321796305,89.34112371835144,8.22446205010083
stream,1090,0.7238316866880898,85.20661959120068,8.117254316808603
stream,1091,0.7204515564531105,84.63453763729808,8.085876868873402
stream,1092,0.717941883863746,84.86824997913958,8.078827173549689
stream,1093,0.7157143645363712,82.4439103626873,8.101991925090852
stream,1094,0.7140462043845746,80.12466861053198,7.620838740945848
stream,1095,0.7122164556608434,78.59735986287596,7.401736304347278
stream,1096,0.7113096354002327,78.65734504927441,7.312333353741315
stream,1097,0.7091765541540249,78.54591981731528,7.307787716040079
stream,1098,0.7080833890351248,79.03540956145312,7.319168285736996
stream,1099,0.7066006410501869,30.249419207798617,5.779429257203267
stream,1100,0.7051539176326367,12.132165027804842,1.0236290343602605
stream,1101,0.7042175255404232,10.333684764740438,0.8522482850321887
stream,1102,0.7024725845042707,8.8681711329505,0.851984133451926
stream,1103,0.7009920539766408,8.108065354757814,0.851984133451926
stream,1104,0.6999971291547635,8.054079875402978,0.8003842979429916
stream,1105,0.6996803407586384,7.6614408238583325,0.804043901829949
stream,1106,0.6999815773543548,6.844889470764562,0.684463234014834
stream,1107,0.7001716872108518,7.060543113749507,0.662230303106079
stream,1108,0.6986339078113737,45.7788233113543,2.286547748115562
stream,1109,0.6981708740850874,53.245718409592904,5.030348598708756
stream,1110,0.6977452296439876,59.11518739651575,5.0341458058551645
stream,1111,0.695712158186342,100.52034910142805,7.834048758213903
stream,1112,0.6947465423376735,104.08014213177022,10.474589719615432
stream,1113,0.693926031676058,106.70175693886505,10.427476910462012
stream,1114,0.693070777958427,105.58973820187488,10.501274781195937
stream,1115,0.6927498235648649,106.28932604325784,10.402151286190552
stream,1116,0.692479933690064,106.71165645252243,10.397136052142573
stream,1117,0.6926975374595912,110.51537804782929,10.478818111859228
stream,1118,0.6919165024545337,110.01806686864187,10.531115013409188
stream,1119,0.6896986329181433,109.56893688284002,10.534719611785448
stream,1120,0.6855703144321121,109.0609131158388,10.484047962373202
stream,1121,0.6796426477485015,109.13403653714951,10.42842726599502
stream,1122,0.6724774575629751,109.89773763747678,10.43039740710513
stream,1123,0.6662440726239618,111.07490969540537,10.430133253342015
stream,1124,0.6610296456175356,151.68450037316893,11.337711274307422
stream,1125,0.6579932452492168,161.04364953286768,14.742785291324019
stream,1126,0.6573199027163545,163.77737245376417,14.790466852563448
stream,1127,0.6638167524924569,187.4454842517625,16.18234411651077
stream,1128,0.6746149797710779,159.67193002731716,14.576994232769017
stream,1129,0.6797706871682795,176.07051572605178,14.233936127637419
stream,1130,0.6811765063723872,183.69155101256138,14.307877133111598
stream,1131,0.6830421556648416,142.57914789436197,11.818607439664294
stream,1132,0.6843987087141102,138.60026415041972,9.143649623696716
stream,1133,0.6841763072980558,176.9938311803196,10.394140554250928
stream,1134,0.6826747782991495,194.34639194750886,14.288932151181658
stream,1135,0.6817477985184321,197.4584831464173,14.365481572504253
stream,1136,0.6807616896804158,197.33356763765224,14.414918684163187
stream,1137,0.6798270479135873,195.35525641784176,14.362931855218452
stream,1138,0.6777416953329949,195.30911559563913,14.318156014626073
stream,1139,0.6751465923021925,195.29552501488214,14.314215715421717
stream,1140,0.6726943178878652,196.05525557289255,14.35176225337773
stream,1141,0.6708813398101194,196.03547706878194,14.347398118393967
stream,1142,0.6708293876031449,195.54088169343692,14.372118462152887
stream,1143,0.6716448722246595,194.27018774656193,14.394615580998185
stream,1144,0.6733553942990775,154.51513405871898,13.532930539933515
stream,1145,0.6746036183546864,145.48726298167603,10.12552687427816
stream,1146,0.6743813857957137,143.04686726574045,10.12552683162642
stream,1147,0.6738995301784808,119.51055370058684,8.733313865557932
stream,1148,0.6723284634127804,107.66776520351291,8.698693315303498
stream,1149,0.6708013508636786,83.57824194992911,6.18940003515898
stream,1150,0.6694147829892787,70.66838729510721,6.158774676259285
stream,1151,0.6677875876516807,70.38635908843393,5.835885759146198
stream,1152,0.6663448012124206,70.13240715899634,5.801732872938182
stream,1153,0.6653505425407514,30.674075440852366,4.6642756522492785
stream,1154,0.6647459922335023,13.521580715240981,0.7498522849459845
stream,1155,0.6639820122883567,9.501550422104915,0.6852997700371484
stream,1156,0.6638653635130517,9.701091358950958,0.702495362774146
stream,1157,0.6645101794025984,8.167961653087126,0.6733376093395804
stream,1158,0.665188813887039,8.746323032468222,0.7158240063357497
stream,1159,0.6679826268006747,10.218739691780168,0.8452206099839811
stream,1160,0.669024353136694,9.293099601852333,0.9413062203122399
stream,1161,0.6701418544544624,9.365010215623695,0.9840918072270534
stream,1162,0.6713411043763718,10.612904984039604,1.0601843693135986
stream,1163,0.6719062480148495,10.79889382105057,1.0471802509850718
stream,1164,0.6712739816169416,12.178254555363605,1.1362862629478385
stream,1165,0.6706626645185936,11.91637372897462,1.1843291307590282
stream,1166,0.6698971416248927,11.798022283829567,1.1719138547407262
stream,1167,0.6676016520955604,12.810222023941053,1.307664955921937
stream,1168,0.6647351716093588,13.455741767610842,1.2759188748212624
stream,1169,0.6626070026819381,13.226231885987167,1.299810054018661
stream,1170,0.6604517034415212,12.854018620636166,1.2530604032514772
stream,1171,0.6577909632272573,12.734085038308772,1.2559661257492751
stream,1172,0.6550540163280596,12.909714121149095,1.2532787354705504
stream,1173,0.6517362076353943,11.337829337867754,1.1409659540994834
stream,1174,0.6492052377747878,11.327874870128165,1.0759640058991513
stream,1175,0.6486291332841126,12.434538993266656,1.0963809423136976
stream,1176,0.6501722559285733,15.022030535110765,1.0347634719657486
stream,1177,0.6520370988865886,18.292246836861615,1.4827912052511132
stream,1178,0.6534805276025336,19.280400290273306,1.4193119413350415
stream,1179,0.6548622081940825,18.99357030547664,1.4897071563845519
stream,1180,0.6562335088875003,19.224507899600855,1.4699452840294
stream,1181,0.6572679940281825,19.98222941442586,1.4003977009313417
stream,1182,0.6586834059016505,19.02383861904085,1.420737689509118
stream,1183,0.6589597962573562,18.841753278446724,1.4146126302075035
stream,1184,0.6576582838244643,17.164445610235113,1.3255065747772947
stream,1185,0.6553367687751116,17.008420763280267,1.2886406995026467
stream,1186,0.6524068046674498,18.533682583295203,1.341801643525451
stream,1187,0.6478119522100529,17.178710867281072,1.2605412551994561
stream,1188,0.6418220440163219,17.06673061954441,1.2783826123737316
stream,1189,0.6369590728166835,17.200790274781284,1.3137077062724827
stream,1190,0.6343941767187266,17.390031055802964,1.3625155021160416
stream,1191,0.6338587125916205,17.31875443348343,1.3636931737419915
stream,1192,0.6351445871883661,17.136114733018662,1.3629410669360744
stream,1193,0.6371275394341439,19.052644983804676,1.4608080444328297
stream,1194,0.6407511186324887,18.86562176586736,1.5330318979277062
stream,1195,0.6447906203270755,17.529272150169817,1.4627505530835063
stream,1196,0.6473863564802539,15.295683594996088,1.4671805991062858
stream,1197,0.647233379989606,11.816004737251015,1.0750378614681964
stream,1198,0.645923088747749,10.448857245335107,1.0782993913401238
stream,1199,0.6446896508993398,12.229871120347795,1.0942054504220546
stream,1200,0.6424037305618844,12.369263641686668,1.2154372108487768
stream,1201,0.6398243442062093,11.725861886545713,1.2760824679440756
stream,1202,0.6371591246914056,11.66937213195287,1.2115298354871007
stream,1203,0.6348622647130073,11.946194885544177,1.2823174294561348
stream,1204,0.6307689722885005,11.707174062989832,1.2943143795323568
stream,1205,0.6273811687424613,11.927284308526623,1.2783734194168963
stream,1206,0.6247130061158891,10.161654310251492,1.193134433747291
stream,1207,0.6249942633820716,10.232950951011365,1.1510039061584763
stream,1208,0.6242536419756445,10.144685276788971,1.1486796761449687
stream,1209,0.623819741835671,10.01311732413154,1.0887773558341645
stream,1210,0.6240659818137665,10.798770533194542,1.0758779617437466
stream,1211,0.6248105121399762,14.394175140679607,1.0821112451004524
stream,1212,0.6233819501576019,14.403529387097672,1.1906396229631968
stream,1213,0.6198521085549074,12.851672167921858,1.1120833371526777
stream,1214,0.6152459004096917,12.856630979132786,1.0432439621755285
stream,1215,0.6113618454241319,13.725796005454692,1.0849581062272535
stream,1216,0.6084359663427696,12.822273022246979,1.090222848991736
stream,1217,0.6063906016425124,12.772400958289447,1.0338719227399842
stream,1218,0.6068710479845167,12.718513131268061,1.017391711713491
stream,1219,0.6095501046979847,10.238106551964194,0.8561845907338465
stream,1220,0.6107032304058259,10.146911942795647,0.6966745450222668
stream,1221,0.6098161242216757,9.91696888887187,0.6525810690513093
stream,1222,0.6118603517614712,10.303877977576757,0.6525810636365335
stream,1223,0.612424628973976,9.985425330686537,0.5983746093920742
stream,1224,0.6108987553757139,9.646029848829405,0.5410533953928209
stream,1225,0.6111267226145549,9.516917485095124,0.5559212044698315
stream,1226,0.6103684897535289,9.697741396091637,0.559911007282334
stream,1227,0.6102649597679857,10.136961916416295,0.6149520567966732
stream,1228,0.6106067607983211,9.955178350433005,0.6394542191589445
stream,1229,0.6102667141960733,10.234641939421756,0.6343362495982151
stream,1230,0.6104904351373167,8.978480269794925,0.6111236987006338
stream,1231,0.6124345784057288,5.373675517036616,0.5997320760689392
stream,1232,0.6156728703967571,7.474309603140556,0.6055581854871841
stream,1233,0.6179915856637136,7.450804177251845,0.7199568890722363
stream,1234,0.6208576072636548,8.022077654955048,0.7625185918835868
stream,1235,0.6232158543944019,6.993251395867833,0.7233781475564403
stream,1236,0.6231726665277488,7.214469973767202,0.7070740201761896
stream,1237,0.620971032964897,7.790598767334735,0.7070740180086142
stream,1238,0.6176899430390084,7.5958132288949605,0.7430208297508937
stream,1239,0.6129015701847588,7.113104734787163,0.689564675083427
stream,1240,0.6072067903574808,6.799915502427568,0.6139726567684785
stream,1241,0.5988608636383799,6.967737756279198,0.6285469344632753
stream,1242,0.5867413893633897,7.838591596052402,0.6963682486185478
stream,1243,0.5756117168169154,7.936610495300472,0.7505746988020201
stream,1244,0.5655565546196888,7.970978703618968,0.7494465228838848
stream,1245,0.5561121409260648,7.930714294107008,0.7329662868214303
stream,1246,0.5469953553505688,7.9634064404209335,0.7517981682890787
stream,1247,0.5374221091640731,7.575604755732714,0.6923270674813177
stream,1248,0.5293628816126325,7.3021300250746775,0.6547126834912759
stream,1249,0.5241841027376347,7.491371754076604,0.7052043693158201
stream,1250,0.5196531006574434,7.594572669414075,0.7251075950652284
stream,1251,0.5174283067028106,7.5952742683971355,0.7323626159417451
stream,1252,0.5160958469487908,5.974631369672265,0.6333895665365952
stream,1253,0.5144895570115643,6.482302151976842,0.498390577418668
stream,1254,0.5148228692169199,5.938414475736582,0.510844244480483
stream,1255,0.5131061866605676,5.940197370391141,0.5046109407044724
stream,1256,0.511915142773635,5.856690342401242,0.5246425597951032
stream,1257,0.5073414055067939,6.415214592514105,0.5542661766188043
stream,1258,0.5017377820655692,7.802296009894704,0.5216873178853726
stream,1259,0.497014633858082,7.798928019233521,0.5770751891651025
stream,1260,0.49266672209662393,8.217709701022615,0.5735807437924433
stream,1261,0.4867371505689685,9.973359629256686,0.5475726540484389
stream,1262,0.48279544416780473,8.33456970784322,0.4716011278580823
stream,1263,0.48191272809879937,27.64172333176692,1.0035235191934184
stream,1264,0.4864749600675774,29.092545779513642,1.3528717615027057
stream,1265,0.4978949687080608,29.603301011019592,1.473132997156109
stream,1266,0.5074215706915941,30.885592690565986,1.4469084719344794
stream,1267,0.51308240929416,32.3922600308141,1.439515819742834
stream,1268,0.5163460854665247,33.422567074467246,1.436412012760083
stream,1269,0.5163949105815653,33.838234995906944,1.386112937346138
stream,1270,0.5133317778495051,34.7856317420799,1.3528644777090761
stream,1271,0.5098485935716035,34.9886903713992,1.4151973956765629
stream,1272,0.5069955877923273,34.493207286365525,1.4237970138767497
stream,1273,0.500084075740843,34.97299076652151,1.4696899052327157
stream,1274,0.493083605195402,34.94036744249458,1.4477982285601747
stream,1275,0.4847713024117495,35.16639078027815,1.4550403838997232
stream,1276,0.4775192356353093,35.13368764409216,1.4648140830218406
stream,1277,0.4710372947800492,34.051775722713046,1.4516706772246328
stream,1278,0.4674594500486255,32.93793627138708,1.4682518346260796
stream,1279,0.46500888602206075,33.06368835023194,1.412021971788862
stream,1280,0.4624909433513583,32.323602458109406,1.3971779869611969
stream,1281,0.4587408230792918,30.36046149432738,1.3966056406153324
stream,1282,0.4544804664169298,30.31192618106845,1.3512318925121756
stream,1283,0.44627143584187245,11.66161749814153,0.7955742032308997
stream,1284,0.43843830741467144,10.176859768129267,0.4713021872941376
stream,1285,0.43034907018248775,9.64026934335169,0.3517215251569991
stream,1286,0.4181930257462336,8.186300078138153,0.3512555974178824
stream,1287,0.40385731813012643,6.5871833620595295,0.3552637401636738
stream,1288,0.3911099551654933,5.50105421818017,0.3600460224745794
stream,1289,0.37713503404126275,4.686473881347422,0.3656574436539246
stream,1290,0.36549797000145584,3.9583913003073485,0.38000430852747297
stream,1291,0.3537029640876019,4.844686758335539,0.4307895068100476
stream,1292,0.34362162981424654,6.291040400654357,0.41261248423656305
stream,1293,0.3351838035577848,5.261584978993379,0.46043540644046077
stream,1294,0.3278303406487742,5.90373837754901,0.41945314108139375
stream,1295,0.32111638977400314,6.177014227591738,0.4076304737097467
stream,1296,0.31428969276867164,6.102272599629633,0.3978567745876296
stream,1297,0.3076545818441884,6.008184085716489,0.38642301778628113
stream,1298,0.30082893415529816,5.797302212720242,0.3722063957931668
stream,1299,0.294246784523037,6.628320524188924,0.39336615318512974
stream,1300,0.2863322771496058,8.990115827166754,0.6250415399922074
stream,1301,0.27811499556582037,9.01801456379088,0.6878971507506061
stream,1302,0.270625151876089,9.667354113572056,0.7155598523400053
stream,1303,0.2627293920454138,9.161926357484656,0.7392952091702675
stream,1304,0.25359412311515245,10.115586688477729,0.7253776622051294
stream,1305,0.2434207490040804,10.40684796585806,0.7291711687806992
stream,1306,0.23584075997329626,12.601851623501233,0.8682808964642049
stream,1307,0.22905935535567346,12.555788944542014,0.9529146308917779
stream,1308,0.2209582693026629,13.442815545440876,0.9888504987718555
stream,1309,0.21518894656249976,13.66298206131445,1.0750103164331364
stream,1310,0.21100780499212837,13.498584315819388,1.059628854447863
stream,1311,0.2062582696330655,13.257061054040854,1.0088436030971446
stream,1312,0.20219404594593338,11.840176016201843,1.0195912992211718
stream,1313,0.19596520832269324,17.616363204468847,1.0673810050973263
stream,1314,0.18941742680915677,29.29399003314345,1.1237318892550123
stream,1315,0.1876627505205218,31.032755782278095,1.2559404840119697
stream,1316,0.19237030857828732,35.64761113389804,1.7189022879983973
stream,1317,0.20128694073620235,37.36727152141023,1.7419056776503425
stream,1318,0.20626761399931498,42.88192146586543,1.7628636775699114
stream,1319,0.21016949054892364,42.55232928082745,1.81105889466642
stream,1320,0.21566637156388352,40.65562875692275,1.635268553259424
stream,1321,0.22362914951485602,41.52586112274236,1.5678673211643164
stream,1322,0.2249045366384123,42.516677423512206,1.7312295708338477
stream,1323,0.2234929462530801,42.66053473119235,1.677023090261507
stream,1324,0.21794163301607042,42.35090174454822,1.6662092793065855
stream,1325,0.2104810679861442,42.024307811326835,1.6992560395175482
stream,1326,0.20612869065100445,41.307651545906474,1.612426668843308
stream,1327,0.19758720840545213,42.777911899958,1.7432630779244325
stream,1328,0.1924991743958231,42.52763162341896,1.87928370648674
stream,1329,0.18891084670882202,42.68345270603256,1.7873914025758546
stream,1330,0.180267010367574,45.737043782709584,2.0326502889808316
stream,1331,0.1726618688853682,45.241742391426264,2.1551697588312178
stream,1332,0.1637790930887337,46.13183441296489,2.2414726874533804
stream,1333,0.15628543912233853,40.0078825234397,2.1273364093352827
stream,1334,0.14886760533172516,27.77123711429201,2.0743534663124734
stream,1335,0.1446108512450949,26.86740577416024,2.011154985657447
stream,1336,0.14369469895917517,22.944755082584347,1.5313864233209946
stream,1337,0.14267257280126092,21.23591852526479,1.5537567656433655
stream,1338,0.14178724509320834,15.69404501511779,1.5290364298529198
stream,1339,0.14038922477979685,15.39945569291995,1.4862508751287589
stream,1340,0.13989833695081638,14.890810374493595,1.4411796406835988
stream,1341,0.1377483515072118,14.540353042243842,1.473960321174398
stream,1342,0.13514201181573068,13.279593731209872,1.2785694979022606
stream,1343,0.13382093958321273,13.201072379471896,1.2586203884670737
stream,1344,0.1332461075964834,13.622546162321246,1.3525508392728696
stream,1345,0.13240284876578087,13.622155026564746,1.3654502304724259
stream,1346,0.13139886237702736,12.26346877710078,1.3176439671038755
stream,1347,0.1297202764444528,10.812995094888032,1.098380317229904
stream,1348,0.12739070245084566,10.16876387636515,0.9212654816202234
stream,1349,0.12320065017210757,9.721442845356087,0.9251342481332435
stream,1350,0.11901551515538376,7.063926211311634,0.7095705925001884
stream,1351,0.11330936503388098,6.767005115737432,0.5375242462526805
stream,1352,0.1049948482012213,9.58130789813521,0.5137285190908657
stream,1353,0.09640569493617732,9.93145032567735,0.7308660483747725
stream,1354,0.08708939438039454,9.952957041189602,0.727498107159615
stream,1355,0.07710550023644026,9.708891504164942,0.6819316069052553
stream,1356,0.06945739198186365,9.022692722388955,0.7184399024794723
stream,1357,0.06446727596883377,9.253479900751081,0.6679078168992033
stream,1358,0.06141355564475081,9.239426487594615,0.6746436899806201
stream,1359,0.06092096326653872,8.94696228611028,0.6543295817390336
stream,1360,0.06395067525991355,9.035712679527848,0.6429379396204755
stream,1361,0.06928606960894751,8.478706907285957,0.6206500042716826
stream,1362,0.07547802073575217,8.168327654561779,0.6219395798716396
stream,1363,0.08296613472993233,8.977187895995463,0.7247226315453408
stream,1364,0.0917159116495797,7.902660092916887,0.6645377976021317
stream,1365,0.10127850249685118,10.956919775838534,0.698089010331388
stream,1366,0.11167657866452212,11.391057297721023,0.965415673164415
stream,1367,0.12293574978465148,12.194610478218651,0.9681030520872053
stream,1368,0.13367955994555597,12.2223514912023,0.9934122728160848
stream,1369,0.14503656708370177,12.358807274293948,0.9966866431831043
stream,1370,0.15618896913713903,11.902969140952207,0.9895600757415048
stream,1371,0.1680591443671485,12.92840271203254,1.0723940790643713
stream,1372,0.17956798358800194,9.190130088463079,1.0087165840025487
stream,1373,0.19051359048397903,8.877189093371932,0.7654993987396203
stream,1374,0.20085344415765394,9.494212540442797,0.7718757770948628
stream,1375,0.21104831057459902,8.538400575322123,0.8199039268513618
stream,1376,0.22161588749594094,8.589933557850689,0.7788096386679862
stream,1377,0.23125128067137474,9.333254076970753,0.8352724664681214
stream,1378,0.2403393851239402,9.77937043074807,0.8408747281693025
stream,1379,0.2512532387238139,9.997946933920206,0.8973722913256106
stream,1380,0.2622824395045194,9.862665828537402,0.9199812784112956
stream,1381,0.2731883843307864,9.948724322008635,0.9095600750992276
stream,1382,0.284679651373261,9.9112450257853,0.9342803859218709
stream,1383,0.29341870480791976,9.94457562976058,0.8837777356796384
stream,1384,0.29379089572682876,17.551661997535547,0.9237217192981652
stream,1385,0.28715422363172904,16.31951965053733,0.9264254409412332
stream,1386,0.2770200458636113,15.801944377595618,0.7574078627304016
stream,1387,0.2670928181904977,15.800130849494245,0.7899867204887273
stream,1388,0.2563854431251931,15.881474043737018,0.7711657612217908
stream,1389,0.2484042816829298,16.62120254097429,0.785303415313143
stream,1390,0.2406323161662295,16.527491540726533,0.8150866978993131
stream,1391,0.23747521264570415,16.545600814645926,0.7450127241768899
stream,1392,0.24151793066840538,18.318084999895255,0.7461830696093753
stream,1393,0.24890816340701835,18.561156214638558,0.7595228600532004
stream,1394,0.2568649510835775,17.845676913624906,0.7626395012038597
stream,1395,0.2105444751347789,150.31096827501298,5.2316466673528765
stream,1396,0.15353293775781995,227.5076269937416,5.57098643537904
stream,1397,0.1426645353318658,269.3860640688145,5.751256221311857
stream,1398,0.1802600303536226,269.1881675715592,7.607686992045977
stream,1399,0.2218551554166974,281.26559572260805,7.95892842844947
stream,1400,0.2551647992926687,294.7168041946501,7.940905433575832
stream,1401,0.27998427175452917,299.7532052963793,8.019892876725724
stream,1402,0.3043706540116682,300.5874490128608,8.317054500340877
stream,1403,0.3251925600818265,299.4365926177327,8.362035618763764
stream,1404,0.3447753991241323,292.2425170570868,8.327216937409549
stream,1405,0.3615665113342185,290.48201159247674,8.268591614241831
stream,1406,0.3764336777054059,290.85546772712536,8.201755284508167
stream,1407,0.3895311379287632,290.0640155170616,8.169677229692304
stream,1408,0.4010854009615219,290.5446625116997,8.183249978036736
stream,1409,0.4117514174304894,289.7051611019789,8.208542687268869
stream,1410,0.42196120522515834,290.59268892199754,8.190473869883153
stream,1411,0.43013880354202866,289.73414729146947,8.234462730696828
stream,1412,0.4375111457264844,288.48814805955294,8.258964801406112
stream,1413,0.4430569999355259,288.36031457339794,8.315592549418863
stream,1414,0.44865388197781125,291.17758022112264,8.423172724918498
stream,1415,0.4524068030111784,158.82805249687777,3.9741201712447785
stream,1416,0.45563188126224474,81.53605164826517,3.647180920532756
stream,1417,0.4589460781398032,39.30057169858867,3.4218399505231973
stream,1418,0.46212514962603973,39.12314043368117,1.5904377042223188
stream,1419,0.46541847805992664,28.008848086594583,1.2059460119938357
stream,1420,0.4690823391955793,14.54942532578034,1.2266692705063733
stream,1421,0.4732593940275465,9.432023001602847,1.1476102840842501
stream,1422,0.47660011974104854,10.354575978799225,0.8781774216059374
stream,1423,0.47963692194097163,10.400480833148588,0.8034129892258175
stream,1424,0.4830824054835001,10.176662005624003,0.7679448812600748
stream,1425,0.4857455270911631,11.200951728359518,0.7437638073139895
stream,1426,0.48854915530078447,10.765350366269962,0.7506959900390684
stream,1427,0.4910738222009915,10.803244935561457,0.7472931669400917
stream,1428,0.49350829141128955,10.48562028189265,0.7273440586170917
stream,1429,0.4960133334780644,10.452156093554958,0.6911917595580599
stream,1430,0.4971158671709299,9.621578271751137,0.6569801755123073
stream,1431,0.4979302152213424,12.847742648407355,0.7763534766156218
stream,1432,0.49889038423651483,12.801785777625305,0.7799671952484252
stream,1433,0.497886624119527,12.842125851461276,0.708710077551519
stream,1434,0.4967771671891888,12.31860869225644,0.6706242126190822
stream,1435,0.49376891158127156,13.457386603213184,0.6114409759180375
stream,1436,0.48919871628030925,13.462631502948456,0.6910447246701706
stream,1437,0.4845682131440859,12.978811146538682,0.6854974539302051
stream,1438,0.47920223419320485,16.15144744007286,0.7228585893036547
stream,1439,0.47493126266595825,15.03367088285829,0.848890886665629
stream,1440,0.47040885931242266,17.90518417416649,0.888642334424599
stream,1441,0.4650020051305681,17.94416002866383,1.0089751132699543
stream,1442,0.4593320415816099,16.094674008990165,0.9596023371883902
stream,1443,0.45527764635432305,16.4324299630694,0.9465982706807573
stream,1444,0.4528111577955967,16.24616711888464,0.9592097389136245
stream,1445,0.45115060471923857,15.354895918219341,0.9741453596715033
stream,1446,0.45081770078706024,15.377901828186092,0.953763416931531
stream,1447,0.4521615686974048,15.311234612418176,0.9557115411167941
stream,1448,0.45367287625256103,15.093435923196484,0.9614440132019099
stream,1449,0.45573857294650033,15.453305477597684,0.9567552983070217
stream,1450,0.457469775606125,15.409978753704895,0.9699739786815018
stream,1451,0.45995647163223696,12.430028829374615,0.780279071237857
stream,1452,0.46400143489303447,12.224311067394256,0.7358041123063365
stream,1453,0.4679399846895877,12.062774813019082,0.7516037487267159
stream,1454,0.47089784487519704,10.244436880651556,0.6965259302943503
stream,1455,0.47381705973391286,9.021872006168758,0.6918666720425439
stream,1456,0.47697109137509813,9.158769431130905,0.6009373574911354
stream,1457,0.4802513912704089,9.626049330252323,0.6625346263970808
stream,1458,0.4822650503420581,6.389736738511859,0.6057858181672588
stream,1459,0.4836339216108452,6.624855254611805,0.5005501112433722
stream,1460,0.4854640656364446,3.7552081090276768,0.44197770581523205
stream,1461,0.48648287438413396,5.006437709091449,0.3802869694224973
stream,1462,0.4877529652944631,5.317853391470353,0.4447166231303365
stream,1463,0.48938227808986234,5.003261837616891,0.4591331438306991
stream,1464,0.49100090886784914,6.540843280685218,0.5216403749942632
stream,1465,0.49313102282460236,7.628099528162828,0.5085684745427601
stream,1466,0.4948615261208003,7.844420061811247,0.5048757754668818
stream,1467,0.4964190334405916,7.843120607442871,0.5189419298955557
stream,1468,0.49799292268935735,7.865266878178549,0.5189419293257652
stream,1469,0.49870955680835316,7.565999247219281,0.5131378977358209
stream,1470,0.4993512636861667,7.692816667750488,0.5043932969483917
stream,1471,0.49947537575130047,7.46059789059495,0.4989799616191281
stream,1472,0.49943623219995564,8.162652654124864,0.5227683746459407
stream,1473,0.4993638594533056,8.571909849747218,0.6006844838427405
stream,1474,0.498075439279745,12.157427998300417,0.6509305601790382
stream,1475,0.4962139367203641,15.766569258321454,0.6273548313249586
stream,1476,0.4941643121899335,15.624021455040449,0.8073092263807019
stream,1477,0.49110624070534914,16.214502578448993,0.7775002836226048
stream,1478,0.4873091368330367,16.779929826461313,0.7718594311509094
stream,1479,0.48407186926050416,16.509104577656704,0.7453486660666591
stream,1480,0.4821803699695376,16.72580880337109,0.7685959230977257
stream,1481,0.48046841994245204,15.864542465813186,0.7510077315686302
stream,1482,0.47883439598427807,15.572505318380342,0.695839925953807
stream,1483,0.47733283515149927,18.42048406109852,0.7202925133645577
stream,1484,0.4751855774414328,19.56555707295282,0.644148397121552
stream,1485,0.47339211352451643,20.6361006065547,1.0413763235419669
stream,1486,0.471910221245982,20.676791614887673,1.0378818765085558
stream,1487,0.46943693435132594,21.440317956622504,1.07368202078587
stream,1488,0.46658222164604124,21.376166687776,1.1265199976306253
stream,1489,0.4624506931018408,21.345948284323764,1.1268556944862216
stream,1490,0.4591809936968202,21.831864192613796,1.172801846401524
stream,1491,0.4549452780654818,21.645091057652298,1.2028933738757992
stream,1492,0.4487684541012734,22.451592007313476,1.1989330039067052
stream,1493,0.44185816467505523,22.23720272677496,1.1312271705402694
stream,1494,0.43532314731154104,18.420978354405616,1.0575375154155682
stream,1495,0.42936135944906634,14.661111730427058,1.0743442579688571
stream,1496,0.4241145976004677,14.66120566927766,0.8934268125342684
stream,1497,0.418599519155579,13.562350147662489,0.8561701664666326
stream,1498,0.41513008135182156,13.830323112670715,0.9137995713757447
stream,1499,0.41156299075007846,13.834317545596914,0.9421704168245549
stream,1500,0.4093756653149993,14.129117109535121,0.9175932189992194
stream,1501,0.40525554789938156,13.697037807862552,0.8909192219423251
stream,1502,0.40058875406333655,15.475593399565726,0.93296191260581
stream,1503,0.3967877962289383,13.537018044985428,1.0964342363970807
stream,1504,0.3931889024269628,10.987059774750984,1.1068095906447608
stream,1505,0.3846788044922049,8.720896790257159,0.7058193366317264
stream,1506,0.37661169866401156,9.281186269918969,0.704817681555564
stream,1507,0.36868725380368295,8.862170216908686,0.7416450828274725
stream,1508,0.3566515232473724,8.851776096482732,0.6934958364569781
stream,1509,0.3468622283940726,8.855376780239757,0.6965996239090236
stream,1510,0.34207066437563405,8.240929818636694,0.6468599602449584
stream,1511,0.34156020957364175,8.702850789985101,0.6551421853780065
stream,1512,0.337937183073836,6.93044733501486,0.6505029933130551
stream,1513,0.3418720620083607,6.716407635767587,0.6239335778666241
stream,1514,0.3465067238836304,6.463010311869455,0.6306107504979203
stream,1515,0.35254267975477116,6.529131726151752,0.6100104902234229
stream,1516,0.3569620445720671,6.577190208497666,0.6101315554084231
stream,1517,0.35984346131831807,7.891194915119793,0.6865653488611831
stream,1518,0.3591223605922863,7.250590329392637,0.6196740972892117
stream,1519,0.3604512582146708,7.194104444767846,0.5752523124383887
stream,1520,0.3614716933933136,8.077558149661417,0.5927029472629274
stream,1521,0.3656546829967866,8.516931455854147,0.7175043671320683
stream,1522,0.3715133598642549,6.7806592841494275,0.6614175508133548
stream,1523,0.3762206743905803,7.178711729915223,0.5101567586687381
stream,1524,0.37947613310342265,7.111012945700721,0.588830381332657
stream,1525,0.37994128748574696,7.268025335402817,0.5981399634855313
stream,1526,0.3842484756790692,6.412342705488875,0.5961202936725075
stream,1527,0.38248033374965756,6.189926855779192,0.506940993874293
stream,1528,0.3785664866516802,7.2504974249829734,0.5077995333446385
stream,1529,0.39991923315975886,7.594218741092846,0.5131376360324085
stream,1530,0.41650265605590275,7.68259098164758,0.5228782715864686
stream,1531,0.433571710190977,7.2453856683344,0.5000216708508195
stream,1532,0.43820974097104276,7.97765132072941,0.4970003492758778
stream,1533,0.4440275060216247,8.396881416517585,0.498128512000696
stream,1534,0.44868789125478326,9.26168279594973,0.49145134422260833
stream,1535,0.45282797352737597,10.012224783619983,0.6329569476122363
stream,1536,0.4556451286522846,9.973701862406926,0.6399790193072757
stream,1537,0.4593664486047035,8.61155612427989,0.5690135457743036
stream,1538,0.4630208735891372,8.71366406142416,0.579276999363357
stream,1539,0.4672304461858397,8.699548844000653,0.5953279387653699
stream,1540,0.47572409207187516,7.466734338263998,0.5752449072236061
stream,1541,0.4826670926766122,7.039072630572151,0.4368157447283699
stream,1542,0.48911831098574304,7.115455272238706,0.439919524189575
stream,1543,0.4991700870703029,5.726538323003731,0.3843922888627886
stream,1544,0.5079064275629528,6.342727285884293,0.33907344555788715
stream,1545,0.5140601952873216,7.485892474171353,0.4448668331721416
stream,1546,0.5204036141629507,7.7912955667270385,0.5244704629753525
stream,1547,0.5257519301833586,7.669218927864362,0.5340350270841762
stream,1548,0.5290901311222467,7.734529316148632,0.5602761223140366
stream,1549,0.531121998695382,7.388876201400952,0.598143625939836
stream,1550,0.5321080929937467,7.438908342056906,0.6173460394514689
stream,1551,0.5311769428787924,7.448992654228896,0.6161757217852442
stream,1552,0.5281201571235988,8.000976110399403,0.7066702411379945
stream,1553,0.5238550211291606,7.731392907588935,0.76599467227762
stream,1554,0.5167902732201862,7.683852448479343,0.7705751883421732
stream,1555,0.5108638429624565,7.35878371193405,0.7426719629076132
stream,1556,0.504684400667677,7.415238901503152,0.7367780567601071
stream,1557,0.4967876858343039,8.5202784202644,0.7433342023330033
stream,1558,0.48820969151287874,8.597434971372564,0.729994452671008
stream,1559,0.4809850323499257,8.60821246961386,0.7063490987161501
stream,1560,0.4722965651915605,9.203650120299182,0.7214884277738054
stream,1561,0.4621949493390035,9.497689983137523,0.7351161471344029
stream,1562,0.4523285557916944,10.326514657757219,0.7337183585458287
stream,1563,0.4437157337621268,10.37166448440346,0.7830911485459721
stream,1564,0.4358806558301064,9.733455883121717,0.7381301149375527
stream,1565,0.42763064265131995,8.370771455589422,0.6209450847923561
stream,1566,0.4208596649126311,8.067853787574151,0.5291739048258437
stream,1567,0.41607338014237716,8.793072076825165,0.5349908022848616
stream,1568,0.411093475013574,8.005663337688402,0.49988402048036396
stream,1569,0.40733208127103104,8.572663274872259,0.5452027768504017
stream,1570,0.40467932400507445,8.567148521806335,0.5530999988037868
stream,1571,0.4005673882966308,9.335149014195679,0.6296824702813707
stream,1572,0.3979597226487626,9.14759782460405,0.6562245593344945
stream,1573,0.39617428740812205,9.751278196148826,0.6043569388421053
stream,1574,0.3935996605736773,9.206619815149388,0.7020936012754427
stream,1575,0.3909299749511659,9.02866971701961,0.615860504907119
stream,1576,0.38940281243122127,9.972677980477108,0.6152918340870618
stream,1577,0.3872178951538783,9.015086650986307,0.6152918332572423
stream,1578,0.3836656708490087,8.630716846014215,0.61668963025407
stream,1579,0.37999385194474494,8.684695660062514,0.6329056836749657
stream,1580,0.37373684624252407,10.102868505860876,0.7126138801933384
stream,1581,0.3685838265579095,10.744115680842464,0.8609250244857882
stream,1582,0.3636654787368127,9.778465181411317,0.9018338599366819
stream,1583,0.3592226873712508,9.74064912168031,0.8498287019665909
stream,1584,0.3520135301954606,14.726237875164342,1.0600507175598213
stream,1585,0.3442272911769916,14.731770828169395,1.177235877783143
stream,1586,0.3359996694700814,15.263896268681211,1.1914231210249657
stream,1587,0.32819886560366457,14.538883155571101,1.189331906203706
stream,1588,0.32091952105060895,15.183988633443962,1.2352799355768163
stream,1589,0.3157586236315391,15.146272352229971,1.155676227698914
stream,1590,0.3108275507041781,15.003085754834917,1.144845876038714
stream,1591,0.30521540940685316,14.588273244284135,1.0742343054296757
stream,1592,0.29919698312794374,13.47378322331093,0.9512854629195999
stream,1593,0.2927326740243913,12.831375204938563,0.9590596042079508
stream,1594,0.2860069971328581,12.866302083115196,0.8675562109526921
stream,1595,0.28030515937197303,12.760096769660679,0.8411188026541166
stream,1596,0.275175403827785,11.776674073887255,0.8449123074612612
stream,1597,0.2712943163189313,12.220747172652835,0.8439034127788159
stream,1598,0.26794210824479875,13.21334590319992,0.8417847047085216
stream,1599,0.2636584880317868,14.262424626840454,0.9846329335250782
stream,1600,0.2576275331065235,13.063932033536693,0.887492418329037
stream,1601,0.25224062712842144,12.71215855659476,0.8088444870322433
stream,1602,0.24771899625227128,12.711857695355436,0.8203847578504798
stream,1603,0.2437846671206755,13.080195589298668,0.8322789636717182
stream,1604,0.24120737736178036,8.417722597215072,0.6650405884189556
stream,1605,0.2385915941709373,8.427552387161924,0.5908463568887775
stream,1606,0.2364263812492612,7.900313281546622,0.577003974033496
stream,1607,0.23550665156075556,9.314271378266586,0.6243589329889773
stream,1608,0.2351615187481856,8.54037762404597,0.6902797188485822
stream,1609,0.23533547856979925,8.194470530937885,0.7343420035247553
stream,1610,0.23654691257729432,9.524467187214954,0.7189312400711203
stream,1611,0.23756425548525606,10.309239297860444,0.9175946693625578
stream,1612,0.2383930080183639,10.401911275325594,0.9287716927266025
stream,1613,0.23901988365937818,10.802463652440862,0.9265997940496785
stream,1614,0.23952708662695885,10.525967191491617,0.9203665104176709
stream,1615,0.2405430000696984,10.707665107066111,0.9266126476629433
stream,1616,0.24060790075774668,10.827279458017667,0.9614753540607394
stream,1617,0.2416525252115452,12.844882343716732,1.073318665563137
stream,1618,0.24123322076570705,13.624096342856157,1.3814865230334283
stream,1619,0.23995599502273182,13.12518145447294,1.2473554045231776
stream,1620,0.23874124421347756,12.153019988293993,1.2671834475808965
stream,1621,0.23789046373789266,12.085187256275349,1.1964306499200559
stream,1622,0.23710964389996977,12.183860844331655,1.2236219041260126
stream,1623,0.23721843159525596,12.954568367056993,1.2834692247931807
stream,1624,0.23669554547118415,13.8004486143813,1.4349445452776044
stream,1625,0.23659917152830465,13.808429068618707,1.4484164422170387
stream,1626,0.23748972718951614,14.941763608960178,1.470447604112669
stream,1627,0.23870223737506477,13.699624837417552,1.436564428749991
stream,1628,0.24006147614403542,13.495238434041921,1.3309875821724069
stream,1629,0.24134554901608618,13.353498456032893,1.2780046541247219
stream,1630,0.24291164171703014,12.119633408730092,1.28427834422238
stream,1631,0.2437615563283377,13.471868613211946,1.2167708165922848
stream,1632,0.24559732406104237,16.116068334481,1.5330780870220555
stream,1633,0.2476640113925039,15.585040474623831,1.6215529119311518
stream,1634,0.24963929787700567,15.67436153899321,1.617469525241688
stream,1635,0.251267474405766,15.826851274872913,1.6105740052090771
stream,1636,0.2527610998362931,15.680597240614295,1.584455936308534
stream,1637,0.2542884745137567,13.018071794949156,1.461597054825717
stream,1638,0.2558560766491195,11.23224007906122,1.1608860092530717
stream,1639,0.25701427009019334,11.207474530118398,1.1750254597253749
stream,1640,0.2582167323229718,11.218172637249964,1.1831261581807142
stream,1641,0.25977283425750197,11.073805589251586,1.20096200794527
stream,1642,0.26173470276023675,11.602570728085267,1.119239596352548
stream,1643,0.26355876319616545,10.489510732478175,1.059392323111182
stream,1644,0.26491633370652745,11.132743923253427,0.9717777711832963
stream,1645,0.26630835595259095,11.127630471268906,0.9464813956472921
stream,1646,0.2676129276311124,10.422622111560823,0.9382925924466191
stream,1647,0.26913200872008436,10.382710358681333,0.9491229065256307
stream,1648,0.2710127750513044,11.473920537049286,0.948275452391009
stream,1649,0.2732774699629995,11.470403194172144,1.0265179595942848
stream,1650,0.27552175795732153,12.048111766961464,1.0193857483806312
stream,1651,0.27796770896350065,9.549906714575695,0.9318978505022171
stream,1652,0.2802511632329893,7.850892088664336,0.6796477667025413
stream,1653,0.28276206468972387,8.11615449384678,0.6659724697984981
stream,1654,0.28500926278238065,9.702014316333628,0.791401205517316
stream,1655,0.28737364826282286,9.233339060914098,0.8902753552165547
stream,1656,0.29050912040371213,13.64965913949871,0.9941297794430345
stream,1657,0.2933272628573778,14.064939787599945,1.2841700341628783
stream,1658,0.29617031500082047,14.600640481674015,1.3360376998422798
stream,1659,0.29877631961302237,14.525417806835403,1.3885932318556622
stream,1660,0.30137426542401086,15.43780720438763,1.4300194628655882
stream,1661,0.3035620316711207,15.649109529409284,1.5192261460104386
stream,1662,0.3059202527711633,15.548845346933685,1.5983254856361597
stream,1663,0.3086263251217542,16.666619539629295,1.5842813288698807
stream,1664,0.31137816952961767,14.820618196736373,1.5302437536230633
stream,1665,0.3138581976656179,15.494725437706071,1.553608369109934
stream,1666,0.3165724769229704,15.358382033222599,1.539564240136169
stream,1667,0.31963724095352564,15.567326077308751,1.533097955852326
stream,1668,0.32235170510567374,15.078574962921047,1.6171316271583653
stream,1669,0.32497870598275713,16.33784802162026,1.5520013793723455
stream,1670,0.3278287351120627,16.634941515877053,1.6837662666194007
stream,1671,0.33073838684219775,16.602624986688944,1.6515265721717374
stream,1672,0.3332644279356226,16.425400490000264,1.65659134309827
stream,1673,0.3355208369540011,16.188667484323563,1.5725299973382376
stream,1674,0.33803191503018293,14.524170532974642,1.4473874271068328
stream,1675,0.3404232268375412,14.957930002619422,1.353926619700839
stream,1676,0.34251054342594217,13.751919107704763,1.5086543524628062
stream,1677,0.3446848226824017,13.559908980643282,1.3740060834801961
stream,1678,0.3468626197704011,13.323347283199382,1.3600059175069776
stream,1679,0.3484607830930687,13.781807302932409,1.3244645403373543
stream,1680,0.35020229640575795,13.795118888480767,1.257402546566086
stream,1681,0.3516871801931956,14.183108867227103,1.1371413087451288
stream,1682,0.3531755172315706,14.728013689444023,1.0584180252963376
stream,1683,0.3552645413947387,13.665692104000623,1.1397643291106037
stream,1684,0.35758623997751865,15.566668511369894,1.1572828138970233
stream,1685,0.3599876002162696,15.251878692525482,1.1079101015224408
stream,1686,0.3626877754659896,15.180925626356665,1.1356957204171463
stream,1687,0.3653552961947763,14.93855865340948,1.1070552604776802
stream,1688,0.36828630820123454,14.596213529429459,1.0151630198461186
stream,1689,0.37096238334421966,14.165990057203517,1.0959443904084085
stream,1690,0.3732695030655334,13.187152835895583,0.9762553891284499
stream,1691,0.3757875607126284,13.885112039191066,0.9939665169864444
stream,1692,0.378601702979392,13.024092840112878,0.9556532581048205
stream,1693,0.3812634246532464,13.146917030507222,0.9600998293012012
stream,1694,0.3840349356514803,14.692058545101858,0.9764039705573468
stream,1695,0.38674864229455097,14.240672406720247,1.0419652128175474
stream,1696,0.38945460711678026,11.037012907237619,0.7721344948026153
stream,1697,0.3918699504334039,12.110301277095086,0.659357385091977
stream,1698,0.3941124314832656,11.80930335029689,0.6438383919761983
stream,1699,0.39605972192810324,13.478449673370573,0.6873246678177517
stream,1700,0.39751848589334593,13.02590310217715,0.735330853135533
stream,1701,0.3989654532981389,13.59618826638969,0.9088997133431234
stream,1702,0.3990675118374732,13.977235365267124,1.108355741285562
stream,1703,0.3967635229997657,16.946047653606463,1.0609568717499203
stream,1704,0.3937483344466643,15.038687218164956,1.1033021372136975
stream,1705,0.3909000161170986,15.047237612328981,1.1021244389704088
stream,1706,0.3898126291197852,14.826053584437107,1.095355485180237
stream,1707,0.38937246153608496,16.132441450073546,1.1358204177497422
stream,1708,0.39049165257007495,15.881845666074838,1.1638701906867737
stream,1709,0.3913855520381547,15.132070201811164,1.0672891761064602
stream,1710,0.3911675688078341,15.461268288370347,1.0841289008341406
stream,1711,0.3920308346653719,14.809450878279971,1.0335967708407352
stream,1712,0.3925738899114243,14.818140282160655,0.9864839190355965
stream,1713,0.3924900559110769,17.3555045835362,1.0511464122335392
stream,1714,0.39213301503632975,16.837754675968434,1.2874992769851492
stream,1715,0.39125935808117196,16.78551478042633,1.2601577494231593
stream,1716,0.3907316884919017,17.56205619153435,1.334885662643403
stream,1717,0.39101212452671325,18.9352649357669,1.3159161133133639
stream,1718,0.39061208741508285,19.383435249391017,1.4618644984141076
stream,1719,0.39003845972903367,16.74088550410009,1.383308090152507
stream,1720,0.38870347938107813,16.30061831537855,1.3328163169004956
stream,1721,0.3885827393862318,15.972648245562652,1.217817858850196
stream,1722,0.3906445187117917,15.245179114900898,1.0183618268397043
stream,1723,0.3919459744971608,14.084235026606517,1.168573307811468
stream,1724,0.3952894606072754,14.09013089691671,1.1359007546483033
stream,1725,0.3982938776234722,14.124520611983348,1.150836389129762
stream,1726,0.40129961162219235,14.85785103620948,1.1483599549785524
stream,1727,0.40532077905016045,13.540535053039862,1.1093497336467302
stream,1728,0.407797612190924,16.89874840303939,1.230144829923559
stream,1729,0.40964011116115956,17.168646469779397,1.4922417260571148
stream,1730,0.41028703395662414,16.99719870430741,1.4781022661537369
stream,1731,0.4104114396033952,16.88879344036017,1.4826882583657848
stream,1732,0.4099029612059661,17.093784353299476,1.4878154043409757
stream,1733,0.409387885311488,15.053657118971572,1.4187063249573715
stream,1734,0.4083407772714116,14.216296147241609,1.207679170792561
stream,1735,0.4070711059982399,14.3731157150098,1.1640461071927268
stream,1736,0.4051787473041488,13.688796397041493,1.0885972758061784
stream,1737,0.40340585235730575,11.738914871099476,1.1366254847700294
stream,1738,0.40097158204073585,11.316791272361783,0.9821196359503873
stream,1739,0.3981750018793187,11.338183654544181,0.9618018940232389
stream,1740,0.3952785222386652,11.436304864415252,0.9638435880591707
stream,1741,0.39266261856571566,10.34083878350413,0.9217533991762075
stream,1742,0.39023545538772053,9.699654161426295,0.9214892456386631
stream,1743,0.3874283654854026,8.700493812872645,0.7816622879182321
stream,1744,0.3847082685994076,8.71015619928959,0.7188562484098681
stream,1745,0.3824506767431339,8.277792606531106,0.7034197863279296
stream,1746,0.3805644351321173,7.906242309145647,0.6884841407271106
stream,1747,0.3792188746899571,7.928931793861027,0.7431857742312209
stream,1748,0.3782115251772629,5.11455871356029,0.6086492143390104
stream,1749,0.37715965582400673,4.905637898527174,0.38339258901423784
stream,1750,0.3766765448516138,5.6045897514983025,0.3610385629877842
stream,1751,0.37678258299231066,5.6896989435411545,0.4194384132486102
stream,1752,0.3772657497057475,5.477552935303227,0.41431125956497034
stream,1753,0.3768421022965777,6.564216069928767,0.4859627530107483
stream,1754,0.3760824555616884,6.432713410659248,0.4711334932500116
stream,1755,0.3746054875133655,6.527686615015166,0.4717828745919024
stream,1756,0.3733492686088828,7.163365190319331,0.540009638173145
stream,1757,0.3718884092150884,6.749297467279905,0.480360523195212
stream,1758,0.3696658052557454,7.921024253702402,0.5606466116741735
stream,1759,0.3673099249925408,8.718582349355572,0.708528508394777
stream,1760,0.364061031398328,9.13466969124749,0.7075214023715806
stream,1761,0.3609754019507773,11.127186957248398,0.8794595706512958
stream,1762,0.35821905667870246,11.255170379921353,0.9169804108738127
stream,1763,0.35596815439041113,10.605534174239775,0.8722724005320199
stream,1764,0.3552380236079643,10.584564089781114,0.8598443774824195
stream,1765,0.3543276028407319,12.05270329591805,0.9259524359084594
stream,1766,0.35317818865878753,11.808967087072332,0.9517073433259252
stream,1767,0.353355587004379,11.715209546442393,0.9096171535978703
stream,1768,0.3533393595581731,11.303026632363661,0.899177598090501
stream,1769,0.3541906648164695,11.36805630543904,0.9045357905677397
stream,1770,0.3544618290274135,10.938057593985969,0.9359040499818576
stream,1771,0.35557879280737825,11.079412145606758,0.9497281089696844
stream,1772,0.35629311048028556,11.129873288271497,0.9637888011979937
stream,1773,0.3572844379633501,9.400621283865812,0.8957968978850493
stream,1774,0.3576680289599188,9.300651297055222,0.8678681551215824
stream,1775,0.35791143887339943,9.020093602581337,0.8663767917367328
stream,1776,0.35817760117004777,8.287474908840977,0.7968292611338923
stream,1777,0.35686913822266836,8.724926725275452,0.8020940995391139
stream,1778,0.35595123567384324,7.924884831742573,0.8077678871282298
stream,1779,0.35483246752727277,7.128586798697358,0.6639693917957744
stream,1780,0.3525823648530144,10.247620371502336,0.805192435407288
stream,1781,0.35063285558907653,8.145339764589112,0.776102498919184
stream,1782,0.3487540613687054,8.214597722299112,0.7528899451307413
stream,1783,0.3465891255270786,7.984770880849664,0.7558451706160271
stream,1784,0.3444572396096711,7.984891713508242,0.7497329332824918
stream,1785,0.34228023537882973,7.977489999030437,0.7388273987273763
stream,1786,0.33979716225643125,8.49053201291608,0.7186967679227177
stream,1787,0.33676476313919745,8.543778354214119,0.7397373585777188
stream,1788,0.3333917478563027,8.4216125151456,0.740342682607417
stream,1789,0.33078363355055207,9.906868057543027,0.728518202465949
stream,1790,0.32839326557490944,11.092538565575385,0.6959190429545553
stream,1791,0.3264349055194007,11.34757536856017,0.7716576573840483
stream,1792,0.325195675970728,12.15699066721499,0.7650537648919941
stream,1793,0.3239711240549655,12.967523593380042,0.7579601482842726
stream,1794,0.3231199979589648,13.548112299280106,0.7577271819632537
stream,1795,0.3228044768415242,13.54250736205922,0.768885861370641
stream,1796,0.32275501939345996,13.785285560698554,0.7784504233565521
stream,1797,0.3221870601694867,13.065572117959352,0.7731856281019012
stream,1798,0.3214163398752765,12.93303381433255,0.6666988168458599
stream,1799,0.3196095698164948,15.896495170865267,0.695863912610937
