segment,end_index,PW_WTC,E_CCDC,CD2_P
stream,0,,,
stream,1,,,
stream,2,,,
stream,3,,,
stream,4,,,
stream,5,,,
stream,6,,,
stream,7,,,
stream,8,,,
stream,9,,,
stream,10,,,
stream,11,,,
stream,12,,,
stream,13,,,
stream,14,,,
stream,15,,,
stream,16,,,
stream,17,,,
stream,18,,,
stream,19,,,
stream,20,,20.718957927377204,
stream,21,,21.238240700269035,1.0181826355787624
stream,22,,20.50868937107062,0.9993853359915089
stream,23,,20.36581359707129,1.050451337933824
stream,24,,20.667870576846468,1.0445685111095409
stream,25,,20.909833365486396,1.0318020070049116
stream,26,,20.040226327239537,1.0019867423681421
stream,27,,21.70646081213831,1.02935450066088
stream,28,,24.299602573168027,1.0007780640471184
stream,29,,23.94610720038197,1.0092989029893864
stream,30,,23.92270583254696,0.9818738725303829
stream,31,,25.61000164429477,1.0402786795702048
stream,32,,25.951658099213443,1.031131925965723
stream,33,,25.046144057457695,1.047988536228035
stream,34,,24.120539767431573,0.9134944599510513
stream,35,,23.35095482510588,0.7861251877474298
stream,36,,23.504483523647327,0.7913722350717713
stream,37,,22.785018782216895,0.7923637896002823
stream,38,,20.719171987941547,0.7948779361090615
stream,39,,20.372348949631004,0.7927730917457374
stream,40,,15.105781361335795,0.7719158149086693
stream,41,,17.962973465209842,0.5029979110764704
stream,42,,17.09529451234746,0.45901094619203303
stream,43,,17.741224458203934,0.39209514214314095
stream,44,,18.79553035115936,0.39248532445661355
stream,45,,20.239863332112158,0.3972985503561485
stream,46,,19.676902008080475,0.4411136261065792
stream,47,,16.380898180077796,0.4163969788301541
stream,48,,15.320810459601327,0.47411467164403787
stream,49,,14.91128888746417,0.4741146391200944
stream,50,,15.195131315492814,0.46395342384699
stream,51,,13.502510637744919,0.4080665616508241
stream,52,,12.179562450115357,0.40623567265590865
stream,53,,16.620312945088017,0.5571542993873304
stream,54,,18.052668408018548,0.5912861062583608
stream,55,,18.097022751342113,0.6077640415484316
stream,56,,18.29287980282397,0.6041137433164424
stream,57,,18.889647030240162,0.6833360327669492
stream,58,,20.52182615287093,0.8515260691240303
stream,59,,19.53796574563736,0.9267897329467432
stream,60,,19.54531748889044,0.9076399554459633
stream,61,,16.172753625919295,0.8246740545429712
stream,62,,15.958728182114738,0.7486742729719562
stream,63,,15.239094391601325,0.7431816444757232
stream,64,,15.038156386520324,0.7534760683267147
stream,65,,13.248735589977986,0.7732195805686778
stream,66,,13.37941007994581,0.7269133024596139
stream,67,,20.170159044375392,0.8784284075975798
stream,68,,18.955773547877875,1.001486551686951
stream,69,,18.930018371063667,0.9929658049011576
stream,70,,19.527161712465887,1.0341319921024485
stream,71,,20.29525498207445,1.030466407608856
stream,72,,20.484665757713174,1.10165303535122
stream,73,,16.075925744514972,0.9640662820256789
stream,74,,15.52810630526733,0.9712828891059521
stream,75,,15.4833604836652,0.9846147439619788
stream,76,,14.89218730441365,0.975498538025147
stream,77,,14.321327649231227,0.8986817994585455
stream,78,,13.183285587832538,0.7255584395456447
stream,79,,13.72245472520292,0.6478510578351289
stream,80,,13.731261735849891,0.6844304675648231
stream,81,,14.66403171699952,0.7440609513757838
stream,82,,14.679503320726637,0.8107393363692013
stream,83,,16.370859056568406,0.8503638452613765
stream,84,,18.37930523190566,0.8421305895416725
stream,85,,18.838993227455862,0.8577271289454265
stream,86,,18.743455949328617,0.8592306063778332
stream,87,,11.954813724128757,0.7098432269550174
stream,88,,12.339269474191255,0.551854354404849
stream,89,,13.861950686132534,0.5336295311644995
stream,90,,15.96962578350202,0.49736604041105703
stream,91,,19.489799137667863,0.9966059769667966
stream,92,,19.525386326288356,1.027795906114747
stream,93,,19.554918704625287,0.99738094825459
stream,94,,18.717872980223348,0.9501573306294759
stream,95,,19.40038893907623,0.9306075842240714
stream,96,,23.982783872503866,1.0133732229674617
stream,97,,24.187717826516298,1.1059540752192394
stream,98,,23.9896237279724,1.092570935476441
stream,99,,25.33520366690891,1.1071568870643422
stream,100,,26.77486791989911,1.0714948254098375
stream,101,,25.661097838797794,1.0804364237822803
stream,102,,26.33659314349206,1.0520919283323422
stream,103,,24.889623719414793,1.0166639730350844
stream,104,,23.16200386200485,1.0231023527312064
stream,105,,24.35897445556205,1.221717822762485
stream,106,,25.774693332059996,1.2201990879958422
stream,107,,25.800893129891126,1.2628741187103407
stream,108,,27.33119251298905,1.2979117903673818
stream,109,,25.789642895041425,1.409883633133625
stream,110,,22.803693211594243,1.407139242680156
stream,111,,22.089017194200892,1.0421903802510797
stream,112,,24.398586271527172,0.9427579635526218
stream,113,,24.62100334614208,0.9730965684840112
stream,114,,24.914724369152935,0.9746818803136222
stream,115,,24.676804959779695,0.9644332901092488
stream,116,,20.103023817245443,0.8986934719099585
stream,117,,20.044021682406694,0.8048508889612029
stream,118,,19.749261539749412,0.8023444148165655
stream,119,,18.221287192646077,0.8349820876569128
stream,120,,17.25611271750023,0.8344358327912192
stream,121,,17.253459484502006,0.7963529629202019
stream,122,,16.97163209708436,0.789657567474315
stream,123,,16.93976369464898,0.7848481733907807
stream,124,,17.927690556525473,0.8124614216734384
stream,125,,17.564943799056728,0.8477920977600866
stream,126,,15.99851081769339,0.8979942258054283
stream,127,,16.383138886417782,0.8654100236539104
stream,128,,15.054722489058664,0.810560102869669
stream,129,,15.769969576823065,0.696055055998956
stream,130,,15.812695200154753,0.7215804354004762
stream,131,,12.13432207914984,0.5933948285472886
stream,132,,10.197972090004319,0.6056953127360468
stream,133,,12.089011882793724,0.5948016793719785
stream,134,,20.598516639356507,0.6709237403687052
stream,135,,20.713061667846826,1.2462759880590437
stream,136,,20.84777441542756,1.2768033849498777
stream,137,,20.939177591792564,1.273828697656091
stream,138,,21.361977274589947,1.2753703421808424
stream,139,,21.05317300029466,1.2472964986549318
stream,140,,20.48204041698721,1.2472964934113657
stream,141,,20.551570554888947,1.2317015336914319
stream,142,,20.13734786186522,1.2058012290920197
stream,143,,20.63263843720182,1.2696910291052432
stream,144,,18.795008091775617,1.3316173697346856
stream,145,,18.354251183106303,1.161591698060494
stream,146,,18.41575582813102,1.1296983760981194
stream,147,,18.372288035250776,1.1196075610354168
stream,148,,19.80270351230238,1.2758937878754106
stream,149,,21.26166987886604,1.6475746680239376
stream,150,,21.26044893124434,1.7104849588399023
stream,151,,21.2983971165245,1.715240920352206
stream,152,,20.82707903788484,1.6999771986540995
stream,153,,19.198381491176246,1.7140703579190941
stream,154,,10.384723512684243,1.648895398136165
stream,155,,10.692197478933624,1.145951633546921
stream,156,,10.624480021433024,1.115481554023315
stream,157,,11.824879792961665,1.1821408432803868
stream,158,,12.585527284559102,1.409569536642514
stream,159,,16.09306931282721,1.731975844456258
stream,160,,16.092471777246562,1.9961836378672897
stream,161,,16.039901704580032,1.9819688076353326
stream,162,,16.282661128883444,1.9804861028501
stream,163,,16.46067523910993,1.9274577333340304
stream,164,,17.02428172988822,1.8288019384850986
stream,165,,16.37566350761674,1.8127223158822976
stream,166,,16.535868501507675,1.8486485257718048
stream,167,,16.21815836212143,1.8437916385058943
stream,168,,13.841621493083037,1.6918503736226573
stream,169,,12.65608113776037,1.343658763598577
stream,170,,13.058936165228102,1.4256416960038292
stream,171,,13.643708391871852,1.4787807810060132
stream,172,,13.511656872456019,1.5043328727082637
stream,173,,13.03062207336963,1.479952960935067
stream,174,,12.986274346484153,1.4708291008605425
stream,175,,12.831676042675303,1.4069201655868573
stream,176,,13.381323465139443,1.4940520350842623
stream,177,,12.94328111448373,1.5472076159305777
stream,178,,11.523351328333042,1.385598908631031
stream,179,,9.933342504278958,1.1779432562523338
stream,180,,9.927455922867495,0.9727935221372168
stream,181,,13.408394307130747,1.1263582008273023
stream,182,,14.119286759642879,1.142177446076577
stream,183,,14.517808345270055,1.3065441885646238
stream,184,,13.37506076813357,1.3433577468632119
stream,185,,13.205906655250669,1.256515069808862
stream,186,,13.046685479030218,1.2011438585779446
stream,187,,15.403023508240896,1.2487713407386742
stream,188,,15.9943631574665,1.478167993066808
stream,189,,15.776464947545842,1.4553619530427842
stream,190,,15.37573314431463,1.292946282538276
stream,191,,15.149970027995803,1.2535674050695007
stream,192,,16.203687802725568,1.3193110440327542
stream,193,,16.185202973600692,1.334778310703131
stream,194,,16.311475989232143,1.3313621187650133
stream,195,,15.646000351120186,1.3233973790489222
stream,196,,15.044826422146958,1.2218601978808985
stream,197,,14.45326323322897,1.1336647241877302
stream,198,,14.460852676450122,1.0688363044444111
stream,199,,12.57536447959825,0.9495752913582793
stream,200,,15.088966161290065,1.017729906008867
stream,201,,14.071483604163964,1.2156292140859524
stream,202,,13.557088693253482,1.2240736274881343
stream,203,,12.492664358579269,1.0488416366221003
stream,204,,12.926066642628893,1.0120318977857057
stream,205,,12.965474136035803,1.012699871984472
stream,206,,16.381776893022185,1.0858434206539556
stream,207,,14.248520159816303,1.1021838228892389
stream,208,,14.843417295994934,0.9621473262991203
stream,209,,14.190758413229654,0.9822870556567798
stream,210,,14.170864603438517,0.9713094042594237
stream,211,,13.8687950960026,0.9472891477417564
stream,212,,12.847089660867908,0.8712571377984356
stream,213,,16.155372879031557,1.0006298128089346
stream,214,,16.033024698506843,1.104618344421718
stream,215,,16.13470075200828,1.108249533875393
stream,216,,16.242475829035623,1.1061883602606917
stream,217,,15.982205739110377,1.07273043757511
stream,218,,16.38380910605106,1.0701972334706404
stream,219,,16.34639905573476,1.095564867958794
stream,220,,14.364633246816808,1.001204917063697
stream,221,,14.172686076421078,0.6794743295951369
stream,222,,13.887744698592872,0.7005733888149639
stream,223,,13.542296213832142,0.7032512252821764
stream,224,,13.778195413751021,0.7160139091445262
stream,225,,15.519583118662421,0.8969959115845336
stream,226,,14.507817280357614,0.825690887457248
stream,227,,15.805451867785628,0.7665798773461088
stream,228,,15.307981392421693,0.6728442038583864
stream,229,,17.842472299664056,0.8645518636251118
stream,230,,17.87565537902401,0.9906879030360497
stream,231,,18.26142326496564,0.9961919752751619
stream,232,,18.366959299175857,0.9827514914034154
stream,233,,14.926218158361282,0.8348282405621984
stream,234,,15.027558531419775,0.7381708319967497
stream,235,,17.122734429301772,0.8431694421218507
stream,236,,17.341312864464793,1.003652178072547
stream,237,,17.12761391049235,1.0371100639211108
stream,238,,19.077520127702755,1.1400476279096456
stream,239,,19.243806168076354,1.2097329393621996
stream,240,,19.029475742239836,1.2066900117004573
stream,241,,16.99930522163318,1.203722952062812
stream,242,,17.17986682673551,1.152890522083308
stream,243,,18.30443752002629,1.1577321243455896
stream,244,,17.620780966832502,1.1887866438984223
stream,245,,17.646629982442708,1.0613563349311395
stream,246,,15.514400833415497,1.19381263297047
stream,247,,14.199793486757521,1.1892564453351875
stream,248,,15.053400280726459,1.306127223917701
stream,249,,12.411515397759317,1.1327015838256838
stream,250,,14.540849526705845,1.1089420403267212
stream,251,,14.122024835910226,1.2244862284545892
stream,252,,15.769472857798583,1.2543014589830086
stream,253,,16.552755598592693,1.4385665035488748
stream,254,,17.336083487951825,1.5526622968158974
stream,255,,15.783448450462592,1.5902737384582
stream,256,,15.433052182905774,1.4485582387458815
stream,257,,15.424957778537987,1.4150261369943153
stream,258,,13.413945873923591,1.321817633254932
stream,259,,13.513813333216696,1.2803889680133558
stream,260,,13.383077137812018,1.2517933908107823
stream,261,,13.787692098527467,1.230531149002741
stream,262,,13.666623052684315,1.2374453894428126
stream,263,,12.841748035380922,1.2633839072668214
stream,264,,12.855023501176252,1.2344364165136625
stream,265,,10.998046127074694,1.1790691160399822
stream,266,,10.695408885078548,1.045379498355778
stream,267,,13.73729213321105,1.2133343427206795
stream,268,,14.263389474048386,1.09532354815876
stream,269,,15.073908239244513,1.0641986054690051
stream,270,,12.985151800621159,1.023877222586686
stream,271,,12.91040041166098,0.9049015992931895
stream,272,,13.065869825348956,0.9268149250443751
stream,273,,12.856963582234373,0.9503441183084845
stream,274,,12.26462227443178,0.9065099346882075
stream,275,,11.98488690427251,0.8187804385254519
stream,276,,12.181450655398521,0.8267680928550191
stream,277,,12.877394003038486,0.8274475101449439
stream,278,,12.673339007057988,0.8192600884627157
stream,279,,12.337287762620786,0.7583199105414102
stream,280,,13.974634464972585,0.8203941617332116
stream,281,,14.029666001444898,1.0046249030924255
stream,282,,14.987783184057024,1.131239936461467
stream,283,,14.662614315624925,1.1313201111716915
stream,284,,15.744413447609388,1.1566877043574988
stream,285,,17.583934274778333,1.370350605939057
stream,286,,19.363065062618727,1.6085139556338932
stream,287,,16.535556747355827,1.4494488481282082
stream,288,,15.186889009067999,1.5141894083192664
stream,289,,14.504813867197445,1.5077510100522964
stream,290,,15.734772516414653,1.531851521999476
stream,291,,15.754445576058892,1.551067871189643
stream,292,,14.166736266934539,1.5066077215515157
stream,293,,14.361987645389014,1.2988478747098102
stream,294,,14.114702955336009,1.2513672702857
stream,295,,13.777863753180432,1.1923092587245852
stream,296,,14.674047420696859,1.1868319000195122
stream,297,,14.01928780113347,1.2458899097596123
stream,298,,13.765785659860443,1.2492869941757596
stream,299,,14.919816024365874,1.2662860983903221
stream,300,,13.086383079136212,1.249945606467003
stream,301,,14.971574799400408,1.1638206974185092
stream,302,,14.672353497707165,1.2514968564598457
stream,303,,14.991541668417456,1.227116946052614
stream,304,,16.254912289080693,1.2203337417591973
stream,305,,14.575997890302983,1.1346414253756227
stream,306,,13.938735766268728,0.9736920792093007
stream,307,,13.499767430037505,0.9920199554569697
stream,308,,12.774040514706146,0.926314564325723
stream,309,,15.053004551987335,1.0065283613054126
stream,310,,14.450579332559329,1.132200947374812
stream,311,,14.592807264299415,1.1212178031351934
stream,312,,14.919314388819227,1.1150893976718679
stream,313,,14.480961498775944,1.182123589352335
stream,314,,14.680148595191904,1.1517849852222237
stream,315,,18.548799429072837,1.2498356388800111
stream,316,,17.46407312684014,1.403173448312499
stream,317,,17.533532512544085,1.3471529056800486
stream,318,,17.546676305081665,1.343755820482186
stream,319,,19.966478433944257,1.5020006865503366
stream,320,,20.384988882289633,1.6762580508906002
stream,321,,18.78141692014876,1.6762579257744588
stream,322,,17.931108827450597,1.4692673293088172
stream,323,,18.755218332705955,1.484734566705604
stream,324,,16.544434710698294,1.5290959103231614
stream,325,,18.758875773175728,1.452459827209946
stream,326,,17.956363777200067,1.3992660757380633
stream,327,,17.98589970132063,1.3754913975751715
stream,328,,18.036449361603513,1.3856297180173405
stream,329,,16.68952903923991,1.3805573594311065
stream,330,,17.147949519998303,1.166816424107085
stream,331,,16.98991988098581,1.1894434770720026
stream,332,,16.4627444655168,1.1955719036196615
stream,333,,16.390246740455304,1.1226625171501823
stream,334,,16.14421627227268,1.1374825522136398
stream,335,,12.561173187277715,1.058271700243506
stream,336,,12.737185325605804,0.8841758946459946
stream,337,,12.618737918097866,0.8999171166847834
stream,338,,13.165660119401695,0.9410603995665566
stream,339,,9.812286490899549,0.7885974370391388
stream,340,,9.635475082157061,0.6069401720288625
stream,341,,8.64682437152127,0.5221701355145565
stream,342,,8.591238089291117,0.5073501014033832
stream,343,,8.51136081311396,0.5422809057932997
stream,344,,8.580394777286296,0.5284660744342601
stream,345,,10.194879611529268,0.5550691862400513
stream,346,,9.837378481847223,0.640225061696699
stream,347,,9.877259518720438,0.6474209067681568
stream,348,,10.251893381009776,0.6364241670487355
stream,349,,9.194728250812977,0.5832303582617745
stream,350,,11.312388353248936,0.76591893385422
stream,351,,11.337456068948681,0.8203749689861121
stream,352,,11.183847178773345,0.8100805443542188
stream,353,,11.033804378086753,0.8173658758375572
stream,354,,11.12660146491896,0.8025496603663069
stream,355,,10.795458600411424,0.7892139615809376
stream,356,,10.62646718733019,0.7892139613217241
stream,357,,11.682241232379313,0.8293863386751118
stream,358,,11.095560715316202,0.8050102032439925
stream,359,,11.434589942187925,0.7992282997032596
stream,360,,13.745491707027515,0.9649489778480886
stream,361,,14.513840136918532,0.9648878934119695
stream,362,,14.888020354021995,1.0476535325024023
stream,363,,14.108301884337344,0.9883313814178316
stream,364,,14.113029657589022,0.9578650779762763
stream,365,,10.742400548665506,0.8826014812857574
stream,366,,10.747908333763423,0.7876402074516273
stream,367,,10.866919562216848,0.7858911650096557
stream,368,,10.704920289214064,0.8208852313810614
stream,369,,10.663273545648169,0.8037791979677699
stream,370,,10.917539194137438,0.7552993869974278
stream,371,,13.026091879437306,1.084246747187683
stream,372,,13.360324239654922,1.2052836241594191
stream,373,,14.899420215706993,1.2251356947121788
stream,374,,14.87045567307076,1.3030733627756836
stream,375,,15.707970489581255,1.3523352714505599
stream,376,,16.037820216939714,1.357308385420269
stream,377,,15.041217540580588,1.3171970935439297
stream,378,,15.074917002938449,1.3069103403198337
stream,379,,16.467562957382988,1.39799490547999
stream,380,,13.969011998426254,1.2750126924732486
stream,381,,13.286668762137495,1.2801855722167044
stream,382,,13.04447290031029,1.1980251310468426
stream,383,,13.14502932522906,1.2380321867498407
stream,384,,14.292427015067172,1.345097451632248
stream,385,,13.73734277024727,1.3938571969936129
stream,386,,14.140747299663925,1.3838503648375473
stream,387,,14.216849095373496,1.3765535851054673
stream,388,,14.049919512758132,1.3397401012174348
stream,389,,14.83118027452387,1.3450368597050029
stream,390,,12.203387600691109,1.2111364203764772
stream,391,,12.187296848482047,0.8051059931737262
stream,392,,11.964333365775989,0.8175869341549071
stream,393,,10.55575453813441,0.8121744833353908
stream,394,,10.492715873528379,0.739015651937526
stream,395,,9.832296710799888,0.6862993497133981
stream,396,,9.79040881909691,0.6801938654298652
stream,397,,9.974348538755969,0.6942870209220005
stream,398,,10.836378628228038,0.6878066380303283
stream,399,,9.142038685358239,0.6451905363071816
stream,400,,9.30015056613815,0.5629154584510184
stream,401,,9.326267670467315,0.5383586915763607
stream,402,,9.21971397193322,0.5425667318857096
stream,403,,9.428975118711062,0.513190813781342
stream,404,,8.384301047639735,0.4505288546308051
stream,405,,9.6860284716522,0.5147325099453801
stream,406,,9.327970983933918,0.5318784000172632
stream,407,,10.304809577859977,0.5603975771641678
stream,408,,12.122249752856126,0.5610027817372706
stream,409,,12.890745711265442,0.7702033896697352
stream,410,,11.970285674112075,0.8101225984318386
stream,411,,10.06817043150856,0.8265830804222303
stream,412,,9.960014872064512,0.7052647615959392
stream,413,,10.349323068898414,0.710677246976412
stream,414,,10.35558928143941,0.7253395651241907
stream,415,,10.715322304005817,0.7629258606501349
stream,416,,11.570582007374021,0.7635386957211593
stream,417,,11.725602634383241,0.7391167525393294
stream,418,,11.619455451155677,0.7391167412044436
stream,419,,11.89737786193803,0.6697342068415765
stream,420,,11.751068114821912,0.6799827707180498
stream,421,,12.630523667099734,0.7237121668012412
stream,422,,13.142716994544257,0.8121477615013973
stream,423,,15.230416409982942,0.9692843047447284
stream,424,,15.019889280515834,1.0524424162865809
stream,425,,13.640229604473543,0.9370276547419105
stream,426,,14.421201487191553,0.9454071422513479
stream,427,,13.192144540541248,0.9747317968108798
stream,428,,11.94305651804241,1.0044651963036968
stream,429,,11.071903387416656,0.8866634124524057
stream,430,,11.654283803119025,0.846435878374719
stream,431,,11.565251420877054,0.8494029029305378
stream,432,,11.634778049130079,0.8474978065705705
stream,433,,11.314963843607238,0.8228040989361756
stream,434,,12.01737499631542,0.8051976312793404
stream,435,,11.522888634972704,0.7724758484670723
stream,436,,10.880367793414491,0.7755285873584766
stream,437,,11.147004131761491,0.770081804728345
stream,438,,13.304597420020924,0.7920294370675838
stream,439,,12.817034313272229,0.9225213195461527
stream,440,,13.609793577572473,0.9362127977375899
stream,441,,13.239672794258054,0.8943219154037727
stream,442,,12.796481132792344,0.8058862925764952
stream,443,,10.558388066532661,0.6439594118720602
stream,444,,11.170274780246556,0.6046660381392346
stream,445,,14.495676519055904,0.8515948087615828
stream,446,,16.830637766903397,0.8273654920830338
stream,447,,17.44112894758134,0.8115233390672334
stream,448,,18.467008955626202,0.7848274022811464
stream,449,,17.989934019078497,0.7905388719614153
stream,450,,20.650098843635927,0.9884492106902092
stream,451,,22.131865792270847,1.3419309574696536
stream,452,,23.38797693358765,1.5528304342093753
stream,453,,23.259522823219097,1.6098158105155735
stream,454,,22.704765557012376,1.6250031253493649
stream,455,,25.389387941391398,1.8002851357856728
stream,456,,25.69201535035944,1.8136415383106699
stream,457,,25.22561671994106,1.8117915608838555
stream,458,,22.302759245147623,1.7919487729079409
stream,459,,22.45733095810924,1.6726877315899569
stream,460,,21.737522401775887,1.648357498561799
stream,461,,21.086057354125035,1.6501616503590728
stream,462,,21.855502657818896,1.6855896041603518
stream,463,,24.27558185792251,1.8931814137037863
stream,464,,24.559598248749808,2.0832415185676796
stream,465,,21.949695719089306,1.8363127479453314
stream,466,,18.9662016554037,1.8815417822365677
stream,467,,18.29057565694326,1.8438299792471493
stream,468,,18.163344652150702,1.8803406284298112
stream,469,,18.28017593900344,1.8922203297224558
stream,470,,16.475129002452107,1.792902502645131
stream,471,,15.006280562497526,1.4493233540790278
stream,472,,15.565406634040908,1.2642423478671534
stream,473,,16.397534103377517,1.4104530890270006
stream,474,,16.24747721290237,1.4207987786102467
stream,475,,13.491108968066328,1.237997348122466
stream,476,,12.674656510079245,1.220975373346414
stream,477,,12.728514488655664,1.2252308735740438
stream,478,,12.704592218456476,1.2265575065669803
stream,479,,14.107855280361903,1.267055165562244
stream,480,,17.075815172652266,1.6086187765399955
stream,481,,17.149479246916094,1.6827953718149151
stream,482,,17.384697114084688,1.6619992064781326
stream,483,,15.666891854193754,1.4489376900700446
stream,484,,15.094397574503388,1.141854067506099
stream,485,,16.867200137627478,1.1751656858994362
stream,486,,17.111024746650735,1.3064418145715726
stream,487,,17.132731131422748,1.327776659641246
stream,488,,15.835132042076278,1.309517557483907
stream,489,,15.850231838572501,1.1877152027477489
stream,490,,15.75060251070611,1.2110030846870392
stream,491,,16.50918548791193,1.2985797960945984
stream,492,,14.728202724989398,1.3132879381599385
stream,493,,13.797620818197213,1.12018051002005
stream,494,,16.75931416956895,1.1658341441577411
stream,495,,18.093671966389497,1.1829172822877296
stream,496,,19.7637802607126,1.396782612287474
stream,497,,19.788850550546787,1.427437176847407
stream,498,,20.319131015851166,1.4943529644916784
stream,499,,18.794345895191963,1.475795279513058
stream,500,,18.01217991941437,1.2437865952486278
stream,501,,18.018374102405204,1.3201373712364846
stream,502,,17.45308882747723,1.33742190227574
stream,503,,19.937908468345753,1.5671332945739773
stream,504,,20.39434910965134,1.864306188788199
stream,505,,18.517111450811317,1.929423823768644
stream,506,,18.13382847461683,1.794267060326055
stream,507,,19.002275601799514,1.7972378722294913
stream,508,,18.744220172683885,1.805682263289582
stream,509,,18.725221459650374,1.8204985006908376
stream,510,,17.492435836667227,1.7291073545603484
stream,511,,16.911975362076856,1.6024409283513834
stream,512,,16.80648135508109,1.561868461894596
stream,513,,16.921709142585733,1.5527713151794686
stream,514,,16.118965870646367,1.5895274357396567
stream,515,,18.54543670067196,2.0356787786772728
stream,516,,17.12847483616786,1.9045752701031442
stream,517,,16.932731246632688,1.8684509782445295
stream,518,,16.44158523316849,1.7956523597017202
stream,519,,16.498306147677432,1.759990329640687
stream,520,,14.474099175758404,1.655022169997017
stream,521,,16.00059434892252,1.6164935007163006
stream,522,,15.435849882454816,1.6352383080025383
stream,523,,12.064027950253317,1.4158327733748748
stream,524,,12.726709548813638,1.1287507546995394
stream,525,,12.192214610023983,1.0574666019212184
stream,526,,12.285880565631732,1.01001273454108
stream,527,,11.713942557790096,0.9796015944757542
stream,528,,11.881703556486027,0.9796015593939267
stream,529,,13.927720314859057,0.9951201399010281
stream,530,,14.466580872531072,0.9817882489432002
stream,531,,14.279266738067422,0.9881944305382994
stream,532,,14.842301195094196,1.014142707413851
stream,533,,15.733672583891822,1.1446078777673436
stream,534,,13.57418036809548,1.0786477206994527
stream,535,,10.176230407394325,0.6399699749350402
stream,536,,9.923681282882702,0.5633136208487217
stream,537,,9.95615752089582,0.5653633307851873
stream,538,,9.932872852851018,0.5650626408852425
stream,539,,10.505788625270194,0.5766777162978064
stream,540,,10.760997267781285,0.6651133775247252
stream,541,,9.159891942852155,0.5768435872520852
stream,542,,9.700133520253706,0.5261824891100901
stream,543,,9.427125885851282,0.542643004427139
stream,544,,9.178323752380212,0.5753227361765965
stream,545,,9.269143231142134,0.5782897988037526
stream,546,,9.273138771442614,0.5794221536021
stream,547,,10.43184400320727,0.6068623816519869
stream,548,,12.234789542752871,0.5765276326738
stream,549,,10.281532090319796,0.5655728823904203
stream,550,,9.822805582745449,0.5490949428327064
stream,551,,9.864700531317187,0.5417714200743565
stream,552,,11.315059491141994,0.5525111568732448
stream,553,,10.586392004576057,0.4429333441512198
stream,554,,13.229920122835964,0.5743441482332647
stream,555,,13.486988668661027,0.747818328475785
stream,556,,15.594925063746397,0.9169410387151901
stream,557,,17.53550345439491,0.9161246450633913
stream,558,,19.43563131877813,0.9164329740193689
stream,559,,19.50230770032226,1.1175356887199248
stream,560,,19.36234795155876,1.0973119332259103
stream,561,,20.032564187969886,1.0698661366434716
stream,562,,19.51195529344835,1.0924970116504702
stream,563,,19.54158009497507,1.0669639490522467
stream,564,,18.42147291230686,1.0196371618854372
stream,565,,18.87471193023593,0.992941178207409
stream,566,,18.86966162777658,1.0027160663189278
stream,567,,17.88930062268539,1.0437698287024286
stream,568,,15.9331939349728,1.0656601620698232
stream,569,,16.19033570939959,1.0977139010176824
stream,570,,15.997920517163188,1.1062249083392406
stream,571,,16.109476719729752,1.1188069551884192
stream,572,,14.102372198578102,1.0773286619081714
stream,573,,13.751666802519303,1.0530060363662312
stream,574,,11.323427435217987,0.8825873354527369
stream,575,,11.709922646818242,0.6973725974035035
stream,576,,9.75647305473087,0.5269232695372994
stream,577,,7.7715678994725845,0.5250885731910836
stream,578,,7.2934833567000075,0.5686755268514738
stream,579,,6.904750009666482,0.3639225088500055
stream,580,,6.488424218942813,0.29697227582688795
stream,581,,6.100307633742203,0.30616269864264284
stream,582,,6.536224723140706,0.2789526943202509
stream,583,,6.603603868680153,0.320935245748526
stream,584,,6.416514535690897,0.32549144016575254
stream,585,,6.677694823423095,0.35218739006126126
stream,586,,6.562572940124564,0.40528071374795394
stream,587,,6.739696121290944,0.36712147536929607
stream,588,,8.090446359337145,0.3463635087613133
stream,589,,7.628952334900737,0.41673212455324615
stream,590,,7.640050784752184,0.4123985881153275
stream,591,,7.379740769646629,0.399808905829321
stream,592,,7.387319889349507,0.4086075105468652
stream,593,,9.212773849970675,0.47226706964524856
stream,594,,9.424392145845612,0.6148465680480202
stream,595,,8.809204846626587,0.6022645001819635
stream,596,,8.953353101828261,0.5993203461639792
stream,597,,8.903451858209849,0.6011359529723591
stream,598,,7.622690839577978,0.5648725388625536
stream,599,0.9150168933201289,12.669683662233066,0.8029116572217408
stream,600,0.9162202146544055,13.05392488456512,1.1593374293472323
stream,601,0.9183257550633203,12.990959721619868,1.1869507155070207
stream,602,0.9191420615906092,12.653086653916086,1.2342698672370025
stream,603,0.9185749597579212,13.75475096064042,1.2178928816005699
stream,604,0.919402645086365,13.780534277468195,1.2465681678767047
stream,605,0.9214581693001006,13.881103762449696,1.2599589197845988
stream,606,0.9236348100742565,13.941325793208508,1.2233986170804747
stream,607,0.9236787965056721,14.106189191990538,1.2662035922153674
stream,608,0.9253040991462416,14.350939140054527,1.3867208664467103
stream,609,0.9279798528859635,15.035676689211755,1.272472257484545
stream,610,0.9306891866347122,15.033605247909078,1.2951337015905873
stream,611,0.9319056191442523,16.598628462607405,1.40483363375825
stream,612,0.9333613918713383,16.757096609783193,1.4538536685853556
stream,613,0.934606151806016,15.032767665503373,1.391111450127721
stream,614,0.9342277646280537,15.695711216356036,1.3122166044149906
stream,615,0.933005830915076,16.469140402958722,1.3131339524901804
stream,616,0.932224534288435,16.31724789086335,1.3751891060419004
stream,617,0.9326066683139762,16.94844012133902,1.3842348867838077
stream,618,0.9328659732218144,16.789779403806417,1.420498258746992
stream,619,0.9332581741161097,11.390150653962936,1.1733429158801252
stream,620,0.9328757042928042,13.323079586246887,0.9326484049128905
stream,621,0.9324595169936114,13.486542962149786,1.056842600682207
stream,622,0.9304729470994112,15.650202600766749,1.1920907667542497
stream,623,0.929050374358225,15.58107781865641,1.4205545800830037
stream,624,0.9272777153533477,16.748830950803438,1.5552777720040962
stream,625,0.926400840136523,16.98424860835985,1.701697482118786
stream,626,0.9258253216400882,18.785867665984508,1.680328326105008
stream,627,0.9246621374039381,20.176471936266726,1.6119674496005454
stream,628,0.9224175724146866,18.564596234085986,1.5634574836212938
stream,629,0.918788427850851,17.769883765315726,1.5650160363452827
stream,630,0.91462500321572,17.75799763845888,1.5378060335205006
stream,631,0.9055822558370825,17.136960444698186,1.4680329823668021
stream,632,0.8964406795220509,17.03724455539483,1.4555770888847477
stream,633,0.8878977194890092,16.945204258201038,1.4555618250734201
stream,634,0.881804242352995,16.022966073456,1.3907333645048112
stream,635,0.8755184093095622,16.161403221628127,1.4066650185792826
stream,636,0.8678873233036579,17.348008806715512,1.3429978223076278
stream,637,0.8644980292393553,19.049557873867613,1.3412908167583275
stream,638,0.8717459529741691,19.16514380568413,1.3411991495947375
stream,639,0.8821574732283619,19.22315856239032,1.3414332575567867
stream,640,0.8915782533719625,16.932158426686545,1.2244097543954953
stream,641,0.9030927231161415,17.664276259058255,1.1149237424040908
stream,642,0.9107715486242786,15.378290912044866,0.9566790515749788
stream,643,0.9168239862765057,14.364576421473524,0.7083287919396883
stream,644,0.9204961563986958,13.216568664541423,0.5476670828438432
stream,645,0.9227150536228503,11.999312424147169,0.3575218349840287
stream,646,0.9230347192141469,10.466105500610071,0.36853002011470126
stream,647,0.9213349951614251,8.231615453680293,0.37126678921608336
stream,648,0.9179844171027484,8.749315716433339,0.3108898181751062
stream,649,0.9132005589751429,8.698921701816992,0.3093312817232949
stream,650,0.9065766694157635,8.7639966821464,0.3200082115824272
stream,651,0.8980039917891846,7.8645970847434015,0.28737427720642594
stream,652,0.8883481651249235,7.892992001462126,0.2359366054061501
stream,653,0.8812281420921836,8.056185910692243,0.23502688964826418
stream,654,0.8757690556032833,8.719430322266401,0.24222271212087895
stream,655,0.8704216915192534,7.534062066945328,0.24001310522619898
stream,656,0.8675968646517753,6.82919261987262,0.2525531580651843
stream,657,0.8631808091471046,5.582063622885056,0.35918521921193175
stream,658,0.8587212794708323,5.477088857887847,0.33483972430146774
stream,659,0.8551712707226375,6.181208723245785,0.3564998019326063
stream,660,0.8504385408292277,7.357474272941818,0.3543949575692821
stream,661,0.8435053845714641,6.328267578009339,0.33337227973012895
stream,662,0.8364138148649704,6.328184279152244,0.3163731755155664
stream,663,0.8327702168242942,6.331918772519508,0.3236356004235024
stream,664,0.8311469887694402,6.304441368753363,0.3179355789497909
stream,665,0.8346257840984027,7.351007365029605,0.36166119934076135
stream,666,0.8345897978924391,8.18302538917501,0.5056776369018529
stream,667,0.831999736635011,9.025437076774331,0.500813117167414
stream,668,0.8320700227952501,8.825876837779198,0.5759109213226232
stream,669,0.8271708650043101,9.667934641752725,0.6197909455687013
stream,670,0.8200100540794172,9.768588232500706,0.6216464083839535
stream,671,0.8194999900098913,11.643604147952525,0.712645340811795
stream,672,0.821806661808503,11.621336224656616,0.8113011972006837
stream,673,0.823686380995175,11.440143155881556,0.8171496678161156
stream,674,0.8270510814921527,10.70336517428072,0.8081038591627389
stream,675,0.829279316950207,10.894922658289284,0.8236453472633513
stream,676,0.8293268462536662,11.10521812292013,0.8145482141567064
stream,677,0.8309338617565787,10.02791164862747,0.7541291189824595
stream,678,0.8322982542843868,10.024141059860952,0.7353619110009819
stream,679,0.8322314673687992,9.28178868018312,0.7146191986713432
stream,680,0.8310404404013688,8.11877588786609,0.71254658263818
stream,681,0.8288834068731991,8.027088909932308,0.6827367848408064
stream,682,0.8258934112422617,8.049551646491706,0.6754056231572535
stream,683,0.8228246729750354,7.928390645408696,0.66242408756199
stream,684,0.8218524153029148,8.796303506969824,0.6940626275747893
stream,685,0.8210985334622325,7.760068652398256,0.6978864506185616
stream,686,0.8202806671032766,6.612691611899692,0.5394418302201738
stream,687,0.8192333367036639,5.788893388778124,0.5373921051144557
stream,688,0.818731779952733,7.131066612069154,0.5274692091678862
stream,689,0.8193073182465391,6.250914496379804,0.5538507965623691
stream,690,0.8210628132840858,6.119766985409498,0.543762128796569
stream,691,0.8236388436196527,4.320117876881251,0.4500569858349908
stream,692,0.8267545735008349,4.239945102278232,0.3532205540476835
stream,693,0.8310785871555081,4.8906400016471165,0.37458975732023425
stream,694,0.8339911889645648,4.907214886243641,0.41649977627966156
stream,695,0.8355003822360171,4.935755878392541,0.3866899865219772
stream,696,0.8381276437438303,5.284344090273727,0.49294713575511717
stream,697,0.8393509197869264,5.648505326748232,0.5203416070628258
stream,698,0.8393101662899499,5.66927754632441,0.5345984626813993
stream,699,0.8392979656363995,5.8245907391171805,0.5638619828360927
stream,700,0.8392008662226095,5.785653108343928,0.5760232982951622
stream,701,0.8374836498762741,5.9744883422256665,0.5772375169364863
stream,702,0.8356148230242884,5.95870438626984,0.5861692460920929
stream,703,0.8324214798640421,6.335837427350122,0.5934469087891467
stream,704,0.8279150063476539,6.176934014996043,0.5599147333203089
stream,705,0.8230497024841449,6.244119820540591,0.5678358090477158
stream,706,0.8193901117965999,6.334821064511022,0.5712558061700906
stream,707,0.8180396237901089,6.4259711249204585,0.6010655712890312
stream,708,0.8164661556144246,4.779279228000808,0.52372933713417
stream,709,0.8108753584915561,7.060929577249135,0.5237292851488597
stream,710,0.8060380741888549,7.036912258649652,0.5895492099315349
stream,711,0.7990420646281821,6.9074732518381365,0.5938942381528056
stream,712,0.7925035411065909,6.908371477421339,0.5920005942662255
stream,713,0.787465606925638,7.001588190651484,0.5920005633674403
stream,714,0.7865280069234362,8.058420762794322,0.554380429187399
stream,715,0.7790967967221634,10.177200435377804,0.7923299797484274
stream,716,0.7695986819958618,9.463785732433566,0.7226445636561982
stream,717,0.7650932453137278,10.020259608277483,0.7385347806296166
stream,718,0.7576071608776674,10.221952589308808,0.7875549408976268
stream,719,0.7550021575726932,10.009687159948996,0.7646975645474664
stream,720,0.7551731592827337,10.031638646274859,0.7518568216997318
stream,721,0.7563673698416146,10.064698809466167,0.7536800708144977
stream,722,0.7599962281066963,10.058809353544232,0.7573380265873649
stream,723,0.7657869395385556,9.971668836383056,0.7590870672091181
stream,724,0.763801050995878,14.363187505252075,0.8632350344730397
stream,725,0.762847986541093,14.279312701698979,0.9831759398914439
stream,726,0.7606291087729845,15.368581992138019,1.0074395820531126
stream,727,0.7619006291173945,15.531649166106689,1.0702734571872243
stream,728,0.7597454530060683,17.145052779348237,1.1913217227531447
stream,729,0.7599803090335641,15.431325341690817,1.1210601292517843
stream,730,0.7600827349550509,15.805512350772563,1.1210602326563057
stream,731,0.758189208158955,16.05193514925108,1.1556313887918797
stream,732,0.7575390899475203,16.34451313693057,1.195946772109341
stream,733,0.7560314469850253,15.718840133843852,1.1703220743950185
stream,734,0.75301837039135,14.850083013050911,1.197670730992767
stream,735,0.7509547961742541,12.392601268935085,0.9682741969784205
stream,736,0.7490721602732578,12.090113521379642,0.9341079833003587
stream,737,0.7498161511214657,12.026854776979228,0.9039499394959827
stream,738,0.7553138601042796,12.250092583054311,0.842711190367674
stream,739,0.7597245692230814,13.385670014289724,0.8479697305356405
stream,740,0.764403587104208,13.367089655217663,0.8815018322872068
stream,741,0.7688254998871683,13.616042344205617,0.892679224557324
stream,742,0.772820493218412,14.587216516375214,0.8809992556451338
stream,743,0.7793641167247581,14.444179448115847,0.9432775791213518
stream,744,0.7862597414415184,9.376355826390336,0.8452787568792947
stream,745,0.7934818352549957,9.929620274599015,0.6709996938366125
stream,746,0.8005271141878351,8.806695424366993,0.6498193442130357
stream,747,0.8073692315530243,9.644150900540048,0.5693370347613406
stream,748,0.8123719977645398,8.072123679006426,0.47230905849950783
stream,749,0.8179818894828617,8.646016922201623,0.489308179637116
stream,750,0.8219864543347202,8.477706501784928,0.4356838225764014
stream,751,0.8258570418432477,8.571552322224479,0.39218854134622455
stream,752,0.8281717065809794,8.29711192450884,0.36682085857957814
stream,753,0.8312386858228112,14.520616931947455,0.6391009697996666
stream,754,0.8331042755095279,14.562615639501052,0.9270834775615677
stream,755,0.8354068673973997,17.135986335711074,1.1237991156400897
stream,756,0.8366329103493094,17.00531900050591,1.1772805175298902
stream,757,0.8375572984148927,17.670307833561928,1.1526038127880958
stream,758,0.8376791022923349,18.84540436350014,1.151100352646773
stream,759,0.835764512888952,18.10836550055525,1.145803634725283
stream,760,0.8319293118745231,18.102997202814862,1.1293715710897931
stream,761,0.827643184638819,17.637053472876026,1.1172293272274034
stream,762,0.8221594987007219,17.182620945208107,1.149631305618185
stream,763,0.818663617893388,18.54674437757712,1.1862691540185675
stream,764,0.8146828976018929,19.155007414172555,1.3412936959494552
stream,765,0.8115533544254031,18.883200363344013,1.4040511345978237
stream,766,0.8068967818640232,21.246910524086964,1.5630740636477107
stream,767,0.8038243840585637,20.14336106508617,1.6330731213604364
stream,768,0.8010574111704252,20.920652498901074,1.6863890662112098
stream,769,0.7983637321859418,19.90372096182956,1.6679072554121932
stream,770,0.7955430932703608,20.006868874154808,1.6557115846765695
stream,771,0.7923945592617653,20.138938953642757,1.6554812891777422
stream,772,0.7903218112521401,20.516947945478794,1.6424272328377278
stream,773,0.7903603650409723,14.435476440749268,1.40505719515915
stream,774,0.7900454789879965,14.12479643957641,1.098490236619685
stream,775,0.7891488215852249,11.566595262068061,0.8928504882657428
stream,776,0.7886178033920533,11.527424526661294,0.8344456412255646
stream,777,0.788383487145546,11.564941253872993,0.8545182027633544
stream,778,0.7879820884740665,10.859643712630405,0.8552052584812664
stream,779,0.7857778194278899,11.75413316671699,1.001855778703632
stream,780,0.7846187565847791,11.770621481599013,1.0402011694546411
stream,781,0.7853021587951887,12.446733971865331,1.052343365124967
stream,782,0.786945468870217,12.051070997398732,1.0873029595960237
stream,783,0.7884565957746591,10.765664969593951,0.9969054212492516
stream,784,0.7890643470162019,10.348831486495202,0.8760471580045963
stream,785,0.7901159372687476,10.074204576506936,0.8157962182887573
stream,786,0.7905675215087611,8.445127503014346,0.6722405585119783
stream,787,0.790629024030026,8.672540746898537,0.6003402230580194
stream,788,0.7901805224414017,8.11879515220254,0.5235502555335175
stream,789,0.7906659704788389,8.014007422965104,0.5265915333494133
stream,790,0.7899929626089366,7.7200532869659995,0.5257522117122423
stream,791,0.787717558207898,7.6870249647147855,0.5427742127283259
stream,792,0.7859143400289187,7.363651360374178,0.584775852718515
stream,793,0.7848654652134481,7.143534402191485,0.5571625679872525
stream,794,0.7839085442379662,7.113778662961505,0.5422928773634766
stream,795,0.7845065803247823,7.426199561850241,0.5511749534967021
stream,796,0.7849771924877774,7.434243221643215,0.5548366994361652
stream,797,0.7840077763649372,5.887492670966898,0.4936208565775889
stream,798,0.7820303449034995,5.124735125081908,0.49789166044575517
stream,799,0.7791238429794556,3.878226398168565,0.3439481768339804
stream,800,0.7775763687671112,5.9564046763465335,0.3870953180611837
stream,801,0.774909962133576,5.275262221171659,0.460269498063301
stream,802,0.7720691220519309,5.532584801796303,0.40659179642755505
stream,803,0.7680621751310821,5.807858656869966,0.38721175515224937
stream,804,0.7656397684861594,5.578628657845591,0.38378407015264493
stream,805,0.7632655429221918,6.311599152471467,0.4046981283599176
stream,806,0.7615691181405567,5.891583504691827,0.381911164006831
stream,807,0.7592237291600095,5.885545609328232,0.37288443195486504
stream,808,0.7566025685717871,5.647123613340383,0.37441079223567847
stream,809,0.7543126794542462,5.73721509192625,0.36552105944988267
stream,810,0.7537110727744434,6.267107624627117,0.36732519930867863
stream,811,0.7531454100342206,5.878398770434824,0.3941204016419547
stream,812,0.7521882474816546,6.671560913773355,0.37225845271939056
stream,813,0.750845917545538,6.659744801056135,0.3740074943820914
stream,814,0.7497218880533483,7.502269910318434,0.39596279312193194
stream,815,0.748859030216008,7.3462190030008845,0.3977118330294227
stream,816,0.7484006029292598,7.359883507268633,0.393125092915949
stream,817,0.7478669304567519,7.319150383187521,0.3904472688634743
stream,818,0.7470699440455637,8.538041947639385,0.4483423868857703
stream,819,0.7468207842001434,12.21213428068306,0.47853087055396315
stream,820,0.7464653471468323,10.13850450243576,0.5141469913645063
stream,821,0.7471230347400374,11.188852621666406,0.4946506119169354
stream,822,0.7469161898217993,10.911901807855896,0.5352017636620946
stream,823,0.7469385033953354,10.839231068857783,0.5363341187196542
stream,824,0.746303314998083,10.829267329842592,0.5299355233948138
stream,825,0.74627677580775,12.312478550131578,0.5784038760395076
stream,826,0.7461885765220838,12.36540354318256,0.6101034829585052
stream,827,0.7468057993074406,12.55046438488712,0.610942793716656
stream,828,0.7482542840679386,12.56717241612348,0.6597025952881924
stream,829,0.7474902129251454,12.487619414228782,0.6642587785258347
stream,830,0.7456804591981857,12.587949405210013,0.6733826504746447
stream,831,0.7436334741880709,15.795157227596077,0.6599001978806881
stream,832,0.7427549291138255,16.920293760303316,0.6440503676056395
stream,833,0.7426144194012336,16.96731074464,0.7374001242944981
stream,834,0.7435754028913072,16.971879991008944,0.7628987385039505
stream,835,0.7439040002664468,16.99299342503539,0.7595911276476526
stream,836,0.7452051727013843,17.254969128038503,0.7611840731809252
stream,837,0.7471657364286997,17.345402857985988,0.763861908177427
stream,838,0.7483197881782744,16.13278400289178,0.7089736963522001
stream,839,0.7489401019475292,13.142575930649693,0.7187999428517636
stream,840,0.7504441256958492,13.13415673135508,0.6120370460395185
stream,841,0.7519548299110119,12.194500028015074,0.5437657065638588
stream,842,0.7530276532684851,12.217915090095843,0.48899969479249233
stream,843,0.7539342965294824,12.192503376102882,0.5316845852309134
stream,844,0.7552904444070017,12.195946577831686,0.5206535202657749
stream,845,0.7555858368740416,11.079521979408288,0.4878695562213941
stream,846,0.7564360901694297,10.769871725495642,0.5182250974990701
stream,847,0.7573704596982951,10.682651319120044,0.5631005374731077
stream,848,0.7571551753045267,13.097545339696442,0.5554839731238723
stream,849,0.757236913057954,13.24847720786664,0.6848358617488904
stream,850,0.7571007352103092,13.09151948476638,0.7317325442426248
stream,851,0.7564554381014666,9.81561761873481,0.7122592012326989
stream,852,0.7552815295776388,8.176876481164772,0.728109002753397
stream,853,0.7538172752722353,8.79775278626542,0.6877876193493896
stream,854,0.7522417901545267,7.982944604984044,0.6512409510213374
stream,855,0.7511665872035426,8.06183247355045,0.651202774567956
stream,856,0.7494911970294351,10.106116172325855,0.6861128852723529
stream,857,0.748443526069188,10.514672511790051,0.71087919616838
stream,858,0.7486871685438149,11.88195426957086,0.7108791968826438
stream,859,0.7490436142718753,11.257845903972818,0.7010529868098965
stream,860,0.7501270942575535,11.73021141650976,0.6797563528864399
stream,861,0.752549760055171,12.507766935714658,0.6795337016890763
stream,862,0.7555550619535488,12.423700871729817,0.7093434981854919
stream,863,0.7589330319930563,12.807254686631573,0.6782889601258091
stream,864,0.7622731763474335,13.338418993751175,0.6637183258070862
stream,865,0.7658952028358342,13.026643543225118,0.6234029814070817
stream,866,0.7702338400376455,12.917229579664275,0.5869533911143712
stream,867,0.7758568596391585,14.052339792218238,0.6222918060633791
stream,868,0.7806880898334012,12.394221597946107,0.578697214778744
stream,869,0.7837549438662686,14.427870941478975,0.6502380124254803
stream,870,0.7856190621937139,14.319984843304825,0.7659901344684164
stream,871,0.7886283116687229,14.350649758068766,0.7678914341592368
stream,872,0.7926927073777339,17.7626131641371,0.9439631729932356
stream,873,0.7936399633879363,18.982060981998252,0.8909347794473523
stream,874,0.7941853080990913,19.10322789793309,0.9019178727864019
stream,875,0.7943689910453785,19.253654543351974,0.9005077202099584
stream,876,0.7965009066910731,18.2059423988433,0.8713358256558418
stream,877,0.7974525865839129,17.73965286485245,0.884044995922779
stream,878,0.7979573663335072,17.11642568465194,0.8840449752091405
stream,879,0.7978896549310481,18.476686950818774,0.8536337986511762
stream,880,0.79680889941555,17.990209268573114,0.9115632421785975
stream,881,0.7957825781603486,17.187649020097307,0.9163726469029149
stream,882,0.7950236285825956,19.101203194160775,0.9738219184497602
stream,883,0.7947967948657756,18.367865426283387,1.0890297962772684
stream,884,0.7960267977113525,17.956944551866883,1.0969830739614896
stream,885,0.796599082352907,17.3325001172157,1.0982087509942877
stream,886,0.7978989409859808,17.384390735634252,1.0709987801733936
stream,887,0.7995244763788175,16.082620048006056,0.9880328814384781
stream,888,0.8021804711087784,17.09410800922717,1.012363177867945
stream,889,0.804414018506598,14.874381732790175,0.8706922710829236
stream,890,0.8058736244934153,14.799732705130841,0.7123600521192848
stream,891,0.8079532956279504,15.086477368543454,0.7330514461715787
stream,892,0.8099924143691306,11.798296584820806,0.534946400836325
stream,893,0.8125821969871501,11.034676308308525,0.5301560844155241
stream,894,0.8153785277281286,11.030807589165375,0.5302209876863933
stream,895,0.8180725254243134,10.685956642060907,0.524115521538432
stream,896,0.819234169958968,12.73364357473466,0.7068978437451338
stream,897,0.8202025240022054,12.714188427526992,0.7598596154835889
stream,898,0.8205188323523999,12.738532005392361,0.7909845744664958
stream,899,0.8205617612747382,11.820185093324884,0.7921169430689462
stream,900,0.8180521075673439,153.4050656352289,199.04301784161427
stream,901,0.816797771313074,3739.199901050234,206.49567026084898
stream,902,0.8127734954101864,5115.222566753539,225.59121339905516
stream,903,0.8153581424816903,5278.140209037511,246.68529334680358
stream,904,0.8152506098125647,5294.747565276387,249.33419872951742
stream,905,0.8082058405478804,5301.219851112375,249.3767766663357
stream,906,0.7997770743137039,5320.598098906107,251.18161470111033
stream,907,0.7955085485315868,5341.143766073194,251.18350833684661
stream,908,0.787697753460854,5366.240028919843,254.6131134687663
stream,909,0.785293818657372,5386.935658590259,257.93790549650265
stream,910,0.7922696310456613,5485.172014141819,259.1873398411145
stream,911,0.7971132056553414,5495.133824318483,265.960255277536
stream,912,0.8061008802785518,5527.625145344979,268.88439582434495
stream,913,0.8130661480694232,5541.752084593263,269.0324907932443
stream,914,0.8149486263153171,5622.744890908695,275.1944603759567
stream,915,0.8157620244342471,5622.9149262346455,278.3932500175464
stream,916,0.8099232827849531,5702.3503711771855,280.751921274594
stream,917,0.80412762928325,5815.2429195030145,294.6701369907312
stream,918,0.8088372254768194,5938.535072740781,294.63745346116775
stream,919,0.8117169921631197,5939.02717545187,300.1035151547338
stream,920,0.8146782194291893,5798.423360359357,101.92937765282423
stream,921,0.8077388225812129,2308.6486198147672,98.63982975439211
stream,922,0.810910744564461,1066.3133884369336,95.84718571160994
stream,923,0.8039437057858928,951.1990738644072,87.17283914642783
stream,924,0.7983266703471237,945.8646628532701,88.50373416809114
stream,925,0.8131893859300965,1160.1408120200335,93.18038871892499
stream,926,0.8163676699296623,1189.9305981058956,108.84110343105456
stream,927,0.8119187223603606,1194.1410547941039,108.96725848966624
stream,928,0.8094678403196907,14266.931179166291,107.89835972409811
stream,929,0.807212821312787,14246.304837963935,105.27057351761749
stream,930,0.8049884392508387,14147.811581137135,114.31277256549178
stream,931,0.6773213224686111,14137.930813067056,110.67483727065364
stream,932,0.5388953944646139,14108.592913817925,1203.339622790801
stream,933,0.4191390920089157,14098.79773711012,1212.8192508327136
stream,934,0.3497111091767945,14132.02012072715,1984.9087803474033
stream,935,0.32549359248721466,14837.098327681626,1991.0895707260286
stream,936,0.3253793866543389,15340.398046416396,1988.6746940598123
stream,937,0.3282192588638409,15227.666913438237,1994.6186847287213
stream,938,0.3272894420654293,15138.98804328004,1995.977743068898
stream,939,0.3248066909603975,15139.492071005725,1991.3499775876628
stream,940,0.3089567962466925,15325.188390654666,1996.7583165586984
stream,941,0.30001085823508006,15274.780515658565,2007.4637455581233
stream,942,0.29438129752787695,15146.894393378248,1991.6489509595617
stream,943,0.2860659186114465,15134.528135083563,1982.0253095014193
stream,944,0.2830839341411153,15163.128634364926,1983.665406090863
stream,945,0.28053624670927285,14945.995241945666,1979.5343112936182
stream,946,0.28002559817695316,14897.592021560098,1962.101982393204
stream,947,0.2801708888391325,14872.689880586164,1961.9933917782698
stream,948,0.28119042289462504,1773.1521455986992,1959.6189938705838
stream,949,0.28365886390413747,1773.0835617718442,1958.8598221296495
stream,950,0.29016826514439104,1774.449019529795,1948.59492668965
stream,951,0.2975735034326954,1775.070816910235,1945.428308044891
stream,952,0.30578894087939235,1771.7692898926944,850.0074579878643
stream,953,0.31474178450859036,1766.2875747747755,840.4011041785035
stream,954,0.32468835525440215,1652.2108207221195,62.140412525378466
stream,955,0.33497899655160035,947.4709819704913,52.76105515971989
stream,956,0.3442613391404812,361.9465343113888,52.62715472405457
stream,957,0.35448884953137216,362.47400354846826,32.76508214549436
stream,958,0.3653623607420404,327.4022257093759,31.400285597270532
stream,959,0.3663290654987457,371.446049491748,32.65823211789603
stream,960,0.36293663298209816,196.545040007176,27.492945555222764
stream,961,0.3566794187449161,155.9639551684806,12.65313694023131
stream,962,0.359062806966943,187.60649735174275,14.796805955752424
stream,963,0.35723973830275163,170.92095508924984,16.1122129346427
stream,964,0.3619799368328083,161.09417643814902,13.901355266480358
stream,965,0.36961846171944734,168.43249503785435,13.459290767513531
stream,966,0.37278885177014803,192.8639870678837,15.83744320809988
stream,967,0.3793720122668499,208.73358541409368,18.802866879803325
stream,968,0.3867723029620352,210.59610077279166,19.005668459819283
stream,969,0.39452412442438095,211.39275570610693,19.016596448505545
stream,970,0.4033010942056039,212.28359456310346,18.992220356782052
stream,971,0.4107617376209682,212.10256923273778,19.220507458153186
stream,972,0.4179726236751974,212.82574923808775,19.206675625353714
stream,973,0.42293287504352217,213.51668726014444,19.319834982437676
stream,974,0.42613242498776555,213.5485010052918,19.308204667696206
stream,975,0.4279996469216572,213.041135122686,19.332603681704825
stream,976,0.42848556860747594,212.62697593779214,19.333521029780012
stream,977,0.42745298841925655,212.0187818213185,19.264828840233044
stream,978,0.42469624026186853,211.54264732422587,19.2678226260593
stream,979,0.4205535761600719,166.78960122424675,17.200782311702806
stream,980,0.4163770362621785,158.09349398455186,17.08200046954618
stream,981,0.41160670458187015,152.97681203505763,17.152536020670816
stream,982,0.40695117195982017,114.5244541963434,14.473051558676893
stream,983,0.40215317477582757,95.86539111609233,10.302076062483291
stream,984,0.3976643585774527,65.93530607087095,6.913728116835548
stream,985,0.39361420234649325,55.360337977855096,6.8179410498023625
stream,986,0.3891569538875361,30.228987647606704,4.406557120310785
stream,987,0.38506058946676286,14.491094214784889,1.4219836947267672
stream,988,0.38103528565872374,13.08220137179783,1.2484702053941588
stream,989,0.3776100704973202,12.487112669324214,1.3042015658155555
stream,990,0.3749055589092826,10.19478699882948,1.2956218408288454
stream,991,0.37398186214386264,9.42640512681427,1.0825984614800395
stream,992,0.3745705035840764,8.427180606837199,0.9286626133067224
stream,993,0.3747132698109698,8.762943060395678,0.8393975104310907
stream,994,0.37635638694298884,8.813461541721512,0.9211530030117748
stream,995,0.3786140537644741,8.965913909005437,0.9402569079048714
stream,996,0.38113503042214153,8.876578934162653,0.9539789550846627
stream,997,0.3815469275792619,13.050815004816616,1.0334959307745928
stream,998,0.38226891527456147,13.31718614148956,1.293721063483538
stream,999,0.3832234513803114,13.679044866663448,1.2828274301194698
stream,1000,0.38363051417515887,10.612842372730334,1.054518572535598
stream,1001,0.38247584572992993,11.11667712614757,0.9540875456811627
stream,1002,0.38128803061655103,10.535077879281918,0.9870776696080993
stream,1003,0.3801264317046567,10.40478153374168,0.9246547535529394
stream,1004,0.3787782930123477,10.18172376770555,0.8948395489175309
stream,1005,0.3770692792124344,9.651867858356765,0.8445534245100834
stream,1006,0.376362748590216,12.642840981565392,0.9429828089374023
stream,1007,0.37558927628090694,12.633352161566858,1.083352168348092
stream,1008,0.3744624858216827,12.752834796469658,1.0450182773102639
stream,1009,0.37262288814781513,12.550589099040208,1.0069354087402045
stream,1010,0.37070102194931676,12.791475702324838,1.006981222083391
stream,1011,0.36903135046349134,12.967860058584154,1.0266276121948033
stream,1012,0.3674284062767147,12.9173130735621,1.0412670338663297
stream,1013,0.3653700331966472,12.2467093744891,0.9990448732258258
stream,1014,0.36330457051728837,12.193778679438816,0.9675908198743167
stream,1015,0.36108777880411597,11.964373050096231,0.9408872710523336
stream,1016,0.35913461599528534,12.237924082700445,0.9321230670539786
stream,1017,0.35698099930130106,8.113932077663744,0.828283499756649
stream,1018,0.354909823361005,7.847139186390725,0.563850364637552
stream,1019,0.3528193640433768,7.26393753590782,0.5571718727103938
stream,1020,0.3513246900228019,8.16236843198595,0.5203681637348505
stream,1021,0.3500084116947149,8.27818388773807,0.626651916228725
stream,1022,0.3484517604107716,8.05516770644314,0.586966359888869
stream,1023,0.346694780875299,8.133153623138872,0.5815081223368551
stream,1024,0.34405366221719264,8.257492930689356,0.5973104150522505
stream,1025,0.3413689157815804,8.83681665312264,0.6296168779943964
stream,1026,0.3394484312984105,23.81272238869758,0.9364309063186345
stream,1027,0.3376972794206828,23.67689570966409,1.426339027421031
stream,1028,0.33649424624563157,25.7370802721823,1.540309797173517
stream,1029,0.3353235987157614,26.89014048546617,1.5146774713665347
stream,1030,0.33337976034460437,28.287192021693148,1.5129246305018569
stream,1031,0.33257094327872433,30.316695883737868,1.7321030965837076
stream,1032,0.331554556766793,33.31607361633948,1.7198844831286941
stream,1033,0.33136000668937965,34.48086751073126,2.0732689653056084
stream,1034,0.3315601595507748,38.37588924253505,2.0553694673269325
stream,1035,0.3304050238119986,39.14940919901443,2.0718015424678584
stream,1036,0.3285582274837593,38.95428878681394,2.0765574881614213
stream,1037,0.32753540713591234,38.83266344824332,2.08239828476654
stream,1038,0.32685645552981735,39.20590397523596,2.1153312045892143
stream,1039,0.32625213814829285,38.96359676807896,2.1360226797051776
stream,1040,0.3260439187775619,38.3420700796854,2.1875345707676317
stream,1041,0.32547961724721003,38.08424228519915,2.111066082456293
stream,1042,0.324221073161833,37.95520781932061,2.09042435330251
stream,1043,0.3228125302918676,39.01169696350392,2.1373609156841717
stream,1044,0.32023874202344543,39.042790425632504,2.1957352642029155
stream,1045,0.3180394588237364,38.66607811573772,2.1958155085366124
stream,1046,0.31624692448163383,22.546054395820963,1.9119990891326253
stream,1047,0.3145083187236408,23.117173115121023,1.4496687315839398
stream,1048,0.3133205738668677,20.449713424606454,1.3356979530775053
stream,1049,0.312383165208674,19.301600000855196,1.3320514709289735
stream,1050,0.3122372410788442,17.73860869873675,1.3228932502008612
stream,1051,0.3113495183311756,16.972236436397633,1.171200259147079
stream,1052,0.3108837066047653,13.977924140641147,1.2052748295199753
stream,1053,0.3099107799298509,12.80922010057926,0.8536852023489476
stream,1054,0.30809691496426034,8.818904760681171,0.8219855876720854
stream,1055,0.3057768731247408,8.048100762086387,0.7993928939289711
stream,1056,0.303149400882385,7.978092165170151,0.7960852802571895
stream,1057,0.3013532938699099,12.924988412574294,1.0285651277873546
stream,1058,0.2995666770438708,12.778784009037803,1.1230014027456066
stream,1059,0.29767560648834757,12.8847460452205,1.1724351896555303
stream,1060,0.2956616081956079,12.646948837057618,1.123652446664768
stream,1061,0.29344514581288883,12.553815991767125,1.095007752976221
stream,1062,0.29221370485905246,22.301690020102114,1.5814353474050749
stream,1063,0.29080708934070315,21.153019586357757,1.8859514376277229
stream,1064,0.289873839246559,21.278050272109596,1.8229521754900675
stream,1065,0.2893997407137851,21.26711537318444,1.7896404810830022
stream,1066,0.289132956364205,20.087521818507977,1.7508786999507706
stream,1067,0.28930082234871407,19.526478579674674,1.6301551997902557
stream,1068,0.28942015615204325,19.661449746203445,1.629487233760374
stream,1069,0.28943005146356815,20.404287658933704,1.6392621284370454
stream,1070,0.28959692206416515,20.342753903324226,1.6696007337381007
stream,1071,0.28961574717054867,18.84298465557654,1.5701989411564943
stream,1072,0.28923669670402163,18.989023514819028,1.538282677167205
stream,1073,0.28902633329776944,18.65243032647379,1.5348910548247816
stream,1074,0.2884465574951806,19.121601249446282,1.5885268801142476
stream,1075,0.28802664294799185,19.224726719995147,1.614391184244682
stream,1076,0.28769044465683324,19.19393863098815,1.6196497076846244
stream,1077,0.2871253428988236,14.223988153905447,1.3813214209592695
stream,1078,0.28659098243640563,14.05748706744505,1.2560248529613265
stream,1079,0.28789379880952454,59.217806454467095,2.8628817167216893
stream,1080,0.28821901829577645,67.38133783580903,6.314389060648734
stream,1081,0.28790632047323866,70.94012181784146,6.320441062737771
stream,1082,0.2875598916500463,61.29989460035298,5.909061639140317
stream,1083,0.28708747423444214,62.1410465511857,5.5764373285954205
stream,1084,0.28651518025980116,62.26439467573751,5.563436696225329
stream,1085,0.28591415601857,62.55689479288068,5.563444338682937
stream,1086,0.28528988518647697,61.7617185697844,5.49993654534427
stream,1087,0.2845137990562517,62.73214373088764,5.471862704482021
stream,1088,0.2834620726249131,62.498696416064774,5.518264473033757
stream,1089,0.28233405761048563,62.47569297806019,5.526798391698044
stream,1090,0.28101462872658545,62.44193544430898,5.507325014385562
stream,1091,0.2798628852195941,62.49264320179361,5.505189628205223
stream,1092,0.27896663232156027,62.43537255663634,5.50645132906392
stream,1093,0.27798264455288607,62.61719388264501,5.500068078332434
stream,1094,0.27726206215734317,61.97887095756861,5.469219227690828
stream,1095,0.2768555929186828,62.053396525666834,5.441605902937995
stream,1096,0.2769593295639823,63.35410197273203,5.52744560291392
stream,1097,0.27607989652590376,65.01553485994368,5.709833663625793
stream,1098,0.27520182705355506,64.98904534046393,5.805811682548722
stream,1099,0.2751208228305378,19.894049548066512,4.126974115961793
stream,1100,0.2752284635319223,11.67647265393321,0.6775944972306567
stream,1101,0.2745255112111128,8.099316964702252,0.6685486873429597
stream,1102,0.27250940457804695,9.251769379855165,0.5867593027185738
stream,1103,0.2719091493738048,10.28530597274278,0.8323526474838946
stream,1104,0.2713520146405847,9.90110917268433,0.9132988020573855
stream,1105,0.26937665250428905,10.589949314439906,0.9726210008139654
stream,1106,0.2662538158344686,11.129206732683691,0.9550756284714366
stream,1107,0.26361069846214785,10.320043819480167,0.9631358516510179
stream,1108,0.2545048438076552,46.032218128540336,2.407340669081769
stream,1109,0.24777137883930442,49.66131152963058,4.614192929583552
stream,1110,0.24184118770919188,51.729404168145685,4.6181477374393385
stream,1111,0.2324719744804441,84.11320054367538,6.420542057336884
stream,1112,0.22728862801137809,102.83758829416882,10.166685937705733
stream,1113,0.22317971389174152,106.12090053578746,10.348164199473407
stream,1114,0.21984211267018056,108.10534987875248,10.328321365343255
stream,1115,0.21699413215690713,107.92392325505918,10.392230358320452
stream,1116,0.21396503382463872,106.72552691571633,10.294710681587672
stream,1117,0.21116960568754656,105.0655496688502,10.123007210096008
stream,1118,0.20834906428245573,106.0007836488596,10.075789029539468
stream,1119,0.2061121409649322,105.71732282471622,10.069660673199516
stream,1120,0.20402921910480368,106.00142924939273,10.120249183206408
stream,1121,0.20239768965525975,107.16171866167639,10.252724655964906
stream,1122,0.2009827229413103,106.28240887163165,10.329415294211817
stream,1123,0.20053317462169892,105.13302722272216,10.168591956490557
stream,1124,0.1974983172992798,168.839295046835,12.776044789759094
stream,1125,0.19623209815490877,182.16020853826248,17.98258204086572
stream,1126,0.1955324580464277,187.41599714313898,18.02820134548908
stream,1127,0.19427592063699656,210.0885226087603,19.690505316562106
stream,1128,0.19441326169997328,190.87548940297472,18.21362076229016
stream,1129,0.1955681950424912,199.70340085921725,18.11068909410046
stream,1130,0.19688747217723826,202.15117654026716,18.205650524017322
stream,1131,0.19709916557335172,171.64183086016016,16.419962211660646
stream,1132,0.19641763933515669,155.51332378456308,12.67530102153745
stream,1133,0.19862397710347318,193.43305563878891,14.850402559934718
stream,1134,0.19929401949500833,207.8258571182456,18.768754380775402
stream,1135,0.1991793176882468,208.82156994513326,18.988170711594446
stream,1136,0.1995202647842691,209.06069379368992,19.046590845610496
stream,1137,0.19838556418818715,209.9740876825322,19.13989479136225
stream,1138,0.1964765730033874,209.78242041655858,19.088691231097993
stream,1139,0.1945294536647408,209.5643920581911,19.111280123385892
stream,1140,0.19276695551477893,209.2876577235085,19.0561430726006
stream,1141,0.19169893433716886,208.07168320485246,18.92663085189021
stream,1142,0.19014957174494776,208.74132894343987,18.926756896412588
stream,1143,0.1891286810530374,208.07192060034254,18.886435506833724
stream,1144,0.18857986315765016,144.62323112458986,16.199859760455187
stream,1145,0.18796859877332836,130.21028412809105,10.953211197232402
stream,1146,0.18730683833730763,124.66159697082944,10.90942276883973
stream,1147,0.18659812849691568,101.95018471896746,9.220279889256538
stream,1148,0.1861980690631686,85.75422418202069,9.232777917746771
stream,1149,0.18602515444021708,72.82377497764416,7.11209015066065
stream,1150,0.1858227173670849,69.93800593929431,7.136603649498895
stream,1151,0.18595286697554927,68.25759574844403,7.150677736733928
stream,1152,0.1862321310280507,66.07019062505586,7.194458441344453
stream,1153,0.1862264633535116,24.803351803119973,4.909885948913177
stream,1154,0.18659196925209734,8.515688063134656,0.9928263998047508
stream,1155,0.18724010750499578,7.533659869183021,0.7079425039994249
stream,1156,0.18778949280489848,7.176095026872854,0.6486202998910544
stream,1157,0.18879730619289414,6.426298621193611,0.5492185054242412
stream,1158,0.18994962469430002,5.985719588114772,0.5763559028641845
stream,1159,0.19057308497746855,6.432935290228585,0.5489101087503879
stream,1160,0.19126613333278353,6.435458096994168,0.5822140881728604
stream,1161,0.19176275271926616,6.28575864724169,0.5785675992847849
stream,1162,0.19229858032940203,6.215871139840123,0.5203014625519604
stream,1163,0.19243145009213608,6.345549784162676,0.5077462103243232
stream,1164,0.19178772577574935,7.449501525267211,0.521129390414522
stream,1165,0.1911176267353188,7.584126106243719,0.5263099092580418
stream,1166,0.19040284166398527,7.297938817666203,0.5375140013905159
stream,1167,0.18996936108320878,7.857140255435439,0.5460670176097168
stream,1168,0.18953662318912634,7.6944946658144495,0.5917206505130885
stream,1169,0.1891648911832779,7.489094490061119,0.5901942901022617
stream,1170,0.18890286152924135,5.877092108859051,0.4565045300117066
stream,1171,0.1885440067870347,5.835970727401559,0.4291215364017717
stream,1172,0.18808291190982238,5.359950139677931,0.37770899712916334
stream,1173,0.18790909383710006,5.303527795280876,0.31067480460442
stream,1174,0.1877263472948862,5.16723537995108,0.3045256595817406
stream,1175,0.18781341690740347,5.718547464331955,0.32159351357335125
stream,1176,0.18581258439722065,9.299857235483438,0.559914157863118
stream,1177,0.1840906917538433,9.957058280861778,0.8112304700694453
stream,1178,0.18281953093684913,10.321409555084879,0.7838589577334885
stream,1179,0.1807940307728733,10.232048293187653,0.8617524420402525
stream,1180,0.18075688172751003,13.471636166062233,1.0420835971233011
stream,1181,0.18100979628250113,13.48146014025244,1.1394657729993967
stream,1182,0.181986827218098,12.627098558694712,1.1147660667734012
stream,1183,0.18355510802784006,12.644389835417353,1.0640329008891218
stream,1184,0.1852408984314352,11.246334162786908,1.0517897362590864
stream,1185,0.18570102531455296,11.992594795569355,1.0606221015538881
stream,1186,0.18563833326442206,12.156330278459786,1.0533062516992924
stream,1187,0.18522007602930723,11.495803724732067,1.0440738133146183
stream,1188,0.18383289172250483,11.68551087147107,0.9758313523080061
stream,1189,0.1862946847550589,16.985389345251935,1.2487794151482008
stream,1190,0.18743134963290578,17.983545377345337,1.6209911604964924
stream,1191,0.18773622205447366,17.858392929455928,1.645331195285076
stream,1192,0.1887493717071678,18.015015607951696,1.6648504132437498
stream,1193,0.18886207779814584,18.110225220531888,1.6921990673054037
stream,1194,0.19133935923065493,19.34245455295889,1.7909291406382188
stream,1195,0.19182711434673538,19.7996817907508,1.9272274198730917
stream,1196,0.19298637305300753,16.35048718772334,1.7618161586512473
stream,1197,0.19537684934288957,15.813861238610572,1.5068380929417966
stream,1198,0.197292654010523,15.268231819860112,1.5469914094042914
stream,1199,0.1999250150394225,15.23006647473115,1.4911312592471955
stream,1200,0.20147281398291744,12.206020297938263,1.3174153666555746
stream,1201,0.20489124157864977,13.112016884896848,1.312145907911656
stream,1202,0.2079903951400195,13.056809500926349,1.3675913403078908
stream,1203,0.2111445485438117,12.850487099723784,1.367602798503528
stream,1204,0.21237647604054682,13.90650355909012,1.3931587193752166
stream,1205,0.21473540417310966,13.545294697284048,1.5278821442176587
stream,1206,0.21509122719573778,14.506877499310175,1.6188429259137815
stream,1207,0.2133686691400279,16.062784767068717,1.618920964811385
stream,1208,0.2125630166587575,16.104042044044977,1.782319505392818
stream,1209,0.21165619752372114,10.766872824316355,1.511862630893153
stream,1210,0.2097143686498837,10.038141496544387,1.1451206247374122
stream,1211,0.20801454657264107,9.953348104819176,1.1393311523467242
stream,1212,0.20540296767058114,10.003009369182747,1.1307513792555455
stream,1213,0.20353396968344784,10.15651182531173,1.1341069024279888
stream,1214,0.2005263716207035,9.483824579161878,1.090822212392485
stream,1215,0.19824072316896585,8.705305099070124,1.0127901278337936
stream,1216,0.19557321965367436,8.628940617351642,0.9487628394699256
stream,1217,0.19418624879625096,9.070854815637759,1.0116157642696826
stream,1218,0.19274434185136602,8.919796004743189,0.9908463366715747
stream,1219,0.19136183571406107,8.559592863710165,0.9700386865966775
stream,1220,0.1901072847630592,8.3831656280916,0.9305019875045126
stream,1221,0.18899978844562046,7.4746026347859,0.8372569086410737
stream,1222,0.18838953745749012,8.976840135729283,0.8294389145241304
stream,1223,0.18732589957293996,9.150727782817437,0.9166865285964023
stream,1224,0.18581066608705848,8.096989055716781,0.890017329007957
stream,1225,0.1840359347056217,8.131487686193598,0.7293554748168141
stream,1226,0.182386025294206,7.015291306563981,0.6822747309078311
stream,1227,0.18092263772777264,5.432114637916446,0.6822747291964371
stream,1228,0.17931343769382085,6.386388795678557,0.5920349357856429
stream,1229,0.17729945927256519,6.646734275660711,0.6032123153143548
stream,1230,0.17540104590495995,6.360632076419998,0.600780039282769
stream,1231,0.1734915000561515,6.381791851454644,0.5779739673190474
stream,1232,0.17215186415865377,6.417648116676621,0.5673352124823268
stream,1233,0.17006718290545472,7.0838069549632845,0.5341644110004186
stream,1234,0.1677472517312618,6.540539421197787,0.512331413399719
stream,1235,0.165778101293651,6.7100741417320195,0.4403507706625815
stream,1236,0.16367975187948366,6.661176073229259,0.43487722019548786
stream,1237,0.16165132948251537,5.994078059447648,0.37110694745137046
stream,1238,0.15946697008365973,6.035450766246563,0.3688061711243294
stream,1239,0.15686129954752714,6.834208365680972,0.3950262490710186
stream,1240,0.1539019140209391,7.509633125577644,0.3944134109471082
stream,1241,0.15111424275450414,7.781711966501584,0.48765842608072313
stream,1242,0.14850597348844474,6.263063816318596,0.4419246235588691
stream,1243,0.14594055665625397,6.10961295226244,0.35519653963765563
stream,1244,0.1434701051381169,6.7427431383733385,0.3819421298793814
stream,1245,0.14102036070827542,6.497008697174361,0.3755588617488029
stream,1246,0.1386757277637976,6.813088573278518,0.3243553012033131
stream,1247,0.13624197700762009,7.310654576389011,0.3546900505935673
stream,1248,0.133351432367153,6.169217665854097,0.2828579059917037
stream,1249,0.13051743623674095,5.998992276403111,0.2741471751078341
stream,1250,0.1281811271616944,7.185772735773474,0.2898883972774524
stream,1251,0.12577195595407342,8.721164436597828,0.5183855765021519
stream,1252,0.12337631662971563,9.29507114506117,0.521801759535117
stream,1253,0.12135035069821697,8.35401693495918,0.5583124382951987
stream,1254,0.11930827794700301,8.675421174196188,0.5259104512804813
stream,1255,0.11732333556061081,8.287786666236942,0.5320825232451586
stream,1256,0.11499562035589672,8.795897860203137,0.5530653259645111
stream,1257,0.11297376400564413,10.023613463318334,0.651349506166911
stream,1258,0.11149550507269362,10.043874502846064,0.6780874586535623
stream,1259,0.10994632859410303,9.59469914065181,0.6753414028589126
stream,1260,0.1085826817861217,9.091467853775336,0.6755716946286807
stream,1261,0.10738278491050122,8.96604377131472,0.5825569677324475
stream,1262,0.10563699443084609,11.987703089950124,0.7347355511927673
stream,1263,0.10486014444994103,34.82153195794703,1.075133655501699
stream,1264,0.1102768188376726,34.42822614179361,1.689163318970103
stream,1265,0.11801017466042864,34.536555578457126,1.728268338494344
stream,1266,0.12411093422092703,35.409858999285056,1.7280380449465653
stream,1267,0.1298093942877537,34.91256477497622,1.7311573601420622
stream,1268,0.1330010227552556,35.84801135644174,1.7726012940274913
stream,1269,0.13139796445743018,40.32036466272566,1.8219662838553397
stream,1270,0.1295486970551311,39.129124978615344,1.9565805564248335
stream,1271,0.12840104611112838,37.96064975699131,1.7353801460110276
stream,1272,0.12663637128650546,37.40821132260194,1.8048810392749646
stream,1273,0.12330607681078566,37.977130280840136,1.7683970731398149
stream,1274,0.12019204787459002,37.63336216636402,1.791817630279617
stream,1275,0.11839666830862824,38.03774260091635,1.7808094451489445
stream,1276,0.11614432540781988,37.64948756149413,1.7865989829800122
stream,1277,0.1141842962863824,36.383318677940885,1.6892168796070335
stream,1278,0.1111490398634715,37.17784643328603,1.6728399289022546
stream,1279,0.10918532291927248,37.08562021144951,1.7309800211126947
stream,1280,0.10718921681602442,36.96956022820841,1.7611608355175483
stream,1281,0.10573016125237811,36.77163680752414,1.767001639902539
stream,1282,0.10507543968056417,34.071684964515015,1.6257701643971887
stream,1283,0.10507619155429698,12.099522812642705,1.2868907810945942
stream,1284,0.1048545241513841,12.66531575681116,0.783213832968092
stream,1285,0.10517269011631337,12.216892280420149,0.7599984732034727
stream,1286,0.10605587033006608,11.397117411756666,0.7636640599959487
stream,1287,0.10762820573615463,11.394421233220097,0.7495900646807454
stream,1288,0.10954305340364953,10.550705533487251,0.7148033709581387
stream,1289,0.11195670496727127,6.116680234673933,0.6928672460047831
stream,1290,0.11440043761435381,6.206395770940704,0.5463885234954178
stream,1291,0.11736367044600493,5.816355839185438,0.5448299545626449
stream,1292,0.120253453254227,5.609512625006134,0.47161218823496837
stream,1293,0.12282722888046312,5.033057406120529,0.47062063285973404
stream,1294,0.1261463774752305,5.643984674188669,0.4936171153409651
stream,1295,0.1298104100352485,5.231246246937446,0.5149137323625662
stream,1296,0.13324564527928762,5.129355830033498,0.4851153942559936
stream,1297,0.136394231281254,5.540726540177145,0.5207086958851518
stream,1298,0.13981328738064727,4.700679493206109,0.5103476931273572
stream,1299,0.14286022743005275,4.606057577716235,0.4294015297999195
stream,1300,0.146030944701676,4.657047280715825,0.42361206104960636
stream,1301,0.14899047077519845,5.321378967770623,0.4236464514536281
stream,1302,0.15249840425513758,5.843656758969331,0.41088374486160817
stream,1303,0.15536305843613457,5.203531501442067,0.49099453028894235
stream,1304,0.15729543155454245,7.228659778769206,0.4097830391416458
stream,1305,0.15803324770713914,8.230887922003202,0.4055733265598311
stream,1306,0.15904579044739756,8.743035954018339,0.5298784015251887
stream,1307,0.15844276612441327,11.15409937692475,0.7490493700917011
stream,1308,0.1587593726454388,17.39088385191242,1.312584200965048
stream,1309,0.15955536440676077,17.319488474740027,1.4542780236862851
stream,1310,0.15959347188696876,17.255037549216322,1.448578010317265
stream,1311,0.15907854453197037,17.305033668190756,1.4446897961640406
stream,1312,0.15826952500732652,17.23463142269704,1.4453692183311446
stream,1313,0.15495756052590842,31.94026875341288,1.9296803840222125
stream,1314,0.1509184267950663,44.736253293647536,1.8821271651968614
stream,1315,0.14988080618687255,46.48435790182462,2.0375571422021443
stream,1316,0.1506613110117618,58.90265740117237,2.8924376787765835
stream,1317,0.15231867528015317,59.772715101859625,3.0693750925607812
stream,1318,0.15512961175124948,61.038747469178595,3.053428155325721
stream,1319,0.15732083560662638,61.04725265605443,3.119992069052349
stream,1320,0.15973784939577096,61.039420457376984,3.13918771920484
stream,1321,0.1618503309732561,60.53796392435998,3.143943665677673
stream,1322,0.16296151064267747,59.675092957433755,3.1610229860128305
stream,1323,0.16352965455613705,61.33455623059435,3.1220783565385117
stream,1324,0.16323047902830856,58.51679504739499,3.1220784511464705
stream,1325,0.16203370798504915,57.52463914407285,3.109262317701396
stream,1326,0.16101955998133574,57.9399561061164,3.0543129270945433
stream,1327,0.15931202086661916,55.56806756087545,2.849296199497214
stream,1328,0.15751089984683583,50.00623622375886,2.3098083641838265
stream,1329,0.15538388761014665,51.80002262794236,2.1357278322990934
stream,1330,0.15279496197237913,51.88338140780931,2.2217727307164115
stream,1331,0.15126436645958488,51.932679928508854,2.237548327515341
stream,1332,0.15035390523180917,52.078098220842705,2.249709626266782
stream,1333,0.15013251807401004,37.327133549584666,1.7675338351611387
stream,1334,0.15092393360119166,24.535079675513884,1.7823538664802672
stream,1335,0.15237236281359715,22.770019988873685,1.6269964581299767
stream,1336,0.15461572345098418,10.354257151464866,0.7721044682150551
stream,1337,0.1573276652089468,9.19943416874279,0.5803966522799743
stream,1338,0.1599190599800041,8.279842265365726,0.5819383143566313
stream,1339,0.16252437897544145,8.157135020341483,0.5329388428774001
stream,1340,0.165508649166836,8.243083023063049,0.5226558286592837
stream,1341,0.16806910942087233,8.13591576253987,0.5144454991463365
stream,1342,0.16989030506192881,8.547987126964658,0.5021755993104605
stream,1343,0.17199334411454711,6.918065141151649,0.505812352768019
stream,1344,0.17387123300086268,7.006703467447009,0.44740750546699637
stream,1345,0.17582885477568083,7.025122267122599,0.4485589698903597
stream,1346,0.17756396850072015,5.71579460783554,0.377372388064831
stream,1347,0.17940421972650403,6.263685987983239,0.3586542695891468
stream,1348,0.18073902879412526,7.881764134168187,0.5521572475728276
stream,1349,0.18304184380174335,6.559719600511721,0.5947352285747052
stream,1350,0.1854947342697862,8.088638221542034,0.6474742982785705
stream,1351,0.18778846225766904,8.049225948700933,0.6876925091929612
stream,1352,0.19059467818415246,8.066003607757295,0.67492982717365
stream,1353,0.1922312876092541,8.154796846822391,0.6920756737362118
stream,1354,0.19353358229749776,9.22110434167624,0.7456388684806396
stream,1355,0.19439043476117973,9.504181646924943,0.8524896490520518
stream,1356,0.1952735394872559,9.558074439518471,0.8518844428099753
stream,1357,0.19517205366770393,11.234102583243807,0.8939296902098433
stream,1358,0.1952408245794531,11.056425611606189,0.9314051314162662
stream,1359,0.19561876043340046,11.61823864855532,0.9715775851740058
stream,1360,0.19602465817108233,11.533276510531206,1.0020438764600377
stream,1361,0.1962148375906045,11.55685632074802,0.9993927781851508
stream,1362,0.1964687828383911,11.966594982353449,1.0347328964621167
stream,1363,0.19670259574187246,12.193827983293481,0.994832713273462
stream,1364,0.1960303313210575,12.783719306141236,1.0923370372195094
stream,1365,0.19463008306935872,13.672649417287452,1.095998797483368
stream,1366,0.19364963511073183,13.742986108727578,1.1032765156948614
stream,1367,0.19280451293552817,13.164895734055563,1.0895926856620757
stream,1368,0.19248815534133146,11.996868537614008,0.8866476962557588
stream,1369,0.19256038554508387,12.392103829486292,0.8435349091586166
stream,1370,0.19309201753731262,10.77667457273379,0.7223765158482411
stream,1371,0.19371834920669276,10.720437428223075,0.673624365445259
stream,1372,0.19405143379837536,10.54327638806706,0.6754590596225852
stream,1373,0.19342751569344943,11.264652226414496,0.6870380959992052
stream,1374,0.19279214475011147,10.103339638541078,0.618658689379312
stream,1375,0.1924465555835884,10.063568497814646,0.5245171121871275
stream,1376,0.1924455662975299,10.250187459242282,0.5245209333182951
stream,1377,0.19254054644142796,8.574547908119186,0.4616680505123227
stream,1378,0.19267211981602597,8.408561122855563,0.448958921828737
stream,1379,0.19320072313870254,8.508367009371131,0.4167741860619052
stream,1380,0.19309502803358372,8.81289164878078,0.41677423698449967
stream,1381,0.19238617982456194,9.061462161216493,0.4167742369186765
stream,1382,0.19133183109415827,8.201727561559634,0.378440313638954
stream,1383,0.19025672708474214,8.82586235337142,0.4043405625256432
stream,1384,0.18935300652598472,31.51898692840738,0.7568237548292682
stream,1385,0.1877822085883645,30.61383945719009,1.7589426025970556
stream,1386,0.18619726895821956,31.58238094553406,1.7717854662831811
stream,1387,0.1848134118338344,31.704459820097952,1.7733042049274275
stream,1388,0.18389429361639917,31.417488508332863,1.7733768093809597
stream,1389,0.18313675553615788,31.25813220976369,1.7727601566233069
stream,1390,0.18333894630289924,31.267851481846066,1.8086863682671914
stream,1391,0.18343891043285945,31.26891250647088,1.7980094222871243
stream,1392,0.18430396087434794,31.492699268181944,1.8181299647464313
stream,1393,0.18539295416481608,30.808810699657478,1.8016176646661912
stream,1394,0.18605213459618786,34.832000433086506,2.048986706880096
stream,1395,0.1878074583436222,189.53127501660015,9.466299035616041
stream,1396,0.18760286914481322,237.59865384628284,10.694324547854587
stream,1397,0.18050579211649928,276.1180074726414,10.733414220768582
stream,1398,0.1692164433272923,276.35952249178746,11.933999403543462
stream,1399,0.16033031443353518,286.3079163386979,12.537139260435614
stream,1400,0.15169754157758453,289.3657067812567,12.524473101340103
stream,1401,0.14365312270230496,289.83644321279013,12.564622638404956
stream,1402,0.13628309259018048,292.24941490119716,12.593218164274713
stream,1403,0.12936822781771476,291.2889354551467,12.572526760624195
stream,1404,0.12276468977284655,268.0266343451032,12.128945394570977
stream,1405,0.11700271472294065,268.17867466480175,11.14657005852428
stream,1406,0.1101829481309335,267.1966654850513,11.128280374093686
stream,1407,0.10498757656921426,267.5997699830177,11.173178673185268
stream,1408,0.09989867803851629,266.7106517640708,11.185887874092593
stream,1409,0.09474990764596694,265.99812462603035,11.191997176648632
stream,1410,0.0907786450323987,266.21200061424037,11.136625965332332
stream,1411,0.0874135214982411,266.33607994498215,11.163835964755537
stream,1412,0.08416286361104072,266.3077299395629,11.156696940903654
stream,1413,0.08182970243182036,266.2991654719112,11.179912270479452
stream,1414,0.07854575711494047,261.85106598469,10.937322062634731
stream,1415,0.07545329735586782,107.49226682337631,3.5627480428027396
stream,1416,0.07337357929920488,59.494363497266995,2.3349451800504184
stream,1417,0.07133094264441858,20.993058234743394,2.2947078724912138
stream,1418,0.07008234206450645,20.76843107573115,1.0693334603705962
stream,1419,0.0684362148157493,10.112034992196815,0.4394272198095033
stream,1420,0.06638180415083783,8.337740176028484,0.42154690296184877
stream,1421,0.06489523558243887,7.663964039025192,0.474642379385039
stream,1422,0.06368306922970524,5.365299254652445,0.46612157426767203
stream,1423,0.0638447484334114,5.86899633945933,0.5362467212510995
stream,1424,0.06450058315899922,5.779519076134351,0.5313440146833391
stream,1425,0.0648855001187908,6.1360963972891405,0.5238131223533316
stream,1426,0.06577883981228173,6.10081742439905,0.5639647844608405
stream,1427,0.06667247689188888,6.344151858022569,0.5383057233854561
stream,1428,0.06769558395233626,6.255856938111142,0.5810440923788182
stream,1429,0.06876431633464646,6.197656107411624,0.5767542251073476
stream,1430,0.0698976646554337,6.450969359919835,0.5937800185866994
stream,1431,0.07106729912684182,6.395628595727322,0.6177735354617282
stream,1432,0.07282653846042147,7.466133784390674,0.633368460965088
stream,1433,0.07456017861823021,9.174541850317256,0.7988025844696677
stream,1434,0.076948157776517,10.171334349426061,1.0962161050923767
stream,1435,0.0788783747075742,9.859904740952768,1.0135585912203642
stream,1436,0.08084960302939284,9.737357365913661,1.0281521572712131
stream,1437,0.08286838908579705,11.505304847013127,1.052705077726083
stream,1438,0.0849240030300816,12.657054236202434,1.053719562623438
stream,1439,0.08581319290917247,13.50082523795927,1.0549528836941546
stream,1440,0.0874172345517882,11.799202101267285,1.0690481451630942
stream,1441,0.08889675962689583,11.675162500546753,0.9776187370304352
stream,1442,0.08967690830473526,11.68217749751214,0.9584024180473821
stream,1443,0.09043467614966107,11.025040069002241,0.8781657105042304
stream,1444,0.09159708454589632,11.204716497509976,0.8803240271393944
stream,1445,0.09212473899779854,10.754146053181541,0.872414387914807
stream,1446,0.09288448911456897,10.74024324988076,0.8292099794392458
stream,1447,0.09354986435034925,9.965271869936355,0.8084672806316554
stream,1448,0.09399335798559894,10.530015936262592,0.7623891177000721
stream,1449,0.0935185747935736,10.648292502284805,0.8119080057192866
stream,1450,0.09295185614544321,10.742015074424986,0.7975371300868696
stream,1451,0.09184627756009871,10.667325347752461,0.7735435810771232
stream,1452,0.09051013612272224,9.86216184881507,0.7625124833264016
stream,1453,0.08948033748088094,8.322100710644431,0.5570713473713829
stream,1454,0.08854902708426106,7.926726903569134,0.3590901808890705
stream,1455,0.0880770533059398,7.862866199999832,0.3990093888458261
stream,1456,0.08739031481498441,11.097266858854532,0.5980586032480945
stream,1457,0.08689057070673029,9.657415550644359,0.7713379894705554
stream,1458,0.08668683735121913,9.050678769676258,0.7682852432983398
stream,1459,0.0870993307435507,8.962386343434225,0.7701161317073749
stream,1460,0.08777571779222515,9.200339917814896,0.7301205280885357
stream,1461,0.08868591826612843,9.2250786083696,0.7392121842350565
stream,1462,0.08936987858622242,9.237150746136555,0.7639784283897278
stream,1463,0.08965679678989992,9.233598841788755,0.7704397143572124
stream,1464,0.08967737999591334,9.498499932976973,0.7902519448907607
stream,1465,0.08923836189568964,9.601915847645762,0.7813698532665098
stream,1466,0.08873462548808368,9.739380923521669,0.8026474116708574
stream,1467,0.08874156236368151,10.579941488369453,0.8062786086865609
stream,1468,0.08840323149269881,10.141426514477812,0.862713923165806
stream,1469,0.0873115092549257,10.991520670171727,0.8189332344398433
stream,1470,0.08593023426972227,10.497283972357945,0.8223532428506459
stream,1471,0.08481929532378443,10.517162592497,0.8009840874885692
stream,1472,0.08420284327630503,10.204442968113575,0.7818343370095556
stream,1473,0.08332505530470605,9.959531396979017,0.7964737331754517
stream,1474,0.08419220449775444,15.983298923349658,0.9942143797097482
stream,1475,0.08537293810932986,15.90115000054702,1.1843777503055068
stream,1476,0.08810588175717621,15.985360564298876,1.0258797630760392
stream,1477,0.09117437746642716,15.651035240164386,0.9160378322189505
stream,1478,0.09461472394452695,15.459767727513613,0.9156552851464689
stream,1479,0.09792693603208551,14.808418962250844,0.9248020168231771
stream,1480,0.10096678090241014,14.69824923668925,0.9476594309011328
stream,1481,0.1042479022093777,14.71131361475755,0.9476135972528841
stream,1482,0.1071077465362535,14.73867173898884,0.942128604106466
stream,1483,0.1099392834610507,15.744870631591711,0.97316567428473
stream,1484,0.1122137217357701,15.282357676204832,0.9576984180138707
stream,1485,0.11374862997195265,15.204790388879738,0.9576907752946011
stream,1486,0.11442115105187399,15.135518593894838,0.9433541934228451
stream,1487,0.1143603275980171,14.690885067084876,0.939176741996498
stream,1488,0.11274681434395345,14.381064706608395,0.8763428997121799
stream,1489,0.11003265908236229,13.417819429945789,0.8694019284671862
stream,1490,0.10713091375325075,13.355271874083687,0.8708846168934598
stream,1491,0.10480120097098816,14.952640723950855,0.9287033587794638
stream,1492,0.10255479601471931,15.11429070646573,1.0966504783423068
stream,1493,0.09947953354453677,15.081610907965104,1.0965970067213544
stream,1494,0.09682631801323337,8.599434270018952,0.814086324713681
stream,1495,0.09456198693839589,8.831005318245442,0.6204990888862201
stream,1496,0.0928034693518216,5.301983941976291,0.5800013105598758
stream,1497,0.09156071673279527,5.326757957773203,0.5114521173534862
stream,1498,0.09083027330841638,8.112002854874087,0.5941096336332078
stream,1499,0.09044322461183096,9.439681897079954,0.9027338555297996
stream,1500,0.09139499636390014,9.918361923405387,1.0264887049150215
stream,1501,0.08744432333444316,11.37893807922596,1.1696214574473418
stream,1502,0.08924367516852601,11.27772641950384,1.1844758521022705
stream,1503,0.09343848873252353,11.05954423834796,1.1997968672651276
stream,1504,0.09855988176060781,11.57471775703167,1.2837537562131385
stream,1505,0.10449766125934223,11.436308748250923,1.3029722291009942
stream,1506,0.11005756171720936,11.700403478820144,1.3015239128979743
stream,1507,0.11496954799173235,11.370574779478572,1.3057013918441387
stream,1508,0.11980348834051474,11.914137336603154,1.3120158899366372
stream,1509,0.12321210886582039,13.131387496044292,1.3150418815551213
stream,1510,0.12543647399472252,13.122777418645528,1.3550374841988528
stream,1511,0.12754109995205273,11.516922893456092,1.2929823309729838
stream,1512,0.12951446471289707,11.758297202890013,1.130876026868958
stream,1513,0.131123356641916,12.327728684236869,1.2093048234117962
stream,1514,0.13198799384820564,12.37371282283605,1.1900939605647975
stream,1515,0.1321149234642589,12.288763611786708,1.1837030766287275
stream,1516,0.1331441630735707,13.192314525701832,1.24677102418636
stream,1517,0.13279595936834135,13.087980367411571,1.2786643894239156
stream,1518,0.13014734009808102,10.068523220622286,1.1976112858661032
stream,1519,0.12643022883868998,9.003611889953277,0.9237241933158131
stream,1520,0.12611892438278802,8.370456271465946,0.7770737696290332
stream,1521,0.12662447762779797,7.424970727639916,0.656613860956168
stream,1522,0.12746980622346896,8.033605422621447,0.6246136190472776
stream,1523,0.1270227326406105,7.887326864524381,0.6469586485476451
stream,1524,0.1269696256897374,8.105005808325066,0.5540776737483601
stream,1525,0.12664188287893186,8.497193894785566,0.5407420153544219
stream,1526,0.12525627463301967,9.64230483726984,0.6820254072183753
stream,1527,0.12413813285645925,10.638192568427565,0.6778593812226509
stream,1528,0.12307210681195005,10.20454093825617,0.6965010523378803
stream,1529,0.12180590993606344,9.346083826147964,0.693994585646234
stream,1530,0.12052718458325594,9.50247384353908,0.6525506692055393
stream,1531,0.12175972355858045,10.431911233909705,0.6598283596598122
stream,1532,0.12401654374042516,10.729630855952317,0.7880483237609532
stream,1533,0.13012252102817168,10.170485512334286,0.7349527674246602
stream,1534,0.14105856528216607,9.88787243642495,0.7349451317261735
stream,1535,0.1433185622696911,9.624931698072334,0.7052117662100634
stream,1536,0.14247116631577414,8.773328360137869,0.6363865214584487
stream,1537,0.14145593176093238,8.84330149565329,0.6021312420436815
stream,1538,0.14123278145467785,9.764921744617105,0.6598489824873858
stream,1539,0.1410008609982968,9.494702418695283,0.6427107139187908
stream,1540,0.14307019792591594,9.836081972989726,0.6598167129215157
stream,1541,0.14429136203307275,9.31208809860011,0.6289335286507484
stream,1542,0.1453475308733288,8.926820254883209,0.6302295743181904
stream,1543,0.1471705357968585,8.435810587128548,0.5530154526752009
stream,1544,0.14798890039358184,7.683509083896793,0.5527813379075704
stream,1545,0.14894652991694488,7.496561816532741,0.5503147179316766
stream,1546,0.1499275233383378,6.016030055100349,0.40559983347858114
stream,1547,0.15155288933248115,5.319051552864133,0.4140993624125725
stream,1548,0.1532976423101947,5.2960722334273855,0.36354141038582055
stream,1549,0.15506843972497455,6.386567557764989,0.47819542126955694
stream,1550,0.1569707707842786,6.202042580650211,0.5024247253138985
stream,1551,0.15897159977497213,6.149020218632143,0.5206800292443844
stream,1552,0.16101023692870148,5.421551963561973,0.4692767636872682
stream,1553,0.16311681345324058,5.648663544594424,0.4352327901924051
stream,1554,0.16507463092632155,6.60701633891729,0.5033895423215812
stream,1555,0.16715020611504744,7.144983628526186,0.6307586730273187
stream,1556,0.16926126146590814,7.103117061179978,0.6344089669046497
stream,1557,0.17113624738369418,7.106960010204116,0.6264421066533958
stream,1558,0.17281553509863581,6.122454701310854,0.5973008734010423
stream,1559,0.175003457967458,6.271558205877266,0.5729608211465373
stream,1560,0.17745238163157262,5.98296287788336,0.5592464277372159
stream,1561,0.17998874512382848,5.952475357083314,0.5675025807124432
stream,1562,0.1818650023133965,5.776422172541812,0.5723043561538121
stream,1563,0.1840380828987813,5.714128181720455,0.571624939425295
stream,1564,0.18545894563262483,5.726946981906899,0.5734443571377584
stream,1565,0.18637464002393878,5.502516793559082,0.5700357981433807
stream,1566,0.1873847757745374,6.469102038371734,0.5867418341361492
stream,1567,0.18792865961238492,6.101022659541499,0.6372888605844863
stream,1568,0.18842493949766398,6.742321736316066,0.6571011373179347
stream,1569,0.18877496470787558,5.452168264877198,0.5431303647051351
stream,1570,0.18875013410478284,5.457932473017844,0.516434413510299
stream,1571,0.18809413041792034,5.20828617413083,0.49658235983820387
stream,1572,0.18691994915904933,5.102374106835546,0.4356498510282373
stream,1573,0.1856699165605627,5.5932618679983666,0.4356154758146776
stream,1574,0.18374086624471872,4.648066791496397,0.4268954609896294
stream,1575,0.18151155067513883,4.109901068566304,0.3000725917373232
stream,1576,0.1791957302223872,4.586631572036003,0.31475019215680233
stream,1577,0.17717152796958535,4.512312579926569,0.3390918858728688
stream,1578,0.1750108916594408,4.467859629645318,0.31783507480324136
stream,1579,0.1725047396633222,4.219267912627526,0.3117639523428206
stream,1580,0.1691194004449759,4.346685457564441,0.3007786722677609
stream,1581,0.16569858804277554,4.947470048176202,0.28979339303961893
stream,1582,0.16256163390105513,4.884953188107085,0.30084141918476975
stream,1583,0.16003244298081293,5.045810475812046,0.33445376661152615
stream,1584,0.1579046761027386,5.865657691295234,0.341792569562983
stream,1585,0.15579735443451673,5.864899466544069,0.3609423495568505
stream,1586,0.15368057137671734,5.004695232715211,0.3426946692985436
stream,1587,0.1519353785747818,5.5710816809585495,0.33850574923242666
stream,1588,0.1500008577638218,5.123054217799368,0.39169946908883213
stream,1589,0.14887130064656384,5.0045792962467885,0.43370106537141384
stream,1590,0.14804193997897286,5.969513097286129,0.4667878998546915
stream,1591,0.1475102414760228,5.336426178764875,0.49950960786494447
stream,1592,0.14768834559360164,5.774771389297082,0.486666697245294
stream,1593,0.14812405425180997,5.524259411086076,0.5848067748412752
stream,1594,0.14890457987264719,6.396736152641684,0.5846998734435762
stream,1595,0.1498334376153932,6.558089683549541,0.6664401463299676
stream,1596,0.15118515029955287,6.503302083611292,0.6416738810689774
stream,1597,0.15279325013616074,6.490075775196819,0.6118586164322081
stream,1598,0.15466390039406636,7.312542037926754,0.6540387197237748
stream,1599,0.15615509663116156,7.5092883630164655,0.7271783967513136
stream,1600,0.1574031259362856,7.361223452616499,0.7363688210395855
stream,1601,0.1584463233064796,7.790932067265505,0.8143845262022666
stream,1602,0.15920583607198008,9.543713382628201,0.8072989477514669
stream,1603,0.15987278195247673,10.933572795340103,0.9955713590432687
stream,1604,0.16056111606135348,10.434867481610626,1.0110386268845897
stream,1605,0.1612235632640076,10.931360879483567,0.9922713969730875
stream,1606,0.16177726869896963,11.602462221068915,0.991139033205416
stream,1607,0.1621854349310025,11.12262744281179,0.9484809202470273
stream,1608,0.16242900038595753,12.016425374806223,0.9535533371234464
stream,1609,0.16215252190084445,12.389711598119995,1.0637303187959617
stream,1610,0.1615747498339348,11.438405253118683,1.0574157897372451
stream,1611,0.16087214711675987,11.501136815686333,1.0208440295533783
stream,1612,0.160880153872827,14.009158931677405,1.0997218955794343
stream,1613,0.16119083453263836,13.529074324861657,1.0685319814271639
stream,1614,0.16115930259490377,15.313419088973653,1.0968399991557527
stream,1615,0.16220061202845404,17.216675989782615,1.4422346537479722
stream,1616,0.1643136840893095,17.314374289986773,1.4565826595788032
stream,1617,0.16675765244278137,17.270610003001174,1.4590149313857232
stream,1618,0.16811117445875215,17.291023956516675,1.455134384265845
stream,1619,0.16831341822309864,17.65364461324792,1.382217358369847
stream,1620,0.16997846786864865,20.270566301895663,1.5711320656814696
stream,1621,0.17115500757997504,19.36732019112624,1.608831881455795
stream,1622,0.17261046710430827,17.83771030463523,1.6579627582290375
stream,1623,0.17320004767018177,17.03328469405011,1.5139714838172431
stream,1624,0.1741159664567019,17.220763479083274,1.6051362603296406
stream,1625,0.17411433269288262,19.133421222246824,1.7797515121101988
stream,1626,0.1735737796977904,18.97970721832418,1.8043731524826476
stream,1627,0.17344513088022107,19.39501097431376,1.8957719774097295
stream,1628,0.17394922580312738,18.31414683355038,1.814699778638075
stream,1629,0.17442875308844386,18.087664564277343,1.6852584807224271
stream,1630,0.17517855801283885,18.206905435307867,1.674288494169563
stream,1631,0.17618699786917277,18.586114330710178,1.7009576968125284
stream,1632,0.17694327638833063,15.64954543057463,1.6324086262552424
stream,1633,0.17749143723577224,15.718537680583388,1.5599887399779615
stream,1634,0.1778718169253803,13.657181764874423,1.4869444464555441
stream,1635,0.17863871488873423,12.163017624915689,1.1226624388807682
stream,1636,0.17944285405450927,11.759485522534332,1.1082915369424964
stream,1637,0.1803284364203922,11.94638632626809,1.1295881212217096
stream,1638,0.1813852380660688,12.152695752810967,1.216425309637269
stream,1639,0.1827180322396799,11.648782552391381,1.2253150617081758
stream,1640,0.1840325009811924,9.4896850548138,1.0786224711134347
stream,1641,0.18518152302531515,9.53589528904998,0.9965192989471235
stream,1642,0.18640194916664146,9.25793288718276,0.9343343394173426
stream,1643,0.1877099468974093,8.418105229319863,0.8564408551105785
stream,1644,0.18894927403776704,8.204173021937084,0.7600955622241332
stream,1645,0.18982223092148504,6.026769841666051,0.6094203579949204
stream,1646,0.19065162253903403,5.900950266580343,0.6532927136692912
stream,1647,0.19169543547295886,5.46575323143249,0.5825356310475792
stream,1648,0.19278449439127446,5.608925381871418,0.6142543356523202
stream,1649,0.1938422399052603,5.616267739517447,0.6115918146112646
stream,1650,0.1950286754802615,5.477629487322671,0.5997044749118433
stream,1651,0.19616794343387534,6.253792881789071,0.5997808629664693
stream,1652,0.19655421691329453,8.815014784366031,0.8188907189917662
stream,1653,0.19669390344898002,8.827346719210643,0.9462600658464186
stream,1654,0.19687064400211515,8.441191484797232,0.9332785366224681
stream,1655,0.19659004336065833,10.714190932714512,1.0445060601920366
stream,1656,0.19654273083763193,10.91730599048013,1.2246527416995925
stream,1657,0.19675610514157155,12.458261536409953,1.2219066571715882
stream,1658,0.19716505116199143,12.19963639035152,1.2556133260093167
stream,1659,0.19738030705510787,14.283541408919778,1.4768136020095914
stream,1660,0.19744268231881723,15.374973593657847,1.6391419963724498
stream,1661,0.19777023671660057,15.582507636409138,1.7463714997387323
stream,1662,0.19871006953424597,15.59971907744636,1.7639359349865582
stream,1663,0.19957220894829214,15.658728436744342,1.7646268106891663
stream,1664,0.20054364960413354,15.427285367009857,1.767140926231722
stream,1665,0.20165736125089836,15.4808946765034,1.7534494488195547
stream,1666,0.20263983771068106,14.997161506850194,1.6977677930380495
stream,1667,0.20380985409960187,16.185665894029427,1.7422513582486285
stream,1668,0.20499724908816883,16.13267936741566,1.772606895757521
stream,1669,0.20609905774922924,15.981476327648565,1.7598709309566374
stream,1670,0.20709792668733748,17.705512181051347,1.7826519016798703
stream,1671,0.20811833413147812,16.508291398281642,1.8564519119633243
stream,1672,0.2091638083473182,14.313772107819162,1.6425225443369937
stream,1673,0.21008483551289528,14.55004338280358,1.5391047311149286
stream,1674,0.21087963639778698,14.383246214967864,1.5740797455236295
stream,1675,0.21192678935569617,12.87294554909101,1.435661356922787
stream,1676,0.21274194003481198,13.179955944209148,1.3626411549852055
stream,1677,0.2136434939470904,11.54767707258529,1.4020201635727205
stream,1678,0.2147598944138035,11.720730976872135,1.2559776178734667
stream,1679,0.21637476330895133,10.020428580554995,1.0940443979243926
stream,1680,0.2178913126645845,8.923147572339413,0.9736265149210108
stream,1681,0.21895749508986947,8.649539699786015,0.8389337914029077
stream,1682,0.21969662705224302,8.632543145430361,0.825624872741691
stream,1683,0.22024873167364528,9.397905545116275,0.8688293218029071
stream,1684,0.22048526692437292,11.1498255033662,0.981004854725774
stream,1685,0.22050115777838844,10.863560932749728,1.0859298918190323
stream,1686,0.22033283628480077,10.85780440129502,1.0731175533309152
stream,1687,0.22031196127519326,9.989380445813676,1.0012509937303158
stream,1688,0.2204702659752918,10.78986660087543,0.9391767428627346
stream,1689,0.22046665556150144,10.883481127422728,0.9519776098725633
stream,1690,0.2206574737144238,10.459052384054216,1.0258540119160497
stream,1691,0.2208612509158455,10.437524390767605,0.9519776122786423
stream,1692,0.22119959877754095,12.24895762789581,1.0314258072026954
stream,1693,0.221440300096812,11.935974893987293,1.0848105586695702
stream,1694,0.2214862066335432,11.895330165254684,1.0482235135014182
stream,1695,0.2213198614636695,10.755083569316174,1.0189676270501309
stream,1696,0.2211184988204379,10.225399837485645,0.9097914326673463
stream,1697,0.22110288407735912,10.440877794717014,0.8484648343000774
stream,1698,0.2209150327558629,9.502168053019663,0.841325780587927
stream,1699,0.22028372196450866,9.75460460783144,0.7857090041978678
stream,1700,0.2189408003227674,11.955034730762407,0.7033254185634809
stream,1701,0.2177307816989564,12.61878229957476,0.9713499312431366
stream,1702,0.21598543158985356,13.585069194150362,1.075056318067073
stream,1703,0.21397925868155226,14.742504730424606,1.0586067565590291
stream,1704,0.21273021196377281,12.986641230519927,1.0402624009800518
stream,1705,0.21185591530126052,13.054845893429695,0.9263106516424392
stream,1706,0.21088420924692025,13.162664493651167,0.9390733598571926
stream,1707,0.21043828395646372,12.898455781628765,0.9329242142959266
stream,1708,0.20978841752432936,12.06714331879676,0.9615197560484218
stream,1709,0.20950224006387075,12.396588766906394,0.9566437817595569
stream,1710,0.20923818030337077,12.278816941846252,0.8599864259159027
stream,1711,0.20872933423676604,12.931051972313382,0.8296478240170456
stream,1712,0.20818031145928997,12.975225178241882,0.7559891691335027
stream,1713,0.20745828360426596,13.425961553031543,0.832045760047958
stream,1714,0.20667516812421113,13.417056476923303,0.853778342064675
stream,1715,0.2060680668440079,13.241664690919114,0.8468373706238441
stream,1716,0.2059810496102483,13.149127042521673,0.8510453923411341
stream,1717,0.20658063286424289,12.82554093419364,0.8495037438711127
stream,1718,0.20705971119655006,13.457121451103841,0.8495037447803969
stream,1719,0.20751260414747183,12.973891124668272,0.9146787282030973
stream,1720,0.20725921198638061,10.827232681759089,0.9405430076552745
stream,1721,0.20673775696903032,10.448271421360417,0.6664474051673136
stream,1722,0.20627188958737272,9.48295136860633,0.5761110213983319
stream,1723,0.20586078169699637,7.731284693062672,0.5578977151412896
stream,1724,0.20554041770308132,8.031142526239925,0.4427241079088531
stream,1725,0.20531852833756237,8.229486525985296,0.47434354858975447
stream,1726,0.20529434044520287,8.31071055390418,0.4743932008567345
stream,1727,0.2060707685242594,9.121256850222135,0.5731232109349383
stream,1728,0.2072007027989362,9.019180216851138,0.5575282863408627
stream,1729,0.20823358408847364,8.571349884754996,0.5415813608922391
stream,1730,0.20930845595171352,7.495031907493309,0.534027528789354
stream,1731,0.21089823067331448,6.861744585913244,0.5431857461152677
stream,1732,0.21353483901636286,4.856945682354536,0.5164401084393027
stream,1733,0.21593121630471696,6.379730616692805,0.38988614217150075
stream,1734,0.21870394881883712,6.781017629826584,0.5505414485979614
stream,1735,0.22113964246726808,7.566125546162324,0.5499247870657709
stream,1736,0.22353479337305,7.582239053283921,0.6437674139569075
stream,1737,0.22717386426823538,7.96960024454356,0.6597143137723536
stream,1738,0.23050980016803022,7.280317678991911,0.6475491882332955
stream,1739,0.23213406656631744,7.802731047801247,0.5941644072760177
stream,1740,0.23422258989128372,7.753493393513966,0.5580515315526183
stream,1741,0.23616637564897874,7.415510156110477,0.5854918258683783
stream,1742,0.23799786309487048,7.414167581973672,0.567866306551035
stream,1743,0.23968607848415419,7.2427184018087525,0.5635212931092094
stream,1744,0.2413111505741807,7.482217574188506,0.5704622698376376
stream,1745,0.24282950092064332,7.643915610307902,0.6053875919578079
stream,1746,0.24515299130415874,7.6682019468701625,0.6754630930459912
stream,1747,0.24740311827614372,6.737523780494411,0.5770337728457058
stream,1748,0.24902163003283362,8.642732915896945,0.6175849508959261
stream,1749,0.25075794378438243,8.624970284976088,0.7206637678339363
stream,1750,0.2525414506653381,8.54288346544068,0.7208864206793167
stream,1751,0.2532476495579604,8.70611534088225,0.7128643812121136
stream,1752,0.2543447336848287,8.79579561968384,0.7091207714269938
stream,1753,0.2550343318756137,7.272571755880577,0.681602439515405
stream,1754,0.2553233885611395,6.862667160079279,0.5264321894662964
stream,1755,0.2553792263453384,6.510610539676458,0.5392483450333521
stream,1756,0.25481479589741485,7.037708251232922,0.5136176368969444
stream,1757,0.25339274414986046,6.726923440026068,0.5159795220581469
stream,1758,0.25103298493641635,6.970030285533969,0.5144607939230392
stream,1759,0.24914681784058584,6.796568874535861,0.5453783803227565
stream,1760,0.24711037300343067,6.301992604608113,0.5617875480450122
stream,1761,0.24562587712470835,6.396715633745408,0.5404527198772135
stream,1762,0.24389281327304335,6.424386261694549,0.5513997971270194
stream,1763,0.24309414359261922,6.583592582362074,0.5594027283993408
stream,1764,0.24365190599737027,6.652822383717101,0.5579543963775596
stream,1765,0.24512009277797403,6.647607270834149,0.4932137845936764
stream,1766,0.24730220167792674,6.533693088042543,0.41297701327935626
stream,1767,0.2486543237870986,6.933895659564471,0.43464472546066335
stream,1768,0.25008413359209664,4.993876168717563,0.39635662494852236
stream,1769,0.25162894523556995,4.989154421197416,0.2969548323669161
stream,1770,0.25323931804717187,4.974782536772195,0.2985668840140283
stream,1771,0.2542853466528088,4.795734069003745,0.2980473607983499
stream,1772,0.2522666255218272,9.781693087267215,0.46612329438775835
stream,1773,0.25061703228240984,9.357525697079685,0.7223270446708335
stream,1774,0.24891711393710259,9.402708157070197,0.6960343895295681
stream,1775,0.24769033697792128,9.245777898862185,0.6880314582572467
stream,1776,0.24555814393440276,9.02087241857929,0.615240424381525
stream,1777,0.243401178105261,10.38848622329481,0.6204209080991665
stream,1778,0.24080123764314018,12.271069872979151,0.8329515340635175
stream,1779,0.2374012485745969,11.73552185695958,0.8816923109963504
stream,1780,0.23417906085103748,12.959495900161468,0.9049076576496846
stream,1781,0.23084977368264664,12.991175228532532,0.9136184307215488
stream,1782,0.22775086489858076,12.967832427709977,0.9035068461328474
stream,1783,0.22508244893534762,12.810644116419153,0.8906906871636348
stream,1784,0.22264422788416266,12.277403491250624,0.8851865893107111
stream,1785,0.22011935802997684,12.99103016261193,0.8943104486051494
stream,1786,0.21775056472817597,12.878432788853603,0.9251937054703534
stream,1787,0.21559435349281683,13.50608340223608,0.943540647787475
stream,1788,0.2131909053657517,13.986038684244724,1.0042768019637072
stream,1789,0.21117297904015384,14.22355863022979,1.0070212417586255
stream,1790,0.20883255926330857,14.223840284207462,1.024627662999369
stream,1791,0.2061741631785693,14.22385110403726,1.0242451197859606
stream,1792,0.20312917654798932,8.992747071805086,0.8568486085798679
stream,1793,0.1997962153538927,8.98669017604676,0.6055323023737625
stream,1794,0.1972553425590444,9.904646230157297,0.6640440526538582
stream,1795,0.19468560865757412,9.608976119323668,0.6866023698840856
stream,1796,0.1919237284307185,9.70375221816082,0.6991347618450223
stream,1797,0.19003665392709493,8.555140811365545,0.7220625222618091
stream,1798,0.18999379495141502,8.025203965539191,0.5559489795611108
stream,1799,0.1898194431783739,8.156686860908739,0.524759107208204
