segment,end_index,PW_WTC,E_CCDC,CD2_P
stream,0,,,
stream,1,,,
stream,2,,,
stream,3,,,
stream,4,,,
stream,5,,,
stream,6,,,
stream,7,,,
stream,8,,,
stream,9,,,
stream,10,,,
stream,11,,,
stream,12,,,
stream,13,,,
stream,14,,,
stream,15,,,
stream,16,,,
stream,17,,,
stream,18,,,
stream,19,,,
stream,20,,18.136236113873096,
stream,21,,19.006234306437236,0.7720744350083778
stream,22,,19.16522883017979,0.7779690830749164
stream,23,,19.844269434393464,0.7779690830749163
stream,24,,18.339598792098947,0.7511222508147896
stream,25,,17.487496108421045,0.7515667940689976
stream,26,,17.24740451910945,0.7679125552361843
stream,27,,16.466128945583417,0.7669623645221414
stream,28,,15.104046003796729,0.7637283333621728
stream,29,,14.15491969826681,0.599300526269309
stream,30,,14.373270155801372,0.47587977004732795
stream,31,,14.394038163095624,0.4589326450962548
stream,32,,14.005491679214677,0.44925502961456587
stream,33,,14.200153679003645,0.480971961299837
stream,34,,14.437446242023572,0.42374958126712614
stream,35,,13.028334128070165,0.3394237245847243
stream,36,,11.714414876464204,0.40352110154144044
stream,37,,14.667288424172433,0.3844469582183185
stream,38,,14.549598646263808,0.43202485845584365
stream,39,,14.680383944776127,0.4346187874603729
stream,40,,14.619763858094414,0.40927973175453886
stream,41,,15.143452883014078,0.4123472132044941
stream,42,,15.1872769403427,0.42761038863147655
stream,43,,14.252213475531267,0.43022317718460623
stream,44,,14.080337662840144,0.4347541570063478
stream,45,,13.820807666192193,0.43823818926388647
stream,46,,14.640258803037744,0.447381173268391
stream,47,,14.823332271633719,0.4556207937982326
stream,48,,16.313628226157036,0.46728998194419524
stream,49,,17.831262838738958,0.6777778828208448
stream,50,,16.823000962356282,0.6416277565986842
stream,51,,19.626924485009265,0.6511388343372124
stream,52,,23.00269712592185,0.6502553533732596
stream,53,,22.41227859549988,0.7766723277548371
stream,54,,21.90593344442754,0.7797963647616662
stream,55,,22.481350941651716,0.7999918402404673
stream,56,,20.175591211234412,0.7217215317522739
stream,57,,16.771474145686373,0.7681038220229544
stream,58,,16.377939314993853,0.7894807118961537
stream,59,,15.127454017720392,0.7853153437634005
stream,60,,15.704103004240359,0.7370983852551796
stream,61,,14.332257509417465,0.7175308713378548
stream,62,,16.92150260331121,0.8132637670092929
stream,63,,16.960951078903122,0.8862897503627831
stream,64,,16.721353842792617,0.8765153965251279
stream,65,,16.76233822057103,0.872166718907887
stream,66,,16.24231459740743,0.8484449357131175
stream,67,,16.086067469681225,0.8660087133645872
stream,68,,14.942222513907955,0.8907839746608944
stream,69,,13.729938409757342,0.6744314463871672
stream,70,,13.546119438989606,0.6690169589156156
stream,71,,12.123974790204723,0.6342493148349019
stream,72,,10.04789377467283,0.8340424484755635
stream,73,,11.125186941030647,0.8271786769106468
stream,74,,11.822305204607458,0.9810886795827177
stream,75,,11.583245599961494,0.9504421100343886
stream,76,,11.618620427937476,0.9860162629640256
stream,77,,11.026947787178372,0.946588808021013
stream,78,,10.68570645814065,0.8769949513025947
stream,79,,10.345756897693299,0.8769827308799836
stream,80,,10.141381143989115,0.8853134964146104
stream,81,,10.788666405210346,0.9173925061081005
stream,82,,8.011734981316799,0.8363963422065469
stream,83,,11.318915410673355,0.8944085607956633
stream,84,,14.28235109301389,1.3272789008063577
stream,85,,16.17199008515237,1.3296238346121474
stream,86,,16.02190897454713,1.344630389458247
stream,87,,16.658678035119916,1.3947242934184008
stream,88,,17.186969811067815,1.4994303348864146
stream,89,,16.86130412694428,1.5373550319550953
stream,90,,16.43502224232013,1.5380551990950762
stream,91,,15.049122215775688,1.531258227856899
stream,92,,15.749843556476595,1.379792047359054
stream,93,,16.408393520505157,1.4883091579713452
stream,94,,17.749701687951422,1.3314151554765112
stream,95,,17.533856266067186,1.4316855641611208
stream,96,,17.71231402879172,1.4151855691539275
stream,97,,18.296419597863597,1.46808689511549
stream,98,,18.7151378857108,1.467380116629286
stream,99,,21.316949957854337,1.5028198924224574
stream,100,,23.723274180710547,1.4929054670119606
stream,101,,25.748931188136183,1.8453596427114427
stream,102,,25.728927780734594,1.9034686099549358
stream,103,,22.587338430167872,1.768739627639211
stream,104,,19.638971562143798,1.3411126764226815
stream,105,,18.081066062956715,1.3674517969379236
stream,106,,17.886546760400133,1.3524452620378218
stream,107,,17.965457349645693,1.326336355149187
stream,108,,19.680476570895358,1.4166292540084775
stream,109,,20.752597133221975,1.3939977738762417
stream,110,,21.888098911926633,1.394594572289452
stream,111,,23.31669328884384,1.5595799423078742
stream,112,,21.28664398032264,1.5446935714848524
stream,113,,19.54512654271781,1.293145927294825
stream,114,,18.48688890633553,1.3088215746466854
stream,115,,18.391350616250847,1.225433626899325
stream,116,,19.799472948920442,1.2906375103449963
stream,117,,19.629928070916364,1.3742346622813522
stream,118,,24.472954809542664,1.439234306168208
stream,119,,22.573925381202848,1.4703921210877287
stream,120,,19.838588703531265,1.4805876028323237
stream,121,,17.950008410202475,1.0883260486248794
stream,122,,19.127500409223448,1.150111494652762
stream,123,,19.841515604127185,1.3038626270933324
stream,124,,20.265951618500814,1.4003332823736239
stream,125,,19.99270964291474,1.3783785000292854
stream,126,,21.47786461885524,1.4021002258178539
stream,127,,20.948335672871142,1.3753868649336043
stream,128,,18.708106007227634,1.141763016181499
stream,129,,17.691638897185626,1.1514085528194624
stream,130,,16.81811650498579,1.1619696705280902
stream,131,,15.847807732539584,1.0626841675886396
stream,132,,16.903117528033256,1.0331533399545902
stream,133,,16.88460351003574,1.0672172458297116
stream,134,,16.662594398050793,1.0723159868553822
stream,135,,17.35706594315229,1.1388616000157674
stream,136,,15.559129134129352,1.06401214879937
stream,137,,15.646694262106701,0.93733236725691
stream,138,,10.630550413883636,0.9245796163945608
stream,139,,10.410796345875218,0.8584143493857392
stream,140,,10.538705325747708,0.8498025272192639
stream,141,,11.138791524783004,0.8434445065509526
stream,142,,9.98376995692006,0.756475890273796
stream,143,,10.43148199846841,0.6454238781878207
stream,144,,9.990394223642667,0.6007922318551895
stream,145,,9.995250866415544,0.597174764593708
stream,146,,8.883782952407275,0.59717472847139
stream,147,,8.671034788838782,0.5877837854860801
stream,148,,9.130671772350833,0.6138749081149271
stream,149,,10.633819321651433,0.7382540780173912
stream,150,,10.611132264026475,0.845467026144133
stream,151,,13.39724501784196,0.9580556925039176
stream,152,,12.399614336919667,1.0385028606959255
stream,153,,12.424724478248251,0.9994700277541888
stream,154,,11.733436420566012,0.9855293066192599
stream,155,,11.081091715189029,0.9036416023556815
stream,156,,11.345718856469176,0.8916491062468727
stream,157,,10.951669274368243,0.870491252313933
stream,158,,11.57716133097103,0.8272818908610496
stream,159,,11.291443705912432,0.8370450481216895
stream,160,,11.131744655142807,0.867691592262677
stream,161,,10.733797082742246,0.8627038048947469
stream,162,,11.03636717684622,0.8452977620977091
stream,163,,10.032274808985978,0.7994924340628533
stream,164,,10.021109331389905,0.7559663396269447
stream,165,,10.141367600748074,0.7598159842669022
stream,166,,9.772492506743589,0.7275980404571024
stream,167,,12.879061444546961,0.838261996100384
stream,168,,12.945414680917887,1.0471513149967795
stream,169,,11.592342549381152,0.9036980176922842
stream,170,,11.424194078392265,0.7866730051145272
stream,171,,9.515630818560982,0.6287189142993902
stream,172,,9.526180593837212,0.6236822824023129
stream,173,,11.504966131813802,0.7447596582365763
stream,174,,12.71633358710525,0.7387483657322846
stream,175,,14.979568313871345,0.7561354715572144
stream,176,,14.702315180952002,0.8185554722739493
stream,177,,14.614887146386568,0.8205592160854006
stream,178,,14.946293061962574,0.8765212729383761
stream,179,,14.970093668950174,0.8847919184755612
stream,180,,15.213644462182645,0.8880014919797814
stream,181,,14.203803980510987,0.8993473010184151
stream,182,,15.341024702177897,0.8986996033528074
stream,183,,14.987608550848531,0.9564174728111693
stream,184,,16.27969087209496,0.9850368655076691
stream,185,,16.59145154792574,1.0846463066287295
stream,186,,16.566934414020874,1.1168642865608474
stream,187,,14.193293487757503,1.021200293855327
stream,188,,14.428889196291692,0.7860431553402347
stream,189,,15.189252840942155,0.9444637345270048
stream,190,,16.373606862452583,0.9438246756062377
stream,191,,15.781096058890832,1.0668213299045688
stream,192,,16.002107936881572,0.9876110252214902
stream,193,,14.399903878678067,0.9020523991736623
stream,194,,13.12527294746173,0.9093418102561933
stream,195,,11.011153224810048,0.9025269789590754
stream,196,,15.030535521067257,1.071086431130354
stream,197,,15.48271788630088,1.1198492981219255
stream,198,,15.50786181373153,1.1783331103947137
stream,199,,16.82074600133589,1.1600070185851694
stream,200,,16.689680908824762,1.148082250568933
stream,201,,16.692231048632383,1.1332778708441849
stream,202,,15.49030214084525,1.094180398640365
stream,203,,16.16059966148097,1.1067177692240957
stream,204,,17.304872031356144,1.2669276600134711
stream,205,,16.800292307957527,1.2909349748356729
stream,206,,16.77413962122758,1.2642959306095802
stream,207,,17.748453041336614,1.2893711202804392
stream,208,,16.69678569825678,1.3242853692066583
stream,209,,16.49210851213897,1.1660969842135651
stream,210,,15.258748840548774,1.1826006101956512
stream,211,,19.502919920299863,1.1836638887190627
stream,212,,19.232230555738887,1.4418799088007996
stream,213,,18.928435434577732,1.4151130254130595
stream,214,,20.902987171329922,1.456661865663249
stream,215,,21.16423873477848,1.4610528392442002
stream,216,,17.151449758162244,1.2439830848184705
stream,217,,17.911223252861728,1.2230895211225397
stream,218,,17.013989829288604,1.2170116114921232
stream,219,,18.271095961915023,1.389201932765763
stream,220,,18.449443158940973,1.414864287327926
stream,221,,18.671167080736975,1.4433104977654294
stream,222,,19.050739099123213,1.475266185053841
stream,223,,19.619821872532043,1.4081171638138945
stream,224,,17.19528508109527,1.2628139747639282
stream,225,,17.479066444548714,1.1442582876032774
stream,226,,17.49167700645093,1.1454085904386706
stream,227,,15.85673651974254,1.0925995304113012
stream,228,,15.906340264667444,1.0578619840223067
stream,229,,15.225653612414781,1.0523619699569655
stream,230,,15.256787213571181,1.034274685106179
stream,231,,14.503856459923714,1.008951410623087
stream,232,,15.176398181882536,0.802275508514594
stream,233,,15.10202912813183,0.8060564548255329
stream,234,,16.439084376852414,0.8370498049497471
stream,235,,15.95818566134341,0.9433227931395958
stream,236,,20.170646489780278,1.0964048083396167
stream,237,,19.737799257038617,1.4433960422474783
stream,238,,19.92157091489324,1.3955456711477712
stream,239,,18.36393984124336,1.2649565889528098
stream,240,,19.04103414639366,1.395430037494936
stream,241,,19.10345892563346,1.4760575662314799
stream,242,,18.575838964386733,1.4592484682815186
stream,243,,19.3722400720929,1.574247847387
stream,244,,19.37204537713958,1.5791953913372376
stream,245,,19.39695677179102,1.5808570108187754
stream,246,,20.953358720694126,1.6994658383200394
stream,247,,21.02485927433045,1.7939963807034747
stream,248,,21.616224102378794,1.8005611721963706
stream,249,,21.650630347016794,1.8092829811203741
stream,250,,21.623979966047727,1.8097764118469262
stream,251,,17.375461215918396,1.6914910234817064
stream,252,,17.62414218069673,1.6738070676675763
stream,253,,17.622873545957315,1.7152138377660007
stream,254,,14.357733771129393,1.6345598566792368
stream,255,,14.435914784864186,1.5133236199632967
stream,256,,10.535236777303787,1.3630687728911155
stream,257,,9.689748898247132,0.9955765805022442
stream,258,,9.178656526145197,0.9266182527235871
stream,259,,8.751825135484934,0.9111447659595171
stream,260,,7.909150247049583,0.7397457583916981
stream,261,,8.52725287836125,0.6932656254943401
stream,262,,8.468847705865493,0.6903605263912602
stream,263,,6.604634379581579,0.5822737317212769
stream,264,,6.8959852503489945,0.5518329122450131
stream,265,,6.574299427690027,0.5543066629576296
stream,266,,5.077833914373593,0.42909640918525815
stream,267,,4.962807827492633,0.3472997977747753
stream,268,,4.202061233415608,0.3407350005290484
stream,269,,4.118605065624455,0.3321231779075236
stream,270,,4.0821711533182805,0.3317697813755745
stream,271,,5.085565848551267,0.36905900175434353
stream,272,,6.762105246423577,0.5603899985770658
stream,273,,6.822022683936066,0.6816328416384604
stream,274,,7.869997618374004,0.7622868248431742
stream,275,,7.8039468640636125,0.8163852676878178
stream,276,,7.791838384041901,0.8112864956858211
stream,277,,7.960880214726316,0.8180234066737614
stream,278,,8.115517062917622,0.8396369961370225
stream,279,,7.429523501924941,0.8143316210526397
stream,280,,8.9007288150699,0.8409941014658966
stream,281,,8.01948233568309,0.8417152290874809
stream,282,,7.972117608780287,0.8163243165362608
stream,283,,9.137238947303208,0.8592525815079078
stream,284,,9.281260526340786,0.9655352446773559
stream,285,,9.435936944549889,0.9515878530236244
stream,286,,9.370451779598529,0.952324685354559
stream,287,,9.865642669092933,0.9735426354979766
stream,288,,10.57453553144538,0.9764899648698719
stream,289,,10.77024158990206,1.0557002612159525
stream,290,,11.203564177724573,1.0565226447783933
stream,291,,11.124887497664039,1.142631354284115
stream,292,,8.786762158657996,0.9191434501734931
stream,293,,8.826845391890993,0.7408548259302261
stream,294,,8.446652488307514,0.6758764687221117
stream,295,,8.610286677982854,0.6852515257413485
stream,296,,8.631284165293843,0.6703982610538833
stream,297,,11.171105321030659,0.6907337130755239
stream,298,,11.0256763926929,0.7476460703528097
stream,299,,10.955349244597638,0.7466958808522731
stream,300,,9.529798941203204,0.7348688798425699
stream,301,,11.325745647607823,0.7815688776504659
stream,302,,13.524094060024945,0.7807042258438521
stream,303,,13.575595934750847,0.734321936185521
stream,304,,15.285530659978303,0.5995930254105832
stream,305,,18.134636709391184,0.60173120634962
stream,306,,22.022944440635097,0.6024379988773689
stream,307,,21.613658420313488,0.6684856172189189
stream,308,,25.846705592713377,0.7907118135769753
stream,309,,27.84033255727034,0.7257335409808512
stream,310,,28.308297546837576,0.7365003672219932
stream,311,,33.42617386676354,0.6880496062473022
stream,312,,35.89775453493777,0.7105823206843029
stream,313,,37.08268078484818,0.7221348676701294
stream,314,,36.44736114910263,0.7814588834436218
stream,315,,36.36154049638393,0.7218350341843595
stream,316,,37.023436535069585,0.7443876562472405
stream,317,,34.47276646089612,0.7670594923951721
stream,318,,36.68625769134009,0.8003575866731806
stream,319,,36.890158006820315,0.9715146690692951
stream,320,,38.53727460796938,1.0676751185718232
stream,321,,38.38705542149388,1.2141770529082285
stream,322,,36.31097909641683,1.3051843691133513
stream,323,,35.25739665914071,1.3000265428136593
stream,324,,33.181994980702314,1.3254398789422555
stream,325,,30.669599200005255,1.3264623855527655
stream,326,,26.86385211297399,1.3708607088538824
stream,327,,26.796893713333013,1.2798131892859124
stream,328,,21.90926659488338,1.1600541388438868
stream,329,,19.694129769504976,1.1444151549061434
stream,330,,19.39053215076694,1.161382185987932
stream,331,,13.505658560990424,1.1392440720838868
stream,332,,10.73821794938449,1.1271247649608098
stream,333,,12.171428620891097,1.1953951878377698
stream,334,,12.664033847521141,1.3470265123181873
stream,335,,13.266257908954463,1.4410147272027158
stream,336,,18.52565329902304,1.5129926349551774
stream,337,,18.689257011613382,1.6311700042088118
stream,338,,17.61187658008181,1.5800422235626432
stream,339,,17.35561594055198,1.414256324413516
stream,340,,16.602981135801702,1.3299228397173775
stream,341,,14.930845736910385,1.1089248326461885
stream,342,,15.431882770291537,1.0384164382490766
stream,343,,15.102030094098083,1.0690630249160364
stream,344,,15.069861961429408,1.0436496776655746
stream,345,,14.680247000156495,1.0465180956790123
stream,346,,17.94927006794188,1.0960289961451217
stream,347,,17.89817267883196,1.2306855328694983
stream,348,,20.963468561858146,1.3556847902292635
stream,349,,21.488543947835865,1.5906651423688458
stream,350,,21.91226552748562,1.570477342484334
stream,351,,22.33528415294392,1.5171382032744383
stream,352,,22.879771074126072,1.503454112074998
stream,353,,22.15484939591434,1.5736492418225543
stream,354,,22.12863964885109,1.5120404006694224
stream,355,,21.72514688942768,1.4115108218773167
stream,356,,15.693187403423813,1.3447141485879701
stream,357,,15.729529294418601,1.2229579035273928
stream,358,,14.685682238581567,1.1607879779410166
stream,359,,16.443733745892757,1.240416316132446
stream,360,,16.047829031379973,1.2140105066308122
stream,361,,16.491407598424654,1.2610395900633977
stream,362,,16.945328293177017,1.2448893453798568
stream,363,,17.04493053167555,1.2284747651927077
stream,364,,17.455859496408657,1.2321655409230396
stream,365,,17.343256700145517,1.2420009777138938
stream,366,,14.04576760713954,1.150868993946921
stream,367,,14.241965805098104,1.032113692746798
stream,368,,11.1982274022502,0.9031069228655477
stream,369,,17.591441756471887,0.9660738290207717
stream,370,,16.74983391626353,1.283357998064243
stream,371,,20.752346213870325,1.3952822461662908
stream,372,,22.37793075273044,1.403778480976191
stream,373,,31.57971275566272,1.3601667988285826
stream,374,,31.379749354265293,1.7923230905045613
stream,375,,32.58017994973737,1.9042474127853029
stream,376,,32.964397031433165,2.013563030607692
stream,377,,33.586712093437114,2.1196940127693242
stream,378,,33.965021081421966,2.216054633424328
stream,379,,32.59365674890848,2.131536321140493
stream,380,,31.91728011568005,2.134757125588856
stream,381,,31.696349897346323,2.0493587999208907
stream,382,,36.28298084928174,2.163280268010261
stream,383,,37.634339263455324,2.1972652729762108
stream,384,,42.59654597258119,2.2220207188052474
stream,385,,43.13770731944984,2.329283604344289
stream,386,,43.07060748593183,2.351190558231705
stream,387,,42.91098483741026,2.3286578322450766
stream,388,,43.284196134998524,2.3294313286666224
stream,389,,36.718282972290815,2.0314474054954625
stream,390,,40.54720672166166,1.9479694636241203
stream,391,,36.21390065467919,2.0541498126118296
stream,392,,34.749850259751376,2.094818719046614
stream,393,,23.58415632908116,2.034217672236999
stream,394,,24.23916455249028,1.450925519617448
stream,395,,23.783453482307078,1.502594420000372
stream,396,,23.61328288755596,1.3661661872291313
stream,397,,22.90000969044568,1.2044977836591668
stream,398,,22.614862629938827,1.1579378279221608
stream,399,,23.10010436342756,1.2278763379233997
stream,400,,24.060846460358242,1.2165794175970222
stream,401,,23.842683466483994,1.2699185612113253
stream,402,,18.270496960540893,1.165332530934959
stream,403,,16.85782801039689,1.1275666506024782
stream,404,,12.477440504767719,1.1617140999914504
stream,405,,13.994497806602288,1.040541542052318
stream,406,,14.554651558577325,1.0405414744127237
stream,407,,14.922328558126145,1.1131682160739276
stream,408,,14.510151520963712,1.1425402145176013
stream,409,,14.32366915370671,1.1659151900558062
stream,410,,10.368449923031884,0.941687773541393
stream,411,,10.493332924446191,0.7729514685203631
stream,412,,9.793643472962781,0.7495897267956094
stream,413,,9.83635769916335,0.7040399826446395
stream,414,,12.303208212258312,0.7750254322310626
stream,415,,15.219675079487441,0.6141239224530266
stream,416,,16.02544724023762,0.6548559497169543
stream,417,,16.047487487556996,0.6665251224184785
stream,418,,16.500068080837234,0.6879018623578469
stream,419,,15.925467844036232,0.6666472382531801
stream,420,,15.531869359748363,0.6666472384104799
stream,421,,17.722178159930717,0.7710218216807263
stream,422,,17.655309687578455,0.8373249834509993
stream,423,,18.5137575353274,0.8575203667600226
stream,424,,22.529188163066536,1.1908901261376543
stream,425,,20.54820653451155,1.3059603411579643
stream,426,,20.187428358049775,1.298158710219942
stream,427,,20.28126090243744,1.2753728878646484
stream,428,,20.474902524633627,1.2824453770280857
stream,429,,21.008971093265753,1.3248069333424777
stream,430,,21.676003401095496,1.4085737278378334
stream,431,,22.462288157991242,1.3587853292214835
stream,432,,23.427870921715137,1.3329819296261087
stream,433,,29.933317615238074,1.4289101644416424
stream,434,,31.218554107508538,1.3470224332973049
stream,435,,27.296462496081134,1.5079240275685306
stream,436,,26.18415814394439,1.469785915803758
stream,437,,26.895226266026413,1.505560170745583
stream,438,,27.4126066490201,1.5778904889808452
stream,439,,27.812908607218077,1.5319960783184163
stream,440,,27.765642522826276,1.6334177690618275
stream,441,,25.69469467457316,1.5244490361037013
stream,442,,26.267323964507632,1.4475735753790357
stream,443,,25.53108894666602,1.4238518671423728
stream,444,,24.623294975026198,1.1551960432593678
stream,445,,27.015730126318235,1.0429219284002622
stream,446,,27.465203388532714,1.0314294605280356
stream,447,,27.639542589038847,0.9791825191920288
stream,448,,28.384394449692138,0.9426035845714797
stream,449,,35.08016091187521,0.9833101322842953
stream,450,,34.728461635556684,1.3163116283081047
stream,451,,34.19224455246025,1.401311150765006
stream,452,,33.49362325326757,1.4045818236041012
stream,453,,30.014286441887002,1.3369175083384581
stream,454,,29.885244123069842,1.342045297488938
stream,455,,30.727207832772642,1.2203353549758598
stream,456,,33.23093475624201,1.2366689509273532
stream,457,,32.30413318228815,1.236669039061016
stream,458,,31.96857366985599,1.1189769367881894
stream,459,,31.766837752237592,1.1172776817869607
stream,460,,31.367629828356346,1.0614057364778127
stream,461,,33.88209013442131,1.1624232155022831
stream,462,,35.13192827515583,1.1608828301852112
stream,463,,35.218105997181254,1.1685445066066182
stream,464,,31.068440251142782,1.0423149035332684
stream,465,,29.177403460441425,1.053807343826387
stream,466,,28.85790738798434,1.1172655450229207
stream,467,,28.17868260170793,1.1265841336115736
stream,468,,27.384515628301248,1.1299526129005388
stream,469,,20.12300672588276,1.0464567838029197
stream,470,,20.20918627684245,0.647040983944484
stream,471,,19.829694441544813,0.5674126463003968
stream,472,,19.544814102115634,0.5683073395948254
stream,473,,16.55273785343772,0.5428939919165995
stream,474,,12.20597471599291,0.5356046060841141
stream,475,,15.016953321112396,0.5644663206058981
stream,476,,12.4656114971619,0.6505381958429025
stream,477,,15.718681716561342,0.6865681223424479
stream,478,,15.847004139351435,0.6765681851211881
stream,479,,15.75118054576492,0.6803679537589294
stream,480,,16.484397237130345,0.6376687914313609
stream,481,,13.898288935373774,0.5055612544046243
stream,482,,13.977023840587933,0.5839772690474462
stream,483,,14.136689167788665,0.7474579469151565
stream,484,,14.137423488746112,0.7567933842353899
stream,485,,13.74082446956472,0.7465790787129464
stream,486,,14.67064351142299,0.6919628488168985
stream,487,,15.768588197259989,0.682260809943879
stream,488,,15.691547702827709,0.7574636371932326
stream,489,,15.782504605164476,0.7345530487253891
stream,490,,18.68628156182544,0.7612832472795866
stream,491,,20.996509028212767,0.7626413185600962
stream,492,,24.048611943997035,0.7617466248379042
stream,493,,24.275657452793016,0.9597306186831277
stream,494,,24.01261782453619,0.9689636829468035
stream,495,,21.215219117748454,0.9264825217541127
stream,496,,21.15450715167182,0.8658814999127652
stream,497,,17.87210151864835,0.7856420850088992
stream,498,,17.100512022585818,0.775417574040456
stream,499,,16.702738451069475,0.7722568720649797
stream,500,,16.4908998845514,0.8038882141806337
stream,501,,19.570570782115524,0.9962560539588027
stream,502,,19.39086515290165,1.2622746096397415
stream,503,,19.876836284068286,1.0946585819138788
stream,504,,19.940512217340665,1.1018766710969254
stream,505,,21.318245930223835,1.119440468911819
stream,506,,21.137103213691987,1.107985722985809
stream,507,,20.148465415207692,1.1462939440465922
stream,508,,20.17311818673031,1.089014908015232
stream,509,,20.00613848471064,1.1005674551037874
stream,510,,16.65985317758194,1.0393598975599816
stream,511,,15.491007402274192,1.067532705192835
stream,512,,13.393099893181292,1.229411879936154
stream,513,,16.31013028364526,1.2619455365719507
stream,514,,16.370584177607505,1.3897618716873437
stream,515,,15.98007475793155,1.4064488824105248
stream,516,,23.93347925785274,1.8547633536071277
stream,517,,23.942529189125842,2.1001532880634906
stream,518,,23.990800453295876,2.0978450222439573
stream,519,,24.592528239850857,2.098905210582921
stream,520,,24.421182773196996,2.1541672116907096
stream,521,,21.956019437636897,1.9441444315839973
stream,522,,22.623517422622932,1.8248970160984677
stream,523,,22.39596444149535,2.0220341527337617
stream,524,,22.334307981416742,2.0302926095284404
stream,525,,20.761887714901572,2.0044892101874368
stream,526,,25.677431574916614,2.235285439952505
stream,527,,25.848265462706003,2.308840374923595
stream,528,,26.918012497473903,2.3808182787757546
stream,529,,29.107787468444634,2.587625855450575
stream,530,,29.806519876825575,2.5983926803097175
stream,531,,30.381490665130052,2.5755131781028013
stream,532,,29.511776453814313,2.495362908872103
stream,533,,26.229479147204923,2.270070820437332
stream,534,,26.57505419357915,2.143788224925764
stream,535,,27.52070598366575,2.249687331329164
stream,536,,20.978775129882443,1.9338560687322457
stream,537,,21.383102487743866,1.8208867011689367
stream,538,,21.152229388514634,1.8275181796539195
stream,539,,20.553558383998013,1.8243753075355054
stream,540,,20.425213936542765,1.7526651840031935
stream,541,,19.846616897991765,1.752232864833723
stream,542,,17.433848059612682,1.5259554849359616
stream,543,,16.834418432225355,1.3172158874463065
stream,544,,20.11011984350591,1.4461891355232757
stream,545,,24.37301511318367,1.4546853899220737
stream,546,,25.160593649467422,1.2404426733554657
stream,547,,25.12894216947804,1.2851200577160258
stream,548,,25.420386632170406,1.2188000249328264
stream,549,,24.523790810993184,1.0002632044123427
stream,550,,24.163477895459135,1.000263204412343
stream,551,,23.375308010779793,0.9952021091011733
stream,552,,23.811407345237015,0.916931802785501
stream,553,,26.342332562847197,0.9375962291074498
stream,554,,28.511966768415352,1.2927195803969695
stream,555,,27.14977036839743,1.222231120603688
stream,556,,26.849290485308206,1.1103635263927722
stream,557,,27.809010108963225,0.9723517877579866
stream,558,,27.929457972822938,0.9882530220848266
stream,559,,27.966946086634994,1.0039286719286025
stream,560,,27.653155062640803,0.9854625454269068
stream,561,,27.603326220679985,0.9878196916321337
stream,562,,29.627090869922245,1.029641951399341
stream,563,,36.53902851566525,1.0680112727428412
stream,564,,36.56569261305502,1.662317820109831
stream,565,,32.53440939044694,1.8485578365841797
stream,566,,30.98777870456851,1.935143078732486
stream,567,,31.031929583086235,2.113938365099181
stream,568,,30.908036316434963,2.186619531389579
stream,569,,30.41774439682261,2.1920029370311216
stream,570,,30.73128032267069,2.184451296026304
stream,571,,30.318860133313112,2.1774898308744195
stream,572,,31.778275310520446,2.3566620094474016
stream,573,,29.63464678990766,2.3484035804814214
stream,574,,27.44138973848339,1.9817277067787644
stream,575,,27.4717162126519,1.9331639740003648
stream,576,,28.283071428311075,1.8957392519378788
stream,577,,29.4826177799117,2.252098575315029
stream,578,,30.977113699708536,2.2286401018705835
stream,579,,30.988239827715393,2.251626059446269
stream,580,,30.952529349895986,2.253209711255605
stream,581,,31.975614678956607,2.283082768769486
stream,582,,30.199828756165,2.258854341425452
stream,583,,23.29384779130108,2.2458683495280587
stream,584,,23.38900444967979,1.5685553478329706
stream,585,,23.20071342140148,1.4756609365116946
stream,586,,18.699092153254686,1.4003914711557488
stream,587,,18.44039663158135,1.0826495344754368
stream,588,,19.37343101700438,1.0345670746622213
stream,589,,20.53797731906781,1.3752020009933323
stream,590,,19.999797683881784,1.403254637408869
stream,591,,19.29842908375001,1.421708543476658
stream,592,,17.79945829393216,1.2367572888472464
stream,593,,17.507415072641468,1.2240946565116446
stream,594,,17.252097719081462,1.237614293229397
stream,595,,18.448448941912034,1.2311997478175583
stream,596,,16.517374801057827,1.2255418414167831
stream,597,,16.539332554932198,0.9655431349355216
stream,598,,17.494289144986034,0.9640628560029724
stream,599,0.9849157636459204,17.605352890237565,0.9824836420509623
stream,600,0.9847614064731084,19.694896272798935,1.0100728395036314
stream,601,0.9845665154726995,18.730855403522455,1.090199146928381
stream,602,0.9842614211558228,19.37874177460272,1.1075516646536954
stream,603,0.9840114169947799,19.318079888935642,1.130913419862218
stream,604,0.9834997543250653,15.920129590960254,1.0562060630565555
stream,605,0.9829050614846335,15.894018132469022,0.9645474644959965
stream,606,0.9824913218133349,20.71307251419852,1.1832982690035851
stream,607,0.9821202170384564,21.062006922745237,1.2615716371983106
stream,608,0.9816145730295959,18.825637660155785,1.2198348410280906
stream,609,0.9814119298830707,18.40220724547396,0.9639927545871035
stream,610,0.9813772432212187,24.3936077933242,0.9809398798527756
stream,611,0.9815005348743566,25.37335305002012,1.008455778918349
stream,612,0.9814995406934279,24.975010210838935,1.01446706474854
stream,613,0.9818235885725635,32.59203757518732,1.2316540874495132
stream,614,0.9820797461340822,32.45956196373558,1.4881824056254493
stream,615,0.9822452423474468,31.33981991937895,1.4677501910218178
stream,616,0.9826522126954526,37.675996812946096,1.615404485517124
stream,617,0.9830737677219266,36.62952834053247,1.5998378233697568
stream,618,0.9834690662671957,37.41616263317164,1.6220482096692082
stream,619,0.9841805512483958,48.07086496779861,1.6498375840279185
stream,620,0.9848838273520156,46.15392797029892,1.9093367742888152
stream,621,0.9853029329924624,46.07164139717298,1.8090150248318742
stream,622,0.985769568663046,46.378332075730846,1.830797675795435
stream,623,0.9863152586012496,46.43342292014802,1.8138504697908922
stream,624,0.9868292238168479,47.14369819390268,1.821669955207684
stream,625,0.987227742052132,47.377452451846274,1.821669934882101
stream,626,0.9873998767220121,42.029473661228856,1.6166709971586877
stream,627,0.9873798659927308,45.33854343659122,1.6395581194597757
stream,628,0.9872857929630294,45.28361518271419,1.7458056560836477
stream,629,0.9870226257486515,44.1328270851211,1.691069148440359
stream,630,0.9865776046010306,40.95730243278797,1.7084894254072285
stream,631,0.9860434478199005,45.59949945443453,1.683421823375901
stream,632,0.9854261192638508,45.906990671997285,1.7666243047177237
stream,633,0.9847467263596577,38.19611788653449,1.5529147253611815
stream,634,0.9842263988205303,38.2162124674568,1.2831223901061788
stream,635,0.9842094794438623,38.33484542884971,1.3040067696889197
stream,636,0.9842704782832602,32.24899557086921,1.161533705285285
stream,637,0.9840611669557525,31.242624594259187,1.0838637756642364
stream,638,0.9840100888704386,27.894762077460523,1.0748028185657463
stream,639,0.9841992124823856,18.26025336363545,1.0395916793025304
stream,640,0.9843143845531822,20.606443545579022,1.0196901338991313
stream,641,0.9846755071170434,21.365935290221724,1.2513511114535056
stream,642,0.9857157665829169,28.184958861937034,1.3133764863872412
stream,643,0.9868795605665237,29.69154791633808,1.3766392939907748
stream,644,0.9876690028866241,29.195131173072184,1.3942030789615565
stream,645,0.9878775661126782,29.333969394332833,1.3883685163681176
stream,646,0.9876076559405415,34.55574472610792,1.4556840857467184
stream,647,0.986733049445479,34.91119069033433,1.3418197031004577
stream,648,0.9855555260650924,35.54000164518474,1.5201337746673882
stream,649,0.983920533612804,35.28468926680165,1.5558714932954016
stream,650,0.9820902757025146,33.02270230848317,1.5507471977002825
stream,651,0.9800306051412103,27.36326579352315,1.5460028563205228
stream,652,0.9774937749755804,27.02414855620069,1.4643351477402076
stream,653,0.9744005425586848,30.05945809371404,1.5436253567714344
stream,654,0.9712184953415218,30.910005183897084,1.7769936804861963
stream,655,0.9680289528665188,31.20037369157792,1.7516883066096622
stream,656,0.9649242714816189,31.280090723867175,1.8140116015935774
stream,657,0.9615882402493879,31.839436026572592,1.8249138953022994
stream,658,0.9581248905166536,31.841744776668765,1.8526289563615064
stream,659,0.9545990155018079,30.86072269382223,1.8037907115455862
stream,660,0.9510536617748884,28.419652153080115,1.5804034285521216
stream,661,0.9471795514049065,28.336081822608573,1.3790234175407883
stream,662,0.9434349744021474,20.569873777560087,1.2651590348945276
stream,663,0.9399131635542513,19.15551078209665,1.1720231809094166
stream,664,0.9370062911497808,19.862336178403307,1.1720232443723375
stream,665,0.9334766929471424,24.622333653096494,1.6141016417769682
stream,666,0.9306221115556911,19.279284861144518,1.726242752771658
stream,667,0.9278150401114679,15.421211016499006,1.7530895333406742
stream,668,0.9266024205703844,14.79029240685008,1.4618765842077825
stream,669,0.9250633752477339,18.25101328225581,1.60115440807189
stream,670,0.9231920361438368,22.443762012092932,1.546654733754417
stream,671,0.9214980894057064,24.997333897488137,1.546300333171121
stream,672,0.9198936213203768,28.33111455887932,1.5421527817809366
stream,673,0.9185662961585839,25.29499641569813,1.5520952711298102
stream,674,0.9171185909458645,26.46298969860239,1.39908858219228
stream,675,0.9148791248350072,28.39085658800604,1.3990885887090807
stream,676,0.9123127659856922,30.014809466306033,1.3082090880952892
stream,677,0.9086060325044113,32.951799777249065,1.3204505874316477
stream,678,0.9047466464218666,35.41990965530995,1.2801828954273897
stream,679,0.9010125547969752,35.36224180911683,1.328397882041784
stream,680,0.8959400710646462,51.360575746057805,1.8021531597017062
stream,681,0.891103105620252,52.67799686029603,1.9936381681829123
stream,682,0.8863673017460808,54.95333099868485,1.9892171657095257
stream,683,0.8811349305458553,65.83577986209939,2.106107812830483
stream,684,0.8761052298477904,68.50162010036185,2.150724101258165
stream,685,0.8708740749308899,71.92438561804707,1.7466004941829791
stream,686,0.8659423338440748,73.36872436619964,1.627744924700251
stream,687,0.8613075232945833,73.32382459748791,1.6054291097220679
stream,688,0.857271151915627,73.47097777217154,1.6002223894831311
stream,689,0.8531864022668304,71.16777662289388,1.4219972753069874
stream,690,0.8488319472038762,66.36856968670594,1.4809001175979957
stream,691,0.8447532638505627,64.33395523976651,1.4942573163557302
stream,692,0.8410524135638249,61.138189491712176,1.5430201589478847
stream,693,0.8364377464721826,61.66654938938078,1.491858813252609
stream,694,0.8322944400270998,59.688131210648045,1.4427939777513887
stream,695,0.8282126427541937,58.27055513188542,1.5040015369203725
stream,696,0.8240564315410718,56.85055317505646,1.5080391041966883
stream,697,0.8195490535751743,52.80916451391586,1.4954676200841637
stream,698,0.815248159933299,51.106095045525265,1.5060287375054773
stream,699,0.8115762081310777,51.08239212796011,1.474938646051824
stream,700,0.8081430013474394,35.00869176860761,0.9566770180643663
stream,701,0.8050169651204199,34.460003016710864,0.7688582626345485
stream,702,0.8019701948533955,32.00115884243824,0.8580720298065623
stream,703,0.7989994076618656,21.427643617179392,0.7430018152685877
stream,704,0.7957538123344151,18.48976898622399,0.739167408638709
stream,705,0.7920723346505023,10.253792085823736,0.6990744273647992
stream,706,0.7887184869111541,12.151997077886985,0.8348060457456465
stream,707,0.7857730961103294,15.961350339756045,0.8271143781793368
stream,708,0.7827091650056257,16.24188146426151,0.8935352692312308
stream,709,0.7801529205157163,14.94012219833141,0.865666014869957
stream,710,0.7787485184206198,17.696367313947476,0.8656660167824489
stream,711,0.7778460714822482,17.323183025928007,0.974504877275123
stream,712,0.7776181410731816,17.767626402042495,0.9745048309034212
stream,713,0.7783003650682989,18.244810382050055,0.9261778855180921
stream,714,0.7789776542329926,18.994783752379085,0.8944609893644364
stream,715,0.7804125776775442,19.029590038340803,0.833167884781658
stream,716,0.7825522805463547,19.355705955210773,0.8290025051427387
stream,717,0.7848349974086077,21.98308837009787,0.8270354127021431
stream,718,0.787168242164333,21.551345160253184,0.9873309857453176
stream,719,0.7898176698503132,24.807460049393924,1.1627578723749175
stream,720,0.7926478627898095,27.28923539905545,1.1634646711272496
stream,721,0.7945697078695592,26.099566315218027,1.2898129623264545
stream,722,0.7961794422927834,26.064261227317807,1.2027608029197103
stream,723,0.7978408890827787,27.844081361442537,1.2940761644559151
stream,724,0.7993176477747792,27.196016185795916,1.308272645005395
stream,725,0.8005470844061874,26.865455817977608,1.3093328316597077
stream,726,0.8016728025136419,23.438037811948387,1.0684916987514677
stream,727,0.8028227617213416,20.27501766966578,1.0867801512813495
stream,728,0.8039118167417585,20.125691693355126,1.0286910364462534
stream,729,0.8048275005492227,20.883756629346028,1.0258037900771906
stream,730,0.8057190253079642,18.072590431587475,0.986195063292053
stream,731,0.806554558064767,18.418709609882843,0.8580977072233774
stream,732,0.8072326815768717,17.81966478079214,0.8190002822740731
stream,733,0.8077143545863066,17.72738981729427,0.8312229221269437
stream,734,0.8079916999226773,17.386301440014055,0.950458430754462
stream,735,0.8081979407597726,16.34127041676493,0.9782778334911874
stream,736,0.8081183435679473,15.471015527666765,0.9884611138650599
stream,737,0.808016508098257,12.937712489585302,0.9821152770156528
stream,738,0.8077922535751175,12.588183344838773,0.8182933604744468
stream,739,0.8078041662495109,9.208973785808023,0.6249191924451839
stream,740,0.8078332428781446,8.180337085931665,0.6621371353732438
stream,741,0.8075100827247306,7.997678680981721,0.507894174515111
stream,742,0.8066858803930405,7.953327078781556,0.5089477247908091
stream,743,0.8060059629055686,6.945445488076892,0.4551961291599005
stream,744,0.8056313891869314,6.9492349237879845,0.40663235080107046
stream,745,0.8053287022089872,7.225756760976887,0.4214367671352672
stream,746,0.8047114379792764,9.155842091661686,0.4457787236511791
stream,747,0.8041188781620997,13.803271877773387,0.45699666989776405
stream,748,0.8041161602665202,13.628283609568369,0.599770552823489
stream,749,0.8041859036926144,12.950277665947638,0.5984735868802549
stream,750,0.8038488984190625,13.526811873672148,0.57638338722101
stream,751,0.8033922139911934,13.81688425464578,0.5686917280726941
stream,752,0.8038289592327503,13.933345662869899,0.5602566193164691
stream,753,0.8043351209458198,14.658564321665077,0.5723759919722977
stream,754,0.8046740730182231,17.477616381609437,0.464857461197881
stream,755,0.8052216762791734,20.606335755064627,0.4363012226198394
stream,756,0.805257561720724,26.83465928063705,0.444193007361832
stream,757,0.8051097466606063,38.11980499617547,0.46462522076805
stream,758,0.8053184661347221,43.16485943355127,0.4984324696911126
stream,759,0.8049820257349903,47.49969148944504,0.49846913427525
stream,760,0.8047813905383152,46.39534117183578,0.5506870694425551
stream,761,0.8050894068443503,48.854436605650335,0.5817771645534592
stream,762,0.8056452421198718,50.05611014035318,0.5831907762289293
stream,763,0.8064430690639391,51.118969383019426,0.551363827107639
stream,764,0.8074516923431637,52.752951817876955,0.5224164959242433
stream,765,0.8087060356950172,53.46992818405859,0.5086900838801992
stream,766,0.8102492645265701,52.43886590315646,0.4833678979682934
stream,767,0.8116495200591709,55.49648996533389,0.5951466562328405
stream,768,0.8131515347562381,55.67138363993698,0.58843537243295
stream,769,0.8148917166483566,55.57325071374168,0.5915415681358165
stream,770,0.816194113891599,57.01971362973338,0.6404877473478123
stream,771,0.8175377272121338,57.07200920254181,0.6567311745767418
stream,772,0.8190649308372822,57.046891161877944,0.6746549972092616
stream,773,0.820149938313221,55.66399608048292,0.6497161789744786
stream,774,0.82157187194219,52.36846520707159,0.6395706305088731
stream,775,0.8227709855034716,50.89015418083921,0.6886079570667751
stream,776,0.824018714205878,51.449187272463035,0.7196979870020633
stream,777,0.8258084237093647,40.81120866622251,0.8131301010020331
stream,778,0.8272433038510518,35.87549285453336,0.7917288683953744
stream,779,0.828490548029164,35.51156851303819,0.8765639763018157
stream,780,0.8295118997585468,35.318716042414565,0.8873984554808757
stream,781,0.8300300088383437,33.51113357636639,0.9003910245250791
stream,782,0.8306605386860679,32.42079312157194,0.9084961505316749
stream,783,0.8311379868785577,30.620631529082864,0.9041729033201704
stream,784,0.8314562361465619,29.56044390469991,0.9010666969232032
stream,785,0.8316409202113102,28.57754810108671,0.9104021337506656
stream,786,0.8318089343388717,28.969424198742733,0.9558907236403892
stream,787,0.8321093552855828,20.474062035780257,0.8410791238898819
stream,788,0.8323916279006086,20.18621964644212,0.6965080488864513
stream,789,0.832330741369719,21.156809527620158,0.7163124071703595
stream,790,0.8328813597201693,19.727964347240174,0.6636820662828194
stream,791,0.8334249808893216,18.944352951482788,0.6521895996561639
stream,792,0.8340236038262361,19.015411241914247,0.6301482548348182
stream,793,0.8342881357542932,24.53234088649561,0.7475536850551219
stream,794,0.8345906380369964,24.623395893338174,0.9330934727627356
stream,795,0.8348650499784764,24.420885927045422,0.907003363698017
stream,796,0.8351124918879607,17.87554568454642,0.8900562499168455
stream,797,0.835298889211549,20.070246485751685,0.8125497915877665
stream,798,0.8353389425762674,21.04379604430702,0.8036700762434414
stream,799,0.8356263634150288,17.457993199999997,0.7256319753564889
stream,800,0.8359601084513121,17.33092675432146,0.652950842160363
stream,801,0.8363630695581113,16.63188443936679,0.596164286309858
stream,802,0.8367439620393874,17.582278969666625,0.6005552591484465
stream,803,0.8373651765347225,17.465817658898697,0.6968181796732714
stream,804,0.8381150727036827,19.279797557337492,0.8825551559309406
stream,805,0.8388627377492129,20.946113255143885,0.8704424794009747
stream,806,0.8396658261803737,22.175155529782195,0.8259341189072453
stream,807,0.8406251868232503,28.82586738380772,0.8289669603932054
stream,808,0.8416143034056072,29.516473645324538,0.9543171090433722
stream,809,0.8425838247369238,28.60894953552347,0.9850013209314961
stream,810,0.8434411460650859,30.09810204631733,1.0343086022050854
stream,811,0.8442261662633574,30.565242610414014,1.0454222265683781
stream,812,0.8449656004124177,30.727612030844245,1.0443808846136458
stream,813,0.8456936749948365,25.037273822762224,0.9328400646446291
stream,814,0.846293399270731,27.473510048013612,0.8168940260091756
stream,815,0.8467573183952107,29.632988807194636,0.8023152478973149
stream,816,0.8472088008262698,29.424586651559867,0.9412543490234473
stream,817,0.8475700190344647,26.92619972957087,0.9286859229921745
stream,818,0.8478848243544815,25.850661184178147,0.9324668418220428
stream,819,0.8481337246576545,26.018411612813832,0.9395194344645146
stream,820,0.8483031854981213,26.14158938634762,0.9157299570515508
stream,821,0.8482823578100284,28.508376137770913,0.9526622254994636
stream,822,0.8482567114329539,27.470115048465704,1.0050069319567965
stream,823,0.848052949358739,27.53485437462799,0.9116613291817025
stream,824,0.8476222788350884,25.874605421367164,0.7262410804135196
stream,825,0.8470424047130358,24.32929482156102,0.7345718259043043
stream,826,0.8464976372063288,22.036668148911605,0.7589137824202162
stream,827,0.8458872041116279,15.61595825311502,0.7506996754947967
stream,828,0.8452959262741864,15.046005185375458,0.6602638119741624
stream,829,0.8447816378255147,16.22158275392896,0.6270034897902825
stream,830,0.8442622748840971,14.427163794175831,0.5933728914098851
stream,831,0.8438674782463795,14.198714944972446,0.5752977992349707
stream,832,0.8436423031757553,13.879149038231414,0.5818391801150683
stream,833,0.8437824596148151,15.173568431691379,0.6009133557683674
stream,834,0.8440159547507589,12.643637797840116,0.5795366181419681
stream,835,0.8444288807858972,8.942471039183658,0.5719905597830127
stream,836,0.8448588518494289,9.204341460310419,0.4030439825970169
stream,837,0.845369611822076,8.718513290396634,0.3878974527345352
stream,838,0.8456894545562963,13.7552267043948,0.6514539572103255
stream,839,0.8459290157787088,13.522978589443804,0.7033041757637178
stream,840,0.8461372767975648,13.364401294659542,0.7096500134204963
stream,841,0.8462865331947123,14.023832494358569,0.7806319660975758
stream,842,0.8463181758906344,15.120605193911066,0.7184517961098376
stream,843,0.8460938489966238,16.463435200089503,0.7132262154931768
stream,844,0.8459045898144162,15.93870524780861,0.7244620105195568
stream,845,0.8457454129077738,16.34716235074085,0.7637249672696921
stream,846,0.84557483657847,16.361516266017183,0.7916808573389267
stream,847,0.8454265998665682,16.436451666714348,0.7681780684573546
stream,848,0.8452851102677561,16.64545682003608,0.778646996041317
stream,849,0.8451451175118067,15.657268687961283,0.8079364728119347
stream,850,0.8450115585141621,16.066988002271035,0.8621983026390841
stream,851,0.8448989715736994,15.754431408934689,0.8806522360645327
stream,852,0.8448043218916003,15.938435199532984,0.8821869903206341
stream,853,0.8446677083832832,16.668840390097703,0.9869619120019255
stream,854,0.8445308179075349,16.895178971273232,1.102323403108704
stream,855,0.8444295902039718,18.33856180377034,1.1368007228179324
stream,856,0.8444391483098792,19.73657878336463,1.136161663073827
stream,857,0.8446701135100265,21.059206976267593,1.122275378458747
stream,858,0.8448574389254035,16.51518571042889,0.9552598607410371
stream,859,0.8451377545735097,16.47652607225544,0.9559809345310546
stream,860,0.8454252305497413,17.052320609008756,0.9498428783482354
stream,861,0.8457040624147671,15.985915133149089,0.8450536767480933
stream,862,0.8460922238486075,16.565343718267606,0.8376787149863004
stream,863,0.8464671764634233,14.779718546690601,0.8797790737127442
stream,864,0.846989451459123,15.5674460392671,0.8889643073797978
stream,865,0.8476817714433023,16.260427955846364,0.8399636448483617
stream,866,0.8484850549745387,16.813753343260533,0.7893161697687414
stream,867,0.8495068862081109,20.07431723493398,0.8281055919071568
stream,868,0.8506106354233766,20.226087344038493,0.8399448554801774
stream,869,0.8519528183167452,24.93479262353409,0.8865049139397517
stream,870,0.853196910134618,24.225912755272848,1.0019866469426928
stream,871,0.8543832828533278,25.15820915198604,1.0189603067653334
stream,872,0.8556839342643722,24.932907579662906,1.0596292101720683
stream,873,0.8569274658474232,22.95167523825062,0.9299155083661813
stream,874,0.858239656697172,22.824997317497765,0.7647533540043056
stream,875,0.8596554315983409,22.45162411772077,0.7914835918388827
stream,876,0.861086392043213,21.122238403184994,0.7921226515829879
stream,877,0.8625234973337846,19.864243513939375,0.8018970035788188
stream,878,0.8639478812688092,19.52365758840444,0.6895525780545381
stream,879,0.8654658404292731,21.289907259844373,0.6492228402875777
stream,880,0.8669173294039297,21.83095074487842,0.6478092411528128
stream,881,0.8683519428881291,20.51091778015128,0.6407744749870191
stream,882,0.8697091264221698,19.323089413108544,0.640329937133175
stream,883,0.8708316843912424,20.134655068727724,0.5951233827038646
stream,884,0.8717064978833428,19.153917805232773,0.6029052014625627
stream,885,0.872139401523439,18.125710815122517,0.609469996546964
stream,886,0.872458756710267,17.418210338145016,0.6326138117707891
stream,887,0.8726515004040499,14.676642085371965,0.6391954237661339
stream,888,0.8727626100496383,14.196501440083129,0.6142031872937799
stream,889,0.8728036263404446,9.386599207360652,0.5220201103929241
stream,890,0.8727940909938281,9.38919184246257,0.3481411994494523
stream,891,0.8727572573258666,8.631298534690222,0.3244306078526871
stream,892,0.872714335649016,10.092764942304514,0.298340531015419
stream,893,0.8726407010882379,12.547815914164207,0.2989373232040252
stream,894,0.8725933044066121,12.472157765253199,0.41818512372436417
stream,895,0.8726042478962698,11.738437474649114,0.36804991045156193
stream,896,0.8725891438968129,12.0091796289741,0.3667896007932941
stream,897,0.8725755036221963,12.892812357760935,0.35845887356385403
stream,898,0.8725477536836798,14.483035068098275,0.5597136291185605
stream,899,0.8725186049373526,13.078913388210653,0.5454805389375809
stream,900,0.869212073928534,4546.975576514914,229.28500892706396
stream,901,0.866795396081122,6666.589924826888,271.26217663099203
stream,902,0.8653840122886008,7225.276103636152,289.88325815036353
stream,903,0.8683484260560106,8120.528885467879,291.25859104195354
stream,904,0.8710344245609618,8122.826870815465,320.1713769564025
stream,905,0.8715370761662274,8137.412647219475,321.14670318311966
stream,906,0.8711048633560294,8213.620156145224,326.60534484763014
stream,907,0.8702832985703159,8214.484498801465,330.33145576269783
stream,908,0.8699225208459282,8261.410118345377,331.44309834558993
stream,909,0.8698303142825282,8267.201018858166,332.1032909943371
stream,910,0.8694792487026987,8304.36258259806,334.6523857792484
stream,911,0.8704360752825784,8774.411084075182,362.743407736627
stream,912,0.8713263622674837,8809.524306725905,371.33628683501735
stream,913,0.8715775471628099,8974.646992525053,384.66283108583934
stream,914,0.871792816145844,8974.703448618779,390.88336145384153
stream,915,0.8715184199261453,9013.162668286495,392.2094469143399
stream,916,0.8707422535877519,9057.153870979091,398.3667760230219
stream,917,0.8695005058071419,9062.98763257979,399.0318482033112
stream,918,0.8684379248265873,9094.100644932201,399.1563740933601
stream,919,0.8667053088989177,9097.334546334409,401.46456153746874
stream,920,0.8641986336753195,4569.947956467311,172.7530857283565
stream,921,0.864293766047962,2598.332566669639,138.78671275646536
stream,922,0.8639097514102627,2045.948298284126,128.53506248701274
stream,923,0.865253535180189,1169.004476479175,128.95139997400094
stream,924,0.8664506378880943,1167.7497775384168,101.11676822125577
stream,925,0.8673692622306258,1160.6179463287226,100.27927149840782
stream,926,0.8699407412829712,1187.7146204114079,100.65325271374006
stream,927,0.8700571245906861,1505.4059474547491,125.82323964982918
stream,928,0.8594830978718151,9976.072922663541,314.8637216137875
stream,929,0.8524377054190384,10476.165301438396,403.55769668970424
stream,930,0.8466084087181666,10442.731392558104,416.5896696482578
stream,931,0.8496257765389145,10840.947757612583,415.5667207927073
stream,932,0.8531902200171985,10805.943868603681,436.3635266109677
stream,933,0.858551111673404,10671.083884826334,423.7141788486149
stream,934,0.863179810574539,10679.279466968135,420.25668823630883
stream,935,0.8674817547961625,10641.674789237932,419.51372338471646
stream,936,0.8707722040892095,10597.289107439232,413.417601831953
stream,937,0.8724651631629198,10592.733265821877,412.77446100243566
stream,938,0.8725918807265379,10566.37749134586,412.4841079121648
stream,939,0.8717575240338431,10563.812997976522,410.23431764681453
stream,940,0.871078647731314,10620.258340224891,411.974378820111
stream,941,0.8698137951610383,10479.952864606437,408.039113508824
stream,942,0.8679583422897392,10475.701568419176,399.7451595145278
stream,943,0.867468323146391,10501.521398928331,400.68937383639576
stream,944,0.8663296608737353,10515.715816308799,403.6948374050416
stream,945,0.8646809692018301,10514.436914130141,403.6000670248867
stream,946,0.862907181287922,10412.31681477401,397.8219702490081
stream,947,0.8612766800914108,10094.191256672208,368.88066584193723
stream,948,0.8599671409208309,1576.597349872952,178.75420562249627
stream,949,0.8589901429151009,1070.5367274681967,89.40283400130326
stream,950,0.8581211358750109,1067.0314175744397,73.81390909823962
stream,951,0.8574201238802741,198.71487726901773,46.7729083812201
stream,952,0.8564131938119279,197.2482370163417,17.368387984710605
stream,953,0.8560810450468405,164.40488952157565,16.71063225766704
stream,954,0.8557377113169157,156.19691957174769,13.829221568473443
stream,955,0.8561468145880033,155.27251874398544,13.257581238269628
stream,956,0.8570190930556718,155.78042552509953,13.202384935173557
stream,957,0.8581798886064496,153.629848113556,13.187121747855814
stream,958,0.8591131874702214,147.12486305313192,13.152114291362128
stream,959,0.8620924217823008,183.16692822633112,14.607642863410165
stream,960,0.8657273619212055,127.83617258326117,13.151259822140648
stream,961,0.8687480550268579,120.89729278433718,9.144688719146991
stream,962,0.8694735477321708,152.03902738020975,10.83734318362608
stream,963,0.8699025743425111,116.30403768414834,11.164064730068912
stream,964,0.8695448328727169,118.38231841417497,8.797184228400868
stream,965,0.8690562022960322,123.91728920536123,8.76584976389212
stream,966,0.8686874759432168,145.51415536834097,11.11281825902795
stream,967,0.8685580610922182,157.62486287642224,13.645920351538013
stream,968,0.8686455764653312,160.17311993907757,13.7461719117847
stream,969,0.8684849929103989,161.88070757570497,13.747706664042429
stream,970,0.8683928760712888,161.64841366637123,13.814706518525345
stream,971,0.868619596145909,162.79384527533557,13.807634028890885
stream,972,0.8691534953008573,162.79331647764553,13.880176122507292
stream,973,0.8700895434790291,163.65788762030505,13.885529548098514
stream,974,0.8709103106975818,163.58672028921785,13.890036101522506
stream,975,0.8716892353778599,163.3772824802384,13.866521061052511
stream,976,0.8722110110119324,162.9311095525908,13.885815208667111
stream,977,0.8724513171106528,162.88789940982,13.884304863771233
stream,978,0.8724325427538546,162.88779208299474,13.888233444022836
stream,979,0.8720599285084198,125.56212180171767,12.364630087984262
stream,980,0.87188498676665,116.85454235730501,12.0509445065071
stream,981,0.8719788147344905,115.57682809446545,11.980944839195825
stream,982,0.8722295701545342,82.04136764578686,10.25118240111941
stream,983,0.8723760598180158,72.81590446537253,7.192577043227681
stream,984,0.8723038476923612,55.59074094244198,5.46116983560993
stream,985,0.8725883596155638,43.7307383170616,5.448087087430698
stream,986,0.8729722293280714,21.180614550715646,3.025708056547282
stream,987,0.873355701558028,7.834721389354387,0.49940296880308815
stream,988,0.8739212158534634,5.5087944964425635,0.3443808787570425
stream,989,0.8745097632454963,3.7950549119698516,0.34790718310948887
stream,990,0.8750501365978781,3.793530590101551,0.27674194800688917
stream,991,0.8754885551564344,2.9697325299494657,0.2681000548611049
stream,992,0.875785708857444,2.8776839798027143,0.21357394164997565
stream,993,0.8756386516292426,2.4708315845281277,0.20133240970166003
stream,994,0.8754817815933772,2.497112015070635,0.20767825573393556
stream,995,0.8750384279134406,3.091428242472764,0.25366036890366467
stream,996,0.8742007287560417,3.588708782286293,0.22782487844379565
stream,997,0.8727364954694093,7.541644522893158,0.2633990902152997
stream,998,0.8706423258302708,7.543330094215738,0.38962869279587875
stream,999,0.8685197590134717,10.253635848441704,0.49385464910356197
stream,1000,0.8663788035793899,10.399234374834247,0.5414325942393786
stream,1001,0.8645838237831719,10.801931738371083,0.5477417651779783
stream,1002,0.8626837297805409,10.638904004216492,0.527406288290679
stream,1003,0.8602814665763325,10.683062869217721,0.5288198874254441
stream,1004,0.8581371820854755,11.192993418934316,0.5378808771141407
stream,1005,0.8558073828094849,12.348226317324185,0.697659625807189
stream,1006,0.8541902783694156,12.186251121406768,0.7581527719971515
stream,1007,0.8531004411701801,12.215595584388483,0.7521414857769172
stream,1008,0.8524762257053751,12.377369378269908,0.758931854434493
stream,1009,0.852618610674995,12.37562096737389,0.7630671779045206
stream,1010,0.8529598850975562,12.375962436289678,0.7640173809539559
stream,1011,0.8528883362869883,12.454721392612798,0.7701030048408214
stream,1012,0.8536642392207319,13.749231068709932,0.8621175831342639
stream,1013,0.8540649873353362,13.583745198500425,0.8621176060874536
stream,1014,0.8546023939176436,13.572347177392526,0.873903319074002
stream,1015,0.85430284640874,15.10379092052856,0.9189406798980615
stream,1016,0.8541408887128552,14.420908097034172,0.9985079069987531
stream,1017,0.853509718359887,10.557631921081336,0.9566245405074912
stream,1018,0.8524190379293878,10.563757079278956,0.8269964502982008
stream,1019,0.8513172345632465,8.124421966780734,0.72866514309717
stream,1020,0.8499477359424475,7.976529325724258,0.6973306083694241
stream,1021,0.8484599218873179,7.676526079665124,0.7005035198086876
stream,1022,0.8466204091576083,8.054453570268679,0.7243531194840085
stream,1023,0.8446943518971308,8.040329713896373,0.7229395198669083
stream,1024,0.8424534543428931,7.526490472311881,0.7022093804298567
stream,1025,0.8398807388169248,6.31335653962061,0.5401712518069417
stream,1026,0.8350796186009467,33.23956925113055,1.4391455762566274
stream,1027,0.8300979168371362,33.46683530386086,2.5238300288632165
stream,1028,0.824467048084152,35.36807752979616,2.545644740029551
stream,1029,0.8190135266010665,35.9516740488653,2.5456447646729043
stream,1030,0.8137164328842946,35.99200999250878,2.5516560277938396
stream,1031,0.8089285693013126,35.50973504754366,2.5294568674161377
stream,1032,0.8021474244225153,39.78172481609201,2.6137001256689167
stream,1033,0.7973143837112028,39.697894691868626,2.896270151466015
stream,1034,0.7940419232274196,41.95142157004849,2.9110068059914433
stream,1035,0.7924491124157133,41.69049574203986,2.8201640281753573
stream,1036,0.7916030914145703,41.60870202437563,2.8067620619134512
stream,1037,0.7912848389610203,41.82753505379504,2.8094537759483384
stream,1038,0.7918155309508397,42.06302208086191,2.8472930090733324
stream,1039,0.7928029557714411,41.76308679020292,2.8489556104387903
stream,1040,0.7946213579968429,41.97439849855653,2.837230975941559
stream,1041,0.7960967329491738,41.71441947940835,2.8342902742864937
stream,1042,0.7980607261653103,42.04289588009885,2.812485718152705
stream,1043,0.8002936448217556,42.05345616254348,2.8662027475047798
stream,1044,0.8020174421731098,42.26179018218017,2.872354058996779
stream,1045,0.8031558576867849,42.3667065786198,2.8923172868026628
stream,1046,0.8038882580691356,16.31401844522177,1.939195640396256
stream,1047,0.8039616597133438,16.31592240137134,0.9610484372931369
stream,1048,0.8035936863104888,14.057436284395884,0.9334969086004326
stream,1049,0.8028815698926471,15.546357854619583,0.9671274620825181
stream,1050,0.8024854721994287,16.129262946963408,1.1460674470741734
stream,1051,0.8023768924501357,16.336736142648448,1.1423766773951758
stream,1052,0.8021129817324392,10.769414093133095,0.9454422126201314
stream,1053,0.8016465633055706,10.566498632979098,0.653206755950642
stream,1054,0.8009806297897112,8.306112341732433,0.6158319889823975
stream,1055,0.8003036402659064,6.906751064686802,0.6391703012750818
stream,1056,0.7994878498592479,7.410554526756422,0.65257232233234
stream,1057,0.7984875106861032,7.087675941773362,0.6992489481632794
stream,1058,0.7974260410736154,6.887748317677951,0.6609407301634636
stream,1059,0.7960531690547294,7.126566353318635,0.6797225657584703
stream,1060,0.794148640599636,7.41481126107322,0.6752037901999518
stream,1061,0.7921166122351182,7.933457327933444,0.7540606171081656
stream,1062,0.7900926260445128,13.83757018066343,0.8916956495485879
stream,1063,0.7877181660147806,13.861049325529233,0.9908349920820202
stream,1064,0.7848814857947416,13.839829497220387,0.9908349735116287
stream,1065,0.7814636414778408,13.966962027311087,0.9710306267773501
stream,1066,0.7768932820117866,14.398825919526763,1.0602632230369196
stream,1067,0.7715187263407473,15.614637995905262,0.9612719947516007
stream,1068,0.7659588245434528,15.747117511448474,1.1083769185954109
stream,1069,0.7590585984149173,14.402731233143118,1.1200496484886509
stream,1070,0.7516228386009192,13.779960271013119,0.9604037942963952
stream,1071,0.7437949135336279,13.550564752763526,0.9571208763366608
stream,1072,0.7355820112357732,13.690101833075879,0.9524065920142635
stream,1073,0.7270251187223166,13.802809005099148,0.9490080980903035
stream,1074,0.7184759181857766,13.850510354157917,0.9566396883744023
stream,1075,0.7092631718183598,13.33057372947646,0.9340015462176822
stream,1076,0.7008385955325552,14.148004875632601,0.8999839623656924
stream,1077,0.6919242372997216,14.53765042501487,0.951145140050484
stream,1078,0.6823247888243379,16.85949924831053,0.9711628840044124
stream,1079,0.6777091959963393,56.61928509671911,3.1836316029477882
stream,1080,0.6715261026834349,59.820120421241455,5.632050258231039
stream,1081,0.6646235532137863,60.65034850706343,5.558254488555788
stream,1082,0.6547978793171002,56.84338892432969,5.405491689715309
stream,1083,0.6437771384241155,57.816752397314154,5.264627813938611
stream,1084,0.6332466008289523,59.476388287456146,5.491276618497207
stream,1085,0.6201179245654596,60.906577252766596,5.721794358303566
stream,1086,0.6071812258827898,59.49479020453215,5.701626473558342
stream,1087,0.5943146357517947,58.23926267340156,5.6987092073216346
stream,1088,0.5807629172773235,58.43659335105252,5.573242316939674
stream,1089,0.5665768393027946,57.90749245874831,5.513352575600675
stream,1090,0.5517699478201018,58.754749332829945,5.496999163271561
stream,1091,0.537432723305564,59.54893052855846,5.628604127653955
stream,1092,0.5224402589976426,59.573436484880006,5.689200649402088
stream,1093,0.5075627888513005,59.497464762827065,5.695211918574358
stream,1094,0.49241971215845365,61.324953693528784,5.783064144372396
stream,1095,0.476531798366571,62.12787369146769,5.968100953165048
stream,1096,0.46018415435354887,61.229149713928464,6.023973005822707
stream,1097,0.4436519262209596,61.44877509097187,6.003010776837353
stream,1098,0.42793069440753034,59.46204591418214,6.053677116053811
stream,1099,0.4132150392001875,19.515936824483315,3.8283278634042643
stream,1100,0.3999424962335938,15.900041708288551,1.3808105162230286
stream,1101,0.38739445777195547,14.63807906262607,1.3789712370335074
stream,1102,0.37539401448862697,12.088911977206916,1.3994034521844814
stream,1103,0.3647789270173527,11.588202711329274,1.3854560956346027
stream,1104,0.3546559523910101,10.195432662771168,1.294869924509614
stream,1105,0.344500899442443,8.669237798870181,1.062542950576852
stream,1106,0.3347846850325164,9.107497392250819,1.0048362184844706
stream,1107,0.3249251372360873,9.45570941152816,1.1372567881455442
stream,1108,0.3132100363043328,71.19391072895735,3.0500806627044774
stream,1109,0.30272001596899883,80.83267266091889,7.125499698717798
stream,1110,0.2928084819808735,84.00193289858395,7.1777552163645195
stream,1111,0.28745750178262075,112.78961011227153,9.108177613130492
stream,1112,0.28196410389849613,127.61945075596286,12.165920922162089
stream,1113,0.27479085539886383,132.3693868181463,12.255307913029922
stream,1114,0.267128458283202,130.8284751526011,12.266446895191619
stream,1115,0.2593349285568269,130.19971442342353,12.08489413223179
stream,1116,0.25102075879361435,130.48129173586327,11.98978154822157
stream,1117,0.24335462141629619,129.89237201627984,11.945221749937733
stream,1118,0.23669058173946,129.6035829004927,11.874537666767347
stream,1119,0.22977203475738636,129.93276465064415,11.884537578419165
stream,1120,0.2226622517781743,130.17351068463805,11.887004708857857
stream,1121,0.216861135933549,130.84389740709932,11.952718862882124
stream,1122,0.2124776476080336,131.20689245690156,11.928376907563624
stream,1123,0.20870696578479705,130.66742073326068,11.949241465183903
stream,1124,0.21023998051811824,161.896040457622,12.929955899030446
stream,1125,0.20845240750795777,175.45322201771734,16.140841934890528
stream,1126,0.20458015862272286,184.34051727093632,16.12978945118491
stream,1127,0.20634000465729263,241.52240013438166,19.969347266095575
stream,1128,0.2086529471115472,186.7354511531629,18.813739415523255
stream,1129,0.20764910978495588,204.90425849929355,16.921814912476123
stream,1130,0.20540964594392538,210.3011547203184,17.112031377530222
stream,1131,0.20311123769555514,183.35354590881846,15.146364634751171
stream,1132,0.20160126090578248,168.34449929163605,12.129002011754421
stream,1133,0.20303682659861969,215.6182777636707,13.971280829851288
stream,1134,0.2029295981473426,235.0013666127694,18.56177690080869
stream,1135,0.20200645736779244,237.79275149452494,18.818645384135674
stream,1136,0.2005517261572939,237.22668996294163,18.86170450951291
stream,1137,0.19800304991902812,239.69597071866608,18.87164790855571
stream,1138,0.1956837820070827,239.60416057077796,18.967515162300405
stream,1139,0.19451663156433702,239.2231294061652,18.94213186622459
stream,1140,0.19461327822647187,239.60731353261045,18.98252277835041
stream,1141,0.19541681644456527,238.94853464362356,18.941527465973774
stream,1142,0.19663482752524672,238.55825071888182,18.940053800445185
stream,1143,0.1980156428535594,238.61563295787101,18.925474972500133
stream,1144,0.19901944011516937,207.58441311246705,17.86235944223343
stream,1145,0.20022327708247115,194.11260225877294,14.68825140703145
stream,1146,0.20133461526650404,184.91917646189535,14.711656443830831
stream,1147,0.20220235574684303,127.48120924573792,10.737369792454011
stream,1148,0.2037129470013034,121.83701354228043,10.066694725000769
stream,1149,0.20560048628619731,94.21204136059298,7.8977866509460775
stream,1150,0.20728055077016486,85.73167049563608,7.741760815742388
stream,1151,0.20875791265238589,83.79263610878607,7.6477573631671945
stream,1152,0.21076548759689587,85.05835903705898,7.664185646228879
stream,1153,0.21287719276152078,32.99676591356569,5.754719032009007
stream,1154,0.2153855382792401,13.550408912446487,1.0704196086090296
stream,1155,0.21737134405702702,13.00348031128844,0.9673362598942181
stream,1156,0.21923860701654882,12.836361946939876,0.9747580199072238
stream,1157,0.22114199840637258,10.450137090664573,0.9308484804525201
stream,1158,0.22314898920895215,10.781576688961454,0.8353646669056619
stream,1159,0.22496831923556238,10.897512375061842,0.8382152505974207
stream,1160,0.22628607186772653,10.658963368867523,0.8345488682740494
stream,1161,0.22694099912050567,11.343434717611682,0.8158046539293238
stream,1162,0.22744194367387816,11.189885094380717,0.8540563258414361
stream,1163,0.22793376211572053,11.577618668781904,0.8522893466432803
stream,1164,0.22789968741449398,11.757778435542228,0.903416944201977
stream,1165,0.22726013662491457,11.679154106224265,0.8750796568976182
stream,1166,0.22631198524773435,11.496606885106695,0.8427639167084053
stream,1167,0.2260017713280685,12.139890502972616,0.8493954164073385
stream,1168,0.2246335895004271,11.737324122304207,0.9555757559312932
stream,1169,0.2232877063800583,11.358896923687984,0.9743198941366786
stream,1170,0.222088550665749,10.458183149573705,0.8812422358187493
stream,1171,0.2219336705906426,11.116258688181523,0.8969723285202453
stream,1172,0.22155091069756785,9.98287272994486,0.9299723203331792
stream,1173,0.22166332874934927,10.238892695115883,0.9166150962660502
stream,1174,0.21984402939155112,14.562427224925427,1.1641480768049703
stream,1175,0.2183490258945156,12.429624822106119,1.2658014996521678
stream,1176,0.2163194678335331,12.739328576920132,1.2623506317059066
stream,1177,0.21489775071453437,12.995390013900396,1.2866926115970934
stream,1178,0.21511405487020321,15.63142246587964,1.3175448615997691
stream,1179,0.2143128748312675,17.037055213223486,1.672295521237518
stream,1180,0.21402901821054773,16.990573420899402,1.7365629463400623
stream,1181,0.21420192096568882,16.63725194280825,1.7236757314002222
stream,1182,0.214623778225584,16.76882910691575,1.6956195623111077
stream,1183,0.21501796138926807,16.32396595052843,1.7180509678312121
stream,1184,0.21515639880508342,15.567653138856045,1.6117270821337228
stream,1185,0.2151581289067293,15.427550074321093,1.6022450196423823
stream,1186,0.21544423802061324,15.583849961478652,1.5999978498809457
stream,1187,0.21557732511858038,14.654629177541524,1.6288850506817407
stream,1188,0.21580326247840623,13.406610754505492,1.411821798108507
stream,1189,0.21601158223369216,13.4322847016352,1.3930776589553
stream,1190,0.21740713755730068,14.741126917705182,1.447017241763359
stream,1191,0.21873274991159064,13.509379560381214,1.5147606325095597
stream,1192,0.22019607649021095,13.378076695761965,1.3666023136111014
stream,1193,0.22156546931023283,13.123305272411452,1.359295111941346
stream,1194,0.2219475015335304,9.393664200892337,1.13029605839224
stream,1195,0.22280989193587322,9.565453087596676,0.9456362621396038
stream,1196,0.22292846817791687,9.433640699730095,0.9497593638924299
stream,1197,0.22323569878052663,9.595808394175961,0.9588579944795488
stream,1198,0.22338250391271045,6.854645977783651,0.9391636380733046
stream,1199,0.2226778138632884,5.8775195999133025,0.6774907519894771
stream,1200,0.22180921926893613,5.458810694691172,0.5914188110736536
stream,1201,0.22076136381471678,5.038859324890755,0.5924968414156873
stream,1202,0.21954333441107782,4.885490352119074,0.5855842343086737
stream,1203,0.21838293526118077,4.966962996161591,0.5620025227518599
stream,1204,0.2174921248397748,4.805828833611773,0.5551688699248566
stream,1205,0.21698162079436792,4.98964349723261,0.5728238048466221
stream,1206,0.2168763896297202,5.368192782717664,0.5750709750253876
stream,1207,0.216561926732204,6.138497777589204,0.6272888450940304
stream,1208,0.21624231784836898,6.131971876482054,0.6640668529349973
stream,1209,0.21604275818010651,6.334797766271664,0.6546382206586647
stream,1210,0.21543114323671073,5.383377000266856,0.6397314294044328
stream,1211,0.21445496506107634,5.880367037027188,0.5548631986290737
stream,1212,0.2137526729877539,7.112409126685701,0.6583222759721005
stream,1213,0.2128930989565692,7.1130067358803615,0.7257233449881916
stream,1214,0.21176867186092252,6.853124791792531,0.7170081452106022
stream,1215,0.2106591314783632,7.008470038983799,0.7373614189369959
stream,1216,0.2093883836265863,7.3000620616870915,0.7553763286802616
stream,1217,0.20807370281316015,6.9119568335121935,0.7246396334985283
stream,1218,0.2064996947305792,7.731215086420898,0.7830368102793667
stream,1219,0.20468921132044668,7.291875570271238,0.7101911375240787
stream,1220,0.2027234695942961,7.255459903551986,0.7037062629689492
stream,1221,0.20058434077148532,9.24991775104961,0.7851759280684429
stream,1222,0.19818618963626528,9.53144547778616,0.912483534511411
stream,1223,0.1957050730744176,10.199390336135897,0.9083660354105679
stream,1224,0.19311569815924637,10.202463237796358,0.9404562391024207
stream,1225,0.1903098714529171,10.43405970489116,0.9340982245070327
stream,1226,0.18724560238758628,10.1490660662489,0.9311508839699963
stream,1227,0.18407871475768503,9.341512313967717,0.8521661899414413
stream,1228,0.18104165674845804,10.78307193584603,0.8562302049468188
stream,1229,0.1783377326544935,10.588899154149233,0.872576011569969
stream,1230,0.1756338349473995,10.59189602801583,0.8507714391845184
stream,1231,0.17318776589033272,10.746662500838168,0.95730868601226
stream,1232,0.17089159607233556,9.737502709151652,0.9258652457250441
stream,1233,0.16878953409571654,9.80500430424142,0.8523128760619421
stream,1234,0.16689553858152997,9.279175659536072,0.8642376118185413
stream,1235,0.164989911594124,8.724884102033892,0.7689213635875766
stream,1236,0.16340363160913537,8.97266986555742,0.7544851832712698
stream,1237,0.1621553845968253,8.821078410360206,0.7738225730389656
stream,1238,0.16041889427468195,8.98354012139174,0.7457063237639509
stream,1239,0.15873260972012415,8.890852785845405,0.7794136957596988
stream,1240,0.15756410541027732,9.404216478513401,0.7707708345386933
stream,1241,0.15710058266424595,8.043347909153548,0.685080276648834
stream,1242,0.1556403103836447,9.758406793402798,0.7570154907486724
stream,1243,0.1554135142989055,11.275587756195854,1.0714502304426645
stream,1244,0.1548204982517188,11.489754334901912,1.2188708042504628
stream,1245,0.15434516507885732,11.068072094380621,1.2093642784967955
stream,1246,0.15418716690828316,10.966364474302082,1.2133651831880976
stream,1247,0.15353141114032864,11.197011664218925,1.2197965551263692
stream,1248,0.15285429955262525,9.74993039334098,1.1842223608088418
stream,1249,0.15223872876162176,9.725226651504013,1.162608741903001
stream,1250,0.1515026886505308,9.365820889601597,1.1506060847808737
stream,1251,0.15064067536014186,8.706725301764939,1.0446900790647893
stream,1252,0.14959457135955295,8.613392746928945,0.9711340565137364
stream,1253,0.14858876237236696,8.538917336296622,0.9709996091479782
stream,1254,0.14769182117705804,8.546861703816038,0.9386838707789651
stream,1255,0.14714788039057985,9.430305231713719,0.9438905916679741
stream,1256,0.14629169153744467,9.036446375862585,0.9632112617810513
stream,1257,0.14578687057029804,9.963119263871292,1.0247081424618605
stream,1258,0.145085712590045,8.802845879491407,1.0321931622676221
stream,1259,0.14428245058054348,8.810774144065816,0.9759331941572883
stream,1260,0.14325327475313793,8.42972011105735,0.9721334104435267
stream,1261,0.14183269767518342,8.35150638878359,0.9805018546240762
stream,1262,0.14015452373430917,6.798476766524702,0.7779883597959256
stream,1263,0.13734259665470255,28.84221593322105,1.1869458863162046
stream,1264,0.13663078649044508,28.955246916757385,1.602450445415343
stream,1265,0.13687093754589863,30.812349416334914,1.6904039750925417
stream,1266,0.13707125222902433,31.205886224814904,1.7360270351063152
stream,1267,0.13681549237616075,31.935693446646184,1.7179932036346977
stream,1268,0.13657540794101697,31.964887751052302,1.7404245932337108
stream,1269,0.13610896124257243,35.109602110480935,1.8291271154029538
stream,1270,0.13553860603597875,36.35526611622188,1.841533055633666
stream,1271,0.1351717525266656,38.14525975717573,2.092335983251183
stream,1272,0.13499135222846698,38.23288947986495,2.2213429765779096
stream,1273,0.13488254159621105,38.361562597102136,2.221477433738127
stream,1274,0.13509444419563346,38.82815044601713,2.2762479635374864
stream,1275,0.13531422515551375,38.20702620868029,2.3280869712500114
stream,1276,0.1356241177857842,39.05248831342506,2.248766623372003
stream,1277,0.13586696410508614,38.23262474694821,2.1959849667220923
stream,1278,0.13621668298330183,38.20031570297505,2.1582190202283136
stream,1279,0.136478372475545,38.43624550398221,2.1614341963789654
stream,1280,0.13696717241626047,39.037097949554514,2.2406444989440946
stream,1281,0.13686555024383784,40.09121356703645,2.356496290846333
stream,1282,0.13653435937039604,39.60002568243941,2.4475035441461865
stream,1283,0.1362202593207786,15.53372373530878,1.7346723666200698
stream,1284,0.1355929027295001,15.62594853743415,1.1812583085913473
stream,1285,0.1353454198016649,14.325008481988283,1.19293613706958
stream,1286,0.135111015528744,13.81066650327226,1.158951159075924
stream,1287,0.13487696023717993,12.925131372016132,1.1594812538930874
stream,1288,0.13459879332152533,12.903244061084061,1.1464784553936125
stream,1289,0.13441594092435633,10.306436188691448,1.0825700864212273
stream,1290,0.1340514419407566,10.063609889583859,1.174012332370386
stream,1291,0.13368648552133244,8.499258966455269,1.0179864861315513
stream,1292,0.13320213886445642,8.319999163457364,0.9132115255759982
stream,1293,0.13279912129962393,8.196854794098854,0.9118167840669258
stream,1294,0.13226891981350766,7.645960679838577,0.8539344372660195
stream,1295,0.13165090767316964,7.401379055906575,0.8087467928468406
stream,1296,0.13097049617119252,6.233880174438632,0.8088567868963722
stream,1297,0.13023720663242616,6.279701900535212,0.7770589121787909
stream,1298,0.12927954969366717,6.683917313450412,0.7664978085503082
stream,1299,0.1280984403027473,6.5739933578221965,0.7692938918963105
stream,1300,0.1269434280472854,6.130030914990409,0.7344820069577279
stream,1301,0.12605148580128325,8.632466649189055,0.7176214721606035
stream,1302,0.12524858875909486,8.64052989414697,0.7509623421245766
stream,1303,0.12447286977683665,8.409386097631003,0.7422104872755109
stream,1304,0.12380876229363028,8.365260585486173,0.7019428394223034
stream,1305,0.12354750047560385,8.802043524461734,0.731693584242969
stream,1306,0.12312884741426783,10.601555175436758,0.8660726162891184
stream,1307,0.12284046187769786,10.849683519785877,1.044761010366779
stream,1308,0.12264994827613482,10.845043956776161,1.0317149626612785
stream,1309,0.12243642135227366,10.279492243423581,1.006409562689609
stream,1310,0.12203977519173041,9.434336600845493,0.8994363401969746
stream,1311,0.12174402476523008,9.099682810988616,0.8322485172637387
stream,1312,0.12164870203258803,10.35224972751653,0.8602043001418519
stream,1313,0.12204459224144462,19.188821344559123,0.9725394466850291
stream,1314,0.12306401422001711,36.15432692827497,1.0635467639086176
stream,1315,0.1240077672861918,36.7998769802574,1.3674203886459202
stream,1316,0.12413518344760102,44.513534821099334,1.7874399537608847
stream,1317,0.12364663319704698,47.056854785592016,1.8581849773076486
stream,1318,0.12252241052397755,50.32621155949305,1.8572047552140725
stream,1319,0.12117453091288839,50.454165940675495,1.9261406073775826
stream,1320,0.11975525853248527,50.40826567921512,1.9123887780536104
stream,1321,0.11857659224224043,46.42895597968645,1.8335853201452146
stream,1322,0.11754638842296015,46.62911821286087,1.709401675036102
stream,1323,0.11675592776636562,46.717054571622434,1.7130924396445681
stream,1324,0.11614650754705519,48.63166808655914,1.7433478927187611
stream,1325,0.11623372127796597,48.71287432124987,1.9292279521024616
stream,1326,0.11697079115225054,47.50762722187234,1.7790332371671904
stream,1327,0.11797240181568851,47.28944971254932,1.6016051433546976
stream,1328,0.1190710114115329,47.39585914457987,1.6007038240498201
stream,1329,0.1200392194695204,47.89560127161998,1.599753627013998
stream,1330,0.12079584552126242,47.70576048936391,1.6206379930263368
stream,1331,0.1214490084302691,47.69897477870586,1.5916051073226034
stream,1332,0.12215697790153159,46.45172638401494,1.5463420981567064
stream,1333,0.12215417455087815,39.86160455656824,1.5130440824074316
stream,1334,0.12289852894089928,22.888158505852758,1.5238785592085138
stream,1335,0.12453335392128155,22.16638437730273,1.2079823721718639
stream,1336,0.12714002228477872,14.996917866162478,0.8218189611767645
stream,1337,0.13075167402035553,12.506009396080602,0.753765647417782
stream,1338,0.1353850901274526,9.555322409294654,0.7653069731398408
stream,1339,0.14054451880269245,10.16962438006673,0.7903592881296468
stream,1340,0.14632223642895026,9.96653993608807,0.7765951758300088
stream,1341,0.15208607769700266,9.910186623070643,0.7488613119902775
stream,1342,0.15728489810986093,9.696612690887411,0.7648547231530425
stream,1343,0.16177064868947527,10.177733529487343,0.7736967362699381
stream,1344,0.1652152028119524,7.958072363706931,0.8041375915867608
stream,1345,0.16755579339810897,7.060590805571207,0.502468393768839
stream,1346,0.16862760932690518,6.698227515681198,0.5040520526102541
stream,1347,0.1687114300607222,6.84369590517422,0.5478113585357927
stream,1348,0.16867303558561245,6.759254946680664,0.557317883482089
stream,1349,0.16848292813213875,6.260374920521756,0.5693404237383645
stream,1350,0.1682916651064708,6.331292175139221,0.5515811126092011
stream,1351,0.16842776589686365,6.555166592418842,0.5530247318282401
stream,1352,0.16929582953243622,6.611339868367783,0.5453931408563485
stream,1353,0.170660278299461,4.367017204583952,0.46761630392395953
stream,1354,0.1724229661010555,4.3663678640436325,0.36577451088003304
stream,1355,0.17450743527576587,4.396384562865738,0.37135346206905473
stream,1356,0.17665012713395611,3.8878942315736866,0.3360903479564235
stream,1357,0.17883742679681106,3.751366573396777,0.34288071587163516
stream,1358,0.18129972103730824,3.8777075014793825,0.33396999121883353
stream,1359,0.18360592954573207,3.5784584416292162,0.377579224816888
stream,1360,0.1860699387552548,3.5478710812616034,0.3822003814221942
stream,1361,0.1887374153447306,4.032278007667308,0.3929671915737523
stream,1362,0.19134613633914133,4.304512493518354,0.3800799761138542
stream,1363,0.19376936312332182,3.743420586217119,0.38043440135093937
stream,1364,0.19612551929694658,4.118400916607872,0.3363517410585393
stream,1365,0.19832470580391287,4.195586400586217,0.3743076188652429
stream,1366,0.20033035952083433,4.055527311312204,0.39853964479458376
stream,1367,0.2020925545333951,3.9039121591689994,0.3527343227292081
stream,1368,0.20381992410651248,5.129803487790159,0.4169146052991143
stream,1369,0.20564040233120065,5.653529926994542,0.4050198784239274
stream,1370,0.20739874946874243,5.722813459306022,0.3965114025463311
stream,1371,0.208861131561863,5.647456901951107,0.4236240267968524
stream,1372,0.21019988310074403,6.967858404322354,0.44856277939615435
stream,1373,0.21118983095646637,6.961634020222663,0.5175174621583705
stream,1374,0.21205970039587949,7.03469894119151,0.5198624061590972
stream,1375,0.21265974129703696,7.020842687546895,0.5144112707130655
stream,1376,0.2131985353395596,7.006280538610862,0.5158182307058313
stream,1377,0.21380488734098993,6.9494563976905015,0.5063361446659459
stream,1378,0.21413104701106445,6.090356747327122,0.5033521448431831
stream,1379,0.21398278513419067,5.693116200940636,0.3610037914967038
stream,1380,0.21376734176919784,6.988809969263198,0.48248750872156976
stream,1381,0.21310263489502942,6.867457630864795,0.5773413985649414
stream,1382,0.2123886277388917,7.351372888649694,0.6598890913957487
stream,1383,0.21143495543858074,7.675567150515538,0.6459416997420172
stream,1384,0.21042779086867405,18.92978243008764,0.9165264256650011
stream,1385,0.20881905253515992,21.42759530027064,0.9637167653255752
stream,1386,0.20639487746536347,22.34236292311683,1.1633399319492648
stream,1387,0.20367296238739382,22.237084857263334,1.189431050444047
stream,1388,0.20096172418175687,23.85197766523287,1.2036977748425717
stream,1389,0.19848629177500007,23.541763473787306,1.2657277158083675
stream,1390,0.1961524650403504,23.787078654427408,1.2680848717807485
stream,1391,0.1939341949731924,23.752476149186915,1.2555586802004777
stream,1392,0.19191368424647262,22.32509370806248,1.2313267201289244
stream,1393,0.19049999165397224,26.151310706873655,1.2845095903426267
stream,1394,0.18908662002592824,26.07364469442616,1.4402985524087484
stream,1395,0.18743452131557906,176.7917285680998,6.890814950054212
stream,1396,0.18444384239381426,232.06086198868604,7.767653437744001
stream,1397,0.17940402554818316,285.4967140503287,7.768694783658506
stream,1398,0.17435715995049655,287.7080346285073,10.49998418851926
stream,1399,0.17028768339177822,298.6023668415517,10.641269189965373
stream,1400,0.16688207833321997,298.6215229387242,10.67634883036936
stream,1401,0.16377815460275866,300.4905271320984,10.569905750744603
stream,1402,0.1608892533023284,300.8769895749513,10.491048850887092
stream,1403,0.15733932128988476,301.55118496516377,10.491048851239412
stream,1404,0.15353449592224186,289.8315875777189,10.220842939231032
stream,1405,0.14952399045188403,287.61177208161257,10.155320854176171
stream,1406,0.14568764032919515,286.6810771262583,9.958578279096836
stream,1407,0.14181752007805018,288.5621421732314,9.967224743399822
stream,1408,0.13764103704977915,285.9849756207082,10.015060310951318
stream,1409,0.13337325170250136,285.98357370520114,9.981586576877817
stream,1410,0.1294946563745485,285.63557396904065,9.982512327716002
stream,1411,0.12585502358398817,286.54792222671557,10.04225182254614
stream,1412,0.1226501011570536,286.5493033018184,10.075582449517274
stream,1413,0.11966847280732838,282.78026868471824,9.953579334394457
stream,1414,0.11678045297317297,282.78223869314326,9.799610808502678
stream,1415,0.11408677588009966,132.08907659006718,4.349131073333944
stream,1416,0.11165226130758757,77.52619592168888,3.49422390441638
stream,1417,0.10931655222573267,24.219424978936612,3.5458739605980485
stream,1418,0.10709262192611052,22.18582103426108,0.816801664368415
stream,1419,0.10517068097158244,11.603336912021042,0.6741708108991574
stream,1420,0.10299849078832087,11.30860386729055,0.5963742454251871
stream,1421,0.10099973502496826,10.005160808029899,0.7028173907287849
stream,1422,0.09902575072353044,10.59792087565032,0.9482301923415601
stream,1423,0.09707142317781742,9.723972670869271,0.9842591472122285
stream,1424,0.09540201666192268,9.893988920742038,0.9944892613744456
stream,1425,0.09380061215475925,9.430412317074774,0.9595428733484289
stream,1426,0.092077071361747,9.706643400343452,0.9630767986778574
stream,1427,0.09055640522710694,7.825854286646781,0.9439781718374722
stream,1428,0.08908406363330389,7.612058184097251,0.8074400275107608
stream,1429,0.08780861281091143,7.497137021734362,0.7789204828238703
stream,1430,0.0863882619395881,8.890579523709182,0.8774916522880171
stream,1431,0.08516024281158788,7.98467800624801,0.8865938736218332
stream,1432,0.08420537986230515,8.639858910023161,0.8539023055714666
stream,1433,0.08341776768534034,8.808000908773638,0.8600536069062703
stream,1434,0.08257097387606628,8.951707220818378,0.8699023017742004
stream,1435,0.08166568256428264,10.349187970652592,0.8766993059172846
stream,1436,0.08073946292245686,10.19649075449179,0.8630987329335943
stream,1437,0.07975601800393645,11.9497311267909,0.8308894370995338
stream,1438,0.07901443464689716,11.771003127396101,0.8702735635327293
stream,1439,0.07869892115895392,11.723392607465335,0.8811259406048988
stream,1440,0.07881761666559327,11.369550405550363,0.77944856111458
stream,1441,0.07960421550581084,11.614214231446493,0.6728776059779966
stream,1442,0.08059745416308846,9.878893718996311,0.5012850151410283
stream,1443,0.08171840137701662,10.057382041884182,0.4684167474675859
stream,1444,0.08292434470673049,11.846884696703967,0.6193713212330039
stream,1445,0.08441394599720053,11.786862769635546,0.7090541419819283
stream,1446,0.08576131379842954,11.461193772364174,0.6791810952375936
stream,1447,0.08729318506609034,12.093897180622864,0.66754303852687
stream,1448,0.0886554162668166,12.047560509485729,0.6822394494499162
stream,1449,0.0898686580159108,12.115870847704686,0.7055777936394816
stream,1450,0.09085549441497934,10.683855655985022,0.6079013189431933
stream,1451,0.0916077778467479,10.902846550500191,0.5438039732605535
stream,1452,0.09230816988864876,10.2857687392504,0.5417212894811029
stream,1453,0.09305345929715904,10.082201994861375,0.5355699779891037
stream,1454,0.0937875384652271,10.434929976782145,0.5300521581081393
stream,1455,0.09469618798701906,9.168693492533013,0.5684616670177524
stream,1456,0.09552448719941525,9.641246679164343,0.6495667386295545
stream,1457,0.09641805333327551,7.748641704053642,0.6669039456018454
stream,1458,0.09745344224944089,7.890099347236749,0.6282867111949513
stream,1459,0.09831183520612728,8.945042855722983,0.6548091392068306
stream,1460,0.09891210075638507,8.309935250936524,0.7456519800686369
stream,1461,0.09924320319183662,7.607469069100901,0.7743360333711826
stream,1462,0.09954807879094855,8.350978006759991,0.779372781392722
stream,1463,0.09988004262786447,8.378994770099146,0.7740015961465057
stream,1464,0.09988579089006404,6.470412454255676,0.608047093528694
stream,1465,0.09961427540554216,6.466876124632547,0.5183642726120343
stream,1466,0.099037605186793,6.727292940772823,0.5201847050754397
stream,1467,0.09867977704522254,6.275991977451096,0.5583227903117782
stream,1468,0.09813008769707818,6.908206360685451,0.5875359156685223
stream,1469,0.09776979032304509,7.1479914463731,0.6658749507638186
stream,1470,0.09714832437598798,7.596146129822433,0.7231707423337322
stream,1471,0.09696189442356971,7.807600962261968,0.7986169684628303
stream,1472,0.09676499638026256,7.946495287822719,0.8556993637127601
stream,1473,0.09729809861792697,9.32958599455604,0.9725899515199324
stream,1474,0.09869138494206069,11.553405779515503,0.9875964841343488
stream,1475,0.10038588990500458,11.795994414584689,0.9804649039547421
stream,1476,0.10245811067153893,11.108998549822534,0.8895854642799302
stream,1477,0.10468799380004562,11.127531404662713,0.8544578466344814
stream,1478,0.10664936666951247,11.602083973997908,0.886248131518296
stream,1479,0.10912119015133913,12.163483320564938,1.0203268155992595
stream,1480,0.11140296813785189,12.150758398233064,1.0143190804713738
stream,1481,0.11378351197131249,11.875693017680454,1.0147957227055469
stream,1482,0.11586944892311979,11.299994341588999,0.9547807611541431
stream,1483,0.11878017371910166,18.514317847999397,1.2922233739406113
stream,1484,0.12144721815805692,18.46297562576313,1.4425526074838007
stream,1485,0.12399603551628278,18.74603446551975,1.4560855000035047
stream,1486,0.12625919173695346,18.595404927588024,1.4533815851892675
stream,1487,0.1281238518047485,18.47418116783504,1.424762211198852
stream,1488,0.1296236331584283,17.82317017942182,1.3798724287078257
stream,1489,0.13133184883450247,17.570608001610218,1.288213834903224
stream,1490,0.13339481809816148,17.277792283093564,1.2448277282901994
stream,1491,0.13542854049081968,16.95122254897686,1.1484792689390249
stream,1492,0.1375196970204098,16.854058463845536,1.1097229938578321
stream,1493,0.13980181906954278,15.71889347366026,0.9989837182304518
stream,1494,0.1419831612105668,13.110305306047557,0.975608741435486
stream,1495,0.1439049519781592,12.857783303942162,0.9490863737662071
stream,1496,0.14572853119386292,12.487978120516479,0.9574548123674433
stream,1497,0.14720404374323195,12.512873824540828,0.9547631251153805
stream,1498,0.1488214274895448,11.991399140137235,0.9338751209067885
stream,1499,0.15038862701978986,10.10168225812554,0.769796569657273
stream,1500,0.14452372908489802,10.324256313732125,0.7307667515888027
stream,1501,0.14453316074389538,10.508702187339338,0.7302900424463349
stream,1502,0.1469148731153155,10.368818522013457,0.7467900054588007
stream,1503,0.15250293990796635,3.5911161266519533,0.43803141518888294
stream,1504,0.15812260163989902,5.844531418035075,0.5263923549252264
stream,1505,0.16307074073862762,5.637323075496018,0.5354533185131247
stream,1506,0.16845046366932837,9.568836007472463,0.6841743637866229
stream,1507,0.17174858196869164,9.512950611224488,0.8809331502111726
stream,1508,0.1736516863726079,9.541636505779355,0.886030895235937
stream,1509,0.17511844667994958,9.523144787461458,0.8814266010137354
stream,1510,0.17624692931255045,9.64724170821454,0.8649229659900093
stream,1511,0.17725005135740732,9.856370716628117,0.9102939556749711
stream,1512,0.17808023629629416,10.433703835092395,0.9776583889058255
stream,1513,0.17888914993543156,10.185154685321393,0.992237184455692
stream,1514,0.17965172323845927,10.086314665340897,0.9920971528075575
stream,1515,0.18020099670991183,10.41333081259204,1.0125981264192445
stream,1516,0.18083876200328264,11.01462989437608,1.05721346468073
stream,1517,0.18163001773563034,11.405949333959558,1.0611420489147194
stream,1518,0.18258300674900382,12.231771393147694,1.1329463206727093
stream,1519,0.18352222239447627,12.785160654576195,1.1247067384159959
stream,1520,0.18447945122907158,12.587130176928948,1.092421113898927
stream,1521,0.18555132351778397,13.006371507302397,1.101976539036444
stream,1522,0.18652453841691408,13.123666534327285,1.1218308644361208
stream,1523,0.18739119179541852,12.848796688017652,1.1001083097311926
stream,1524,0.18808613750067918,10.734923657941517,0.8826361101492808
stream,1525,0.18867603266511582,10.726898191672097,0.8780149556892098
stream,1526,0.18869291009916853,7.188016721449433,0.7565164460107336
stream,1527,0.18922106172708594,9.655784485694841,0.5747576553469106
stream,1528,0.1916842120785213,9.670853426857567,0.7071783728286448
stream,1529,0.19223226523174955,10.623815427362892,0.737026961776779
stream,1530,0.19379849039857838,10.590829862177944,0.7453577156045618
stream,1531,0.19537408266861728,11.184968384282568,0.7208889580638407
stream,1532,0.19694292552536818,11.764586758902565,0.7656489394182113
stream,1533,0.19832117887048006,11.856341291448244,0.7813633294528596
stream,1534,0.19962923461975707,11.880144567079446,0.8135935324079763
stream,1535,0.20070832498609764,12.941079493811113,0.857272870890714
stream,1536,0.20157562470648607,12.759991209536432,0.8613715330381477
stream,1537,0.20224151742374244,12.572659484052974,0.9236082618766203
stream,1538,0.20284871030632606,11.724624338090171,0.8535933805098768
stream,1539,0.20351940797414056,15.70932778925566,0.971863458078574
stream,1540,0.20494209103847272,16.223059669520065,1.071464741678519
stream,1541,0.205996629407455,15.96489605150345,1.135067119756493
stream,1542,0.2067490787452858,15.866466629746144,1.077074733937203
stream,1543,0.2081205273077203,15.766834630919828,1.0862711289369869
stream,1544,0.2089779711533007,15.847185285309866,1.052830499584227
stream,1545,0.20922592646950636,15.917508131615268,1.0343643725575933
stream,1546,0.2092629246009054,15.83605590315354,1.0214838463649365
stream,1547,0.20881558172060638,13.637459320986025,1.0686971701683516
stream,1548,0.20835905776171482,13.927136517903179,0.9593815551139845
stream,1549,0.20797202366209575,12.939369117593815,0.9262989331648084
stream,1550,0.20732971661441996,12.77037217224607,0.9284192903028762
stream,1551,0.20653465658053102,11.730512041277972,0.9075170581209142
stream,1552,0.20551672838486532,10.600470856882469,0.7823098943436284
stream,1553,0.2044821955050765,10.742393753194351,0.7697760377708961
stream,1554,0.203551259398721,10.713652340828581,0.7397685426856967
stream,1555,0.2029039168148796,9.167088776641082,0.6643523926064822
stream,1556,0.20285905120920988,9.884542080864655,0.6563072784094716
stream,1557,0.20287689989293,9.739962516850097,0.7213145290743597
stream,1558,0.2029165622326693,9.672458008925613,0.7063756931917866
stream,1559,0.20393857501220453,5.133272807442413,0.6039090523900592
stream,1560,0.20507281878516653,5.148517716307768,0.5404120288770445
stream,1561,0.20657632263846257,4.813745197693175,0.5044345318074869
stream,1562,0.2068206575623355,5.300267127150128,0.5668545306012936
stream,1563,0.20800051447838425,6.756683640370585,0.675044786779316
stream,1564,0.20823083131496697,7.409668142634771,0.8760969296687511
stream,1565,0.20818263794133127,7.286567788897145,0.901912612450794
stream,1566,0.20862911026835082,6.815018406934997,0.8893798477220873
stream,1567,0.20864030067367562,6.779594667977129,0.8204439035678311
stream,1568,0.20836178351390494,6.617207298653253,0.7933312802819817
stream,1569,0.20787370200234317,6.52162489477966,0.7940981507740761
stream,1570,0.20758407108634544,6.940083052005186,0.79787907189518
stream,1571,0.207122486857998,6.963057542780922,0.808062332209135
stream,1572,0.2061968721859458,7.94120864713453,0.8738564367582488
stream,1573,0.20494192398305605,8.637772093326383,0.8480209773878656
stream,1574,0.20349357232013157,8.70118876463161,0.8638855553165559
stream,1575,0.2019708960321975,8.70537846144393,0.8638244519833068
stream,1576,0.20051090150795184,7.661129874489017,0.8162307494446366
stream,1577,0.1992762271839524,7.76640066750169,0.694540264152644
stream,1578,0.19839790597980608,8.664238617265058,0.6951370563412502
stream,1579,0.1975174322800457,9.088641037243237,0.7868210648246221
stream,1580,0.19674862152036854,8.526663855745047,0.7787617200981956
stream,1581,0.19607214688104269,8.807577131609715,0.7391529921052089
stream,1582,0.19563738740425551,8.35675623589631,0.6792968827350528
stream,1583,0.19506630413934772,8.049047738360166,0.6349361531700359
stream,1584,0.19443829218299075,7.177449501953762,0.5035878613413974
stream,1585,0.19400901986691613,7.724800346583123,0.501287157667381
stream,1586,0.1933620070812693,7.950102066624589,0.5362559145346439
stream,1587,0.192314984719981,8.385637713727649,0.5307558915144001
stream,1588,0.1915723509810049,9.109295926850791,0.7088230557427215
stream,1589,0.19095227272017873,9.135272489145699,0.7315146843511535
stream,1590,0.1896457973459636,10.722512184597326,0.8007108010984049
stream,1591,0.18800005518381827,10.863772311099758,0.8526853452952184
stream,1592,0.1864390187703869,9.895247075012636,0.8050228134003372
stream,1593,0.18464685909881406,8.972862333835126,0.8163197296369086
stream,1594,0.18296268666307108,9.46675619180769,0.8245002627202924
stream,1595,0.18167969472862083,10.317449894673194,0.8273508459842867
stream,1596,0.1803592010603334,10.222493625113136,0.8394635228120028
stream,1597,0.17922827661286664,10.245387738168667,0.8435754122938088
stream,1598,0.17799361740451503,9.387845904179269,0.8488432251888486
stream,1599,0.17684983459524456,8.800184824736743,0.7553698768784686
stream,1600,0.17564996071312527,8.919219794240151,0.7190120368105384
stream,1601,0.17468606953282967,8.465869087085283,0.7136587346463438
stream,1602,0.17351534670281787,8.55044389950096,0.7300045424019012
stream,1603,0.17183188851010456,7.865677814786042,0.6553883387710487
stream,1604,0.17024433757334495,7.869687778653184,0.6340114505607488
stream,1605,0.16930936830269488,8.31096707157773,0.642726672305963
stream,1606,0.16897568824967094,8.627841792530413,0.6059486627202395
stream,1607,0.1689132704820836,7.957045915306838,0.6143894035879843
stream,1608,0.1688060013527362,7.074419176369697,0.4349152878066237
stream,1609,0.16890087159065917,7.044783175466694,0.42756576097375437
stream,1610,0.16882412939388775,5.154274010747052,0.3447766790995634
stream,1611,0.16845319503288608,5.345775484522938,0.2827466853856954
stream,1612,0.16808481640598055,5.667611878676263,0.2597251294136095
stream,1613,0.16797525866386126,5.680465602805409,0.28022612535482266
stream,1614,0.16858635334832664,6.284809441045619,0.28939808152929714
stream,1615,0.16903030919370912,5.429156367587713,0.3278564895956921
stream,1616,0.16920396349248779,6.24678693517065,0.332247438750062
stream,1617,0.1694414952747721,6.014995518595235,0.35366091897969326
stream,1618,0.16963512265459355,6.092792566746603,0.3653855967443817
stream,1619,0.16982099330321668,7.988415823728692,0.4005366857033586
stream,1620,0.17027319843702776,8.974508968006138,0.674525524448506
stream,1621,0.17079341714756302,9.782806310159746,0.7905840221033098
stream,1622,0.1716020300739391,10.277807049290892,0.8638573528801349
stream,1623,0.17262324853826602,9.578891221318921,0.8902030639120335
stream,1624,0.17348707311098796,9.656776884029089,0.8666702308990879
stream,1625,0.17447447790040568,8.703047190184577,0.8354024467515639
stream,1626,0.17567944461236393,8.210520305516923,0.8361515000091765
stream,1627,0.17694564215992295,8.29568751167864,0.8402633903737965
stream,1628,0.1783069003624132,8.426299264342966,0.8518159135943041
stream,1629,0.17935856127671007,8.434746459053581,0.8596175742943898
stream,1630,0.18009357567068296,8.480752853084,0.878309309408105
stream,1631,0.18076105889772145,8.207544709029602,0.878169277917269
stream,1632,0.1816870324758291,7.768883930766707,0.879149520780284
stream,1633,0.1826264767279971,7.725773997849919,0.8492764365757463
stream,1634,0.18358660891827494,6.718151509946573,0.8138488822236516
stream,1635,0.18493387224713284,7.102386077126352,0.7753904741572566
stream,1636,0.1857948665274847,6.784420300873773,0.8380971427010521
stream,1637,0.18704996017136383,7.333758930364189,0.8480405764464625
stream,1638,0.18812096010623724,7.304278366052981,0.8618046229267037
stream,1639,0.18914993012815726,5.394576412671235,0.8148499330398044
stream,1640,0.19052752038457116,4.5340878799913344,0.5356176937614595
stream,1641,0.191128755315899,4.477173850550675,0.5302495296564551
stream,1642,0.19118657214191023,3.9200909255283265,0.4421407000550571
stream,1643,0.191724863500041,4.00872042935952,0.4221408484789703
stream,1644,0.19283959159771624,4.096370833933917,0.3974567210230453
stream,1645,0.19345517439142054,4.404698684549061,0.4388099926971439
stream,1646,0.19355778662451134,4.573567549183195,0.4365872742528271
stream,1647,0.19415445673050288,4.510174397057503,0.42673857890256117
stream,1648,0.194467850819233,4.738555524918726,0.4412771756399525
stream,1649,0.19599586277534795,5.082304413379692,0.4567507038247533
stream,1650,0.1977675906459017,4.847636404907499,0.4593512605620848
stream,1651,0.20007274334348185,4.9530890094732145,0.45984469159682323
stream,1652,0.20260909750739628,4.961222355136386,0.47454110961685086
stream,1653,0.2052004870576835,5.112070449687191,0.48621024957076736
stream,1654,0.20821991693554137,4.951018001432041,0.4876716933436799
stream,1655,0.21228296552190992,4.766298958454971,0.4845288188256628
stream,1656,0.21749074591696066,5.3900082450124165,0.4068589021731048
stream,1657,0.22214888622007617,5.509762739214513,0.5196218201047269
stream,1658,0.228186534236864,7.199930584818633,0.6243646002481376
stream,1659,0.23314954755327266,8.408113795185765,0.8658375180031587
stream,1660,0.2381164155905464,8.227930256740043,0.9361294743261539
stream,1661,0.2430128323427512,7.370773464448816,0.8185509744504987
stream,1662,0.24871616188015772,8.156623337893862,0.8333864415676785
stream,1663,0.2540056322661135,7.888310127342554,0.8570969502859972
stream,1664,0.2590866692463298,7.862252155194192,0.8596908788081913
stream,1665,0.26340653818128834,7.729995963959702,0.8465480381896644
stream,1666,0.2669090620483342,7.516553004149027,0.8496720639013399
stream,1667,0.26967807092455354,7.495592504329355,0.8456711622605918
stream,1668,0.2717632621410983,7.6201674019027035,0.8378694721820743
stream,1669,0.2731997694184492,7.686303122712338,0.7962681906594015
stream,1670,0.2745333963613237,7.853416041061183,0.804482297584821
stream,1671,0.2755105658395621,7.655050178421909,0.8141843279851901
stream,1672,0.2762465990397264,7.7768468128023605,0.8003714101552554
stream,1673,0.2769573929666841,7.982275440838813,0.8245967879339853
stream,1674,0.2778615997469668,8.804534344350145,0.8245967879339854
stream,1675,0.27849895547609294,8.641280009593613,0.8866266812278134
stream,1676,0.27909862473628083,7.71222680507249,0.8952318658775904
stream,1677,0.27942873459281425,7.10741018187376,0.7403686332405586
stream,1678,0.2795048158466736,5.861926915382164,0.6531963156611871
stream,1679,0.280715842720663,4.669045546285713,0.42122990231586976
stream,1680,0.2823774863279887,4.746150471563942,0.35408080698942274
stream,1681,0.2842362345385502,4.780369325330133,0.3431785263142002
stream,1682,0.2859185719498448,4.806587806701387,0.40592192416685047
stream,1683,0.2876948111772486,5.600183744888823,0.3706588464582152
stream,1684,0.2904184227097106,5.5784235848072194,0.378210479651751
stream,1685,0.29248224471546025,5.903778019697425,0.3982150370957817
stream,1686,0.29432323424008394,6.597075117086449,0.39509101206624087
stream,1687,0.29608618938567344,6.594378079720606,0.43035412487872937
stream,1688,0.29706430315985827,6.4960631178619455,0.4186294893686702
stream,1689,0.2976262199679182,6.082934795591271,0.4447572741106304
stream,1690,0.2978685907887479,5.9526017096094614,0.41538531283494295
stream,1691,0.29803587405933957,5.9703241468786485,0.40532988547485965
stream,1692,0.29774521104159146,5.839556015179004,0.40994640705943935
stream,1693,0.29717849433358084,5.51925457470895,0.38572103016352327
stream,1694,0.29700031452240744,4.793208023642803,0.3866045209219151
stream,1695,0.2966178805874583,4.893224067248645,0.3266573141594619
stream,1696,0.29590412759939194,4.866753940352176,0.31821099889609183
stream,1697,0.29427649890188684,6.148034926985371,0.32317992639047083
stream,1698,0.2931785678983396,5.605190861756757,0.3271507286333471
stream,1699,0.29424361739045723,9.729127032524715,0.5258767827417324
stream,1700,0.29836760752100633,16.41625205791852,0.5366201826165732
stream,1701,0.302069959012468,17.767027827945007,1.0381452577401191
stream,1702,0.3072404849158637,17.642809840877035,1.1394380490826457
stream,1703,0.31408573426470154,17.771558378884855,1.162776391294709
stream,1704,0.32044704938796487,17.6961581545115,1.1859614913610097
stream,1705,0.3243809259030216,18.55848270765767,1.1654802935087865
stream,1706,0.32675181152720645,18.230473417593704,1.1917480798061266
stream,1707,0.32947855777687746,19.11753997142142,1.2816584874146364
stream,1708,0.332343614947823,19.14047717194305,1.2757938606299088
stream,1709,0.33401615174095617,19.49970215245283,1.3154026057357597
stream,1710,0.33556560737175045,19.476554064139975,1.3484852634340792
stream,1711,0.3351088696396873,20.487485123293638,1.3900865435265952
stream,1712,0.3325269012727914,21.80654628664855,1.3832528912300848
stream,1713,0.3294799274658942,21.770333290152433,1.4358241297315129
stream,1714,0.324932263248225,22.236750811801457,1.4402084347223905
stream,1715,0.3212984967218378,22.765577238224505,1.5512832866994126
stream,1716,0.31774194627757557,22.72669532423507,1.5579147852282171
stream,1717,0.313098134217015,21.573372257539933,1.5613922067736148
stream,1718,0.3073542505400714,21.912403325404537,1.5077974391708096
stream,1719,0.302598653320217,17.967030485688298,1.347142782200824
stream,1720,0.2975272924419505,11.139314007218449,1.3413683089648347
stream,1721,0.29267841947407314,9.79806343529835,0.8576336495851191
stream,1722,0.28796866815370625,9.01195083985826,0.670522429304661
stream,1723,0.2853557186685476,12.134053771284142,0.8266581205853741
stream,1724,0.28154062871202845,14.124393646571363,1.1481031285235739
stream,1725,0.27746944395304685,12.79091996877813,1.2447571369080923
stream,1726,0.2720287159548721,13.04551075860942,1.279962695015052
stream,1727,0.2672858180488487,12.160635482967033,1.1781274557474577
stream,1728,0.2623319892129705,12.225234461378568,1.1839920666110937
stream,1729,0.2577049345054102,13.167925989558533,1.2561273194720486
stream,1730,0.2523049219934183,13.163562668881244,1.2698648678908537
stream,1731,0.2464577902992736,13.824964673237563,1.2568198300384232
stream,1732,0.24100591484637468,12.512918098769228,1.342510446743766
stream,1733,0.23687778231587878,12.814409485289934,1.2763452354998548
stream,1734,0.2331127546212484,12.292893324807029,1.327498343553027
stream,1735,0.2301439507223633,11.655878048784768,1.2143774723101508
stream,1736,0.227419304765848,13.404472428094026,1.236693270662603
stream,1737,0.22467404287195836,13.830292624742246,1.234878432871389
stream,1738,0.22239888910522046,13.989055716143497,1.3051337263059661
stream,1739,0.22029974498922256,14.05737718524388,1.3219307469950994
stream,1740,0.2184002744369328,14.103362443138312,1.313855621451942
stream,1741,0.2168946247309324,14.215968119930984,1.296065204873454
stream,1742,0.21606408870798993,14.444643494239989,1.2984101383862723
stream,1743,0.2154450569678204,10.425276890241022,1.1422744162487937
stream,1744,0.2146134363019851,8.391533519579019,0.7891979942160586
stream,1745,0.21426386685043555,9.380928956589257,0.6896633989949419
stream,1746,0.21334860407310471,10.863138814752118,0.8386451531301191
stream,1747,0.2126495166796557,11.01404335973397,0.939490443616574
stream,1748,0.2125440552602364,11.543737474255366,0.9426633715892792
stream,1749,0.21249186338969056,10.291318949244985,0.8712491408706118
stream,1750,0.2117393850132502,12.356862866707132,0.888669369493799
stream,1751,0.2113260643122274,11.869601509933894,1.05348720420245
stream,1752,0.21131715925796088,11.898074244211559,1.0435661318169331
stream,1753,0.21233491561715903,12.140643908797623,1.061221120710588
stream,1754,0.2132540509569443,12.645149615548934,1.105180692174297
stream,1755,0.21332914593552038,14.596555232238106,1.1404437319347611
stream,1756,0.21411098048692548,13.205218556517988,1.226495823146072
stream,1757,0.21518302968576833,12.586973697337172,1.2374958717274909
stream,1758,0.21613147711120062,12.301958760002517,1.1855300062493683
stream,1759,0.21818907729543266,14.441261704464052,1.219894268036506
stream,1760,0.22029946239640966,14.50724078698598,1.300511584631424
stream,1761,0.22210586639096888,14.350435792520141,1.3058959870491798
stream,1762,0.22381362693349222,14.150431818659206,1.3197089654931833
stream,1763,0.22534021880912622,14.159419008193126,1.3005548570073087
stream,1764,0.2273229072328904,14.70134038084082,1.3130876343049063
stream,1765,0.22953610421960718,13.693386071464907,1.3195022159795133
stream,1766,0.23126459013013104,11.936413161828918,1.155029141127757
stream,1767,0.23265040476689822,11.829565721036014,1.0328915786391806
stream,1768,0.23361254680472765,10.9533519878644,1.0262600678183822
stream,1769,0.23500599410175568,10.900566919969508,0.9627865075251636
stream,1770,0.23701603864989187,9.03450125042431,0.8993129534019718
stream,1771,0.240684036019339,9.776118345810954,0.737527961571715
stream,1772,0.24406060431884694,9.929410990982078,0.819764512992984
stream,1773,0.24586173978416642,11.014693187337333,0.8371170140661587
stream,1774,0.2464548184796905,11.730412081936297,0.7352750939709088
stream,1775,0.24723749156898375,9.75200430663916,0.7315644719004442
stream,1776,0.24717736281748762,9.6266145144953,0.6455123806891334
stream,1777,0.24646586154313496,9.83895303339495,0.6245979260532656
stream,1778,0.24677743860077384,10.317658057161866,0.659255612677824
stream,1779,0.2470909730772763,7.921381693882115,0.5905239138736702
stream,1780,0.24692493358174758,7.8234764653962525,0.5199254025372709
stream,1781,0.24769359907746125,8.309708131381738,0.5251133230454605
stream,1782,0.25019156423666983,9.902317360271221,0.517194993345352
stream,1783,0.25203849102454146,10.016255960749504,0.638184316308609
stream,1784,0.2529956538198515,9.573612653704359,0.6247257772251108
stream,1785,0.2543755402591559,9.835740372713449,0.6083112308850515
stream,1786,0.2552674192320637,9.780949087893452,0.648159794579654
stream,1787,0.25609187486375207,9.735606634781202,0.647410758944508
stream,1788,0.25522663780742316,11.778362404307634,0.724921877062884
stream,1789,0.25369708913491756,11.813133308727169,0.774921664628349
stream,1790,0.25218329720496857,11.799774306047782,0.7800494327551244
stream,1791,0.24797965181460638,11.57584044832828,0.8928913141968962
stream,1792,0.24382648549242145,11.468946816042155,0.8197569862819639
stream,1793,0.23876925465552024,10.487936403633327,0.8341178358663612
stream,1794,0.23385142879701357,9.274119608810878,0.8394890359285486
stream,1795,0.2322469914043625,12.171231398937737,0.9260422161461765
stream,1796,0.22991464977508974,12.213655924448261,1.1550415076487537
stream,1797,0.2305382243235593,16.259686912349576,1.3485557045733447
stream,1798,0.23121434933532828,15.58339828172209,1.4535780149414246
stream,1799,0.23167048900730317,15.694912696572068,1.4246307180601674
