segment,end_index,PW_WTC,E_CCDC,CD2_P
stream,0,,,
stream,1,,,
stream,2,,,
stream,3,,,
stream,4,,,
stream,5,,,
stream,6,,,
stream,7,,,
stream,8,,,
stream,9,,,
stream,10,,,
stream,11,,,
stream,12,,,
stream,13,,,
stream,14,,,
stream,15,,,
stream,16,,,
stream,17,,,
stream,18,,,
stream,19,,,
stream,20,,16.466422529433807,
stream,21,,14.415941909831238,0.8416351779455562
stream,22,,14.373851441781245,0.8007050307364553
stream,23,,14.356497848338293,0.796637488575472
stream,24,,15.114756406071335,0.8257289072210638
stream,25,,15.003659477138198,0.8529013604451132
stream,26,,13.960469791710771,0.8406288189813516
stream,27,,13.39212437047326,0.736638036424975
stream,28,,13.338289615921527,0.7372961908735296
stream,29,,13.346493491322216,0.7550881156307941
stream,30,,13.906028262647558,0.7755887471149424
stream,31,,13.844056453140594,0.7810639816869396
stream,32,,12.686883936598525,0.7153826201715369
stream,33,,13.793798332061286,0.7129356277706377
stream,34,,14.092452422627217,0.8061098762300708
stream,35,,13.666613121841447,0.7902372039620639
stream,36,,11.309261751576633,0.6073907490466363
stream,37,,11.370821222360796,0.5349062085565837
stream,38,,9.386806631572473,0.478135482006363
stream,39,,7.485493205164384,0.5534752747657247
stream,40,,6.4115170730792945,0.552757605281802
stream,41,,6.158267820718511,0.5425076974161878
stream,42,,6.326025755196043,0.5445033288514728
stream,43,,6.379954105765808,0.5542913961577771
stream,44,,5.240099603733614,0.5103227631092104
stream,45,,5.593082110388295,0.5005234355743613
stream,46,,5.622530926302315,0.5061515428366203
stream,47,,6.178352087788795,0.5378262514943976
stream,48,,5.9558439989210035,0.5414964300642169
stream,49,,6.109205585873415,0.5152327662050957
stream,50,,6.3703562780711405,0.49526547372830065
stream,51,,7.002495182042162,0.5782713071754649
stream,52,,7.018274416850761,0.5809686638961528
stream,53,,6.242350207940269,0.5176297117705257
stream,54,,6.150829062944541,0.464205733050358
stream,55,,6.169297067561828,0.45872964718447573
stream,56,,6.207224228612667,0.4582675308395448
stream,57,,6.7452884602852645,0.5106860394347967
stream,58,,5.4390085825772685,0.4600511953382094
stream,59,,7.119307627604054,0.43071480345230134
stream,60,,6.899028120738718,0.48036027591639674
stream,61,,10.902344622492771,0.6007241378381301
stream,62,,11.221558847417754,0.8708943278563033
stream,63,,11.179138112273595,0.8684636335848108
stream,64,,11.159763141239084,0.8718078932109179
stream,65,,11.60191703140537,0.8736627201877742
stream,66,,11.597400758938601,0.9242324932239419
stream,67,,11.774155078093408,0.9040851496328893
stream,68,,12.908777239096157,1.0651720059870184
stream,69,,12.750665328593252,1.1006199214125356
stream,70,,13.204247464183894,1.1556592712320046
stream,71,,13.114707460829038,1.0605713028595856
stream,72,,13.05323187880783,1.0737795870424367
stream,73,,12.323296935121139,1.060838218342038
stream,74,,13.986741446964817,1.0871553577359845
stream,75,,14.26946108497404,1.2163554171497577
stream,76,,14.334167947047067,1.243875099053456
stream,77,,13.963372122277962,1.1817718094055978
stream,78,,14.265141085397387,1.2117716211222076
stream,79,,12.50225649305835,1.1665185835531517
stream,80,,12.508497457943188,1.1199235107054235
stream,81,,8.427114133191417,0.996351603280208
stream,82,,8.320068996403553,0.7267800357338846
stream,83,,8.609259593658534,0.7732226025065003
stream,84,,8.637554682085415,0.7727168845875504
stream,85,,8.417319158856477,0.7883285742990693
stream,86,,9.295032379441873,0.7339251707123674
stream,87,,8.414759645294444,0.7602705976016656
stream,88,,7.454729124051307,0.6055244419959918
stream,89,,7.6562071257343645,0.570179831481689
stream,90,,6.352523542072058,0.5062875889923146
stream,91,,6.738096252477598,0.5264996709089051
stream,92,,6.8455630138993016,0.5740024768147689
stream,93,,6.830292052299118,0.5754924626460868
stream,94,,4.951649844174184,0.4920791083861812
stream,95,,4.882853890175989,0.36924147316815253
stream,96,,4.829868278111063,0.36780595158345325
stream,97,,4.7648021116547,0.36761022232773627
stream,98,,4.459295733116847,0.31874147231751276
stream,99,,4.662679149239911,0.32035646211214036
stream,100,,4.80838529924365,0.3174692007599973
stream,101,,5.83693383225702,0.3782030758697966
stream,102,,5.454914717088936,0.3942871135090008
stream,103,,5.71397435337419,0.3626726256344495
stream,104,,5.736226603003904,0.39604941213550376
stream,105,,5.469183979528749,0.3890014092473371
stream,106,,4.904583395097766,0.43255756318837363
stream,107,,5.0371780256052086,0.3869793260141801
stream,108,,5.582025584169791,0.42621147269632415
stream,109,,5.582745071237893,0.4320353989407654
stream,110,,5.868170593481424,0.4297135666736852
stream,111,,4.953570375084227,0.42337861396048687
stream,112,,5.006904798811221,0.3578007091126576
stream,113,,5.389857998345396,0.3906981320040099
stream,114,,5.427316287718298,0.41642411541142277
stream,115,,5.287575239318738,0.40681015421832756
stream,116,,6.943861500961248,0.4090838129867177
stream,117,,6.881146307586884,0.5056020605714999
stream,118,,7.3955912752467565,0.5108327460217745
stream,119,,7.761146175805415,0.5788751957803236
stream,120,,8.059475836191249,0.57853255700555
stream,121,,7.089906416092673,0.5257265549854864
stream,122,,7.155470126282611,0.503513810708544
stream,123,,7.053987351680114,0.5016928011649509
stream,124,,7.070749250076977,0.4715185344061023
stream,125,,6.852902375608119,0.4558255083378233
stream,126,,6.547584579950879,0.41129599259469646
stream,127,,6.922973842484805,0.4185551553577522
stream,128,,6.183186251908533,0.36977977237679344
stream,129,,9.183656663273252,0.5137865949780277
stream,130,,9.0989198705053,0.5712896011909525
stream,131,,9.823726359775158,0.5568687015598143
stream,132,,9.764173997452364,0.6056332877526982
stream,133,,9.420052140821173,0.5737092059767908
stream,134,,9.394069855633859,0.5518003554722565
stream,135,,9.580780395897577,0.5618053831378242
stream,136,,8.250954963524649,0.5842141812471908
stream,137,,8.378015209241322,0.5499949023551498
stream,138,,7.906487984997916,0.5542585045054131
stream,139,,7.716631818814636,0.48218709341528565
stream,140,,7.253072583866019,0.5210008701902197
stream,141,,9.530930428312242,0.5747356994237828
stream,142,,13.556944219401725,0.5773294536854002
stream,143,,13.276370885481448,0.7821023957169965
stream,144,,13.247304482882011,0.7807919486343554
stream,145,,13.371239715380264,0.770906583549831
stream,146,,13.846641559545086,0.8349944710338728
stream,147,,14.198080397496195,0.9365277091169423
stream,148,,14.08175241827623,0.9893541877321709
stream,149,,11.315029807329473,0.8550972621413112
stream,150,,12.072081396643918,0.9164993943006453
stream,151,,11.342399043336627,0.9346070797273107
stream,152,,14.052543043972765,0.9969022695549636
stream,153,,14.686342780484015,1.2415531923748944
stream,154,,14.71466186736991,1.2513631316503953
stream,155,,14.573645275010316,1.2469209590025176
stream,156,,14.212842991757876,1.1997267432341268
stream,157,,14.457768474538863,1.1666929991967883
stream,158,,14.414589502549452,1.1710758283041494
stream,159,,14.456208579627173,1.1893133561866784
stream,160,,15.067995249798601,1.223060595748894
stream,161,,14.013206378411436,1.1649215884007555
stream,162,,11.56172135983199,1.1538235041874423
stream,163,,14.02995732359973,1.2365935913338477
stream,164,,16.81387781922749,1.6360850934562414
stream,165,,16.569189064082362,1.7224292732105844
stream,166,,16.12202343908788,1.6575202794050115
stream,167,,16.437225746779706,1.6127071507251807
stream,168,,16.99835377794184,1.6719246654615427
stream,169,,17.964279524653996,1.7755767116984547
stream,170,,17.871048530864176,1.8028209864086842
stream,171,,17.98301398433348,1.7951913670667026
stream,172,,15.224323880782817,1.6849633926995573
stream,173,,14.561435691388503,1.4386809453291627
stream,174,,14.53288793317139,1.4264949361311987
stream,175,,14.649051628438107,1.431877805583434
stream,176,,16.539038957542843,1.555335735611989
stream,177,,18.735702399615842,1.8389316171354273
stream,178,,19.812868576780687,1.8283443144178968
stream,179,,19.378192819351693,1.8446418056183531
stream,180,,18.834063837097382,1.7739730299607634
stream,181,,19.957243650769094,1.8257500090803644
stream,182,,18.39763058411013,1.8870603690450842
stream,183,,15.759779420964225,1.5832204391581868
stream,184,,13.202714362653904,1.1967634539080285
stream,185,,13.256434729051747,1.135997664064396
stream,186,,13.21281069675582,1.1468296949635162
stream,187,,12.331416099474579,1.0841555924429425
stream,188,,12.103795835853322,0.9698766701502956
stream,189,,10.84120442626608,0.8532934361378072
stream,190,,10.062187050047372,0.7315861212494656
stream,191,,10.092862212071328,0.7178289728337495
stream,192,,10.511427627551926,0.7709013164311846
stream,193,,11.771961993182853,0.8975551233524031
stream,194,,11.86360521232524,0.916543742851787
stream,195,,12.167838641368775,0.9535315330032694
stream,196,,11.059375284101511,0.827382138307206
stream,197,,8.483539833775565,0.5307631177623897
stream,198,,7.416518501010302,0.5335685993820524
stream,199,,7.675841755514745,0.49606434990826553
stream,200,,7.723818888401025,0.5171085895209998
stream,201,,5.307659945696899,0.4635641338231904
stream,202,,7.642917422580121,0.4922425997905543
stream,203,,7.791908957705157,0.6198695392473846
stream,204,,8.848486954496412,0.6971937718639334
stream,205,,8.852438551739038,0.6986673903317345
stream,206,,11.228988296494192,0.8054352453286773
stream,207,,16.297312306881356,0.8187626757701973
stream,208,,19.141681055784957,1.4961851794374077
stream,209,,20.747188551353116,1.846468623024557
stream,210,,20.69158670299411,1.8275296779242294
stream,211,,21.49558083219414,1.8412868015724366
stream,212,,21.607146712912787,1.7862569810685947
stream,213,,20.396951481472332,1.6992769623532855
stream,214,,21.30569954201846,1.6980480509438782
stream,215,,21.022754801252788,1.6583523557966882
stream,216,,22.32503593969266,1.776621096257718
stream,217,,25.55320179163246,2.1648731757089332
stream,218,,25.58272665611156,2.248444553469311
stream,219,,26.57362138465355,2.299944390951041
stream,220,,27.22479764394748,2.4407644882460935
stream,221,,27.264826467824584,2.4739122627204524
stream,222,,24.85333964563261,2.3850164592071526
stream,223,,25.333104374189627,2.2749534211555837
stream,224,,24.018330100033808,2.2073838094762745
stream,225,,24.070624802802836,2.179401767901353
stream,226,,22.28301454551951,2.0948197740337653
stream,227,,17.28617737128163,2.153334274267595
stream,228,,14.407284072173004,1.4754712912808352
stream,229,,12.674674298577145,1.1495219400367755
stream,230,,12.659204343618732,1.143502257107856
stream,231,,11.991965714140173,1.150402640737918
stream,232,,11.498524488945879,1.1611422934223283
stream,233,,12.326389512030365,1.13802605355202
stream,234,,11.314586703441352,1.1504566491749593
stream,235,,11.85823627877948,1.184524345386085
stream,236,,11.250092340197561,1.2269381169408344
stream,237,,7.949304017551318,0.8950973374365426
stream,238,,7.959268430114982,0.802885616531665
stream,239,,7.231596705661741,0.7776230801416921
stream,240,,7.5565458699874375,0.7424125448595474
stream,241,,10.232566348256125,1.0032269189546887
stream,242,,10.258435620635565,1.115541358555024
stream,243,,9.649264974644584,1.0969279563075733
stream,244,,9.71883118303716,1.0769119809501368
stream,245,,9.64610289867148,1.0846609395537687
stream,246,,9.191590334896437,1.04988116936002
stream,247,,8.892839936945526,0.9767340736147879
stream,248,,8.58222663811027,0.9807033981653676
stream,249,,8.888347750136512,0.9752547799652059
stream,250,,13.119202593692782,1.2736463173471837
stream,251,,13.732561295929028,1.3036902514868602
stream,252,,13.643265238881972,1.323048516214047
stream,253,,14.424647031733166,1.3498026617389962
stream,254,,14.427854857448901,1.3804431335815412
stream,255,,14.352821136966801,1.3543578504087244
stream,256,,12.845352010076157,1.2196948988742877
stream,257,,12.827774936208828,1.1477755423838347
stream,258,,13.727199381275588,1.176937566290852
stream,259,,13.326840561473984,1.225740964731605
stream,260,,12.294322614024669,1.0974395970464477
stream,261,,10.956367871149922,0.8723996104838402
stream,262,,11.262039380346078,0.8438205997256408
stream,263,,12.745692968675755,0.9541775637620253
stream,264,,14.666920474436884,1.219483259173806
stream,265,,14.621811691217118,1.262336974677936
stream,266,,16.100294001957565,1.3075734871054825
stream,267,,16.02611862968642,1.3609493098073546
stream,268,,16.022360575161862,1.3571811949103207
stream,269,,19.12288166216006,1.443122805939062
stream,270,,16.829107808955868,1.5273333079273501
stream,271,,15.989429025360325,1.5897621297048425
stream,272,,18.05255821892854,1.6263677423527119
stream,273,,16.449714261759812,1.622729877757231
stream,274,,17.24054788448077,1.57350823334997
stream,275,,17.98113086231265,1.6994786109775089
stream,276,,18.76485411177771,1.6761505036134852
stream,277,,19.263782402386443,1.7514673221468882
stream,278,,18.602844116111847,1.764148809193618
stream,279,,22.189438259025156,1.9014215698217234
stream,280,,23.25640336919627,2.236655797200581
stream,281,,22.28870893200063,2.1703436546034856
stream,282,,22.02307637109518,2.117782059201011
stream,283,,21.029448694082642,2.007152983600888
stream,284,,19.235122972443897,1.7349471235002907
stream,285,,19.375055267943505,1.714719745714585
stream,286,,17.930529696271677,1.669483233228988
stream,287,,21.273239625416867,1.7809554069056865
stream,288,,22.102888686492392,1.8074915953673236
stream,289,,18.95993584964584,1.7724795378787992
stream,290,,17.231034772582106,1.4237919254306006
stream,291,,17.95606355748905,1.3131629150835071
stream,292,,15.89415915018619,1.2750619169118549
stream,293,,15.962401734256634,1.2367257318687468
stream,294,,15.27344781225954,1.2236592415400578
stream,295,,15.708677551232777,1.183931435695863
stream,296,,15.193762294568582,1.3215475875347171
stream,297,,14.866337433037463,1.2685256414086958
stream,298,,14.999470990956292,1.260607512405438
stream,299,,11.389583220624516,1.079131635402193
stream,300,,10.59406976505763,0.7450285609949847
stream,301,,12.159269252545926,0.8881259025018143
stream,302,,12.108933868909363,0.9356793254331627
stream,303,,11.58883379936229,0.9348256391132976
stream,304,,11.877189005319469,0.9544069681102745
stream,305,,14.805808402204116,1.1456162318748548
stream,306,,14.929851422424926,1.335060542856214
stream,307,,13.119210312956005,1.1823497060935118
stream,308,,12.648705674069951,1.1672758675187707
stream,309,,12.399471627881304,1.096607142399767
stream,310,,12.214345955087841,1.069005697177809
stream,311,,12.251844442910667,1.1232906935331695
stream,312,,12.514457593339163,1.1756002233573626
stream,313,,12.414341620850982,1.1927347559657633
stream,314,,12.67552609889411,1.2137184759468231
stream,315,,10.997368188939875,1.110978342942961
stream,316,,11.779859951123333,1.0544060449446016
stream,317,,11.61538301183941,1.0591687827413254
stream,318,,11.20110936367692,1.025096743604598
stream,319,,11.131801805269122,0.9930195439133525
stream,320,,12.153055106100586,1.0538502652668016
stream,321,,14.387218841666247,1.3270632760799623
stream,322,,14.372565605694344,1.3727113252620833
stream,323,,14.586474347684158,1.3818845551103358
stream,324,,16.200780549600037,1.3863863211698944
stream,325,,13.113434812858713,1.2535671430672275
stream,326,,15.652867456747991,1.1450022398116637
stream,327,,14.168433836416478,1.2691612769310714
stream,328,,13.81095415475131,1.2614670419412088
stream,329,,13.789796306259136,1.2594823772679296
stream,330,,14.790136003339457,1.3123971086623427
stream,331,,14.973916456732265,1.3839122246085171
stream,332,,14.711352433084175,1.3540115256714058
stream,333,,15.455641899789555,1.3558325661191444
stream,334,,15.126468027153711,1.4028639197413455
stream,335,,14.978872337566472,1.403141241616404
stream,336,,14.501397903737802,1.3588993436456784
stream,337,,14.52483601941702,1.362766287205716
stream,338,,14.725041174215193,1.375392274203314
stream,339,,14.994382980486364,1.3742394134001972
stream,340,,13.62690081675828,1.3255947153001895
stream,341,,9.774460625634676,0.9150486662574409
stream,342,,13.009577411630833,0.8487482216418706
stream,343,,12.888343974543115,0.9823514151809373
stream,344,,11.013822139573536,0.9817647885592797
stream,345,,11.084427248484593,0.891808613081835
stream,346,,8.404469178390535,0.8110162146307134
stream,347,,13.970178049536525,0.8208694219957441
stream,348,,14.362875158089546,1.1293262582908652
stream,349,,14.49910383807615,1.131539487696035
stream,350,,13.643419731787247,1.1024369066864173
stream,351,,12.77828770479419,0.9743149778096154
stream,352,,15.543498834073088,1.0713762814338605
stream,353,,15.156642407513191,1.2273790347265359
stream,354,,15.647542075836194,1.223848830194954
stream,355,,15.560038072353684,1.2384654921358593
stream,356,,15.174124809782578,1.2182760576738385
stream,357,,15.183730171277784,1.203990573797862
stream,358,,16.04108891089538,1.2176879688534024
stream,359,,16.791152646872746,1.3886766570938425
stream,360,,17.666824798523283,1.3753594807317802
stream,361,,17.394576496375535,1.4313233258637295
stream,362,,14.16567000887836,1.373248464673099
stream,363,,14.587841932848107,1.2477153303117146
stream,364,,14.338954426001152,1.2418855336062287
stream,365,,14.271958306278036,1.2449035749319788
stream,366,,14.16813757551037,1.2463716388587107
stream,367,,9.052218772878199,1.1074813942596784
stream,368,,8.672118974359968,0.8093130476811013
stream,369,,11.656643998811605,0.9036180012436221
stream,370,,11.925879694358718,0.9036179650344343
stream,371,,11.766581566068552,0.9177943231492273
stream,372,,9.586574338348266,0.7906890826225024
stream,373,,9.196868624350962,0.6271013229229354
stream,374,,8.86860229203755,0.5783751184378909
stream,375,,8.994167120590086,0.5823549674440582
stream,376,,8.858419062706151,0.5755523839791645
stream,377,,9.07189819683203,0.5590548177853638
stream,378,,8.258600319375244,0.5590548153011784
stream,379,,8.7462340750345,0.4043082394703212
stream,380,,9.728924778084268,0.6725122294058181
stream,381,,10.216136725183185,0.614345754893424
stream,382,,10.504925920137705,0.6137094306724424
stream,383,,9.99439551816886,0.6142308770013163
stream,384,,10.071482287328244,0.597303572283928
stream,385,,10.480613534466034,0.6228228549694276
stream,386,,10.821911343700874,0.6212677785752744
stream,387,,12.686572711841778,0.6499793307308963
stream,388,,12.83909551824703,0.7639249285500133
stream,389,,11.076401235115437,0.7574553449422756
stream,390,,10.63150200457926,0.7918260062780412
stream,391,,10.773632814055675,0.7897868138617493
stream,392,,10.232056643504723,0.7695262388035587
stream,393,,10.227909730289424,0.7598358925459398
stream,394,,10.038729687330726,0.7440663437847219
stream,395,,13.364027472048308,0.8743434475031493
stream,396,,13.416937962016123,1.015580680056021
stream,397,,13.776398090510451,1.0277825669261422
stream,398,,13.571388753933867,1.0416494933943128
stream,399,,12.034205635431713,1.026690610268228
stream,400,,10.391813852935677,0.7667136650806415
stream,401,,9.978821410427384,0.7980461745657409
stream,402,,9.77644372436458,0.7977253773338032
stream,403,,10.269236417204072,0.8043320302246332
stream,404,,12.802234383528097,1.036304460057939
stream,405,,12.590774691895923,1.1591513051443638
stream,406,,12.566871215786982,1.2043877780083398
stream,407,,11.085936574547905,1.2755659063557165
stream,408,,11.013512282258734,1.20615515530351
stream,409,,12.56836813050966,1.270998043298954
stream,410,,13.319613506343101,1.2322554512461081
stream,411,,13.683726841869698,1.3204279792750133
stream,412,,14.615424645357475,1.3233101192632422
stream,413,,14.634573663217513,1.3393021756303098
stream,414,,15.376042575690658,1.3782083376690666
stream,415,,11.97620983520196,1.2439513868157632
stream,416,,13.617979449941206,1.1765092536622137
stream,417,,13.014438191556273,1.2279275891386991
stream,418,,13.016000985729518,1.1910108209674302
stream,419,,13.194644448308305,1.1908804593199815
stream,420,,13.441069087893847,1.2342022531952395
stream,421,,13.463118027559961,1.1984655399578634
stream,422,,13.935621895701011,1.2553931069552546
stream,423,,14.773149504083227,1.3425044128668429
stream,424,,12.871022244822733,1.2457298957650467
stream,425,,13.091774744716039,1.1776938979522464
stream,426,,14.256885148206361,1.1417882822653376
stream,427,,15.195163930247467,1.26771043491434
stream,428,,15.977320147313346,1.2123270464012168
stream,429,,13.087410613876525,1.0748086326856425
stream,430,,12.313005852241885,1.049147893052871
stream,431,,12.51077685661239,0.9726936965645852
stream,432,,11.81056790106713,1.0475535378205112
stream,433,,11.957633427547156,1.0664556471025364
stream,434,,12.140002885891981,1.0736442978889633
stream,435,,12.109786251464657,1.117102535325719
stream,436,,11.41777739818565,1.0540252157131458
stream,437,,11.444835837792906,1.0284357005032196
stream,438,,11.398552549068073,1.0297135868948784
stream,439,,11.219855854897586,1.028832640224654
stream,440,,11.317786753881562,0.9999755734906889
stream,441,,11.476548493138608,0.9963321266186183
stream,442,,10.90760961409136,0.9469845427583182
stream,443,,11.555638415267188,0.9095679762701114
stream,444,,12.987586081365603,0.7727660478838165
stream,445,,12.736841642069686,0.740363994514967
stream,446,,11.235806506729114,0.7490103580423522
stream,447,,9.416367984104339,0.5170377259575328
stream,448,,9.396383622517211,0.5367926351732139
stream,449,,10.562193133539088,0.5196152910883842
stream,450,,11.113889156038013,0.5255425496476531
stream,451,,10.502807053599748,0.5093924792155472
stream,452,,10.299755267978568,0.4323847193683609
stream,453,,10.248474442811716,0.41052511183853485
stream,454,,10.585894802145353,0.3824673779318175
stream,455,,10.658446842879505,0.37713202409935587
stream,456,,9.614851094888397,0.3554028222905914
stream,457,,10.956096674292839,0.3695252972992675
stream,458,,14.075393064651243,0.6812661141908787
stream,459,,14.192966288190334,0.8629779295261316
stream,460,,14.307277092878772,0.8823734187993709
stream,461,,14.341291089079993,0.8836786017784855
stream,462,,15.114331118931073,0.9685887371653776
stream,463,,14.313190628476237,1.0307357043312162
stream,464,,12.590109255447999,1.1429374497389566
stream,465,,12.421006022124464,1.1021541699398527
stream,466,,12.56406065059813,1.0877332987750947
stream,467,,12.564058445144164,1.088956750772542
stream,468,,11.703892040556093,1.0657925733916263
stream,469,,10.607862139457275,1.070599364296668
stream,470,,10.11734328661109,1.0681958727789118
stream,471,,10.067769665459682,1.064133862457599
stream,472,,10.055469548914736,1.0683043237458498
stream,473,,9.957746967996968,1.0520889571217575
stream,474,,8.689963142840323,1.0362651077711926
stream,475,,8.80789683674947,0.9883923830586117
stream,476,,9.054218795778677,1.0180761696282061
stream,477,,7.678627210013551,0.974927925012547
stream,478,,4.829855564218885,0.6670478749569498
stream,479,,4.846763092126114,0.5073419511361944
stream,480,,4.250915670787827,0.46535264555408057
stream,481,,4.235180205816879,0.4648141479450664
stream,482,,6.321457080879696,0.5541120302795542
stream,483,,5.283680821962585,0.5742587105621875
stream,484,,5.031689649657461,0.46268234435179295
stream,485,,5.166794816649425,0.4528621468690904
stream,486,,6.124734348451794,0.47152383959672656
stream,487,,7.442596061508895,0.6506692245146178
stream,488,,7.620769386160063,0.675192795491545
stream,489,,7.5172771530889495,0.6772155916233382
stream,490,,7.466812225123375,0.6810492105234619
stream,491,,9.605478583896307,0.7519135066108736
stream,492,,16.476494686605157,1.3643743969451179
stream,493,,19.483844497134516,1.3957827843518125
stream,494,,20.59013674463838,1.694692977501199
stream,495,,22.179620085783128,1.6908865332086749
stream,496,,22.322201890316137,1.806659764528337
stream,497,,22.722938070456834,1.8439516288839308
stream,498,,23.16395565880721,1.8355394375048284
stream,499,,23.095824375842728,1.844038563482068
stream,500,,25.611366071519637,1.8974958263122637
stream,501,,25.366106992029096,1.9512695667081041
stream,502,,24.688692652202725,1.8729015678733156
stream,503,,26.90857866468647,1.9988217703410762
stream,504,,26.86900715280038,2.0574132688658686
stream,505,,26.845007471999946,2.0591914454558076
stream,506,,25.87589980206399,2.050567822803857
stream,507,,24.806775257233895,1.8687309304380266
stream,508,,24.63800467077374,1.8568496759158588
stream,509,,25.30347099702673,1.8755775555771568
stream,510,,25.407410321864194,1.9180451856843121
stream,511,,23.247566613229097,1.8504707328037049
stream,512,,16.357898732451794,1.2373736509589728
stream,513,,14.409272475933985,1.2277427546390343
stream,514,,14.56591674159152,1.0904684144115735
stream,515,,14.098345172106685,1.0900768790842357
stream,516,,13.6940741150673,0.9899640814950202
stream,517,,15.324716124458789,1.0072875549369193
stream,518,,16.01802193643287,1.2653935323218315
stream,519,,15.96109606014113,1.2807114084699793
stream,520,,13.398772848211058,1.2282873583035563
stream,521,,13.292427586097885,1.177074729898112
stream,522,,11.650298832635164,1.1035840927791165
stream,523,,9.890673522846575,0.8196565449671722
stream,524,,10.130871696217342,0.8364796862032784
stream,525,,10.016785918693007,0.8424884267989728
stream,526,,10.017043570956519,0.8348538593133477
stream,527,,9.843837413788354,0.8359902449285852
stream,528,,10.436531419206794,0.8296285941193812
stream,529,,9.995825481807108,0.8051586204820494
stream,530,,9.912253488184003,0.7576336555153916
stream,531,,10.33331428444508,0.7765399796417222
stream,532,,10.473049921493597,0.8097104156017796
stream,533,,10.128022765928918,0.8551148853107202
stream,534,,8.943826713672232,0.7347242294513925
stream,535,,8.115199881540732,0.7403523190245394
stream,536,,8.253589110148141,0.6956875690421833
stream,537,,7.738414279362443,0.6504196576109217
stream,538,,7.560282900697486,0.5744259171427978
stream,539,,7.717724000569898,0.5487879378652728
stream,540,,7.93128650627795,0.5486028938251803
stream,541,,8.596440254367405,0.5525342652870879
stream,542,,8.826522340954556,0.5224200524481168
stream,543,,8.221380775187713,0.5492554124537574
stream,544,,8.727924061146,0.5071189703903297
stream,545,,8.774503754021431,0.5479834177577324
stream,546,,8.667939460183312,0.5419746192703906
stream,547,,9.089277469120738,0.5746058509446538
stream,548,,8.569164401044063,0.6043773376942874
stream,549,,8.416938716712497,0.6216362923942376
stream,550,,9.383062593739652,0.6850130566418028
stream,551,,9.096954813841673,0.666432619647874
stream,552,,8.945143584909331,0.6332621973901976
stream,553,,8.26352054944023,0.569261045099327
stream,554,,10.16331763132838,0.5664488460187432
stream,555,,10.819924140456253,0.8054085978471048
stream,556,,11.02276906549933,0.8932592670397523
stream,557,,9.705893160494654,0.9056898829520933
stream,558,,8.804941472089837,0.7610155116590905
stream,559,,8.65244933990254,0.7480084524271626
stream,560,,10.049562501864697,0.8059529939506237
stream,561,,11.988891909766679,0.8048930024099273
stream,562,,12.830514028191764,0.8082044178094541
stream,563,,13.456479136901685,0.9325087164889998
stream,564,,12.794799901842595,0.9689149510325601
stream,565,,12.748720267319337,0.9248310446586206
stream,566,,12.83289645233774,0.926103382247773
stream,567,,13.345777298111509,0.9875501459006076
stream,568,,13.316732279460728,1.0069998302096885
stream,569,,15.441523389149477,1.112665899640511
stream,570,,15.594958011385788,1.053921975369818
stream,571,,16.205038459732467,1.1909074558915793
stream,572,,16.183078593209096,1.2145346661264511
stream,573,,18.265687088803354,1.2969815536943778
stream,574,,17.29848072589744,1.2601796394219975
stream,575,,16.660775294679844,1.110288279408768
stream,576,,16.483506477004152,1.0217581291720366
stream,577,,17.376070860843424,1.0604203121593625
stream,578,,17.066820225843916,1.0437920907084022
stream,579,,17.059303512897312,1.036679412749988
stream,580,,15.40194626096824,0.9786045091816502
stream,581,,12.933326072792243,0.9749992765902019
stream,582,,11.871224586847326,1.0235628677988873
stream,583,,11.35730389955654,0.9211725415010886
stream,584,,11.364202279921399,0.8758104749391139
stream,585,,11.55415962746937,0.8712430127154417
stream,586,,11.404860163527564,0.8735759831220753
stream,587,,10.433500947921992,0.7782745896798147
stream,588,,14.237662083936334,0.8328849995254312
stream,589,,13.29059572664019,1.0805608706635714
stream,590,,12.636798617283937,1.083790793462831
stream,591,,19.165921049144174,1.3239454722298483
stream,592,,21.384181808909222,1.9381601516745843
stream,593,,19.25593443747065,1.9366908058861405
stream,594,,18.258300888171956,1.9338360860769532
stream,595,,17.731141167842317,1.8376549989393516
stream,596,,18.380390390602077,1.8547615526217365
stream,597,,17.30323761032236,1.8226137754182783
stream,598,,17.983741768792623,1.8260890679101167
stream,599,0.8738783702682077,17.97862473966026,1.8565288755523326
stream,600,0.8755387299714181,18.389106595366314,1.8758328793563683
stream,601,0.8778126329042354,19.252370300303113,1.8780841128977492
stream,602,0.8791426353356563,21.45622431917182,2.070136990411274
stream,603,0.8798013030673821,21.35220514045105,2.127493803654176
stream,604,0.8802212117457222,21.199497498984954,2.1047484129611815
stream,605,0.8800247704292055,21.088440475103244,2.1128774962384647
stream,606,0.8801225359093748,21.83823774397649,2.166384604265338
stream,607,0.8799206004405857,21.799481829762083,2.1986514240705723
stream,608,0.8796766168499637,18.886072840218155,2.117369342859937
stream,609,0.8782912349693532,18.058850970316527,1.7522009323706578
stream,610,0.8777590227050658,17.965034644761328,1.8077149816109095
stream,611,0.8778684231348274,11.18073520917781,1.4228589741470148
stream,612,0.8775524089962395,9.217209589862836,0.7812977798624323
stream,613,0.8762877685922068,9.407669712998047,0.6977101838694668
stream,614,0.8744396403256607,9.395762827688712,0.7005649046026686
stream,615,0.8717554605205087,9.444757678664006,0.7026202925497378
stream,616,0.867408037631399,9.355376999183235,0.7026202632317454
stream,617,0.8610570799172949,9.519384279401425,0.6711630514447561
stream,618,0.8562024077237047,12.699568590388376,0.8665177482318214
stream,619,0.8530144435188433,13.019609308356367,1.066922706597932
stream,620,0.850881005273059,15.052841306884458,1.094452982405708
stream,621,0.8498794952266805,14.156907655562073,1.2226958857855403
stream,622,0.8505947955065906,11.403295095256198,0.9815954687170593
stream,623,0.8534600852733918,11.396218519765878,0.8773654580453523
stream,624,0.8548883483909707,11.420387926017138,0.8775447059814224
stream,625,0.8552195117987065,11.847572725313563,0.8739830706984353
stream,626,0.8556281441782764,11.34675137242429,0.8186814824494365
stream,627,0.8576884376940355,13.500493686376291,0.9720796515573857
stream,628,0.8578391383053054,12.561403812184238,1.0141290250779855
stream,629,0.8579343123375357,12.176652187470022,1.0084029113387554
stream,630,0.8593420102422609,11.812561343662905,0.9426934557750837
stream,631,0.8601176964870364,11.911215300526418,0.9825302706501913
stream,632,0.86022029499417,12.135736317047238,1.0502506595698684
stream,633,0.8593406426217415,12.279821179493942,1.048130116845519
stream,634,0.8589268651146982,14.939658530626424,1.075062740920638
stream,635,0.8591847270045595,14.918624687556253,1.2226966495002605
stream,636,0.8591237119293119,16.242154110013818,1.29677381726212
stream,637,0.8598662607756046,16.057737645628887,1.3724232726609118
stream,638,0.8615448101293394,12.899026986069545,1.177671497843518
stream,639,0.8612368454275856,12.780130699030858,0.9479578920831804
stream,640,0.8600231567417842,10.569487128856915,0.9416292378059666
stream,641,0.8596956677474481,10.94621011016568,0.8094928850841723
stream,642,0.8589864739912814,11.133455878112402,0.852749305116624
stream,643,0.859228957201925,12.201305867220643,0.9354243020904279
stream,644,0.8596804864073602,12.109961139329625,0.9719380175403398
stream,645,0.8595896265416078,11.635400400054767,0.967207432036348
stream,646,0.859380522044606,11.469670462405329,0.966853978199984
stream,647,0.8601743046489575,9.31624774955935,0.7839675203506599
stream,648,0.8615959326768337,11.043147337635176,0.7718806399824091
stream,649,0.860253770893918,11.853543673517999,0.9398226540079396
stream,650,0.8579323839015331,11.828256174986853,0.9779357773603644
stream,651,0.853897726587121,11.222006058224519,0.9381315530073496
stream,652,0.8513622007234775,12.348622330659287,0.9056151821649673
stream,653,0.8519479842625078,12.10414579346482,0.9533303098961584
stream,654,0.8519069819058588,9.677408059431526,0.9228252889588338
stream,655,0.8534632545734612,10.426880419341241,0.7818311062697214
stream,656,0.8532418225567265,8.429587764854146,0.7001032305705297
stream,657,0.8579718308274789,8.52778278748152,0.6180099892366447
stream,658,0.8612193355134609,7.986054226732073,0.6139317458610818
stream,659,0.8631205629664835,7.811908372943133,0.6251172093761842
stream,660,0.8638218167757221,9.852331454489306,0.6668993166692497
stream,661,0.863406656619986,9.49750587214051,0.802243870999644
stream,662,0.8634015638857911,9.309871609775145,0.7624620812841153
stream,663,0.8635608491070518,8.709400052921298,0.6892650887377546
stream,664,0.8636600330188225,9.031351241197177,0.6506959851132476
stream,665,0.8627993686323542,9.439210090009565,0.7063610051431021
stream,666,0.8624780389314395,9.46720328281174,0.7109124296931475
stream,667,0.8631492987743883,9.48317066338725,0.7085091252678122
stream,668,0.8631490782263028,10.113656941337773,0.711580427638232
stream,669,0.8623763756755578,9.402694897872252,0.6859923739026085
stream,670,0.8621974069025746,9.811005230925023,0.6741755357192283
stream,671,0.862577743181111,10.887534571792271,0.6790856325895027
stream,672,0.8621099367817097,9.277011682992525,0.6916848117887411
stream,673,0.8606981243557986,9.270172383350443,0.6500107417153987
stream,674,0.8600506969743598,9.274906088627493,0.6754919881581242
stream,675,0.8581040638026807,8.85372657595313,0.6987863925935721
stream,676,0.8557303744518724,8.8318390011201,0.7097166598680309
stream,677,0.8534896829667254,10.412974388160189,0.762473454143332
stream,678,0.8526241805353013,10.246417643542387,0.7791017441879962
stream,679,0.8511589015506477,10.531628873897477,0.773897816390488
stream,680,0.8527804499307778,8.389569677505603,0.6928497099152588
stream,681,0.8523900693241488,8.264953374530524,0.5580215532335442
stream,682,0.8528205484517191,8.365905227432487,0.5539218103973553
stream,683,0.8518735299484222,7.912189503443379,0.5435137989135507
stream,684,0.8496815109255587,8.224491695885362,0.5662056034551326
stream,685,0.8487025914611724,7.787670527380793,0.5312632400527277
stream,686,0.8471933613386553,7.682958300067054,0.5253359802004697
stream,687,0.8503225419959451,10.122969388896095,0.6371136217471713
stream,688,0.850682950349883,8.788872225876796,0.8187533747872724
stream,689,0.8511949211628179,9.742601958711786,0.8392588220902399
stream,690,0.8506628454676337,9.339522070321678,0.8730428998026314
stream,691,0.8495411139105008,9.071004733183946,0.9045275899741485
stream,692,0.8489437636024562,9.103280529823767,0.886218068927189
stream,693,0.8494937368522509,9.04148462309404,0.8799159715570102
stream,694,0.8501291343644726,8.802888403136858,0.8550383407873279
stream,695,0.8519769460115826,8.880135239396626,0.8457406260621858
stream,696,0.8536123730866637,8.890601976347565,0.8297370398306618
stream,697,0.8548787355176903,7.242717472306848,0.7786929804151114
stream,698,0.8550555886271404,8.16186943391542,0.7620647203965796
stream,699,0.8534637953090435,8.436797412534304,0.7568281651570747
stream,700,0.8525603795162071,8.440425377620631,0.8016080572576452
stream,701,0.8526978616382181,8.81607367368073,0.8007762551933388
stream,702,0.8525034652831255,8.719959885197598,0.8097209116310352
stream,703,0.8523271641173797,8.817340200281993,0.8115481522546975
stream,704,0.8518823738896036,8.315014594337896,0.8036683342459274
stream,705,0.8514974538005853,8.327449778105676,0.786289925269159
stream,706,0.8509197779392752,8.992387652881291,0.793222800712565
stream,707,0.8503715968177975,6.64245384123747,0.6884598945523293
stream,708,0.8495489331034025,5.617829402770732,0.4544016121794582
stream,709,0.8484928453167028,4.538746452313032,0.29098766901118833
stream,710,0.8474627892689622,4.530852994214384,0.23200033387215793
stream,711,0.846473173774113,4.781776809520814,0.21779096686605362
stream,712,0.8463791392759812,4.763481116698968,0.2596673926316954
stream,713,0.8466336212045968,7.223446629468641,0.34821387208698545
stream,714,0.8472686081173072,8.779103624802515,0.3514982888291351
stream,715,0.8484945030228114,9.555733910306955,0.54549372265245
stream,716,0.8506302751796484,9.622835512026901,0.5923608160168331
stream,717,0.8524529929097773,9.671968473667444,0.5921978731076599
stream,718,0.8511988629210736,8.91861930073354,0.5704364989330769
stream,719,0.8494678602898168,9.087544036734945,0.5687397988864389
stream,720,0.8477908233312531,9.004425402386266,0.5873367089608424
stream,721,0.8459119459706474,8.844580954029242,0.6097830585526607
stream,722,0.8441853288694713,8.848624741108926,0.6229971646586339
stream,723,0.8431426531000374,9.614924535414069,0.6580596188022674
stream,724,0.8392755100817854,10.435166354590118,0.7684386196050885
stream,725,0.8357988179945885,10.440139346832009,0.826192642750837
stream,726,0.8348611849016983,9.954328011541593,0.8227835241215369
stream,727,0.8309458323348284,14.28009676206148,0.9426359888187402
stream,728,0.8317474404373282,17.645162471728987,0.9343703990447995
stream,729,0.8314106972768631,18.9555586702013,0.9409606737934912
stream,730,0.833886679516066,19.00325291211745,0.9583500166779108
stream,731,0.8356920212056503,18.000782852687156,0.9367084414763733
stream,732,0.8370316639854113,18.712890479476492,0.8832830067993145
stream,733,0.8384366364910947,16.36881651805094,0.7971181192575968
stream,734,0.8403302379665769,14.884024255522693,0.7929853478257464
stream,735,0.8421380990038089,14.19489466714712,0.6052262702994602
stream,736,0.8420559194862592,14.095815341125308,0.5705617861472226
stream,737,0.8435530990938905,14.01516632115349,0.5702083243147663
stream,738,0.8442835795931917,14.267951731508372,0.5954450221523345
stream,739,0.84688574647735,13.510100842011132,0.6060863983127421
stream,740,0.8505948997202264,14.27228495234516,0.5735471335115299
stream,741,0.8533894914654452,14.075403508934626,0.5792131509689734
stream,742,0.8596855008497905,20.057134283722778,0.8099890523004241
stream,743,0.8636723388625343,22.115250714420824,1.3762724729599964
stream,744,0.8675839408883699,21.43059113572469,1.4597154115837307
stream,745,0.8710844314888343,21.44795275018263,1.398861754309035
stream,746,0.8741149946890936,21.25218208637089,1.3952455740210536
stream,747,0.8770615642663337,16.840118818274398,1.268090162243732
stream,748,0.8791894956698201,13.472826799158,1.2691180809908078
stream,749,0.8814969658634669,13.044798010331958,1.280634978234574
stream,750,0.8818277769529106,13.133793586388775,1.2778623496872592
stream,751,0.8813703481307237,13.346810125920763,1.3206844226549346
stream,752,0.8818155538164694,12.640699527636473,1.3017936274853963
stream,753,0.8806405731218884,12.517568097964048,1.3017936183729988
stream,754,0.8809719278868741,12.798456811749007,1.3080794375541152
stream,755,0.8803663009966817,12.63927413147851,1.2788250645910437
stream,756,0.8803637818958108,12.944041871967435,1.2610653897549158
stream,757,0.8792724242547201,14.102613510164357,1.2601136728659963
stream,758,0.8797321901322004,15.298715492071473,1.23487697977372
stream,759,0.8794732107146588,15.315351201561429,1.2894883553311658
stream,760,0.8807402118442028,14.520655232082545,1.2637081416892681
stream,761,0.8842280015834825,15.204895425311351,1.2594015804803718
stream,762,0.8884199219315306,9.31756219735603,1.0722796376433257
stream,763,0.8905598436564507,6.5825960343480014,0.48881787614219185
stream,764,0.8938595403618065,6.56599897106813,0.32330523678261786
stream,765,0.8959292465920493,6.994977617662464,0.3258991646755099
stream,766,0.8983526575744315,7.918274267122939,0.3281124037091192
stream,767,0.8993983916675914,7.898256754229735,0.347714929079116
stream,768,0.9013172259125904,7.917386808067223,0.34558864001295136
stream,769,0.9018671484968996,7.010608555538945,0.3279219369640334
stream,770,0.9043329613185093,6.995198745639753,0.3238435956494676
stream,771,0.9062217332383269,6.9095628106415905,0.30266312790944155
stream,772,0.907568679832579,6.892103384712168,0.31135821906647476
stream,773,0.9097720933680399,8.210896073048017,0.3461699505325062
stream,774,0.9116377588979465,7.977820847141033,0.44630025854959887
stream,775,0.9120435966443313,7.665157616935306,0.4470234137151256
stream,776,0.9115880697999078,7.389578638256129,0.44643070168229493
stream,777,0.909016237740001,6.335319565262719,0.450916701765785
stream,778,0.9049760140325684,4.724207231515224,0.45514197791529515
stream,779,0.8981056866208279,5.863067328948308,0.4310311730117316
stream,780,0.8926872366781464,6.719482098130437,0.5491094510806509
stream,781,0.8869316874051772,6.135219659672742,0.5446076255326057
stream,782,0.8842226917087235,9.697080893755802,0.565139091497403
stream,783,0.88463143962634,14.758930541157902,0.547988828688246
stream,784,0.8848576817031978,14.548523144433132,0.7552901863723124
stream,785,0.8819446486776309,14.92783530679811,0.7793521455224353
stream,786,0.8814955478384144,14.148320233106977,0.8330758488196476
stream,787,0.8821163778784695,14.805100119412138,0.8143160704842168
stream,788,0.8830651310644677,15.29770772332195,0.814234598892436
stream,789,0.8848965514981298,15.365221872109593,0.8270133472455939
stream,790,0.8855511390115985,15.293624186423616,0.8310916623620491
stream,791,0.8872401101878026,15.103104792356621,0.8144525303354765
stream,792,0.8894017865859162,15.11806481849422,0.8055671862139449
stream,793,0.8925745421325627,13.791704390273756,0.7698312308672001
stream,794,0.8951409898107894,13.852020845940316,0.6802722204006235
stream,795,0.8966809085919828,13.800242156572123,0.6823765423175928
stream,796,0.9007936816477391,16.54930748173348,0.7333868485048297
stream,797,0.9036898496084158,17.706624023173575,1.0391597412904623
stream,798,0.9064504138776436,17.702874078214347,1.0883103391191156
stream,799,0.9092846198251738,16.551060993498563,1.0513936649046982
stream,800,0.9116603624241045,15.675810883860105,0.9271487920547294
stream,801,0.911528286257936,19.95218406050334,1.0924167781407104
stream,802,0.9125833610333518,19.616362539922566,1.5296543953987127
stream,803,0.91245168661687,17.415369275106407,1.9936478929288173
stream,804,0.9116306208540161,17.428361415600722,1.8142028011806173
stream,805,0.9098108222164314,16.894589888855183,1.7917721769465182
stream,806,0.9088021882833778,16.808514679236147,1.7532083345833798
stream,807,0.9092779545485464,16.166515906658237,1.7596685526361224
stream,808,0.9092323427898878,15.922393437357165,1.7703914103270098
stream,809,0.909801770006808,16.066845453203396,1.8058235188646472
stream,810,0.9106402225732503,16.85951189274276,1.8439462847412575
stream,811,0.9112610376068133,22.13135498238639,2.19962624308448
stream,812,0.9117252691863262,25.57004051617203,2.777106277851339
stream,813,0.9119394071237616,26.08394636187757,2.832761383723233
stream,814,0.9118015420374044,25.912404377645135,2.8507166919191453
stream,815,0.9124156961707598,25.972368219060556,2.849862994483286
stream,816,0.9126440290106401,23.287503999286425,2.8160142284673504
stream,817,0.9132470483550496,22.0311997948636,2.5076312781342573
stream,818,0.9146311588240885,22.187448881176582,2.47811087132224
stream,819,0.9157233186771918,28.474637615919818,2.647984723015261
stream,820,0.9166547641817314,30.438051693603207,3.1661889216869845
stream,821,0.9171098360910757,26.85223164191616,2.9973483965736905
stream,822,0.917355782190174,23.595941334882234,2.535104037262617
stream,823,0.9179433758699541,20.734895728916698,2.0858084299616206
stream,824,0.9181294854255282,22.496090174959303,2.0367716527957502
stream,825,0.9179425032755631,22.183820289605517,2.104683295737308
stream,826,0.9175382708728974,22.231039980853655,2.0880442303205005
stream,827,0.9168150306625265,22.28444288828218,2.0808663398188236
stream,828,0.9159663950182805,22.016495623221637,2.072818897409324
stream,829,0.9140783333349456,21.922090926119367,2.026124999950551
stream,830,0.9111821195513216,21.73577034327113,1.9816233534691658
stream,831,0.9070182026268346,17.936943734082295,1.7806409470930193
stream,832,0.9024228247332337,14.84556321745727,1.210039379551902
stream,833,0.8979842588634418,14.529917248261533,1.1536500597079622
stream,834,0.8965676979556284,15.13231182218726,1.1286909252979984
stream,835,0.8948442033167012,15.55252419368321,1.1269019899707764
stream,836,0.8912629987665515,16.514638004988313,1.2136863662632227
stream,837,0.8880056581753549,16.863545126560457,1.3066550524113383
stream,838,0.8832639923164703,16.858090845997275,1.3194872122359336
stream,839,0.8770801462355035,10.746884163827877,1.1450672786737934
stream,840,0.8739247446755904,10.55926638816263,0.7497880430698474
stream,841,0.8705652158552597,9.788952181425577,0.782821144464049
stream,842,0.8652112603069788,9.71565273461893,0.7194661929145428
stream,843,0.8608119806818149,10.42568060407695,0.7390969456401423
stream,844,0.8571909937210095,8.622694638169381,0.7648061678366479
stream,845,0.8549828913247676,9.225883865609777,0.7238112750936111
stream,846,0.8547936539646956,9.121132017194697,0.7416194440493786
stream,847,0.8544594417123046,9.375339802248885,0.7540012449844876
stream,848,0.8589585508985539,11.618423147866027,0.7810159024209725
stream,849,0.862312289367763,11.630424524705417,0.8247182321769061
stream,850,0.8651997832163225,10.970076331015242,0.8255828032237009
stream,851,0.8689212969346672,9.498819829026688,0.666399363608799
stream,852,0.8735117437007405,9.501971578933054,0.6692545366664842
stream,853,0.8766039481648947,9.294936944947036,0.6815978812202541
stream,854,0.879548048361234,8.902420723719578,0.6864102559551096
stream,855,0.881546671295076,8.455172883520333,0.6886069937471151
stream,856,0.8832435385533612,9.302558462437823,0.6495547773001213
stream,857,0.8846785712126739,9.185690765682903,0.5834588712521666
stream,858,0.8861302941499999,9.237057795934676,0.5462547100269382
stream,859,0.8872288933944131,9.43229987180172,0.5463309014447266
stream,860,0.8873497086033191,8.293415874024932,0.49578641213804214
stream,861,0.8871719136924979,8.319697822803446,0.5009260127283546
stream,862,0.8865067802067699,11.284756185935304,0.6262583634348406
stream,863,0.8857353148130707,10.567674444607203,0.6516360889571767
stream,864,0.8849528014408757,10.776965412879859,0.603708826176779
stream,865,0.8839783896918277,10.320563004674021,0.5720611632578281
stream,866,0.8836568720495581,10.324827719866912,0.5571351400391662
stream,867,0.8837049602179704,12.201492754760482,0.6596359444171461
stream,868,0.8833126395635823,11.080082479471034,0.6372865303407914
stream,869,0.8836273014388891,11.184559314935218,0.6988570269494555
stream,870,0.8843596880308523,11.292227921745464,0.690423491770567
stream,871,0.8856339327726721,12.539357021442337,0.7090199823267022
stream,872,0.8872888240294454,12.232737864533531,0.7263119133649523
stream,873,0.888448911806209,13.712355686448195,0.7395906238940957
stream,874,0.890083741622965,14.929913994668278,0.9501273882585443
stream,875,0.8901379944138659,15.734421833404337,1.0958346885744015
stream,876,0.8890656578064804,14.105078592619451,1.037515243089901
stream,877,0.8876982130145616,13.90164327657728,1.0142696698887679
stream,878,0.8859605037374043,13.75114296554112,1.0143620934646147
stream,879,0.8846317336669188,13.430649707781944,1.023122365354926
stream,880,0.8840053189529578,15.011792317166037,1.0086863892881328
stream,881,0.8829635629363898,15.288247371460722,1.1051059828058447
stream,882,0.8816825173976169,12.330151308721499,0.992231598268295
stream,883,0.8818821824781289,13.222113169771607,0.9739772237455058
stream,884,0.8821139861358729,13.031089259637412,1.0258032374972321
stream,885,0.8830951273518567,12.886664869742319,1.0269452205502787
stream,886,0.8849553211392231,13.426449301860469,1.0450528477742662
stream,887,0.8869341949470827,11.227718740197783,0.9548569518787716
stream,888,0.8892730999919369,10.2406749258793,0.9478152644417538
stream,889,0.8915975716653032,10.321571939419854,0.8606068146630971
stream,890,0.8936338480594543,10.206300601042157,0.863787644613314
stream,891,0.8951650357905898,9.385511240594283,0.8689968986890899
stream,892,0.8959340733635209,9.33240004393868,0.8661964800403987
stream,893,0.8962835779134819,11.644725185614762,0.9609926238144989
stream,894,0.8954805381236604,11.058375483505928,1.0389396396840942
stream,895,0.8943810883590965,10.315265605312169,0.9112967064996563
stream,896,0.8923476266868356,10.749778150860072,0.9179411357099478
stream,897,0.8905074445007296,10.725687490380297,0.9451514787424754
stream,898,0.8883189031837857,12.288176522951101,0.9892995259932218
stream,899,0.88678657455236,14.869335515541884,0.9841116595317272
stream,900,0.8876394302160535,12.857368693004009,0.979940945405166
stream,901,0.8856045359109229,12.549040874963172,407.7186034531398
stream,902,0.8859529743960965,20219.62334907406,457.45522452048573
stream,903,0.8998940915625905,31675.619160906528,501.74144624009824
stream,904,0.9006216903417408,33121.712379566845,674.6034558214726
stream,905,0.893188277863926,33371.48248293057,692.4803922166074
stream,906,0.8760822043673611,33380.16334672829,698.3466375500377
stream,907,0.8554412417291685,33380.96671352562,698.8602035408015
stream,908,0.8416717502170674,33389.499247301,699.0143610721786
stream,909,0.827428860371168,33394.273183263416,700.0881853164472
stream,910,0.817109952627269,33397.528347867956,700.0934380420484
stream,911,0.8132089630266536,33397.470187903535,700.3574149919127
stream,912,0.806524526685891,33411.34549220726,701.2028836291873
stream,913,0.809253910515086,33419.3541621337,702.9968088859601
stream,914,0.8046099154193209,33444.816825925824,705.3243095191061
stream,915,0.804809283268284,33445.588909968756,706.6224117819562
stream,916,0.7965238407319916,33473.09216879239,707.9832918362816
stream,917,0.8021611175736221,33486.31619622406,710.8331544428174
stream,918,0.8124382537395217,33491.07463532766,710.850284113665
stream,919,0.8224730595273966,33488.66974753608,711.279155594883
stream,920,0.8364256616336676,33490.2247999165,711.3206168436877
stream,921,0.84366330986843,33495.25136534996,304.898315556204
stream,922,0.8274751278648352,13417.85202995336,258.3919250218758
stream,923,0.8240296774876423,2001.774073311642,225.43880655325685
stream,924,0.8257899566386275,566.6442376325982,52.946223983613734
stream,925,0.8277370834106842,318.3878537310133,35.228471014681105
stream,926,0.8294759535056727,315.94195525378933,29.404997679965636
stream,927,0.8236174244545702,321.61343060159567,29.87138568784616
stream,928,0.8174767418168305,314.6939308320541,30.235981401641524
stream,929,0.8038109116553591,317.77057822579496,29.784544395592967
stream,930,0.7962337118629441,97844.99375101681,129.1626376906925
stream,931,0.7927830152007078,97848.8989921375,128.87591537197486
stream,932,0.79315708035012,97838.08656627542,128.01081654368372
stream,933,0.7943173053745621,97827.58507900513,126.11377611185793
stream,934,0.7943676400628288,97801.56962846412,123.59531154935087
stream,935,0.7948440972969845,97800.7292115641,122.29299453711053
stream,936,0.7959815220192714,97773.49911628122,120.93776963291177
stream,937,0.7956463228146167,97763.5209393362,118.34160812857135
stream,938,0.7953541428203719,97757.36992676185,118.34924155643124
stream,939,0.7950074246270566,97758.16127074568,117.93341001888183
stream,940,0.7938247093864821,97759.14985493803,117.85611969587303
stream,941,0.792100832631504,97755.33699693177,117.40038049911823
stream,942,0.7887552000094313,97625.96839010021,114.16527196467183
stream,943,0.7822958593032808,97586.10894925671,102.79952612732846
stream,944,0.7728505851541351,97575.12035513528,102.41541750762111
stream,945,0.7630470526921164,97574.19165197617,102.27868038554975
stream,946,0.7505948538711733,97567.41292844494,102.23855654798082
stream,947,0.7398814881572907,97561.84812121786,101.26000000452376
stream,948,0.7288967555734408,97560.40694349985,100.74653241300192
stream,949,0.7179633328014556,97552.27733204537,100.12414514707477
stream,950,0.7083867453121799,21.811455794357727,0.7381890688265537
stream,951,0.7021632977526403,17.55833245610539,0.7361226829224534
stream,952,0.6993545872171034,14.545320057867459,0.73144070559221
stream,953,0.7007971825632529,15.542482895108918,0.7633210924198502
stream,954,0.6982229428414601,17.286803056456,1.0020140537153146
stream,955,0.7023777575548449,18.489362170874305,1.2127778547462715
stream,956,0.7077470927820737,17.654828161747343,1.2077213491867218
stream,957,0.7117983934615681,14.412467710166448,0.9226119421513496
stream,958,0.71593980056887,14.184661569816592,0.8547612260745202
stream,959,0.7195820463092889,13.192598554047047,0.8380238023914006
stream,960,0.7203281617064989,10.81336435727665,0.8418247487852528
stream,961,0.7208179094883673,9.585419687754511,0.8335704359977838
stream,962,0.7221427168211297,9.353070855596494,0.8294109078117669
stream,963,0.727319466783428,9.540814956596753,0.8706495015676903
stream,964,0.730997544476392,9.968118803570755,0.8451364957513782
stream,965,0.7329183566381237,9.540518322041688,0.870623752715376
stream,966,0.7355614387347557,12.260763744624311,0.9910129484689127
stream,967,0.7377179984777947,11.890314862472,1.2154165121829212
stream,968,0.7386976313025432,12.634091812555642,1.2100330924051501
stream,969,0.7396820095745511,12.604367106644105,1.210570833344551
stream,970,0.7408921974696243,13.210356533607701,1.2304562292690768
stream,971,0.7414661916083073,13.194747738003482,1.275605691251348
stream,972,0.7416393758612057,13.1554578513111,1.2771607578758644
stream,973,0.7408282879851236,10.891389184260793,1.2273031494592175
stream,974,0.7397667661768472,9.263869969664162,0.9112370983566603
stream,975,0.7386235424104369,8.102792848292891,0.6862158771197103
stream,976,0.7374919045020959,7.975001651467515,0.6715230097011238
stream,977,0.736345374147571,7.964290680665266,0.6697937135274418
stream,978,0.7350159020573014,8.241846795177016,0.6807394513498072
stream,979,0.7328690687930242,8.376246108208967,0.7204892945752133
stream,980,0.7300936920700517,8.006034976233662,0.6998529102314064
stream,981,0.7283902139816899,8.431856625647251,0.7164654718205058
stream,982,0.7269741362978385,8.631746812108531,0.757089814580891
stream,983,0.7265157689780269,7.306137706259593,0.7262263709198821
stream,984,0.7261150068197969,7.9886438459632085,0.7569594572999061
stream,985,0.7267499931059189,9.325410996482738,0.9372625194786188
stream,986,0.7294627366404502,7.286496148473977,0.7948938318587583
stream,987,0.7323520165184253,7.445428105361836,0.6326916638706865
stream,988,0.7348356274475377,6.602961253377267,0.6978246874331678
stream,989,0.7377083173201594,6.692463132465146,0.6978246582846613
stream,990,0.740427210037774,6.072197788465137,0.6902396304112947
stream,991,0.7422456776882262,6.175845024414456,0.6469279895826442
stream,992,0.7431662432456309,6.172884657449965,0.6513327734044437
stream,993,0.7430334076884307,6.1356305781096605,0.6560147389614328
stream,994,0.7426058575932204,5.736540144946957,0.6259169445305671
stream,995,0.7423592412371486,7.048286688590668,0.6758181691052451
stream,996,0.7427462329304283,8.305357821675846,0.8969260611236796
stream,997,0.7428565587472516,8.439232716002333,0.9130756957815651
stream,998,0.7421636308567533,9.158380279100648,0.9489641987041089
stream,999,0.7420323494289183,9.133066719621281,0.9865006258431601
stream,1000,0.7417918040635642,9.139156681831915,0.9865006152727571
stream,1001,0.7411849491276067,9.015629362934462,0.9746078951231604
stream,1002,0.7404193043078532,8.807894435985201,0.9702640329683165
stream,1003,0.7409168974058197,10.379843263537643,0.9906935466852111
stream,1004,0.7419386881005579,9.397071326335393,0.9645113121574779
stream,1005,0.7424478779320958,8.454907115679937,0.7757680522360729
stream,1006,0.7434374128046014,7.858992823163513,0.8284325759797738
stream,1007,0.7444571870439963,7.491053063115774,0.7446168917333489
stream,1008,0.7444991666831642,9.585240087621086,0.8371920418387517
stream,1009,0.7450962952660867,10.572360668664338,1.0497850225892917
stream,1010,0.7445204757727691,10.732836699402775,1.08697807056542
stream,1011,0.7433653637559909,10.658486236095277,1.0886095864840715
stream,1012,0.7423906466649064,11.166165657049628,1.1190771520280238
stream,1013,0.741222505976732,11.176549443694157,1.1317084816419714
stream,1014,0.7403510494719744,11.188298595450043,1.1368471617502984
stream,1015,0.7401643868336867,10.00492730974341,1.0897030690465594
stream,1016,0.7393922321409342,8.807650542018294,0.8816725740464644
stream,1017,0.7377632188807393,8.682439765571232,0.87446270671885
stream,1018,0.7376597458499692,8.00396571789327,0.842245161451988
stream,1019,0.737236409424335,8.56047354966143,0.8361266935281362
stream,1020,0.7360549091853189,8.569075503550241,0.8594874123351278
stream,1021,0.7364649447265526,8.772644692710086,0.8841533326601231
stream,1022,0.737919951354329,8.840599393968656,0.8458715990937432
stream,1023,0.7401931123806125,7.40163253792686,0.8246910578376273
stream,1024,0.7411408456131185,7.945380402792135,0.8162246883666178
stream,1025,0.7416372926629795,7.406977648095171,0.7913480065736784
stream,1026,0.743004791933864,8.760755574845886,0.811315254882282
stream,1027,0.7441675826165979,8.645857887943887,0.8826242501672643
stream,1028,0.7454895732576383,6.351470843100165,0.7325017570001213
stream,1029,0.7470836159314537,5.440389308544773,0.49990381668321643
stream,1030,0.7489160333929834,5.592568858902068,0.49147626698577307
stream,1031,0.7503966035360962,5.713556284333795,0.5076094578189959
stream,1032,0.7518181665657436,5.234591246651228,0.4733354570976651
stream,1033,0.7531213263320439,5.249678186596693,0.45778403463859996
stream,1034,0.7534857855713745,5.237663828648941,0.4505463732144213
stream,1035,0.7534399420197953,5.100804537533528,0.45402652032905005
stream,1036,0.7537115600467916,5.015444368015725,0.44168315276993153
stream,1037,0.7530767783139332,7.110545213357575,0.5253369286531931
stream,1038,0.7513506242294268,7.314501883392036,0.6576673794070018
stream,1039,0.7498504356466074,9.427119585521957,0.6186793094882013
stream,1040,0.7493987342493711,9.543604247449947,0.7532623304551846
stream,1041,0.7503142798625612,9.116549785777252,0.736274377754897
stream,1042,0.7516341121563478,9.157938330317132,0.7576883929803472
stream,1043,0.7538183136154647,9.16220033571756,0.7551599211120459
stream,1044,0.7561593290996268,8.525126035264762,0.7527459139841367
stream,1045,0.7578422663556705,9.273362355979524,0.7880149045978136
stream,1046,0.7604679120255018,7.909682012720658,0.7501948556072647
stream,1047,0.7636044088181078,7.728646903449315,0.6867977625432082
stream,1048,0.7657350460097858,7.721542138588938,0.6787715455142603
stream,1049,0.7673935424645866,7.609927966034925,0.678217016035392
stream,1050,0.7691080238552742,8.437676502798213,0.7027846329995443
stream,1051,0.7706149158725951,8.374516665237664,0.6961126580868193
stream,1052,0.772244827686312,8.53449989803148,0.7174986453674931
stream,1053,0.7733727854529028,9.878400241759717,0.7287543158464163
stream,1054,0.7733323189310559,10.837261044971587,0.9232882104707912
stream,1055,0.7731331192292145,10.8980178413591,0.9649837516741824
stream,1056,0.7731549854855421,11.027644781052931,0.9859735882913763
stream,1057,0.7736017332719305,8.928055992886206,0.8956801063658845
stream,1058,0.7734615817463694,8.555188789775922,0.7612343829111482
stream,1059,0.7740452913802448,5.747687732885459,0.7366835029847357
stream,1060,0.7742908508550097,5.970711095978509,0.5866025663419752
stream,1061,0.774647703270045,6.792283734848161,0.5708769854971418
stream,1062,0.7752541926307139,6.9143967464097145,0.5577285249164561
stream,1063,0.775488801885473,10.130625419034164,0.7632088567568598
stream,1064,0.7756145095964806,10.348333789054642,0.945185195222853
stream,1065,0.7753075118207848,9.594421245442723,0.9227763987967144
stream,1066,0.7748718310306671,9.518480040527132,0.8857190426977108
stream,1067,0.7739945804269394,11.54381612190993,0.952945453767639
stream,1068,0.7732090333959705,11.603059058864554,1.0026671670547154
stream,1069,0.7725570544295819,11.553158465194196,1.002504029823637
stream,1070,0.771949187352691,10.421636273112295,0.9366913087855627
stream,1071,0.7712298533723536,10.563374969733928,0.9330045810074696
stream,1072,0.7704910244529298,10.506920527998073,0.9120481549349008
stream,1073,0.7701262418658015,9.297360280413395,0.8994058465693107
stream,1074,0.7690239227463245,8.36704923377445,0.71588335122589
stream,1075,0.7675968900872757,8.297320821490018,0.6716045783341751
stream,1076,0.766445443475135,8.166079124963321,0.651702424913902
stream,1077,0.7652507882012122,8.159181259667438,0.6519527679412717
stream,1078,0.7609682745488396,9.30865937711161,0.683594799112771
stream,1079,0.7580623520187806,9.58280911696789,0.747133750947659
stream,1080,0.7560228933693613,9.697657257820689,0.7369056511024968
stream,1081,0.7554278038775063,8.787039671130804,0.7650188986049362
stream,1082,0.7534909033351872,8.524168332186393,0.7558724626323166
stream,1083,0.7525857387680635,5.231048528740729,0.5423339912561158
stream,1084,0.750867134298464,5.378049799200981,0.3624457559842276
stream,1085,0.7518035515124174,6.975224459863796,0.44728344195061964
stream,1086,0.7516927997473181,7.5754395830697705,0.600561588909526
stream,1087,0.7509371636434516,5.640872791510301,0.5263201899723605
stream,1088,0.7487401806282948,5.587996292476158,0.47641363439227297
stream,1089,0.7477576356487571,5.596956271374597,0.476413634392273
stream,1090,0.7463110339976663,5.69814452692892,0.4802200634264943
stream,1091,0.7470443147519751,6.046850307606801,0.5114756236000522
stream,1092,0.7477778338727743,6.204539033996088,0.5114756439035744
stream,1093,0.749377830629165,6.058135303584385,0.5302684744536398
stream,1094,0.7519549097153405,6.288409685123469,0.5307084448852508
stream,1095,0.7529564427206773,7.203051515065438,0.6177555837098828
stream,1096,0.753253032538417,7.408513380097153,0.6192561718230798
stream,1097,0.7544703316301307,9.868150584303025,0.7515867516529223
stream,1098,0.754635708229636,8.566382803134946,0.8071166771101733
stream,1099,0.7541921315652806,8.294066696595364,0.7418216941978417
stream,1100,0.752931642718155,7.852405522005344,0.7449049772182115
stream,1101,0.7509608746983406,7.9679762706370845,0.7229909233144961
stream,1102,0.7483811535670021,8.135504379845331,0.7222677731401828
stream,1103,0.7463080386473284,8.501177176653417,0.7117294014758355
stream,1104,0.7446648567023949,11.8811039234053,0.9189854342928859
stream,1105,0.7422661351505336,10.551979751683042,1.074058877056023
stream,1106,0.7404084473844326,9.960446103899711,0.9256363918585583
stream,1107,0.7389605896081225,9.843329297419674,0.9206339387160014
stream,1108,0.7365739189029042,9.836851666996486,0.9213570838663953
stream,1109,0.7319297225774061,10.301544658987156,0.9296493231476789
stream,1110,0.7268153912556545,10.3424833373863,0.9727160820765548
stream,1111,0.7214361893393303,9.895661048004818,0.9451472505331403
stream,1112,0.7170864151409659,10.156991729094605,1.0082737112270008
stream,1113,0.7113274542649097,10.893591239619566,0.9893177350780701
stream,1114,0.7029407737984026,13.890343115249298,1.198091311510276
stream,1115,0.6946071334516192,12.924968642343913,1.2487489384981938
stream,1116,0.6868045706053988,12.757936866258868,1.2461606726414987
stream,1117,0.6787713966534912,10.300594982958017,1.1134005018343012
stream,1118,0.6692998670309032,13.988865844176717,1.1202396502306478
stream,1119,0.6596860420032127,14.619113116474205,1.382760858052651
stream,1120,0.6491946633097112,14.598323442049104,1.3958924556864765
stream,1121,0.6390609048878305,15.68734800052309,1.4442336841877506
stream,1122,0.6300784370489573,15.936366462781566,1.4563214124269004
stream,1123,0.6219004398191846,15.513417233137595,1.4682459044077403
stream,1124,0.6117689931976819,12.106919408054546,1.26293076745048
stream,1125,0.6033295640524808,12.024643712347492,1.0026118743752979
stream,1126,0.5956363892363753,13.281594834670457,1.1249116986111707
stream,1127,0.5858228318842971,14.30991055400345,1.2757521934744958
stream,1128,0.5755058574331507,14.372624996202275,1.2993901968073827
stream,1129,0.5684401315603349,16.887292545463236,1.4442510304958487
stream,1130,0.558911823670827,16.835759707556374,1.5432645259484115
stream,1131,0.5457083016634042,16.7142517848804,1.5384091070428934
stream,1132,0.5349614564498224,17.166421374222654,1.5019050744905142
stream,1133,0.5240168163331369,16.49492804905062,1.5546618706046034
stream,1134,0.5126485983591268,13.219768647618084,1.3325281248650536
stream,1135,0.5018415452389998,13.253723915604748,1.189380376532506
stream,1136,0.4948730326211691,13.62677548808693,1.218771472592456
stream,1137,0.4891604741736903,14.284520069427701,1.2704506402184965
stream,1138,0.48306436944210485,11.70321280860418,1.1628776807359076
stream,1139,0.47880516255863886,11.081485484795172,0.9396331552428158
stream,1140,0.4730906646969471,11.090108929666547,0.9245439487761995
stream,1141,0.4671332655609983,11.45747253762445,0.9375129588558264
stream,1142,0.4614432376317937,11.033525297131876,0.9773002405936286
stream,1143,0.45398038165128857,11.32421139332836,0.9670612386519307
stream,1144,0.4475157810214428,11.09810402634977,0.992510097206986
stream,1145,0.44091741521771116,10.904165560525644,0.9862727741255075
stream,1146,0.4382200367120476,9.675523936903152,0.8597044791266939
stream,1147,0.4378047248367918,8.689858139163704,0.7156775374693788
stream,1148,0.44041426532163586,11.17463885631754,0.7761937310281841
stream,1149,0.4440721241492357,8.223911101616704,0.6964324263769822
stream,1150,0.4464247901368268,8.392469451146505,0.5668747077849381
stream,1151,0.4483251889871699,8.378347593298242,0.5733455971417954
stream,1152,0.4512146027803199,7.35553616401167,0.5441727628138076
stream,1153,0.45324915942569816,7.303123340208526,0.493786875821283
stream,1154,0.45429857670414087,7.717834074547896,0.505151460574678
stream,1155,0.4525284788465043,8.635784463222281,0.5062389534729611
stream,1156,0.4484835625346325,10.836012115834016,0.49020804446729216
stream,1157,0.4463061195275601,10.990490552197342,0.6827251832660044
stream,1158,0.44570241689509044,10.170232177730616,0.6846174264806285
stream,1159,0.4475064254270561,12.077003051440036,0.6709796235024568
stream,1160,0.44930115117790254,12.910635827152992,0.6754654817488887
stream,1161,0.45003308777791856,12.615243954138993,0.7555394421832173
stream,1162,0.45028781469550816,13.112650591256143,0.7135340376094454
stream,1163,0.45098856557189465,12.875699888589713,0.7214625166225308
stream,1164,0.45060516684147417,12.733273125888651,0.687058004769474
stream,1165,0.45143923252716817,12.745092999876197,0.685345273232274
stream,1166,0.4538911927101729,12.70846768550547,0.6852475014496746
stream,1167,0.45559065102240676,12.771218262624481,0.6838173584584214
stream,1168,0.45840223551539555,10.231920872339478,0.600913787788923
stream,1169,0.4614528699910118,10.212763516312634,0.5275872006006541
stream,1170,0.4633598240984504,9.949298958376273,0.513204960785828
stream,1171,0.46590522365667975,10.8153376660475,0.5456844275029774
stream,1172,0.4679096249808878,10.824472111748774,0.5629651305125163
stream,1173,0.47003796864149144,10.849006483770165,0.5619372081431777
stream,1174,0.4714747469304421,10.46326443783839,0.5499854377541524
stream,1175,0.47282487044319105,9.617635257018344,0.5613559373132347
stream,1176,0.47417841701014185,7.4430768120995925,0.5689855803245606
stream,1177,0.47445620871461197,6.654847929384523,0.3435706393724238
stream,1178,0.47486593037851266,7.768348014799471,0.41423941235776296
stream,1179,0.47508264299531716,6.391007405663877,0.5050367080262904
stream,1180,0.4755301578874503,5.579344467603692,0.5342375994938489
stream,1181,0.47649792904407445,4.306052580224369,0.38665421128623784
stream,1182,0.47771186849164887,4.306534906651526,0.3998025926852937
stream,1183,0.4796476845155975,4.690617716588335,0.4409216081983161
stream,1184,0.4809460824645117,4.709890987902634,0.46623975041519516
stream,1185,0.482031640806732,4.805141001364797,0.47268353302773747
stream,1186,0.4831501216069274,4.870344165110001,0.47292280284930127
stream,1187,0.4843983826494172,4.771699895952786,0.46724023607215553
stream,1188,0.48541528662294764,5.243456748282053,0.493047219852089
stream,1189,0.4861117078966719,5.457376729698459,0.5607360233698522
stream,1190,0.48685991084332564,5.574670205146177,0.5815346557450877
stream,1191,0.4871090826814894,6.151722593217388,0.6142424312282984
stream,1192,0.48699141124285394,6.1582124289021145,0.6429641207693327
stream,1193,0.48642528178326544,6.345903220425073,0.65938631941441
stream,1194,0.4857028484711464,6.346970418347028,0.6686301641240558
stream,1195,0.48492457916451753,6.241337289194287,0.660718239786582
stream,1196,0.4837727513482451,6.843456674018881,0.6729088005391668
stream,1197,0.48268604869699727,7.194639291446371,0.7555299328888343
stream,1198,0.4812115881836002,5.862009378300603,0.7038711003212919
stream,1199,0.47923894178824983,5.346506680315213,0.5816871749241199
stream,1200,0.47667775494939113,5.323988803645821,0.5490608198226441
stream,1201,0.47332213615644514,5.447258579141351,0.5485442859315681
stream,1202,0.46842725488697345,6.220221881186207,0.5357706549125252
stream,1203,0.4626465131434601,6.859117491995546,0.6548734980376699
stream,1204,0.4558735535068081,6.8322061919800685,0.6488696735416905
stream,1205,0.4468950209671945,8.620664203708412,0.700173506401162
stream,1206,0.4372121796990703,9.511932360422566,0.7083301669927071
stream,1207,0.43090684859461736,10.048315930434955,0.8202056950312754
stream,1208,0.4257420725295299,12.550316611894157,0.8340725807188653
stream,1209,0.4218803009880797,12.329024681960965,0.8261869698366799
stream,1210,0.4171989961082115,12.384007791626637,0.8123862476402117
stream,1211,0.4122011192781479,11.08111535335466,0.7336589915222727
stream,1212,0.4075975480290791,11.479702532180161,0.7192227557080408
stream,1213,0.4033229993169048,11.246849414432994,0.7089613643353034
stream,1214,0.4017931817311141,12.939274213618917,0.7685742453218565
stream,1215,0.40003382351325995,13.592907090998226,0.9458160982429029
stream,1216,0.3985345168998248,12.861782335234393,0.9163060516117634
stream,1217,0.39926555921281975,12.517922008600255,0.822945573927704
stream,1218,0.40083970187570517,13.324685295064606,0.813108863813209
stream,1219,0.4028520343347648,13.897619533713248,0.8143052049643782
stream,1220,0.40420013598894483,13.890959118078499,0.8407216669866637
stream,1221,0.4040636692131931,17.134803895559564,0.9807808164611836
stream,1222,0.40463322883798714,15.862109936406553,1.0781909551440698
stream,1223,0.4019218784924306,15.129291720834326,0.9358320087725976
stream,1224,0.39911740161279957,15.129058953883895,0.9272405512130547
stream,1225,0.3975685721850876,14.480602050374658,0.9015476279865923
stream,1226,0.39560103327430834,14.144350641557143,1.0528516504398129
stream,1227,0.39152235736288005,13.655244129560263,0.9745534078331215
stream,1228,0.38677673600192713,10.719625508224842,0.9486644063427478
stream,1229,0.38072243612948237,10.929252147464954,0.889399638972077
stream,1230,0.37729836484600715,12.980382776448993,1.0006975374424723
stream,1231,0.37352803535050466,13.004111587427637,1.1741602622679943
stream,1232,0.367443708437544,13.62340883461429,1.1593859780802462
stream,1233,0.36221056586530415,13.6972724540032,1.166759398581712
stream,1234,0.35673549854129616,12.053793210971598,1.0992240879978004
stream,1235,0.353283964289227,12.005956286694667,0.9633352537186363
stream,1236,0.3491837579578596,11.81867486480298,1.0315843670066085
stream,1237,0.3459771037074556,11.861022732278572,1.0257335126378635
stream,1238,0.3411942074700173,11.62738452891761,1.0544723456352325
stream,1239,0.3380193254371243,11.34627220818545,1.090208324363048
stream,1240,0.3354536254084422,11.376069299465138,1.069028424835501
stream,1241,0.3328041583817367,8.01111986362998,0.9388497449418727
stream,1242,0.33008915617072837,7.980498502695467,0.8320598933582705
stream,1243,0.3280876790642139,7.736743908434181,0.8067524404811862
stream,1244,0.3257817432715821,7.8447339442556405,0.8160513616187238
stream,1245,0.32363066298509297,6.601066417480234,0.7861172320217594
stream,1246,0.3214981605271027,5.981347781807286,0.6258408506323528
stream,1247,0.32075961687689614,6.511539849745795,0.6081685749613948
stream,1248,0.31941159849728074,6.656736288543873,0.6674233023472937
stream,1249,0.3181512095322859,6.428000857203817,0.6698700761273075
stream,1250,0.3161226232956825,4.326736813238417,0.5591055591831535
stream,1251,0.313359520133108,4.1857078606119815,0.3845171607293678
stream,1252,0.31134965527906505,3.254743326121783,0.37879075825353753
stream,1253,0.3092319601465677,3.185947899770676,0.3683834333987497
stream,1254,0.30703082647587093,3.247064620069348,0.37860638570975086
stream,1255,0.3062052879277995,3.266428550939652,0.37493588583520887
stream,1256,0.304780135974175,3.2731639377721953,0.35531115163977217
stream,1257,0.3036577405564673,3.244836294085578,0.35721974409904644
stream,1258,0.3022924411431355,2.655631128402946,0.33201590832577305
stream,1259,0.30111449242436,2.387827667036608,0.29865599732119263
stream,1260,0.30110714272734945,2.4832507592444597,0.2924894016300435
stream,1261,0.3003821217800297,2.815322786463134,0.33766593083621965
stream,1262,0.29742836533395517,3.3891221685620407,0.33990087736908925
stream,1263,0.29443726962398237,3.2803259584093087,0.34596927620950946
stream,1264,0.29285214247731484,3.6284628985796674,0.3318254231734557
stream,1265,0.2930989608747022,4.145128318130275,0.32957978273974303
stream,1266,0.2947592568989922,4.275065632558781,0.3421736700126053
stream,1267,0.29590450786048755,3.7563273514843307,0.3428158015077184
stream,1268,0.2975754972651536,3.5777195661529086,0.2690747658423749
stream,1269,0.2976026709258713,3.7149536836993273,0.273202276291909
stream,1270,0.2969114065379088,3.60168345573034,0.2639035071635988
stream,1271,0.2968103410637307,3.6059135968546006,0.26951503853215325
stream,1272,0.2970455690838912,3.5178967558569587,0.26017885759796655
stream,1273,0.29609253754285164,3.6318186605578675,0.26288684066732376
stream,1274,0.2960226731802396,3.738015035210591,0.27479483410594574
stream,1275,0.29639050461093863,3.156148093349356,0.24502424051421456
stream,1276,0.2946399844657875,3.386148622902752,0.21774867755335273
stream,1277,0.29537905282993837,4.530925570761827,0.29999310632747095
stream,1278,0.29204648081747336,6.580233134686662,0.5493386328639702
stream,1279,0.28984229035731585,6.788909301316056,0.6679500789912017
stream,1280,0.28795995331600793,6.689274738210794,0.6756990375948337
stream,1281,0.28469410235272896,6.735754735803627,0.6588149950400085
stream,1282,0.28272793815368397,6.604176822232497,0.7202003787653639
stream,1283,0.28143294451111567,7.399476943263892,0.7115437147580038
stream,1284,0.28020086885413836,7.025695734638702,0.7221149763891563
stream,1285,0.27727784441494774,7.6066165445251395,0.8094175385569826
stream,1286,0.2746877540436047,7.5346880168414705,0.8391881759563341
stream,1287,0.27223863350498306,7.472966898402414,0.8234567932981741
stream,1288,0.2699995643616279,7.483836626879858,0.8221844622789733
stream,1289,0.2670604241376371,7.827902574053713,0.8495742542425961
stream,1290,0.26318184533511946,8.503583308891358,0.8480573007658997
stream,1291,0.2594717203847837,8.667069985459984,0.904717557682926
stream,1292,0.255659275061067,8.85854708779522,0.9445543305211531
stream,1293,0.25241646445076354,8.745346316977612,0.9441298536457129
stream,1294,0.24965243863108855,8.633924558622558,0.9207263756665175
stream,1295,0.24697231041808373,8.590600919453188,0.9140923208255903
stream,1296,0.24430710394946764,8.23358558091708,0.8883989573265161
stream,1297,0.24109776392933424,8.749164398940076,0.8748658335444807
stream,1298,0.23846616120480316,6.786288127934509,0.7073455997577128
stream,1299,0.23589444095266285,6.769537668069285,0.5853248854652461
stream,1300,0.2334435211874667,6.7343173893741355,0.5879839447484005
stream,1301,0.2313109259213563,6.579248100631963,0.5655805382130222
stream,1302,0.22979486284631034,7.411250065877755,0.577135473052186
stream,1303,0.22887234663598371,7.507157027351629,0.7814029147070445
stream,1304,0.22842487842444553,7.424866217163719,0.7952956118555241
stream,1305,0.22843944570188213,6.380509564085672,0.7088357903912563
stream,1306,0.22886628840962514,7.638638854464208,0.6886893036234958
stream,1307,0.22884047378697026,7.996378604705967,0.8056707148855082
stream,1308,0.2294869297137996,8.121375242812979,0.8061763600006381
stream,1309,0.22945305122485626,8.34997683097331,0.8137611573046797
stream,1310,0.22968837798288644,7.697239011874709,0.8764363588584271
stream,1311,0.23102848108651355,7.764087247132633,0.8177535704467095
stream,1312,0.2303648864432662,8.279976961787225,0.8341146226578164
stream,1313,0.2312367902379433,9.339406143735275,0.9704327838490605
stream,1314,0.23234596623971718,9.257897441759438,0.9780127547831801
stream,1315,0.23357778262052656,9.311620638674095,0.9734613455564443
stream,1316,0.23206499636882924,11.150391997633191,1.0494523638714548
stream,1317,0.2328795418042795,10.122035959903393,1.1639321230096946
stream,1318,0.23353981081305328,10.085125711271559,1.1116544947598426
stream,1319,0.23039906103551952,10.595284566068894,1.1162219422271251
stream,1320,0.2275520543984083,10.671608732286794,1.155569247079661
stream,1321,0.22685852133897544,10.959062645859357,1.1505665074759752
stream,1322,0.2276140353265424,9.884688394677315,1.0747114446886692
stream,1323,0.22786428473207668,9.013705188146997,0.8753486906129152
stream,1324,0.22447167878376525,9.885766750288925,0.8566703637748717
stream,1325,0.22146283373229217,9.8454389668603,0.8991391615657273
stream,1326,0.21872047132948988,8.531778193453574,0.8771332097529134
stream,1327,0.22069266872480284,9.70214527280821,0.8140559406583578
stream,1328,0.22198919429915395,9.648061646933577,0.8758383819024579
stream,1329,0.22123239693681462,9.310024604728044,0.8344035811475614
stream,1330,0.22307506924913895,9.667880642872655,0.8435062866130204
stream,1331,0.22250091017880158,9.890704370377733,0.9088937246143075
stream,1332,0.22245265758718424,9.181031105391787,0.8739030873266886
stream,1333,0.22230435897822587,8.113531154569483,0.7309946677799792
stream,1334,0.22489237208549637,8.57075028738553,0.7533440672873523
stream,1335,0.22500531224734113,8.96730845982325,0.7998628179538954
stream,1336,0.2288951490006828,7.914352840545341,0.8331208366655805
stream,1337,0.2302972854910555,7.643623239282318,0.7321741990921767
stream,1338,0.22628004850320263,8.728341724099154,0.6907720041687662
stream,1339,0.22445731798747537,8.340001877717704,0.7979821955968075
stream,1340,0.22173740787541601,8.272512307158157,0.750265969479808
stream,1341,0.21328683586830016,8.850212543889157,0.7687643827743941
stream,1342,0.2045669191530918,8.950436186485694,0.8693947583429148
stream,1343,0.19733982081376125,9.091420688366917,0.8639517763824347
stream,1344,0.19184472671040106,8.454654907322277,0.8544959916069046
stream,1345,0.1854907795637771,8.48292998486782,0.8221955224970309
stream,1346,0.1802333639617952,8.482453058873656,0.8286393097764018
stream,1347,0.17581429260372922,6.942477264927032,0.7735823073189276
stream,1348,0.16924096901615757,7.336557736644805,0.7322779117666859
stream,1349,0.16385982676031455,6.9631185794496,0.7570415068369108
stream,1350,0.15740991245692101,6.709586808950982,0.687710379030057
stream,1351,0.15430977810847385,6.640164991016807,0.658603451653701
stream,1352,0.15526465574787715,7.129213928056529,0.6386850244538748
stream,1353,0.15378574241822485,7.419112044624666,0.6843447376401065
stream,1354,0.15406582590376836,6.9773461544119515,0.6958781261027771
stream,1355,0.15366791137262528,6.546570313511603,0.6517354311472708
stream,1356,0.15447250846472618,5.792349782791749,0.5514587561334118
stream,1357,0.15520813847563647,5.393671468315856,0.46651751340078607
stream,1358,0.15545459042659254,4.266090529598667,0.4644131807789292
stream,1359,0.1541986182245629,3.995402351228563,0.35220048383509234
stream,1360,0.15507917188695305,4.3431151241891515,0.394174522306585
stream,1361,0.1582333605028206,3.5225608349674564,0.36774767155912363
stream,1362,0.15600649596829605,4.818219342724256,0.360748018346338
stream,1363,0.1582055825560656,5.763096600066689,0.5695232177712861
stream,1364,0.1607357412132234,5.604460073685179,0.5842534864975459
stream,1365,0.16222058963804192,5.569941070088322,0.575080236063121
stream,1366,0.16210539546808767,5.613358216740498,0.5685113744442325
stream,1367,0.16045436632779375,5.836616850901069,0.5689464284665656
stream,1368,0.158594087333013,5.346748948720138,0.5554016814670378
stream,1369,0.15835310742065237,5.572298793219155,0.5423021848496945
stream,1370,0.15804996483912728,5.491657322859274,0.5413723489081327
stream,1371,0.15518574854735867,6.346170821685691,0.5574126003260418
stream,1372,0.15373036363320455,6.558347372699022,0.7111637786832823
stream,1373,0.15183829363426374,6.267168771734125,0.6824421329498875
stream,1374,0.14989822459191784,6.275891941479373,0.6524748811439713
stream,1375,0.14704079447194857,7.385542393648176,0.6947253397767982
stream,1376,0.14442484830181404,8.349262477931724,0.8495422288832608
stream,1377,0.14144578009132228,9.394112226193247,0.9940259702458744
stream,1378,0.13886167335191485,9.334573063355581,1.0367503660237276
stream,1379,0.1359013451628404,9.663859496834306,1.0699803557112155
stream,1380,0.13371026976174108,9.307552140280729,1.0290883705567022
stream,1381,0.13133626995781847,9.01798508237518,1.028463226783137
stream,1382,0.12841964931925287,8.913579685411158,0.9960069682412523
stream,1383,0.12569695482848572,7.80898406686714,0.8242402782090724
stream,1384,0.12441241179479125,11.452474798889533,0.9549669474715856
stream,1385,0.12271142694221022,11.477141689606926,1.089795017693836
stream,1386,0.12070322870396179,11.607676429579403,1.1054177211914005
stream,1387,0.11858759153732025,11.427363652101613,1.1059722608113514
stream,1388,0.11758996279397703,11.532542035038249,1.1018447443784292
stream,1389,0.12154818173823408,12.666081708196291,1.1032852677313276
stream,1390,0.1235352454812661,13.840658728822733,1.3344803157565053
stream,1391,0.1244333308711676,12.71169487001061,1.293692506656418
stream,1392,0.12144986643947164,12.52005362873564,1.1442806484042554
stream,1393,0.12178452032032751,12.88002242209657,1.1768249176867873
stream,1394,0.12284904684306355,12.81447167409816,1.176824916881156
stream,1395,0.12348807147338879,11.694278581618867,1.1360918521392827
stream,1396,0.12493757922586665,10.702305833299102,0.9722427696564138
stream,1397,0.12317664339087565,9.773844713548057,0.8358341029545521
stream,1398,0.12717249982140486,10.237128536401887,0.826290103246335
stream,1399,0.12943227541443242,9.861146226137128,0.8295473240025492
stream,1400,0.13310347813541595,9.879062973170761,0.826757866701435
stream,1401,0.136974862278309,9.878839675762949,0.8263663501290704
stream,1402,0.1267191082895827,10.234435004700265,0.8576821277748746
stream,1403,0.1273726804852534,11.469057622447398,1.0193167251982846
stream,1404,0.12856503595011623,7.753114670471939,0.9304446726590867
stream,1405,0.12801728138764978,7.745921814903061,0.7958451854361765
stream,1406,0.1345103605360906,7.969088339770034,0.7912335513231522
stream,1407,0.1386329049219932,7.977434484154313,0.8219024691292052
stream,1408,0.13893202561069062,8.001860814331195,0.8190152238477818
stream,1409,0.13951918783203318,6.640796636613562,0.8099235367442064
stream,1410,0.14224774735381487,5.43982853560259,0.5767710749050685
stream,1411,0.1478444543626389,5.407323916838069,0.561893859013678
stream,1412,0.15628726804888707,4.987036273167005,0.5550803337822551
stream,1413,0.16635492568647833,4.7176222017005705,0.5066311897783685
stream,1414,0.17719000925971667,4.733631005052317,0.4955762202856208
stream,1415,0.19979559552265824,8.218901427649895,0.5894623702537037
stream,1416,0.22233135807800306,8.568113683485542,0.6693424804070666
stream,1417,0.22883940553068205,16.839797841226744,1.1254888982231155
stream,1418,0.22544157149654226,19.231086193471267,1.1304806760420933
stream,1419,0.21925509203412916,19.29323591331124,1.1478858269366525
stream,1420,0.21407091537481027,19.27604889690263,1.1491092808704075
stream,1421,0.21192321282098775,19.403035025973978,1.1506098685541013
stream,1422,0.20654649249795537,18.155819168275467,1.112980896514372
stream,1423,0.21184392016743533,19.677394412716296,1.0903219861413072
stream,1424,0.21778134778704222,19.814537896627503,1.1711533483918781
stream,1425,0.22799458806186348,19.99223461199283,1.1863132257444728
stream,1426,0.23779974889363673,20.128417989102733,1.2322786591020256
stream,1427,0.2516104411199611,20.304793553964668,1.23139705342679
stream,1428,0.2671407648197386,20.19156992529165,1.2357037845161123
stream,1429,0.2838514510619546,20.21329911926045,1.2309731705533487
stream,1430,0.29971376333476707,21.169054010677495,1.2815766476795944
stream,1431,0.31427006020772286,22.532896080456347,1.4538413773379109
stream,1432,0.3256956874737645,22.483073191429867,1.5003774002750703
stream,1433,0.3346787734409595,22.405004027029467,1.507131110532115
stream,1434,0.34212854554044697,22.84819941488313,1.5269517089745273
stream,1435,0.34818371498497197,19.353581671399326,1.4370945183483483
stream,1436,0.35354814137161433,19.166463334723872,1.3616188007722574
stream,1437,0.35436814751049356,11.570823177453159,0.8987836473045538
stream,1438,0.3522422861167108,8.72061985395412,0.9109159834914036
stream,1439,0.35185326319370247,10.280012948041875,0.9320479260977739
stream,1440,0.35032077109523574,10.292643704971466,0.9771967059335153
stream,1441,0.3480083622213566,10.227653128960782,0.9774906113366435
stream,1442,0.3442876383527256,9.626975113917839,0.9244182863308222
stream,1443,0.3395812334648274,6.868166699697507,0.7508811795590172
stream,1444,0.3309841098393804,7.349623783500082,0.6238994532274696
stream,1445,0.3267304222988558,10.348979821163645,0.879607615494848
stream,1446,0.3200463690688605,13.464430563147085,1.3049247198437783
stream,1447,0.3133007306973612,13.257284005505932,1.3953001122189348
stream,1448,0.3108966545670047,15.319808021244834,1.5057127018767578
stream,1449,0.30805836832565014,15.42106731773822,1.6074563728183553
stream,1450,0.3034451812357293,14.505903815569171,1.5582395460559122
stream,1451,0.2981974958000986,13.277927515863464,1.4221901450819385
stream,1452,0.29549435089776577,19.768415766608864,1.6686624643558818
stream,1453,0.2907484745684616,19.82040429647937,1.9289815834893516
stream,1454,0.28627477970673504,19.3627778244976,1.9087966389168434
stream,1455,0.28237504697299165,19.7378507560093,1.9092864418039523
stream,1456,0.28194446457562694,19.794976331918104,1.9048820490318719
stream,1457,0.28370516108776955,19.097896345062022,1.899971950889499
stream,1458,0.28486162948761085,19.14155632156439,1.8574975714577622
stream,1459,0.2869721604500796,17.474593000196215,1.7855837411030604
stream,1460,0.2881082891234798,17.460888256539853,1.739418303449303
stream,1461,0.2906457012238208,17.456437378309282,1.7399620742554371
stream,1462,0.28624573852800955,18.283877759708208,1.7751815988904343
stream,1463,0.2809520029551393,18.3000107621017,1.8197110709416058
stream,1464,0.27249347586873834,17.74598061841098,1.8090261967228172
stream,1465,0.27135910397853047,16.10453847679499,1.6481576058979257
stream,1466,0.27516437332544,12.85675048824651,1.17012153085102
stream,1467,0.2771491249514501,13.370083992545851,1.1134650901919836
stream,1468,0.27058913108100524,13.22354200624252,1.0113880785069163
stream,1469,0.25580793178590044,13.785158835020505,0.9298293509466181
stream,1470,0.24282532466075069,13.772561568011223,0.9696661222641353
stream,1471,0.22854935931219064,13.54752899742638,0.9332387091202665
stream,1472,0.22215247075431774,8.127845954281094,0.6886804809377327
stream,1473,0.20967158478492567,8.531692550337963,0.530686705365622
stream,1474,0.207168781320866,9.30089309419454,0.63972365900987
stream,1475,0.2052966212737057,9.001609440883703,0.6472162886560372
stream,1476,0.20678130412539816,8.910943503464244,0.6486845470488255
stream,1477,0.21199586845123253,8.936287938480929,0.6486030096206109
stream,1478,0.20429476851536,11.58517094608887,0.7686773127842811
stream,1479,0.19879574540491393,11.585386350944903,0.8897750831272364
stream,1480,0.20063687836173982,11.94554389235362,0.9123253806476614
stream,1481,0.1952942603361025,12.366829559422005,0.952405917425435
stream,1482,0.19295866514510965,11.741479286136794,0.9642881027364797
stream,1483,0.20271418235367536,12.806881040552238,0.9328853605125426
stream,1484,0.2106023966726909,12.888375578645038,1.001807532725342
stream,1485,0.22441842443118146,11.795935249162051,0.9509650271167518
stream,1486,0.23276599016109026,11.848169191313335,1.0202243398759352
stream,1487,0.23320379764723473,12.158475185900935,0.9562450164517259
stream,1488,0.2417910379608048,11.462845924322595,1.1403442752880162
stream,1489,0.2482362931908675,10.89490508661499,1.1758243519365712
stream,1490,0.2566556960905535,10.92385379434293,1.1571947695114368
stream,1491,0.2602374000298184,11.043839285414482,1.1682928309653005
stream,1492,0.26857612769833317,10.383637285140127,1.1682928309653005
stream,1493,0.27416884858724966,10.53053099734629,1.1178857221281548
stream,1494,0.2764878406628213,9.79345288640602,1.0254610940418603
stream,1495,0.27716694752680066,9.764362628158713,1.0082348402734769
stream,1496,0.2718226777210031,10.510171858244638,1.0188651961213648
stream,1497,0.2707294275169124,10.810981378769428,1.1310670088906185
stream,1498,0.2680188530894496,8.123833095129761,1.0175776799315819
stream,1499,0.2635910257322528,8.145637365733222,0.893804498091785
stream,1500,0.2599643605241112,7.795020757469545,0.8712542008894372
stream,1501,0.26263200302733664,8.583769283511328,0.9068938528347953
stream,1502,0.26487680892237464,8.792040535856124,0.9654728477481693
stream,1503,0.21882070541571608,7.747001896677505,0.9783330078973115
stream,1504,0.22415032897522366,7.761913556176923,0.9164090079189017
stream,1505,0.2490160982721433,7.702437793266719,0.8552345486669762
stream,1506,0.27418885761673145,8.903399070379004,0.941907151068589
stream,1507,0.29076954732889876,8.060311995913827,0.9874853884122576
stream,1508,0.30188329478602355,8.052167158761518,0.8402261490045274
stream,1509,0.3146992500599085,9.4243464993985,0.7845611257751995
stream,1510,0.32354094418940055,11.126225646496003,1.0578868554168899
stream,1511,0.33009294058836586,11.18987407436855,1.0690067733826374
stream,1512,0.33472912051297593,12.312589039088754,1.0709588852338223
stream,1513,0.33597251564489067,12.428253142699994,1.172654146034557
stream,1514,0.3404555113547831,12.608345498009697,1.162485626954384
stream,1515,0.3406244317281083,12.984622905999467,1.223708922255199
stream,1516,0.34682923638525054,12.75825908324916,1.2876611003568221
stream,1517,0.34857394510251793,13.91380149901348,1.1792927171525276
stream,1518,0.34218895328954546,14.667425937941815,1.3387592521607887
stream,1519,0.3328451780186562,15.401005403385419,1.4294971592384151
stream,1520,0.31893746779434523,15.440488503090009,1.4693339802032142
stream,1521,0.30683330570183304,14.28299374386954,1.3912755193171022
stream,1522,0.31415787548078156,14.373239193674955,1.298303033021259
stream,1523,0.3110266921951763,14.64765965971925,1.3235657321496137
stream,1524,0.30932982785648844,17.230239780138668,1.5191766398691904
stream,1525,0.30412430310743405,17.601519912294087,1.7586294109646432
stream,1526,0.2999833994495326,16.060401560950318,1.6733173664043368
stream,1527,0.2963771578364273,18.076371577788453,1.7183955035983283
stream,1528,0.301256557053486,20.702036964280673,2.089790836603262
stream,1529,0.3085999581373496,20.204770032450202,2.350999493693794
stream,1530,0.30979625014765494,18.469625549785047,2.0715291062896597
stream,1531,0.3130922717300605,18.786623687618352,2.0874242487667702
stream,1532,0.3191242685450399,17.338703306906066,2.036902293136458
stream,1533,0.3156101752213372,18.217329618100102,1.9463813817513118
stream,1534,0.3198978173686705,19.050408311857794,2.1648952730686752
stream,1535,0.321009049191073,19.047987652948233,2.1920825594716593
stream,1536,0.3234257327262775,18.51558898312706,2.167070264611414
stream,1537,0.31698460500644565,19.345541232237938,2.2796512984285093
stream,1538,0.31347012326838924,18.882824756880932,2.276024234148228
stream,1539,0.3147419929888877,18.232096429331644,2.185046991419562
stream,1540,0.3215879958746116,18.596938472053743,2.149408133569555
stream,1541,0.3276034769272161,18.732111608756483,2.1847906265243355
stream,1542,0.33435943793987905,18.310152229891266,2.2033277578217936
stream,1543,0.33570772771947166,18.73253547642952,2.180212217476362
stream,1544,0.3346006131388581,16.06925544245154,1.993247711995469
stream,1545,0.3416755147693152,17.002557409849224,1.8489604335133836
stream,1546,0.3476360075718653,16.993372671074418,1.854875428904088
stream,1547,0.35596304343815244,16.646598893143047,1.8941368500125508
stream,1548,0.3558803438787086,13.035772695160722,1.4869183199459577
stream,1549,0.3552577814307073,15.634846943609432,1.4090184130223329
stream,1550,0.3535337887620401,15.613945980694258,1.5778589926584505
stream,1551,0.35208473896569614,15.13777195302079,1.542524389481204
stream,1552,0.3478857225353257,15.163541912324654,1.5600449040852509
stream,1553,0.34677489849064236,13.793980207313078,1.5110082034580847
stream,1554,0.3425300081349701,12.804306171251662,1.3129510107783962
stream,1555,0.3432785854730477,12.771026502291642,1.2429358137752773
stream,1556,0.3359574944812081,14.055641150826812,1.3487589680126548
stream,1557,0.33867860715155623,13.258328718518861,1.412194883204037
stream,1558,0.3308230960616341,14.531041942008288,1.4876158271344946
stream,1559,0.3241353548066724,14.47521892775786,1.5475603494412424
stream,1560,0.3191998091701418,14.098450933917265,1.543008933082096
stream,1561,0.3134862846579342,13.883127750157314,1.515685226421355
stream,1562,0.30086475372643434,14.553064455823698,1.5156852264213552
stream,1563,0.2902926017473004,13.819990270257552,1.5059029337351897
stream,1564,0.2848774356249846,13.782964423705884,1.488382416895562
stream,1565,0.2794793564675404,12.065456166919292,1.3983829002913761
stream,1566,0.27485457394554863,12.285047176629893,1.3291349106479586
stream,1567,0.2733580472530603,11.1335202903242,1.2429411379554582
stream,1568,0.2726942792377069,11.053641871358947,1.2435397856146424
stream,1569,0.28457214140051834,11.874852005018504,1.1705063607761086
stream,1570,0.2921987042690574,13.662752162212996,1.4706939993591428
stream,1571,0.2961578404874723,14.052506850130984,1.4799542618126762
stream,1572,0.2957300840842288,14.346168590780463,1.4619280930602292
stream,1573,0.29602170381792436,14.106717770077665,1.4474259459911887
stream,1574,0.2931061747227485,14.1906075868581,1.4301340132372082
stream,1575,0.2975062077694678,15.14063297280652,1.4760876377603496
stream,1576,0.2984917268115456,13.94027363244393,1.4314386806767883
stream,1577,0.30093640032847496,12.698459712185711,1.2887816177821256
stream,1578,0.300419863249287,11.738235789971593,1.1516810088091995
stream,1579,0.3019140608122137,12.516692407709716,1.177520770206367
stream,1580,0.3013394318834044,12.64421272120656,1.2463731636440116
stream,1581,0.3011963313965463,12.712160901465142,1.2428056394522933
stream,1582,0.3012325982526318,12.067647712830404,1.238205325981057
stream,1583,0.3027069031463577,12.119756388426959,1.222849477863594
stream,1584,0.30505107296089995,12.1126113323193,1.2392172136854622
stream,1585,0.3066847973416219,12.11263477860562,1.2341925999886667
stream,1586,0.3021199066067011,14.396339015373433,1.3593140118730258
stream,1587,0.3034837140671978,15.76119164956954,1.6182499721749575
stream,1588,0.3057575736240727,15.755757926285957,1.656585795405995
stream,1589,0.3079674458412524,11.368806418182077,1.5652665052164834
stream,1590,0.30945741114739483,9.605930692006453,1.083514006946758
stream,1591,0.31114715584718045,9.175689777936041,1.07269861505489
stream,1592,0.3121350020853702,9.12945969443497,1.0984409257754544
stream,1593,0.31446385145704725,9.205662215152618,1.0930577149278313
stream,1594,0.3197589375512756,9.081842625111927,1.084330092805224
stream,1595,0.3222621146269108,9.416894112239342,1.0778538217048792
stream,1596,0.3218585679105719,10.365638208021927,0.9738631051843452
stream,1597,0.3206316730102673,10.00531022468036,1.0116831562156612
stream,1598,0.3210355187783371,10.845522762749935,0.9659248981369366
stream,1599,0.3204950831165867,10.107057687263973,0.960884185217803
stream,1600,0.31861233400886213,9.948394090984158,0.8965832081393046
stream,1601,0.3176331859676128,9.968870353901309,0.9029239872004788
stream,1602,0.31136527535541875,10.596312925557909,0.9203890514634465
stream,1603,0.3098141372520571,11.166953093031301,1.0451846568018288
stream,1604,0.3109563902082461,11.295020236472029,1.0292899803877573
stream,1605,0.30301341515176333,13.431111847242555,1.130968479852181
stream,1606,0.2989970633973064,11.118282476561433,1.2152637120401495
stream,1607,0.3013174260611051,10.555641625282137,0.9325440279094909
stream,1608,0.29936010817012937,10.804187978309571,1.0144886209754156
stream,1609,0.2977545313533412,10.78383722431682,1.0079143675876017
stream,1610,0.2953196334298923,10.861823276763843,1.003950130337833
stream,1611,0.29330060730502516,10.865605207535024,1.008686575894124
stream,1612,0.29228826658910173,10.482260174262036,0.9937001895714455
stream,1613,0.2906562155965198,10.589385422725943,0.9944181881648715
stream,1614,0.2880188156038808,10.602325708716712,0.9948802363864673
stream,1615,0.2857153254308394,8.966968550161539,0.9372957141567796
stream,1616,0.2848854337218667,7.814709845718182,0.9290846203783314
stream,1617,0.2860285803432419,7.7975675305890695,0.8549359025060448
stream,1618,0.28470277028403046,6.711624932655997,0.7976982188472909
stream,1619,0.2828545661789653,6.77441465385912,0.7221206302585672
stream,1620,0.2832060649458512,7.242868390467559,0.7796516955867412
stream,1621,0.28844939090807203,8.839015240123882,0.791369950462423
stream,1622,0.2917483702957351,8.182427821735269,0.814278794317683
stream,1623,0.2876762065954715,9.873028851028149,0.7227506255980203
stream,1624,0.2864080466944465,10.073858983115574,0.9037446824332855
stream,1625,0.2860238438516018,8.59834616627306,0.8028819491953774
stream,1626,0.28192495963357617,9.965135639310258,0.7042298280873195
stream,1627,0.2785930833736241,8.656172460263392,0.7517989023245206
stream,1628,0.2757251444984823,8.258739460942232,0.6169180640480626
stream,1629,0.2730661753491839,8.457393601529661,0.6234923174358763
stream,1630,0.2667985427007888,9.808245774084691,0.6534216866886513
stream,1631,0.26523083132119696,13.428592315344098,0.960263233509941
stream,1632,0.26329203249452676,13.641144797380374,1.1706044112122282
stream,1633,0.2652839850690011,14.073173590515173,1.2135886972205348
stream,1634,0.26370613307205343,15.191835410308752,1.3520328557328762
stream,1635,0.26239121941718796,15.162147794718184,1.3958383066048914
stream,1636,0.26869145139416495,16.70439478489124,1.4313677214877054
stream,1637,0.2712687371577851,17.015160418474387,1.5673050010106506
stream,1638,0.2736771952069267,16.71830032218261,1.5629766677322479
stream,1639,0.27881866693545165,16.567021797843807,1.558604545996999
stream,1640,0.28476611229751314,16.123189939986155,1.4983761255338541
stream,1641,0.2787522973826463,16.411244053359404,1.589158580775362
stream,1642,0.26984973859721445,16.382781855315468,1.5643955161965346
stream,1643,0.2580067381914551,14.330234763055838,1.532939180052635
stream,1644,0.25869227810136364,16.2149893373929,1.482742505445426
stream,1645,0.2558836452516257,15.686892739846146,1.6216488695831694
stream,1646,0.25459100162719245,14.040867962246828,1.5048318334648436
stream,1647,0.26358483593261595,16.11682859260697,1.4810463984314548
stream,1648,0.2829508542079368,18.183580921867954,1.4812258924919446
stream,1649,0.2896536170318318,19.242402085532902,1.7127576823915185
stream,1650,0.2870800854659061,20.358922935238507,1.6984021111311154
stream,1651,0.2884729349935553,18.657168927687252,1.708238850042334
stream,1652,0.287578268452219,18.72357166460545,1.6271899379822163
stream,1653,0.28605038658441695,18.252303020857898,1.581242012946772
stream,1654,0.2841867797713168,17.10692071621348,1.4435754151847842
stream,1655,0.2831147009299222,17.42435536960429,1.4037392943094
stream,1656,0.2822074264214882,16.002983038215923,1.3772311695416461
stream,1657,0.2812268871627855,16.50777833090954,1.3154426609509453
stream,1658,0.28061484682941634,16.74917081825764,1.3653438427650675
stream,1659,0.2802333905438403,17.2319627211015,1.4370075872270163
stream,1660,0.27868828347585634,19.719076206007852,1.4669153382526994
stream,1661,0.2762847626778452,17.769078213395698,1.4482790055450467
stream,1662,0.27423583018082054,19.30435690605171,1.4318301246726777
stream,1663,0.2741953862335237,22.506116701421387,1.4321559947888385
stream,1664,0.2732839707291107,20.360845295142408,1.5093400397398058
stream,1665,0.27269160983371465,20.91751690466306,1.383973683842942
stream,1666,0.27183452926571205,21.184124679518764,1.3785306717729477
stream,1667,0.27263031631476187,19.11123935089772,1.3420658970337989
stream,1668,0.27460958963558374,17.035200915733252,1.3440072179038436
stream,1669,0.2769810564716153,15.772920584907231,1.0947157265916334
stream,1670,0.27958831009274393,13.171601079235922,1.0811594404896578
stream,1671,0.28305521116722043,12.357681470186867,0.8056337796432764
stream,1672,0.2859183393675258,12.088540614537212,0.69790128551489
stream,1673,0.2883796472032625,11.941966903567236,0.6992226826706627
stream,1674,0.2882513074627797,13.568205868843414,0.739254525462712
stream,1675,0.28463938809625694,14.88317335839196,0.7370633720560205
stream,1676,0.2848010166316912,18.230363102330063,1.1550263669758118
stream,1677,0.2858565154252731,18.00888361456133,1.1107789686303455
stream,1678,0.2868582566162509,18.84277718895366,1.0663429152782198
stream,1679,0.28382850914177865,18.360804148972186,1.0214811884363864
stream,1680,0.28039941992659656,16.843059802416466,1.0205777778057987
stream,1681,0.2783942858999248,16.824268444553095,0.9693559640259239
stream,1682,0.2748469239976726,15.305083507598049,0.9562571582446706
stream,1683,0.2721802337232121,11.842399771391808,0.9484923456028269
stream,1684,0.27302329666608804,12.659736439019253,0.7580635558554355
stream,1685,0.27092106019372997,12.743701598466197,0.8900366325823847
stream,1686,0.27045037541988065,12.46627209210602,0.9060829888562243
stream,1687,0.2713180998117171,12.523752810812928,0.8983072911877384
stream,1688,0.2714702979257232,12.70134501897234,0.9191229238321127
stream,1689,0.2735959039739829,13.13107429230548,0.953194935278524
stream,1690,0.27643416357115086,13.332079239571787,0.9570013652414338
stream,1691,0.2787391384495929,12.379625628632585,0.9134452533741324
stream,1692,0.2791823108310712,12.345502896852528,0.8918855236092816
stream,1693,0.2800214420527996,14.615088543558086,1.0055716698229185
stream,1694,0.2810304561580386,13.336440836739886,0.9867465562740563
stream,1695,0.28446591829278195,12.256812497669442,0.9871761472514111
stream,1696,0.28792438042773866,8.916400873953195,0.5925076639568907
stream,1697,0.2894456873806247,8.372674193819845,0.5724976086535819
stream,1698,0.29067453144895017,7.278688043845459,0.5653197327135071
stream,1699,0.2924140137284234,8.756976213357527,0.5683049971909153
stream,1700,0.29275036460254383,11.145090622367881,0.9132022074760745
stream,1701,0.2953147418193945,11.594239974004791,1.0706541897557664
stream,1702,0.30060964465861845,11.789467430978885,1.0581745519162675
stream,1703,0.30456003950393096,12.491074932785791,1.1456130776478868
stream,1704,0.30579350504890396,11.621510005451299,1.136461535121354
stream,1705,0.3085693321198752,11.478442583561504,1.0161516422623693
stream,1706,0.3112417224996875,11.725811445386817,1.0089417117662376
stream,1707,0.31428528159106073,11.71439470428255,1.0437813527531166
stream,1708,0.31628047026353134,11.606472135316375,1.020752481588447
stream,1709,0.3182953278230728,12.060609824098488,1.0159891246756307
stream,1710,0.3211066307188409,11.95391599537696,1.0257389817503417
stream,1711,0.32183837431768003,14.210860324263988,1.1557273356874223
stream,1712,0.3232151936443327,14.619539218330067,1.1580378598948382
stream,1713,0.3218467579310443,13.277718427167429,1.0519156637094933
stream,1714,0.3225823316014878,15.597748584419461,1.247084284558964
stream,1715,0.32156987370715445,15.201612161022169,1.4301663649712664
stream,1716,0.3204276893503037,15.652316686363848,1.4068718710490193
stream,1717,0.3195545054250903,16.946032539844918,1.5095724471585792
stream,1718,0.31987595887373305,16.972206677037512,1.599349184886057
stream,1719,0.31816233443777053,16.044664213309126,1.5776044908578932
stream,1720,0.3169415488382029,12.711147323073329,1.2177537281411503
stream,1721,0.31700741813773,12.231507997266087,1.0176482456346434
stream,1722,0.3163380203285592,12.059729451575318,1.0207967397867315
stream,1723,0.3154055638920227,11.395208022844619,0.933407161980038
stream,1724,0.31485510855437776,11.341609211418938,0.9252996955005633
stream,1725,0.3108514749845401,12.834637445385225,0.9813088069035333
stream,1726,0.3139401680956617,18.1613313373193,1.4669139321419808
stream,1727,0.3170855201125354,18.475137657800634,1.8039586543910582
stream,1728,0.320185295914308,18.75133807489097,1.8538760926433941
stream,1729,0.32374211768517064,17.89058997877016,1.8532242827390526
stream,1730,0.3268048387111961,17.809549971140335,1.8384443508373345
stream,1731,0.3301787589227153,15.412680927095897,1.7138719904282773
stream,1732,0.3352308234663616,15.162708887896212,1.7039051007358532
stream,1733,0.3411717236632809,14.431477777101108,1.6979833697215208
stream,1734,0.34788774047519305,11.99655936242621,1.5028147465828867
stream,1735,0.35407657791666663,11.919896410888525,1.3253117975472428
stream,1736,0.3593256112817149,11.345564654469394,1.3204395687913424
stream,1737,0.36505254653778924,10.335797469155864,1.2341445634894923
stream,1738,0.3715878174922613,10.562887928395746,1.1447321715809897
stream,1739,0.37707820656234775,11.458097629522955,1.2349478546693582
stream,1740,0.3827246257070839,11.425391727792782,1.2878953989193151
stream,1741,0.3870304016744205,11.660120462386192,1.2951330591688914
stream,1742,0.3912468957536651,11.762276652498203,1.2912395868650541
stream,1743,0.3953612597782382,11.725256263465814,1.2950240558286996
stream,1744,0.4001476833704304,11.824326637731225,1.3011906278572596
stream,1745,0.40433705053875946,9.782716176206161,1.2309240777760484
stream,1746,0.4101821529883098,4.266232814553573,0.7364336435920495
stream,1747,0.4155506275208323,4.0494565282698725,0.3645601646929808
stream,1748,0.4193012791980235,3.7039823918401655,0.320004434175395
stream,1749,0.4217560809253452,3.8211454907179605,0.29227181490767745
stream,1750,0.4248298055837013,4.010645766201465,0.3261217885314784
stream,1751,0.42919143636077534,4.773069986540662,0.32697010458576975
stream,1752,0.4320535103880234,5.661833147678323,0.42587527788741353
stream,1753,0.43450773003115833,5.686535444926996,0.5026449277844769
stream,1754,0.43386352628214203,6.944008792500734,0.543541532522357
stream,1755,0.4360532357167074,8.140702421780173,0.7523438096275818
stream,1756,0.43745784742779115,8.428868397523281,0.844701966699033
stream,1757,0.4376146962354214,8.148142208850153,0.8461592545058267
stream,1758,0.4376192621331382,7.852890280713672,0.8456698351018617
stream,1759,0.43426044826345545,6.648369353727283,0.7527349431679458
stream,1760,0.4329253197484335,7.311377739986161,0.7751001495576099
stream,1761,0.4320106420908739,7.122764591574713,0.8024238820078141
stream,1762,0.4298966584910783,7.184509622598174,0.8012927324604534
stream,1763,0.42619532966170715,7.329921454424398,0.8010646235676675
stream,1764,0.4235996498751156,7.481176650285751,0.8352733135751044
stream,1765,0.4184846521265031,7.6877431986963,0.8524399229100431
stream,1766,0.4189076426402777,8.988400482517438,0.9645057062675212
stream,1767,0.41955721175245747,8.874742794386739,0.9922864614200424
stream,1768,0.42014178212630926,8.877602970509223,0.9869845867529603
stream,1769,0.4208739243559622,8.877743819325019,0.9920419209693484
stream,1770,0.4200846921295258,8.673182764480385,0.959594839781218
stream,1771,0.4180981059053146,8.397828731689538,0.9719921940125049
stream,1772,0.41511487610651426,8.102029675843172,0.8701233772094413
stream,1773,0.41374108971971724,7.980873042110089,0.8537940481234202
stream,1774,0.41305211407360104,6.483403586995793,0.7909131553816725
stream,1775,0.4129529284592974,5.240804164856223,0.5806046238363745
stream,1776,0.41239323779932613,5.014586514555302,0.486478989457721
stream,1777,0.4126698910913495,4.965921416513925,0.4620092562540938
stream,1778,0.4119146017745241,5.0197777300586415,0.4787466823821591
stream,1779,0.4121531064686032,4.934338709833306,0.4777954090711096
stream,1780,0.41301103858904653,6.024013197734456,0.42676808497366403
stream,1781,0.41556941485858984,6.385751755592893,0.40365810617290276
stream,1782,0.4161478451178663,6.668551267008964,0.4634612497491757
stream,1783,0.4160011348456377,8.034671809970952,0.4631673573221688
stream,1784,0.41638592811039643,7.783546751559174,0.4965331222361062
stream,1785,0.41590121697871124,7.772079924459182,0.475043614068754
stream,1786,0.4146202243161362,6.4080815644438065,0.38455484912845855
stream,1787,0.4141497304259542,6.512493907554807,0.363788509368706
stream,1788,0.41554032277196684,7.41327777202611,0.4411617412208956
stream,1789,0.41511550629079436,7.2771265312012625,0.44995399058025876
stream,1790,0.4169078566434553,7.386752731518641,0.44954616916166923
stream,1791,0.4150706561121316,6.886572487495574,0.43714879419288544
stream,1792,0.41357347155967783,6.463565680718315,0.4414063316213844
stream,1793,0.4075571723996618,8.349210210845452,0.5347171202994779
stream,1794,0.4014493136043463,8.38880987647255,0.5737484730294067
stream,1795,0.39587348081506313,8.473581957870797,0.5764234150939347
stream,1796,0.39652085757283695,9.219926670781211,0.5784353217741464
stream,1797,0.39471940446935827,9.267970152223976,0.633503062607527
stream,1798,0.394428219773373,9.203819205142889,0.6167112161989832
stream,1799,0.3952286897084495,9.058195181001881,0.6114093577724897
