segment,end_index,PW_WTC,E_CCDC,CD2_P
stream,0,,,
stream,1,,,
stream,2,,,
stream,3,,,
stream,4,,,
stream,5,,,
stream,6,,,
stream,7,,,
stream,8,,,
stream,9,,,
stream,10,,,
stream,11,,,
stream,12,,,
stream,13,,,
stream,14,,,
stream,15,,,
stream,16,,,
stream,17,,,
stream,18,,,
stream,19,,,
stream,20,,18.969140784486697,
stream,21,,16.82726657099242,0.6005509593678564
stream,22,,16.343885147410955,0.5973412219705416
stream,23,,16.62312497585545,0.6075752061515118
stream,24,,18.91291169969232,0.6523060735080819
stream,25,,18.914137670757253,0.6527342698111228
stream,26,,16.544996318959015,0.48087196006682364
stream,27,,15.095978395202302,0.5901540907220582
stream,28,,14.989980263390029,0.6116792601344405
stream,29,,14.273541102836353,0.6322958403953638
stream,30,,13.484732144397917,0.7201529526580048
stream,31,,13.497699359460379,0.6884642090231851
stream,32,,12.83476106224314,0.6713084378510669
stream,33,,11.917634329389324,0.6863036429973263
stream,34,,11.665928186064264,0.6773290997697362
stream,35,,11.568727560841454,0.644628521231646
stream,36,,11.31250534781201,0.6482013834209189
stream,37,,10.23139376679171,0.6635025687972067
stream,38,,10.638624883995762,0.6489779116659417
stream,39,,10.483317228531789,0.617683076427014
stream,40,,10.370391659900099,0.6200083351807619
stream,41,,10.976081801958763,0.6685139478291877
stream,42,,10.750796526943242,0.699518424529235
stream,43,,10.46200106707147,0.6683561120246697
stream,44,,6.776459267310607,0.5937005459478737
stream,45,,6.736446446506501,0.5241065140765414
stream,46,,6.3773509056773126,0.5185005439316877
stream,47,,5.761679567076406,0.40982051365437544
stream,48,,6.00184425574527,0.3918665073805112
stream,49,,6.407854606698574,0.3639747821928849
stream,50,,10.063695290856597,0.5820993962051457
stream,51,,10.184061627996815,0.8236098998080101
stream,52,,9.417331208992167,0.8204449575247551
stream,53,,11.111233062305631,0.8590708248744854
stream,54,,11.304202424371779,0.9685756094426696
stream,55,,11.304309559017486,0.974700340252684
stream,56,,11.241637629092516,0.971127469689142
stream,57,,10.966300218572464,0.942226906425464
stream,58,,10.358109493960193,0.9578397969716916
stream,59,,10.445330004839327,0.9524829370744355
stream,60,,10.239986922294499,0.9516525992566232
stream,61,,10.118480954368122,0.9330359054290011
stream,62,,10.480130851344075,0.9758730941998482
stream,63,,11.975397556603935,0.988625858823909
stream,64,,12.84932844821994,0.9921917825764138
stream,65,,14.00162925538438,0.9907540063941633
stream,66,,14.370246758223237,1.1165034905254865
stream,67,,15.91506914971776,1.2834833183140633
stream,68,,15.99954095831801,1.2604113516676567
stream,69,,15.38323859484028,1.2675414978294222
stream,70,,11.422205806843431,0.9947796222282709
stream,71,,11.279709573607269,0.7517240302439181
stream,72,,11.276758987203717,0.7386440606500075
stream,73,,9.541654819897374,0.6856649320275481
stream,74,,9.381943954239139,0.5786983722106818
stream,75,,9.464904608843927,0.5702483732446768
stream,76,,9.508583029932456,0.5794249651213166
stream,77,,10.514543708002087,0.6569768789895909
stream,78,,10.478122530572529,0.6730051116032608
stream,79,,10.289359834743513,0.6701832461303869
stream,80,,10.31258024073366,0.6786611671579689
stream,81,,10.192676920699068,0.6467842854238831
stream,82,,10.898729678858482,0.5734255657737718
stream,83,,12.073215251425903,0.8283292933861421
stream,84,,11.43834936535458,0.9848671177799602
stream,85,,10.734726694634611,0.9847911572693451
stream,86,,10.242299107936912,0.8572856075644076
stream,87,,8.48518193104638,0.7071919567356486
stream,88,,8.185813179332891,0.6920217210350994
stream,89,,9.82312682822782,0.7203949602578661
stream,90,,9.693613260419927,0.6743304467283943
stream,91,,9.678435861552721,0.6807390019821676
stream,92,,11.490360563254935,0.7471089050493092
stream,93,,11.505168601022689,0.8128982122969146
stream,94,,12.442088342471116,0.8471967056470873
stream,95,,12.535817699645788,0.9225011221386912
stream,96,,12.478685445384068,0.9147171465690556
stream,97,,12.557916888145575,0.8886254144592292
stream,98,,13.785134185111854,0.8565742646317239
stream,99,,15.729224756409174,1.0855233194963214
stream,100,,15.674305665934973,1.1271766362769753
stream,101,,16.64693823653939,1.1526726234807303
stream,102,,15.732760932562016,1.1618232124818981
stream,103,,13.868757953318442,0.8980060256821429
stream,104,,14.050903023725725,0.7391755683015897
stream,105,,14.246829780699905,0.8251489647638394
stream,106,,15.680510642146524,0.9964020576460282
stream,107,,15.781335492241926,1.063670861609158
stream,108,,15.97104438467638,1.0585476722375071
stream,109,,14.594020322502368,1.0219369040320516
stream,110,,13.844984926326386,1.0521028460344248
stream,111,,15.684695800289061,1.131164547684633
stream,112,,15.902904569685774,1.063349981566997
stream,113,,16.41992918559988,1.1719624916202132
stream,114,,15.97323803403339,1.2107198918640634
stream,115,,17.294123806400087,1.1403273201105633
stream,116,,17.253143253886034,1.1789452104549498
stream,117,,15.96617967978438,1.127325867564617
stream,118,,16.20285522194996,1.1829262797611773
stream,119,,14.24057536449546,0.9967041738885697
stream,120,,14.436486698694651,0.9493963986407031
stream,121,,13.126845799108239,0.9205939989278389
stream,122,,14.318579804941535,0.9387606816808824
stream,123,,13.519108979297123,0.9645075164813484
stream,124,,13.44460908615401,0.9718572075603469
stream,125,,12.65103661480862,0.8963947428605984
stream,126,,11.754911408535829,0.7686436775973389
stream,127,,11.679852972549805,0.6969456693009873
stream,128,,12.007855461476455,0.7066157859577987
stream,129,,13.119528691187941,0.7097042431014058
stream,130,,13.809860754566662,0.8307459262837987
stream,131,,13.284297433103909,0.7174685802928729
stream,132,,12.868699788800143,0.9345020613920718
stream,133,,12.518060372079487,0.7998661012210543
stream,134,,11.971713207470316,0.7351562840451306
stream,135,,10.600134723716216,0.735045753710758
stream,136,,12.4413121435037,0.7315507946470049
stream,137,,12.507748722725287,0.7892896556061606
stream,138,,11.864889945006036,0.7444856872132957
stream,139,,12.306871989125794,0.7027397324663293
stream,140,,12.554569574240547,0.7003434812654769
stream,141,,13.63677615255229,0.7056378566878683
stream,142,,12.751689775087684,0.6784310720178063
stream,143,,13.008109746842116,0.6475367938638504
stream,144,,12.945181329057759,0.6939328236706344
stream,145,,12.938297945557574,0.6939328000905877
stream,146,,12.601137382374727,0.676431519182502
stream,147,,12.67009435680689,0.6700077274131541
stream,148,,12.452877134982822,0.684560287370101
stream,149,,11.244369769577606,0.7370721949445584
stream,150,,10.921853478358551,0.6209874121873458
stream,151,,12.587851932459083,0.8488708569108389
stream,152,,10.988475632556606,0.7191128883141813
stream,153,,10.809891324111922,0.6788435283630346
stream,154,,10.80413642524726,0.6690439669754097
stream,155,,10.697551032187114,0.6651354668710898
stream,156,,9.2243503242867,0.6299227634862348
stream,157,,10.64051840116804,0.6912122230954242
stream,158,,9.974720025208505,0.7035259537462673
stream,159,,13.199884393964,0.8803242163862091
stream,160,,14.111451477115285,0.9018214042967404
stream,161,,17.446675784998963,1.279265752188547
stream,162,,17.47346380717191,1.5525662559286162
stream,163,,18.029810718168456,1.6532824174366691
stream,164,,18.841673193503645,1.597917300067023
stream,165,,19.5399137090061,1.7097299457011783
stream,166,,19.760948342041598,1.6844559469875064
stream,167,,20.102973720900756,1.7600430306117392
stream,168,,21.777290801089883,1.760291658387777
stream,169,,21.633461413902186,1.7706544670993045
stream,170,,24.643275599228264,1.8793493928179716
stream,171,,21.656545948201142,1.7897406534440432
stream,172,,25.334134002824605,1.8397709658854382
stream,173,,25.731859058540135,2.095302499043756
stream,174,,26.026785439512828,2.0943751563652127
stream,175,,26.904094874328692,2.1716423338357753
stream,176,,30.286659540058803,2.4701858641602614
stream,177,,31.430146252230845,2.7856023203329667
stream,178,,31.55127528823341,2.7958363058761373
stream,179,,28.657355758351365,2.692420316502446
stream,180,,28.02755338073853,2.669054638708943
stream,181,,23.88751682561514,2.3581780982048217
stream,182,,23.52618935218096,2.120062829886933
stream,183,,23.14034593263963,2.0244941123144846
stream,184,,22.3273600946673,2.0719281624699444
stream,185,,23.948501922229216,2.091091628033648
stream,186,,31.140210083270922,2.714311711586235
stream,187,,31.487505718246133,2.7437551098181103
stream,188,,29.519722946470974,2.7850116913854865
stream,189,,29.611417204738682,2.71904851802385
stream,190,,26.049851973912297,2.5821167539641046
stream,191,,30.665206078364598,2.6161262562820795
stream,192,,27.10889740940136,2.574512194457278
stream,193,,27.28556013850975,2.3225016370906064
stream,194,,29.82787680844233,2.35099613748455
stream,195,,29.358247329951297,2.4559411798450315
stream,196,,25.633923796400445,2.163361618893685
stream,197,,24.138577279942,1.7610285366529776
stream,198,,24.042943721447998,1.795908916698884
stream,199,,24.20497198367323,1.738771501058043
stream,200,,27.07606761591037,2.060789842848436
stream,201,,26.96639335318131,2.0751857218867427
stream,202,,27.023282172901272,2.073457256435321
stream,203,,27.507333812497198,2.1407256552708085
stream,204,,28.59747720875209,2.271709182341851
stream,205,,27.833343194053285,2.346222727196165
stream,206,,20.155754421236395,1.7439776950936978
stream,207,,24.184981415264172,1.9189121791856538
stream,208,,26.697193996190414,2.316564611787097
stream,209,,27.715687507614227,2.5810740438514985
stream,210,,28.047865962448974,2.7731916143112527
stream,211,,24.56849870036016,2.602459342384036
stream,212,,24.58826405392991,2.5615850179898776
stream,213,,26.345677753060777,2.686156637897371
stream,214,,24.298428341410922,2.8668077525748155
stream,215,,23.882579670848752,2.707122070615956
stream,216,,25.172842742903295,2.751264166509617
stream,217,,24.692598732224678,2.847383509682371
stream,218,,25.926211747420176,2.926154911191322
stream,219,,30.96049341759432,3.359864169505113
stream,220,,27.71108468515082,3.399743253355841
stream,221,,27.995946962172333,3.313843339646262
stream,222,,28.97541645203236,3.3915184917325973
stream,223,,28.64251674816349,3.320845061851311
stream,224,,28.29741688761213,3.1430658930864226
stream,225,,27.73638656297005,3.0752446596133765
stream,226,,29.646535684947352,3.3010931491014466
stream,227,,25.407257457770427,3.1886507459288804
stream,228,,23.377507278615926,2.805586209790701
stream,229,,22.59847538533219,2.628762317103489
stream,230,,23.06411440725718,2.428762335275642
stream,231,,23.889700730746355,2.433563829596154
stream,232,,23.803524888961654,2.449281621857594
stream,233,,21.700255506806847,2.339210676366314
stream,234,,22.374683200160298,2.150358516317854
stream,235,,22.40963607513346,2.184684930724922
stream,236,,21.288678285762764,2.1473130265676534
stream,237,,24.000403863071398,2.0967930638947156
stream,238,,26.255253671298966,2.4134125919114076
stream,239,,22.40132869163126,2.3556687233512132
stream,240,,22.099077059579866,2.0535794840612547
stream,241,,21.613964709934617,2.0517264063402205
stream,242,,21.250325915595322,1.9726647345282937
stream,243,,23.029542715813733,2.183441832502429
stream,244,,22.43141874523911,2.3545759463983233
stream,245,,30.700630618700867,2.68472767046743
stream,246,,33.238629100782475,3.453353386356759
stream,247,,35.5013912085114,3.8148626780326347
stream,248,,42.1936005138186,4.4219354329445135
stream,249,,41.8025555594266,4.617015988375986
stream,250,,41.94929601690881,4.6644290903297225
stream,251,,41.592104798592885,4.657231350256965
stream,252,,50.902980669214585,4.7052538004893325
stream,253,,50.68903820669875,5.013225106628879
stream,254,,49.273077384058304,4.996391932141636
stream,255,,49.30538226353364,4.953454897307007
stream,256,,49.17338912597173,4.937867559446275
stream,257,,49.43407190771097,5.028624245007018
stream,258,,46.639091796606564,4.852434283715905
stream,259,,47.318070841785,4.676551751411311
stream,260,,47.31818807890843,4.747498383088018
stream,261,,50.32521397282276,4.882061884671647
stream,262,,49.93988564967993,4.868257445059172
stream,263,,50.74350207191938,4.888889707072764
stream,264,,50.55947631903195,4.888889626712288
stream,265,,41.55836576410911,4.45382003822414
stream,266,,36.91405582141535,3.444398494034056
stream,267,,34.06689435947325,2.9078454433439984
stream,268,,26.789439535539728,2.220154159719013
stream,269,,26.797912997904337,1.9404765446442878
stream,270,,29.733620564308797,2.0216225299458612
stream,271,,31.548321680490666,2.5767864521218566
stream,272,,23.309309908747196,2.731380437789855
stream,273,,25.328726494646975,2.4074914220339254
stream,274,,27.528931947786134,2.7111165140413416
stream,275,,29.210775335428977,2.9653917154853255
stream,276,,29.227130850144444,3.003768346804175
stream,277,,26.19928700931596,2.849059125262547
stream,278,,28.85899659194216,2.596592013445247
stream,279,,26.465633556768275,2.608992061961839
stream,280,,29.678173357122652,2.708073896175591
stream,281,,26.663322285426347,2.672404738578524
stream,282,,26.210576089622396,2.6535455087749593
stream,283,,24.721061543876516,2.5234001210767376
stream,284,,24.835203603221743,2.49566210696478
stream,285,,24.641365998231308,2.455577286151072
stream,286,,27.41942575162946,2.5858529411517073
stream,287,,30.340511295905365,2.9646901536218775
stream,288,,30.3231517858849,3.0714699587566185
stream,289,,30.88276978897732,3.08312275821114
stream,290,,27.996804619034513,3.051208716385518
stream,291,,25.60481106588369,2.494267994225437
stream,292,,29.557802992904012,2.6093122348583933
stream,293,,29.21327439757168,3.0357825230880104
stream,294,,28.05939041244097,2.9183523239403484
stream,295,,26.755875127807204,2.7594434087720523
stream,296,,31.738670065360093,2.8196583759450613
stream,297,,31.622566020370996,3.0980834681881024
stream,298,,29.183734083378845,3.069146207577759
stream,299,,34.651998105063264,3.2787181556364278
stream,300,,31.628110140793666,3.3505273127251707
stream,301,,32.91469759010133,3.2634259829304915
stream,302,,40.71778921776064,3.8292944784190106
stream,303,,39.333907387079456,3.889616933954719
stream,304,,39.322367776711744,3.7985417016546585
stream,305,,39.26588958698806,3.8139398493095236
stream,306,,40.81046721040435,3.817784832320544
stream,307,,40.10094149557191,3.878112795465934
stream,308,,40.124236946030415,3.8621664639322058
stream,309,,44.92575552805878,3.9950288926660407
stream,310,,43.94311242995422,4.121860369832183
stream,311,,44.79636817605773,4.185522399049186
stream,312,,40.42067864572793,3.983706735435419
stream,313,,38.94472324233106,3.623279150692416
stream,314,,37.906687245274746,3.4342623857585926
stream,315,,37.694971065903545,3.326770940083651
stream,316,,35.33083192901939,3.3963513456491468
stream,317,,34.902541429802746,3.186820225916648
stream,318,,38.35951398876278,3.4498156721155895
stream,319,,33.19793207249894,3.076032028805563
stream,320,,37.266478624999,3.0817205868695625
stream,321,,36.340516141174746,3.3716269188430763
stream,322,,33.79488238051476,2.938636358494407
stream,323,,33.94086580231422,3.1216731154821087
stream,324,,35.640614296761335,3.0834132622356094
stream,325,,35.652498098451105,3.169368920745881
stream,326,,35.27858273801897,3.1787564555656664
stream,327,,33.07703023356764,2.8906277436941736
stream,328,,38.182065791843954,2.9791845134903903
stream,329,,34.28309719373127,3.2882033556809525
stream,330,,36.45330917281013,3.067278877136696
stream,331,,43.17938169412355,3.0964703745396585
stream,332,,43.27866457339583,3.040994267994156
stream,333,,46.462373970988246,3.211809427726737
stream,334,,46.48689040471878,3.4203166309265853
stream,335,,46.61917668060666,3.422434400909371
stream,336,,47.710927745122504,3.3222516438268594
stream,337,,49.00819417631086,3.592060014909546
stream,338,,49.16179816610888,3.3599580469271193
stream,339,,48.50947428995328,3.5192456542216712
stream,340,,45.01030545371864,3.2256230654085662
stream,341,,47.65080096160664,2.951258982112495
stream,342,,42.54776385614506,2.968516136117262
stream,343,,43.09239936219332,2.628875608833604
stream,344,,46.85961560569682,2.684886234886205
stream,345,,46.83268910953735,2.8293905170892084
stream,346,,42.978484179641775,2.6858823765246305
stream,347,,46.167970194209694,2.6991090923103216
stream,348,,44.38041011806572,2.971595117645821
stream,349,,45.03811082631622,2.5203310475889893
stream,350,,50.91171476742503,2.5797377067849894
stream,351,,42.662165303842315,2.6581579897465253
stream,352,,42.20948874183163,2.582071338421622
stream,353,,42.64469537952738,2.4045862816130774
stream,354,,43.411249434574714,2.2355526327995126
stream,355,,44.250156574506434,2.371792453071343
stream,356,,47.520815532174495,2.369938569125067
stream,357,,47.45186194262455,2.0976403926288536
stream,358,,42.747693573383124,2.100755418095695
stream,359,,42.68181823130036,1.875678446509771
stream,360,,43.938330408807495,1.934841884274893
stream,361,,41.980142496607456,1.916778434358372
stream,362,,43.77039652335803,1.7665397492707788
stream,363,,42.79360355515089,1.8275799488969167
stream,364,,37.463485548489096,1.7786698894361996
stream,365,,38.1998926615274,1.5273858662017068
stream,366,,38.40462976742067,1.6082183567783943
stream,367,,36.62286210993822,1.4567084456486876
stream,368,,33.42902077268259,1.024415721894013
stream,369,,36.03562549626146,1.1344947614135317
stream,370,,28.564295302451868,1.161120176269772
stream,371,,33.05091980388144,1.0626298754246082
stream,372,,32.68040357915544,1.190439942201116
stream,373,,28.856571053487343,1.1295081312685848
stream,374,,29.760457759185996,1.1330930670406365
stream,375,,33.90493702033697,1.0211184658445598
stream,376,,30.24240742194663,0.9622084599420182
stream,377,,28.961295088898268,0.9975438870850404
stream,378,,32.43772725279996,1.0914300859672617
stream,379,,32.440330430811066,1.1980789628031427
stream,380,,30.43231104698847,1.1293649043506635
stream,381,,29.726645547227143,1.1409171739190787
stream,382,,28.68179784400143,1.2350993933463028
stream,383,,28.83795633948083,1.1836096522885553
stream,384,,30.97627820226374,1.216801919020987
stream,385,,33.353999174360276,1.2172448703291587
stream,386,,33.171177132431794,1.1981981972514855
stream,387,,36.49160561726378,1.3996307717115217
stream,388,,37.04975984654356,1.4483393232060588
stream,389,,37.30297934492714,1.403847112897287
stream,390,,37.12788225307848,1.406012632786447
stream,391,,33.294092364008996,1.3368467740405061
stream,392,,34.20701072702099,1.1537953821271987
stream,393,,36.50518578413471,1.1670569682815244
stream,394,,37.27231013940965,1.1232233917162544
stream,395,,31.95314366691112,1.1718748130098786
stream,396,,29.90269563998483,1.1891207309467349
stream,397,,29.976066228597528,1.0917826637480519
stream,398,,29.219312223614114,1.017661104047223
stream,399,,30.39075849230204,0.921227298396817
stream,400,,30.320638190529632,0.9663227149761203
stream,401,,29.97333886612726,0.9463914419378939
stream,402,,29.894021544437198,0.8753296842460667
stream,403,,30.042912139362883,0.8590541547976627
stream,404,,27.426504542286178,0.8060844932214195
stream,405,,25.609243429432016,0.8440101675440064
stream,406,,26.993536915433985,0.77647861992376
stream,407,,22.256591072287392,0.630992248631494
stream,408,,21.92902123493159,0.5777022645293467
stream,409,,18.445863021628227,0.628201769640981
stream,410,,19.96728992697987,0.53637766342075
stream,411,,30.241361114960405,0.679678136564996
stream,412,,31.19828844755773,0.8206656629338
stream,413,,28.995964833972003,0.9001961194496425
stream,414,,27.753439550216637,0.9753344139809147
stream,415,,31.34695441748028,0.9194842974826523
stream,416,,34.77602402102325,0.8973938609064812
stream,417,,34.711374741111285,1.0235640561466146
stream,418,,31.99115906631546,0.9637092314583859
stream,419,,31.328089958509796,0.9762646649345071
stream,420,,32.37740493115905,0.9324977758077422
stream,421,,35.492384281234365,0.9476953605488744
stream,422,,34.71054845975632,1.0081132083040338
stream,423,,34.64067935922809,1.035969261131629
stream,424,,36.47626076132476,1.165025690758977
stream,425,,36.755254966236905,1.126802415978289
stream,426,,36.36035354314066,1.1283111591785364
stream,427,,36.36844386368077,1.0899020754995297
stream,428,,35.98921035265507,1.0751750835421376
stream,429,,34.76678467209505,0.9684715483521908
stream,430,,32.836324439733254,0.9757467171010422
stream,431,,21.56755472060457,0.8298580798729356
stream,432,,19.708709424241757,0.6892943969074814
stream,433,,20.13393760762091,0.615174637542716
stream,434,,19.510657062829864,0.6018861370527524
stream,435,,19.570180847203755,0.613719912605131
stream,436,,21.74320371753099,0.631860441260796
stream,437,,22.210236559180693,0.6517932809373808
stream,438,,22.75813509329289,0.7421433062128161
stream,439,,22.668848826655793,0.718723955553934
stream,440,,23.88239133534991,0.7434779549653684
stream,441,,21.50704314571214,0.7413394560118648
stream,442,,21.612958634295126,0.6579047419737822
stream,443,,21.52188886096562,0.6552743432273019
stream,444,,24.075733604865828,0.6200619584548037
stream,445,,22.499629997781543,0.794967276118351
stream,446,,22.480514210966792,0.8396751801895487
stream,447,,22.53190273487161,0.8302019695154752
stream,448,,22.59633319319736,0.8302019697696066
stream,449,,23.20913983321051,0.8593928819982025
stream,450,,23.64580423754048,0.8546092188574692
stream,451,,26.397328048338103,0.8871360985272151
stream,452,,26.42883742573489,1.0337220864243728
stream,453,,27.377462050700974,1.0580276138262315
stream,454,,30.52777100718621,1.0119018609616546
stream,455,,28.052175113178286,0.9932023299850801
stream,456,,21.174708597665198,1.0343940288360909
stream,457,,25.211895740055617,1.007907322547502
stream,458,,25.416493248594783,1.2387247730288826
stream,459,,27.213518681699725,1.2593209435662305
stream,460,,26.292993363104994,1.231348875149622
stream,461,,25.55532984036568,1.2613966239936534
stream,462,,26.499871680512022,1.295757602755195
stream,463,,27.681235833351344,1.2697568560443517
stream,464,,29.07039633025797,1.6361932132522845
stream,465,,31.23113417641932,1.48874021846331
stream,466,,31.814167806938137,1.7391380057642025
stream,467,,33.132574689987415,1.7209975061488312
stream,468,,37.06243831233818,1.7391035122880147
stream,469,,39.00974336932433,2.181751993703357
stream,470,,39.16802191143187,2.196466782763461
stream,471,,37.58586440135251,2.3071021632864075
stream,472,,44.66225523078783,2.245688592664801
stream,473,,43.388300972798056,2.4035585064959375
stream,474,,45.0018466632636,2.665880709897707
stream,475,,43.98172367222357,2.9253365073765356
stream,476,,50.609933731773445,3.0247086085928507
stream,477,,46.82558761437277,3.2976620919118473
stream,478,,46.10318654305883,2.990439627866879
stream,479,,44.00645051651625,2.976763984863447
stream,480,,43.103464340161786,2.9772051755174522
stream,481,,46.48957114958843,2.9736202801944436
stream,482,,47.28156480715666,3.291661731769233
stream,483,,45.944689336472806,3.360202044122879
stream,484,,44.56834857473849,3.038637621429086
stream,485,,43.67259504154856,3.049408533922979
stream,486,,45.15133139331055,3.039112333594824
stream,487,,43.85911688729328,3.114588740098197
stream,488,,41.19791806787099,3.1844303021027596
stream,489,,40.69096649279271,2.975994597177037
stream,490,,40.267750285586246,2.9866800343805076
stream,491,,40.51861828445213,2.9305656829871602
stream,492,,33.685406120599765,2.9488633258984764
stream,493,,38.72304539231703,2.8718981600531603
stream,494,,33.38713274690563,2.8285452935424082
stream,495,,36.298157165293915,2.63973728717753
stream,496,,33.435423973749884,2.9772469717375727
stream,497,,35.34347820524403,2.5757820002651233
stream,498,,36.508713154520265,2.827221822997691
stream,499,,38.0278891433267,2.8203082018162644
stream,500,,46.32222817641266,3.5039208199647875
stream,501,,43.57336146974236,3.9885061200258476
stream,502,,41.6669807436606,3.643578308914278
stream,503,,46.66893059916165,3.808964855318951
stream,504,,45.85121057766925,4.258047298604544
stream,505,,44.860214093564075,4.466607836469905
stream,506,,43.89111333067231,4.2036401940045645
stream,507,,43.95718668922659,4.253718219652887
stream,508,,43.70856461674799,4.182712221267439
stream,509,,43.48424716673437,4.113948159666137
stream,510,,43.778524203697934,4.253356267501509
stream,511,,42.41382404936627,4.193930734952264
stream,512,,46.56631340497331,4.211495392643579
stream,513,,42.2462015475036,4.418974249298032
stream,514,,42.257938562550954,4.235381873139648
stream,515,,42.70670074433722,4.262290492434415
stream,516,,41.274228840591235,4.180762584025424
stream,517,,39.00324340759394,4.346541442703632
stream,518,,37.9496216177312,4.082379783405088
stream,519,,38.82173292111072,4.226710044741305
stream,520,,32.1800961697775,3.881589074955886
stream,521,,32.01292903527249,3.3774131086244017
stream,522,,32.48526741317717,3.429828043637483
stream,523,,32.05779327318959,3.4558430150275514
stream,524,,30.049458781926347,3.300171281143525
stream,525,,30.08693597640464,3.0650351939214464
stream,526,,28.02354929025694,3.0411586228337093
stream,527,,31.222046412528847,2.9935391917391048
stream,528,,30.190048623730092,3.116769793986991
stream,529,,28.414343689618327,2.9257025584187404
stream,530,,28.996574961658215,2.7641484159455287
stream,531,,30.125634334627136,2.899621204293904
stream,532,,26.947196299825855,2.9649668065396173
stream,533,,26.222237528018315,2.708219521975848
stream,534,,26.66810266412123,2.716814185481427
stream,535,,23.402993089909312,2.6680630454495633
stream,536,,25.198349129989282,2.335880472250642
stream,537,,28.404111994908686,2.76443480667692
stream,538,,28.688646553877312,3.010133756600561
stream,539,,26.581764086131628,2.9235423562589533
stream,540,,25.827275261184905,2.6890640011268583
stream,541,,25.733179289689105,2.8060231478023585
stream,542,,25.49939342926595,2.743310118741595
stream,543,,26.978101041567214,2.794562951961504
stream,544,,25.561492492627018,2.672355640335189
stream,545,,26.000760975543077,2.7200375767865967
stream,546,,25.984567985454508,2.7771344949331707
stream,547,,24.375692592128228,2.79766919354539
stream,548,,26.278619436115296,2.927127800847737
stream,549,,26.07543439088646,3.0044256241247926
stream,550,,25.034701928935725,3.0044256235042766
stream,551,,24.46460636544157,2.8768338445474133
stream,552,,24.52147873567728,2.6914709554276603
stream,553,,24.5933295327413,2.71233578223005
stream,554,,25.532011247040536,2.7739862503740955
stream,555,,26.31875466715146,2.8786535354031657
stream,556,,22.157301534314204,2.855088563233804
stream,557,,18.5954200785594,2.2570269007617285
stream,558,,23.53842540636779,2.2116358815836326
stream,559,,27.19861236046271,2.834364961804659
stream,560,,25.968464504558,2.8153382715731836
stream,561,,28.228534767406476,2.72918129337743
stream,562,,29.52590350498411,3.024612451048474
stream,563,,28.768012040662107,3.159281958032256
stream,564,,28.61727764402447,3.0811303521578903
stream,565,,33.34896590065078,3.2278477509914945
stream,566,,35.568139097713335,3.765725018420706
stream,567,,35.85370051456864,3.939029647724666
stream,568,,33.897483606555404,3.7444281085827966
stream,569,,34.150354878199444,3.659778787943835
stream,570,,34.30901745226751,3.68953644486448
stream,571,,33.81689737747757,3.679025069277161
stream,572,,32.50260141843799,3.6866500459497438
stream,573,,32.77927613401927,3.612583457219572
stream,574,,31.396662187125756,3.538462686667618
stream,575,,30.346649733745448,3.375531362163413
stream,576,,30.309546590656776,3.3139628617921466
stream,577,,31.23142550368159,3.342121197694624
stream,578,,27.035071888344152,3.304853186705338
stream,579,,24.229468352030704,2.7788318253291795
stream,580,,24.14478567652204,2.7616702474535537
stream,581,,21.993873634048196,2.71484532509911
stream,582,,21.56340338338183,2.4210751565813577
stream,583,,17.039286622958898,1.9755224020755515
stream,584,,17.312675994341287,1.8195893617091685
stream,585,,13.33519098208653,1.7379698984624639
stream,586,,18.188571628416234,1.7059643827502131
stream,587,,16.48710585487245,1.842243125293758
stream,588,,19.447888884574027,1.9614161378346593
stream,589,,19.393490674952794,2.1638471817027267
stream,590,,19.286305288764705,2.1348352465297937
stream,591,,19.149624810018896,2.109609553675211
stream,592,,21.64789531141947,2.196168611043193
stream,593,,21.099695266318868,2.2842409790170914
stream,594,,22.30775712885047,2.2881166651620592
stream,595,,22.28020431234368,2.340319186759358
stream,596,,22.48160906608933,2.3471860538324885
stream,597,,24.165818854924943,2.463912916417463
stream,598,,25.170907396478768,2.616782250729562
stream,599,0.8117880984700814,24.655640205356814,2.637379429904267
stream,600,0.8105314020132518,24.819604781629288,2.6145247062358004
stream,601,0.810358243005474,24.382014997440194,2.6112182993527595
stream,602,0.8082630282310211,26.593039614923633,2.76881506845436
stream,603,0.8092625981263702,29.04003786242179,3.262203478542548
stream,604,0.8084680727076163,31.850398611116407,3.664623827060854
stream,605,0.8073437749575636,31.25834420789776,3.5621536025037086
stream,606,0.807565276955813,24.597462068329328,3.0920184087506692
stream,607,0.8072943789930623,24.31042350508631,2.707193063479488
stream,608,0.8064960338789892,21.531462374536222,2.515399253981047
stream,609,0.8057668645921952,21.380610656734888,2.3023815425615473
stream,610,0.8040708038446746,21.92451556025376,2.300141197959004
stream,611,0.803217096841701,22.840976995248433,2.415243645243356
stream,612,0.8033515361334747,20.460213058435468,2.3323248498548357
stream,613,0.8030464506511861,20.54423672367108,2.228939166757952
stream,614,0.8044744654046143,22.354183456319024,2.3287153391012207
stream,615,0.8056124995550011,22.352447381846712,2.395542386559694
stream,616,0.8052960119906257,22.50860458920832,2.3954111819898967
stream,617,0.8043793645084725,20.092546390474265,2.245923787650774
stream,618,0.8035250257216663,18.158594186633007,1.9289297977273272
stream,619,0.8034994507889387,20.085068103679852,1.9117807174756758
stream,620,0.8036530594658722,19.954493627005384,1.9651971807111233
stream,621,0.8037484067755091,20.016275021778153,1.9747319085085149
stream,622,0.8037346335772013,19.016748636286497,1.865605432083339
stream,623,0.8033163928316831,15.830187241875628,1.4620964703278805
stream,624,0.8026940877416442,12.724920408535835,0.9846720539902902
stream,625,0.8016449075580628,12.16479047751131,0.9734332666540705
stream,626,0.800590052839084,11.711926517761361,0.9061177549886579
stream,627,0.7997192230035686,11.999931046923681,0.9257171972622227
stream,628,0.7994015929773824,11.876696788063104,0.9492004472385288
stream,629,0.8002470629307796,16.922960961216663,1.0833209887376565
stream,630,0.8002621262118086,17.549714268815883,1.49424287755585
stream,631,0.7994529362317914,18.38929306495937,1.3804485652981136
stream,632,0.7982480603796211,18.760929734963163,1.50225176366673
stream,633,0.7964112034361664,19.076283522993233,1.5549373969686575
stream,634,0.7935942785190576,16.02626571078109,1.4058162499025706
stream,635,0.791397584301034,17.034442880276202,1.3252429402830246
stream,636,0.789337534458076,16.946078102326993,1.3267585994893194
stream,637,0.7876990007876984,17.088512042296244,1.375127715801535
stream,638,0.785607965667837,17.08176659588225,1.3754598580865272
stream,639,0.7858804093453221,17.122474093044747,1.419807546625043
stream,640,0.7879602785055616,18.985148244941417,1.3240802506264724
stream,641,0.787932369080913,21.186643249869405,1.6099766764401273
stream,642,0.7911757467205163,23.57401487661535,2.0522163715667974
stream,643,0.7933187072241836,24.14846700406393,2.2830337038177686
stream,644,0.7944964638127919,25.945287990743612,2.2907417201244322
stream,645,0.7960361316202448,25.60207875926811,2.346315983498732
stream,646,0.79940097866036,27.691454651938468,2.403264407982488
stream,647,0.8025926985876702,27.406352792756948,2.413048574887169
stream,648,0.805981336711589,27.755720345799723,2.394547975913143
stream,649,0.8080526627795798,22.908178935550755,2.3237918054578923
stream,650,0.8126929790229823,22.90445698025202,2.020534326699169
stream,651,0.8165827609199763,21.413394112111153,2.0291489549285537
stream,652,0.8198236530724355,21.799529545177524,1.9540606260525482
stream,653,0.8231041309580097,22.65636480870249,1.8946531105841407
stream,654,0.8261246415282485,22.752451296848296,1.9916252516688004
stream,655,0.8292379835082068,22.46274678017572,1.9519440463447815
stream,656,0.8317941115972676,22.6428321680874,2.033996073722161
stream,657,0.8334739091589766,22.488077045322765,1.9870110883635772
stream,658,0.8349744468212893,22.256179230687742,1.9994733191691243
stream,659,0.8371739735571564,20.9759979315696,1.8430732558678764
stream,660,0.8397448784292243,19.07601934416052,1.888914451954406
stream,661,0.8412326294838163,17.218508754543628,1.61932357414332
stream,662,0.8426679039055707,12.88032453308764,1.196470335696292
stream,663,0.8437349496691094,12.301234310764103,0.8800974143253851
stream,664,0.8446258710966823,10.913550826560996,0.87850530697473
stream,665,0.8453106755550434,10.949316141023006,0.8181557342879836
stream,666,0.8446019297655409,9.127402615829077,0.7382861882630528
stream,667,0.842636992354449,9.381072386160332,0.6832940142195012
stream,668,0.8400612494612849,9.368916659394232,0.6756122214699997
stream,669,0.8356144724017562,9.770663911447249,0.6133619698684687
stream,670,0.8300079188630183,10.669495083034175,0.5064845748890464
stream,671,0.8228114876342645,11.27018787665872,0.5055935399333503
stream,672,0.8207825124415281,13.85807894888449,0.7383089464918522
stream,673,0.819140034634979,13.05624375029704,0.7981033200554707
stream,674,0.8133152017021443,13.307799974731498,0.7590707681334226
stream,675,0.8052374173102567,14.873275497510601,0.7731334702703189
stream,676,0.8024387799892531,15.46067257815882,0.9085022956801689
stream,677,0.8013260091699665,19.296708335263034,0.948040519352699
stream,678,0.8028807731193305,19.32327307565746,1.0895541315416837
stream,679,0.8041854274329827,17.890638478627174,1.0445977306428338
stream,680,0.8063561228838576,18.065216136998146,0.9981319437580995
stream,681,0.8106324017549348,17.683649922935068,0.9714870356049586
stream,682,0.8121295766363732,18.816326842338274,0.9835894992797659
stream,683,0.8128975206068471,19.6444932060277,1.1466136228558688
stream,684,0.8139291002602912,19.658970363803085,1.1385718796705826
stream,685,0.814322960414127,19.921494367380554,1.178332459276272
stream,686,0.8139514497653267,19.573460702233287,1.1850596275031557
stream,687,0.8143118445939499,19.524537154527497,1.1965499190032347
stream,688,0.8141993461275362,19.227174156469886,1.2241632048250395
stream,689,0.8127129489257955,18.871037272635924,1.2609747509289517
stream,690,0.8118278906054293,16.890842884728535,1.2603051742349742
stream,691,0.8108269219780374,16.376130673770025,1.2512251010121944
stream,692,0.8087120582301423,13.701934299214267,1.0254727786773157
stream,693,0.8064794330673801,14.184246799001333,0.9659136944478679
stream,694,0.8039176417362837,13.767251237694229,0.9363492913045905
stream,695,0.8010741583333196,11.636906750223305,0.927088064260707
stream,696,0.7999258014026389,10.703049815966109,0.7014297007727487
stream,697,0.7998256289386312,7.832158978080132,0.6854774750489674
stream,698,0.7990927951368229,8.07254685397979,0.6245064711569279
stream,699,0.7983426572706206,8.340463291457603,0.6654772067257525
stream,700,0.7980932372776839,8.603734598259514,0.7143038601572336
stream,701,0.7974061621069233,8.577960690749908,0.7381389928553961
stream,702,0.7971936851949414,7.499922643274543,0.6598252109990905
stream,703,0.7967881294587443,6.64775181164302,0.5092164588934392
stream,704,0.7962050097338056,6.319513362820448,0.5099085212913722
stream,705,0.7959261604836777,6.008760370688036,0.46948530314764375
stream,706,0.7960316250366498,6.904203212465785,0.4790960143819665
stream,707,0.7960709714199234,6.8491433492540414,0.47483109826030784
stream,708,0.7963280130311738,6.769557105365328,0.4631234490921633
stream,709,0.7965865857290005,6.931585186096434,0.4357844518803715
stream,710,0.7972721901776324,9.710116796026757,0.6643339419852701
stream,711,0.7980533001671706,9.389978639524493,0.7344537912386023
stream,712,0.7987438412410292,9.745041386373106,0.7135264371366024
stream,713,0.7992526817713159,8.835872244202182,0.7353263750097737
stream,714,0.8001271171647814,10.49139470157364,0.7486971826679604
stream,715,0.8007995278627513,10.771398907327834,0.8647095718490505
stream,716,0.8019348670778513,11.508276412679114,0.9742921865335157
stream,717,0.8033477993850271,11.120280131214933,0.9486560295126775
stream,718,0.8047115653879456,11.310434519732969,0.8561148563377761
stream,719,0.8058963710889033,11.088096859604327,0.8151924654727492
stream,720,0.8067507890004793,12.659845895981253,0.8344933455105346
stream,721,0.8078404223165433,12.821431232082002,0.9543050175206124
stream,722,0.8092727373689624,12.87903656820136,0.9495105827685391
stream,723,0.8107310405267323,13.106765890940885,0.9377198172963019
stream,724,0.8117141141824585,14.322777634302431,1.0341946870232972
stream,725,0.8129493549434234,14.330624750647893,1.0709568818338009
stream,726,0.8148184717198595,13.656970112482426,1.0622372248831422
stream,727,0.8174055918439629,13.594684699751276,1.0549842240121987
stream,728,0.8201634459900045,14.479772893342139,1.0539028749835235
stream,729,0.8235205298152714,14.693887706224519,1.0435220973932073
stream,730,0.8271224865371477,11.827331874578821,0.8431309073631658
stream,731,0.8323434542044015,12.167860737389853,0.7744435281236569
stream,732,0.8368208658926923,11.998824307621389,0.8328803190401018
stream,733,0.8412596306126258,13.805671457540843,0.8216415320348158
stream,734,0.8463796236955555,12.330396553491166,0.885271116800735
stream,735,0.8511177662972558,12.079437593671225,0.7919742947342454
stream,736,0.8553912787252622,11.701919252871896,0.6859905618627106
stream,737,0.8594340073518271,11.134031956823582,0.7243948571670252
stream,738,0.8626922068135043,10.707022187271473,0.7466313300911769
stream,739,0.8654752286553079,11.747824803170522,0.7973163778044483
stream,740,0.8678836595835469,9.999542093574139,0.7361805522579474
stream,741,0.8699842442380357,11.252849121632735,0.6019751875781826
stream,742,0.8712892967930324,10.813339284709425,0.6369942016503242
stream,743,0.8710589076387801,11.45968945722911,0.6476586472677853
stream,744,0.8699703469981952,11.07627491128515,0.5497045824827446
stream,745,0.8679313962302347,11.26438009317071,0.6005153773381154
stream,746,0.8645432118029044,11.856305716400795,0.6393139510875819
stream,747,0.8602534495017905,11.8893923125887,0.6549289399444792
stream,748,0.8548175173244927,13.12167142236656,0.6754430924318704
stream,749,0.851673144535541,12.50941628495681,0.8390642459781825
stream,750,0.849193313411807,12.774788406229241,0.8359361533621532
stream,751,0.8469766757087523,13.257350057107121,0.8351679535458559
stream,752,0.8453323249484623,13.63305054492287,0.7312204100992454
stream,753,0.8459909349984241,11.803417056996127,0.7640246121523752
stream,754,0.8466421203038466,11.781915643114253,0.6610452760542178
stream,755,0.8471305615822491,11.65652719329037,0.646219359538665
stream,756,0.8476049639846589,11.271263937869593,0.643445838922905
stream,757,0.8482488313757087,11.15381954976062,0.6095677392052249
stream,758,0.8486891980888899,12.169501081373173,0.6441358313540196
stream,759,0.8504688225246505,12.643098580161414,0.8141089408380087
stream,760,0.850966354062162,13.564491506858186,0.9817063177979803
stream,761,0.8521826505636465,13.72885817396092,1.2099082208639973
stream,762,0.8526995643679638,13.714894966947833,1.2070008643093744
stream,763,0.8539272850207981,13.420299479068362,1.2246121892477988
stream,764,0.8548414848946094,13.527166605784915,1.3518409252716315
stream,765,0.855288853979959,15.389660314077378,1.2688148284959102
stream,766,0.8551888483501294,15.304845587846174,1.4174965848209458
stream,767,0.8555595921221812,15.986544893089341,1.5355897642094885
stream,768,0.8562669996135809,13.869251465099035,1.5372489692589382
stream,769,0.8569523653440198,14.750328968770244,1.4222891842519387
stream,770,0.8581976684262641,14.431415734972258,1.4254173521133662
stream,771,0.8586612932308882,13.890370258564534,1.437625718318772
stream,772,0.8586809970228267,12.547630242494229,1.4486553686922314
stream,773,0.8583734235599054,14.736143639127274,1.5006662186843729
stream,774,0.8579270857736313,14.919292506627466,1.6277295235691644
stream,775,0.8571671363986546,15.32219577445017,1.6660149662543404
stream,776,0.8572337536411427,15.255872713080514,1.6706655084053255
stream,777,0.8575174263490878,15.347396493671978,1.6712901418102686
stream,778,0.8583147668611608,15.655315664919758,1.7152018732173895
stream,779,0.8597209814942619,14.50788922654969,1.6212742536332816
stream,780,0.8611139511658059,13.325252269924924,1.4558357587859287
stream,781,0.8623529227665013,11.720082925028395,1.2177772494540728
stream,782,0.8635637444102463,11.778074619858803,1.1939636310729285
stream,783,0.8650075809137504,12.002028755707885,1.1720549487721983
stream,784,0.8661726101783096,11.494164716728722,1.1250018420107586
stream,785,0.8671810587189859,9.608214427014465,1.1723949140307117
stream,786,0.8683754667657323,8.922444442440836,0.9752807485938984
stream,787,0.8690652637008185,11.112377137360468,0.9485952492413005
stream,788,0.8692562370643436,12.491364695479879,0.9224770991835349
stream,789,0.8688959640784706,11.88928061244712,1.01690319700799
stream,790,0.8678039492669789,11.90988022308456,0.988744808355515
stream,791,0.8655176805163766,13.00075913856825,1.0606293223030558
stream,792,0.8623319938974859,16.359509424128618,1.0572658853867516
stream,793,0.8587190100320317,14.168449816040626,1.0955701543154115
stream,794,0.8544774606207436,17.761826245128873,1.0832236278243565
stream,795,0.8512724509891795,18.562269197414718,1.062954587061537
stream,796,0.8460852604552275,20.43345415703808,1.36877184825357
stream,797,0.8428478147991298,21.258281386194398,1.5502036192601494
stream,798,0.8383559606687141,20.02581365968044,1.5101683622543058
stream,799,0.836120182223661,23.142303091124084,1.5301678326373747
stream,800,0.8328382459850954,23.284656103609933,1.6804859218674235
stream,801,0.8310608892946517,23.361041833756605,1.6802644401968807
stream,802,0.828914200230783,23.28392042080531,1.6726497781822898
stream,803,0.8280620739018366,22.641432588001063,1.6709884504949064
stream,804,0.8296128530388125,22.552746188781676,1.5915999538926267
stream,805,0.8316273664668582,22.475073309649627,1.5390353824346932
stream,806,0.8343148632513899,22.49927188340983,1.553695385656916
stream,807,0.8346715854428355,21.83522261525157,1.5080197385322773
stream,808,0.8360734767839871,21.185437645135863,1.6955000686067796
stream,809,0.8356322339924993,22.290960479763072,1.7417215858719122
stream,810,0.8349571388811179,22.311473613556036,1.8026163153160935
stream,811,0.8368205243192566,22.04035578915028,1.7490849915750994
stream,812,0.8391364804364527,18.84235986203272,1.7645964050279668
stream,813,0.8412061144142917,18.86813555557949,1.6465032965505242
stream,814,0.8425703086835805,15.582246699161747,1.5480643043998423
stream,815,0.8432975279522026,14.386774103769381,1.5214883792774936
stream,816,0.8422961390851799,17.047646207844373,1.3571912317398456
stream,817,0.840219520521152,16.894655007067616,1.216182677830984
stream,818,0.8385441070624834,16.892161984883906,1.1568857540754
stream,819,0.836607081727958,13.55772256669306,1.0103894291631532
stream,820,0.8338141437151525,13.635310529711887,0.8465623775444183
stream,821,0.8326894928845721,14.082443669061476,0.8886969213354526
stream,822,0.8319275424601349,14.206567176395948,0.9433016035902854
stream,823,0.8315407177022671,14.37407511732253,0.9346648158897467
stream,824,0.8326596736165878,13.978270395309426,0.9371977402019411
stream,825,0.8338588129028179,14.244648510985341,0.940701380089316
stream,826,0.8357267860983792,14.206698634583647,0.9409016900183498
stream,827,0.8371167928396647,14.005136997889188,0.9391413287471023
stream,828,0.8366688665295484,14.190810904634303,0.9462711861920222
stream,829,0.8355711550772814,13.50322104322923,0.7564587025845413
stream,830,0.8351586439730294,14.343501610486744,0.8245841428487655
stream,831,0.8336721668332409,16.961348580823184,1.098976624860236
stream,832,0.8327809202790551,17.082140405477876,1.2780482783644886
stream,833,0.8322085070608407,17.599542908178606,1.2633882578116213
stream,834,0.8311275920109458,16.949623829743814,1.2659697141251862
stream,835,0.8295855535188675,16.907959115461402,1.2593727927677505
stream,836,0.828186458212148,13.019615359445696,1.1476321802826948
stream,837,0.8258238822043502,12.341938674866109,1.153050036794445
stream,838,0.8241259560328118,12.219490482133777,1.1562680795962108
stream,839,0.8227601425459691,13.53882665090858,1.2261060098242689
stream,840,0.8213545045100311,13.437566879198865,1.3324428608197505
stream,841,0.8201023333580311,14.798600303030556,1.4184926169486767
stream,842,0.8186197888695163,15.13647365524422,1.387723101520751
stream,843,0.8162251555715023,16.556097056367456,1.5366567250093879
stream,844,0.814797972669504,20.322494867061643,1.9502635262667962
stream,845,0.8127670469127,20.500235867475332,2.2065354300960913
stream,846,0.8115712357224779,20.81626375985806,2.191135320135048
stream,847,0.810021643485432,18.72110636248643,2.1574403865797738
stream,848,0.808585924188504,19.216826290600462,2.0248951442238514
stream,849,0.8088471129385865,20.626376454398887,2.294655588037958
stream,850,0.8083970834766027,21.799790529801356,2.452282626867391
stream,851,0.808725558577237,18.07525555761125,2.2392539593665393
stream,852,0.8102970581534942,17.82583042720325,2.0373074171635834
stream,853,0.8106186509633396,17.32012871978517,2.0361309688171763
stream,854,0.8118850740568975,19.32174335121645,2.060690051296171
stream,855,0.8126101062730429,19.741142322499456,2.078199513338136
stream,856,0.8127597388132101,20.718250887347274,2.1967085655042564
stream,857,0.8145406191956271,21.078431146708883,2.296484838124311
stream,858,0.8151083665197805,21.342491932758225,2.3462364468051238
stream,859,0.8164981332583836,20.37606683059299,2.275666634922842
stream,860,0.8158895858287977,24.72559771631333,2.234917459603126
stream,861,0.8167989563790732,24.051767942804766,2.459147311634208
stream,862,0.8180100041514323,23.753314330180682,2.533019007122037
stream,863,0.8184557443544488,22.98432179552102,2.3943834763513854
stream,864,0.8187217228414436,19.228915798313782,1.9965972336452704
stream,865,0.8191476518094066,18.794531942531904,1.7320047687308877
stream,866,0.8195109386788063,19.021294830544008,1.7771636102816166
stream,867,0.818820366972194,22.508655674749328,2.0479226236654013
stream,868,0.8178879786121906,22.38089008947451,2.0011606088776217
stream,869,0.8174284829073168,21.166941668615046,1.734500508989065
stream,870,0.8170591893403949,19.329849060199965,1.5204699617940374
stream,871,0.8183560754817321,22.428593337154222,1.6094157168871912
stream,872,0.8204215250117208,22.499824716384847,1.6848524987597204
stream,873,0.8228340288248626,22.551121724169402,1.6977386006642499
stream,874,0.8252513283339782,22.320560021876975,1.683703609099236
stream,875,0.8287416547421135,22.937857058273245,1.8737895185604052
stream,876,0.831322517669002,22.76181274363412,1.892032875604205
stream,877,0.8354467375965458,23.42421599585559,1.9347694044876262
stream,878,0.8386167353322527,23.40033818328734,1.972956808183111
stream,879,0.8413885289198562,23.111669818966963,1.972520758984067
stream,880,0.8445772983013436,18.864311253945868,1.9415160503383044
stream,881,0.847519224313992,17.679357115349355,1.6074293828932693
stream,882,0.8494604240837621,19.21404587792008,1.562660260819321
stream,883,0.8507500126786398,18.62202437810972,1.5753926990825757
stream,884,0.8528591816998599,18.731028508890386,1.5924873516082898
stream,885,0.8537737194042573,19.305435844080172,1.6441291795053836
stream,886,0.8525348915049319,22.57019856891833,1.6499062115701566
stream,887,0.8492538813722527,23.88933835037739,1.357298735699321
stream,888,0.8466282982335234,22.64508856915846,1.578060920410884
stream,889,0.8437341557875025,22.19656983759192,1.6325609912212722
stream,890,0.8415476316366561,22.01849321531624,1.5999117532370979
stream,891,0.839999747797274,18.892188337450108,1.422395379404936
stream,892,0.8380084646392467,21.17840752373868,1.4297710412992348
stream,893,0.8368876865847796,21.550271436704016,1.5846567688048039
stream,894,0.833893534356245,23.55326930764141,1.8074329760525685
stream,895,0.8323163382893931,22.998244699113823,1.8670685651687478
stream,896,0.8310094648569145,23.298832542350937,1.8599056778789924
stream,897,0.8315350584676546,22.296711599923093,1.8001092159125125
stream,898,0.8324549926686389,26.424123031918963,1.9289721876583352
stream,899,0.8337087336615152,26.483823898335224,2.180249304475332
stream,900,0.8358046402906015,27.870459719342424,2.264258611225791
stream,901,0.8409817057964444,2918.935182765089,263.6252190192633
stream,902,0.8443559426914465,18688.071687489486,328.4907299439353
stream,903,0.8464072634565164,35840.05468579288,329.48095117985554
stream,904,0.8498655625785866,39574.71261147167,505.80296071737826
stream,905,0.8522722440025683,39649.554979246976,605.8259931516549
stream,906,0.8491731460543339,39815.213565952494,606.4607462226511
stream,907,0.8428749433335948,39810.51681353593,612.9939079582036
stream,908,0.8384304317303681,39817.11455024903,612.9226926118879
stream,909,0.8311493918564672,39819.86526678926,613.656257494278
stream,910,0.8184502930357943,39830.16643151434,613.6681127022474
stream,911,0.809824991459699,39832.609238643156,614.6533260116736
stream,912,0.8038217217757399,39830.604573485776,614.6528702476725
stream,913,0.8053512563171714,39832.94652066062,614.5427905440215
stream,914,0.7994080082687075,39847.201224895754,615.5326861927915
stream,915,0.7955945532707526,39846.6986504902,615.9015770052163
stream,916,0.7801953352757341,39878.33814742639,616.8781914961776
stream,917,0.7837625510472194,39912.83561676304,621.6961454893121
stream,918,0.7899661075293078,39908.57214271551,622.943684325499
stream,919,0.79793123373858,39908.25410334374,622.6925456532091
stream,920,0.8094834771672705,39909.054464000954,622.6445231375384
stream,921,0.8150360664582388,37028.798815812595,362.1037468540046
stream,922,0.7980887424740217,21424.387081750978,300.75136537209505
stream,923,0.799649847717347,4358.325552665777,317.5364443479753
stream,924,0.8037396654636785,626.6658328463211,143.37665222439372
stream,925,0.8131492304418833,564.1863784388131,43.43023148756809
stream,926,0.821363127434714,394.7300692902745,43.18302447894356
stream,927,0.8290450981357097,399.7619888634936,36.79321559569485
stream,928,0.8297903806210993,416.1302157075561,38.43360242496126
stream,929,0.827526153488783,418.1680210248839,37.87294177916976
stream,930,0.8314302657351126,120392.3699191268,342.64406540794215
stream,931,0.8086434219109032,120389.946102534,470.6966171664733
stream,932,0.7465981864909442,120412.63161345017,488.6353358970234
stream,933,0.6903299746833159,120413.69181548902,490.2666524976844
stream,934,0.6670720476123101,120591.72727842336,494.2841122638828
stream,935,0.6511037432087196,120600.45201143285,498.05101775414477
stream,936,0.6453651925360467,120625.27586463948,497.7164007419637
stream,937,0.6299371027094307,120637.12184602155,500.3203767316917
stream,938,0.6192465434022272,120642.96604775105,501.8638286985712
stream,939,0.6139089415351143,120646.93201744602,501.86744636083296
stream,940,0.6140498176088381,120645.00034957872,501.85210151332774
stream,941,0.6280677436188493,120640.0296954984,501.0609277842168
stream,942,0.6472507788326559,120473.75299452359,497.6810281265482
stream,943,0.6776400851829664,120388.66123461882,479.96895545372325
stream,944,0.7092395821335636,120385.52555167692,477.83426771768893
stream,945,0.7351437053052826,120372.60729215213,477.7075868581394
stream,946,0.7516788767114755,120372.99919764744,477.27073989711
stream,947,0.7639405027127083,120367.82714514129,477.13137362462805
stream,948,0.7728141183101735,120345.48251989165,475.35195129687304
stream,949,0.7728557752481566,120346.04323279914,475.51642795653225
stream,950,0.769922868624796,362.0312504058121,171.05515774534817
stream,951,0.7640192577447159,362.37322538354454,42.07234262451872
stream,952,0.7571013271524241,339.29270333964837,24.07032704275055
stream,953,0.7490738071453069,336.7294166225269,22.425264278413955
stream,954,0.7410190269046657,140.96759230577845,17.279920491049175
stream,955,0.732793454298616,132.55611650614128,12.920889317322043
stream,956,0.7244965164299922,74.3420051391058,12.124843375191821
stream,957,0.7165548573647665,28.51357722419793,4.607609404458433
stream,958,0.7099699651083199,24.120801189782284,1.769324051241635
stream,959,0.7037118599210478,20.154648330404928,1.8114102037395996
stream,960,0.6979618200169336,19.682872505179663,1.756972425795192
stream,961,0.6933770875181083,14.018853675897322,1.711906173708386
stream,962,0.6889905235670213,13.901172787925413,1.5509597053315207
stream,963,0.6841012890056201,12.683884153734601,1.4635094592626474
stream,964,0.6770558289540698,13.842379116039265,1.4505685831210375
stream,965,0.6711900349614536,15.939513970073289,1.6796614014812579
stream,966,0.6666559802811651,15.570859187071173,1.7869862086024033
stream,967,0.6628665442393461,15.532765182789639,1.7787348876344604
stream,968,0.6555349773894504,16.78417197918189,1.7857248396869767
stream,969,0.6543300216422742,13.937046734193116,1.7176409943757402
stream,970,0.6542386138475382,13.409297223194237,1.457201294043862
stream,971,0.6564227165280598,13.292038909614268,1.3985695970996581
stream,972,0.658622756379135,13.379554397708802,1.3998032030766112
stream,973,0.663475672808809,13.207858616225595,1.4178194126542802
stream,974,0.6633457345800697,16.970323683443084,1.6665493644880571
stream,975,0.6655133266143375,17.310025743697928,1.8906060963658007
stream,976,0.6654916123091428,17.61679077797922,1.9526710407521637
stream,977,0.6670556173267513,17.402284466839813,1.959840791088016
stream,978,0.6668119725424317,16.441137175189226,1.8485973738856911
stream,979,0.6638831793916112,17.076867117054746,1.8030233313542452
stream,980,0.661627227360346,17.30332250805287,1.8495300401963115
stream,981,0.6585723207114933,17.91786969679475,1.9201336324805227
stream,982,0.6576481591460835,18.86882680537498,2.0193546230871124
stream,983,0.6562099149642379,20.016002753265916,2.194102711460846
stream,984,0.6566219537046617,20.092025327661467,2.3149109537224537
stream,985,0.6567649733553135,18.596807313690643,2.2556802054995626
stream,986,0.6576418249014884,19.291009867392855,2.242199438972351
stream,987,0.6581978582326682,19.66604774751407,2.3298987872249985
stream,988,0.6587535311233546,17.760405218405808,2.308333303987639
stream,989,0.6606025626324026,15.280216980867912,1.9973808816789875
stream,990,0.660761628890163,16.523208480161067,2.0620202810923036
stream,991,0.6601296723156764,17.014216941484747,2.0620202808293273
stream,992,0.6598848584955844,16.937879307459077,2.0635267935741384
stream,993,0.6593215107965924,15.890039485244747,2.012374900075503
stream,994,0.65854413122208,14.891794085089407,1.7702877302572395
stream,995,0.6571486354594538,14.507510970267992,1.7019198400789395
stream,996,0.6552679798021649,14.424588918585382,1.656588684395099
stream,997,0.6536608497862318,14.179139075471939,1.6474178211097665
stream,998,0.653313239707248,14.184120614047291,1.591915439018912
stream,999,0.6530172128377592,13.548099964843084,1.6124643983671951
stream,1000,0.6526460633416156,13.294923329855287,1.5647276010889057
stream,1001,0.6517790809921872,12.472861634656214,1.491805645907724
stream,1002,0.6503247577589376,12.027481663209885,1.3735938408252673
stream,1003,0.6497495452804504,11.000119770715084,1.2459344408906678
stream,1004,0.6498542767965474,9.855246610187082,1.0750340100521416
stream,1005,0.6482994726040214,9.53985395162628,0.93893767633271
stream,1006,0.6478022862544586,9.392562640714997,0.9331252500116424
stream,1007,0.645892491335629,10.197040937693501,0.967436903403378
stream,1008,0.6452236135892907,10.49648455930393,1.0410131961451012
stream,1009,0.6443229240003391,9.983332531553904,1.0619049071077726
stream,1010,0.6435653138922025,8.732639272215145,0.9032460502261094
stream,1011,0.6451895890952187,8.155729658778315,0.9081045414495966
stream,1012,0.64702560244231,8.316696443399458,0.9055853991355708
stream,1013,0.649310860140352,8.358610042806093,0.9206327901734805
stream,1014,0.6523167940469452,5.37280106068472,0.7961493065330542
stream,1015,0.6568426696305563,7.537578529467055,0.6584186267797272
stream,1016,0.6596941991372427,8.185790271962151,0.8409942648431115
stream,1017,0.6601712256050838,9.536525822920943,0.8070824647563353
stream,1018,0.6599368983360108,10.476941420935692,1.0544543953833758
stream,1019,0.6578902407861495,10.55367432148298,1.12185293890577
stream,1020,0.6545078327351298,11.554618772096333,1.135804857070566
stream,1021,0.6509992937850009,11.924977948047697,1.2341950319842199
stream,1022,0.6470785888962064,12.338195368635246,1.2355794882167148
stream,1023,0.6432612205479008,15.46446701838019,1.4859773193177972
stream,1024,0.639501934082365,15.951726481579344,1.7146927777857592
stream,1025,0.6348673913841597,15.768674930773194,1.6849132821894677
stream,1026,0.6304873127407865,15.750800859184617,1.6442188557040442
stream,1027,0.6270828867584307,14.600019974824347,1.5427503814485986
stream,1028,0.6244046017823268,15.007258056042659,1.4907395719442347
stream,1029,0.6215056147294415,15.814857426361659,1.4556105448005603
stream,1030,0.620165862813607,17.44814339287846,1.614925512034418
stream,1031,0.6186873554538954,17.486575723294603,1.739645325287269
stream,1032,0.6172540919566817,17.37133969704827,1.7212918634860879
stream,1033,0.6172194296532783,17.31097911052656,1.700292385873655
stream,1034,0.6191170785187727,17.42640985746187,1.699627956260718
stream,1035,0.6199854189396462,16.25270369113468,1.7314996375192147
stream,1036,0.6220998776055505,16.329671532769314,1.6792279615871994
stream,1037,0.6248331398771975,14.769480831258278,1.708296939535136
stream,1038,0.6301651194879206,14.75576314006174,1.4847386640062645
stream,1039,0.6337800463040923,15.028757153155656,1.5120210801717913
stream,1040,0.6384104640510675,14.403943522126404,1.549695367293325
stream,1041,0.6409533844017555,15.33842785726695,1.5609484189218124
stream,1042,0.6421482300244268,14.847345668126085,1.5603096661524662
stream,1043,0.6430470933851624,11.737756422756181,1.2657660960261299
stream,1044,0.6431620778402797,11.279998669321813,1.0488155651729667
stream,1045,0.6440288505971773,12.291806827432806,1.0593626048906706
stream,1046,0.6452987779028542,12.241908558402368,1.0180051220283324
stream,1047,0.6453000222957881,12.584663275542527,1.070337813060108
stream,1048,0.644814898866064,11.863204212338696,1.032213002320533
stream,1049,0.6439688665316912,10.919649827464118,1.0322129933021102
stream,1050,0.6434208182161915,9.736847999955781,0.879721349990462
stream,1051,0.642582204642968,9.547431088953498,0.7762481950107449
stream,1052,0.6415135428103227,10.231323430972374,0.7920276359533626
stream,1053,0.6399332232291786,10.985978334283148,0.7875587603145437
stream,1054,0.638242646527002,10.847059573013578,0.7977060690960629
stream,1055,0.6373737413509992,10.510816554526855,0.7460266620649846
stream,1056,0.6367914980257124,9.573635870172955,0.6140363042458234
stream,1057,0.6365389728808781,10.188667739678134,0.5923325746262443
stream,1058,0.6360243128085659,8.699579043660805,0.6038821080288964
stream,1059,0.6357869727022305,12.120026511244571,0.5867740863809087
stream,1060,0.6359486993574571,11.842985822176056,0.7220056039286225
stream,1061,0.6360952940440167,10.73670112214975,0.6124091141469505
stream,1062,0.6353680692150547,11.892721671623796,0.6243264560836207
stream,1063,0.6345729940726212,12.81329185159366,0.8226186799946564
stream,1064,0.6344420203226528,12.671987462639697,0.8518670195369404
stream,1065,0.6346936640537394,12.025044638068819,0.8776401953153774
stream,1066,0.6330905881679924,13.965280711372444,1.0524402660979124
stream,1067,0.6315413907410264,14.117040790907186,1.1732913200563522
stream,1068,0.6299233273647581,14.111121908015136,1.192522044256048
stream,1069,0.6283949655393497,14.115537794003183,1.1948837632809541
stream,1070,0.6269416805099336,13.66518192428349,1.1755753388430175
stream,1071,0.623649573949536,15.08585116894085,1.1959768613294186
stream,1072,0.6215536413239612,14.498695288584285,1.2857470800824462
stream,1073,0.6209028225502352,14.478597399362913,1.2970971393078576
stream,1074,0.6173938934819433,16.753854305421335,1.5093105195107235
stream,1075,0.6155110684765969,16.86691566126782,1.6994037558261694
stream,1076,0.6145217973658961,16.854133251899643,1.7088153084432205
stream,1077,0.6141792627880063,16.473131186344645,1.7145737089345536
stream,1078,0.6146860568491967,16.540926948048234,1.7014791245145802
stream,1079,0.6156307901667145,12.881396109665552,1.630417334785894
stream,1080,0.6153195375999171,12.878310692526027,1.4545892826546458
stream,1081,0.6158230073817924,12.786064125249384,1.4715451617551416
stream,1082,0.613878669562955,12.636482815958335,1.52531859282352
stream,1083,0.6118296783273176,11.628298374369614,1.40395028456087
stream,1084,0.6098453546664969,12.362398954971269,1.3776522891162155
stream,1085,0.608118688185779,11.773635063659292,1.3541698705869576
stream,1086,0.6057068946121908,9.361545786606777,1.1759766670734435
stream,1087,0.6023920459193646,8.921946212368832,0.9822642057090868
stream,1088,0.6002372403054367,9.261302834901633,1.0030009059790448
stream,1089,0.596302236113618,9.513016399698799,1.0446352836338213
stream,1090,0.5919553404203646,9.5889920832715,1.0777717749531088
stream,1091,0.5867782042089035,8.811893606952797,1.0740346251077815
stream,1092,0.5795335719757183,8.698244894400833,1.0056235111667633
stream,1093,0.5729525427297467,7.93695794571076,0.9993738547492229
stream,1094,0.5666360714511408,5.615594096653194,0.7801846670225526
stream,1095,0.5609583427171825,4.590094534488094,0.5460918272335674
stream,1096,0.5569552948419073,4.58284486101078,0.5109143153341038
stream,1097,0.5552255936445217,5.112660906049783,0.5253214999391931
stream,1098,0.5543916191770192,5.039745071815884,0.5284496678656284
stream,1099,0.5534193212429239,5.205420857190939,0.501417178804905
stream,1100,0.5528846135805681,5.1313802495523495,0.5135651349825775
stream,1101,0.5527712404865576,5.164527298368014,0.5033449349180599
stream,1102,0.5538566625644582,3.8526016386689217,0.430465419370166
stream,1103,0.5550834171831405,3.8187387827387616,0.35461419277950723
stream,1104,0.5563612556281974,3.090685913560423,0.3392015674490486
stream,1105,0.5578940067207686,3.4216020199226507,0.3481556720514875
stream,1106,0.5596173156078346,4.598020333153025,0.44490116040896166
stream,1107,0.561167770375007,4.5109670313826635,0.5001285765586775
stream,1108,0.5622736382794847,4.5705448217061795,0.47803717474650376
stream,1109,0.5645641117830676,4.3866908797071975,0.47585618674322777
stream,1110,0.5668602017022806,4.424432172262612,0.442719692120241
stream,1111,0.5673883875024481,4.122629809528974,0.4234941397042779
stream,1112,0.5662350821136545,4.4526626474307545,0.3860183216476468
stream,1113,0.5678894758735066,8.57735534494753,0.6188086937796361
stream,1114,0.5684420450408444,9.33770061373517,0.8947009731517972
stream,1115,0.5684612558362198,9.54377549465926,0.9724190667425603
stream,1116,0.568242762844055,9.551013432526513,0.9771855608110129
stream,1117,0.5676776968143717,8.761755019394124,0.9469419096560624
stream,1118,0.5661139682575109,9.441341169588014,0.9380142415510898
stream,1119,0.5648549077383018,9.19171907659224,0.9711231122029866
stream,1120,0.5635201800171676,9.182853231155168,0.9481115502599662
stream,1121,0.561849695577858,9.334867129043408,0.9505940596675314
stream,1122,0.5598098965760178,9.430859187816436,0.951057725991063
stream,1123,0.5592073515475149,10.714431638370232,1.0622443134616477
stream,1124,0.558718919465805,10.703544437216687,1.113392942229981
stream,1125,0.5586749627404703,10.48359086504638,1.0988178874117969
stream,1126,0.558458743676418,9.498194707097941,1.0101003314198351
stream,1127,0.5584714129714345,9.505818381727675,0.9623335811703947
stream,1128,0.5583759872423444,9.323509818395388,0.9438260613738818
stream,1129,0.5586232193588329,9.307360591088525,0.9195204504020638
stream,1130,0.5591818541653518,9.538203506993133,0.9229116576946114
stream,1131,0.559242950337341,9.568644130609798,0.9517656313388725
stream,1132,0.558990788635643,9.310329607283983,0.9584009605175225
stream,1133,0.5582279338185635,5.1745792547773375,0.7201208712418857
stream,1134,0.5577347949605606,4.725175388314918,0.46559809014550513
stream,1135,0.5565142299178208,5.051364336943784,0.44562576214074995
stream,1136,0.5557700644203187,6.213354065324717,0.5652868312874704
stream,1137,0.5548370393106355,7.4523381492016565,0.7129044276626606
stream,1138,0.5537330857471838,6.7548261713208495,0.7336411306954211
stream,1139,0.5524374318632982,6.728758915886457,0.7020826046891724
stream,1140,0.5512374894359737,6.990769993360551,0.7189260639745032
stream,1141,0.5500515785108028,6.711767043652739,0.7304783449900715
stream,1142,0.5488778644568713,6.453279916441503,0.736326513631845
stream,1143,0.5473700456357905,5.203505111097656,0.621996379341598
stream,1144,0.5453178476683175,5.432940472383017,0.5887513659009072
stream,1145,0.5434646087498923,5.321376303371816,0.5842961566239736
stream,1146,0.5429693281369244,5.678316729404893,0.6001536387321773
stream,1147,0.5417549259167882,6.924717627701597,0.7304088197453965
stream,1148,0.5422267088683044,8.524615559497239,0.968109289450344
stream,1149,0.5426859553634643,8.50978817700992,1.0044145873435468
stream,1150,0.5437561720710427,8.171518801047764,1.0016894115765633
stream,1151,0.5446500034795156,7.89172955863345,0.9503106666383258
stream,1152,0.5457554869130459,7.78061693310723,0.9483258420135736
stream,1153,0.5458819061065853,8.969250206025857,0.9869516154926388
stream,1154,0.545514130956031,8.643327006178568,1.0156881820640615
stream,1155,0.5444410938871773,8.586305360552526,0.9689720879638832
stream,1156,0.5426172875893248,7.889301826421568,0.9104298550397495
stream,1157,0.5388400187035367,8.569798610628704,0.9138019074890711
stream,1158,0.5341150298727525,9.925561562418384,1.119575072054311
stream,1159,0.5288842394342301,10.10964732965268,1.1361030550540199
stream,1160,0.5232826160451078,9.907240242109356,1.1197838259826909
stream,1161,0.5184235842189979,10.914910264753464,1.1183222811120654
stream,1162,0.5123472086632734,11.696100704343134,1.2366651479791182
stream,1163,0.5074272630902352,12.102074558515827,1.3258471844591044
stream,1164,0.5021550504765985,11.874445196676358,1.33224013796646
stream,1165,0.49619072396527597,11.883187243639503,1.3239195937894683
stream,1166,0.490400312971748,11.466112683109056,1.3013352676570082
stream,1167,0.48437521753361845,10.693186381977057,1.2148190832521357
stream,1168,0.47790610575667847,8.90221814105163,0.9917903831607459
stream,1169,0.47182150835070413,10.671002564381723,0.9917903374490822
stream,1170,0.4648808117479143,11.326239332620837,1.1884890768626577
stream,1171,0.4589486925540672,11.293591324429181,1.221562622126908
stream,1172,0.45274871122870247,11.460231474501308,1.23661545236437
stream,1173,0.4466176679762109,10.535910800971942,1.22700256788161
stream,1174,0.44143124996786515,11.16048406193408,1.1769862968447913
stream,1175,0.4351950133269256,11.625603570587755,1.2844463139407507
stream,1176,0.4298567980846698,11.179006180004478,1.225336193155929
stream,1177,0.4249853917196624,9.388632389015239,1.0844245908761567
stream,1178,0.41943236056493116,8.135696405743866,0.8525032399870324
stream,1179,0.4145827027738047,7.994478151016484,0.8442538804948995
stream,1180,0.41076761431196446,8.098067656403305,0.8573290071647348
stream,1181,0.40747715437012216,7.079098868259937,0.8384439227939374
stream,1182,0.4051125741408127,6.301690082111332,0.718223564513251
stream,1183,0.4051041225649179,6.340807415520942,0.6355329397102474
stream,1184,0.4043941124895748,6.428556109946479,0.6702339589243635
stream,1185,0.4035072333791837,6.6735494604878065,0.6705246573383442
stream,1186,0.3980355343042004,7.567690106122111,0.6824787381907955
stream,1187,0.39361508000382717,7.224834915275588,0.7069511456450527
stream,1188,0.39156113744933424,7.681570699661249,0.6942880882159475
stream,1189,0.38902341017471265,5.88395756298074,0.6720319539254325
stream,1190,0.3816774321690097,6.592821973116331,0.5094179140399108
stream,1191,0.37468255012598445,6.537662346127869,0.5451078009122147
stream,1192,0.36989779993679656,6.440446418094034,0.5244960784151843
stream,1193,0.3632272376802164,6.419478367644372,0.5186071748590126
stream,1194,0.3556298506991416,7.333791454333361,0.5398868793244088
stream,1195,0.353624657206342,8.335523635737129,0.6562567338525382
stream,1196,0.3525084120483247,8.669158004389363,0.7997647963906585
stream,1197,0.35289142236856486,8.72741446617331,0.8300478135744996
stream,1198,0.35353084357441017,8.607215930307648,0.8198051174874613
stream,1199,0.3540242080515523,8.603002840585319,0.8124398471870322
stream,1200,0.3546175265741653,8.451802142569662,0.8086472674121765
stream,1201,0.3560543910827894,9.035357350430758,0.828993865462174
stream,1202,0.3571960475220209,9.586297070990728,0.8255769633398912
stream,1203,0.35763928273390655,9.313707224830376,0.8194056367022866
stream,1204,0.3586338549517089,12.980041743453643,1.0112145884920105
stream,1205,0.3596713078331641,12.8068674879606,1.1017730044323637
stream,1206,0.36030158892667447,16.80737115912637,1.3100845296070096
stream,1207,0.3621112590768323,16.685857238815743,1.3950975331133915
stream,1208,0.3642257559898211,16.64029546259074,1.4127024413249716
stream,1209,0.3646728815996291,17.62490738971406,1.3910837717061824
stream,1210,0.3655376669321787,17.23468657595464,1.5071012161545325
stream,1211,0.3650458100982523,17.228912874589337,1.4834799802332126
stream,1212,0.3632047099230912,17.81852026600643,1.4962557336871376
stream,1213,0.36151179952853935,19.943368600470453,1.6675554760976414
stream,1214,0.3592041157626377,18.621160857255774,1.7834773442394019
stream,1215,0.3567860206899781,17.778715251735836,1.5634265345786589
stream,1216,0.35473328864456594,18.593565591488826,1.6036465608413215
stream,1217,0.3530566597570088,18.552559367032362,1.658910864501451
stream,1218,0.35171157225385097,21.73298077312855,1.7349781650231022
stream,1219,0.35056887473971515,22.442734330111364,1.9931275721994408
stream,1220,0.3494622043780454,23.210804387567443,1.9838035811737353
stream,1221,0.34873752989676116,23.124290787340968,2.053336433696264
stream,1222,0.3481138978787956,23.247599575114517,2.056056305537545
stream,1223,0.3471479721142991,25.062615011407953,2.2302751498966806
stream,1224,0.3466435912861801,23.331856346884475,2.2664840833712714
stream,1225,0.34620907179922755,23.353030277449413,2.271819787425273
stream,1226,0.34633542586291666,18.266339952729762,2.057134275833872
stream,1227,0.346438600261585,18.48752004588752,1.9083474221566379
stream,1228,0.34536207384635564,20.17269059199659,1.9099888188851613
stream,1229,0.3447289086778836,19.863111566324253,2.062465889795441
stream,1230,0.34436656720612047,18.888413659252432,1.9286393383414377
stream,1231,0.3437413854166014,18.96662634539068,1.8817253414561412
stream,1232,0.34418386307377136,20.546250690859345,1.9844702063508564
stream,1233,0.34414611337943596,18.26080569468241,1.9060365779029826
stream,1234,0.3439432477767616,18.109256763698557,1.767084210873003
stream,1235,0.3444172569951989,19.463968691161824,1.8562230232431987
stream,1236,0.3420907246667674,33.40194010427719,2.655699722418287
stream,1237,0.3415809432906453,40.82134762881876,4.260442295855797
stream,1238,0.34076204223978646,38.306241885613126,4.656933723854415
stream,1239,0.3396606934017064,37.763737345196326,4.483770925873784
stream,1240,0.3384884975984474,36.988490173676816,4.486367780266056
stream,1241,0.3375983404292049,36.52100998853572,4.3979329794208715
stream,1242,0.3365815812890371,36.14796198020944,4.427129789348382
stream,1243,0.33553800663858846,34.26272201452553,4.283534623854024
stream,1244,0.33463568971516533,32.32044611950712,3.9969344824669157
stream,1245,0.3338091651436367,32.236531069681895,3.909885114409825
stream,1246,0.331795704444131,33.03784469327919,3.94775454390493
stream,1247,0.33157152595683487,37.581635521669156,4.292509687942793
stream,1248,0.3301906463554551,36.55224850557101,4.598394659950637
stream,1249,0.3287938431668535,35.90692745512226,4.465960014162548
stream,1250,0.3272289943125417,35.9217728883898,4.456271376943982
stream,1251,0.32542354466045753,35.841399832268536,4.455793898618878
stream,1252,0.3236616969415243,33.603356149733536,4.3412300126679115
stream,1253,0.3232341888935137,33.955116829690084,4.244548810550647
stream,1254,0.32260515762753844,34.006034486871435,4.280035954990529
stream,1255,0.32078917753153696,32.19068459493022,4.183008936734628
stream,1256,0.3196745887700933,17.565121030349435,3.275542950555773
stream,1257,0.31891917436791845,10.028697276321692,1.5813342710814904
stream,1258,0.3175490934299289,9.44274729520693,1.103974067468208
stream,1259,0.3166376657019098,9.305278274665902,1.0289812153257958
stream,1260,0.31500728874277967,9.34512729248225,1.0386752736932419
stream,1261,0.3142387453175261,9.396443829690181,1.0573493400182072
stream,1262,0.31215538058058095,9.539633655338328,1.0545112775867003
stream,1263,0.31035652810903896,9.387205896463309,1.0455703035493282
stream,1264,0.3094449729127359,9.45684909620299,1.059486196276305
stream,1265,0.30779147228926307,9.470897880743388,1.0604980345218569
stream,1266,0.3061188280949084,8.672584882595098,1.013084899320296
stream,1267,0.30393675287835975,4.064168677436982,0.6601271073280306
stream,1268,0.3010632987677017,3.1130907027751418,0.3282413547526287
stream,1269,0.29845569498818186,3.085077267516893,0.3122959970446983
stream,1270,0.296346929672849,3.0644383804265347,0.3059979751126923
stream,1271,0.29638836425537485,5.14386834729412,0.36336389019538823
stream,1272,0.2964908697605541,5.1439421114532475,0.4244385479576343
stream,1273,0.2967838778338885,4.685633186003026,0.4060171691804363
stream,1274,0.2959546203209888,6.160170196469161,0.424702921598318
stream,1275,0.29667964081097886,6.899862867753724,0.6778901929334384
stream,1276,0.2961218519758613,6.843180371529738,0.7203630915460766
stream,1277,0.2964160049196218,7.2173573424944255,0.7801808166153461
stream,1278,0.2940942062536503,9.835878459551111,0.9479376075206802
stream,1279,0.2935306757039147,11.364781993428025,1.2514259393022305
stream,1280,0.29063535751854785,13.946055652023091,1.5175341728936687
stream,1281,0.28819041750509067,14.600000170586807,1.7482218995712056
stream,1282,0.28758923402406084,14.684517769111938,1.7195704843922546
stream,1283,0.28867177117634446,15.854493096808756,1.701194172713506
stream,1284,0.2879996050522729,17.04083479726194,1.8657757924702487
stream,1285,0.28680752419855876,17.21029946945115,1.8815553915726455
stream,1286,0.2869692409547975,18.097358492067567,1.9670591363220515
stream,1287,0.28675531301774626,17.93889194842888,2.0072957559694364
stream,1288,0.28641526839189113,17.907661982794643,2.0086867677518803
stream,1289,0.2863521499690159,17.888311870836304,1.9982226191032284
stream,1290,0.2880056243442204,20.487997978733574,2.0873494717355654
stream,1291,0.2882797257832675,19.670515734462196,2.3230303775017274
stream,1292,0.29031284443390626,20.507035500829577,2.428840111560227
stream,1293,0.29109074727575873,23.200666422096056,2.654377562494959
stream,1294,0.2921638890142654,21.61071151822216,2.702657219736357
stream,1295,0.29272613514421025,20.824545741760218,2.460930544825046
stream,1296,0.293415564632286,20.817341503193283,2.4018290130692668
stream,1297,0.2941139876552413,20.690013489884702,2.3358052908359657
stream,1298,0.2948665748849879,18.0829621950351,2.1898969200156158
stream,1299,0.2944813381349698,17.374759209411557,1.8820983899491792
stream,1300,0.2931870825612286,14.760559602694029,1.6262280194577667
stream,1301,0.29240429678970137,14.386999095343223,1.4022793229325476
stream,1302,0.2934638056054216,15.625222373531809,1.4248826419367042
stream,1303,0.2922902710185294,16.13207757820522,1.6262737902314461
stream,1304,0.29170331780107844,14.979861113237764,1.5508309433826049
stream,1305,0.2917296419349854,15.031936162177319,1.5250649827466958
stream,1306,0.2898520121413588,14.763606812427469,1.4929797466645491
stream,1307,0.28875088380036606,15.196666060773229,1.5242845162315939
stream,1308,0.28698793350476887,15.138342725558974,1.5503251429150657
stream,1309,0.2861491415699579,16.289465334500573,1.6154906310533745
stream,1310,0.2834971458152713,16.78863949421484,1.7728500572782908
stream,1311,0.2821437333951296,16.555134129052057,1.744380118153647
stream,1312,0.28082290465113735,15.72612851513348,1.6187427150432216
stream,1313,0.2786210842341006,13.03770665462199,1.3923177456001874
stream,1314,0.27678867907871746,13.127022977074452,1.304260379113732
stream,1315,0.27412496231977734,12.635638975262564,1.2951510881840165
stream,1316,0.2721512358622112,12.50810033740351,1.2298106431444018
stream,1317,0.270638575232735,12.302657078419125,1.2571389654408678
stream,1318,0.2684385652741402,13.412024120036197,1.2528400157661552
stream,1319,0.2664048771678876,12.545819307151534,1.269164069603862
stream,1320,0.2659209324048378,12.542539219982933,1.2497494559298101
stream,1321,0.2658111475254624,14.4064640272568,1.286622128061744
stream,1322,0.26531564569865485,12.700191640649917,1.3929050614187894
stream,1323,0.2654023764658484,11.023013810151323,1.1876537581014386
stream,1324,0.2658950562337313,11.803069529137225,1.1310977969236278
stream,1325,0.2671410244164847,12.427733906810174,1.268735752404182
stream,1326,0.2679304494072605,12.465786776424421,1.337640852041143
stream,1327,0.26923864287826604,12.261836315972037,1.2666548343637327
stream,1328,0.2707486383897738,14.98168147410374,1.3833942961671553
stream,1329,0.27257129242910183,13.921518336588578,1.4632315723872762
stream,1330,0.27403260825048414,11.10676435418998,1.2197299997591782
stream,1331,0.27494805375348796,12.820767528273723,1.1496304865575036
stream,1332,0.27526317944862433,14.770436745894983,1.4286166123232098
stream,1333,0.27577118998059313,15.039476765111393,1.4446533405226403
stream,1334,0.27568787741662776,15.031820771414498,1.4297043850436615
stream,1335,0.27475426280426923,15.384159656789928,1.4438519026745338
stream,1336,0.27287856111610637,15.089843633118777,1.463757818057385
stream,1337,0.26924654306768575,15.11458695143188,1.44196593148681
stream,1338,0.26352115114695074,14.00756225317282,1.4205410202662476
stream,1339,0.25933406378475027,15.490138040747919,1.4809541402366602
stream,1340,0.25774697327898305,16.663926075786556,1.47717554843803
stream,1341,0.2531430622761974,16.74056350875669,1.627160306291454
stream,1342,0.24975851693439502,16.802629516983618,1.62402360961687
stream,1343,0.2502886076904088,17.147747220670574,1.6249355187845445
stream,1344,0.2537250283472424,16.197303998747934,1.5818623828388483
stream,1345,0.2536691169300728,15.673872204384923,1.4590811914523656
stream,1346,0.25352371266124013,15.057635578043174,1.3420363947557565
stream,1347,0.2547697526908886,14.862264814824476,1.343806601764015
stream,1348,0.2578657167312153,12.091302255168777,1.201794712732929
stream,1349,0.2602545204157232,12.002784199447323,1.05135043585889
stream,1350,0.2589780488371848,12.150858256314002,1.0632260425180142
stream,1351,0.26258237412222535,10.147753511190448,0.9489183406151771
stream,1352,0.2648126159539876,8.31244781518926,0.6681587792577955
stream,1353,0.266736495451845,8.038926270233041,0.6595965297110677
stream,1354,0.26735132031903563,8.05994017428576,0.659885471060901
stream,1355,0.2700686472374911,7.991483168563162,0.6698777695755297
stream,1356,0.27263638906872845,8.0575254119636,0.6516068297088601
stream,1357,0.271345749286563,8.737948780191232,0.6708375377367319
stream,1358,0.2683177813813886,9.23895940150625,0.6726438709435528
stream,1359,0.2635351523014409,7.820189932161716,0.5949848194826474
stream,1360,0.2605181247138142,6.685902178331576,0.6120098941050602
stream,1361,0.2573306284284998,4.386456707920339,0.4150339221908279
stream,1362,0.25395763057676085,4.374689722107951,0.2875283007030701
stream,1363,0.2515165228511375,4.175886379362002,0.2856821377737823
stream,1364,0.2509273373189021,4.458577812277778,0.3131991940641473
stream,1365,0.24909737305529311,5.0211232273343995,0.3715541414985106
stream,1366,0.24930766444233537,6.854306944071496,0.5774866068487448
stream,1367,0.25021284036061997,7.160138790047635,0.5798479842134681
stream,1368,0.2503250347350789,8.406349408338308,0.6935665123632972
stream,1369,0.2519357748516473,9.328000479331783,0.8543346964456544
stream,1370,0.253983092810861,8.908319706792273,0.8703628697495038
stream,1371,0.253561247938168,9.509990831485357,0.8438212253375682
stream,1372,0.2526999947776855,9.391354648732282,0.8489173139162947
stream,1373,0.2504000633019601,9.407515188919009,0.841534539661552
stream,1374,0.24866952482815255,10.085025762684404,0.891571559139075
stream,1375,0.24584857253691014,9.725473585783439,0.890278512189444
stream,1376,0.2431513876807947,11.596511012137215,0.9783101888161309
stream,1377,0.24045326994964292,14.249954981647205,1.348662926056031
stream,1378,0.2380450776404906,14.486049663029851,1.3798252849139636
stream,1379,0.23724582437149241,17.551990155507944,1.6739966208366939
stream,1380,0.2358213944728708,18.982872406921707,1.931445037761177
stream,1381,0.23494934671521195,19.08368176693709,2.026786937066434
stream,1382,0.23516826187178402,25.135465019571637,2.1873734747504714
stream,1383,0.23655946233944264,24.991352573947495,2.385711000668141
stream,1384,0.23764002478599128,31.474855158170136,2.632923443775809
stream,1385,0.23950732222098284,30.559401586689717,2.842399936887785
stream,1386,0.24204272424146317,28.72745679490206,2.6298321667664903
stream,1387,0.24549691091735482,28.867544800473343,2.628171490445343
stream,1388,0.24837276670057484,27.61480010920209,2.5231573128103397
stream,1389,0.24977733435817362,26.871594730937243,2.3741977014273465
stream,1390,0.24956849869179346,26.863049050392302,2.345324828674993
stream,1391,0.2499961373556255,26.1267524110555,2.3089135207557496
stream,1392,0.2511615174092619,26.242360891192735,2.270930846072695
stream,1393,0.2531998891975575,26.429260977029735,2.270792406651897
stream,1394,0.2554823431439343,25.651009702967208,2.2294981537892653
stream,1395,0.2578612261946359,25.661787296531557,2.199628850447294
stream,1396,0.2563516114852202,25.733168773589107,2.1687468875525417
stream,1397,0.2558294611915025,22.514121777627647,1.8926551925629531
stream,1398,0.2527402238872447,22.329108545525173,1.9166094123850612
stream,1399,0.25055620668284445,19.194774041672414,1.6439764836176378
stream,1400,0.24877177224064992,17.849095078755177,1.3707486661995785
stream,1401,0.2484666932508266,18.177784488981615,1.2605153388042087
stream,1402,0.24575195332205324,15.090101878659564,1.3380963659751217
stream,1403,0.24696982744112503,22.069513681191474,1.8202269410368161
stream,1404,0.2472392220083077,16.256836051205557,2.058736768185728
stream,1405,0.24732868166101551,16.31692369281546,1.8379190748889014
stream,1406,0.24731109113961722,16.766147103349635,1.8397926995844527
stream,1407,0.24653947238906973,16.953608119299105,1.9181905096217478
stream,1408,0.24499919455249475,16.954006493569274,1.9392794466121268
stream,1409,0.24395640880094296,17.04665484672406,1.9394521274615686
stream,1410,0.24182231182113728,18.475196595417465,2.070189723527955
stream,1411,0.2401004977840703,18.780931511368067,2.1973101025895385
stream,1412,0.242294589861737,21.07187519336929,2.200811653335209
stream,1413,0.2513754474009495,21.098940198043525,2.252071774195551
stream,1414,0.26442874992340376,21.157048538916076,2.242747768058661
stream,1415,0.2720457006863785,21.676048920880124,2.275524355690983
stream,1416,0.27827352559090507,19.67455342892835,2.234430508386157
stream,1417,0.2808126086059792,19.756127546462274,2.1312855238043835
stream,1418,0.2777272966826012,21.270984922586916,2.1122882438196586
stream,1419,0.2727352812390933,22.20923411926473,2.090142243487663
stream,1420,0.2654937917430318,23.38880964014581,2.089355095110431
stream,1421,0.26202120790204647,24.1269259280236,2.2664200781284007
stream,1422,0.26042091370511894,21.107587820498374,2.053997723459215
stream,1423,0.262029872383056,19.353310596731966,1.498655048087767
stream,1424,0.2625337992960302,20.219951257785997,1.4202695579576834
stream,1425,0.2620377077273815,23.282314357734066,1.3665586630481805
stream,1426,0.2611727848655757,22.836711055752673,1.5114633852136645
stream,1427,0.26005039831209265,23.15769361519312,1.4373059191180007
stream,1428,0.2613023949577213,26.589397308407356,1.6880209059574862
stream,1429,0.2617333768644475,31.121513827325252,2.259495209244371
stream,1430,0.2665639670809477,30.394652859842353,2.4516499933702423
stream,1431,0.26432194528692265,31.376028521574,2.494170622085747
stream,1432,0.26052961003779035,28.96478742383658,2.5608589881041164
stream,1433,0.26444256518872744,30.29377773686531,2.5690669850225154
stream,1434,0.2630222710433495,30.73189456212786,2.690482844117543
stream,1435,0.26147731596314483,30.16405600687331,2.6827921871740363
stream,1436,0.2568823127079501,30.292438022795977,2.67207729222476
stream,1437,0.24320489312272145,30.93122601210247,2.6672168330595176
stream,1438,0.22288937041461332,29.28778427922717,2.6342741643088865
stream,1439,0.22969120735891593,38.093441604488234,3.2029465569515763
stream,1440,0.22788885009803705,37.98607721445704,3.8686597446360995
stream,1441,0.2353186417749962,37.80825200634542,3.867989991702565
stream,1442,0.24078987764628498,37.79814277752941,3.8998245313816673
stream,1443,0.23910771159011632,33.243047069120855,3.7816127256786944
stream,1444,0.22773712279608935,33.41902805899089,3.350890505192479
stream,1445,0.22456551460458218,30.842661006867367,3.5250137456140354
stream,1446,0.22518034239880466,30.824476807790752,3.3893082574158124
stream,1447,0.2250772788973469,30.80631278009667,3.4299048131412713
stream,1448,0.231228276582092,28.889106724341072,3.3447112369222047
stream,1449,0.24241982345160087,27.56014106129229,2.7771613421904293
stream,1450,0.2519607677072067,27.608444112719294,2.7075012941455405
stream,1451,0.2602680097506674,25.824175068224907,2.538810599046002
stream,1452,0.26806861099294516,26.96022553638157,2.4750444797065994
stream,1453,0.27852223129018083,25.53017085374269,2.4729354177649183
stream,1454,0.2860439227103234,27.887221276467617,2.4285887422367463
stream,1455,0.29689760511815066,29.03127772940171,2.684929756533643
stream,1456,0.30941489951596673,29.3394308477194,2.6847916293894922
stream,1457,0.31027579871716865,30.503860324451384,2.8380320597006556
stream,1458,0.3115219627526641,30.789666236993696,3.0348555049281534
stream,1459,0.30532909818200926,21.027494759316614,2.4895598776956573
stream,1460,0.30316532045429107,20.420077583735377,1.8394940860160647
stream,1461,0.28761520098138305,20.36734094328255,1.7762785676542687
stream,1462,0.2666440007349193,20.704118437314037,1.7217784449151807
stream,1463,0.25628902474875603,20.787225075005175,1.793017909077527
stream,1464,0.25008813587017376,18.827916394614242,1.8015774053437328
stream,1465,0.2445981508607792,18.30528324418536,1.6309422369584599
stream,1466,0.23696536210395544,18.33013191371777,1.6216601365035368
stream,1467,0.2383874454429066,17.693816904575268,1.5991005289949702
stream,1468,0.25870090890757375,17.490322607540968,1.413426204147452
stream,1469,0.28698327044461774,14.086163188873199,1.4325619668893816
stream,1470,0.2971707767009895,14.380615296962496,1.2293459274790963
stream,1471,0.2836347799762838,17.17343414099455,1.2317750703114938
stream,1472,0.2685429469700319,16.063691640823556,1.2865294754080239
stream,1473,0.2857075926672203,21.60793081922887,1.4812417754203495
stream,1474,0.28000388076110244,21.742617657578368,2.040235032028156
stream,1475,0.28912592347268484,22.06707613413308,2.1038655464737617
stream,1476,0.2893094659396552,22.24884519213174,2.2467661435742183
stream,1477,0.28543674999771873,20.541605728816716,2.084418205680749
stream,1478,0.29041229014916564,20.644894478247558,1.9678187463927497
stream,1479,0.2844142463968914,23.83089547532613,2.2392209100819755
stream,1480,0.28597354020917853,23.63645275554832,2.417607939494433
stream,1481,0.29197229017342907,23.615001481289593,2.3036600474218676
stream,1482,0.2958346719173371,23.297486221447304,2.3497245703594785
stream,1483,0.3005192129160097,23.03972135506276,2.2783539020886376
stream,1484,0.30711155121142136,23.01286607413253,2.2742841698388796
stream,1485,0.32007059657805054,25.069171683265402,2.335420048907094
stream,1486,0.32884632533790936,26.534186073827236,2.6210790343242802
stream,1487,0.3343908032024859,26.991158056247286,2.5974383857027927
stream,1488,0.33814638980816164,25.684289555359996,2.623841282003558
stream,1489,0.3390938761670983,25.73809451157511,2.5895057201692726
stream,1490,0.3460140428904143,26.263590375620186,2.6373969499525667
stream,1491,0.3531545276933631,23.458444182619445,2.6458673771634267
stream,1492,0.35964757261036456,23.45444850788136,2.5778513379672106
stream,1493,0.3600385037705882,19.726625730634865,2.401512597805295
stream,1494,0.35586236138664584,17.173572106317383,1.78539750213364
stream,1495,0.35651921165293293,17.450259014779064,1.5785379574802396
stream,1496,0.34640436463454316,19.01071037458194,1.698015047258115
stream,1497,0.34076090672929205,19.363614301741148,1.9095534838379626
stream,1498,0.3343153275092722,18.458699185953172,1.8515012514574072
stream,1499,0.32583119681777356,15.277849321342535,1.5498017947945173
stream,1500,0.3201508314583136,14.925242409882706,1.3621137444316815
stream,1501,0.3101760322923001,13.995375688808297,1.3614978131643307
stream,1502,0.29026931813802315,14.250409349227844,1.3223193248898741
stream,1503,0.2890743996782856,14.877971579500196,1.40852894149808
stream,1504,0.29345252009479866,14.851794461554643,1.4360039265092803
stream,1505,0.2944306045158431,12.768851361172427,1.3631286538192728
stream,1506,0.29108990354050995,11.241939260820207,1.0759609318859051
stream,1507,0.2861580340075027,10.472720417938254,1.0720920619609957
stream,1508,0.2929168344123813,10.929400511288673,1.0543196831921857
stream,1509,0.2840204141323819,12.165717724751135,1.1609271169103959
stream,1510,0.2706502382528189,10.747675074680277,1.0947998210258052
stream,1511,0.2666093463917163,10.86757394001169,1.0945304362547472
stream,1512,0.26912764636818337,11.065731285825546,1.0969960635260052
stream,1513,0.27526275602206535,9.164452299619718,1.0255749252543849
stream,1514,0.275041754431577,8.725893332576371,1.0082244190868794
stream,1515,0.27198924645266553,7.247415982618781,0.8726890368124276
stream,1516,0.2623383707280881,5.060954607307933,0.6103113492869735
stream,1517,0.26242718015369715,5.195738565229164,0.4274243558450521
stream,1518,0.2657997561850961,6.106239676672408,0.5274984443793915
stream,1519,0.27025605678609366,6.468621195988359,0.608117086541278
stream,1520,0.2775900268201725,6.409865387107982,0.6081170871558972
stream,1521,0.28084469171541604,6.828507142907918,0.6277721386398433
stream,1522,0.27342024056190234,6.534270978377347,0.6337307788408341
stream,1523,0.27629887633985756,5.877325660049928,0.5508635491931191
stream,1524,0.2796603919289204,6.485433905103713,0.595635972602542
stream,1525,0.28367995427372994,8.274491387935097,0.6031104326303672
stream,1526,0.28888844739403274,8.549384179111366,0.7121105476574743
stream,1527,0.29697323380812096,9.521312236659618,0.7160968270100899
stream,1528,0.30054407064797145,9.060038618892495,0.7289123434953687
stream,1529,0.3011245061854125,7.754361288580165,0.6277032137905084
stream,1530,0.3204062770875349,7.903163414630192,0.6247958932969401
stream,1531,0.33616033939620493,7.697858861808278,0.6108074137394108
stream,1532,0.34820815225326046,8.009253667930173,0.6248682184380536
stream,1533,0.3391299907170256,8.118135240423431,0.6288548001098679
stream,1534,0.33519140225808813,10.519940374320138,0.7794410136457813
stream,1535,0.3334188322719949,11.16157352180776,0.7864948562156406
stream,1536,0.33448578669376167,12.441568175516906,0.9200079219416882
stream,1537,0.3251273401255347,11.712302052851383,0.9100305084617675
stream,1538,0.32887623901058116,13.643729052828476,0.9361906582492796
stream,1539,0.32595789379555384,15.680078518722954,1.2184761716918149
stream,1540,0.33694498357182723,18.348652903351166,1.5789063533426644
stream,1541,0.34692399192235274,18.296976068839932,1.734023920306901
stream,1542,0.34525780093267394,20.26471579078083,1.7363146493904338
stream,1543,0.3576055903251107,24.502074241572824,2.2250805427430738
stream,1544,0.35985868679624466,25.09626581724773,2.513386029045604
stream,1545,0.35741860042512336,23.618131168520726,2.514162890603289
stream,1546,0.3582741959414598,24.374006398291506,2.4996668868373932
stream,1547,0.3586000491493242,23.425786144156305,2.506089203053738
stream,1548,0.3562851586314826,23.57494487645912,2.483707166632096
stream,1549,0.3545367051115269,24.648246419374495,2.4915704736262865
stream,1550,0.3506038352726879,24.682544671067998,2.471244887709969
stream,1551,0.34795713114889065,25.249020666622677,2.5247281486776028
stream,1552,0.343375933671892,24.996027288962186,2.567373214831912
stream,1553,0.34073961958486315,25.020440597769916,2.594094134475832
stream,1554,0.3436191354473234,26.713291039596836,2.5359412370944105
stream,1555,0.3417803107026341,26.12546322044024,2.7546256583312374
stream,1556,0.3336405224176525,26.826599997940136,2.78500364668402
stream,1557,0.3274248949559134,29.167373030652335,3.0574542926313484
stream,1558,0.31928873546448316,26.3247055670696,2.9939792530768115
stream,1559,0.30959774716427163,24.39240049948604,2.6529429931255537
stream,1560,0.2990856341590468,21.913463339758227,2.286664642371984
stream,1561,0.29112704942403783,21.886524743807456,2.1446525581836737
stream,1562,0.28886483835439525,20.753033915253905,2.127212619639487
stream,1563,0.28780424576103664,16.047646459801168,1.6571122642657474
stream,1564,0.28857510831271116,14.920444217119744,1.2878344064114744
stream,1565,0.28490009950498973,15.27222351764159,1.2922896399480595
stream,1566,0.283849444649272,14.440587401780295,1.2608186443855625
stream,1567,0.28765966490328754,15.349375020944336,1.255773513902645
stream,1568,0.2918955090726033,15.672986119150977,1.375552252848803
stream,1569,0.2996214628052753,15.533428090074262,1.4806354483153399
stream,1570,0.3024054818388105,16.82110699484089,1.6743165372684188
stream,1571,0.30797161947870655,16.4929586487245,1.7161996309194838
stream,1572,0.3096117136775805,17.051396011344814,1.7201452815004656
stream,1573,0.31600683559072534,17.839119835538558,1.7924171167733909
stream,1574,0.3226113810757526,13.869397506149689,1.7605454844535882
stream,1575,0.3252381285672171,13.934627981862329,1.535321323548714
stream,1576,0.3334530822573659,12.871021765041492,1.447017348150627
stream,1577,0.3355995964093071,11.523808054272248,1.2977067658381771
stream,1578,0.33702858751253256,11.554899439514948,1.2223519815044739
stream,1579,0.341707385861415,11.556994672292857,1.2239034080254103
stream,1580,0.34602856030397827,11.43312821716357,1.2290508280231276
stream,1581,0.34894211408279596,11.962714317941664,1.2682781120360995
stream,1582,0.3506300994888431,11.225837614210173,1.3150737914665946
stream,1583,0.35402399705751464,11.898799682436259,1.3436425065678161
stream,1584,0.3560033522876547,13.106584433072145,1.455471378229479
stream,1585,0.3597940582483368,13.705625501539068,1.6326690143249099
stream,1586,0.360784690745328,13.619324339392433,1.6241288805233376
stream,1587,0.3621100279414348,18.67822796476046,1.7785963267355225
stream,1588,0.35895291211717695,18.529842622468898,2.009738890563524
stream,1589,0.35341437129355663,18.897560278764427,1.907713347380952
stream,1590,0.35029160646455143,17.736092517634223,1.8066977950630816
stream,1591,0.353757961031959,17.989472224890093,1.7625533882308788
stream,1592,0.3574340772334918,17.513577125859083,1.6987459554310214
stream,1593,0.35680454454262295,18.731710490897054,1.7459016392389908
stream,1594,0.3549430972962319,21.245884116979397,2.0762263931457055
stream,1595,0.35157460061857543,21.770139160631448,2.2931455621944696
stream,1596,0.3466637652664136,20.91335016424748,2.2783223181920156
stream,1597,0.34251822663307296,19.83465098268056,2.139497899691348
stream,1598,0.34700551178051486,21.03443181335204,2.209682928427712
stream,1599,0.3458461453284601,22.400149159735136,2.421123055481586
stream,1600,0.3459594288507511,22.427315792349834,2.5275930712345134
stream,1601,0.34339835009568476,21.715135134792558,2.469666242135506
stream,1602,0.3428972439319726,21.96394772294401,2.458607664885964
stream,1603,0.3420084539584063,21.501295649388787,2.4318152877478982
stream,1604,0.3421896899143136,20.230038346911012,2.324076580262448
stream,1605,0.342982431144308,19.53586056357303,2.1675303582285355
stream,1606,0.34768767582132637,19.742966071445867,2.1130373832725597
stream,1607,0.3534458300005051,13.774768301169386,1.9539746616969444
stream,1608,0.35788745980367676,13.945860210935077,1.643649868933629
stream,1609,0.3619856443411366,12.652327281156412,1.6320662414058829
stream,1610,0.36469548734985724,12.350717919890371,1.5276145952294469
stream,1611,0.3683758460934492,11.84574301901748,1.4676724865531061
stream,1612,0.37456812590368194,12.116433587612,1.5060411122134192
stream,1613,0.37938759862939475,10.069434296624959,1.4072555233779889
stream,1614,0.38380257411456675,7.452023927751901,1.0206514764348986
stream,1615,0.38743125626647507,6.995500572985715,0.8091703112644193
stream,1616,0.3908397625862319,6.945584447582897,0.7477989343896485
stream,1617,0.3940885579769818,7.1939963040058,0.7578892045390373
stream,1618,0.394434743014306,6.289686542136681,0.6731450403502428
stream,1619,0.39528890798043,5.245825755222922,0.5234728220426735
stream,1620,0.39511007563298856,5.650280184452144,0.4866538100393464
stream,1621,0.3908832185944508,5.8580322745271305,0.4731466105920807
stream,1622,0.3849638686355223,5.752694431771556,0.49383421411024386
stream,1623,0.378583799896195,5.640071870847676,0.48284417317383876
stream,1624,0.3709584859761357,5.732253580481653,0.49042931613476204
stream,1625,0.3660425383743911,6.500164709094626,0.47518467719391133
stream,1626,0.36118939744456524,6.231627740509539,0.5276377647564812
stream,1627,0.3551668094364996,6.2192317576409195,0.5257899838312275
stream,1628,0.3473838979673705,5.753785173984901,0.4746067800356229
stream,1629,0.33389214037191395,6.783882214468988,0.49128354545983455
stream,1630,0.32636805092331195,7.992142835895956,0.6774507168287175
stream,1631,0.3276628946294808,10.298734262633596,0.6781514498886262
stream,1632,0.3241733358279144,10.397468763390332,0.8459751930213787
stream,1633,0.3210870450238468,10.259666210286007,0.8176426392639706
stream,1634,0.3127716881452822,10.916238767415503,0.8322172384585129
stream,1635,0.30094686365589984,10.548051737028779,0.8304731726550292
stream,1636,0.2835986082555162,11.495761769071622,0.8375045059737367
stream,1637,0.27357837817601083,12.240159144452829,0.9763343298619763
stream,1638,0.26796946220198603,12.157429816492213,0.9878570531945623
stream,1639,0.2664317517533036,11.68717834628746,0.9031127735823289
stream,1640,0.26570422406526645,11.193803890264112,0.8579467447390993
stream,1641,0.2667159747687732,10.900643627707138,0.8647567718740482
stream,1642,0.2707116719812057,10.806870026102505,0.8080397570165453
stream,1643,0.26890296998651175,11.201336029736769,0.8288709601299876
stream,1644,0.2617566179645961,11.708544394780207,0.8131469171805182
stream,1645,0.2616762652294392,11.233662469044342,0.9017596847292197
stream,1646,0.2636344531991046,11.268178244771173,0.862083671376596
stream,1647,0.25762474366909777,12.866805710176402,0.9397661196700752
stream,1648,0.2462608307095945,14.494788302006766,0.9393300703114613
stream,1649,0.24117471885575367,13.772598106439691,1.0448990021147295
stream,1650,0.2404026575538322,12.895737958064796,0.859617734543968
stream,1651,0.2413841894619209,13.78658733409361,1.0919354791131122
stream,1652,0.24781380870850153,13.13724903963719,1.032806504328096
stream,1653,0.25493864903172636,13.30332885434122,1.0077205416024229
stream,1654,0.26865884110388044,14.719532639214536,1.090076346282654
stream,1655,0.280744862943539,16.83174362099065,1.3923170967136111
stream,1656,0.2906402938856262,15.986402985897728,1.4120668476087819
stream,1657,0.3026557088262303,14.926658082955283,1.2597920240097216
stream,1658,0.3173521635334211,15.14768682298149,1.2588560206952248
stream,1659,0.32988734378833146,14.925855441637205,1.2652024088103417
stream,1660,0.3357810459984771,16.77729726278847,1.333025878404255
stream,1661,0.33887843139714185,17.157248527810026,1.3376606553100874
stream,1662,0.3450992009886091,17.051020512004495,1.3660783664906748
stream,1663,0.3522528135276352,17.234677977969323,1.3349354709234367
stream,1664,0.357597960180492,16.853960076903324,1.4076983743355806
stream,1665,0.3598043874054984,16.01045215276821,1.312884330123948
stream,1666,0.3670288194797912,16.825669782225987,1.3161491270161074
stream,1667,0.37025864389472823,15.277415138713295,1.2573517864638288
stream,1668,0.3704805368324271,14.637159008976555,1.3233755095834467
stream,1669,0.3681892309750866,14.9856569403753,1.195771346589845
stream,1670,0.36732018363660024,17.622988603491585,1.4297380768305032
stream,1671,0.36914140019098746,15.442869350681047,1.4828214515521156
stream,1672,0.36805955563868925,16.677398101465762,1.339972858707548
stream,1673,0.3637848680117382,17.33744354390737,1.5061983093481406
stream,1674,0.3649363108972537,16.532529082219174,1.4022173038860497
stream,1675,0.36113371995936216,14.678212189097609,1.2185283728634924
stream,1676,0.35649741347910247,17.308293001522458,1.242192639859881
stream,1677,0.35112842580618436,17.81404661806568,1.4312841075563034
stream,1678,0.34683597115950915,17.546040004390136,1.4239207598014723
stream,1679,0.34246670690283326,17.57303551218608,1.444466682015321
stream,1680,0.34049639713939933,15.716423532450891,1.3493153692044728
stream,1681,0.3390705675893395,15.278276079200989,1.3363600488012743
stream,1682,0.3420272801564906,15.202976775528255,1.3091465646430844
stream,1683,0.34587301107479357,14.541304990081043,1.3030306347430989
stream,1684,0.34880415467713743,14.688241291521148,1.2420673624982843
stream,1685,0.35233809722839754,14.72306872013591,1.2603989949735221
stream,1686,0.3556182019850639,13.982215625081748,1.2501028242339758
stream,1687,0.3533462985877575,15.317964954431394,1.249121327187347
stream,1688,0.3540656518918369,15.523776063536454,1.3768706132073505
stream,1689,0.35843040813377264,14.948025391804027,1.3963867594521149
stream,1690,0.367602265659664,12.32102047032463,1.168316558761709
stream,1691,0.3743830823736593,11.537463593842181,0.9148055091996556
stream,1692,0.382020759278181,10.241514642370552,0.9299532747950152
stream,1693,0.3885421961894138,9.416296496210856,0.7616445954042933
stream,1694,0.39994366774807183,8.971100747598541,0.794578796463483
stream,1695,0.4098670124039337,8.658038836864018,0.6852882296613801
stream,1696,0.41714597097046496,5.916691350359379,0.6280883849291267
stream,1697,0.4245114402420246,6.37662918535914,0.49480574408973577
stream,1698,0.4265773405101615,6.6124888006384674,0.590033698735553
stream,1699,0.42673998877607483,7.20141223862112,0.5646205794049666
stream,1700,0.42678605101030864,7.546062207397884,0.6440342919392853
stream,1701,0.42638498350351645,7.9805440193870645,0.6956760742043111
stream,1702,0.4252942972231048,7.98267328457067,0.710832518439652
stream,1703,0.4235280145987642,7.973587922472683,0.7083254428322591
stream,1704,0.42116975762274045,7.723769109242596,0.6990433300351644
stream,1705,0.41375156674113917,8.529909398086431,0.6835547350963971
stream,1706,0.4098526176409406,10.507551678975931,0.8634920037954776
stream,1707,0.40308791259216437,9.221970835942102,0.9855581969475805
stream,1708,0.4022271458139971,8.793644834802341,0.8627909396776344
stream,1709,0.3991726830049679,8.870988731740939,0.930960271005861
stream,1710,0.39757401395076425,8.39479197376767,0.9425520036354076
stream,1711,0.3891214088763065,9.29165770000708,0.9551396994334481
stream,1712,0.3777715200928207,9.419561481669351,0.9442271509773038
stream,1713,0.35815756583123226,9.954980862515857,0.950850419624638
stream,1714,0.33614683037862914,9.197270085308885,0.9229820780340311
stream,1715,0.32663111578255594,11.20643085558585,0.998083277889211
stream,1716,0.3151657024655551,11.337226317858075,1.1194293387227954
stream,1717,0.30673801883877655,10.482717233499494,1.0770655115765848
stream,1718,0.28739307376986084,11.315785630298663,1.0583409005879036
stream,1719,0.2738394395599121,10.813110260731156,1.1553130390013737
stream,1720,0.25724102202040033,10.781824288838079,1.1259155604140376
stream,1721,0.24192230821823718,10.328646911215912,1.0844210659952773
stream,1722,0.23305991156679157,10.582645443413405,1.081363438987436
stream,1723,0.23136665909150664,11.128177599184195,1.0819446812047468
stream,1724,0.22768101092496973,11.111862223761015,1.1095584272926178
stream,1725,0.21790927722761494,10.82962582154521,1.1015389985555306
stream,1726,0.21657829157870412,9.29334505664155,0.9977963674876337
stream,1727,0.22187035886390777,9.328206667720375,0.8656540397581424
stream,1728,0.2240190014375827,8.863769490484067,0.824938712063259
stream,1729,0.2234898086899049,8.782196709032569,0.7376632637906722
stream,1730,0.21084218829874257,10.248000423726875,0.7466173886837106
stream,1731,0.20453785061355045,9.255399881781772,0.773510253859932
stream,1732,0.20731646139567583,9.700984548301303,0.7735102346652591
stream,1733,0.20934635765008566,9.209531032193288,0.8141123280352353
stream,1734,0.2158631477905586,9.414636527187245,0.8281525291856183
stream,1735,0.23151128157101283,8.406748645122601,0.7379159101710896
stream,1736,0.23585318849043238,9.171746305695532,0.7568510708711658
stream,1737,0.2417222338460617,9.193454826111445,0.7934751858510556
stream,1738,0.24459462885201533,7.943371913415487,0.7241694356752367
stream,1739,0.2433241083074666,8.153297262429344,0.6352480171067303
stream,1740,0.23945118563408876,8.007868808113361,0.5852317835852431
stream,1741,0.23618823371092876,8.55824000934876,0.6172882183775871
stream,1742,0.23197602556257152,9.094829541966892,0.7188414311566753
stream,1743,0.22736582399225877,9.475286970277258,0.8396761255141925
stream,1744,0.22234875437274115,9.36555373725684,0.8412142695852558
stream,1745,0.21709152449881208,9.07171973979827,0.8435448370696883
stream,1746,0.21172499393989996,8.495000817045051,0.7673501994385046
stream,1747,0.20870952405571133,8.324075661752538,0.7590296566237137
stream,1748,0.20611736254211013,8.02996554179268,0.7342756685056193
stream,1749,0.20841626364894314,8.867220324088715,0.7831084473355227
stream,1750,0.2124740504788993,7.4143192232553945,0.8035100466544313
stream,1751,0.21785106700815832,7.292184190404617,0.7254954586291186
stream,1752,0.21815486628100014,7.5152950729356816,0.7320475464708202
stream,1753,0.21891813280589037,7.501608488310742,0.6974162882321268
stream,1754,0.2212856527503158,7.212009396425883,0.6878056270532934
stream,1755,0.222355307881291,6.295763840676812,0.6914804816656528
stream,1756,0.22486523379275541,5.5783187834850265,0.5692002454336793
stream,1757,0.22830840274783012,5.4705200632861235,0.519899312487597
stream,1758,0.23054603476530752,5.603802751222813,0.5167016439659483
stream,1759,0.2351111422643042,5.226263738904573,0.5237383313133376
stream,1760,0.24072508576325957,5.065809522691272,0.5214337858844308
stream,1761,0.24750178147158558,4.51409773310283,0.4792992850956173
stream,1762,0.25670680078995267,3.779328876974193,0.36746050077690745
stream,1763,0.26839069712560504,2.9886342625827655,0.24724880472264446
stream,1764,0.2792111611277162,3.0633077431989526,0.22737902817634337
stream,1765,0.2878197812095017,3.3618191421799044,0.2601227382424631
stream,1766,0.2963950715169794,4.854886731074991,0.40424556115539734
stream,1767,0.3060607028628353,4.847628513071999,0.4497719352474936
stream,1768,0.3141315332532098,4.8888592727919225,0.4517567135134589
stream,1769,0.32485115448800944,4.27388937196292,0.42861329793333314
stream,1770,0.3385863944533827,4.48404040495314,0.38093014378556295
stream,1771,0.34702311802211666,6.011716880418636,0.47646380599328847
stream,1772,0.3588349952026561,5.582510448509001,0.5716367403640498
stream,1773,0.36025913911577356,7.652550547975265,0.7196291717579764
stream,1774,0.3668107382025523,8.655898181805798,0.911905656262653
stream,1775,0.3734296436895072,8.539929275825571,0.9400110172232101
stream,1776,0.37287092222475576,8.943360444288837,0.9521412249159757
stream,1777,0.36705466291763816,9.179846467231622,0.9513730278063582
stream,1778,0.36489212654601405,9.139402717324481,0.9566465420480913
stream,1779,0.3678216043701223,9.57839665798175,0.9415591348557385
stream,1780,0.36433487078298604,10.772831314906243,1.0621301755545247
stream,1781,0.3668674656007369,11.636190634988948,1.216529942463072
stream,1782,0.3679975313755854,11.639215674961461,1.2602550963331371
stream,1783,0.3676982221437827,11.514564725660628,1.2584089169329253
stream,1784,0.3681382515236425,11.44568842077704,1.2473843680770842
stream,1785,0.3716067795702685,11.19666551744651,1.213970784671285
stream,1786,0.37408164216539874,9.91541002396751,1.1122376368089046
stream,1787,0.3743075679423352,10.072256093644238,1.0682839206170565
stream,1788,0.3742595520433822,9.999681351371885,1.0684220485675637
stream,1789,0.37444537553057006,9.636622179182904,1.0437501310493116
stream,1790,0.37851791646949606,9.918936252072477,1.0609132036258195
stream,1791,0.3819595630486747,8.397046145240271,1.0019124169466274
stream,1792,0.3856349838813299,8.068365149196337,0.8955004093201098
stream,1793,0.38960260827601173,5.969996444306381,0.7356406132446478
stream,1794,0.39298597688246745,5.073091060122525,0.5401805845473863
stream,1795,0.39423423386182027,5.2376323173460895,0.5051546623675643
stream,1796,0.3958725356448082,5.134471612302334,0.5118394697497796
stream,1797,0.3963807639285551,5.018833615116945,0.5557931519957546
stream,1798,0.39604850334836117,5.205088523551472,0.5676274096209384
stream,1799,0.3957283035923192,5.511918611975496,0.6410096314398167
