segment,end_index,PW_WTC,E_CCDC,CD2_P
stream,0,,,
stream,1,,,
stream,2,,,
stream,3,,,
stream,4,,,
stream,5,,,
stream,6,,,
stream,7,,,
stream,8,,,
stream,9,,,
stream,10,,,
stream,11,,,
stream,12,,,
stream,13,,,
stream,14,,,
stream,15,,,
stream,16,,,
stream,17,,,
stream,18,,,
stream,19,,,
stream,20,,18.212182080396808,
stream,21,,17.566557270160537,0.9275633170750177
stream,22,,17.61478985658731,0.90434554424001
stream,23,,17.924644239466623,0.9268204976105647
stream,24,,19.84165837687813,1.0822093202887753
stream,25,,17.194873599107428,1.0502577756299978
stream,26,,17.702215583792665,1.0907580689616836
stream,27,,14.864632013988224,0.9318913912097091
stream,28,,14.144264267765829,0.9617313189592048
stream,29,,11.92407235076922,0.9447085476519188
stream,30,,12.218727955843304,0.8235761559772463
stream,31,,10.015689681523078,0.7655983045724867
stream,32,,9.576147732951657,0.7757082334986707
stream,33,,8.823337117814564,0.7799216611333745
stream,34,,9.010067504400096,0.7598882591654507
stream,35,,10.35006952943137,0.8414635428169306
stream,36,,10.440730993025811,0.8666438255654195
stream,37,,9.12153363385241,0.8218839395262889
stream,38,,11.02241132697931,0.758191144429087
stream,39,,10.977719274459236,0.8099874676244593
stream,40,,13.110724398166205,0.888091955097134
stream,41,,14.57930826068057,0.8729570719879656
stream,42,,15.750845151228027,0.8351042776158197
stream,43,,15.872893999652828,0.7932750323080121
stream,44,,13.853257239081293,0.6771079167887167
stream,45,,13.715024367575689,0.6292071189314388
stream,46,,12.991202457748829,0.5729215329811311
stream,47,,13.12377376234414,0.5330623248095804
stream,48,,12.888657643428784,0.4970112806937109
stream,49,,12.100925835053697,0.5159204338563232
stream,50,,11.806716180689964,0.5151902231321919
stream,51,,15.227120371348086,0.6418997744443782
stream,52,,14.875733115419905,0.730756676138096
stream,53,,14.925730683394335,0.7261172920854574
stream,54,,14.86830283725042,0.7203274614312787
stream,55,,13.299038024971555,0.6114174517657842
stream,56,,14.069081175183221,0.6073407981859215
stream,57,,14.176264054843099,0.6775537030102661
stream,58,,14.300731380386521,0.6692270823567023
stream,59,,14.983993731494282,0.623034911159008
stream,60,,12.828077723545869,0.5663074976009436
stream,61,,11.596556646009997,0.5949571246944727
stream,62,,17.210095147525248,0.7015788852686046
stream,63,,16.511046017745404,0.9220047221499335
stream,64,,17.290234637924982,0.8958414672981321
stream,65,,18.65756337567541,0.8988977062846872
stream,66,,18.496289842154134,0.9527966989043926
stream,67,,18.337749083199608,0.9558529368448473
stream,68,,18.09089598717435,0.9607862016854396
stream,69,,18.20549187150818,0.9418770557592658
stream,70,,18.380483484713483,0.9395815892183177
stream,71,,15.75248336162795,0.8059304139336901
stream,72,,16.01449204837322,0.7634212026688273
stream,73,,16.442089492274985,0.7628386001370766
stream,74,,16.311051107453295,0.790096876848107
stream,75,,16.390187135248134,0.7934964703244857
stream,76,,16.624039879533523,0.8462923262210189
stream,77,,19.2006876074012,1.0312304932943737
stream,78,,19.893224828672412,1.349863631904157
stream,79,,19.28676730321278,1.4717300690129778
stream,80,,19.746782741822262,1.4667455803418272
stream,81,,19.02231332439713,1.4458614885458414
stream,82,,12.57200447849187,1.3426530766348665
stream,83,,12.816355461382468,1.1218199371092585
stream,84,,12.049850133513534,1.1093971673467926
stream,85,,14.019427450573083,1.2444347210219058
stream,86,,18.197082444230574,1.1785681438655142
stream,87,,20.434602151240412,1.1901581728144046
stream,88,,20.42138494901782,1.2374771373922633
stream,89,,20.757492597871213,1.246521543849484
stream,90,,20.805736592542047,1.2899129994207494
stream,91,,20.159687432746065,1.282661474486599
stream,92,,19.914526100204558,1.225111364055744
stream,93,,19.62060224802807,1.2254769804834948
stream,94,,20.252150100295296,1.2430259612611612
stream,95,,20.70126428757441,1.3356707485759223
stream,96,,19.57845595701947,1.3136700147171887
stream,97,,16.736112294097524,1.0155516587958062
stream,98,,15.319568069170193,0.7341929609748613
stream,99,,16.5953657205387,0.792635056241326
stream,100,,16.952066899809275,0.7718573625298814
stream,101,,17.26287419616032,0.7653709777970625
stream,102,,17.232272692548094,0.7565217717605772
stream,103,,17.708667390372415,0.7556991356563856
stream,104,,17.895554284913715,0.8190421093968507
stream,105,,15.598065263619366,0.6929733761366609
stream,106,,11.443860475503744,0.698875914385254
stream,107,,9.824076677135418,0.7240888571561009
stream,108,,9.757403572525629,0.7096271511774538
stream,109,,9.351747193277138,0.7056180242884664
stream,110,,11.599705933225689,0.7257154724433545
stream,111,,11.478163808633598,0.8476166792474955
stream,112,,11.451594056436676,0.8385107062695176
stream,113,,12.306732891052524,0.8610434018897901
stream,114,,11.689196034022556,0.8480278672568554
stream,115,,11.12039841137259,0.759311415119823
stream,116,,14.956951229984604,0.8138829352978052
stream,117,,14.936780548857492,0.9657965402662883
stream,118,,20.48294219417024,1.1434853270233383
stream,119,,19.29739746857634,1.2979999075455835
stream,120,,18.762569225022073,1.2939915751822966
stream,121,,20.775611042460607,1.4496203898472935
stream,122,,22.090930994976244,1.4518130651353418
stream,123,,21.66297190657796,1.4657910090709272
stream,124,,23.325047295034757,1.418559145741518
stream,125,,22.26231865946604,1.4801053156621937
stream,126,,22.87124369713462,1.4856814881300127
stream,127,,22.27415226911437,1.4976208520840375
stream,128,,22.457892088068924,1.458977640927842
stream,129,,22.459051565760056,1.4567243858279288
stream,130,,20.584034469631735,1.4072245597303696
stream,131,,21.381153573560578,1.2855403348367098
stream,132,,21.366070458461998,1.3160211180317827
stream,133,,20.332318539571467,1.2933094952529784
stream,134,,20.312508677451373,1.2624766219855819
stream,135,,20.299851330985096,1.2550461482898514
stream,136,,20.849240083242872,1.3022646935763607
stream,137,,20.960616992787102,1.3961751004983831
stream,138,,15.60472374785125,1.2399660447775909
stream,139,,15.46312854166061,0.9337612775478711
stream,140,,15.866421869661485,0.9413287377048422
stream,141,,15.801940402113777,0.9739758995846745
stream,142,,14.187582081866273,1.106519680410266
stream,143,,13.886497365285345,1.0950081275982755
stream,144,,12.857433521614986,1.1149493239861576
stream,145,,13.465161563608527,1.0416523024983588
stream,146,,14.162724030331722,1.0306407409360177
stream,147,,14.2509445921227,1.0752633654256356
stream,148,,14.13748677657935,1.0739231213645115
stream,149,,14.744659088298043,1.0764360909586195
stream,150,,17.68849618135625,1.0931121909829509
stream,151,,16.969710572607866,1.1773035969048222
stream,152,,17.12221982059334,1.140820622581386
stream,153,,18.084753601537443,1.1498650506285992
stream,154,,21.209502080742297,1.169369964704537
stream,155,,22.594543715124423,1.1859344407055323
stream,156,,18.100321674626674,1.074571500145783
stream,157,,18.59471835914829,0.8570045637295729
stream,158,,17.710173239872457,0.8621963895399921
stream,159,,18.58280610613547,0.820848967409572
stream,160,,17.941635895732176,0.832769134457394
stream,161,,15.919810019054447,0.6482083847780228
stream,162,,15.761351143940583,0.5313306103009393
stream,163,,16.802104941409585,0.5609586820076696
stream,164,,15.979475176749382,0.553169365860877
stream,165,,15.927322549221127,0.5645382869064718
stream,166,,15.68900381314849,0.6977223307650514
stream,167,,15.58039431042472,0.6411603810260761
stream,168,,17.00897094028877,0.6904124978314845
stream,169,,16.429456776015115,0.7052560692258273
stream,170,,12.89450362514331,0.6819594966629688
stream,171,,12.781948699852009,0.598023152050625
stream,172,,14.315639359709355,0.6779097308335311
stream,173,,14.431430716953518,0.8913430466343412
stream,174,,11.713303380302795,0.9740186268847183
stream,175,,11.184094249723314,0.9589458994222894
stream,176,,11.245385774992968,0.9295435643122572
stream,177,,14.397618765695517,1.1029352691519798
stream,178,,14.665235255133336,1.055280249387594
stream,179,,14.183806140771095,1.1424292639370184
stream,180,,16.305774059230224,1.2980867580145656
stream,181,,17.694839809319667,1.5662349593357336
stream,182,,18.50263151246258,1.555947594604454
stream,183,,20.53525276991783,1.53848047740296
stream,184,,21.38386129281696,1.5353439389244148
stream,185,,23.063609938893013,1.5373079531412304
stream,186,,22.644960870790992,1.4181517986668952
stream,187,,24.122559747221096,1.5196483163472079
stream,188,,22.611957681934683,1.5079526588137604
stream,189,,22.645149959057576,1.489865895868545
stream,190,,25.532023990723385,1.6534429294466109
stream,191,,25.520154960703916,1.7516680435243477
stream,192,,24.338421250110354,1.6799874272915452
stream,193,,23.272969525915617,1.4641902509370734
stream,194,,23.054359113432707,1.36200976433303
stream,195,,24.24562830497648,1.501599720550938
stream,196,,24.765873050213575,1.5022263829778426
stream,197,,21.062561184994024,1.3372656452482234
stream,198,,20.99421486642857,1.3155240430714201
stream,199,,20.5911214532403,1.2635583775321733
stream,200,,18.908187194949083,1.1084050055968515
stream,201,,18.463624253147653,0.9417439054598409
stream,202,,21.055766853868267,0.9486855287756883
stream,203,,18.83763066019554,0.9667943297371588
stream,204,,18.021571646553014,0.9919472285694415
stream,205,,15.873886547691662,0.9786142967204365
stream,206,,15.633778888577657,0.9962738578650846
stream,207,,15.040728652262096,0.9803441008688922
stream,208,,18.325393728454685,1.1715938897014706
stream,209,,19.200319323172728,1.46278841821667
stream,210,,16.575121392270315,1.4664159892500657
stream,211,,16.76560330198095,1.413274672990503
stream,212,,16.395287405329682,1.4086653474603705
stream,213,,17.07090799494101,1.4137355845710746
stream,214,,17.628763852219738,1.5245146206947169
stream,215,,15.565132906120454,1.410870152227443
stream,216,,14.983630809365692,1.3961630093723119
stream,217,,15.165944288691746,1.378061995411398
stream,218,,17.712428091777667,1.557443404755285
stream,219,,18.015225726167937,1.7572647986777015
stream,220,,19.18187812870316,1.761227291749679
stream,221,,18.198723902428785,1.7556091347319092
stream,222,,14.855598614949471,1.7658422674983287
stream,223,,14.004798779875902,1.7337759753317243
stream,224,,14.101070200507829,1.6828609275635518
stream,225,,15.44153565787608,1.7649246217827026
stream,226,,14.908343421298127,1.7788699086797355
stream,227,,21.210538081423465,1.8720963162838298
stream,228,,19.79766592493855,2.2043761926755714
stream,229,,18.891487632951367,1.9646602266688686
stream,230,,18.692682255099115,1.800239148845811
stream,231,,20.941176897782615,1.8723438659196578
stream,232,,20.852116470915547,1.9652025451713446
stream,233,,21.365355146107063,2.013228424667144
stream,234,,20.641018023385712,1.9560610268886063
stream,235,,21.826856167301386,2.0019208086737996
stream,236,,25.37552587817085,2.0282580961437056
stream,237,,25.45357626624492,2.2217554928994203
stream,238,,22.39756442307711,2.0219120645275015
stream,239,,22.09817185154659,1.8027995548475444
stream,240,,21.20193719654679,1.795217140062302
stream,241,,21.201548240935292,1.6961806295812198
stream,242,,21.137605677478767,1.6766107136697848
stream,243,,21.372339246722213,1.687450876090291
stream,244,,21.446779712049818,1.6826507161423692
stream,245,,20.55272236786622,1.6044195706301494
stream,246,,21.10598088236733,1.6241863178153542
stream,247,,14.978400576125086,1.4083053027316066
stream,248,,13.15344897969301,0.9016643848967132
stream,249,,13.103606579987478,0.8485299348293761
stream,250,,13.074122871708727,0.8395655446697886
stream,251,,11.860636568966575,0.760274252568434
stream,252,,12.095200102522643,0.7674456026584364
stream,253,,12.343991840446144,0.7345256183844853
stream,254,,12.425307138438326,0.7759231212664377
stream,255,,11.75620890372476,0.7116705118925613
stream,256,,8.177178230774752,0.7045774631671164
stream,257,,8.819981254187446,0.5182552554504808
stream,258,,8.874980393192805,0.6123735263436378
stream,259,,10.076943421870368,0.7278907421199998
stream,260,,9.638795157537805,0.7222368191939486
stream,261,,11.443413508278422,0.8572661523295797
stream,262,,11.69197106537323,0.8716288490049947
stream,263,,12.336491565054262,0.8649907223795491
stream,264,,12.874644714070483,1.0029510913113613
stream,265,,12.379332941632413,1.0104874594305524
stream,266,,12.619942541922004,0.9859676643401764
stream,267,,11.724511111544222,1.0544189581120451
stream,268,,12.04851643780354,1.0237247826774203
stream,269,,12.246967264934023,1.0728852841190935
stream,270,,12.807704514658022,1.0754433163361845
stream,271,,11.597163717407756,1.0764801170212925
stream,272,,11.653372043046774,0.9849126481535948
stream,273,,10.403349673120754,1.0068332686921742
stream,274,,10.908885887125255,0.9683428716366913
stream,275,,10.69439153034005,0.9625867305264163
stream,276,,11.213607722997091,0.9446216426132313
stream,277,,10.339032480850067,0.9160838993014712
stream,278,,13.326923847594504,1.0140592406844025
stream,279,,12.261354431202344,0.9607581663373033
stream,280,,12.58559673060429,0.9532218287578419
stream,281,,11.790073236964021,0.8194827749199489
stream,282,,11.6083507579337,0.8275219847989256
stream,283,,10.997707758200558,0.8219307583387496
stream,284,,10.285241273963358,0.6861630551253591
stream,285,,10.686091806583228,0.7052156569159339
stream,286,,10.179467871042412,0.6563772771564095
stream,287,,12.8615738910114,0.7420016148870172
stream,288,,12.954797762723798,0.9048988360738957
stream,289,,12.976453555287858,0.910091791729748
stream,290,,14.54722775087886,1.068043088355436
stream,291,,15.978394295375603,1.029595866852956
stream,292,,17.300065289324937,1.017845065798661
stream,293,,17.12680100379819,1.000412132624275
stream,294,,16.554286722186053,0.9426944983242694
stream,295,,16.29532389132894,0.9390711684886646
stream,296,,15.771579522376678,0.9419596161159147
stream,297,,16.962153716322355,0.9927965138064063
stream,298,,14.067576910772383,0.9311683412573044
stream,299,,14.42550349369599,0.8527249007670373
stream,300,,13.781441528844438,0.8678015146606207
stream,301,,13.650200338912398,0.913796808658182
stream,302,,14.76611940102866,0.8861729155194009
stream,303,,15.420148962385413,1.0238899562595514
stream,304,,15.86263341283883,1.116900511828754
stream,305,,17.475646182770102,1.1053881417911369
stream,306,,17.299465843549285,1.2185422844613942
stream,307,,14.602847051549649,1.0874063924470156
stream,308,,18.245790285798275,1.1270690340494114
stream,309,,19.82459093947761,1.0836885533749987
stream,310,,20.2714613011359,0.9252157760127253
stream,311,,19.44949212473637,0.9417958191392685
stream,312,,17.865564876544255,0.9886585366589967
stream,313,,18.135865017056634,0.9862244607417298
stream,314,,19.20291803075861,1.0786719805632392
stream,315,,19.16751509687303,1.132537321596158
stream,316,,19.171760686532853,1.129842562279474
stream,317,,18.720355679300788,1.0960310678372827
stream,318,,20.850303084970623,0.9690364168535334
stream,319,,20.341325846854463,1.0499426310779476
stream,320,,20.550208855576514,1.041844077947822
stream,321,,19.476898491811784,0.9927316937196738
stream,322,,18.411249484598372,0.9958989925391408
stream,323,,18.483744980187048,0.93765748341969
stream,324,,18.664608593068934,0.983676677911969
stream,325,,17.93110448819435,1.0949091841032175
stream,326,,18.9554400796211,1.2001944480521471
stream,327,,21.074126514095834,1.1821879734046417
stream,328,,19.315336606987216,0.9552491504003345
stream,329,,18.13166535418434,1.133100235849453
stream,330,,18.627117970773536,1.3912055618203518
stream,331,,18.337927535564734,1.413072738707648
stream,332,,18.28624005531493,1.3685238927612882
stream,333,,18.055850264550237,1.3434461170708085
stream,334,,16.975684612155952,1.2717024217890298
stream,335,,17.13072047085795,1.2277292768711874
stream,336,,19.6413150374765,1.277321443834742
stream,337,,19.24843248097994,1.449159888839898
stream,338,,19.221372909511043,1.4736552885310161
stream,339,,19.218500436097955,1.4828327323534667
stream,340,,19.31750736129975,1.4837729201339458
stream,341,,19.67462540564053,1.4842869137308048
stream,342,,19.891036403213473,1.5281690673352997
stream,343,,19.821825972576438,1.4513730227796369
stream,344,,19.336112785790817,1.321102082667836
stream,345,,18.011814596246037,1.2027112563925326
stream,346,,18.68024242320156,1.054349579425683
stream,347,,16.732424641413118,1.1815145715022517
stream,348,,17.92235128989646,1.248203855470485
stream,349,,18.209806681292598,1.0858406056370018
stream,350,,15.738269573365889,0.8250589068157816
stream,351,,15.653533355825783,0.7905092084622913
stream,352,,15.801113616050822,0.8165098627262795
stream,353,,16.41355216990703,0.8205749143814697
stream,354,,20.25208206608572,1.0837994702422171
stream,355,,20.105125918727676,1.230815159658669
stream,356,,18.865349951798294,1.2581935356145326
stream,357,,20.554159238176105,1.3223177932990728
stream,358,,19.433024288509998,1.2946827810619022
stream,359,,19.900252406013376,1.2186796034432636
stream,360,,19.607565044901268,1.215973228602357
stream,361,,22.17803460763508,1.3191126330570335
stream,362,,22.63993563650405,1.5115063023450581
stream,363,,22.540740519700527,1.5085375854735819
stream,364,,22.41479781525263,1.5445897342357837
stream,365,,23.927688087692314,1.6317151191079171
stream,366,,26.37904319146762,1.5952564781143366
stream,367,,26.22863824555161,1.6939699909356367
stream,368,,26.201456099202982,1.6976210014372017
stream,369,,25.270527326028162,1.780937833892443
stream,370,,25.716066283166104,1.8256197570838835
stream,371,,26.890352812092072,1.8211284922884396
stream,372,,26.818126219473264,1.8160602923422036
stream,373,,26.473283935642847,1.8114509613449654
stream,374,,22.629427363830064,1.5521889304232734
stream,375,,22.639730787662312,1.3971078467573037
stream,376,,21.394391533165983,1.3230611952084173
stream,377,,20.411342731770777,1.0875873667042733
stream,378,,19.155682485180385,1.1610334641680629
stream,379,,18.918228711003998,1.1841348278002237
stream,380,,18.90321155340982,1.177404293254451
stream,381,,16.23697843014709,1.087831375448503
stream,382,,15.567718472975105,0.8783853702938123
stream,383,,14.843605978193212,0.8903228871024071
stream,384,,14.81265401620767,0.8445978990759055
stream,385,,13.346995395486786,0.7455808232754529
stream,386,,9.058118323317887,0.7135145770623583
stream,387,,8.974061274220782,0.4816973551604043
stream,388,,5.689469604147829,0.4362859418591941
stream,389,,6.560056280021984,0.40083362869369216
stream,390,,5.938262831882037,0.35749194956337627
stream,391,,4.552291420367744,0.3659923439987867
stream,392,,4.443157397225312,0.3436900888668493
stream,393,,4.83464181837814,0.3636481906711152
stream,394,,5.856272701579007,0.4691845288209977
stream,395,,6.894217520590755,0.4675519267675071
stream,396,,9.34504967110636,0.7201342053882951
stream,397,,8.269110739999904,0.8437888459167828
stream,398,,10.33554267534872,0.8942192829462836
stream,399,,10.32648521783958,0.9005202544241552
stream,400,,10.395913755670804,0.9171155281268898
stream,401,,10.262308885375404,0.9030464417024453
stream,402,,10.37414690494996,0.9052066992470293
stream,403,,10.528509140839224,0.8938517849701851
stream,404,,10.50553157237777,0.8965465308180148
stream,405,,11.357039120523385,0.9280317819042668
stream,406,,11.558293166773646,1.0046484219656546
stream,407,,11.749938708046587,1.051934006148997
stream,408,,11.798859777436274,1.0658769916633106
stream,409,,10.933876978971607,0.9982806523346921
stream,410,,12.289976474181973,1.0737668329511605
stream,411,,14.13831033336131,1.0643873425090031
stream,412,,14.984454010792719,1.2580238881881547
stream,413,,14.317589877504085,1.2835548521592284
stream,414,,13.513886546331054,1.1552970453582225
stream,415,,12.76900087680372,1.1957256635605316
stream,416,,10.29998613165812,0.9556461936553574
stream,417,,10.411192118908321,0.8144772749909832
stream,418,,8.245938914680636,0.6890818171729742
stream,419,,12.058320239523738,0.7437103087836406
stream,420,,12.21346256622661,0.7957496477493587
stream,421,,13.8836639221629,0.8215102807668215
stream,422,,13.733255807632522,0.8352743237484233
stream,423,,13.490225667665289,0.8373756025296096
stream,424,,15.383783462000503,0.8967882705784264
stream,425,,17.974112294056148,1.2392031392515617
stream,426,,18.319741894680728,1.4029147183854138
stream,427,,18.19394068661219,1.39620276993942
stream,428,,18.13371003108529,1.357833494969599
stream,429,,18.158084193484452,1.3522003245877396
stream,430,,16.658773307117293,1.2916341149363844
stream,431,,15.243671342257802,1.3454995026710475
stream,432,,16.469667771109904,1.3289139905590568
stream,433,,16.844372849419976,1.3047419464856294
stream,434,,18.567986205146155,1.4936057002895993
stream,435,,18.364929142707275,1.4831284055793341
stream,436,,22.810449096205332,1.699872695657775
stream,437,,25.241238177654765,2.242514276702342
stream,438,,27.73936577382245,2.5831359383640113
stream,439,,23.708502437765592,2.581506681791692
stream,440,,23.798596042973916,2.5264504832514167
stream,441,,22.45809096768948,2.5599347696988444
stream,442,,22.788385361507796,2.514378968705033
stream,443,,23.880967605957135,2.613525217603228
stream,444,,25.57208875089938,2.58070151146654
stream,445,,22.097336728484247,2.313088670496379
stream,446,,21.57074462839208,2.0724064879273514
stream,447,,21.420488657866255,2.0312852008761233
stream,448,,22.322523859329745,2.067280895306273
stream,449,,22.684326990502786,2.0732196287447815
stream,450,,25.32851080706312,2.0962402309962784
stream,451,,25.235922169910843,2.0884446750499426
stream,452,,23.428807326086527,1.963979890784145
stream,453,,22.991702231298458,1.9412583876591136
stream,454,,21.036720377976632,1.7513327352118755
stream,455,,21.303285747483393,1.7397136364397872
stream,456,,17.02326354914415,1.506948896731041
stream,457,,15.878488389258832,0.9783157788352923
stream,458,,14.349379599216531,0.6394295159855115
stream,459,,14.43321353118106,0.5960031989465756
stream,460,,14.116923037616958,0.5854059216680592
stream,461,,13.701063140291579,0.5336096152049677
stream,462,,13.286655576491665,0.5380900028931751
stream,463,,12.187681548037613,0.43625987031635155
stream,464,,8.628775596414684,0.40833556714595326
stream,465,,8.6313595248743,0.30186548250941375
stream,466,,8.622006308471427,0.3010319554532213
stream,467,,8.710656541256073,0.30358996873912536
stream,468,,11.753689921631548,0.4491138190561136
stream,469,,11.790498578916155,0.5036181941022781
stream,470,,8.967881479759784,0.4714635905140995
stream,471,,8.664312578551913,0.4255421319424868
stream,472,,8.725037947031467,0.37389559262682504
stream,473,,8.951038404147162,0.3726627925830447
stream,474,,10.643628169831995,0.48493402415419834
stream,475,,11.732310412080839,0.46655597519155434
stream,476,,11.571038631401692,0.5128746253548158
stream,477,,10.361997569384762,0.5147001815847716
stream,478,,9.277625832291552,0.5302312100665233
stream,479,,9.417750532574674,0.4834792967365088
stream,480,,9.428771358866015,0.48321958300824747
stream,481,,10.817904519177842,0.5296249170486311
stream,482,,10.984372804484499,0.5547759949003126
stream,483,,11.454372320693995,0.6037400102022248
stream,484,,11.473212576488425,0.6149882477831672
stream,485,,11.591023762944724,0.6156161760699486
stream,486,,11.638340725059663,0.6235303363848758
stream,487,,11.54880484630547,0.622810262531449
stream,488,,7.465144497921385,0.4417627573248993
stream,489,,7.237231414395642,0.3823251007632593
stream,490,,8.04944149270996,0.39078689139476724
stream,491,,8.747595335044178,0.5118314666715222
stream,492,,8.427025728581704,0.530590373199512
stream,493,,8.246452642429608,0.5352343954792155
stream,494,,6.568812348123981,0.4220801783894015
stream,495,,6.32362105466075,0.48773117238955543
stream,496,,7.04943383491548,0.4418125834598882
stream,497,,6.83256241630489,0.43006353145462656
stream,498,,7.184942602626226,0.41745564054529155
stream,499,,8.118585336714538,0.5245799933381641
stream,500,,8.191939494778909,0.5339167768407198
stream,501,,6.694919144306328,0.4908304807318981
stream,502,,6.617841125955583,0.4643083320532957
stream,503,,6.760668463465639,0.47318749037734703
stream,504,,7.064320383181996,0.4602639482385855
stream,505,,6.931465653427032,0.4663500026121582
stream,506,,6.939288375405323,0.4585275054659707
stream,507,,7.478541897977188,0.4953305148177576
stream,508,,7.522799452065295,0.49818167860171575
stream,509,,7.861821238673359,0.5292424715201053
stream,510,,11.725412027936102,0.8336609922115754
stream,511,,12.98707227909692,0.7286953437282355
stream,512,,13.586422946588007,0.8766013548091709
stream,513,,14.811860619839683,1.0014479424165432
stream,514,,15.052134173988556,1.0097274434991728
stream,515,,13.825936603951652,0.9624544994757958
stream,516,,13.9955041194477,0.996036875435862
stream,517,,15.90640976067027,1.1924291195140841
stream,518,,16.43103254662041,1.3810519458097397
stream,519,,18.66912665426714,1.533524976255551
stream,520,,18.594198840633943,1.655673979504242
stream,521,,19.63812642020496,1.689111059363656
stream,522,,19.60977995069468,1.7059614124071165
stream,523,,19.033087575663515,1.6637541771616304
stream,524,,18.73477140386478,1.6669939823345317
stream,525,,18.879264651958735,1.6602799989986696
stream,526,,18.988199804523706,1.6595604177220804
stream,527,,21.743975531190646,1.8130130814804557
stream,528,,21.684859302315026,1.8804594449589624
stream,529,,21.631413392362425,1.8871892126259604
stream,530,,17.710462131822748,1.6701966988170014
stream,531,,15.73293024244507,1.670196724443392
stream,532,,15.54391187344469,1.5248943496924081
stream,533,,14.403414381431807,1.4011430798859839
stream,534,,14.222486214313154,1.3940624722660513
stream,535,,14.53898913438401,1.4027278076992848
stream,536,,13.792976669956959,1.4033846943223116
stream,537,,11.997519342030484,1.2388845061772351
stream,538,,15.562770371555075,1.2851030413444025
stream,539,,13.442633701771562,1.054063289568361
stream,540,,14.6155097890838,1.118329715081465
stream,541,,13.60444798999875,1.1201834220732356
stream,542,,14.885796384041544,1.1320155463382533
stream,543,,15.055628415581548,1.2170946226827435
stream,544,,15.217314906014707,1.2129718316141846
stream,545,,15.842556865402216,1.2752303474529703
stream,546,,15.714033381159666,1.2956925838107527
stream,547,,12.578913051778928,1.1030507961593212
stream,548,,15.205669691314451,1.0856325854128397
stream,549,,14.768854376171852,1.2019176559333633
stream,550,,14.273747679360895,1.1260366197711562
stream,551,,14.206821895909878,1.1215132724130994
stream,552,,17.871971358094164,1.220347010627417
stream,553,,17.722563200124714,1.3472689981478827
stream,554,,17.921438170396666,1.3543496057678153
stream,555,,17.84387388997452,1.3588372585552793
stream,556,,20.458180057150546,1.3724311866215608
stream,557,,24.71393007913948,1.3459393047320547
stream,558,,20.314531986481366,1.2168566260960025
stream,559,,23.4231529099916,1.3769108600983269
stream,560,,24.629423672947972,1.698962959399188
stream,561,,24.873771694979073,1.8111913309765522
stream,562,,26.476584551071205,1.8307448820561731
stream,563,,26.282829856718024,1.8603580709624283
stream,564,,26.45080111370136,1.8850243933060529
stream,565,,31.82736223125713,1.9576849951242332
stream,566,,31.815535031869906,2.104658979886918
stream,567,,34.35894774047606,2.1977188899187805
stream,568,,31.947226559389044,2.1929659762137583
stream,569,,31.885564499262113,2.042783452031223
stream,570,,31.961746864425344,2.028075296144636
stream,571,,34.23416103907541,2.209744166158321
stream,572,,31.6915185312463,2.090644733511175
stream,573,,32.09963379341988,1.9690832586758305
stream,574,,31.812296596433697,1.9767571051510393
stream,575,,32.69327547681765,1.978329131416603
stream,576,,30.476369195278746,2.0311952932728103
stream,577,,30.048456407170388,2.315909681402086
stream,578,,30.100413749990814,2.310184852368929
stream,579,,25.753063091489153,2.1304040498054757
stream,580,,23.415446771883698,1.6074235778092243
stream,581,,23.317117250426765,1.4748974014647773
stream,582,,24.378154596395223,1.6179537460938538
stream,583,,26.655712853561763,1.4949371613323472
stream,584,,29.44080233441862,1.4709829165600508
stream,585,,25.25794418811933,1.3402200035782876
stream,586,,25.818826312972554,1.1908252447201055
stream,587,,27.46021237594487,1.1660073885075557
stream,588,,27.834963255664146,1.1804751634806299
stream,589,,27.83511734442182,1.1918026313293077
stream,590,,27.38022566415245,1.1787993424996874
stream,591,,25.21768066311556,0.9907968686606877
stream,592,,24.18188875280298,0.9942065349078238
stream,593,,24.21093148466883,0.9829997467263287
stream,594,,27.590184637475794,1.0158847872477246
stream,595,,31.08957556006971,0.9934123913658407
stream,596,,32.41436181533205,0.915015277576714
stream,597,,30.091947689637223,0.6185969111820195
stream,598,,30.096959490692246,0.552696375790391
stream,599,0.9150595844710819,30.157169182332638,0.5384405827209082
stream,600,0.9163097244954458,30.80840668794966,0.596237882426339
stream,601,0.9165032858260755,30.730437840954547,0.627617151687038
stream,602,0.9169471970111234,30.904164466764676,0.6473532795463035
stream,603,0.9170886305223965,28.618083534044963,0.7933640912204798
stream,604,0.9172583216103585,25.79234397109991,0.8017575327733525
stream,605,0.917312266486082,23.99995382295773,0.7987468673782802
stream,606,0.9171701373550978,23.461905596251345,0.7943620270224477
stream,607,0.9170915250534601,19.153888035765945,0.7282212517893001
stream,608,0.9170760317219144,18.972662924177918,0.6740205218774104
stream,609,0.9171494821282566,20.692485106727304,0.673325522682446
stream,610,0.9169817584392391,20.800657397096103,0.7065161074209129
stream,611,0.9166404944870418,22.994804375917955,0.8412486542281955
stream,612,0.9163840423216758,23.700178574753014,0.8383604811800952
stream,613,0.9163089648615689,25.758891566003456,0.8555342366684432
stream,614,0.9162488250626728,23.41736014385565,0.8166654500967008
stream,615,0.9160410900908791,19.062198441544353,0.8152658574088334
stream,616,0.9154834507024082,17.56489166346836,0.7948015470416951
stream,617,0.9149154602432175,15.891047812017595,0.8059472057696033
stream,618,0.9144423026119777,15.77129683798668,0.7670753405818644
stream,619,0.9139895463153492,16.564588541998766,0.7994476878703874
stream,620,0.9137444767252187,15.888466295216757,0.7707015951360195
stream,621,0.912971411479842,16.46218714370372,0.7256361666723875
stream,622,0.9124689332284744,12.276759382609724,0.5367564178393599
stream,623,0.9114582369861226,15.350684027386382,0.47600709309262407
stream,624,0.9110095988536837,15.024632958387741,0.6015582028071178
stream,625,0.9104947669930715,15.752525506947558,0.6457225997467929
stream,626,0.9106585790860703,16.307100449163215,0.7368385031571079
stream,627,0.9117647817166765,16.762934310761327,0.7347372193308186
stream,628,0.9121079476774516,17.153611854624476,0.7260887225861687
stream,629,0.9119090633319692,15.470109210385269,0.725630405646639
stream,630,0.9112749360772641,15.436977790584585,0.7031580333682206
stream,631,0.9110776573408178,16.141279784448912,0.7144864855268149
stream,632,0.9104724662994789,15.180682626614242,0.7637050788032181
stream,633,0.9101520409912854,12.982402234795805,0.7457130709351328
stream,634,0.9091177109812129,12.693485685895059,0.7990497709433977
stream,635,0.907972491392486,12.429223772850419,0.8235633681964102
stream,636,0.9067050899988256,13.23185313298751,0.8639291030004272
stream,637,0.9059673985592616,13.567183301636222,0.8613368980544229
stream,638,0.9047258774150072,14.753724808909118,0.8739924364513952
stream,639,0.9047276293319867,13.8714336612013,0.8730467101932575
stream,640,0.9050344192635953,14.338502949939642,0.8630455152681598
stream,641,0.9054107527583106,13.861559786627462,0.8516906231073254
stream,642,0.9060565130586038,14.028548046883209,0.8494999854269434
stream,643,0.9069795477333139,11.327205216657639,0.7949743675815834
stream,644,0.9081870137415364,14.762204309332198,0.8666869289915218
stream,645,0.909134950455197,13.88195185032687,0.9487095880171607
stream,646,0.9094853610402696,13.36458083457801,0.8452048123569897
stream,647,0.9097624350707293,13.924572547991696,0.9148255318634868
stream,648,0.9097852183342888,13.070415067664634,0.9529778558331601
stream,649,0.9095978226247085,14.082841804031904,0.9813996310390631
stream,650,0.9091256532349201,14.029347158692802,1.0166903561984801
stream,651,0.9085008858815921,12.577717332472611,0.8975647675037832
stream,652,0.9079030055999644,12.747966869863417,0.8675557027580426
stream,653,0.9076354509680167,13.675148350523264,1.0244028186146759
stream,654,0.90755709446436,12.967254862785907,0.9818003438937754
stream,655,0.9072336338540478,14.579470294518229,1.031314298091863
stream,656,0.9069555499831337,13.385861281787886,1.0449828266997003
stream,657,0.9071290232335419,13.398276721755146,1.0533289111641544
stream,658,0.9074719279946409,12.363608607227514,1.0699073531328644
stream,659,0.907639319276958,12.366900387464229,1.0429720023189466
stream,660,0.9080759996463393,11.898715762622228,1.0244587661053441
stream,661,0.9085215644845237,12.665360088235174,1.047309179995599
stream,662,0.9084591061068478,13.58148648262019,1.0240017161680757
stream,663,0.9077335294589205,13.989027155989818,0.9889229478694705
stream,664,0.9070731045924769,11.146833915065928,0.8916274213084371
stream,665,0.9066309905866717,13.354253775535328,0.7873301778828666
stream,666,0.9057222547284121,13.428996620696307,0.8284514718644224
stream,667,0.9050015613958211,12.41254189527729,0.7581911859889178
stream,668,0.9039488703974745,12.475871266677027,0.7194562571218022
stream,669,0.9026408730532524,11.894411621822869,0.6801638294732768
stream,670,0.9014493957934897,11.95344758398941,0.6783101656273204
stream,671,0.9006866337676295,10.615587883666754,0.6463394431613995
stream,672,0.8996909503738405,10.270769542891408,0.6437663854369403
stream,673,0.8996577315367538,9.042197832323914,0.48705262284122497
stream,674,0.8992064785635564,9.091658766356614,0.46991201895801243
stream,675,0.8987274650291137,7.751576708889807,0.40697864636678244
stream,676,0.8973412211126223,7.809801561057023,0.3683537019519564
stream,677,0.8974184940254382,8.243112934871236,0.3949369776771633
stream,678,0.8973155049880189,9.102660028557661,0.5038461729097152
stream,679,0.897181680860493,10.214298653936376,0.6659234277518296
stream,680,0.8958598158457277,10.207619265832713,0.7058152295762541
stream,681,0.894954787091403,9.48502925810203,0.6969409593906385
stream,682,0.8941304463202355,8.552266268116911,0.7189275424714304
stream,683,0.89271347030385,8.024139128844268,0.7161455180031098
stream,684,0.8898200608533817,7.801957722452433,0.6073118856888978
stream,685,0.8877711359451569,6.839654154547067,0.687918474034888
stream,686,0.887439219535881,8.056547822535425,0.6463971262376191
stream,687,0.8885925986416119,11.198145757315388,0.6599737626651533
stream,688,0.8894865064143805,11.478397266495103,0.7058952668717825
stream,689,0.8905334000991689,11.52307238454625,0.7578579057687262
stream,690,0.8923459052392934,12.337307005688853,0.834834795336773
stream,691,0.8938444924292746,13.020677489157942,0.9479279713206219
stream,692,0.8960469194465062,13.253810650021267,0.9305714021976819
stream,693,0.897258134063941,16.452925401012887,0.9783387586880752
stream,694,0.8973195732931865,19.32247223142875,0.9749391851511854
stream,695,0.896960862700764,19.848693460970615,0.9788558792168037
stream,696,0.8962140473722904,19.947838673387132,1.0283860298108611
stream,697,0.8973576082766354,24.54392856270628,1.106096091694388
stream,698,0.8987680636353759,23.7480950345666,1.0784500813120705
stream,699,0.8998405496843611,22.706390972314253,0.911988503616399
stream,700,0.9004305226739869,22.72221198052776,0.8713657259584027
stream,701,0.9004435358715512,22.624999700398465,0.8608262040927513
stream,702,0.8996185112642345,25.785084227421766,1.0003542147950415
stream,703,0.8984300968481694,25.536472459719874,1.1065005618208723
stream,704,0.896607738362164,25.275441533580196,1.1069726019335862
stream,705,0.8947847305562633,24.272901050098366,1.0040502493630499
stream,706,0.8929061857642071,22.921680025456308,1.0038104816204483
stream,707,0.8904088546830894,20.540500297359298,1.0412074474515105
stream,708,0.8883350979536909,20.64147266102174,1.0889284579726415
stream,709,0.8863683216823701,20.155773283752648,1.0335858848382824
stream,710,0.8857805519027813,20.553524664293224,0.9512761259278338
stream,711,0.8861139434595442,20.609672595163733,0.8384872095731596
stream,712,0.8856343167632947,21.950859615203278,0.9888408420723411
stream,713,0.885603845278615,18.928422726850435,1.0513879083395516
stream,714,0.8850719845159639,16.066939978502337,1.0753406288009766
stream,715,0.8847472781340496,15.941763308729382,1.0569791494127367
stream,716,0.8846370879112747,15.79773669948783,1.0074489998328118
stream,717,0.8845422287562463,10.42605784846644,0.8875352745293995
stream,718,0.8837848247555724,10.863658945621786,0.8027987430324349
stream,719,0.8836476092427032,11.10511642496656,0.903791208966697
stream,720,0.8838428846390405,11.110646039356629,0.9060100561835999
stream,721,0.8837169189995775,10.964585476855605,0.9100751083198209
stream,722,0.8828090103771751,8.129749741033502,0.7550119345627029
stream,723,0.8821796642068742,8.97765252730314,0.7561577275148856
stream,724,0.8819769900398655,8.979929068874442,0.7678386788943359
stream,725,0.8811108143922928,8.968857052563585,0.7888488392924562
stream,726,0.8808101219182509,8.934554059211836,0.7932038946465567
stream,727,0.8802064874355541,8.13762761582898,0.7434180319090062
stream,728,0.8798367801874623,7.818787941862996,0.6540238907676964
stream,729,0.8789189597462377,7.797725821608709,0.6520142813581175
stream,730,0.8796333182686311,9.487689713489242,0.7207582327044776
stream,731,0.879760518515583,8.676538447444196,0.8701906819247875
stream,732,0.8800254035574998,7.157701993773927,0.7376977676823274
stream,733,0.8803186526606355,7.073081239614839,0.6273833422198638
stream,734,0.8804863926744715,7.031057219039123,0.6137720848056226
stream,735,0.8796134686618863,7.107368944666636,0.6214112103811066
stream,736,0.8788240386713905,7.100025049116484,0.6251453208679778
stream,737,0.8785967980410002,7.369682158363159,0.6390010534124215
stream,738,0.8768565834739673,7.249095507568055,0.6642940308129113
stream,739,0.876528537633306,8.838722126943955,0.7276325677067914
stream,740,0.8758978236711812,8.894805772316696,0.8318951944178338
stream,741,0.8768645428448302,8.889196808435626,0.8306781902759008
stream,742,0.8781846094789574,8.429907547694278,0.8261716508500745
stream,743,0.8786452755344595,7.589520276755053,0.7186052959378024
stream,744,0.878879291908336,7.468419894134938,0.7069243445583522
stream,745,0.8782956068823119,8.542559560946309,0.7184346052665195
stream,746,0.8782386407251662,9.060076961158181,0.7236837616303217
stream,747,0.878130715038869,10.094010848909285,0.7235615505913924
stream,748,0.8780825438832529,10.032249568819855,0.7792765015916905
stream,749,0.8778238822689705,10.350365253590917,0.7864027034877735
stream,750,0.8786690169466963,9.037913355180914,0.6997532753168373
stream,751,0.8796196179534521,9.90712081333572,0.5515083064060615
stream,752,0.8809002137620826,12.632248372099731,0.5583027644166448
stream,753,0.8819357210436891,13.782828407729527,0.571776557723838
stream,754,0.8825833571893171,14.430610686106858,0.7110692630083767
stream,755,0.8830698314529283,13.68536774680644,0.7171343770646479
stream,756,0.8830525925437416,15.919049742931879,0.7652256084894025
stream,757,0.8827098908837034,16.222415909541876,0.7889740250073838
stream,758,0.8818581236268366,16.416315741205935,0.7381829773213316
stream,759,0.8803954518181557,16.587567480263207,0.5819093273386207
stream,760,0.8787698681614535,16.51895315527196,0.5444008848187515
stream,761,0.8771382598258537,16.513354761577254,0.5397721176141153
stream,762,0.8763153824912382,21.37024940256714,0.7248410259719019
stream,763,0.874973201273818,21.384803645562872,0.8816882228274472
stream,764,0.8733992456024057,22.296418742483798,0.9260234006933571
stream,765,0.8718625427739811,21.250381870068864,0.9005374998441155
stream,766,0.8705086606559409,22.079200348632373,0.9107676251702731
stream,767,0.869422838074747,21.193760482353223,0.9373829591058629
stream,768,0.8689869195782958,21.135657096756947,0.8858247368487546
stream,769,0.8682306972654642,21.63385532167836,0.9215420335043235
stream,770,0.8668414743016458,19.942682374570836,0.9360826667224201
stream,771,0.8649872053117504,18.938948640501668,0.934282534069566
stream,772,0.8627266480893178,18.193428569197625,0.9732108950195467
stream,773,0.859820327156901,19.37614571305589,0.9597371043131799
stream,774,0.8571222309920875,18.686285840266144,0.8732455843650913
stream,775,0.8542681899959896,18.75077808934632,0.8625558906769581
stream,776,0.8495418431280664,18.7257028896051,0.835686963558189
stream,777,0.8456724087786697,18.14934200275622,0.8704357968291634
stream,778,0.8452595602269134,17.620576534230942,0.8745585849340418
stream,779,0.8448810292854589,15.710345182040568,0.8927069900796096
stream,780,0.8466557958529177,16.095297953663316,0.8243732760227342
stream,781,0.8506844077179317,18.9355972758321,1.0286296360961795
stream,782,0.8528281363401627,14.995011812656893,1.119063557115112
stream,783,0.8541151625747423,15.028236552441612,0.9783828595627239
stream,784,0.8557425332556005,15.812477825201455,1.0268524830945238
stream,785,0.8574012190371109,15.620083708952965,1.1065709410930573
stream,786,0.8577709222784383,16.594899017492317,1.145353546472285
stream,787,0.8590609721905653,16.86268295024725,1.3202772345979097
stream,788,0.8601490994690125,16.888073874978836,1.3234277180229022
stream,789,0.8600843774286281,19.440510425060786,1.4200478237450749
stream,790,0.8586716545757914,19.478784915427813,1.489313199388794
stream,791,0.8583458430946755,19.844343034746476,1.5013724205979637
stream,792,0.8580803229633522,18.23529142780071,1.4897563258067863
stream,793,0.8594407607386131,15.806724340395888,1.5092952100148036
stream,794,0.8605800426557748,15.989571677450769,1.4559584918948796
stream,795,0.8619799755436255,15.921885279548997,1.4510826989157921
stream,796,0.8627175886286604,15.413754772209558,1.444109527336221
stream,797,0.8636568550241344,15.411160183525798,1.4394504785019535
stream,798,0.8647517214179531,15.369889917012888,1.437885976996231
stream,799,0.8649578743367484,16.505638647582607,1.4881599285448106
stream,800,0.8656306636821101,16.656936282710763,1.4895001866474804
stream,801,0.8665635074645622,14.250402839316468,1.2831920105463268
stream,802,0.868459483150951,13.616872546248532,1.0593357316919432
stream,803,0.8701504948932081,16.142221289613882,1.0770014287351914
stream,804,0.8714885963183887,15.403156274037084,1.2210910426055936
stream,805,0.8736544494542134,18.379580696859893,1.159379110473638
stream,806,0.8760668497130888,16.1005378096557,1.188645604112624
stream,807,0.8783429579731334,15.710407299614635,0.9897868500373288
stream,808,0.8808756207884734,15.766914478010245,0.9863155783100925
stream,809,0.8828818686891312,12.399252489855545,0.8547661473667876
stream,810,0.8851968452769824,14.898908176905016,0.8480937261347168
stream,811,0.887237609820121,14.520492014222373,0.9120265604333496
stream,812,0.8890952966946549,14.593359654860079,0.8818823354011586
stream,813,0.8903108270102174,16.9119857923263,0.883127028859441
stream,814,0.8919484712966353,17.685606648347413,1.094046356635772
stream,815,0.8932942176303784,17.94490646451056,1.1758245477231941
stream,816,0.8947569402929954,16.327073355399193,1.140787736737746
stream,817,0.8954616694597486,16.411312253354758,1.0719060563776306
stream,818,0.8965081623688063,16.324988167770798,1.0700598380408668
stream,819,0.897111332977079,17.248087585801734,1.048503593162023
stream,820,0.8974906764996061,17.37477108736948,1.2360791417499664
stream,821,0.8975663071891224,18.1237641075571,1.3738987231638737
stream,822,0.8975834135273909,18.066624086051558,1.4024320919067694
stream,823,0.8969848963386258,15.621150177966907,1.390799583131056
stream,824,0.8960174950237826,17.5191451287266,1.3098270315947915
stream,825,0.8952403487911038,14.484962799712624,1.3649612230364707
stream,826,0.8945921818908587,15.270794686365093,1.2922227993128244
stream,827,0.8945351129880107,15.296220654321905,1.327268897155955
stream,828,0.8955492408993838,15.858206723510886,1.326801731251214
stream,829,0.8972092069424343,16.22224181713491,1.3194051732630045
stream,830,0.8984152842665095,14.308525509843536,1.2213852073525004
stream,831,0.8988554779882402,14.864809429317877,1.2354501403473
stream,832,0.8987253882942551,15.883355780791677,1.2187425184196652
stream,833,0.8972621636463669,15.643532534333797,1.1999835659582787
stream,834,0.8957243110057354,14.672872422503414,1.0622276478196744
stream,835,0.8950974393499014,16.551162632094808,1.0429825379235356
stream,836,0.8938793017444763,16.96888235068558,1.2235433220687808
stream,837,0.8934051383522104,16.88448805438045,1.236516037642422
stream,838,0.8922714543508485,17.509741390328294,1.2687814146482563
stream,839,0.8913742063871444,15.962218127057069,1.2937780738279867
stream,840,0.8907503560579755,15.465741856711874,1.1656221528915478
stream,841,0.8916536340560266,14.477658975540017,1.0459939347784346
stream,842,0.8930270215372127,14.603750660158802,0.9655747449581393
stream,843,0.8941225533182436,14.497534556595054,0.9719638006812946
stream,844,0.8951102170670024,12.23258920333796,0.8373164807811359
stream,845,0.8959487972679449,12.34222471571097,0.7638702699673425
stream,846,0.8964545195789784,11.654564650946181,0.7724762273728926
stream,847,0.896337752021959,11.646205062213992,0.7438364426481116
stream,848,0.895898016423066,10.986085421905527,0.7408208643670027
stream,849,0.8954752004460115,10.652798298509557,0.7399989944330301
stream,850,0.8960301936722626,10.927514614771438,0.7519934816327258
stream,851,0.8971505993339955,10.888913557813655,0.6650269135830631
stream,852,0.8986241923018938,10.694106413426383,0.6601099004938397
stream,853,0.8997427359521711,8.653775991798973,0.6960868557516329
stream,854,0.9007304954425519,8.811759058082323,0.6139590497781139
stream,855,0.9015884717468388,6.861048425826749,0.5774038253646198
stream,856,0.9025634820323145,6.574056169904687,0.42612672011497066
stream,857,0.9036113645770374,9.537457928109758,0.46102424970551314
stream,858,0.9048423708716825,9.05118877541843,0.49582934399359996
stream,859,0.90587742205848,8.715721587265698,0.4149840337611863
stream,860,0.9065967265747668,9.376253977657981,0.3551951581594211
stream,861,0.9069793784888118,9.684388898962313,0.4267524487888725
stream,862,0.9071346787914434,9.994780151581828,0.4250468422015765
stream,863,0.9071372882535851,10.070085618832636,0.4020273079044163
stream,864,0.9067903831096069,9.529746041281198,0.3798581450152779
stream,865,0.9061699454749266,9.441862757380637,0.37327723337289487
stream,866,0.9058295858175439,9.324996670017965,0.34903531467836035
stream,867,0.9056920639787126,9.300436632893541,0.33977783209442863
stream,868,0.9055169912309887,12.20790840058528,0.4315098795840184
stream,869,0.9050874279025409,12.80894260696207,0.7043171895634617
stream,870,0.903467203816832,13.173954944153575,0.8177180933479261
stream,871,0.9014425754907281,12.880731658448827,0.8338452152218029
stream,872,0.8995313842582254,11.729058110357625,0.8704496436851724
stream,873,0.8987093465207718,11.770949859653156,0.8519869181246594
stream,874,0.8984317231709308,11.64439408834987,0.8513470985956767
stream,875,0.8978182890093911,11.746370473869783,0.8416753018944394
stream,876,0.8957968477790647,11.761574078036592,0.8464372049936214
stream,877,0.891742678675793,8.979292300523667,0.7989131674816222
stream,878,0.8875160663533956,8.803607411411814,0.7501008551537517
stream,879,0.8831523394189956,8.45171054176439,0.7503750628515713
stream,880,0.8778572234579451,8.530778758000565,0.7904471413209961
stream,881,0.8732759186323474,8.212929738999062,0.7626333826132748
stream,882,0.870637871337823,8.172056935953037,0.835044416803198
stream,883,0.8672862692572597,8.086260582558795,0.8445492399050324
stream,884,0.8663627892690681,8.79870571634568,0.8675045793206211
stream,885,0.8624522034946145,9.414905135872049,0.9631075315762035
stream,886,0.8629956263836058,11.055192624364476,1.141289240624662
stream,887,0.8628870676481065,13.280608908454171,1.3798947082600423
stream,888,0.8647325214348612,10.444105506022368,1.3306105457185595
stream,889,0.8628888726630864,14.85169110457144,1.1594466124404041
stream,890,0.8594217297797414,13.990922719957673,1.1266812983666483
stream,891,0.8560826004250117,14.224737983398342,1.1085940254156466
stream,892,0.8555535593715408,14.169837250157375,1.1197389289997504
stream,893,0.8561987266738019,14.538945254607789,1.1338989189246365
stream,894,0.8586544793283343,14.524278030774473,1.1649390168555542
stream,895,0.8597701169683263,14.253587830197372,1.1444653586384554
stream,896,0.8623801441657268,21.02471767923992,1.3730455263605092
stream,897,0.8642064697172734,21.766779860733827,1.4860361557561381
stream,898,0.8653645079732505,22.214856115995655,1.4684022907460093
stream,899,0.8669388668649094,22.586683590295856,1.4680786260413243
stream,900,0.8679214897172576,22.97531701222456,1.4390631519436494
stream,901,0.8676536884080741,19151.415768770807,501.1051227129323
stream,902,0.8669518855280232,39818.14346340066,528.7682351190409
stream,903,0.8748973796558922,48454.25229653027,622.5328677252977
stream,904,0.8744332558368769,49383.585491783575,764.4355999512663
stream,905,0.8726961888268799,49457.88638956335,781.9081202907954
stream,906,0.8711908428656299,49467.62396100007,782.7435858454016
stream,907,0.8715376750963328,49475.417234498025,784.124498321933
stream,908,0.8717417418737001,49502.85952621064,786.6156105974288
stream,909,0.8724694148851481,49497.84179436163,787.5362319979503
stream,910,0.8744264042197495,49499.39603385967,787.5185668354329
stream,911,0.8750449006928478,49535.184272375096,789.5054542323431
stream,912,0.8770802439523061,49542.36543976553,792.257821215085
stream,913,0.8788352146534272,49543.71409870104,792.7559837523074
stream,914,0.8798461518593521,49546.569225658226,792.7252903741359
stream,915,0.8818506599987478,49571.76391807171,794.4018053723332
stream,916,0.8827574791178705,49567.52391198687,795.6533524593084
stream,917,0.8828453855553535,49581.845167509084,795.7124124329526
stream,918,0.8834442033194918,49590.00188037391,797.3986327832672
stream,919,0.8837177799293323,49590.68863937095,797.5784332819079
stream,920,0.8838137842909225,49589.37353452631,797.6176257304846
stream,921,0.8836446905892643,30465.519235260148,298.037351192806
stream,922,0.8831520575511027,9800.8939530343,270.3075826218298
stream,923,0.8828144563986075,1165.3639648136918,176.55358715948518
stream,924,0.8817052319476564,248.28119916166207,35.299034956147764
stream,925,0.8811738475010702,175.01510762379448,18.587020481177564
stream,926,0.8802830439824464,175.6274331851118,18.435055152891387
stream,927,0.8793852346554656,180.80119429963457,18.802595513705874
stream,928,0.8774676711449686,173.1363956190274,18.838848251813502
stream,929,0.8754673585510937,175.0828726071011,19.007650741751192
stream,930,0.8731842824118563,80131.69602985965,102.44799585780177
stream,931,0.8713820850382804,80095.49671340792,100.47261847631209
stream,932,0.8700858255631548,80089.16728423235,97.73498580712909
stream,933,0.869773374557095,80088.26982201058,97.20295689209387
stream,934,0.8690970817291666,80085.40020582,97.23427663854451
stream,935,0.8692548451777996,80060.24468421939,95.56251159497728
stream,936,0.8687216675985401,80057.64052337034,94.04833876600742
stream,937,0.8684923056832764,80043.1367361395,93.92381215642351
stream,938,0.8668615949175192,80035.06095427113,92.2390985775683
stream,939,0.8649336462671376,80034.14344171644,92.06465704517997
stream,940,0.8629059161982241,80034.13664723859,92.0169652628816
stream,941,0.8604962045544875,80029.47174990467,91.874939126525
stream,942,0.8572645424715585,80028.16530996232,91.93561092242291
stream,943,0.8540657501764773,80027.61583520037,91.99476122073094
stream,944,0.8518406983690534,80014.7275779417,91.32536126377448
stream,945,0.850353927731842,80013.15676049628,90.4814375153662
stream,946,0.8484647298530896,80001.73839482576,89.6246015695578
stream,947,0.8465097963939847,79986.54959553546,87.65345679717008
stream,948,0.8441930847342203,79968.10140057685,85.15635965104265
stream,949,0.8419462447112103,79966.30251420208,83.98009218076432
stream,950,0.8391557486717685,8.502024746622903,0.5185561344106785
stream,951,0.8357822076115293,8.931599936408869,0.6012865396612435
stream,952,0.8328153461331799,9.297708299840636,0.6672317365181089
stream,953,0.8296711787420126,10.039662337639294,0.8966505409834974
stream,954,0.8292057030208494,12.07164382014718,0.864782364742373
stream,955,0.828929725993983,12.692727393521146,1.0253494535354544
stream,956,0.8294854482418315,12.543008635099604,1.069197859849634
stream,957,0.8295793272997053,12.585133373333443,1.0434968236333484
stream,958,0.8299877427406142,12.02737911967377,1.072059182805364
stream,959,0.829506990647901,12.148325078421244,1.0797529639685737
stream,960,0.827895568999281,12.147331709980065,1.0872893225057452
stream,961,0.8264726658725862,12.049647740120358,1.0812604778952308
stream,962,0.823501273354886,11.083675671206162,1.0307872048170335
stream,963,0.8212549768333289,11.823423232561618,1.028263695849293
stream,964,0.8191874323289224,11.84247515344131,1.0342024045916025
stream,965,0.8163878645246154,11.822889327656018,1.0384960966983736
stream,966,0.8135946494339202,11.22679324685489,1.0402271277598358
stream,967,0.8120964745390806,11.278049732246165,1.0242066541359176
stream,968,0.8111215712084923,9.90092824827483,0.9478979002836657
stream,969,0.8091324623606223,10.191481785710875,0.9620084490770189
stream,970,0.8077436420651813,9.756678047243389,0.9739424326541463
stream,971,0.8076441355474185,10.026522672146452,0.8791843900495416
stream,972,0.8058758326763696,10.53704228419815,0.9092284256074475
stream,973,0.8034796492051016,9.354556470929861,0.700256609651843
stream,974,0.8023600161026905,8.329080002611654,0.8006822625822024
stream,975,0.8006040328325217,8.011580371761696,0.7265029481431162
stream,976,0.7986506983388247,8.095325405564344,0.6848049966535588
stream,977,0.7968645811065087,7.3788954536277265,0.6625558220356426
stream,978,0.7955291569852413,7.48808248655827,0.6566484329627162
stream,979,0.7940261248881272,7.543309737437259,0.6713566248573988
stream,980,0.7930564306545046,7.866320280789509,0.7013351562815198
stream,981,0.7921657354454796,7.874910364307824,0.714399321722208
stream,982,0.7907331394870202,7.933569985778658,0.7093176479162924
stream,983,0.7896481940802517,7.521475224318021,0.6904990319900972
stream,984,0.7890270467476639,8.128393075760714,0.6863568431965206
stream,985,0.7880483670414898,13.344815109979624,1.0592743373036582
stream,986,0.7876987910184126,14.047839302949379,1.4139380025860149
stream,987,0.7878187946462587,14.219900471053338,1.4168960886188193
stream,988,0.7882257010449616,14.695930064779235,1.4193624676321557
stream,989,0.7897693354273649,14.337898868793765,1.4208736417435877
stream,990,0.7918380922305251,14.046954172092974,1.3611031327946093
stream,991,0.7936807630918847,13.660206658123158,1.365834176064156
stream,992,0.7955603429000733,12.98971577309471,1.3204314083252293
stream,993,0.7972358827857031,12.901237540989936,1.3066831440186064
stream,994,0.797570276911388,12.476166903415942,1.2694000862582282
stream,995,0.7971309235654004,12.214205439296588,1.2206627536300496
stream,996,0.7950241753974218,12.590689579969899,1.2502908603088676
stream,997,0.7926329012013482,12.59692234675372,1.2780517313539168
stream,998,0.7917120365249434,12.697555031882306,1.2555953548007077
stream,999,0.7903901210874731,12.45075937301408,1.2522133458878633
stream,1000,0.7890924232879791,12.301854899769774,1.2246113153902194
stream,1001,0.7868558911934918,12.309120034122888,1.2242140835020299
stream,1002,0.7841726172861615,11.804624110649032,1.2186984505670766
stream,1003,0.7818767837508009,11.939047079750027,1.1653618027783381
stream,1004,0.7789680968173499,11.443787302755917,1.2089362538786095
stream,1005,0.7765453358784755,6.180249510761307,0.8337957625287095
stream,1006,0.7753248523076944,7.724830163751294,0.5346766628390867
stream,1007,0.7717324051715332,11.228288267282233,0.9751882453845457
stream,1008,0.7687704449446483,11.000175031147606,1.1664806951048168
stream,1009,0.7659877732888731,11.374867686189923,1.2037806092150416
stream,1010,0.7647242301411893,12.075477948509281,1.2969630242070072
stream,1011,0.7638398040560883,11.764114388206306,1.3108369316359014
stream,1012,0.7618237096512235,12.314267433873344,1.281935108132756
stream,1013,0.7608203910788264,13.179268177834611,1.4858381987861262
stream,1014,0.760796436767684,12.759051812503706,1.4949429907320007
stream,1015,0.7607184392792473,12.685428002073241,1.4627861486939775
stream,1016,0.7610381458008446,12.374996486236427,1.4315143143744014
stream,1017,0.7615116495768951,13.541472515615553,1.4938257677764282
stream,1018,0.7621702090342535,13.453853118600973,1.573917086744134
stream,1019,0.7627858105724605,13.415088632506256,1.5531500926401116
stream,1020,0.7629297473390257,13.28620645596172,1.5391610427653413
stream,1021,0.7628313567774041,13.803251770093462,1.566414289124603
stream,1022,0.7635943684356952,13.849470680530011,1.5996675814793364
stream,1023,0.7639612686829331,13.320984525381402,1.5954528738457032
stream,1024,0.7652164793094275,13.205120921207993,1.560922068981774
stream,1025,0.7665158411401917,13.147140952839939,1.5486194645400169
stream,1026,0.7658180303612863,11.237066118847492,1.4941150234259548
stream,1027,0.7655563844833234,7.498109163378878,1.0634342817843347
stream,1028,0.7648277458794415,7.4036763193330195,0.8770719862777204
stream,1029,0.7645306010573395,7.056730282231026,0.8320622045681217
stream,1030,0.7632524266537434,6.454695664442103,0.7525839853280856
stream,1031,0.7632273686643474,6.662122486336245,0.7577300711343824
stream,1032,0.7646716858855237,5.079491187021581,0.6703069614127543
stream,1033,0.7652753412721858,6.8736130660671595,0.6394902843535011
stream,1034,0.7651249004822852,6.917655032822692,0.7271884061288654
stream,1035,0.7663587667085568,8.5629763712163,0.7455944462785561
stream,1036,0.7690137251030217,8.496951390860026,0.772860253620825
stream,1037,0.7705986177650475,9.275331078230927,0.7962047081964759
stream,1038,0.7724452304228124,9.647282121063823,0.8766941253682204
stream,1039,0.7735585164414438,9.653938451990003,0.8940486054832475
stream,1040,0.7745660306205082,9.642122206868143,0.9021898833803577
stream,1041,0.7752594799527079,9.111571015460779,0.8632557408132402
stream,1042,0.7753580740112861,9.042922677934387,0.8258452421291599
stream,1043,0.7751672236316169,9.347360624808394,0.8275819153422949
stream,1044,0.7743363721933249,9.842734520914641,0.8182306107345074
stream,1045,0.7738494662894568,10.447470171857534,0.9107956533572887
stream,1046,0.7727282690807281,10.131560776444037,0.9337866467530446
stream,1047,0.7714297657268748,10.132685511940744,0.9232357316435966
stream,1048,0.7699765161081645,10.291672880156122,0.9320401432484143
stream,1049,0.7692922621092356,10.18864050557672,0.9216604056480657
stream,1050,0.768325035526312,10.053965251500031,0.9019387432922987
stream,1051,0.7670377167352918,9.95195154165457,0.8869278622030811
stream,1052,0.7666381296916721,10.33518841774174,0.9549234565838416
stream,1053,0.7663781952985305,7.4121117323888415,0.7814154694499555
stream,1054,0.7659002438217697,7.283937316034963,0.6351128099717271
stream,1055,0.766602061837685,5.854789560412421,0.6282043558643757
stream,1056,0.7652888934207519,7.700069996193795,0.7183403695260421
stream,1057,0.7650985569742941,5.7554320830182535,0.703023566685266
stream,1058,0.7662643582939959,5.32492741167497,0.539127146769348
stream,1059,0.7672472229873959,5.35459814711453,0.5219865126702029
stream,1060,0.7684391879685125,5.324551166636504,0.5173771337319275
stream,1061,0.770096435221757,5.389476839840314,0.5186099436041874
stream,1062,0.7708268525385179,5.423405401041936,0.5172285102404536
stream,1063,0.7690989618643742,6.829144508961773,0.5854817191206698
stream,1064,0.7678174898363473,7.132997300119927,0.7872205364128035
stream,1065,0.7654231613927115,6.650946697858441,0.7702666815318115
stream,1066,0.7633951446142456,6.666720139485929,0.7512141280367594
stream,1067,0.7607227433120448,6.830244303363112,0.7574764793097927
stream,1068,0.7589071780494999,7.583053590699207,0.830202253351263
stream,1069,0.7575424175962433,8.212808779251073,0.9492797939108983
stream,1070,0.7575424141819891,8.201608986362533,0.9661679381405383
stream,1071,0.7577794527527678,8.047934802770165,0.9570624256848872
stream,1072,0.7586466455116749,8.124329328344873,0.9133963051101497
stream,1073,0.7591876710902772,8.028788009978294,0.9363378916986711
stream,1074,0.7597547067123321,8.282336671129501,0.9255731075159057
stream,1075,0.7610471374583777,8.069961657411787,0.9310237283111987
stream,1076,0.7628667921605746,6.4308655516676625,0.8227879989359036
stream,1077,0.764302912997764,6.440236078071913,0.7427294589879563
stream,1078,0.7639619897965023,7.066314222099935,0.761973669642805
stream,1079,0.7633836157531811,7.69571408383536,0.87156459606997
stream,1080,0.7629486737290494,7.789098680663084,0.8787203135957125
stream,1081,0.7619474219845651,8.188366061828145,0.918183954493693
stream,1082,0.7602621671866961,8.185124675578047,0.9458648820296299
stream,1083,0.7580226140614784,6.545017172825105,0.8699375567673021
stream,1084,0.7547932070841562,6.23287563351114,0.7120808068618509
stream,1085,0.7515378107048442,7.8273996801571935,0.7884829620633103
stream,1086,0.7471482901724992,7.792989263839669,0.8471306897064265
stream,1087,0.7400421218297342,7.841273572035223,0.8535355468641068
stream,1088,0.731213979968381,6.840675895437164,0.7667675843612145
stream,1089,0.7231709811317317,6.232499533258022,0.6406531111725553
stream,1090,0.714560787319823,6.422639410380631,0.626585827351815
stream,1091,0.7031485692249159,6.49606150649973,0.6299351734820218
stream,1092,0.6936856800216253,6.005741781884495,0.6272860201037341
stream,1093,0.6853245155137673,6.029697759471535,0.6074200842664823
stream,1094,0.6823459405617773,6.2328138694973445,0.6097344718995557
stream,1095,0.6793379336636878,6.502396296162302,0.6483420288876207
stream,1096,0.6786823324476544,6.220514300670362,0.6581741511295471
stream,1097,0.6770572462676153,6.4215467418969645,0.6434370164617151
stream,1098,0.6746246219560108,6.078600563846129,0.6695141351463255
stream,1099,0.6714552015867363,5.439220891209509,0.5899791154266395
stream,1100,0.6663603278435022,5.4268020517394655,0.5890923060303153
stream,1101,0.656495153231252,7.179437345032932,0.5927310223076154
stream,1102,0.6503519560578999,9.073966598586175,0.817533554297148
stream,1103,0.6442353328499917,9.23941759885657,0.9709128749495474
stream,1104,0.6389310646000249,9.525972986499477,0.9997338622949162
stream,1105,0.6320357999689347,8.37426865455917,0.9402856241076506
stream,1106,0.6259679213194654,8.52981042627963,0.9088171982969486
stream,1107,0.6178799644377007,9.271602198975373,0.963384627347539
stream,1108,0.615001000812279,9.400495362312562,1.0119283544971378
stream,1109,0.6137549481803426,9.776115929000865,1.0091305649793418
stream,1110,0.6121062862053309,9.70233558961463,1.0123271555536395
stream,1111,0.6103540467773755,10.261847309531506,1.0157194787413637
stream,1112,0.6078733503014305,10.131725805437943,1.0272297462102646
stream,1113,0.6020971771952802,10.996359139671815,1.0479957649343612
stream,1114,0.6001885708355098,11.408236386373735,1.1805203485993423
stream,1115,0.5962867708171302,11.935690222909379,1.2420650909533584
stream,1116,0.5929612183377991,11.981727676188092,1.2617101272828224
stream,1117,0.5862332409488338,12.047684967864909,1.2885398864941344
stream,1118,0.5767532262413453,11.830836469259266,1.2448288759260329
stream,1119,0.5658349376457394,12.018879485659218,1.214052882902696
stream,1120,0.5585975588096231,12.146977719620313,1.2291009744625365
stream,1121,0.5512037953947281,9.961601448850429,1.1974477861307014
stream,1122,0.545004050173755,8.613393874537707,0.9600078030196691
stream,1123,0.5410105137869675,9.169264122326462,0.8072680509406367
stream,1124,0.5372264913262079,8.783920191727345,0.8464434791416205
stream,1125,0.532804965901766,8.962401423596955,0.7510461195569317
stream,1126,0.5313656661335552,10.368040000569618,0.8956936480228495
stream,1127,0.531444678502138,9.408917374628416,0.8956936499990449
stream,1128,0.53117399080218,9.315128230867815,0.8492045875616272
stream,1129,0.5302891377925865,8.956649614130821,0.8463837260286909
stream,1130,0.5296495491418073,8.900019176198738,0.8407924922156599
stream,1131,0.5289767743216711,8.513797065016897,0.8468410265126152
stream,1132,0.5283544705040916,8.493702708880885,0.8158084260457176
stream,1133,0.5282252252621396,7.595281883074023,0.7938955859953819
stream,1134,0.5286820057674498,6.865463343972385,0.6624663366815363
stream,1135,0.529025366320786,6.13810011709747,0.5524801083260302
stream,1136,0.5297087750974162,6.111840587002901,0.5235612499270931
stream,1137,0.5306872844224632,6.666932012658926,0.511468651411894
stream,1138,0.5319478912384809,7.1160214638210775,0.5114686597854124
stream,1139,0.5334599533590407,6.872906328930643,0.5268779953474126
stream,1140,0.5354257673236487,6.704733036161158,0.5025770113975262
stream,1141,0.5362589177570386,9.094933714160911,0.58004690652501
stream,1142,0.5372425619159997,9.765786716302536,0.5696619921513885
stream,1143,0.5378331662155243,9.779081891275213,0.7293141437369026
stream,1144,0.5383011942253227,9.449546931867966,0.6679853761642698
stream,1145,0.5388829204822269,8.923093713753687,0.7028468667796876
stream,1146,0.539300835812928,7.423735972286199,0.5344509376315416
stream,1147,0.5397309647778507,9.006513628294435,0.5622105060108217
stream,1148,0.5397417522018805,10.546387892636965,0.7879660265746008
stream,1149,0.5394992428786294,10.638955108086135,0.8314374053084197
stream,1150,0.5403603581662234,13.720524186666694,1.0282284296605777
stream,1151,0.5395742001611058,13.58050028993926,1.163219321427961
stream,1152,0.5386530353248958,13.979497099960833,1.1619865156499511
stream,1153,0.5367564750733742,15.009014984747637,1.1561407341096661
stream,1154,0.5359856867481911,18.316947751453466,1.4411023507875211
stream,1155,0.5351864183187445,19.734783211670226,1.7716317739770178
stream,1156,0.5326869145328529,19.875325511258303,1.8811208317815156
stream,1157,0.5308210294759994,19.03536728744304,1.876132140806023
stream,1158,0.5294457858139626,18.722733254793827,1.8765013708521647
stream,1159,0.5296596660306477,18.90760819329317,1.8591318707772335
stream,1160,0.5307352060860389,18.86671899184617,1.8667252163987536
stream,1161,0.5326885850334689,16.52195862974841,1.7759223677819613
stream,1162,0.535495797599896,16.430129003469148,1.846228712189145
stream,1163,0.536966885556072,17.58176954715005,1.8885414540079073
stream,1164,0.5370089289993671,17.529243334974794,1.8897605007710525
stream,1165,0.5371501539686917,17.70534981664557,1.8965814570169661
stream,1166,0.5380622469338974,18.728348604838736,1.8941135529191968
stream,1167,0.5372812352630485,18.2098497840201,1.9374188619544808
stream,1168,0.5370781073581491,16.654996799316457,1.7698731834485648
stream,1169,0.5366959796047017,16.490182417547576,1.7271213870699305
stream,1170,0.5382862435417884,14.179834096841123,1.5570845137388911
stream,1171,0.535182821005999,17.59162999104171,1.6840050994232307
stream,1172,0.5352989158248839,19.893270618436382,2.1449873774126127
stream,1173,0.5307982483732546,22.32880875190651,2.577699775096428
stream,1174,0.5268440817905845,18.871972496972038,2.4793855271674676
stream,1175,0.5223603960132447,17.365909578131525,2.1348139675429323
stream,1176,0.5187767296393512,17.493151864016045,2.0196498116666937
stream,1177,0.515398635038672,17.576258860309697,2.006677052037148
stream,1178,0.5093630022207168,18.0110583727455,2.0507672864718955
stream,1179,0.5041810055599523,18.974390835167085,2.1963210963070017
stream,1180,0.4971817627183719,19.036662613839667,2.239947854507887
stream,1181,0.4880754551810798,18.95482418928456,2.242729882110145
stream,1182,0.4761153952068456,18.07827654261399,2.1720703008904856
stream,1183,0.46469789001371303,16.32423491764582,1.96943528650043
stream,1184,0.4523572902389637,16.17347325547021,1.9174679424158474
stream,1185,0.4394292620331834,15.849258955239083,1.8856776909350557
stream,1186,0.42510267554665687,15.511764665116344,1.9248701160317132
stream,1187,0.41157332491890897,14.642706580225742,1.7951574548345035
stream,1188,0.39883152475321615,14.568084413681492,1.758769047914082
stream,1189,0.3872693178178357,14.845514145336024,1.776564498829941
stream,1190,0.37807908083933717,14.153171839534638,1.7910551834767465
stream,1191,0.3701335613035935,10.664500464803526,1.5193952264227686
stream,1192,0.36481883155560163,8.025987366610691,1.0648868902475745
stream,1193,0.3595636724838863,4.583818280367765,0.6298790282466299
stream,1194,0.35431245871334877,4.518413296656065,0.436700464964379
stream,1195,0.3472599162239519,4.656493198787136,0.43968858962806195
stream,1196,0.3382031916316352,4.729850793684179,0.43439070523048035
stream,1197,0.3288778775374499,4.658691618548608,0.4724951204476785
stream,1198,0.31945065017198576,3.998080433039654,0.4334409585277708
stream,1199,0.31111267718300906,3.3351910810283973,0.33205146866441526
stream,1200,0.3048512458925372,3.339574053574859,0.2879575430755016
stream,1201,0.30013278447602976,3.333302645054997,0.2886776418538109
stream,1202,0.2952737566192196,3.375608065487545,0.29836139127558864
stream,1203,0.2896787048280796,3.4154467534591855,0.30094947936229005
stream,1204,0.2851822516644251,3.4666796926393055,0.31150038131433044
stream,1205,0.28179751973480305,3.8109950131838284,0.3098408538133701
stream,1206,0.2822803920112089,5.430999064756672,0.2928430003288384
stream,1207,0.27964259186936885,6.8584726394557975,0.5425602698036454
stream,1208,0.2757153781405207,6.836081933026181,0.5746247389094207
stream,1209,0.27224241121347403,6.5988141279750305,0.5577086312900817
stream,1210,0.26834080013353984,6.460901025746998,0.5220550138145691
stream,1211,0.26295644885901215,7.191138993096091,0.5450765858873492
stream,1212,0.25826449029184967,7.1544110578438715,0.5662662072943541
stream,1213,0.255544344178873,7.750671821724763,0.6114960902150568
stream,1214,0.25368641761437055,10.162873594720471,0.6429813054959662
stream,1215,0.2526972906167957,10.043448999976565,0.6989474446284689
stream,1216,0.25034338759967867,9.895935369518046,0.7032108458745953
stream,1217,0.2468725668217721,10.317876639263998,0.6674018934788107
stream,1218,0.24399305200838353,10.815203841180399,0.6604129352029745
stream,1219,0.24201708901550684,11.212211752452282,0.7332663084002662
stream,1220,0.240613260722799,11.710839170785771,0.8302845969602805
stream,1221,0.2402615064067172,11.970641123960208,0.8318177678948843
stream,1222,0.24030754718932232,11.864658321729923,0.8449290509163189
stream,1223,0.2398269583903354,12.062420966857474,0.8449290501492775
stream,1224,0.23947999184490665,12.058782632624906,0.8497874833432134
stream,1225,0.24088170417879037,12.476191142689247,0.8589126464544936
stream,1226,0.24155424824175747,10.118329083812883,0.8605607620681903
stream,1227,0.24185290846069757,8.516239222372526,0.6002964676015672
stream,1228,0.24141707601576937,9.366405641243531,0.5615138611562444
stream,1229,0.24240168304236903,10.040944125625995,0.6383469242635081
stream,1230,0.24482954240061683,10.135409678501983,0.6833830538340215
stream,1231,0.24618659661364078,9.567993973352099,0.6571066503333914
stream,1232,0.24868473667472601,9.888874913575691,0.6607628380748878
stream,1233,0.2545097049768909,11.678917203096407,0.6403818270004644
stream,1234,0.2596535967772704,9.547815684197037,0.76217321027957
stream,1235,0.26286061298211694,11.240605507562018,0.7398233517770425
stream,1236,0.26744221359420245,13.72845768736615,1.0775890776602082
stream,1237,0.2688124303468042,15.902384078483813,1.4471578285355635
stream,1238,0.270018027881965,15.359203532830634,1.523149884029216
stream,1239,0.2707561251792116,14.679085772945731,1.417061155310223
stream,1240,0.27164940227232715,14.237907286289744,1.3134343051722122
stream,1241,0.2728720350612395,14.141742214004559,1.3080639456382128
stream,1242,0.27369123270140133,14.144279854380333,1.3026133520478598
stream,1243,0.2748318295644182,13.840455276916165,1.3184908144883807
stream,1244,0.2756799352873963,13.952754113123651,1.3286139479224255
stream,1245,0.2762201281686106,13.1904853853646,1.311591179046915
stream,1246,0.27709445272624356,13.200287527781303,1.27606756163995
stream,1247,0.2769452867000851,13.643724216750295,1.3035601895653952
stream,1248,0.27721564877892035,13.167249542623882,1.347552766465168
stream,1249,0.2765228761325841,13.157325268251762,1.344165751742475
stream,1250,0.27701584385361566,14.765635123408984,1.4513989961453122
stream,1251,0.2770227389094334,14.712952891355396,1.5549915442469715
stream,1252,0.27533309471469963,15.039753068067322,1.5431594213211228
stream,1253,0.27363115468506916,13.901981311368775,1.6563737173694242
stream,1254,0.2708599368110715,13.621877548670113,1.553967925089692
stream,1255,0.2676836257608764,12.082916396582116,1.52671480123411
stream,1256,0.26359113120012334,9.362386329089217,1.1863415861990712
stream,1257,0.2592654861505666,7.704456575467868,0.8515677721372908
stream,1258,0.2557504888434632,8.19966368153035,0.8848967260539637
stream,1259,0.25359435730230984,8.999396325374965,0.9720221093984296
stream,1260,0.252100883604413,8.884838758001083,1.016186460346631
stream,1261,0.24954852335203775,10.616195452595164,1.0888714524217071
stream,1262,0.24857234571129055,10.601024444963315,1.177638905477217
stream,1263,0.2474615354643822,10.522286269409404,1.1748967901517975
stream,1264,0.2478572862685427,10.374892675373204,1.1540127500412403
stream,1265,0.2503947127482918,12.580952587910415,1.213789383266152
stream,1266,0.2507230892711147,13.577129880647062,1.4339663136885683
stream,1267,0.2510705166384628,13.118475798866745,1.4262945336304786
stream,1268,0.2504520941243951,12.769398788296126,1.3654516043048137
stream,1269,0.24968235493239818,12.066316338703956,1.2923748029603948
stream,1270,0.25000722729194325,10.577213071360596,1.1360561659204091
stream,1271,0.24940815088144955,10.440900911050319,1.0581747600137967
stream,1272,0.24614490884671414,10.090704691832276,1.0484801667170087
stream,1273,0.24427885819276152,9.16243840369307,0.9442186437758814
stream,1274,0.24189919246330926,9.167906237581144,0.9189256646917291
stream,1275,0.23804738048948995,9.189191755178683,0.9084775249220087
stream,1276,0.23562353926890622,9.957794707681646,0.955982119509573
stream,1277,0.23212271334607074,9.082012548504043,0.9823805691567099
stream,1278,0.22881635897367694,8.670472031695816,0.8731242919805253
stream,1279,0.22488604666954318,7.707176867987428,0.7739130188778547
stream,1280,0.22029513187008148,7.733207316016407,0.7286031229873761
stream,1281,0.21601569549288474,5.953850168676767,0.6670637886905301
stream,1282,0.21042212819114187,6.282572797996882,0.6179543170119459
stream,1283,0.20708760300189777,8.1549943813476,0.746886837807109
stream,1284,0.20349691713618936,8.371545692043233,0.7773171397766652
stream,1285,0.19878498721641077,6.376622856478785,0.7537150868349212
stream,1286,0.1948405111885004,5.36561819577817,0.5476869906914162
stream,1287,0.19103189833784318,5.687228583484866,0.5510995663137003
stream,1288,0.18791265982648525,5.767385952718289,0.5697368303929056
stream,1289,0.1848948240728051,5.92118586473916,0.5921476202173142
stream,1290,0.18221388631559257,6.09580246355192,0.6165053413615142
stream,1291,0.17977552362910065,6.094616527146678,0.620878869952368
stream,1292,0.17814198794643496,6.403884027871662,0.6350401103434818
stream,1293,0.17662094438370113,6.140397885936468,0.6502594014442493
stream,1294,0.17476901024948893,6.938697993461294,0.6391945181817138
stream,1295,0.17305655450229665,6.74888269326942,0.6521105640785544
stream,1296,0.17087358305460496,6.187617639907758,0.6129981467890507
stream,1297,0.16975940421104677,8.211006952902276,0.6780146194540181
stream,1298,0.1676829480802471,10.222085981195647,1.0186361592018751
stream,1299,0.1655398106893872,10.25603240371245,1.129144848813997
stream,1300,0.1634720814796171,10.362602862551501,1.1508746235969052
stream,1301,0.16168190042670288,11.181875285303555,1.2019989231234915
stream,1302,0.1604713599523604,11.12146709280525,1.144223090074179
stream,1303,0.15928917212936494,9.534545486950888,1.0486186252421736
stream,1304,0.158381072896352,9.36205982987875,1.011701940827466
stream,1305,0.15771661505125584,9.293477278862852,0.9863380193054355
stream,1306,0.15685406226146315,9.388962593953572,0.9983949861373838
stream,1307,0.15591140786700075,9.365691120867545,0.9793749911210181
stream,1308,0.1553048441237624,9.645135445287124,0.9995148605638009
stream,1309,0.1548567947299877,9.642040376826456,1.016806951613098
stream,1310,0.15502327167850097,9.279612552185805,1.0056045234201778
stream,1311,0.1557361480576515,9.564067497113369,1.0056044548583045
stream,1312,0.15589386126824206,10.73092559025705,1.094092253893358
stream,1313,0.15687646515932496,12.634529481959223,1.3366669291241096
stream,1314,0.1571187854251381,12.583077648334097,1.5286030237249624
stream,1315,0.1572624906743764,12.608857224954724,1.553388281646753
stream,1316,0.1568207343767274,12.480806475114662,1.548239290581377
stream,1317,0.15433198463490252,12.021643276645076,1.4519483115660101
stream,1318,0.15361301276559217,12.031951730168467,1.4220760513357575
stream,1319,0.15341824971976126,12.00574544221961,1.3634267859377995
stream,1320,0.15227560237525398,12.278558573491082,1.360212042736293
stream,1321,0.15188982430132347,11.540869004448266,1.350997820509197
stream,1322,0.15196859204005514,11.116986146249133,1.3493540686479826
stream,1323,0.15205128411830163,10.818294615739763,1.3065455490261462
stream,1324,0.1519657395545043,10.7969950326075,1.305277806566408
stream,1325,0.1528102035638544,10.80247359234593,1.3199040804097026
stream,1326,0.15433358753038387,10.722423479665233,1.295544498032172
stream,1327,0.1581532907564265,11.213795264033555,1.3188237630623931
stream,1328,0.16001911980458786,11.750030217955539,1.405020048822576
stream,1329,0.16263469854144416,11.618733991076125,1.414402606376456
stream,1330,0.16413963182388763,11.905759340224426,1.416625603619219
stream,1331,0.1656529065104325,11.626089576654714,1.4069538346364652
stream,1332,0.1657270708059807,10.383410865102027,1.3012912476130396
stream,1333,0.16708251871656038,8.50941186295719,1.0478000534050418
stream,1334,0.16813528986658616,7.799472895490558,0.8497102688404293
stream,1335,0.17007256113989472,7.9037470630229425,0.8214940843241373
stream,1336,0.1730400485342898,7.940879652875203,0.8158640101701492
stream,1337,0.1743371674439385,6.919867074215749,0.8143148085051768
stream,1338,0.1764601919078769,4.867067108844133,0.5469568987305304
stream,1339,0.1796020767709438,4.818203624871733,0.4956114591606042
stream,1340,0.18344142712806838,4.4043123673195925,0.47752264074543727
stream,1341,0.1873030804404681,4.376058057448819,0.4347104392855856
stream,1342,0.19189102345461187,4.3294663949788985,0.4453978054977138
stream,1343,0.1962625534595456,4.2900415610247435,0.4402509242101356
stream,1344,0.19968650558550338,4.614907516046955,0.45537441334150397
stream,1345,0.20236680743367175,4.393124964996792,0.44765530188467434
stream,1346,0.2044868959720577,4.721584047920178,0.4574899898525362
stream,1347,0.20849415681722372,4.296225265502817,0.430313211170248
stream,1348,0.21159332865132793,3.7932618121845065,0.33889833032030947
stream,1349,0.2151899051575577,3.786742343604011,0.31648295299210477
stream,1350,0.2199169790041592,3.573669149650715,0.30224218646955864
stream,1351,0.22537483665853336,3.6915359335899103,0.2832413401248801
stream,1352,0.22908654457712022,3.5637572082281754,0.3143591215259343
stream,1353,0.23151420925940988,3.823760147932534,0.34421979890937554
stream,1354,0.23325662686651702,4.150392725510329,0.3357577488896975
stream,1355,0.2321402913387487,5.740190581784055,0.44043957757317714
stream,1356,0.23007363281594007,6.818528503251114,0.44265841530609545
stream,1357,0.22827223786795348,7.332299825508117,0.5586126779222529
stream,1358,0.22575406848266874,7.502002018403869,0.6036527799593829
stream,1359,0.22374790121914861,7.567075898396218,0.6317883881824078
stream,1360,0.2212789623724907,7.71271949096288,0.6319901031144545
stream,1361,0.21736871324857499,7.856161713162502,0.6311260410009959
stream,1362,0.21377682935670395,9.389052915585419,0.7366336630849893
stream,1363,0.21013789002299307,9.653316570033892,0.8319587747415178
stream,1364,0.2066265203442972,9.973545888696117,0.8178099224816032
stream,1365,0.2051244478076393,10.304941276177454,0.8772227861543033
stream,1366,0.2037305701840443,10.335915916874251,0.9125174560036398
stream,1367,0.2022292181602491,10.587652431359043,0.9681959478836158
stream,1368,0.1986486983667746,10.346347111551253,0.9317450790776179
stream,1369,0.19529825502556586,10.495948340022368,0.9216219059390257
stream,1370,0.1923491890877543,11.197382990811352,0.9208916843982851
stream,1371,0.18769635396594278,12.447235090625814,1.0868665423866253
stream,1372,0.1820246779915784,11.986461971951977,1.086866542386625
stream,1373,0.1749114863420043,15.761945552273627,1.170241339287794
stream,1374,0.16818245426629175,15.388174297406362,1.313537767212975
stream,1375,0.16102655678224662,14.94774959012048,1.2462643234954789
stream,1376,0.15580015581088033,15.44301212153524,1.4351281717489355
stream,1377,0.14947451625403935,16.80401764820125,1.639392357537468
stream,1378,0.14399118348737744,16.584417661758966,1.6245016168304471
stream,1379,0.13936664104017318,16.562269234775606,1.5996892125625806
stream,1380,0.13619358757966588,16.42452040141858,1.5990498903104031
stream,1381,0.13321869863028657,16.548152552985858,1.6089146025940024
stream,1382,0.13054827183680648,15.014251017032308,1.499293483850613
stream,1383,0.12787571907458775,16.858416777389333,1.474095036786694
stream,1384,0.12502402309088018,16.26358266407233,1.6198197384030264
stream,1385,0.12289494874283702,16.238872154050075,1.5450029182405574
stream,1386,0.121269362577706,15.88044381224106,1.4990208826861044
stream,1387,0.11938967587077079,16.606066705499792,1.4929345935366385
stream,1388,0.1180743036354406,16.619404410690397,1.5886857290300334
stream,1389,0.11845101235163039,16.45577575425178,1.5783919429611977
stream,1390,0.11958545797159172,15.76771060431302,1.5816351345120703
stream,1391,0.12051863339942266,15.389792779638174,1.4253331162886282
stream,1392,0.12114680199695496,15.42795851276115,1.4500300715786516
stream,1393,0.12332343748649768,11.395385172635029,1.3000716078613865
stream,1394,0.12583544589139456,11.494797252510834,1.1573230982370166
stream,1395,0.12945250330300803,10.218898130275532,1.1089417376539865
stream,1396,0.13150413740545094,8.783649085881155,0.9299449196554966
stream,1397,0.13519691207750778,6.3591854659083085,0.6106493394550288
stream,1398,0.1402712844423075,6.419906211150139,0.5370780554288386
stream,1399,0.1442570690907848,6.440782771814263,0.5388709255424956
stream,1400,0.15034357041453864,6.711335823340558,0.5660626867110268
stream,1401,0.1535366305238034,7.179198555036585,0.6135190780071191
stream,1402,0.15841424628260312,7.411004793770285,0.6776505841624167
stream,1403,0.1627845070350414,5.298398946232443,0.6133826105382256
stream,1404,0.1629716486629391,5.631965568521887,0.4797360416340011
stream,1405,0.1600578955191517,5.5664927074509585,0.4818370821596843
stream,1406,0.1571138125930018,5.598311552426583,0.49791034637734055
stream,1407,0.1553059586845581,4.256163109320907,0.44685669050048793
stream,1408,0.15201928521112476,4.265199531975589,0.35421176852821484
stream,1409,0.15308643106283487,4.81243772274006,0.4186640969107026
stream,1410,0.15420041602863557,4.765201928185201,0.4536568534291051
stream,1411,0.1574455128686141,4.0054361159757335,0.46298483229040216
stream,1412,0.16206728087754052,4.693192879668827,0.4068645502707184
stream,1413,0.16508388150099584,4.632426649298556,0.4174775645534495
stream,1414,0.1668384682547168,4.884518535808102,0.42990240689034465
stream,1415,0.1678280408647944,4.8763780038312055,0.4449557098590578
stream,1416,0.16775925691896318,4.901989192738601,0.4486541773915387
stream,1417,0.1711641611494074,11.3334910831951,0.7396065537854418
stream,1418,0.17597346907680125,11.611686076077829,1.1115011995362112
stream,1419,0.18080079998146234,11.659899029885,1.106857171496297
stream,1420,0.18565137007129182,11.45150243815545,1.0805445062896053
stream,1421,0.19110826944591952,10.633515256760283,1.0208595602937942
stream,1422,0.1943823382967851,10.821979902524111,0.9898570240569986
stream,1423,0.19621433871481597,10.88623596334787,1.0135979410703038
stream,1424,0.19949404686517969,10.980680172491683,1.0015198020389229
stream,1425,0.197152650611349,11.569417818877868,1.1061174516990597
stream,1426,0.197361345571826,12.753961983778899,1.2166613517412108
stream,1427,0.19576450451933614,14.053359079449717,1.21698501630936
stream,1428,0.19071985494708968,14.261769078095158,1.3598584829470823
stream,1429,0.1822728048267792,13.995546930114322,1.2871734866850153
stream,1430,0.17475564171720837,13.934745345520755,1.2493829245979418
stream,1431,0.17143906812965407,13.743222392340158,1.2336592348763544
stream,1432,0.1695605988676711,13.800075528016283,1.2454434449093994
stream,1433,0.17330823239353355,14.314085623195938,1.3193033860877348
stream,1434,0.17916581635828577,14.036309161937236,1.316131397053214
stream,1435,0.187185340124283,14.069750203894957,1.3006210665882965
stream,1436,0.19453765623095598,13.808165554136323,1.2956157970608584
stream,1437,0.20056476548209504,7.300639785014608,0.9744568447027742
stream,1438,0.2034683075817488,7.392027734647897,0.6099613383316268
stream,1439,0.21381711298632775,9.226834816422159,0.7638209844206052
stream,1440,0.22294963737389506,9.183239938335069,0.8781360414134015
stream,1441,0.23221084846293674,9.186889795325405,0.8781360420374914
stream,1442,0.23968676069514427,8.81486303924021,0.8545064934817254
stream,1443,0.24985250995959743,9.459128555649077,0.866150384195877
stream,1444,0.2530103623279028,9.266639924542751,0.9426301066080707
stream,1445,0.2511537370540261,9.077908164145445,0.8363995800557713
stream,1446,0.24502040954414997,8.024075127685357,0.7090819934362129
stream,1447,0.23628002492617153,6.891697938744148,0.7096260306500267
stream,1448,0.23315128795094248,13.807028901517654,0.9108026304053007
stream,1449,0.2274527243629719,13.869667978157343,1.3321913209474026
stream,1450,0.22144249034057278,13.93712942406209,1.331338633166003
stream,1451,0.2100665099305067,20.563080356619004,1.519961427940908
stream,1452,0.2014800335386553,20.80880794413829,1.9650688089377044
stream,1453,0.19622408784835133,21.879170117135722,1.879271397548483
stream,1454,0.18887354377853058,23.567785142471436,2.115846694107489
stream,1455,0.18376629240820364,24.69805185159941,2.29170372398699
stream,1456,0.1779853705235114,25.220599035533642,2.41457194939133
stream,1457,0.17639800121557797,26.319849146708027,2.515077611207063
stream,1458,0.17535860181492055,25.886039620975424,2.562702104394312
stream,1459,0.17462025460711572,23.969706532526533,2.412024038421418
stream,1460,0.17843413059229232,25.531976419794848,2.3704620205627456
stream,1461,0.17824348098302517,26.005359957913058,2.5308940880904416
stream,1462,0.17389366004585974,26.90176219088642,2.516464549036188
stream,1463,0.1726458665761106,28.234129704198153,2.6613517731565817
stream,1464,0.1677642744072172,28.992642081124966,2.8217664698804237
stream,1465,0.16314945197428676,28.571598925938183,2.9020563802422528
stream,1466,0.16008704451397204,28.968810870120468,2.9046144129209157
stream,1467,0.15748694790518608,28.791854642007394,2.940244921102092
stream,1468,0.15175144988585376,25.726979342325347,2.76702219659131
stream,1469,0.14603263773647915,25.620132872090846,2.4315792972918633
stream,1470,0.14687398584760364,28.101407848189364,2.49765612391098
stream,1471,0.14919916456523488,30.48395671992231,3.051921460894289
stream,1472,0.14967207465363197,29.90452209840226,2.7847985325190465
stream,1473,0.15442630445742864,30.32571857009748,2.981878706549832
stream,1474,0.1590682437923928,28.910103477439254,2.870341819465812
stream,1475,0.16479615740509804,27.83929211933507,2.7472665714387308
stream,1476,0.1663112047701117,28.81421084311357,2.687251358522095
stream,1477,0.1725819383545749,28.369544694652205,2.774827806263188
stream,1478,0.18394504826314073,28.889495763071185,2.7197433229787555
stream,1479,0.18694464178957146,30.80766182745211,2.8773641844905926
stream,1480,0.19532760200376695,30.278861000211528,3.0248950084950774
stream,1481,0.20546630325051574,29.71645244788717,2.891340398214443
stream,1482,0.21237728310688603,28.814677145795752,2.8877170798579495
stream,1483,0.21604580531024037,26.872237322097604,2.700490269132249
stream,1484,0.21717500457658342,25.792530831784177,2.472502000844689
stream,1485,0.21687285431437864,25.733906460674852,2.3940893627555964
stream,1486,0.20941862717549536,25.330158522353933,2.3929011128387225
stream,1487,0.21493832378245567,26.25105584886926,2.436304704504713
stream,1488,0.22783631100418608,22.292981683132794,2.2694056756582466
stream,1489,0.2500105783513637,22.061147493674834,2.1904755305239125
stream,1490,0.26971069433963674,19.765759947853972,2.1317985894448443
stream,1491,0.29359112317238917,10.71811589610231,1.4022133195659752
stream,1492,0.28609943276621735,14.362104620189598,1.346401378181205
stream,1493,0.2965938477907208,13.672123216643412,1.5318471374660607
stream,1494,0.30298347334322484,13.338582087088366,1.4448781998488422
stream,1495,0.32008207369218783,13.93086417824974,1.4371437528771325
stream,1496,0.3177194333177289,13.006258395845737,1.4469186172436812
stream,1497,0.33917905212398103,14.351618223492599,1.4469185329040188
stream,1498,0.33484412459407087,15.724558768799291,1.7083395538137045
stream,1499,0.3257048137324846,13.817807651366664,1.6037024239289759
stream,1500,0.3143323568292642,12.753748953041068,1.384366266883227
stream,1501,0.30393630203080135,12.753248529108184,1.3504845737514506
stream,1502,0.2989793294011409,12.789163593226377,1.3587172235537097
stream,1503,0.27978465224436255,13.565314575354135,1.3844284306631582
stream,1504,0.2960649934300503,13.644789920663982,1.4151591123559797
stream,1505,0.28187245256372134,17.89729586569225,1.5206733750616281
stream,1506,0.2801167041272609,18.994168517597522,1.911569710880138
stream,1507,0.28174770176848934,18.397295605507896,1.8386721613620698
stream,1508,0.26326588582340477,18.940868165167238,1.8847720455562615
stream,1509,0.29033482262015464,25.42988493694212,2.3221050187757237
stream,1510,0.3005505484376428,26.37622226824327,2.807280619695095
stream,1511,0.30734624113137554,26.369527917859344,2.842283526453293
stream,1512,0.32473943355532686,22.596193094302876,2.7083268219157266
stream,1513,0.34873851980947906,21.415704921011603,2.326090116040814
stream,1514,0.3446281973174256,23.788426827997206,2.394514182832325
stream,1515,0.34660629331779275,23.148239435783527,2.417249338362531
stream,1516,0.364064947489205,23.42973119386965,2.4065274461883868
stream,1517,0.40205298815466345,23.645374542049662,2.2338720939370216
stream,1518,0.4183226093215644,24.26756316628252,2.2803862109223525
stream,1519,0.438280072748684,24.265264105280835,2.3505788568776422
stream,1520,0.43824701245123376,26.26141496620792,2.415452680289293
stream,1521,0.44620218219582614,26.844187741490618,2.6088140461165383
stream,1522,0.4385867267165064,27.307078089897185,2.683988397258908
stream,1523,0.43918990998165763,26.930525854775727,2.7563276486214714
stream,1524,0.4228794458092273,28.933164598775004,2.870550471420269
stream,1525,0.4074285523274664,24.626035453459355,2.9101136200228472
stream,1526,0.3923876721046762,23.39526039227211,2.5259478294886772
stream,1527,0.38109810274564543,23.51537626742448,2.552183585377743
stream,1528,0.3755898509021728,22.661763291592063,2.505333828636697
stream,1529,0.3687181200953224,16.226109194214967,2.0624580561665047
stream,1530,0.36829813304171205,15.026932725087814,1.5679030032324606
stream,1531,0.35695864947053113,15.38511346891041,1.5192440106089424
stream,1532,0.3580927736136699,15.488185488467511,1.5710402365092797
stream,1533,0.3497270628583734,15.725894303346328,1.6328725408589682
stream,1534,0.3396972739582544,13.347076220677858,1.5311939208931997
stream,1535,0.3288249961693805,13.296029157183789,1.4637767993454487
stream,1536,0.3333002314333392,13.073715251357214,1.4227711626218849
stream,1537,0.3506008568873399,11.478220439239042,1.4067507462999895
stream,1538,0.34398333659562835,10.92247018428873,1.2502469062650523
stream,1539,0.34425736190446937,11.06180337679945,1.2565502089450091
stream,1540,0.343541328345518,9.070543223476767,1.1942463146612026
stream,1541,0.34583765516421033,8.532164941438603,1.0069023842225164
stream,1542,0.3388912885529652,8.305237029685461,0.9408532409488398
stream,1543,0.3151255341627647,9.319449725005722,0.8578767650777597
stream,1544,0.2995261270443233,7.479158769332815,0.824224028513629
stream,1545,0.3009995640308561,8.703658502067736,0.7028018475628192
stream,1546,0.30151881423115023,8.659019746799911,0.7358228150324363
stream,1547,0.29123556336831125,8.941875816384268,0.728908635204107
stream,1548,0.2916502727408069,9.243110591779528,0.8018061994664036
stream,1549,0.2999265188179401,9.660326921675178,0.8025521803371762
stream,1550,0.30213899369838376,9.789474007037962,0.8380705177434367
stream,1551,0.29922864850194314,9.91006451974517,0.8349529242282282
stream,1552,0.30298114889432576,11.065005048053264,0.9360798277172001
stream,1553,0.3045541597024658,10.726894088404688,0.9474420533334712
stream,1554,0.3032046630989768,11.380469206000948,0.9377293219574666
stream,1555,0.3002452076930521,11.43374619022216,0.9528743078973161
stream,1556,0.29650075784638613,11.037791428936801,0.9245105892323191
stream,1557,0.2942407609165875,10.433970587893322,0.9466782080289715
stream,1558,0.2936020358157073,8.663880763661446,0.7994145214391474
stream,1559,0.293092204193587,8.781952469517233,0.6965237784199196
stream,1560,0.2943519096377503,8.824044374005727,0.6981558930049737
stream,1561,0.2938314788710427,10.400047967186337,0.784848537901098
stream,1562,0.2923513214988195,10.110520283930533,0.8154522411558194
stream,1563,0.2939468841608073,9.708772659534,0.8392007071713905
stream,1564,0.2937277064434932,9.902832273823217,0.8422572373469772
stream,1565,0.29749844513630225,9.55986746522749,0.9021304622945947
stream,1566,0.3094348919634852,10.788309410863544,0.860369340319557
stream,1567,0.3194600653544159,10.602556142030064,0.9645088351727141
stream,1568,0.33192179472960853,10.304683686982079,0.9109329291159173
stream,1569,0.3300984215197371,11.803904922271474,1.0209660542638526
stream,1570,0.3297344076468143,11.696237655268758,1.0688547733957174
stream,1571,0.33664482642747035,11.721678629871878,1.0738794273908507
stream,1572,0.3396351545009132,10.241929368127662,0.9727525239018787
stream,1573,0.34767485467258946,10.359318915170988,0.9213809595994708
stream,1574,0.3663923713998083,10.233042040266263,0.9167216556219757
stream,1575,0.3572878133173544,13.8942735939104,1.1650358290026328
stream,1576,0.36244342173637906,14.774572576257338,1.4648326315151778
stream,1577,0.3601252005945264,14.901853920342422,1.5482673931158757
stream,1578,0.3715182359294086,15.54526055025257,1.620118508775817
stream,1579,0.3809804803486989,15.257262533088278,1.6346832044372208
stream,1580,0.3799974178234666,15.582679909806467,1.64555392422549
stream,1581,0.37092031017664556,14.142908053466135,1.5548120252147999
stream,1582,0.38215950503825313,15.620010297443631,1.6033325127210305
stream,1583,0.38564361702777805,14.695260538590949,1.6737968941168655
stream,1584,0.4025158225078725,14.69327560250194,1.591947858251287
stream,1585,0.415984638385732,13.703141405244905,1.5278153949152418
stream,1586,0.42444498609167375,12.544602391773845,1.5283330100690538
stream,1587,0.4227810109526264,12.21945485984107,1.4026062475073275
stream,1588,0.41236426462121045,12.384848292402705,1.3762956296207103
stream,1589,0.40229162326511486,10.415657042066686,1.2703475123268084
stream,1590,0.40175669223115335,10.599242538012192,1.1919348193451638
stream,1591,0.39094341087043033,10.319463145569014,1.2347434005807008
stream,1592,0.399036441383596,11.1545884674682,1.2491193199704804
stream,1593,0.3904350138148436,11.431148642176225,1.3480516972744714
stream,1594,0.3721673720561129,11.028241310577004,1.3527110017785453
stream,1595,0.3770886241021447,8.467947664980812,1.1575856042573143
stream,1596,0.3693125792007524,7.579514272629301,0.9445568854327752
stream,1597,0.35048546823195326,7.5384886410064125,0.8382696119877201
stream,1598,0.3566827975578805,7.772286610243769,0.8358830177795321
stream,1599,0.3564235279501068,7.8154484595120755,0.8729605303872209
stream,1600,0.3485287327297155,7.512976460069549,0.8564985721514843
stream,1601,0.3510880574030437,7.5152582937684995,0.8675831391446864
stream,1602,0.3324554962875478,6.697418370190001,0.8461574051496663
stream,1603,0.3173684050279013,6.535589536055394,0.7723281375410505
stream,1604,0.33256043432056165,7.438387937466969,0.7622334123343364
stream,1605,0.33891553477643804,7.560527272000962,0.8279267134900284
stream,1606,0.35060499895521335,7.530338852975706,0.8477475332997516
stream,1607,0.36567244628291606,7.338462117456108,0.8438766748394888
stream,1608,0.3566592658112315,7.943139272229497,0.9189063154411065
stream,1609,0.35208246348838734,7.979880517968659,0.9389397334657652
stream,1610,0.3456693164570511,7.771137167618076,0.9370624601398713
stream,1611,0.32215111988174133,7.960512269659349,0.9084237321319717
stream,1612,0.33259317187389853,8.800436207196782,0.9828466554076846
stream,1613,0.3260587647381212,8.74881786108429,1.0399837885358385
stream,1614,0.3196659934002497,8.617582392341182,1.0420050708140505
stream,1615,0.3138884047122267,7.459173030268067,0.9736713086377761
stream,1616,0.3357142763641372,8.36179973790782,0.9207693336682246
stream,1617,0.352078667934338,8.231235409503887,0.9909268186762955
stream,1618,0.3458670828363066,7.887810309756826,0.93653889764925
stream,1619,0.36385633739255663,8.790461902388627,0.961767285987374
stream,1620,0.389643393792041,8.887845436657944,0.9730336361640719
stream,1621,0.4024919333012153,8.875010577892835,0.9886190881975885
stream,1622,0.39797303279524615,8.781157833303226,0.9195916183646976
stream,1623,0.37213766610854676,9.714901107889315,0.8867221420850815
stream,1624,0.3617171482651762,8.94995180501943,0.9455542799573157
stream,1625,0.37463431249211376,10.129632624486195,0.8558056864050809
stream,1626,0.3926929123612219,10.204517667871814,0.8578746488488376
stream,1627,0.3867418122589964,11.64053226394515,0.9812450946065508
stream,1628,0.39120301722582135,11.189510412689081,1.0081673472405814
stream,1629,0.37014261773479123,13.181807095237533,1.1387380588567244
stream,1630,0.371743829949889,14.826642905739465,1.3795022267341537
stream,1631,0.3867962531455137,15.382065228028356,1.364398943679294
stream,1632,0.39016321557195577,13.93497910720223,1.325691504912987
stream,1633,0.38053679593713774,14.907771327383013,1.1666056646295873
stream,1634,0.3874966902810804,16.727216185781085,1.3622860674518806
stream,1635,0.3822426197565819,17.13187742142352,1.5326838662621585
stream,1636,0.3631549703693502,17.114284187029345,1.5062811081395064
stream,1637,0.35969518008179535,18.146155479368577,1.5773460389113392
stream,1638,0.3553176916930328,17.42850142719546,1.6072141668697524
stream,1639,0.34064386903107013,18.222374943244944,1.5845094060061777
stream,1640,0.3385993641847678,19.65927866234385,1.7416892099223018
stream,1641,0.34006704487300404,19.86933235609086,1.731092472858981
stream,1642,0.33984673879967847,19.294673611017494,1.7567430766836793
stream,1643,0.34123453292831923,18.497311280953987,1.7611097850396793
stream,1644,0.34456671629380253,18.08262323602221,1.6711288736782837
stream,1645,0.34577454199407714,16.789996685194534,1.6782537843173653
stream,1646,0.3426826305287757,17.438718327776115,1.702404895284656
stream,1647,0.33722883523074754,19.580344858646058,1.6198378003880491
stream,1648,0.3405111083112861,19.417572915180973,1.676157437970456
stream,1649,0.3430796147402356,18.256078266551626,1.523646204241258
stream,1650,0.34233074512829087,17.094152796702677,1.2839325444091292
stream,1651,0.34576809877030207,16.4362404172494,1.3609609237487876
stream,1652,0.3555298363960429,17.415959621320685,1.2760036287207148
stream,1653,0.35903063688252357,16.9314285523769,1.4116050669144864
stream,1654,0.3705318366258839,17.331267201628915,1.4300719705180682
stream,1655,0.37737052828046397,16.943540639252056,1.3350535769265204
stream,1656,0.38351526953882703,17.243218750710234,1.3666749688317674
stream,1657,0.38845329779289783,16.803405497679453,1.2343017589843157
stream,1658,0.39456805565413783,17.291607487650964,1.2651025558138964
stream,1659,0.4011179540060083,15.552289672705667,1.19753800285917
stream,1660,0.40689115914951896,14.17131108624894,1.0296402661522936
stream,1661,0.4099358054141359,14.205525782535627,1.0119224749925626
stream,1662,0.40912894540483646,14.23859042347634,0.9910220933303628
stream,1663,0.4230806882665067,19.67492829260131,1.2526078873699076
stream,1664,0.43338372747740067,19.521268973839334,1.4349817336830895
stream,1665,0.44092605989993505,20.19966900558687,1.44849951400338
stream,1666,0.44397499859818673,21.43812267634862,1.4115452214935726
stream,1667,0.4512268828625314,18.75812199567811,1.586941379235451
stream,1668,0.45816063100985843,19.10474615449117,1.4289782375425737
stream,1669,0.4626507867303537,20.575475400074776,1.5970699741755383
stream,1670,0.4716731741486031,21.706853853339517,1.8988976344644162
stream,1671,0.4791738194446076,21.84589314579443,1.9389140078876195
stream,1672,0.48603426419762086,20.6840378245722,1.95271954219825
stream,1673,0.49054271572884883,20.51063423295189,1.83176691261707
stream,1674,0.5008245692167348,19.70534234442127,1.7709870767356968
stream,1675,0.5087887352542827,19.984345591224557,1.799752201393916
stream,1676,0.5170477228170388,18.865572465042614,1.7573784323075694
stream,1677,0.5245716724030602,18.250045360107777,1.7675792076012031
stream,1678,0.5286864097776327,17.821737939513277,1.689276389896127
stream,1679,0.535187951196106,17.81547851687334,1.6786439367589894
stream,1680,0.5412040451404628,17.606191791480853,1.6776579122420539
stream,1681,0.5410644179604845,17.354105844898445,1.6806385301197173
stream,1682,0.5419933204223745,17.39844950919182,1.691600604818541
stream,1683,0.54263579391912,11.800496959979558,1.4268363411397316
stream,1684,0.5452338870948051,12.133188168814572,1.2580126743650109
stream,1685,0.5530646883528636,11.4574504747436,1.2420292985774137
stream,1686,0.5600034698260506,9.47114188454532,1.2341726336299335
stream,1687,0.5722335899021893,9.274826792483138,1.0587763937462473
stream,1688,0.5747011092156636,9.849553508106204,1.1660684138576676
stream,1689,0.57665454984886,7.508717318066267,1.0426922426235543
stream,1690,0.5831119006949104,6.078930825505393,0.7484009847244979
stream,1691,0.5772967360826239,7.655349456220059,0.7484009873313057
stream,1692,0.5753086433072819,7.930941027599904,0.8741014642613832
stream,1693,0.570053230090881,7.272196382354768,0.8679806831688377
stream,1694,0.5554395821835585,6.325293150523585,0.7092078938629885
stream,1695,0.5253371379676328,6.375763293812491,0.6066428789597686
stream,1696,0.4984942017620978,6.299896010258957,0.657681218219222
stream,1697,0.44653191417883686,7.0915913528881,0.7218439769327042
stream,1698,0.39270039306318877,7.068179221055964,0.7794898716951192
stream,1699,0.3645921858602328,8.185903807236478,0.8144469011529591
stream,1700,0.32792883405262846,8.263876048899007,0.8724384473201305
stream,1701,0.29455382413703635,8.10267759469576,0.8765827703666048
stream,1702,0.26652243960952265,8.02164402225493,0.8579587086674795
stream,1703,0.2368058460153852,8.063388055592961,0.8565084012724526
stream,1704,0.19770646625250668,8.101078843851123,0.8434116182159139
stream,1705,0.18450869044436152,9.052636044234017,0.942070643817389
stream,1706,0.1780878457949969,9.085716830413316,0.9570416332263667
stream,1707,0.1855772144941796,8.838711335197965,0.9252514638873829
stream,1708,0.17315629332865307,9.012007919001515,0.9010313277451033
stream,1709,0.15639927367558284,9.124512033941041,0.8736601413807267
stream,1710,0.14799883169847988,9.160113867639911,0.9018762830519804
stream,1711,0.134624140686811,7.42879020502378,0.8017217223904837
stream,1712,0.11856130946245236,7.311196927893063,0.6378520573075134
stream,1713,0.10813810845556313,7.371444688476879,0.6482756890705809
stream,1714,0.10348808330247616,7.25400041179039,0.6508329478118771
stream,1715,0.09277640070927627,8.447451860851663,0.7620422839510936
stream,1716,0.08535568705484058,8.299985920387238,0.7526597215087427
stream,1717,0.0827711057186611,7.636979109682218,0.692299495675737
stream,1718,0.08286136552165548,8.588438752466725,0.6869086714232001
stream,1719,0.08683656459503702,7.516441040053433,0.7226920151947016
stream,1720,0.09367862533857212,7.438212040794376,0.6690972133609698
stream,1721,0.10231733931129641,7.4434795032981445,0.6670075666115425
stream,1722,0.10757026283098259,8.236643688603502,0.7055728928118662
stream,1723,0.11321666055368687,8.242135472839225,0.7387043633484788
stream,1724,0.1176687880350647,8.124676899838738,0.7787763941936686
stream,1725,0.12577632765168076,7.486907191974827,0.7058794688105969
stream,1726,0.13120465378429094,7.578580530296217,0.7338428139391562
stream,1727,0.13844435820284512,7.3033605479288655,0.7462111560217901
stream,1728,0.1450115325000021,6.158235822999021,0.7027243528864999
stream,1729,0.15366212390407774,6.258545622447933,0.6983410988712495
stream,1730,0.16495785163459087,6.683535359975089,0.6597001071829245
stream,1731,0.1728663947228962,7.1993571600495985,0.7496914928546383
stream,1732,0.17855101797568113,7.209809991520983,0.7498590277386188
stream,1733,0.18639768089737468,8.016175049739571,0.7950700723886516
stream,1734,0.1945864108427161,7.66649281783306,0.8362237736139235
stream,1735,0.20021273338040904,6.623749522200255,0.742039813518066
stream,1736,0.20670231292802616,6.535197193466632,0.7124432581056782
stream,1737,0.21614225207280024,6.55137857263949,0.6922287849924798
stream,1738,0.2268095516671362,5.626592443353902,0.660104535725748
stream,1739,0.2372722636756813,5.592965336122294,0.582699637167419
stream,1740,0.24840278984702324,5.799408610055618,0.5826996505074753
stream,1741,0.25677683469514645,5.9454882226755394,0.5784862294249059
stream,1742,0.26312198884509913,5.361339747064816,0.5368952293345441
stream,1743,0.2713894188916537,5.543832941070453,0.5022559920942959
stream,1744,0.27822480782678916,6.58060783200919,0.5757677128780228
stream,1745,0.2862754003906849,6.679382018705565,0.6309570264786144
stream,1746,0.2933373908211371,7.716254207003693,0.7290235821956498
stream,1747,0.30264865754344916,7.831711756054852,0.7901701035984766
stream,1748,0.30963437474566985,7.832930219700116,0.7993623930482622
stream,1749,0.3157881104331497,7.62587713970823,0.7839841118062895
stream,1750,0.3241260231942615,7.171981343765031,0.7843152880034736
stream,1751,0.331870270989606,6.749814177633574,0.729214673435673
stream,1752,0.3370495925753776,9.278199121250823,0.9125511670454761
stream,1753,0.34100508815274383,8.80323073831817,1.0887780022861322
stream,1754,0.3470075192884734,8.85040795240938,1.0546024152347235
stream,1755,0.3509309405303458,8.353059024855202,1.0353582023430985
stream,1756,0.3552016409964242,8.569100372683485,1.0413251966793406
stream,1757,0.35866034766909094,8.434846965131104,1.0455085996868716
stream,1758,0.36106678498770534,8.492818190345483,1.0242814487051244
stream,1759,0.3624991691185916,8.538845547878598,1.0422734524139532
stream,1760,0.36323658197248027,8.542797838553287,1.0564031213007474
stream,1761,0.36320663328293273,8.403613966137925,1.0810182103445174
stream,1762,0.36289461460822936,9.306067339441839,1.1208469456688985
stream,1763,0.3612159612190691,9.347962510436535,1.2008740623789962
stream,1764,0.35908551812079503,8.058063640127624,1.0973839544326098
stream,1765,0.3564725705921146,7.733688632564526,1.0213303385618886
stream,1766,0.35406419992977917,6.591813083048292,0.8807748342570131
stream,1767,0.3505456688173153,6.279571743764808,0.8009911056816686
stream,1768,0.34683011065069685,6.20201595769443,0.7518786768722052
stream,1769,0.34211936866273973,6.234231338765585,0.7606781465315724
stream,1770,0.3370566857407225,6.041883332496174,0.759216192628838
stream,1771,0.32899950927072497,5.872938480575962,0.7213090647222345
stream,1772,0.32285027837509306,3.4505454519720637,0.5766616256287264
stream,1773,0.3191113638021809,3.8735469300333745,0.31801387855971697
stream,1774,0.31238877427186235,4.439149201701874,0.42806119225268585
stream,1775,0.30710653991936054,4.624102034742483,0.4686840493109186
stream,1776,0.2983388889495335,4.9596451171335465,0.5077825557244999
stream,1777,0.2936124530530704,5.83132240731088,0.58671281600057
stream,1778,0.29054481723032927,5.878476496179923,0.5936588170584742
stream,1779,0.2871000424267905,5.844720697174544,0.5903130792769273
stream,1780,0.2814118053660871,5.745195275504829,0.5759542506810876
stream,1781,0.27433972538704476,5.7728759830744165,0.5503305956804482
stream,1782,0.2705628191244703,5.0040669889747145,0.5224963224678004
stream,1783,0.2595547524583023,6.611690273344144,0.5950608265012606
stream,1784,0.25616685922977667,8.575222289879594,0.8359318138199574
stream,1785,0.2507536463946684,8.627936245097832,0.9661424871935543
stream,1786,0.24669837004611228,8.632488034289958,0.9726896860703693
stream,1787,0.245021008114842,8.80772858146323,0.9693403125088732
stream,1788,0.23754421007021626,9.79432004792854,1.0620617866146995
stream,1789,0.22958755211333723,9.768312855832596,1.0748641014774725
stream,1790,0.22485149449931896,10.00050784723069,1.083269182146696
stream,1791,0.21638112532698445,10.224436249239202,1.1170806581593762
stream,1792,0.20842497077454075,9.805571542883682,1.088440931240043
stream,1793,0.200144178035285,8.903156936533216,1.0889277318103796
stream,1794,0.20036988583301532,10.129647556890436,1.0216000577895992
stream,1795,0.19173950527831124,11.737047377015646,1.2918177719265218
stream,1796,0.18459301502894673,11.261918871567708,1.3180733239199847
stream,1797,0.17567841052186364,10.600859715623105,1.260777011209475
stream,1798,0.17118504906911747,11.140006011831566,1.3071824553595577
stream,1799,0.1657087909253828,11.3360968513343,1.3723886420568325
