segment,end_index,PW_WTC,E_CCDC,CD2_P
stream,0,,,
stream,1,,,
stream,2,,,
stream,3,,,
stream,4,,,
stream,5,,,
stream,6,,,
stream,7,,,
stream,8,,,
stream,9,,,
stream,10,,,
stream,11,,,
stream,12,,,
stream,13,,,
stream,14,,,
stream,15,,,
stream,16,,,
stream,17,,,
stream,18,,,
stream,19,,,
stream,20,,7.013097005579971,
stream,21,,6.399771666458977,0.5302041846872872
stream,22,,6.718163749403145,0.4576101619735483
stream,23,,7.295928341575582,0.46193321347099287
stream,24,,7.295843866563266,0.5015735439547383
stream,25,,7.555510145297546,0.5172945408689128
stream,26,,8.309225823503628,0.5153097263890845
stream,27,,8.452946804642263,0.5248197806762436
stream,28,,8.422670625986834,0.5291262872261986
stream,29,,8.702644874876789,0.5355149604748256
stream,30,,8.634572736649028,0.5731169372240293
stream,31,,8.469848769380206,0.5512305227409596
stream,32,,9.238685589568822,0.6116712480592711
stream,33,,7.921363644168813,0.5644423447967042
stream,34,,7.922584971297852,0.5399470700183173
stream,35,,8.000803596582436,0.5393762955901095
stream,36,,7.964289181652036,0.5421655613188074
stream,37,,7.602588015559228,0.5536326391713076
stream,38,,7.213373411458122,0.5527356239816149
stream,39,,7.222177669501817,0.5376796607409811
stream,40,,7.221908286868152,0.5368642855548535
stream,41,,6.74090071943613,0.5088973445756628
stream,42,,6.385520461179162,0.5109531837431005
stream,43,,5.505776447622176,0.5045093851787114
stream,44,,6.3071264197936046,0.4647337991591376
stream,45,,6.401845949974241,0.5600983994154517
stream,46,,6.387719817061108,0.5601416736024863
stream,47,,6.25832169069462,0.5685164624155976
stream,48,,6.688247204829914,0.5769175713442085
stream,49,,6.385474412434561,0.569789386455012
stream,50,,6.136682570484815,0.5275869941062419
stream,51,,6.510983359441887,0.5263091373498286
stream,52,,5.339242745015154,0.4949715526206157
stream,53,,7.571070556723068,0.4719049922082188
stream,54,,7.620699821528892,0.5127150412191384
stream,55,,7.772484398307024,0.535265460463719
stream,56,,7.929273282040476,0.532329251994244
stream,57,,8.25883891544744,0.5406215842952712
stream,58,,8.076635352346683,0.6083050716996051
stream,59,,8.413314286508275,0.6265637628322016
stream,60,,8.363372900541856,0.634198420168785
stream,61,,8.22036759661185,0.6234323586099441
stream,62,,9.014234873643893,0.6589994209178234
stream,63,,9.264513741011578,0.6631104064299104
stream,64,,8.58547523270712,0.6786623794224784
stream,65,,8.479978669796665,0.5658425571573217
stream,66,,8.79652061400034,0.6502183008441875
stream,67,,8.782245618162388,0.6658898872727509
stream,68,,8.348117977303104,0.652431915563943
stream,69,,10.106654646526524,0.7117031960875506
stream,70,,10.570903839431587,0.724133260530342
stream,71,,10.132749551432143,0.7152807886106839
stream,72,,10.393205506498981,0.6924965846658471
stream,73,,11.160495742937329,0.7959533910960561
stream,74,,11.241724335627902,0.9148594785000237
stream,75,,10.987963383746315,0.8985620432691243
stream,76,,11.76820327769986,0.9301284042545859
stream,77,,11.536588603357558,1.0117529735094357
stream,78,,11.35923409956684,0.9561957724006473
stream,79,,11.44741616432115,0.9358862816064347
stream,80,,11.497921208527215,0.9526889573552245
stream,81,,11.448317815299346,0.9522807824801618
stream,82,,10.729923666010734,0.9161264306049511
stream,83,,10.491889654346224,0.9185782492357096
stream,84,,10.484533719924025,0.891514312257549
stream,85,,10.331369636330889,0.9171750654088884
stream,86,,12.51767057063638,1.0579722029843395
stream,87,,13.344356740182178,1.056357143096463
stream,88,,16.19797898021599,1.0742413301801985
stream,89,,15.781700847211976,1.295751485015067
stream,90,,15.892322653808563,1.290254036156804
stream,91,,16.23444857975875,1.346968631040945
stream,92,,16.03535609452781,1.3697528362836149
stream,93,,12.429127173316356,1.139789716278989
stream,94,,12.539571183866217,0.9897620925984205
stream,95,,12.595384654902517,1.0047490524866067
stream,96,,13.683628508270429,1.0663129033593515
stream,97,,15.169073367552315,1.2180269537356625
stream,98,,17.098778109689228,1.4888324045823111
stream,99,,17.264196208899385,1.6453414679544278
stream,100,,18.08667388705004,1.7383786105710979
stream,101,,20.6374334452241,1.99138468487349
stream,102,,21.963745185877862,2.284854302854527
stream,103,,21.939476614016368,2.3123100488082384
stream,104,,21.909733480089795,2.312946213025278
stream,105,,22.4273183410857,2.33742141131419
stream,106,,19.186545387590062,2.1446946938194276
stream,107,,18.918072689609033,2.131872519192558
stream,108,,16.077704372723463,2.135591833185055
stream,109,,14.854726449990826,1.8534454983533528
stream,110,,14.291125635773238,1.8560229229849103
stream,111,,14.14785605740579,1.7911139174482662
stream,112,,14.114741532308608,1.7778186042753372
stream,113,,14.405366870868715,1.7821416499894431
stream,114,,15.792799122891234,1.891873478405348
stream,115,,15.77314629654347,1.9406172602963183
stream,116,,14.024102582002632,1.8601076135316394
stream,117,,13.601572250377577,1.7049373539826351
stream,118,,12.821938550764092,1.4220380781986992
stream,119,,13.11164705059032,1.3981531803278058
stream,120,,12.304934548014218,1.2940067302718827
stream,121,,9.803775198311225,1.0385212811971312
stream,122,,13.075124054176571,0.8818025471946935
stream,123,,13.481736118841797,0.9435423919749167
stream,124,,13.885460224435963,0.9426724326428341
stream,125,,13.566959053486151,0.9488877126591835
stream,126,,15.247505619831442,0.9260993232383483
stream,127,,14.69224856700042,0.9718724834431771
stream,128,,14.78382943090328,0.9535477755800434
stream,129,,14.71727575232723,0.9482567318608001
stream,130,,14.750781187795852,0.9375231458888523
stream,131,,17.063870853765923,0.9957437746523805
stream,132,,17.364061310122064,1.1430514114127284
stream,133,,16.793970339260042,1.138814956786641
stream,134,,15.86910964515129,1.002048255625716
stream,135,,15.841432624501618,0.9561583533260324
stream,136,,15.5835472555861,0.9435377882325051
stream,137,,13.924090755343688,0.8256424660572572
stream,138,,13.33177396841393,0.8616677662001038
stream,139,,12.435841702064852,0.7361396539536511
stream,140,,12.526992658638678,0.7383419117780093
stream,141,,12.632161415309133,0.7656330483847773
stream,142,,7.9781801760803095,0.6278217784223599
stream,143,,8.962793533396162,0.5733345686173517
stream,144,,9.096198966678946,0.7411644822632419
stream,145,,8.652564098640063,0.6966287558272584
stream,146,,7.102708063610931,0.6899728820392714
stream,147,,7.110501178570439,0.6355258151265821
stream,148,,8.138409800186922,0.6565204274710098
stream,149,,8.220266579873904,0.6769937232390791
stream,150,,8.209870832941606,0.6999193936913543
stream,151,,5.964659251019886,0.6427595374185509
stream,152,,5.714683147902021,0.5004972404527818
stream,153,,5.749205578579238,0.4974579240384651
stream,154,,5.092962907479747,0.4732052924756844
stream,155,,5.759557550506756,0.5017597739862092
stream,156,,6.770898652311992,0.5056860344795814
stream,157,,6.737945297245133,0.5355763605345373
stream,158,,6.458378789233444,0.5127969564665323
stream,159,,6.460648595897052,0.5016016100779731
stream,160,,6.952471975420085,0.5164357831285175
stream,161,,6.916081039539088,0.4981219130516145
stream,162,,6.962187242312569,0.4949406980125653
stream,163,,6.441318744953005,0.5025642651524473
stream,164,,6.989424037734292,0.33589248987962833
stream,165,,14.30107606275591,0.8448891129945828
stream,166,,14.502592497200837,1.0236948356686013
stream,167,,15.822238080817536,1.124780596586143
stream,168,,15.05755892264534,1.218582097713238
stream,169,,14.844860654329645,1.2213543781344574
stream,170,,14.969206813304705,1.2090324709590716
stream,171,,14.717866321829428,1.212653447739917
stream,172,,15.381261690578922,1.2324748719335068
stream,173,,15.941693778478639,1.3436470919347376
stream,174,,15.876013975429174,1.3571329834171266
stream,175,,18.028613417700978,1.4223799312005148
stream,176,,17.00861550563655,1.5063256754348417
stream,177,,17.01110478589871,1.4800891781013725
stream,178,,16.98351137128294,1.486778340646942
stream,179,,17.16096388151234,1.5095667668010972
stream,180,,16.68339681962558,1.499593957072936
stream,181,,16.664074420196048,1.5111379765404038
stream,182,,17.214919012881403,1.5512849799316077
stream,183,,16.6455600554738,1.585297455567622
stream,184,,16.143582923270802,1.6479240792215915
stream,185,,8.85162001529644,1.1358932653166949
stream,186,,8.817561029487003,0.9540423676391909
stream,187,,7.559229373636378,0.8416954620803415
stream,188,,7.321807733356819,0.7427064136027488
stream,189,,7.468087630056422,0.7193683824309498
stream,190,,7.553477096831693,0.7435445269262133
stream,191,,8.33640639676779,0.7405489042688967
stream,192,,7.588768890277011,0.7323204989321931
stream,193,,7.190391591726661,0.6269390060318168
stream,194,,8.315720665377409,0.700957282240139
stream,195,,5.488484924315918,0.6359970297238094
stream,196,,7.2879241072137475,0.611989888525646
stream,197,,7.277867239524089,0.6737575437477477
stream,198,,8.922081173285234,0.7358454201055318
stream,199,,8.884305948498044,0.8303517230016436
stream,200,,8.786791707631437,0.8091117554371668
stream,201,,8.76483107372275,0.79663303677794
stream,202,,9.582922981441492,0.7824406001800515
stream,203,,11.01967100062902,0.9358640823884832
stream,204,,13.673350244513424,0.8849336996125029
stream,205,,13.872218057952887,1.0746018140873297
stream,206,,13.841311939777443,1.0734217404731619
stream,207,,14.079338705416966,1.1283634024607596
stream,208,,20.076033233710064,1.391728727389088
stream,209,,19.944522725497723,1.6393047646017305
stream,210,,20.42508256614502,1.7054545755819013
stream,211,,19.94743487621109,1.7881877249427554
stream,212,,20.622023532789974,1.754523584101126
stream,213,,20.513426384721026,1.7544153446106727
stream,214,,19.59201941370648,1.6672972191419138
stream,215,,19.765992547806036,1.6425353107689313
stream,216,,18.044079936601936,1.6074081521227834
stream,217,,18.558096055952355,1.573199444141497
stream,218,,17.42604533622615,1.583920667159328
stream,219,,17.407748716040384,1.5012914779225341
stream,220,,23.306431194207704,1.8127872585284064
stream,221,,23.296620772141143,1.9618078475942449
stream,222,,21.88790984452042,1.935923998759679
stream,223,,20.202688338414983,1.697064560958373
stream,224,,17.38997903168176,1.7175872188795902
stream,225,,17.253932928203902,1.5236234054830193
stream,226,,17.540747087503277,1.5364022596328695
stream,227,,17.322265762540773,1.4876811043365137
stream,228,,11.848327662296791,1.2543804686032682
stream,229,,11.831074710344597,1.0226610480454719
stream,230,,14.108947885534835,1.0286947735509242
stream,231,,13.844648919616374,1.0843242818927248
stream,232,,13.241406530836693,1.1090652773506813
stream,233,,13.305516472233421,1.1015881866676318
stream,234,,13.609042820705197,1.142801052124502
stream,235,,13.435906323804677,1.1401137973465534
stream,236,,13.802383255962697,1.1248619632749308
stream,237,,13.470585647700167,1.0962318222300425
stream,238,,15.343354853924408,1.182119705751849
stream,239,,15.301059923104164,1.2738321360899512
stream,240,,9.35582340653925,0.9672136461709296
stream,241,,9.481516097089058,0.819008731344288
stream,242,,9.512535130114067,0.8221895731352541
stream,243,,9.90620970784599,0.8481649163820428
stream,244,,9.37698737716755,0.8275015470093187
stream,245,,9.957626314430964,0.8517164414790567
stream,246,,9.55574276306786,0.8847493934314632
stream,247,,9.757620896751826,0.9081702983944663
stream,248,,9.193188487658686,0.8608630437408693
stream,249,,10.278559886550664,0.9206436247474946
stream,250,,9.989451616963187,1.1151957871343707
stream,251,,11.37723993664599,1.2835435735796736
stream,252,,12.435858000567034,1.2596944726948964
stream,253,,12.370505204300523,1.2930715131148678
stream,254,,11.840175827122701,1.2543385109970735
stream,255,,12.431960832557726,1.2409789476313784
stream,256,,12.17265540656158,1.2748926326319525
stream,257,,15.378778447158894,1.342623793682133
stream,258,,13.739245002727422,1.4555891427877499
stream,259,,13.747035558532646,1.3940216912659718
stream,260,,14.102170774095143,1.4219340996100878
stream,261,,14.780019647573916,1.5089138774000124
stream,262,,15.25233744662864,1.6334107872645471
stream,263,,15.337901486166075,1.6928713996106328
stream,264,,16.079951682018432,1.7628005075086157
stream,265,,15.810361916457987,1.8243643201847117
stream,266,,15.939968044329461,1.7794498118485442
stream,267,,15.696726864420672,1.7639522740121547
stream,268,,15.926815838193635,1.7953055322048401
stream,269,,15.27792209409525,1.768961570251086
stream,270,,12.564530529927225,1.4843621273319407
stream,271,,13.937560856147927,1.2629948714725485
stream,272,,12.845784755522356,1.360547763021228
stream,273,,15.527226191310064,1.4676163182684474
stream,274,,16.03123835815043,1.6705652274515523
stream,275,,15.448931636032688,1.6759758156225324
stream,276,,15.252327545283956,1.628424103145464
stream,277,,13.748721564006964,1.638026932334426
stream,278,,12.938660573874357,1.479789870822302
stream,279,,12.908674967486123,1.4053215836357023
stream,280,,14.708009293101505,1.4878639379201417
stream,281,,13.838725359416596,1.4695136708623833
stream,282,,13.80671163089073,1.361340385316644
stream,283,,13.277197636280738,1.2799666158461938
stream,284,,13.938825972857398,1.2726093756042212
stream,285,,16.988454555297164,1.1929650604680742
stream,286,,17.77063562064482,1.4945425286256224
stream,287,,19.00684275684404,1.6268421571444434
stream,288,,18.69911604273885,1.6268421571444434
stream,289,,20.677856375017203,1.6736099695335203
stream,290,,22.105486918447244,1.6586732149523387
stream,291,,19.571746807353342,1.5806710086225035
stream,292,,19.572845900649455,1.501606571641164
stream,293,,17.50392161290862,1.3702313500870251
stream,294,,17.633376758969455,1.2548986393574229
stream,295,,17.64805243298359,1.2515381279527495
stream,296,,19.02652322582341,1.3243657258567743
stream,297,,18.2369808772148,1.4051148552307997
stream,298,,18.07765111917226,1.29562107723611
stream,299,,21.801284864580495,1.4552184029393036
stream,300,,20.102129319004227,1.3888573531109536
stream,301,,20.121070679506378,1.3212059953732966
stream,302,,19.788409320774694,1.310901764361195
stream,303,,21.28513326812409,1.4192919445997931
stream,304,,19.879722126987957,1.4037603368768834
stream,305,,18.13805821511603,1.4541393059619188
stream,306,,17.14348712434067,1.1917952570492067
stream,307,,18.296812673110185,1.1787120786932272
stream,308,,18.904586306561377,1.1711809481411481
stream,309,,16.571164987123282,1.0889964575912436
stream,310,,15.699934746022487,1.0921775908997242
stream,311,,16.045261259138794,1.1755141904439474
stream,312,,17.30906578486462,1.2999290817395006
stream,313,,18.569385870158516,1.2922944060032802
stream,314,,17.9498714670281,1.2922944037582242
stream,315,,18.234909914615088,1.2922944028504344
stream,316,,17.001517953630824,1.249862837523033
stream,317,,16.245753005317347,1.0917797404272649
stream,318,,16.256088486087897,1.0733294579571508
stream,319,,14.465904826552219,1.0006797850156512
stream,320,,15.465415042781022,1.2024253022714753
stream,321,,15.547460550097485,1.2362745366340608
stream,322,,15.468606797974521,1.2545883740173418
stream,323,,14.462048127980086,1.1452081762285873
stream,324,,15.01627720755296,1.0863242080578506
stream,325,,13.298717647786399,1.0369892759692105
stream,326,,13.835903488969729,1.00866952719683
stream,327,,11.450462527866765,0.9167763796185263
stream,328,,10.833752908704101,0.8954504959997899
stream,329,,10.767508733527624,0.8815249581480243
stream,330,,11.162033842050143,0.8967071653714741
stream,331,,10.622108623577544,0.8253380688836153
stream,332,,10.12659707042577,0.7457011820032979
stream,333,,8.214855968752643,0.7760656018553592
stream,334,,8.269338718435424,0.6868340934089618
stream,335,,9.272825943743946,0.7501165858147998
stream,336,,9.14204056057856,0.7728745966396514
stream,337,,8.859191726686465,0.7739457938891
stream,338,,9.67983630235993,0.7850379694742682
stream,339,,8.437775177806836,0.803702060649313
stream,340,,7.184953438936243,0.5566393808745022
stream,341,,8.272938045836854,0.6087918313689563
stream,342,,16.30748666975059,1.1115355047056306
stream,343,,15.957800867072418,1.5143625849689695
stream,344,,15.931023500188395,1.5177338431657894
stream,345,,16.134929094323315,1.539615302004227
stream,346,,15.537850412398159,1.5388153015466086
stream,347,,17.0624494259736,1.542474831835784
stream,348,,17.113652004567353,1.6106367906920511
stream,349,,17.87777614539754,1.6583300230858595
stream,350,,16.929881033829744,1.6665355858615774
stream,351,,17.061792124849706,1.6501090911496386
stream,352,,17.26798298551183,1.669010388560241
stream,353,,17.339845280424637,1.7077813692993742
stream,354,,17.836543772769275,1.7501947588415805
stream,355,,16.65831137943945,1.7157865923112814
stream,356,,16.855549647310117,1.702865251193314
stream,357,,16.864091093436148,1.700815580088687
stream,358,,16.017272305933883,1.6890599872841523
stream,359,,15.290867522527577,1.5871240154933206
stream,360,,16.554277336046873,1.6214625121456987
stream,361,,15.376691021846051,1.6006978155185851
stream,362,,7.347366324696617,1.0718865851599406
stream,363,,9.703738297366627,0.7847995719728863
stream,364,,9.284980688724117,0.9113628730644677
stream,365,,9.467610665334991,0.9223510825396292
stream,366,,9.514206756739668,0.9319601972912802
stream,367,,8.007067151781945,0.8954030210061398
stream,368,,8.095983873671825,0.8233637076668866
stream,369,,7.829824078881772,0.817563061110715
stream,370,,7.888057527623085,0.8108138882248199
stream,371,,7.670273920141109,0.8033912771436122
stream,372,,7.091960158596665,0.7304399727818393
stream,373,,8.952935282912492,0.6781608509984434
stream,374,,8.500482105037497,0.6660632252812224
stream,375,,8.397683472662951,0.6299022854382151
stream,376,,9.414659521772975,0.6198492419325834
stream,377,,9.670019383028407,0.7057635975353282
stream,378,,11.211582681412303,0.7237180524916603
stream,379,,11.810448105492688,0.7242567994654685
stream,380,,10.970267149840204,0.7633770445658891
stream,381,,11.134927634169365,0.7521901168874788
stream,382,,11.115603898599794,0.7507435997983831
stream,383,,9.36183522688482,0.6912845051947581
stream,384,,9.77312318678663,0.6538441101909547
stream,385,,9.411367479517924,0.6349711848775611
stream,386,,9.344531828211009,0.616265015712389
stream,387,,9.872023667002825,0.6317567980958354
stream,388,,11.343939233134078,0.7746222635185792
stream,389,,11.053761534670588,0.8428417489405887
stream,390,,11.02147578070698,0.8355942040516965
stream,391,,11.035576576641743,0.8395960479398384
stream,392,,10.728933801833055,0.8313961962632732
stream,393,,8.769276455549038,0.825817911518182
stream,394,,9.18104863505405,0.8057634964781869
stream,395,,9.954645593823297,0.9054620455385012
stream,396,,8.96174646611266,0.878300441477381
stream,397,,9.834065668402319,0.8998354912417592
stream,398,,8.909691646853195,0.8819730095385316
stream,399,,8.411160479597202,0.882733824691694
stream,400,,8.346861373977632,0.810406558858942
stream,401,,8.169580059119415,0.7767856541805103
stream,402,,9.266439643800334,0.8168619800572912
stream,403,,10.777540669015474,1.0363025893148916
stream,404,,10.991071277386723,0.9504155717561071
stream,405,,11.57772471868919,1.0173212748880982
stream,406,,11.956561439166645,1.0173212833990948
stream,407,,11.939496153343669,0.9962509615072935
stream,408,,12.585073026476904,0.8718361020957672
stream,409,,12.599698529439243,0.8994376647508786
stream,410,,13.493469819005023,0.9575832585387916
stream,411,,13.83530526137007,0.9588828224209326
stream,412,,16.781787028252936,1.0025155804034962
stream,413,,17.77199373245437,1.0144830518040202
stream,414,,22.848605424577965,1.0710082360826407
stream,415,,22.517395996113883,1.3058500514224576
stream,416,,22.39926029252622,1.3069104264801317
stream,417,,21.530942997415234,1.221755855211471
stream,418,,20.9129272673128,1.233419501153149
stream,419,,20.992743232545106,1.239031779714426
stream,420,,20.625365268123268,1.25973226240222
stream,421,,20.629993073580582,1.2334146126346859
stream,422,,21.127160932064186,1.2528000169249305
stream,423,,18.949806291199625,1.0839605409974433
stream,424,,18.394549273979237,1.0764236350100098
stream,425,,18.2297194386021,0.9826061777621404
stream,426,,18.087744056789404,1.022590250995093
stream,427,,18.333046294590705,1.0272341110032344
stream,428,,16.072494569041197,1.0447967247600825
stream,429,,16.470284042782907,0.9304701023219996
stream,430,,15.580955565105167,0.8848584619276967
stream,431,,15.28812234127394,0.8788066036180572
stream,432,,12.25652052498876,0.8387898339059898
stream,433,,15.428615204621892,0.948543302540373
stream,434,,10.422412188588613,0.9186086745246422
stream,435,,9.956872993548584,0.5959117516550692
stream,436,,9.977479180471594,0.5985920593084276
stream,437,,11.175727537383644,0.6126854568942037
stream,438,,11.250377928026845,0.6173845170511932
stream,439,,11.170362069696715,0.6067969113001896
stream,440,,11.1410680350281,0.6012786647341531
stream,441,,11.46461931573596,0.6374329518422754
stream,442,,10.503001532053608,0.5822232729672142
stream,443,,10.687693649498332,0.5427422324924016
stream,444,,15.90027225278564,0.8597789068320847
stream,445,,15.463442252712348,1.0186855857121309
stream,446,,16.402162575232214,1.0223342098452457
stream,447,,15.982627889142698,1.127046196860622
stream,448,,16.354437480174965,1.1394453762222976
stream,449,,15.731965214196663,1.1289724989113974
stream,450,,15.8297936925551,1.1031104968866847
stream,451,,19.65584751370536,1.3051352129351206
stream,452,,21.7544126631791,1.6883851812277586
stream,453,,17.589795304634013,1.6554874304244065
stream,454,,17.085847583124192,1.6262215284113495
stream,455,,17.273090111284926,1.6405053187449996
stream,456,,17.191493630094442,1.6473846087937065
stream,457,,15.710817501246133,1.6130460349877656
stream,458,,16.072381412261617,1.5980590160307087
stream,459,,17.006770833990235,1.6846387644750043
stream,460,,16.964566860479717,1.6812121486485314
stream,461,,17.023652414123635,1.6794775622651048
stream,462,,16.797888563513144,1.7284719611238168
stream,463,,16.784638422863726,1.7134623702832288
stream,464,,11.811258772532522,1.396893280583681
stream,465,,11.892383330798694,1.2387644721528148
stream,466,,12.78511010192181,1.31478922550114
stream,467,,12.378953484942908,1.2978728319956252
stream,468,,12.188789989158293,1.2577798584039264
stream,469,,13.006257039642767,1.3131964444664506
stream,470,,12.941246924687544,1.3392640670730165
stream,471,,9.339839117059148,1.1438953081633934
stream,472,,8.09348467413395,0.843286575042447
stream,473,,8.544302083128755,0.8243925288127281
stream,474,,8.468266023431283,0.8400032992949905
stream,475,,10.108232860949075,0.8619604704757832
stream,476,,10.711818974681306,1.0160706426536157
stream,477,,11.044800887692046,1.0124492628238657
stream,478,,10.694346710551905,1.0104428252194704
stream,479,,10.063909860716677,0.9630193015640381
stream,480,,12.039539669728063,0.9719641651614888
stream,481,,13.726165950754496,1.2162432745448508
stream,482,,13.417796934355929,1.1966119465793603
stream,483,,13.270083724488442,1.1617838760370418
stream,484,,13.055266111585706,1.163224802699477
stream,485,,13.139349403515565,1.1837360724893158
stream,486,,11.76417161324417,1.072154020670959
stream,487,,11.823288311532684,1.021850322821072
stream,488,,12.786208884062752,1.0297892138410434
stream,489,,12.787317467229165,1.0891852991664508
stream,490,,12.79776229167318,1.0863631745611733
stream,491,,12.542168582986616,1.0804955392460638
stream,492,,13.120233712414521,1.060985154397997
stream,493,,12.939520846763028,0.991055987798249
stream,494,,12.93820192694409,0.971122165818542
stream,495,,12.844739134982465,0.995712994962783
stream,496,,12.40619553487102,0.8512103407195094
stream,497,,12.049943192111604,0.8517486555922145
stream,498,,12.452527866708033,0.87159586881186
stream,499,,12.062737491605715,0.8506020129667947
stream,500,,9.944447328566463,0.8328971678232938
stream,501,,9.00776169332448,0.6094892635547099
stream,502,,9.55355377375423,0.6918043887550451
stream,503,,10.633104981948666,0.6786562800154028
stream,504,,10.437755539636534,0.7070688280596749
stream,505,,10.563105229291217,0.6906685706351451
stream,506,,10.435775962628263,0.7283779370979169
stream,507,,12.469312733240278,0.699759630610206
stream,508,,11.339893388235495,0.7486401529828212
stream,509,,10.849141618913984,0.6258070662280617
stream,510,,11.145522656771957,0.6543615494589659
stream,511,,11.213714009893907,0.6553402934485897
stream,512,,9.914773455494002,0.5871254946193414
stream,513,,12.697615201611608,0.7499878229691316
stream,514,,12.713507567438032,0.843625473116914
stream,515,,11.131265742951602,0.7682204739676808
stream,516,,13.474952977380614,0.8924327410199423
stream,517,,13.469055953030754,0.9924165240792986
stream,518,,13.042707783387584,0.9745757825573254
stream,519,,13.157722652835616,0.9554890526164662
stream,520,,14.130998003890763,0.9620359278251049
stream,521,,12.993631764426311,0.9375770292081246
stream,522,,12.375042623894808,0.8242842051191196
stream,523,,11.723295486197403,0.8284446134012023
stream,524,,11.876467788470768,0.8004344260126098
stream,525,,11.608375100473385,0.8012821429219859
stream,526,,11.637325038130136,0.7645944242480984
stream,527,,9.543576280372848,0.7692934513689261
stream,528,,9.611225204674037,0.7093207524337265
stream,529,,9.307870636920738,0.7056449797654519
stream,530,,10.333216768023703,0.7233104224087339
stream,531,,10.272038411517993,0.7920328183804399
stream,532,,10.40047179122538,0.7976881801364395
stream,533,,7.359642710536615,0.6359779466445528
stream,534,,8.562802467566387,0.5636661323979837
stream,535,,8.404723749131772,0.5972550844481345
stream,536,,5.841780145855561,0.4497972720800206
stream,537,,7.827208937585519,0.43129811191650813
stream,538,,8.365455163127326,0.44274970045871076
stream,539,,8.329570120935164,0.49014929669358287
stream,540,,8.195501298367368,0.5412428961599782
stream,541,,8.273742116367536,0.5448305501079924
stream,542,,8.306278579711787,0.5530198183537457
stream,543,,7.798167431356487,0.5413719435988403
stream,544,,7.659381577053323,0.5391208749754317
stream,545,,8.160284011772921,0.5590388186903112
stream,546,,7.593306207286336,0.5798931790798857
stream,547,,8.201135929408911,0.5717855251018094
stream,548,,8.302368183255458,0.6192717851540914
stream,549,,8.725184995269498,0.6754547422024684
stream,550,,7.922893610644924,0.6046352560625107
stream,551,,8.15195157373613,0.6073089260202464
stream,552,,7.964983851456803,0.6048836813607779
stream,553,,8.001497523484405,0.5910995540638188
stream,554,,6.828729442380885,0.5710624751270343
stream,555,,6.8254779225774564,0.5369674008601205
stream,556,,6.827437443781163,0.5368042294564231
stream,557,,4.836842417104273,0.4542593216174015
stream,558,,5.362104887215996,0.48920302059179666
stream,559,,5.623834185356614,0.4484100215920458
stream,560,,4.877222433046982,0.3832711740811058
stream,561,,9.45399763328188,0.5836487718748973
stream,562,,13.286793409071418,1.188897321517361
stream,563,,13.236205184637058,1.3465670932985454
stream,564,,13.442000309428288,1.355756506084294
stream,565,,12.943157924242529,1.339999010953596
stream,566,,16.538648601287118,1.3908417255054062
stream,567,,15.996475324880294,1.5753242305549253
stream,568,,16.61736883737728,1.5710843190270218
stream,569,,16.940939079930427,1.514151005913231
stream,570,,16.368433175441353,1.5526491234059854
stream,571,,16.107422929551163,1.4841517088570961
stream,572,,16.56838455784752,1.491356728977514
stream,573,,17.37175986240642,1.5956122671496213
stream,574,,17.75337402752389,1.5906910341333906
stream,575,,19.163575164745765,1.696090779154256
stream,576,,19.84303238147194,1.6988638306370756
stream,577,,19.833773877075654,1.7194994004592323
stream,578,,18.903456590534756,1.671011064658468
stream,579,,18.633802355250097,1.69619268330888
stream,580,,18.526237188477154,1.6989335753215853
stream,581,,14.123483601053984,1.4717220249824265
stream,582,,11.54791217133441,0.8762125034466542
stream,583,,11.703996568587948,0.8172193297529066
stream,584,,11.491122720889345,0.8116407409044997
stream,585,,12.46322117212595,0.8319169537125398
stream,586,,9.622160320406458,0.7498615070559634
stream,587,,9.57517998750056,0.5819205641001645
stream,588,,9.229178509516077,0.5559653125893325
stream,589,,8.737704763534182,0.5991956509858338
stream,590,,8.724880530720425,0.5637859322861243
stream,591,,9.084831771945403,0.5851117548953555
stream,592,,9.031212813364865,0.6380806438041287
stream,593,,8.589308620066882,0.5872657961004256
stream,594,,10.843543864695432,0.768586408996718
stream,595,,9.60574906286754,0.6975252377817938
stream,596,,11.234110386282104,0.8423730154891306
stream,597,,11.274248449826041,0.887648386337047
stream,598,,11.144279768583663,0.8870610971295737
stream,599,0.9603500029065362,12.744870522253011,0.930665520294515
stream,600,0.9604919057399596,16.692903234500186,1.2890430158099013
stream,601,0.9610397116697831,16.879924209993792,1.3413958616307258
stream,602,0.9617111295133387,16.120263668545785,1.3210531166004955
stream,603,0.9623475568256203,16.05273800939008,1.229119045442145
stream,604,0.9625521879954815,17.794216519073352,1.329845388151914
stream,605,0.9625969408848135,16.80659658839879,1.3707326459369895
stream,606,0.9625417194689466,16.076692608526805,1.3769856143410606
stream,607,0.9624907592187955,17.069988470647434,1.3650163683528327
stream,608,0.9623605954663127,16.950593268778498,1.4294271248441852
stream,609,0.9619567685581867,16.671260990886154,1.3976700328807425
stream,610,0.9611370269836386,16.962269610072482,1.3998726927589018
stream,611,0.9605190918883288,16.775985206013896,1.4042771815643338
stream,612,0.9605797418273645,17.021033653321958,1.347332794080771
stream,613,0.960448736700945,16.599735116230026,1.3288025276029192
stream,614,0.960180829232529,13.98766901827936,1.1517397593788807
stream,615,0.9598773199388904,14.23502417371042,1.1162596348713694
stream,616,0.9597051576350956,14.57903426155671,1.1370587313138028
stream,617,0.9592123484239818,14.902776746745696,1.257232012005192
stream,618,0.9584730759721826,14.83486335647807,1.2649529745409835
stream,619,0.9571664739298339,13.223103058547117,1.1954600242646696
stream,620,0.9562786038025961,10.534441291129673,0.8473374385690982
stream,621,0.9561240078333391,10.10760180682243,0.8385081908198989
stream,622,0.9554600462447869,9.493184419984933,0.8382144998748547
stream,623,0.9545432298478211,9.485311948635578,0.8462892939017069
stream,624,0.954472368473504,9.138052853831432,0.7755564624191572
stream,625,0.9542916510658564,10.029929317601617,0.7044418327801933
stream,626,0.9538246312515014,10.274926038121476,0.7777538144904912
stream,627,0.9535905810719044,9.556647180025351,0.8257899005578074
stream,628,0.9527487645529307,9.820261340534268,0.7395363319429781
stream,629,0.9523883055251912,11.002825252326671,0.7337887758482108
stream,630,0.9525445729439621,11.039217703578393,0.7374864734194669
stream,631,0.9535652888823528,12.340141877408204,0.7241371464294346
stream,632,0.9538831210265969,12.272150007858535,0.8610322107049558
stream,633,0.9535909958876561,12.26513769090125,0.8507213141518953
stream,634,0.9534008398067149,12.249711330214444,0.8501825095765049
stream,635,0.9532548122928214,13.171506431211847,0.8891698669146261
stream,636,0.9536075354347487,13.979918571288357,0.7379598188295077
stream,637,0.9536907214984214,13.73062814096467,0.7196076463084458
stream,638,0.9537097164844273,13.89640688342568,0.707938786415599
stream,639,0.9537084320291279,14.40962171616938,0.714518974741481
stream,640,0.9537174633980299,13.839515045996093,0.8107053558176838
stream,641,0.953704658699157,13.853870522749519,0.793772253352044
stream,642,0.9534516863264132,16.37328743212337,0.8691393786215919
stream,643,0.9532198126930985,16.99016065222409,1.0764227405360458
stream,644,0.9527168603029503,15.824091693074365,1.0481910960257677
stream,645,0.9523021349571087,16.868025404177402,1.1901319320968033
stream,646,0.9520261113923524,18.434798934449173,1.3981641734909955
stream,647,0.9521768632366122,18.191949522711766,1.4248214568734408
stream,648,0.9526649414399775,18.948675239322583,1.4896651219414951
stream,649,0.9534445586773405,20.625163621366312,1.4963859985835875
stream,650,0.9542216504799138,20.347322798663182,1.569958443522856
stream,651,0.9546675052043689,19.789985994590566,1.6080994152805226
stream,652,0.9548957454601084,19.292696305782442,1.468050548434775
stream,653,0.9557378466426398,19.536428267415616,1.4616613890472157
stream,654,0.9567284396544548,19.499234585956128,1.4628635965354415
stream,655,0.9570738688292083,20.290936868581497,1.5085144775396668
stream,656,0.9568040974304094,16.830100965401595,1.5821020335722946
stream,657,0.9567222302682432,16.723631183654355,1.4153869805393593
stream,658,0.9564221018483793,16.895651385602296,1.4290405646678424
stream,659,0.956364117239903,16.358933664747237,1.4450873275803733
stream,660,0.9571573523708535,16.71258384757944,1.3487548476588127
stream,661,0.9581303772140322,18.282950603740375,1.3115334560656111
stream,662,0.9591392857302524,15.85027730859984,1.3142940245095438
stream,663,0.9604023331882505,17.54369440637241,1.2292892943232072
stream,664,0.9609973375104409,17.796323390811338,1.4031684023798352
stream,665,0.9612781857415991,15.987251550844798,1.2635930162442635
stream,666,0.961586138379231,14.75570262227209,0.983776749912265
stream,667,0.9619274291764381,14.97949288873103,0.9684912478790787
stream,668,0.962142488633466,13.781991928987736,0.9036475745554461
stream,669,0.9622434987134819,11.44848378158743,0.893419810317364
stream,670,0.96234023311875,11.881093864918142,0.9014928715024375
stream,671,0.9625182450311095,12.565548176001235,0.9866691574230477
stream,672,0.9627218328082354,12.394726438808297,1.0268803668755015
stream,673,0.9629410788830554,12.173080859414702,1.0112798794874451
stream,674,0.9631466370099961,12.65351999617303,1.0311167993367722
stream,675,0.9633546831053253,10.621351512623827,0.9929372737251201
stream,676,0.9635556978309776,10.806567214447735,0.922776306151279
stream,677,0.9638062903050207,12.343020450345808,1.0317136487833631
stream,678,0.9640453983912055,12.416222227678695,1.130398077238457
stream,679,0.9642084958765946,12.607557562339043,1.10204543490955
stream,680,0.9643415305303088,11.572581072566111,1.091495784463214
stream,681,0.9645149003021923,11.558220769040357,1.1340190109381232
stream,682,0.9647596786959506,11.467244525456408,1.1200715105525527
stream,683,0.9651087726412724,13.606663866717613,1.161604709408437
stream,684,0.9653688096309944,13.231557252663146,1.217063357191309
stream,685,0.9655936400560988,14.005558573587477,1.2641432743723702
stream,686,0.9657279421939221,13.436320072606087,1.2717776775432799
stream,687,0.9658205004798097,13.362174184944738,1.2148112995108047
stream,688,0.9658018235297654,13.291898324182009,1.2364647643447277
stream,689,0.9657159138807277,12.77311546024935,1.2422065219568075
stream,690,0.965509530067122,12.467219149107793,1.1526487637076983
stream,691,0.9651707063175451,10.851529871927955,1.0212735393605632
stream,692,0.9649598078589139,13.484961803528975,1.0575280419611095
stream,693,0.9648205683154694,13.484650463983602,1.1678032152010864
stream,694,0.964683885821186,12.995277327493113,1.1418703850136147
stream,695,0.9644654939726388,13.145360292936111,1.09777667276828
stream,696,0.9639401317983131,12.973175566838739,1.0819690834331035
stream,697,0.9638529413420518,11.81427930585494,0.9866805989457899
stream,698,0.9638080291013486,11.410827985852762,0.8824987636867636
stream,699,0.96371042671864,11.160993963406574,0.8847824896403951
stream,700,0.9638119197258598,11.149584190925784,0.881824628605732
stream,701,0.9641978142940131,9.569491328216838,0.8383986923912518
stream,702,0.9643828953406632,9.880019048025945,0.7818853463709063
stream,703,0.9646451111816059,5.512098940311519,0.6365353681721988
stream,704,0.964744449247764,5.457804694170317,0.41895320513723366
stream,705,0.9647281706553213,4.810789525748924,0.3713998191373404
stream,706,0.9646161619002004,4.783399743412303,0.3636518027890348
stream,707,0.9645055757710503,4.758991098440928,0.34601802541498955
stream,708,0.9644115434561472,5.225403658835237,0.38263414937820783
stream,709,0.9643145170549176,5.269138024121358,0.3757015039610131
stream,710,0.964323146864333,5.107560918833593,0.37764305465527515
stream,711,0.9643861253975728,6.396983047014321,0.4394738010997238
stream,712,0.9644604499347208,4.072854995448998,0.43947379898930283
stream,713,0.9644345829821295,4.055436318879335,0.3485184019793582
stream,714,0.9642929496711522,6.423007745718106,0.4242045781005923
stream,715,0.9641238329630974,6.650783148685846,0.5830134472800426
stream,716,0.9641914419628275,7.993654020833404,0.5818769584194952
stream,717,0.9644840483225903,8.682454482802969,0.5698047619895156
stream,718,0.9644964140994364,8.680517361010745,0.5919140992282379
stream,719,0.9646054568566079,9.060935976540245,0.5906582808308447
stream,720,0.9644059535346894,9.242381270535747,0.5965796105388872
stream,721,0.9640521430373782,9.64161692020003,0.5999782834745008
stream,722,0.9639135444473079,10.080265644554471,0.6995685653539628
stream,723,0.9638331353589555,9.945905835387666,0.6761156209937114
stream,724,0.9638225021206539,9.889649555967555,0.6589765151602847
stream,725,0.9638233230333146,10.761015487460412,0.699187709596432
stream,726,0.9637728196086579,12.136959911902565,0.8771150999173003
stream,727,0.9636029656805936,11.961752944661932,0.9472601271531359
stream,728,0.9633578693658973,11.421827486345343,0.8880935319094345
stream,729,0.9631675491414752,11.49367547137895,0.9049498049010758
stream,730,0.9628086772795463,13.220785335288284,0.9870214558080945
stream,731,0.9626541557548554,11.958137938067747,1.0094844017654023
stream,732,0.9621987465551128,11.769402061487027,0.9375868389987205
stream,733,0.9615115891099851,11.768949014433838,0.9256240935192118
stream,734,0.9604101155672002,9.606150645857776,0.8547450567205814
stream,735,0.9604824151715481,11.803728803565559,0.8660475090598616
stream,736,0.961183740866565,10.92922468254083,0.8897343900381124
stream,737,0.9622309342245142,10.045705146460596,0.9271082911059875
stream,738,0.9627245736539978,10.366548722910101,0.8965708219047134
stream,739,0.9628597759798574,10.857410084590057,0.9832409852918749
stream,740,0.962996648722016,10.675698735470919,1.0089076572385278
stream,741,0.9637571500398785,10.90525588064801,1.0405216008578806
stream,742,0.9644846463313572,10.172205018319923,0.9481097292070266
stream,743,0.9652727685949266,10.293735646994518,0.9413556485512017
stream,744,0.9656449088005646,11.917678312282744,1.0265377444399368
stream,745,0.9660784893562993,12.647103050921707,1.2708244384238907
stream,746,0.9662519338272324,11.577574325744822,1.2001397840376031
stream,747,0.9661741166140292,14.094851231007507,1.151381461450999
stream,748,0.9660984192028874,14.10044005348962,1.2312981383177761
stream,749,0.9660268983255978,14.086129860966855,1.2130061609308427
stream,750,0.9659118004389629,12.571832718572905,1.1583124891861447
stream,751,0.9658535156122687,12.546024223729281,1.0680481029597184
stream,752,0.9658001068954971,12.581872575390868,1.061984955520325
stream,753,0.9657098654414872,12.848587289815264,1.0871611817292677
stream,754,0.965560960610144,12.83789491831603,1.0824030225592476
stream,755,0.9655573718507832,10.593027429591675,0.9523084857341043
stream,756,0.9657205239811378,10.294457571953695,0.9292519713996378
stream,757,0.965566846851612,11.003860096158121,0.9992386820168021
stream,758,0.9653273854427268,11.548560728225588,1.1208045024820619
stream,759,0.9648141593148692,10.65835344269538,1.0784451938071964
stream,760,0.9646661921985559,10.968121508931837,1.0526811373185112
stream,761,0.9649264873357947,10.523484479534586,1.0197074485538917
stream,762,0.9655352518870799,10.59935763379339,1.0076352322370103
stream,763,0.965821867210115,10.583265165030904,1.0045468535813566
stream,764,0.9651511131987375,12.161862295297302,1.1060932840127964
stream,765,0.965561080588752,10.447948519572728,0.9786642070819276
stream,766,0.965351994075343,12.065828679443374,0.9732189142592084
stream,767,0.9641892183602039,10.111411352089185,0.956209610374021
stream,768,0.9630221999547637,10.325194509271107,0.9289412298249157
stream,769,0.962081897250029,10.649872790697907,0.9300560935582124
stream,770,0.960390609140392,12.447713067056549,1.07515441725013
stream,771,0.9600497862916186,12.588003126615982,1.1875521052901659
stream,772,0.9596597930003162,12.397427818338269,1.1908251874694642
stream,773,0.9586551675321517,12.132754031928743,1.157084812024106
stream,774,0.9582273753440304,11.92385552507145,1.1570304215679272
stream,775,0.9586511519628927,11.659249755118331,1.1157090080012793
stream,776,0.9591832715843251,11.473638670133075,1.1224135277329996
stream,777,0.958912052455249,10.956665522506034,1.0318550652031937
stream,778,0.9588840600646773,10.080731232245293,0.9261948896874208
stream,779,0.9589502573744052,10.385879952905345,0.8923293740167736
stream,780,0.9584335716583164,10.267458881445936,0.8862334794478098
stream,781,0.9576821885627063,10.132601246493348,0.8840640345614771
stream,782,0.957681997153079,10.150841547494784,0.8950921929400945
stream,783,0.9582038867177237,10.529880405105617,0.8991706251897309
stream,784,0.9591044631699784,7.391946582739801,0.7545399848436913
stream,785,0.9599586990785972,8.832196262417051,0.6643556904363378
stream,786,0.9603104865790857,7.53017240340943,0.7120711826747573
stream,787,0.9602687836625357,6.979202560455768,0.7120711995165345
stream,788,0.9606124206125662,7.851385619487908,0.7100755350563643
stream,789,0.9608223097960443,7.861120643062388,0.7181500878112717
stream,790,0.9606042330387624,9.567855607136718,0.8123249062391635
stream,791,0.9604259042751631,9.447494346750183,0.8372731335779361
stream,792,0.9603645571944014,9.748749749443585,0.8446628370955483
stream,793,0.960228767396143,9.789202625910985,0.8579421613048088
stream,794,0.9600735632359998,10.636369598446159,0.870721039080096
stream,795,0.9603232049448899,11.716853192254463,1.038499161766887
stream,796,0.9597220928887286,18.00050374400524,1.4001180800777853
stream,797,0.9588650981026128,17.939899805387277,1.5315351569592672
stream,798,0.9581655472427059,18.06263984902958,1.5446608101500456
stream,799,0.9573822747011614,17.757533050176292,1.5338946452083118
stream,800,0.9566447146599225,17.566220490144747,1.5340360786157698
stream,801,0.9558306544578032,17.631936403330833,1.537054119510919
stream,802,0.9548103118585793,17.52274173735743,1.527021050419285
stream,803,0.9547045519134262,17.02033065458434,1.524345366509344
stream,804,0.9554005593282809,18.16032309362688,1.5225727185321851
stream,805,0.9559767806122208,16.560858551979393,1.4938344076824903
stream,806,0.9568842231883263,17.05193764435016,1.3818133695871688
stream,807,0.9575850089637039,17.075345779529997,1.4275719389456885
stream,808,0.95856351487574,16.154452941243704,1.393460238875672
stream,809,0.9588439915769088,17.63504944138348,1.4854126279410833
stream,810,0.9587521336947727,14.550063205802573,1.2339537391032909
stream,811,0.9584715706573292,14.599607557610717,1.1271125210420871
stream,812,0.9575085988921828,14.673566473337843,1.1335787409672844
stream,813,0.9572084690606125,16.679173357001506,1.283591867618561
stream,814,0.9571459823028577,15.951276603194037,1.3042553097418328
stream,815,0.9571645571502804,15.114787805373629,1.1371510659876853
stream,816,0.9570705004222321,8.866990980947742,0.7687464745736747
stream,817,0.9564545043184565,8.742669866693072,0.6277598332371662
stream,818,0.9559092141705747,8.621202522132231,0.6207996261083761
stream,819,0.9550436750943385,8.62864889673931,0.6200925447818799
stream,820,0.9547979643355574,8.67837356013641,0.6218596126061446
stream,821,0.954598986126099,10.588339649364103,0.6828584893916547
stream,822,0.9543120027079289,12.027964499024527,0.9049131052112137
stream,823,0.9541859894253784,12.338989516845462,1.0134808617996196
stream,824,0.953973153303067,11.751053803077948,1.0326174014852514
stream,825,0.9539840375676466,12.067444064545569,0.9934761288433124
stream,826,0.9537552199830295,11.603159733210946,1.0307294388173067
stream,827,0.9531741030257473,12.659055173027998,0.9789781592169953
stream,828,0.9529047679193021,12.759233824488454,1.0548351947751082
stream,829,0.9526741316613176,10.883808266002555,0.9797665651655231
stream,830,0.9530941858691674,10.494263259027427,0.9629590480459724
stream,831,0.9534556764517295,10.607454642919357,0.9293438554036076
stream,832,0.9540010323175945,10.70523333048757,0.915487962478687
stream,833,0.954412830205969,9.193616539574963,0.8259967035607858
stream,834,0.9547228257890912,10.112312164635586,0.9238731599808354
stream,835,0.9553769593651478,12.733002185967601,0.9373312449463742
stream,836,0.9559096510891937,15.88521054139956,0.933111379919372
stream,837,0.9561087721764463,15.779542884294747,1.0874608881144368
stream,838,0.9557693262839716,15.798675948719847,1.0658573872030324
stream,839,0.9549320643453436,15.831550221115293,1.066281691771341
stream,840,0.9533126226059624,15.795520484966742,1.0705664855097188
stream,841,0.9515173725101493,14.669560812328148,1.057707944295138
stream,842,0.9493375625961872,14.301552134837817,0.9967435821567546
stream,843,0.9471478603546253,15.041743501520136,1.0439668289466812
stream,844,0.9458462035471177,14.619019582143167,0.9928842204335991
stream,845,0.9455980815851392,15.194659304137394,0.9984474404950706
stream,846,0.9460738506554143,16.41766087450133,0.9221850955604407
stream,847,0.9463335849788138,15.47301561229326,1.0336675175506795
stream,848,0.9463854461774381,15.816368293189855,0.9959515738187411
stream,849,0.9471869504143174,15.893690705998596,1.017511875231049
stream,850,0.948887282349052,15.666505210146848,1.0186540634851473
stream,851,0.9511013695505033,16.08901198389637,1.053657011472501
stream,852,0.9527635810430795,15.982998039518323,1.0484261273716184
stream,853,0.9534285958708223,15.64641212197785,1.0170382760911063
stream,854,0.9531972977194978,14.601901830104334,0.8893955482491569
stream,855,0.9531457530752631,13.60001298851725,0.9537463213790456
stream,856,0.9533653692543205,10.692396701112312,0.9906893519767295
stream,857,0.9533828901847148,10.617255645641933,0.8306569387229782
stream,858,0.9537889126948591,10.603123679306904,0.8302491510824318
stream,859,0.9540539414953437,11.046578260261482,0.8454197986634978
stream,860,0.9541472510251597,11.044917912745975,0.8519999921998394
stream,861,0.9542239676485267,10.541542557979891,0.8166058247664109
stream,862,0.9543832031585877,9.5397380581908,0.6601973269573432
stream,863,0.9544816576245988,8.52130829626608,0.5029219431689227
stream,864,0.9545376747686357,8.63599770707147,0.4981644198586086
stream,865,0.9546863860955899,8.29826748696039,0.543432055786263
stream,866,0.95462428598473,6.605665458365762,0.5403053339365375
stream,867,0.9545976256992518,6.460376389841131,0.43094936591481126
stream,868,0.9545421787813978,8.554517929760976,0.46904408217338694
stream,869,0.9545582663131134,8.64905269098577,0.6190608356201164
stream,870,0.9543978238982068,8.617756844602091,0.6302999798888563
stream,871,0.9542608635427322,8.719073484349492,0.614801497298148
stream,872,0.9541102449223153,8.388269874563232,0.6293313725729028
stream,873,0.9535555654506083,9.0713981427466,0.6061670728977502
stream,874,0.9532362127682983,9.070066337371822,0.6256940865312449
stream,875,0.9532224729585288,7.437679294442884,0.5578150081341384
stream,876,0.9528327575070337,9.704727704545515,0.7038975427072549
stream,877,0.9525530046330889,9.830212419871652,0.8368502273705296
stream,878,0.9522082478886233,9.829519417042999,0.8436905976609913
stream,879,0.9520061399467361,10.433630400120261,0.8597098286749555
stream,880,0.9518825839870607,10.477500557703236,0.8714825341097755
stream,881,0.9514673993885872,10.93696816114946,0.8727650014731879
stream,882,0.9505586973620881,10.863108384504589,0.8993887465152027
stream,883,0.9503933012028501,10.82973207266565,0.8994703810608023
stream,884,0.9500895000776817,10.788068106546698,0.9097253157557355
stream,885,0.9508090193432863,10.881545239845087,0.9178018241650631
stream,886,0.9513395402484792,10.82502089602672,0.9184322030699565
stream,887,0.9520498485809118,10.859696365179058,0.923189664484249
stream,888,0.9522364873485515,10.034710761071008,0.89615365814279
stream,889,0.9528122419551152,9.801911131691082,0.7914887741764163
stream,890,0.9532964279583547,10.016277133849878,0.789504050820686
stream,891,0.953704730078265,10.116150554772776,0.7727019281183978
stream,892,0.9538399198795648,10.395700967880122,0.7615491055354324
stream,893,0.9538941281128087,9.825438174192849,0.74089729989727
stream,894,0.9543630104932002,9.949987441985755,0.7199510167469264
stream,895,0.954833998032951,11.361450350837092,0.8008534260502637
stream,896,0.9553239785785311,8.927585659016843,0.6468590916427981
stream,897,0.9560309235917667,8.916932433120676,0.5371685225834422
stream,898,0.9563803111200285,9.57599079253633,0.5776910305655903
stream,899,0.9568433019338112,8.488760680166083,0.5703502198018423
stream,900,0.9572786647153562,8.564929844316236,0.5501050291875506
stream,901,0.9585346934452437,628.5484978981768,437.5799743714526
stream,902,0.9582971915209872,19167.730998146442,462.76146854716995
stream,903,0.919722493390563,29408.32116753351,507.1343617065621
stream,904,0.9039004489599988,31116.48272333866,636.760433760332
stream,905,0.9152979439362092,31507.986897456234,653.7641539411283
stream,906,0.9215365682357455,31508.832062813533,666.5234591449494
stream,907,0.9323480432669291,31559.024876325064,667.8421693961478
stream,908,0.9383230575141248,31557.355312863267,669.3208531908141
stream,909,0.9434457379795803,31567.568483894433,669.5350949972243
stream,910,0.9426735718977491,31578.714917086847,671.1785838736403
stream,911,0.9350077645647822,31587.63815363348,671.1813570298361
stream,912,0.9292325023506048,31601.338942757222,672.8799423513601
stream,913,0.9136814921084092,31622.918371406697,675.5408705256787
stream,914,0.9047110379967039,31672.308917648406,680.4320947087762
stream,915,0.8925656536092103,31671.599371556906,682.7069356328227
stream,916,0.8865489091426082,31696.895348118505,683.9651411498462
stream,917,0.8758621499197198,31710.569633104747,686.7282878658762
stream,918,0.861248825413385,31722.56665286227,686.684611567835
stream,919,0.8485937603902572,31724.236039189705,687.6585193875849
stream,920,0.8375038708125359,31724.846611057204,687.8013415276661
stream,921,0.827391422323798,31104.32145497343,250.75659495353128
stream,922,0.8136351787300556,12566.123513377599,225.540489416885
stream,923,0.8144049990248204,2357.0032966900726,182.74679244902876
stream,924,0.8120289751385005,671.2538355069033,56.790155052284796
stream,925,0.807079627368195,279.99754663839485,40.237079602241614
stream,926,0.8030811474865965,283.5945182200612,27.520896104012202
stream,927,0.7991365598349521,235.29458363211208,26.21714475039952
stream,928,0.804926087660376,246.22101174483666,25.503948411122927
stream,929,0.8190713773484021,242.1838416022442,25.22548172239673
stream,930,0.7962480744980046,94897.87316766985,181.091584586467
stream,931,0.7922980557891778,95030.86196879936,209.74240723757046
stream,932,0.7462310128123213,96073.5635438847,279.58944772685555
stream,933,0.7405538077459773,96899.92775139089,414.6522290969156
stream,934,0.7351355992161889,96852.56069083998,443.6234219513134
stream,935,0.7390121685031853,96905.73304637994,444.104266349199
stream,936,0.7401064847692248,96884.30222252931,445.98402740510477
stream,937,0.7469554371043663,96878.49428904739,444.04118511997274
stream,938,0.7520993099678559,96866.0935194677,444.47671851413025
stream,939,0.7573735903462108,96864.47428834082,443.5056328530514
stream,940,0.762630705594458,96864.46165932984,443.3745722255751
stream,941,0.7673880918682806,96866.6189273175,443.3727289331864
stream,942,0.7698253953147333,96865.76090946376,443.3871119211389
stream,943,0.7703512748091792,96835.29502404544,441.8249624094517
stream,944,0.7697901878218085,96812.85030026225,438.15340777158923
stream,945,0.767458813196711,96813.19905418635,437.73954902240195
stream,946,0.7642244924631447,96808.60629104,437.7519399789091
stream,947,0.7603703772664943,96807.28146066035,437.7559104692865
stream,948,0.7563121735317399,96796.14180293205,436.93694925504053
stream,949,0.7521738109504787,96790.73686194676,436.92874369099957
stream,950,0.7481564533743162,2123.983035284848,279.4805156532574
stream,951,0.7443003845963826,1981.3537941879335,250.8473661425084
stream,952,0.7405522736999595,924.6296460632444,179.3035941331454
stream,953,0.7370311151079421,76.44784535987816,41.58159754887564
stream,954,0.7336214847263635,74.32549309161477,7.728869934187914
stream,955,0.7311272903884395,22.271277399033885,4.978660313508727
stream,956,0.7290526064570941,18.594781341925835,1.946156941045431
stream,957,0.7264880424205722,10.633142001436259,1.1058262971047002
stream,958,0.7248651726274843,10.468886253667206,0.6726424324742478
stream,959,0.7229274713532985,11.091111176704231,0.7007006692811067
stream,960,0.7216795750510193,10.425111656086974,0.6964437120547811
stream,961,0.720228008608996,8.561477667863864,0.7310280552902858
stream,962,0.7177821113158304,9.009155437240778,0.8206016361783443
stream,963,0.7155630965209481,9.511134581024042,0.9249794142159918
stream,964,0.7129344582638559,9.772790112778008,1.057439683084685
stream,965,0.7099625203570428,8.532338254452867,0.9717684665928821
stream,966,0.7073763298249045,8.872086110965123,0.9278604558736147
stream,967,0.70535043766115,8.495386911889783,0.9603167819820857
stream,968,0.7027084607897783,8.475933331160874,0.9655867131125909
stream,969,0.7005007036721604,8.411377563005038,0.9619977932431196
stream,970,0.6983719086385033,10.14540891279514,0.8995689696906779
stream,971,0.6960524601100501,11.091872375487569,1.1327563327161447
stream,972,0.693789167320913,11.245230794121355,1.2025772156106815
stream,973,0.6915410955747514,11.203941419609878,1.214648361516401
stream,974,0.6888127711461264,11.249626352710731,1.2039255143384007
stream,975,0.6855542634925667,9.566039165424767,1.1137294658791825
stream,976,0.6828599137826412,10.02867686336654,1.067032800303279
stream,977,0.6801134834525627,9.99807796634059,1.1016427186452913
stream,978,0.6781767583980781,10.047505261969304,1.1093262464684839
stream,979,0.676591280630646,9.37995860109239,1.0638132147184585
stream,980,0.6733411419611524,12.66734005385042,1.1833210948960509
stream,981,0.670834264243101,12.402218207770972,1.361802886887733
stream,982,0.6685575775899665,11.926613579074079,1.2910699257235443
stream,983,0.6666510014763617,10.767980778605446,1.1927016873367924
stream,984,0.6650564507254653,10.268100200744055,1.0585442036671258
stream,985,0.6632059003142227,10.670004024971654,1.0763081919484718
stream,986,0.6612228407579447,10.382552627960461,1.0635620011440858
stream,987,0.6593406251886528,10.17561007522138,1.003797154626284
stream,988,0.6572669432881876,10.270653973150507,0.9865428264566893
stream,989,0.6553801198568007,9.566301985665357,0.9749495247962
stream,990,0.6548333332639872,8.546644578996547,0.9822578921416756
stream,991,0.6541998851716834,7.84219823319814,0.8247072305974394
stream,992,0.6534990048960093,7.800704052561401,0.7495033298499925
stream,993,0.6519275208014784,8.587298412178145,0.755131268413643
stream,994,0.6509245163126545,8.920812239585793,0.8222440464070772
stream,995,0.6511301374708535,10.158423862128483,0.8250179482236709
stream,996,0.6508128075841024,9.786533579749662,0.8950476144992404
stream,997,0.6508377830991217,9.852806301058129,0.8802582886137109
stream,998,0.6504209041654728,10.213769093409223,0.916096985909802
stream,999,0.6498895975668307,10.32433895262573,0.9102085119977756
stream,1000,0.6496218068631286,6.981101333962551,0.78643197884476
stream,1001,0.6501841878301882,7.669824690358245,0.5960959073688155
stream,1002,0.6501196575298399,8.248541003076152,0.7100309356195884
stream,1003,0.650241140269924,8.118313253706376,0.7442341340208611
stream,1004,0.6495361991801112,8.444312196401071,0.7897470286140885
stream,1005,0.6486601396775294,8.085587921937233,0.7824072176120034
stream,1006,0.6472221753435451,8.32298220149076,0.8097852072802318
stream,1007,0.6460959354749748,8.582823837139685,0.8498614958983615
stream,1008,0.6448437014592601,8.524188606520534,0.8521615477844972
stream,1009,0.6435414070211095,8.527980794463048,0.846788870719647
stream,1010,0.6422536942102031,7.667025811247934,0.8446673511211837
stream,1011,0.6413825483319073,7.379143247036398,0.7576386074841491
stream,1012,0.6394837720007605,7.4530413251985586,0.7758489490857279
stream,1013,0.6379998272838807,6.718367947136309,0.7722010931977413
stream,1014,0.6350184540049046,6.684292222486911,0.7478279492909142
stream,1015,0.6327231601083286,4.930968447127052,0.7510742968307931
stream,1016,0.6305307336550395,4.634447038091508,0.5935188195979602
stream,1017,0.6284365929587072,4.651783315806149,0.5662211214431009
stream,1018,0.6270008061792054,4.70828064417511,0.5197624636387923
stream,1019,0.6240634713376408,6.842456253053204,0.6911783166174325
stream,1020,0.6210166273298297,7.522644574692441,0.6954469679722973
stream,1021,0.6185512610070465,7.787663951761885,0.8095029301473571
stream,1022,0.6168026705790078,7.251129650291694,0.6894668488145884
stream,1023,0.6149424171567269,7.018979467036375,0.6348173110880373
stream,1024,0.6139416949944836,6.7298097668821155,0.5801258160850672
stream,1025,0.6126411468215435,7.264712963843199,0.5645733044357152
stream,1026,0.6115269633801985,7.332857192685797,0.5956944641031127
stream,1027,0.6108302690367913,7.053937311289778,0.5803101261539647
stream,1028,0.6101195114891577,7.036189655784924,0.5777274862260791
stream,1029,0.6102493288786259,7.1000016367173115,0.5776622752755681
stream,1030,0.6103687027378384,6.9783413733214426,0.5622793773777572
stream,1031,0.6090634501430265,7.479324603458895,0.5944313751901844
stream,1032,0.6077881090446704,7.315026734658644,0.6034370989202248
stream,1033,0.607208422622048,7.622213706667939,0.5923386321420354
stream,1034,0.6067027480222169,7.248348588354605,0.5731220462102742
stream,1035,0.6060564414960588,7.385955648701273,0.5629964094969748
stream,1036,0.6060467382810285,7.646864039882172,0.5977763516230798
stream,1037,0.6061155413599222,7.836449526229728,0.5992607461370607
stream,1038,0.6061190282675102,7.4144973868812185,0.6330442600271885
stream,1039,0.6062210951930441,5.20067500031944,0.459262956142598
stream,1040,0.6052557020750997,5.543428552351427,0.47219839146328885
stream,1041,0.6046401140241503,4.799882117620116,0.45050207700189543
stream,1042,0.6035856835912127,4.842764628870628,0.4725571683371317
stream,1043,0.6024852148787055,5.116034232156258,0.501665771224266
stream,1044,0.6009691041631436,5.421520048164182,0.5584344683252502
stream,1045,0.5991869999584043,4.863267401197984,0.5678151644593067
stream,1046,0.5969622373312867,4.54538932377052,0.5061565365654014
stream,1047,0.5947591252499965,4.622473154066325,0.49335644290476094
stream,1048,0.5918340200741552,4.884005435305882,0.5108933319729687
stream,1049,0.5885470425323537,5.398216679547339,0.5990643990627272
stream,1050,0.5852870984705341,5.360421779396828,0.620271901168554
stream,1051,0.5812355772725514,4.815384670065499,0.5769939611172137
stream,1052,0.5775121732597892,4.944987381049268,0.5587666154864811
stream,1053,0.5737374795362832,4.762061376015059,0.5844969313262486
stream,1054,0.5708326504151104,6.090764990279013,0.5831429165992357
stream,1055,0.5682293214381904,9.168550794364226,0.8685196733128282
stream,1056,0.5661486044897384,8.81017152870483,0.9554664847790462
stream,1057,0.5633101262371563,9.486363950904627,0.9812798204733925
stream,1058,0.5614006248268467,10.630442981367963,1.1199727011323781
stream,1059,0.5596129365620965,13.204356945362534,1.4103953337530273
stream,1060,0.5585654017083113,16.48560319405907,1.8732814927438304
stream,1061,0.5575298413443329,16.919488787582182,2.0595116389189863
stream,1062,0.5555252679261058,17.073460924386985,2.1087277196867684
stream,1063,0.5538874250959621,17.150728909930002,2.1224090558388737
stream,1064,0.5526741978519405,16.80358071316829,2.079685601029628
stream,1065,0.5511451161524448,17.464681610107913,2.09960278693511
stream,1066,0.5498969045107802,19.32428593470963,2.260417896476079
stream,1067,0.5493976465312445,20.4468539833961,2.4707352154904227
stream,1068,0.5490441644771646,20.282667693283667,2.474438270324082
stream,1069,0.5495017940595988,20.92339103619986,2.416810080859267
stream,1070,0.5514157923112424,20.931751426051093,2.4299748306783586
stream,1071,0.5523868953348584,21.49910793255554,2.444118715467912
stream,1072,0.5525931098261394,21.533251100857,2.4418887504562012
stream,1073,0.5533059743227685,21.53870416704189,2.445015382540045
stream,1074,0.5536594187903205,20.211796140371707,2.4299429209222625
stream,1075,0.5536211700113404,17.026187811922526,2.138595751729884
stream,1076,0.5530597706656515,17.038149014062295,2.022029523513797
stream,1077,0.5523784512377092,16.0936686685846,1.9965804945124646
stream,1078,0.5519092160346363,14.805451811217495,1.8209446214050717
stream,1079,0.5509504919817878,12.262641298746239,1.5287165675497612
stream,1080,0.549930999180653,7.963959703988316,1.0487345262746437
stream,1081,0.5495908884784915,6.974953958937438,0.7473876134270419
stream,1082,0.5492798160659137,6.684397128711724,0.6534470709958758
stream,1083,0.5494952991885267,6.481986347170099,0.6094499973519615
stream,1084,0.5488312825416188,6.895810175849298,0.6311798923181807
stream,1085,0.5479614193162025,6.247314853192854,0.6043452447845128
stream,1086,0.5457545444344952,5.521860241083373,0.4753900885715029
stream,1087,0.5435899147159059,4.336413154957232,0.3047130323412563
stream,1088,0.5422319678100961,4.684870904632626,0.30489703845932975
stream,1089,0.5406954287138737,3.5335780937484373,0.3094114661498663
stream,1090,0.5386090265332342,3.6458021255599222,0.27465316647772453
stream,1091,0.5372077942152307,3.37713083685284,0.28739276314794826
stream,1092,0.5364175454487002,3.413848291468718,0.2806340108387979
stream,1093,0.5350974846408294,3.6476460473261154,0.2943926328007995
stream,1094,0.5341853049725988,3.769658810714151,0.3213626876736053
stream,1095,0.5332147579633452,3.773799902412485,0.3207048822958158
stream,1096,0.5322322158203798,3.8002668348681774,0.31595204592275405
stream,1097,0.5310490461285081,3.9884347457787768,0.3278230049202923
stream,1098,0.5291450057334777,4.223581503612847,0.3279806698181587
stream,1099,0.5281715537553231,4.741050880456819,0.40849549164511384
stream,1100,0.5271012250790142,4.871584255892879,0.43924647526473254
stream,1101,0.5249853432454265,5.619444710321085,0.44196541922960164
stream,1102,0.5239689683312638,6.264153524627236,0.5252372993230209
stream,1103,0.523261583925313,6.154667714236235,0.5418771523558811
stream,1104,0.5220543209035856,5.994128797163229,0.5179457162872303
stream,1105,0.5209432350617965,5.988978861342443,0.5354004583221863
stream,1106,0.5198004527449686,5.257060675864235,0.5294733360868588
stream,1107,0.5187623941523575,5.28314451907376,0.5115563754637148
stream,1108,0.5179756961190225,5.038716478090208,0.48995283909387366
stream,1109,0.5169066095032103,5.066322863683738,0.46767443262324576
stream,1110,0.5163355169460768,5.288556424730742,0.49791833986396355
stream,1111,0.5154407835912428,4.989658744338571,0.479485392703396
stream,1112,0.5146945360936237,4.954132058039098,0.49326949279254995
stream,1113,0.5141977480634212,4.517142962379854,0.4512792621411806
stream,1114,0.5135792666670702,5.236164178106585,0.44631575094709497
stream,1115,0.5125456271079049,5.375298686518356,0.4589579531341394
stream,1116,0.5124950457190778,9.301725581476365,0.6723855111385055
stream,1117,0.512045534201653,10.744366915045124,1.0365756885825692
stream,1118,0.5110474178027214,10.697957473099072,1.0684997934682616
stream,1119,0.5100212618025123,11.245919071273445,1.00496179881931
stream,1120,0.5097627959948234,14.522327603138347,1.2690350557506478
stream,1121,0.5097722943415701,14.810229823824216,1.530534683627667
stream,1122,0.5096912436046673,14.262479114253273,1.4939502745348705
stream,1123,0.5090443800507409,14.248284732083441,1.4762067751776613
stream,1124,0.5081365399832368,14.125207003037524,1.4752388883887908
stream,1125,0.5075603206204404,14.271414292660447,1.4863153927382897
stream,1126,0.5071718705619732,13.823629227214397,1.4626339312070331
stream,1127,0.5069663763749941,13.81475273788252,1.4321996146718132
stream,1128,0.5061940234506427,13.916908324429588,1.4523467290734433
stream,1129,0.5056459958135566,14.228149365462265,1.493155410922613
stream,1130,0.5052770570451978,14.345842405620521,1.5286865688112452
stream,1131,0.5052547461917191,14.680801600149977,1.5751777522586146
stream,1132,0.5048518392194027,15.074895663513454,1.6105944734591136
stream,1133,0.5043339030105106,15.063256736045677,1.6161675388853274
stream,1134,0.5041862321174042,15.29200605550331,1.6374276230605649
stream,1135,0.503842403055737,15.19425146104164,1.686172094848782
stream,1136,0.5033027587495639,11.349632561565329,1.4892530072690224
stream,1137,0.5023874908777828,9.740059759439353,1.111261631039968
stream,1138,0.5006489649960302,15.552876818944515,1.3049810618747482
stream,1139,0.49894654227573715,15.270229805118143,1.7280573751539157
stream,1140,0.49730991252665074,11.972755621506387,1.4323854016968687
stream,1141,0.4961185427478808,11.532084066930267,1.1720273140851591
stream,1142,0.49530474977900246,11.513612815105997,1.122300526147852
stream,1143,0.494459719204015,11.567660758130808,1.1356394543790478
stream,1144,0.49310882035853476,11.515323524775281,1.1238284642931529
stream,1145,0.4913565129507493,11.395254600259921,1.097129687364939
stream,1146,0.489209970241152,12.27495654118345,1.1423010413783699
stream,1147,0.48774868502178126,12.349894919214915,1.194692576546959
stream,1148,0.4862833223338711,16.084632906716017,1.2900570383062433
stream,1149,0.48472416293864085,16.238784700876543,1.5382623136111975
stream,1150,0.48441361234794855,16.6942413245447,1.474048054554597
stream,1151,0.48393153338968736,16.494198955077337,1.4825851046107705
stream,1152,0.4830450146804776,16.287293138709792,1.4716389397189777
stream,1153,0.481592777317688,16.41921951327326,1.4975764124943378
stream,1154,0.4799729079907863,15.889981476936844,1.4778552196372348
stream,1155,0.47933616792369504,16.293687080136223,1.4166641762534502
stream,1156,0.47899922879683504,19.417466759491575,1.6176398036761763
stream,1157,0.47886126173144,24.00885947317177,2.173688379329728
stream,1158,0.4801191073209784,19.54655196104546,2.3822197426996015
stream,1159,0.4808587332850196,18.732582335047624,1.9805136766685756
stream,1160,0.48164954419392886,18.881251336059567,1.9780173027803614
stream,1161,0.48192596777844987,18.295335749542343,1.9812531914672524
stream,1162,0.48182077376874355,18.21803482302895,1.980616735735662
stream,1163,0.48144669588766825,18.193135115789346,1.9743741799339827
stream,1164,0.48139903333273754,18.947585961194548,2.013019140397477
stream,1165,0.48150811709353225,18.952025939732376,2.0447762114860364
stream,1166,0.48033268163465637,19.90082350443356,2.048653257315214
stream,1167,0.47842582946949663,20.034101477619135,2.022063128735874
stream,1168,0.4763251531988,15.980273888550972,1.923272107509
stream,1169,0.4752897108793133,16.997711562249087,1.6672910137324541
stream,1170,0.47365590008163255,16.36241692653953,1.7611625767845116
stream,1171,0.47428010138344173,18.894257427163954,1.8800298184630666
stream,1172,0.47211594258188044,21.62368290755753,2.2413651275340603
stream,1173,0.4724680131780796,24.11869155150054,2.633023570825515
stream,1174,0.473457379730623,23.599296778575738,2.6863948153602575
stream,1175,0.4727037350719804,23.483974466778275,2.705307552067804
stream,1176,0.4724387157124947,20.403596472890122,2.5581047318185464
stream,1177,0.46984190177763024,17.25407711480781,2.0978037971589
stream,1178,0.4672417983818948,15.731561359072991,1.7298590444515927
stream,1179,0.46661489464442696,16.41645019902255,1.7110164941189299
stream,1180,0.46674652586426946,16.57138732465908,1.708210994204699
stream,1181,0.46449026207907285,17.937926677880146,1.8018757591280954
stream,1182,0.46320997473800496,19.009236390281426,1.9584852479212835
stream,1183,0.4598133121656154,20.31953358531627,2.1082834427348796
stream,1184,0.45647754362414167,19.492124773706422,2.1360317517362715
stream,1185,0.45282549298349073,19.444804472693395,2.0932257536039343
stream,1186,0.4509174201504639,18.912626081233867,2.1152305004999734
stream,1187,0.44969746413494505,19.277271778549856,2.091631765385415
stream,1188,0.44838029611800434,19.38499460061853,2.129772737918546
stream,1189,0.44650442492772985,18.301854757680523,2.086217754300696
stream,1190,0.44457351083004537,18.055929241357635,1.998136919001875
stream,1191,0.442534755439832,16.522354931446426,1.8609176230860744
stream,1192,0.4404325627132365,14.715164942317298,1.6150792220720673
stream,1193,0.43781251475885774,12.98568803035684,1.347790675228867
stream,1194,0.4348670782254381,13.007855583624666,1.3044519827502399
stream,1195,0.432747036818464,12.934267211601114,1.2873230310939467
stream,1196,0.4301890013782461,13.919830395463002,1.3151963709919166
stream,1197,0.4276955702115259,12.762185469016776,1.2294543581427795
stream,1198,0.4253356660437517,12.976298056356978,1.163061136618009
stream,1199,0.4235999701804639,15.810450918682163,1.3610923931341594
stream,1200,0.42203733085312534,15.380586967146087,1.5105673646601527
stream,1201,0.42153287330569195,15.285396070043667,1.4428025667701965
stream,1202,0.42165130122418726,14.669207160170252,1.432574379597037
stream,1203,0.42232377331144866,13.421612879079511,1.2827762035685215
stream,1204,0.4229249316322833,13.538989326324318,1.2182968562791905
stream,1205,0.42467891565457516,13.601074227560337,1.229210550474964
stream,1206,0.43023626457347314,13.88574571307404,1.187765950253495
stream,1207,0.4371003968957931,13.278823653131573,1.2359156280753942
stream,1208,0.4406542950945629,14.162056146912736,1.2192260691432313
stream,1209,0.44497878987545253,13.703899605396629,1.2520265581798702
stream,1210,0.44879068049506227,13.802831797325796,1.2544897541719937
stream,1211,0.45297406057720546,12.994676262706527,1.2360408681981372
stream,1212,0.45385051116179503,13.008290050915335,1.1703134626604932
stream,1213,0.45325402604098114,12.395106338367997,1.0208060931121012
stream,1214,0.4529554297515765,12.360276230725743,0.9959393703085744
stream,1215,0.4554908073519259,14.43707346907702,1.0643189530163109
stream,1216,0.4555094553619889,13.47908684233327,1.0844547346276214
stream,1217,0.4568582239414463,13.504357454895665,1.1018283765044639
stream,1218,0.4567769684169617,13.751323049887983,1.1727947071405185
stream,1219,0.4562479451466946,10.29288753657765,0.9936060009570303
stream,1220,0.45565855997738347,11.493765351736256,0.8574590702261402
stream,1221,0.4533085895271728,11.660268822326366,1.010799871286399
stream,1222,0.44938057239898754,13.311830934273777,0.8716287369715576
stream,1223,0.4452794783228095,14.610362996873283,1.111099967107129
stream,1224,0.4414660694530985,14.974544064359156,1.1168365661763018
stream,1225,0.43797257321490435,15.120205438678475,1.164844713943005
stream,1226,0.43460876833238177,13.536584496963544,1.1361442760024947
stream,1227,0.4310517498231072,13.703553890048841,1.0874558084619863
stream,1228,0.4289196301043657,12.90709343580238,1.0681965764696977
stream,1229,0.4268162799844915,12.89521235323701,1.0400448732654441
stream,1230,0.42492548404900155,12.910209337654761,1.0382510649182792
stream,1231,0.42433453028621004,12.609537225174064,1.0316868929745657
stream,1232,0.42330975378289365,11.61073993059151,0.9497145620139633
stream,1233,0.4239137513840541,11.880419832312553,0.9974197135837344
stream,1234,0.4234485201246604,12.039286757093178,1.040207612415456
stream,1235,0.4231130235555737,11.13402372702186,0.985639226153621
stream,1236,0.4233208043574478,11.504136433086634,0.9763700775682004
stream,1237,0.4235970207143194,13.22672224074062,0.9573270615084226
stream,1238,0.42301834478919287,15.074645799390535,1.1840558468081965
stream,1239,0.42314975131242794,15.047443427813798,1.1807117266084544
stream,1240,0.4240401265894064,14.223352130026166,1.1918209801445814
stream,1241,0.4242636994505505,12.79281293777504,1.0169841197518543
stream,1242,0.42429608970646354,10.667812288360295,1.0092356498527317
stream,1243,0.4245041830320529,9.432195475916961,0.7640818955094154
stream,1244,0.42397216366718427,10.237730235588385,0.8472124810672003
stream,1245,0.42290945286676757,10.417139192291806,0.8913953678750346
stream,1246,0.42124882283650755,10.731099814409236,0.9286100278654039
stream,1247,0.41888335228727624,10.732791544173505,0.9239882745809566
stream,1248,0.41613572869201937,10.630670880803429,0.9154836671108094
stream,1249,0.4131282415283572,11.39323552257821,0.9161204180945265
stream,1250,0.4097799494307679,12.500074148941763,1.0656333327977952
stream,1251,0.4055954054548061,13.872550752245527,1.2199564500676439
stream,1252,0.4012916321098327,13.971936231719907,1.3153598648091402
stream,1253,0.3963343228961998,13.816784789318383,1.307148968503233
stream,1254,0.3904639053513484,13.728052952215629,1.2778727905115772
stream,1255,0.38469849462470024,12.500848217034225,1.2824249524791864
stream,1256,0.3783917254828403,12.244823847323776,1.1728654935105698
stream,1257,0.37426048645214194,11.874961780661922,1.30226453206143
stream,1258,0.3720364489871204,9.917305534188554,1.0173483166586663
stream,1259,0.37104104740984745,10.249060195552914,0.9825899814896716
stream,1260,0.3706550408043136,9.955807916985533,0.9950533169160684
stream,1261,0.36962186727897556,9.992545927039131,1.0014642795992204
stream,1262,0.36888558351653444,9.959684232699985,1.0026390376020209
stream,1263,0.36728152408888187,10.252806594955608,1.0090991540032064
stream,1264,0.36659576605944566,8.979381457606733,0.9391167227474767
stream,1265,0.366276739719702,8.591446598511393,0.8383499176026972
stream,1266,0.36687815952530306,8.32599447258091,0.7991504361741056
stream,1267,0.36864945246878805,8.6957756271629,0.8088624163865947
stream,1268,0.36943113117789966,10.306286993747435,0.9324812777915034
stream,1269,0.37229069963277384,10.429126716605516,1.0892778713339015
stream,1270,0.37533766287125325,9.188997830771513,0.968393434191003
stream,1271,0.37317384422517963,10.114991050567735,0.8468592397552717
stream,1272,0.3731453736391427,10.314345932030642,0.9203788866289443
stream,1273,0.3754009702234068,10.185749578552459,0.8700088324068063
stream,1274,0.37508084325237884,10.282192727400462,0.8700087985430369
stream,1275,0.3745666039755316,10.03072425251873,0.8512484714904605
stream,1276,0.3710996691344138,10.83629424551634,0.8914812157032354
stream,1277,0.3699138497598023,9.520148479319007,0.7592001393187826
stream,1278,0.3709657824949318,12.137904744178345,0.9289220974682165
stream,1279,0.3721306616050963,11.96268688197786,0.9884422775433334
stream,1280,0.37419849376445546,11.910194109776459,0.956239423483963
stream,1281,0.37555394602689296,12.522667485008824,0.9836940407234298
stream,1282,0.37795408479806286,12.767160473938562,1.0548087790595768
stream,1283,0.37965202502316553,12.329531517555415,1.063682376254946
stream,1284,0.38072195865207153,12.736420573428717,1.0513172603713274
stream,1285,0.3825019026782009,13.194943123254124,1.1013829271675002
stream,1286,0.38358144688844303,13.457002525396414,1.1711691928448957
stream,1287,0.3859577119792981,13.716457269129009,1.2413973989106035
stream,1288,0.38716283305061383,12.399873834683,1.1899624716370334
stream,1289,0.3887086681594158,12.990778349225778,1.1441713958843036
stream,1290,0.3886562165971426,13.59555320001464,1.2481989962350017
stream,1291,0.38718736445616364,11.294806381431782,1.2347420062726058
stream,1292,0.38606004411035016,11.754488745862654,1.119439359960112
stream,1293,0.382536662288455,12.548763134500415,1.2656326737915002
stream,1294,0.37751238424780137,12.41696729832122,1.301483068686441
stream,1295,0.3710514512717945,12.565522869850229,1.312402157210549
stream,1296,0.3659599460060396,11.714966952654873,1.2954149880471273
stream,1297,0.3629973054637087,11.435940969169435,1.2904230467983004
stream,1298,0.3565865808285433,9.684834178164198,1.18327287832358
stream,1299,0.3501411717861327,9.543067759750265,1.1571231672524627
stream,1300,0.34485302360566666,9.57934245568513,1.150989688686251
stream,1301,0.34295220907817064,10.28786782574542,1.188243002402776
stream,1302,0.34296513072200946,10.72355693523879,1.1175252330284209
stream,1303,0.3418779071455247,11.162721087486045,1.1598478266090384
stream,1304,0.34220705867975304,12.170770795899372,1.2764851821554015
stream,1305,0.3420252944147271,12.04417330563896,1.341732197486121
stream,1306,0.34006059670264815,13.435488255612496,1.286676895576286
stream,1307,0.3396451936811586,14.41795223948494,1.454089679004403
stream,1308,0.33937085865815175,14.05830745642079,1.4512421130034145
stream,1309,0.34193394689825646,13.130026115167524,1.3696426830723727
stream,1310,0.34546221174332853,12.667120781509537,1.2605320421687602
stream,1311,0.3497593377822962,12.645146831156366,1.2236366384094508
stream,1312,0.3475733639889523,12.711779325492936,1.202219051548036
stream,1313,0.3455412617629419,11.660209322451077,1.0887601171842647
stream,1314,0.3404222593731427,12.828210012286998,1.0405563131505722
stream,1315,0.33885183258082047,13.700781895936016,1.210808474036626
stream,1316,0.34016410575229,14.238207220342145,1.1875629015576998
stream,1317,0.34118000947224614,14.22321891795513,1.234545045019587
stream,1318,0.3416187516121573,13.009256393105208,1.1647242179060873
stream,1319,0.34228407779181586,12.936721773128134,1.1312178181726098
stream,1320,0.339092284813072,16.227221851683222,1.2716634129976994
stream,1321,0.3384733704804726,17.05191778010014,1.589119457507428
stream,1322,0.338574607385208,16.672338577729704,1.610065711139588
stream,1323,0.3388012052837376,16.20116696134684,1.5588695190030717
stream,1324,0.33892256070993276,14.767080939509402,1.4357125076377437
stream,1325,0.33762815344600966,15.668096291593598,1.3704653994065767
stream,1326,0.336794981791247,14.27122868269778,1.467586332225455
stream,1327,0.3358382806101972,12.500514032133008,1.236987193298722
stream,1328,0.33600822795981106,13.171570155657728,1.2007326469487098
stream,1329,0.3337855963594354,13.954288801242608,1.3010432679546144
stream,1330,0.332196853037459,14.11412297089245,1.3911819543424573
stream,1331,0.32938250944305547,14.425145607602124,1.4453529859522956
stream,1332,0.3274977706538267,13.360205110963255,1.4085010809044145
stream,1333,0.32558480238845744,15.02905328281017,1.487863493151375
stream,1334,0.3230160237621882,13.81672202856433,1.5229748636419138
stream,1335,0.3229915794754642,12.94944464495157,1.3500575784712736
stream,1336,0.32304789454941785,12.229686693411471,1.3617217222661109
stream,1337,0.3204947101881258,12.981080044595776,1.334913739962454
stream,1338,0.3178062058286588,13.036482192367654,1.3489427613825613
stream,1339,0.3179378989269489,13.393205123623638,1.3763481806394047
stream,1340,0.31787881521242173,10.053204881844549,1.240062635349847
stream,1341,0.3171802249356624,7.876481083218433,0.8399874162625166
stream,1342,0.31911547623989805,8.089021519330968,0.8429227674752704
stream,1343,0.319657163820985,8.435613093280727,0.8962668778785445
stream,1344,0.31989490137577553,8.48770664537963,0.902003495279073
stream,1345,0.3226969494698086,8.97994707796185,0.9448182002640363
stream,1346,0.322853684522055,10.537971920199983,1.078799898201177
stream,1347,0.32244981528722194,10.687151946706399,1.092311619041243
stream,1348,0.3229923313381522,10.821057543851362,1.0999352283681092
stream,1349,0.32324371200990437,9.501891015201819,1.0063795020565938
stream,1350,0.32313373879555957,9.186029106782588,0.8871321772548993
stream,1351,0.32277091611138864,8.893405050962764,0.8312268197379227
stream,1352,0.3221458605921035,8.834065783287238,0.8306123908617189
stream,1353,0.32167082895146065,7.221237853944974,0.7180263738334811
stream,1354,0.3189069873105572,8.241364913465175,0.7428369572985011
stream,1355,0.31495257568016277,8.304065526634584,0.7436043058841912
stream,1356,0.3145059916309589,9.054590327392567,0.742804284303541
stream,1357,0.31808885292282574,8.292328423390526,0.7495470862340397
stream,1358,0.31904023758334094,8.86989716184838,0.7360895232068233
stream,1359,0.317997442573106,8.620060308583819,0.7154266247690579
stream,1360,0.31171471826337654,9.135428357553595,0.7134581433101422
stream,1361,0.3125251523793121,10.391173634703838,0.801183269781495
stream,1362,0.31099388027230634,9.972195569824843,0.8388949606960814
stream,1363,0.3053833881359525,9.829838331876795,0.7778835054847075
stream,1364,0.28994815322109996,11.243634130091275,0.7908531512966699
stream,1365,0.28418110277899217,10.707887375916508,0.900851559006641
stream,1366,0.2872940210950418,10.637726751316292,0.657589702305539
stream,1367,0.28790449000364604,10.559346600441216,0.6908968636532398
stream,1368,0.2874175362524512,9.734550864218653,0.6396093135157485
stream,1369,0.2840585924922272,9.904215541009021,0.6001312759607762
stream,1370,0.2835726939892918,10.327494811730023,0.6343229534950757
stream,1371,0.2811849519162035,10.511566700239486,0.6729527637756151
stream,1372,0.2776346426018306,10.617049925571726,0.6727026524039247
stream,1373,0.27880636792571495,13.279963042798638,0.833575046224251
stream,1374,0.27800240983705293,12.514094604350886,0.8992641963885608
stream,1375,0.27534632519501556,13.546482125511337,0.8967030173287064
stream,1376,0.2738301919942267,12.953125167163888,0.9764732154322104
stream,1377,0.27092409131546585,13.580870487400905,1.0197466092624121
stream,1378,0.2662408505133636,13.747839501950233,1.013699677509423
stream,1379,0.2644888093750753,14.149588383443664,1.1257693946840936
stream,1380,0.2639123562201833,14.41493303407619,1.1297113198580444
stream,1381,0.2686402193515612,17.847508035756107,1.343333212976313
stream,1382,0.2712000009090916,20.390342419140744,1.791791958113381
stream,1383,0.27461206598408466,20.362983434407333,1.9316502562090032
stream,1384,0.2794135201154903,20.158185422263077,1.9355816942170276
stream,1385,0.2807338219072619,20.580355420302297,1.96003484420051
stream,1386,0.28429500534863905,19.03664395363747,2.0748309453233085
stream,1387,0.28806293223980034,20.862698125835347,2.0413073763084713
stream,1388,0.29017740671723397,21.01219848281121,2.1755082856958
stream,1389,0.2911985298737128,21.531415535675944,2.184202589933795
stream,1390,0.290131167418758,21.45932301900674,2.147531551404032
stream,1391,0.2901734902875214,21.63979005977737,2.158706057895515
stream,1392,0.28864526367765103,21.57188822602027,2.1841594193203693
stream,1393,0.28580803336048355,18.838756694134954,2.023118445538044
stream,1394,0.28253081507815975,18.588587664360205,1.8793015454294137
stream,1395,0.27638396779575425,17.42967550191684,1.8736734029970872
stream,1396,0.27191630835651925,18.90157267759936,1.8147575631704262
stream,1397,0.26678379669514896,18.211317601984195,1.8246904124189087
stream,1398,0.26142084140448163,18.14103482257104,1.8441949082415376
stream,1399,0.25513778195515974,17.630726621134656,1.744605323772605
stream,1400,0.24923157851527106,18.20211072459853,1.784218381861274
stream,1401,0.2442047889122342,14.024318804973062,1.6101576334528822
stream,1402,0.24317430734848983,11.390540433292442,1.129935959404603
stream,1403,0.24125278827737925,11.31051054785548,0.9936503288808237
stream,1404,0.24009854029824743,10.16400986018012,0.9924911137580724
stream,1405,0.23847984735253347,8.68467080359029,0.7851271189429144
stream,1406,0.23598491362932036,8.485830974916805,0.6703310169053949
stream,1407,0.2366794661658216,6.867499557194494,0.6608031609723691
stream,1408,0.2415789774349598,7.294410713044591,0.5267762413779271
stream,1409,0.24484464316066246,7.3067799828604185,0.6178587022171556
stream,1410,0.24921528120910516,7.011033258896641,0.6774004775881913
stream,1411,0.2504959227363879,6.950435745142878,0.6420062847668365
stream,1412,0.24620525159642856,7.998750797645328,0.6226706523418826
stream,1413,0.24563237238009636,8.706279394717335,0.7666646217154447
stream,1414,0.2467289148640638,8.888352453517566,0.7758165305791634
stream,1415,0.2398941017778292,10.972137427867278,0.9103838249834133
stream,1416,0.232193292785559,9.27636558374961,0.9590877066513593
stream,1417,0.2361782855388909,15.112171280220288,1.11329430629437
stream,1418,0.23913808107944684,14.393691761958673,1.2616305413088067
stream,1419,0.2391643334069742,14.453622835101353,1.2476826992583145
stream,1420,0.2399218339867284,13.632575805733296,1.233958117552835
stream,1421,0.23630155692759594,14.534900571829242,1.2434849995986716
stream,1422,0.23411090871532558,15.992443083313898,1.4255105570750608
stream,1423,0.229377856208864,15.940415777927235,1.4472235809720961
stream,1424,0.22430641232314857,15.895340729465135,1.4386600746460454
stream,1425,0.21845870853817723,15.897117966057353,1.4156038587569855
stream,1426,0.21295932739949214,17.56045735270875,1.4437174184773662
stream,1427,0.20702557655205792,17.553009838911493,1.5738948093076965
stream,1428,0.20132117958201273,17.92145936018534,1.5783209285526538
stream,1429,0.1956099426127376,18.96532421200049,1.664350884829406
stream,1430,0.19082822536692423,19.681386388624173,1.776535116630499
stream,1431,0.1880689547391211,21.302048655828415,1.9583394438070563
stream,1432,0.1864077617793531,20.342244009788764,2.073540706598215
stream,1433,0.1843018178415172,20.576211982128097,1.9442498149501002
stream,1434,0.18301783367693125,21.17954746290474,2.0477296742462756
stream,1435,0.1829207305142178,19.032767851762475,1.960094122289283
stream,1436,0.1842920572753281,19.02493563300091,1.880422204909291
stream,1437,0.18834387839066347,13.926204161820822,1.6744721595323504
stream,1438,0.19305417736026037,14.298260040340068,1.6026925390383921
stream,1439,0.196706852046811,14.79527402286517,1.599570941940057
stream,1440,0.19914545923385682,14.642364763297788,1.568663834479757
stream,1441,0.20270205703828426,13.386183481279256,1.464847058320291
stream,1442,0.20720970036380318,12.05356308277299,1.2507397653742123
stream,1443,0.2108988632466674,12.086644797037694,1.2481938828316803
stream,1444,0.21487907820291374,12.140284466046488,1.2442461013690516
stream,1445,0.21859834531125186,12.148181985537706,1.2441644660311517
stream,1446,0.22076193206824382,10.756907944848836,1.2428419809297002
stream,1447,0.22273339551145613,10.77275165255558,1.0919203310368732
stream,1448,0.22482773914359896,9.831086668334635,1.0906972781312643
stream,1449,0.22619851608625746,10.199753025337406,0.9884684086830954
stream,1450,0.2263235781834264,9.667791601367616,0.9640696915404454
stream,1451,0.22548658055923168,7.729392226807306,0.7724556551398107
stream,1452,0.22226960548918387,9.345423156657176,0.6978796968042444
stream,1453,0.21979280867491974,8.675423190551179,0.7845012830567842
stream,1454,0.2178773072652521,7.917960548353795,0.6733867483146101
stream,1455,0.2164602002800156,7.988220692931713,0.6239262786097007
stream,1456,0.21368885091000095,9.060522691156788,0.6846930248067628
stream,1457,0.2151679781625592,11.632805987665801,0.9535622085578292
stream,1458,0.21555015194064941,11.652249003726,1.0832532237471344
stream,1459,0.21538977582316837,11.107800022585328,1.0893704541741993
stream,1460,0.21552855429588755,12.51585239183928,1.1843058826594706
stream,1461,0.215960887948875,13.390328504307003,1.3524777853272953
stream,1462,0.2174047679281429,13.296114942264714,1.4101762469902859
stream,1463,0.21903727781393922,13.24731997491729,1.386767530330795
stream,1464,0.220654526040147,13.201018635029438,1.3819877496042932
stream,1465,0.22339135871037555,13.758254982377872,1.4417416774092147
stream,1466,0.22690061844591733,13.512956490446317,1.4166366877996324
stream,1467,0.2305685058972499,13.549804969320402,1.44690876775367
stream,1468,0.2306518407704024,17.560490743126014,1.5209978216345148
stream,1469,0.2310066518763795,15.404479055698317,1.5945130492743198
stream,1470,0.23211879794596632,15.203432476685647,1.4500732948106214
stream,1471,0.23381032858213302,16.848417109829693,1.5321431009975712
stream,1472,0.23545870720069043,16.5678104924929,1.4848780819198772
stream,1473,0.23717733255805662,16.651913118332075,1.5141457854312712
stream,1474,0.2395615887659555,16.68246153815452,1.5188435848246316
stream,1475,0.24335948171756794,17.14745444832551,1.5345915656822526
stream,1476,0.24706545768685462,17.205451077830823,1.5949316477742044
stream,1477,0.25167791714293836,15.108750504080744,1.2972367547028043
stream,1478,0.25317687919765647,17.022307858005597,1.3184439009034779
stream,1479,0.25401415465161514,17.13973910346262,1.4609863424547025
stream,1480,0.25413732225293506,15.959295612047903,1.3749845952259554
stream,1481,0.25277061817732344,15.773795382554809,1.269101688396291
stream,1482,0.25062564255613806,15.90368201037363,1.2691017385164585
stream,1483,0.247832698746232,15.903063754690654,1.281896964863881
stream,1484,0.24429992038927123,15.868800462936873,1.2795474348794322
stream,1485,0.2411075720678085,15.241369894267047,1.2212779020179687
stream,1486,0.23782992664848945,15.426819094513778,1.2160030882989095
stream,1487,0.23361634470290651,15.096471872376387,1.1956659193556858
stream,1488,0.22655006024667765,11.37696524479147,1.1412931636056418
stream,1489,0.21844043890040102,14.604541802281375,1.1587669617179543
stream,1490,0.2096336259040845,16.089702221797562,1.502806962203592
stream,1491,0.1993397272152216,14.474209150364986,1.4852721415910246
stream,1492,0.18901322303902135,13.327477873128066,1.489921619516246
stream,1493,0.17950266006339996,13.126197841177893,1.3994314738011846
stream,1494,0.17197019180485562,13.103425127942943,1.394412841291606
stream,1495,0.16754610836344339,13.12741088459497,1.4135590899579988
stream,1496,0.16624610238822768,12.86593752005779,1.2920009137250796
stream,1497,0.16747924608210918,12.550012340470099,1.42971988024521
stream,1498,0.1691872177667252,11.108503033145466,1.1827116290566222
stream,1499,0.17890427140945592,14.55615575691418,1.3146598471053261
stream,1500,0.19415549952618819,14.126130744333711,1.5186587995243281
stream,1501,0.20070611370200728,13.320644471372297,1.432916803746811
stream,1502,0.2101021876665382,14.362694975518856,1.4040385564769409
stream,1503,0.1740267915229903,15.495862240096582,1.5561016386907367
stream,1504,0.17583479092031437,15.506970646592082,1.5782880573161462
stream,1505,0.1825295664145609,15.596417742109471,1.5790547332408422
stream,1506,0.20120339982492144,15.355586977058179,1.5800717253005148
stream,1507,0.24235987535156256,15.462425958443315,1.5776247583738867
stream,1508,0.2746583425362634,15.169769914597746,1.5545314041108516
stream,1509,0.29531644372535903,14.595047302992253,1.4463755207597344
stream,1510,0.299836215438612,16.824499304297177,1.6114793025923675
stream,1511,0.30048149830221627,16.80697734514399,1.65640557195276
stream,1512,0.29832759559668764,17.035981674783763,1.680629660313242
stream,1513,0.29959817085873114,17.52756056983003,1.7387002091432806
stream,1514,0.2977862695978233,17.493108946542034,1.7547136589615049
stream,1515,0.29765301186967935,17.319965766715317,1.7279762807603078
stream,1516,0.2942428414712669,17.13707133082142,1.7302221392627084
stream,1517,0.293791985435428,16.75537388593108,1.6832842803301142
stream,1518,0.29642609955625643,16.916347815301908,1.6860355952094084
stream,1519,0.297568772207351,14.431321712581184,1.5502398931535586
stream,1520,0.2993531757287262,14.342968664484022,1.393831106752943
stream,1521,0.3010875331946986,14.80722498523138,1.3900404762431466
stream,1522,0.300630233154875,13.849604257150292,1.4013454787729358
stream,1523,0.2980468701017299,12.90781010300243,1.2365034977142877
stream,1524,0.2982587581756088,13.673921161211167,1.28625698350825
stream,1525,0.29597009806674807,13.709958082521869,1.3641582457937436
stream,1526,0.29545839699552284,15.13290981610944,1.4789627496720676
stream,1527,0.2930378436723829,15.416076770795664,1.5840357273950174
stream,1528,0.2872227026486123,16.503878511326153,1.5920566483180214
stream,1529,0.27796313317852334,14.001139511625011,1.5461667318523893
stream,1530,0.2819615278088101,10.854393333271346,1.0708065312837964
stream,1531,0.2802217150317754,11.201403894893785,1.0282185060543592
stream,1532,0.27241356582938087,10.867626967902899,1.0527694953366706
stream,1533,0.2558205111186187,10.286563919457112,0.9544662051936048
stream,1534,0.22890798537620669,10.601168289775972,0.9566584412132542
stream,1535,0.22233456137215712,10.216607216673694,0.9545372049437204
stream,1536,0.2106308658678246,9.542963322703638,0.9573752799654238
stream,1537,0.2069940525880984,9.070393262763647,0.8708194348519227
stream,1538,0.20380271237600248,11.924993528467656,1.0400660810285878
stream,1539,0.20071163393569913,12.15714864542434,1.2342951990686124
stream,1540,0.19982837577599394,12.209264445745307,1.2621902519449701
stream,1541,0.2023072976876443,11.687780130217158,1.2627943334372065
stream,1542,0.20514583975864825,11.61597163059452,1.2346098798251355
stream,1543,0.21015600125857908,11.497590756969345,1.2346152901635452
stream,1544,0.21756037571765485,12.083452691283933,1.2366887632415065
stream,1545,0.2216521456786858,12.276928922357808,1.2665886321631
stream,1546,0.22695642677112282,11.249992781885327,1.2059386272914103
stream,1547,0.2300332176417935,11.022382177437033,1.1489500814667386
stream,1548,0.23192984803391373,10.007645979139058,1.1406845468842433
stream,1549,0.23327728973977035,12.604489367800308,1.2468080093857252
stream,1550,0.23437472549027494,12.739322590328829,1.453166965495641
stream,1551,0.23360461170796218,12.37573429490233,1.4047439867293356
stream,1552,0.23291246562612902,12.164151294043862,1.3516023069373353
stream,1553,0.23037964234145397,14.73072359325413,1.461572881190265
stream,1554,0.22901975956599233,15.409278340319709,1.4559719946511076
stream,1555,0.2263565071419895,15.743239015867392,1.5350097936593468
stream,1556,0.2245204875686745,15.865772313574587,1.5356785905741892
stream,1557,0.22241687163117896,16.97186411686374,1.5432642760262836
stream,1558,0.2207432520189073,13.359065418341023,1.4646901747448609
stream,1559,0.22097950947790834,12.214651272091013,1.1233325772362228
stream,1560,0.2202623278494724,12.113176978234904,1.0505124818035911
stream,1561,0.22242171454709792,12.509669460806158,1.0742525884868925
stream,1562,0.22253686543354834,13.383921163429358,1.1425238517729415
stream,1563,0.22486459144189583,13.624918878436914,1.2359476491482169
stream,1564,0.2279394015871075,12.222709650652774,1.1730113865191856
stream,1565,0.23258671069464468,11.84457555079438,1.0656506978732936
stream,1566,0.23835711955754035,11.482465051218183,1.010299804945746
stream,1567,0.24294425842687406,11.491424381155783,0.9664840075605367
stream,1568,0.24852305802234978,11.472380192309926,0.9954663223983423
stream,1569,0.24888867957202884,9.582766807809465,0.9284465925904746
stream,1570,0.2456599835945943,9.050091398423827,0.6970853788025385
stream,1571,0.2483647542495863,10.330906066823788,0.7659631424787945
stream,1572,0.2548162185332861,10.912613751616721,0.7730595292075652
stream,1573,0.2587716245149959,8.67762739816634,0.7182766784194604
stream,1574,0.26108248504520915,7.790880121682364,0.7072485310267083
stream,1575,0.26588216675473464,7.650561389451428,0.6525549527553232
stream,1576,0.26214213345072673,9.455574059148866,0.7649042509107961
stream,1577,0.2591249201020533,8.421023410118332,0.8574957513819901
stream,1578,0.2659904395800719,12.668104699467978,0.9116711355207627
stream,1579,0.2701759580705817,12.76104910730939,1.1586847998758902
stream,1580,0.2710352394812326,14.14375193172503,1.1629371380419635
stream,1581,0.2717497945745673,13.83187162637276,1.2367967698412063
stream,1582,0.2740006458476864,12.816971478880957,1.1566444919186931
stream,1583,0.2752003092688923,12.560371966123697,1.0641504588755888
stream,1584,0.2729066798267004,12.615384696439753,1.0547594710789006
stream,1585,0.27315018270945524,12.635545332826249,1.0604363056444792
stream,1586,0.27718503549027357,12.682789289964134,1.0642044243240683
stream,1587,0.27747862161448744,13.013994172851055,1.0925241327893933
stream,1588,0.27270392501249535,13.258145685074265,1.0667226474217228
stream,1589,0.27244882021222033,13.49215339168525,1.104474665387397
stream,1590,0.26955063512282706,13.321771545014672,1.110717883775955
stream,1591,0.2651955810018774,12.212633318053845,1.0331996037726714
stream,1592,0.261737365176113,12.119792837523285,1.0812839886803522
stream,1593,0.2582151622490487,14.077152271666236,1.2084501075178034
stream,1594,0.25531266455339,14.2097692484985,1.2613200527162935
stream,1595,0.25107013542669987,14.858499742432272,1.3138422620861399
stream,1596,0.25240257490532675,14.143792371040053,1.3230264351150076
stream,1597,0.25250710057662956,14.531035459303695,1.3563428813448855
stream,1598,0.2512375575698291,11.143681977239147,1.2179928341826805
stream,1599,0.2573379406793916,13.469534041107988,1.2492812631955714
stream,1600,0.2561747220693062,14.90457310194943,1.6495085256793298
stream,1601,0.2562913452547496,15.015146724578145,1.7024466092438324
stream,1602,0.2624130995018308,15.925357160566662,1.7132625014791223
stream,1603,0.26605823017158203,16.066231634876274,1.8057565982938868
stream,1604,0.26707473447340246,16.29087565317232,1.8012538490300172
stream,1605,0.27124801722002195,16.68111481539315,1.8365235460633464
stream,1606,0.27448832461295936,16.57611173628426,1.8697201567955384
stream,1607,0.2697397593705445,17.5816793863503,1.8894086669802774
stream,1608,0.2719375584243647,18.714205919554125,2.146368121849036
stream,1609,0.2763314160091818,17.840562827264286,2.0608339573102126
stream,1610,0.2760932509221083,18.116005491799356,2.0903432040166
stream,1611,0.27318442415546207,18.046479122221854,2.0766889277226666
stream,1612,0.27196662026249047,17.593163778192505,2.0247382566331416
stream,1613,0.256333461572357,20.56347754146603,2.060406717239889
stream,1614,0.2474672039000363,21.53568583637548,2.4498671709952413
stream,1615,0.2419008329087142,21.080272223767093,2.375235610317257
stream,1616,0.2405015876419741,20.337858547779664,2.2476665372435733
stream,1617,0.239857142917028,19.837638177413726,2.1228672088431595
stream,1618,0.23933898111485286,18.68369733285571,2.1163693375648824
stream,1619,0.23811728177536085,16.110356541198165,1.8392473172837085
stream,1620,0.23037313295606862,14.813666085639655,1.512769884259564
stream,1621,0.22325231192603195,14.696902672310141,1.3827921659244649
stream,1622,0.2186909273844677,13.768375666280813,1.3755871130328823
stream,1623,0.21689944999039693,14.1639831682538,1.2930389639157174
stream,1624,0.21317583820252883,13.907411212016273,1.3257733447507944
stream,1625,0.20813344401978567,13.773578160546428,1.2843863698709939
stream,1626,0.20255805919106512,16.292566843212814,1.299024569667195
stream,1627,0.19987875393685822,15.708816883668463,1.4994000659901108
stream,1628,0.1983900123723242,15.594135808735,1.2398579768215054
stream,1629,0.1986518832957663,15.501118622686487,1.2513585153782592
stream,1630,0.1980796704285685,15.206404846953744,1.2059761285120205
stream,1631,0.19829561621855893,16.35159864216127,1.2678831115664475
stream,1632,0.19717904261483815,17.298418934625097,1.4285458124179775
stream,1633,0.1939203109937796,12.383237060742644,1.2159065430886353
stream,1634,0.19088416956515336,11.219259397142345,0.7983878823670172
stream,1635,0.18664258063312564,10.830453256391337,0.7967570944305374
stream,1636,0.18045025313848945,10.782556912685868,0.8041363387980035
stream,1637,0.17648636896518335,10.78586507904442,0.8173551928893152
stream,1638,0.17573811998474126,10.8516866929675,0.8147615296842169
stream,1639,0.17631922929231103,10.935337264541248,0.8140544549864779
stream,1640,0.17829984845454544,9.361444304818368,0.739184438511028
stream,1641,0.17243976756491858,14.828346418576073,0.9382178880837894
stream,1642,0.16929279096661368,14.835182098807623,1.1687170616983844
stream,1643,0.16825045749795559,15.052400387436544,1.1748671299788511
stream,1644,0.16737279763114324,15.662384033900683,1.1416705703017882
stream,1645,0.1667098827013543,15.400956384448188,1.1746442719421117
stream,1646,0.16691826352196107,14.271851443684936,1.1583476123720968
stream,1647,0.16801904130242015,17.103391339196182,1.2293911001569473
stream,1648,0.17291450780526826,16.71154022359248,1.2608256963823867
stream,1649,0.18093387888259768,16.605139146873135,1.2566496511005532
stream,1650,0.18252058091343235,23.49170685088186,1.5425831454592815
stream,1651,0.18583459690409893,22.264433121420183,1.7754381150349041
stream,1652,0.19512714907603057,26.018061487940336,1.7719199657753208
stream,1653,0.20149060407961578,26.65575090658446,2.166911250463261
stream,1654,0.21050878773649795,26.64015365681499,2.1812407406375987
stream,1655,0.2181886091787568,26.915033571992435,2.193996880467947
stream,1656,0.223267754628895,27.10106440124824,2.1926532385771966
stream,1657,0.2286763263610055,27.232345600217567,2.2102180772984754
stream,1658,0.24044989816950457,29.585322918575283,2.2467653563077157
stream,1659,0.2435558940209807,32.429965325063044,2.646813642465587
stream,1660,0.2485008024090753,33.153082791558994,2.877916377848615
stream,1661,0.24843741370831185,28.640730114426614,2.7892390932303894
stream,1662,0.24971962598171152,28.95461421280793,2.642866983463668
stream,1663,0.250249025628297,28.160606359915818,2.6505821322473606
stream,1664,0.2484194910338884,27.523673748982866,2.6502559837997723
stream,1665,0.25454386202804224,28.54633321982369,2.655096717323488
stream,1666,0.2597450322710375,27.1600135484801,2.6637697623637386
stream,1667,0.2675045844968286,23.50430829658093,2.3337116652392504
stream,1668,0.26986736593531796,22.980142011116328,2.3352939943985827
stream,1669,0.26622027210416727,23.77931738533822,2.317431468955166
stream,1670,0.2624175258949947,16.880256322294088,2.0510742572901703
stream,1671,0.25606982931901684,17.197786437410738,1.765066514573093
stream,1672,0.25225086736548213,12.470749080529082,1.6142352550387828
stream,1673,0.25386112729129306,13.316414419283888,1.2797881107820335
stream,1674,0.25480959931494734,13.282006564236596,1.323489189739801
stream,1675,0.2558724454429039,13.533200075348338,1.3198413342215547
stream,1676,0.2542307615386025,13.336778516997482,1.4044238289229034
stream,1677,0.25116344633823623,13.189827573731069,1.3725315404974583
stream,1678,0.24847439226832624,11.79901419658735,1.374466153860603
stream,1679,0.2462328248374868,8.902053126769825,0.9921343126974956
stream,1680,0.24318755070412665,8.563182235124227,0.7739462207099829
stream,1681,0.23809256212676175,7.836104562276341,0.6385434718494343
stream,1682,0.2321220081782681,7.498720377128969,0.5636599021491575
stream,1683,0.22307481951432007,7.500111117945991,0.5389135611165597
stream,1684,0.21497191291410073,7.516215767905586,0.5480213261254521
stream,1685,0.2088917915603094,6.592044523692063,0.5111258413271946
stream,1686,0.20478599949035373,6.589319973914506,0.4680601572455766
stream,1687,0.20416141304965377,6.5643031749573435,0.47063188765230035
stream,1688,0.20136496627090267,6.152529431233838,0.4401272755239202
stream,1689,0.19394140900463558,5.927901291223926,0.4564899065343926
stream,1690,0.18729666476900336,5.925477100688743,0.4666844671305787
stream,1691,0.19079522097310692,7.24655236320444,0.52206675077768
stream,1692,0.19393573253243632,7.247161167608006,0.575927432694317
stream,1693,0.1945171881543481,5.579999332463474,0.5117132163172117
stream,1694,0.20499186755969356,7.218223200227903,0.536231530446749
stream,1695,0.2116096625706991,6.712035466107862,0.6005380192298467
stream,1696,0.21397365373487745,6.430879752284535,0.5102027890163732
stream,1697,0.21440077972687682,6.567450477951619,0.5021435987384543
stream,1698,0.2138862199375098,5.544319660626205,0.4658149354884655
stream,1699,0.21549417880784003,6.287396482552408,0.479712637942889
stream,1700,0.2148829783029619,6.059815377510715,0.506221534490224
stream,1701,0.21476651170771893,6.2275394341930195,0.5516038862224257
stream,1702,0.21356054664921312,6.822556550417066,0.6213923284286578
stream,1703,0.2111222042581198,6.805575758982147,0.6385858536234899
stream,1704,0.20877042624967743,7.904252701774711,0.6829188281331586
stream,1705,0.2067163800394569,7.893503330437846,0.7457576143972664
stream,1706,0.20463321313827249,7.955018419097198,0.7464099089366778
stream,1707,0.20344361483666792,8.086704610124052,0.7674045082173031
stream,1708,0.2025184290180712,8.923885807948754,0.8469476520239145
stream,1709,0.200682150561066,8.489526898486622,0.8422486514187291
stream,1710,0.20004146527879305,9.176327644486706,0.8192970883067338
stream,1711,0.1999637380800985,9.757443547652212,0.9396867260601809
stream,1712,0.199842893949316,9.978399169816026,0.900388307173842
stream,1713,0.20005154721514654,9.7553222944696,0.9027537663081336
stream,1714,0.20046366022193668,8.231854083394026,0.7958716400356856
stream,1715,0.201445076060155,8.336953991437433,0.729438943588491
stream,1716,0.20347670821387193,8.209823151757131,0.7400039515463319
stream,1717,0.2054428685071342,8.232558139199092,0.7394873931315541
stream,1718,0.20665080213171044,8.223672870318062,0.7419836279552228
stream,1719,0.20849362714367012,7.446840821254217,0.710195482690044
stream,1720,0.21236196960016873,7.317150546787669,0.6557960884922501
stream,1721,0.2146590810646545,7.098941016326522,0.6251286629266292
stream,1722,0.21895259044884766,6.734970702486089,0.5714573503714387
stream,1723,0.22498411686018102,6.860560415960794,0.5543182172330444
stream,1724,0.2276454546554176,6.31594544951503,0.5645806585372151
stream,1725,0.2321558083325965,6.80044044210731,0.5841057296261771
stream,1726,0.236837766621366,6.74762896576224,0.60991907328126
stream,1727,0.23995242416682333,6.641806760187827,0.5856186093630361
stream,1728,0.2400976079063076,7.350076626184617,0.5396209559356482
stream,1729,0.24356292472625135,8.980333401339086,0.7744188083905788
stream,1730,0.2480338497240836,8.345820168415587,0.8071811816662453
stream,1731,0.25123161320409015,6.131092377793528,0.6204036808261634
stream,1732,0.2543088273246124,5.994125521895201,0.6076630248806512
stream,1733,0.25728757891477433,6.0296338968184635,0.6195056652194739
stream,1734,0.25876078791050816,5.912410023959121,0.6171677363884387
stream,1735,0.2594888978030459,6.549333695542767,0.6240030272424205
stream,1736,0.2608789757036531,7.194752841526853,0.7173945274462683
stream,1737,0.2619081700385391,7.3857800635441935,0.7758233443874394
stream,1738,0.2657016390711957,7.394620987273984,0.7820217553638062
stream,1739,0.2694524034504712,7.6348129484097615,0.7946423194776069
stream,1740,0.273296588298399,8.817771717229226,0.8029617703608656
stream,1741,0.2743109062300442,10.186264221777225,0.9797852767317905
stream,1742,0.27272983935640127,10.070305705315825,0.9929008808241093
stream,1743,0.2714443517272721,10.869885564496753,1.0570103033451053
stream,1744,0.26997824417536415,10.385714468978142,1.0526764985060322
stream,1745,0.26715829593087836,9.788484782912038,0.9673764175762962
stream,1746,0.2653346487662325,10.076937039328778,0.9491490776688062
stream,1747,0.2633291946759202,10.36795072863299,1.0022907678370228
stream,1748,0.2597484852606159,8.87606117825774,0.9747159798936055
stream,1749,0.25708608587633125,7.389275859840652,0.7459276362781749
stream,1750,0.25563859442905884,7.493150960044823,0.7393196265143152
stream,1751,0.2547509173148152,7.630998853037232,0.7393142163262172
stream,1752,0.25329254517946076,9.724164603006596,0.8401186423046587
stream,1753,0.25235006551268413,9.713868019278529,0.90711580097195
stream,1754,0.2535787067305399,9.982877933059076,0.9191380745333921
stream,1755,0.2546158904082699,9.754587485228775,0.9000675336608359
stream,1756,0.25329876314384414,9.14371898963758,0.8084439629233016
stream,1757,0.25384844417881736,8.91202694243093,0.7472529195395172
stream,1758,0.25386179232985856,10.263402857217804,0.8115927154592093
stream,1759,0.2539030917305963,10.614413916567415,0.8055787152394538
stream,1760,0.2526495014676375,9.686664370909492,0.8768933552670204
stream,1761,0.25217761803814165,8.666668362757585,0.7536749381980599
stream,1762,0.2512943540885837,8.622083067784853,0.7234688847849604
stream,1763,0.25134232009721386,8.906528736953724,0.737416438021006
stream,1764,0.251130299372887,8.819668813288803,0.7197981343140603
stream,1765,0.2512916121864323,8.946443238412177,0.72640470766695
stream,1766,0.25245152899126666,8.663571401945308,0.7290800964594164
stream,1767,0.2536876891624817,8.368338947673278,0.6773522687498587
stream,1768,0.2546829396036554,8.328479400825318,0.6709733917437362
stream,1769,0.2542174893137354,8.031237543021284,0.6479334345833822
stream,1770,0.2530564397250541,8.633498937066728,0.6400063976502892
stream,1771,0.2511451590164882,9.441009842522481,0.747247263533896
stream,1772,0.2478933420004533,7.286601933367174,0.6505428948670243
stream,1773,0.24715402972495834,7.69018301372012,0.593416107141637
stream,1774,0.24702313677733953,8.836653441091805,0.7149964532553049
stream,1775,0.24782105366453352,8.567436724304383,0.820281956645582
stream,1776,0.24947258306033593,8.51980300479648,0.818514048303945
stream,1777,0.25079259728765163,8.513508401667737,0.8256915748550734
stream,1778,0.2518483557042198,7.272234270780255,0.7522547445367955
stream,1779,0.2540185930557269,7.042899142203606,0.7712874217912192
stream,1780,0.2584194657924539,6.772570836909084,0.7008319315199723
stream,1781,0.2593301961227812,7.270438457203901,0.6760073875262803
stream,1782,0.26285423500498145,8.925745470576276,0.8735873252044798
stream,1783,0.26462858524400673,7.698672548951313,0.8785410763998198
stream,1784,0.2651974034445153,8.071781934471884,0.8467569180107128
stream,1785,0.2667113986643254,7.9933866660777095,0.8672142460097453
stream,1786,0.2694129090297568,7.997669911697496,0.8569528614304224
stream,1787,0.2709446615707652,8.347971130352079,0.8711609854712675
stream,1788,0.2723966096174936,8.346441009014772,0.8792853843046805
stream,1789,0.27313854767642265,8.351412963786407,0.8795682485137402
stream,1790,0.2742421385690613,7.831237318268506,0.8564306276810104
stream,1791,0.2753878386682893,6.87228162856818,0.7675469752627738
stream,1792,0.2771707646742747,6.832537829128603,0.7516196431621934
stream,1793,0.2804659240959354,7.902075065746205,0.7873453606448791
stream,1794,0.28303232688670565,8.423328462000603,0.9048368286867967
stream,1795,0.2850560390912875,8.142170822190131,0.8858048996641531
stream,1796,0.2863450502646864,8.338973789188412,0.8774857339575745
stream,1797,0.28601260266816886,8.804378359042403,0.9254619326113337
stream,1798,0.28631857599542226,8.693742997552432,0.9441681288615245
stream,1799,0.28812120742974406,8.30959740922286,0.9194532417592891
