segment,end_index,PW_WTC,E_CCDC,CD2_P
stream,0,,,
stream,1,,,
stream,2,,,
stream,3,,,
stream,4,,,
stream,5,,,
stream,6,,,
stream,7,,,
stream,8,,,
stream,9,,,
stream,10,,,
stream,11,,,
stream,12,,,
stream,13,,,
stream,14,,,
stream,15,,,
stream,16,,,
stream,17,,,
stream,18,,,
stream,19,,,
stream,20,,20.406573942438047,
stream,21,,20.708384562105174,0.9006476789154017
stream,22,,24.398494221205045,0.9114712268006246
stream,23,,25.238198113652157,1.183866578744602
stream,24,,25.074245634011714,1.1603930457253753
stream,25,,23.72606494640027,1.005869819044335
stream,26,,20.36957505025495,1.201629378923775
stream,27,,20.287802756212233,1.193041186833905
stream,28,,20.446766129548713,1.2067211302552723
stream,29,,19.17573082009889,1.237585685147943
stream,30,,19.318901059371736,1.2333129688207547
stream,31,,21.417086339632654,1.2738755079325654
stream,32,,23.01661961225083,1.265350384807887
stream,33,,23.37105838952935,1.3996714670975032
stream,34,,21.78847804291033,1.3722797467175287
stream,35,,22.444832978157837,1.3427483074427309
stream,36,,22.74916153328756,1.3453648616265261
stream,37,,19.46986558302452,1.2470343810306335
stream,38,,19.519227919544026,1.1374732644929288
stream,39,,19.466872138762565,1.1079418742976357
stream,40,,19.918122802850093,1.0480826206201475
stream,41,,19.113502348248343,1.0858145107276063
stream,42,,16.212469542127785,1.088080173015564
stream,43,,15.577280447793125,0.9009708893290589
stream,44,,16.692125399711983,1.002044003235375
stream,45,,15.431152055116463,0.9998322479702325
stream,46,,16.46926640069618,0.8950636391448424
stream,47,,16.55272972485367,0.8457142640674946
stream,48,,15.302351427750986,0.8260298344655673
stream,49,,17.599656754983606,0.8666293566040831
stream,50,,17.84309477874223,1.0746011945897056
stream,51,,14.782143206495105,1.0270762931314963
stream,52,,13.422270420268104,1.0228815912469886
stream,53,,12.99230392002607,0.8977079362997266
stream,54,,13.869873601165487,0.8710033982002623
stream,55,,12.790128021496063,0.9223264911971866
stream,56,,12.59157354452579,0.9260931860071542
stream,57,,12.611606469429713,0.9492299161614375
stream,58,,13.146114509969426,1.02546950493024
stream,59,,13.307299969746902,1.0219024735990394
stream,60,,12.313933218983623,1.046355544031286
stream,61,,12.363288212891934,1.0081718068769567
stream,62,,11.557550945381742,0.9805400526223486
stream,63,,11.237490650085336,0.8835051285347474
stream,64,,10.091441786645031,0.7715558876915597
stream,65,,10.089394899506921,0.741412945337955
stream,66,,9.867115599692342,0.7488844757480231
stream,67,,9.76993193889256,0.7649771492826976
stream,68,,9.73235634037073,0.7613139364770075
stream,69,,8.860482144446996,0.7480011160376274
stream,70,,8.271701392119661,0.6009300973455856
stream,71,,8.112408038845688,0.5999943755405333
stream,72,,7.778264547184461,0.6051061322346276
stream,73,,9.540487252953767,0.621620237147288
stream,74,,8.215271480074492,0.6142676370530987
stream,75,,9.440253955105549,0.6240361126832249
stream,76,,9.350804595467565,0.6918254566350317
stream,77,,9.359685697780643,0.6742191689478294
stream,78,,8.741529763160793,0.597979569902742
stream,79,,8.347681701014409,0.6132031818003691
stream,80,,8.546704978556772,0.6176804771971374
stream,81,,8.562431080516484,0.6331530267844354
stream,82,,8.979263699178999,0.6517160374057112
stream,83,,9.962283905559064,0.653406984249476
stream,84,,9.946221871010907,0.6888213937598846
stream,85,,11.196160011869777,0.7389551272009324
stream,86,,9.503713301351995,0.6254656749129918
stream,87,,9.484499253660836,0.6053922343383419
stream,88,,10.007693582082636,0.6109046878231638
stream,89,,8.835778532239548,0.5541650740612928
stream,90,,9.776502022111256,0.4930181113596515
stream,91,,11.35229576324744,0.6798030469613086
stream,92,,12.790904083334542,0.6740409272591746
stream,93,,11.342002128673064,0.6600611528322999
stream,94,,11.94621699062089,0.6239741684170361
stream,95,,11.113935056480987,0.5606144030104758
stream,96,,11.16562418893279,0.5241512831225077
stream,97,,12.051218887160282,0.6153542022680709
stream,98,,12.40045322514257,0.6232523276673877
stream,99,,16.21198256251569,0.6714007855750785
stream,100,,16.30108243343349,0.7067672944420318
stream,101,,18.042109121989807,0.7083856251478433
stream,102,,18.998581286108234,0.6830902470777455
stream,103,,17.91527056754199,0.7271087053906756
stream,104,,18.65860271530641,0.7083711136468124
stream,105,,19.29515116375736,0.8413547214745349
stream,106,,18.70067329560328,0.9682109800352718
stream,107,,20.0019660845864,0.9385030330222387
stream,108,,20.999984189735123,1.1101998775814217
stream,109,,25.32179658026978,1.512822262242792
stream,110,,26.130374745634168,1.5348387318726584
stream,111,,24.572829698411404,1.424293394949079
stream,112,,24.058779162247802,1.4549834390668321
stream,113,,24.36560851066872,1.5596663343417785
stream,114,,24.466828738122636,1.555590244702862
stream,115,,24.845582155388737,1.5545436285495189
stream,116,,27.462306863644745,1.771141558111556
stream,117,,26.59988588958888,1.7113193524678905
stream,118,,26.276900578250498,1.7040685686996915
stream,119,,22.32383076928979,1.64884870681623
stream,120,,22.306014445002063,1.6005778148494718
stream,121,,21.060257484774603,1.5846461114883454
stream,122,,19.686387263887823,1.5999813982998798
stream,123,,21.161727903553366,1.6079430171216076
stream,124,,20.55837497019236,1.606564798044381
stream,125,,19.44642809162822,1.4905449996236604
stream,126,,19.65785512750144,1.4421485793714337
stream,127,,18.306552756541105,1.443412635681715
stream,128,,17.45866513462365,1.2811673466315125
stream,129,,13.609296920538522,0.9997945920766825
stream,130,,12.042349282115026,1.0458004569412416
stream,131,,12.068379014724329,0.9700096873033572
stream,132,,12.35769444546416,1.0082953069469183
stream,133,,11.779515624069878,0.9028582158268589
stream,134,,11.670303426760245,0.914411818847613
stream,135,,13.790582746993941,0.9514853867068263
stream,136,,12.332146552001088,0.9900923738978965
stream,137,,15.698485880097332,1.3428208331431144
stream,138,,16.158883032877522,1.3886849013574443
stream,139,,16.194887777573477,1.4168824884079918
stream,140,,16.255176212219816,1.4426308964572458
stream,141,,19.9971373132512,1.5121109978524043
stream,142,,20.535390322535516,1.5554897621342751
stream,143,,21.153760336876086,1.5146254500326612
stream,144,,21.06449719951618,1.530120662938367
stream,145,,20.365623495406457,1.4704315661549117
stream,146,,20.014200704081794,1.4116107349634202
stream,147,,25.38202844048273,1.5157534857627561
stream,148,,30.11623982789519,1.4948814303493685
stream,149,,29.475670167273762,1.613954828691757
stream,150,,29.47981032470405,1.5418328126804288
stream,151,,29.52739246640339,1.540600535332097
stream,152,,28.17267724497594,1.474780872265842
stream,153,,28.310297167954943,1.4557646325173477
stream,154,,28.578401743626728,1.512772661382231
stream,155,,25.703656672681497,1.510151942988524
stream,156,,24.484267356746894,1.226337535333077
stream,157,,21.554663144465593,0.8925299757701163
stream,158,,21.13215082628039,0.9060604602078449
stream,159,,22.141646139704115,0.930905037885168
stream,160,,21.950869999703386,0.9039845543076777
stream,161,,17.983676818863287,0.8339321127468359
stream,162,,17.43196896542476,0.7901007384786493
stream,163,,15.975956202286598,0.7964929185966098
stream,164,,16.334908347585365,0.7572629268812727
stream,165,,17.588922255113893,0.7580702149759774
stream,166,,18.570232113728046,0.7382805953313578
stream,167,,14.694393494055056,0.613643393428677
stream,168,,9.376456427450005,0.6453389884841161
stream,169,,11.869127166488196,0.48081887106298704
stream,170,,11.942021899877425,0.5325089029395585
stream,171,,12.445874686800567,0.5319968021825002
stream,172,,12.909375136559225,0.5296464405747289
stream,173,,15.165258825522969,0.5633966875330436
stream,174,,14.260873249671468,0.5704528009318941
stream,175,,14.364586919947612,0.542821030508392
stream,176,,15.058137351950847,0.5409718317082548
stream,177,,15.031540338606328,0.48414848583253256
stream,178,,15.623375036210078,0.5168339100212807
stream,179,,14.712711116892047,0.5096800093065624
stream,180,,15.650923221764621,0.5025415653536591
stream,181,,15.358651689353186,0.5253658417776946
stream,182,,15.516192013205288,0.5258184769585889
stream,183,,14.935290439233917,0.5042486631969555
stream,184,,14.707053218656052,0.5178911028632209
stream,185,,13.412071656113628,0.5103654264286476
stream,186,,12.774042079305852,0.5141970040493057
stream,187,,11.28403869690722,0.5212278458038577
stream,188,,12.981369388141307,0.5388481518514102
stream,189,,11.371000860890083,0.4633957426316031
stream,190,,12.253904545837047,0.5611213432532444
stream,191,,12.112962710636875,0.566358034126416
stream,192,,11.783373182522315,0.5947278487915231
stream,193,,9.401543893637655,0.5586302611619561
stream,194,,9.44075343312654,0.4824922311107297
stream,195,,9.34012445053317,0.4835711533953272
stream,196,,10.025183722682428,0.5165652693076722
stream,197,,9.631941876510892,0.5285994762495343
stream,198,,8.939018277462592,0.4497747506261756
stream,199,,8.765417165413254,0.39573427806929734
stream,200,,8.204359805281893,0.4010955054114894
stream,201,,10.149401527899542,0.5285681894887113
stream,202,,13.251791110748808,0.9059319795771148
stream,203,,14.199606542115772,1.1812680736012335
stream,204,,15.198856553050357,1.1671245019689012
stream,205,,15.791519531629406,1.292743701953598
stream,206,,15.410206475385186,1.3314209257304264
stream,207,,16.462452799638907,1.4005055143252505
stream,208,,14.662919880892042,1.3741401693568263
stream,209,,14.559541120294965,1.4087056363597457
stream,210,,13.58173752565695,1.3109800816288173
stream,211,,13.17103283993223,1.3051453408610734
stream,212,,14.905025821203903,1.395419524846142
stream,213,,14.858761389974898,1.482408629843426
stream,214,,14.808219425131753,1.4825148799529388
stream,215,,14.788855555588524,1.4743848548604472
stream,216,,13.385584659421754,1.4363794119962812
stream,217,,13.733689713707774,1.4685889895740054
stream,218,,13.857173949509544,1.463879166158436
stream,219,,13.930159877467629,1.4842309540362797
stream,220,,13.630249920887739,1.4721217373978013
stream,221,,12.588749269696427,1.3349934444665557
stream,222,,9.507490609387558,1.0111257506290952
stream,223,,15.361731753796386,1.0559327460594972
stream,224,,14.299606343363452,1.2287190701127768
stream,225,,13.73566845352923,1.113830312307761
stream,226,,14.672664150228437,1.1164196415844658
stream,227,,15.74864866591204,1.2665016309667692
stream,228,,17.09858022999416,1.5020290132027194
stream,229,,16.36520974272044,1.4768998154131245
stream,230,,16.96013306528446,1.4315206259226554
stream,231,,17.066581113026654,1.441312309790928
stream,232,,15.314587235937813,1.3280241029573403
stream,233,,16.12159247244995,1.2916603296885747
stream,234,,16.13925814316751,1.3112993311355716
stream,235,,16.37170885645863,1.3191037760528308
stream,236,,16.53576062307453,1.3138000629630675
stream,237,,18.778252341858853,1.3234666755313227
stream,238,,22.544036959633885,1.311947359936481
stream,239,,22.93753340864206,1.3464856845324344
stream,240,,22.712974427842454,1.3620444177323872
stream,241,,22.670192423689983,1.3798813245062382
stream,242,,23.181336553727494,1.312142799978675
stream,243,,16.398673350326522,1.0009131846859058
stream,244,,16.287855073060335,0.8295385035045366
stream,245,,16.576077586370733,0.8285948829079522
stream,246,,16.81976403712213,0.7976164803741439
stream,247,,14.692887119328406,0.6231624176185918
stream,248,,19.201058758816533,0.5871184490928908
stream,249,,19.625108764558625,0.6821123876050573
stream,250,,22.22564912950913,0.7295010379230026
stream,251,,22.449192896632727,0.7803805126545669
stream,252,,23.384602494004092,0.7810957765050097
stream,253,,25.71045346037161,0.7626575957629502
stream,254,,25.688335693805744,0.8698748498624886
stream,255,,25.456474923326276,0.8626588841859214
stream,256,,28.011830625434158,0.979306017997327
stream,257,,24.942938230905295,1.031480018621606
stream,258,,22.032876934343136,1.06291960880607
stream,259,,21.709609700578515,1.0151028157783912
stream,260,,22.3347193244833,1.0520650018111541
stream,261,,21.662078905534088,1.025584352488901
stream,262,,24.2064811788023,1.173907023407262
stream,263,,24.159895191605436,1.296970823484012
stream,264,,25.78803284856038,1.3802200695769453
stream,265,,28.951641884548934,1.3881251944287067
stream,266,,28.113897270543095,1.4364183211527992
stream,267,,28.48366771939759,1.38396600331849
stream,268,,24.25878878408985,1.1850463368508195
stream,269,,24.378354037010723,1.0832723914028486
stream,270,,21.217401043194045,1.0342736078547248
stream,271,,21.408072208012513,0.9742004988989034
stream,272,,20.40366804870658,1.0152534643984599
stream,273,,17.306691427980276,0.98692196487698
stream,274,,22.34659821312423,1.0096255713685938
stream,275,,22.73281273561362,1.332087689679917
stream,276,,20.089458922952158,1.2534730760778239
stream,277,,20.67050867953329,1.1570634323545035
stream,278,,22.840015027454058,1.1540404468213223
stream,279,,24.486539598119474,1.1540404298912652
stream,280,,23.88257708733228,1.1741808265313498
stream,281,,25.49618444860975,1.2580596365175452
stream,282,,26.433287160304676,1.5324746260017048
stream,283,,26.438628451630006,1.5502078364373109
stream,284,,25.330105757320148,1.4911610773253918
stream,285,,23.925653511397826,1.493651129674846
stream,286,,24.58530891304683,1.436873097077836
stream,287,,24.212234015982734,1.467347397289194
stream,288,,24.8723354164933,1.529258670827496
stream,289,,24.352192124924503,1.5579165387102927
stream,290,,24.257102035802106,1.5859733433243766
stream,291,,23.89943911025108,1.6046876299539476
stream,292,,25.869106817196325,1.5905914559039125
stream,293,,25.95323663133756,1.7198328693451215
stream,294,,21.471749886742078,1.5736434283078113
stream,295,,22.030773328436982,1.3613338534511832
stream,296,,22.6035833969553,1.4352794420173216
stream,297,,23.805620889346525,1.6207311380911233
stream,298,,20.877210731823293,1.623754050849666
stream,299,,19.337107693616996,1.6497792450442823
stream,300,,19.429158365199005,1.5748497358989095
stream,301,,19.985007125746595,1.5320294036144315
stream,302,,15.958789364579484,1.1618983980771787
stream,303,,15.992595929794224,1.0332256815161334
stream,304,,15.506150435335018,1.018277591961883
stream,305,,14.336077658241063,1.0170135345559517
stream,306,,14.682489198010495,1.1877873522906333
stream,307,,14.71428042678787,1.2180951184573712
stream,308,,12.60221268855993,1.1354928003314493
stream,309,,12.417329034535227,1.1127093619379773
stream,310,,12.278824237759691,1.0826751240955887
stream,311,,12.139448931712135,1.0669473422116351
stream,312,,10.132650547736702,1.0385980572960891
stream,313,,10.08158095533063,0.9062510497780147
stream,314,,10.602179773817028,0.9201374961500053
stream,315,,10.826839073706765,0.9764895141510616
stream,316,,13.490845017373715,1.1728774039641454
stream,317,,14.0338497528832,0.9829246219352983
stream,318,,13.812816164573047,1.0663115233425173
stream,319,,14.378280992230023,1.0596700831703192
stream,320,,16.677292567377286,1.0725370018118296
stream,321,,14.779710472162266,1.063552260637941
stream,322,,14.85937226716775,1.084342655791252
stream,323,,14.81234552300948,1.0710855132484434
stream,324,,17.838055646520004,1.1740834938547984
stream,325,,16.89734215931159,1.2807847551169362
stream,326,,15.800023071155312,1.1093718015160359
stream,327,,16.319779155284124,1.0487006464306747
stream,328,,16.304344210899917,1.047733183237781
stream,329,,16.416452274800353,1.0659251712399864
stream,330,,18.710787654286687,1.1855443001538557
stream,331,,19.168519624170223,1.2145348532187559
stream,332,,19.697468662936092,1.209266431043359
stream,333,,19.625400941458285,1.2462966480844333
stream,334,,19.150251207416375,1.244066744945835
stream,335,,20.000449414561526,1.0900975334031802
stream,336,,17.754188067661804,1.0192173597719527
stream,337,,16.627353665802126,1.1867221211365817
stream,338,,17.699369538319615,1.0718513395671856
stream,339,,16.943604985122036,1.1132355908911638
stream,340,,14.54141462916468,1.0995931460381065
stream,341,,14.936896367548911,1.104115429299306
stream,342,,14.935021421872753,1.041853788422016
stream,343,,14.954217624182526,1.038713921196912
stream,344,,12.013912408774736,0.9255510279582246
stream,345,,12.243343208881177,0.8332030638577648
stream,346,,12.05014231104514,0.8289051285239727
stream,347,,11.71815696681428,0.8534384681326851
stream,348,,12.620562222482864,0.9406764680679782
stream,349,,12.804596971928751,1.0061941383568709
stream,350,,11.089104847895264,0.8840340679798993
stream,351,,10.941128802496104,0.8510657200329359
stream,352,,10.474425740915017,0.8821831670889189
stream,353,,10.783189701089569,0.8720462040507381
stream,354,,11.811519337629552,0.8766582696023109
stream,355,,10.018341473514841,0.8877703523575412
stream,356,,9.223142536813388,0.711479000206346
stream,357,,8.067520411203772,0.5457438154120833
stream,358,,9.496078648062042,0.611285494549971
stream,359,,10.044514086179001,0.5620697255097697
stream,360,,10.022391148183846,0.5866031012673952
stream,361,,11.350955686150993,0.6165113408880982
stream,362,,11.154973893934025,0.7061647664656077
stream,363,,11.199735678369107,0.7061647797408506
stream,364,,11.51086494515407,0.7365282423687428
stream,365,,11.604248300483906,0.7742861868203952
stream,366,,11.790343057950292,0.774153088607789
stream,367,,11.84051775256994,0.7494373686763511
stream,368,,10.801532117568467,0.6737655684423514
stream,369,,10.606445492548797,0.591350594749377
stream,370,,10.184247439912415,0.5921261156807085
stream,371,,9.865874712604127,0.6061617734907483
stream,372,,9.817134453704748,0.5746319219799969
stream,373,,12.550775409064855,0.6737892847846153
stream,374,,15.255951590888483,0.6613366327436383
stream,375,,15.032519289383579,0.7991767739070708
stream,376,,17.780837451600693,0.8650351765289641
stream,377,,18.828333987462287,0.8844189432968532
stream,378,,16.566815210456667,0.8251892991956746
stream,379,,17.101141001764177,0.8211662941999096
stream,380,,17.517203668782603,0.7994622553433051
stream,381,,15.39908637593696,0.728298081462035
stream,382,,20.43031421688117,0.7691548763239305
stream,383,,20.70216777982753,0.8811153018937474
stream,384,,20.932483129617076,0.8524014479903633
stream,385,,23.551042320650755,0.8069910724577138
stream,386,,23.62195885878294,0.8489351779604672
stream,387,,24.71741221496064,0.8642704406500604
stream,388,,27.46176834268062,0.8607929292359265
stream,389,,28.282067417377935,0.8666367141897238
stream,390,,28.336059111502724,0.8756529172504689
stream,391,,29.42538274810678,0.8771634306506096
stream,392,,33.1846201688422,1.2052146737261982
stream,393,,32.47238128549829,1.4933866886782665
stream,394,,28.39537195487204,1.5233294613597552
stream,395,,28.560576666321992,1.3612232855119424
stream,396,,26.42471550586828,1.2498466092614542
stream,397,,25.343165013185665,1.2590484159387665
stream,398,,28.40900589021156,1.3646684166302436
stream,399,,27.617509409300194,1.5650758891704546
stream,400,,28.47379344537906,1.5711707260844803
stream,401,,28.48317570682365,1.6029703535066313
stream,402,,25.043476212161238,1.4923302969276826
stream,403,,25.60456349873103,1.3846425731936178
stream,404,,25.934023029149685,1.5495847971734291
stream,405,,23.691435947190634,1.5232759207425532
stream,406,,23.83094472123792,1.5668904982808667
stream,407,,23.079744577469803,1.5525131302798216
stream,408,,21.07683261545149,1.5423482011406233
stream,409,,20.140755434139745,1.5405709579977613
stream,410,,20.50171691786775,1.5414765362893226
stream,411,,19.43290670286575,1.5364885137321904
stream,412,,17.48330589044023,1.2492109582939195
stream,413,,15.53860691209001,0.987138042437891
stream,414,,15.60520138594863,1.0038526952628453
stream,415,,15.872488077651672,1.0040572551228188
stream,416,,15.053071011877886,0.9914453134579115
stream,417,,16.455922933292968,0.9768702211357726
stream,418,,14.823813609065713,0.8649825480854604
stream,419,,15.238129370144218,0.6552762412313045
stream,420,,13.99736883063567,0.6583980278558652
stream,421,,14.815945446042289,0.6439251092821292
stream,422,,13.321387391222324,0.6816188133759234
stream,423,,12.492205467164093,0.6727894102270588
stream,424,,12.285888124137534,0.5617622144749106
stream,425,,13.545380230769782,0.5722390845013343
stream,426,,14.242556428753698,0.4907565053955786
stream,427,,14.539438441328263,0.48987007560475115
stream,428,,13.78681503440957,0.5163993872696081
stream,429,,17.133140706302154,0.5974423727298149
stream,430,,18.274596313866127,0.5997885686008587
stream,431,,18.499805166485373,0.6094521312054298
stream,432,,16.827319046367222,0.568808516771141
stream,433,,16.695887494666536,0.4156565369124235
stream,434,,16.44903849258789,0.3675748716858564
stream,435,,16.77173444591581,0.37373629199335784
stream,436,,20.144230826985805,0.4114457657294444
stream,437,,18.892042284598837,0.6111440236543451
stream,438,,17.224873466378504,0.6167344818555341
stream,439,,16.504809144237854,0.6114767881821309
stream,440,,17.032031621585325,0.6352572336213012
stream,441,,16.555453593048828,0.6167220632794669
stream,442,,17.5359871519126,0.5547411753038825
stream,443,,17.47895405014431,0.5854978436772498
stream,444,,16.90974688069109,0.5406305142699875
stream,445,,15.333699563566384,0.5822747110037921
stream,446,,14.096130172125882,0.5888085903147109
stream,447,,13.30465855864262,0.5922737602095143
stream,448,,13.887034544970621,0.6180858567994493
stream,449,,10.508169453350366,0.542450396551813
stream,450,,8.984486445213818,0.532761177314541
stream,451,,11.425163306372049,0.6759767107504402
stream,452,,11.30882196073955,0.7383054986367608
stream,453,,11.928034142304533,0.7790791862740786
stream,454,,12.302208382602132,0.7745542445697348
stream,455,,12.941703732016245,0.9179526168912842
stream,456,,9.495314624159484,0.9418374756411887
stream,457,,9.341182038763723,0.7211014223592104
stream,458,,11.6586764143348,0.8052580898852415
stream,459,,11.686684414005352,0.8495859864150532
stream,460,,15.926317584213793,1.0242193241256985
stream,461,,15.599746687437648,1.1480907666669282
stream,462,,16.673334557938972,1.2701206359991344
stream,463,,17.29136540310465,1.2555534010725682
stream,464,,17.25915209511151,1.2983732545067443
stream,465,,18.471129937584077,1.357486476823634
stream,466,,20.409062865840333,1.6170881769470087
stream,467,,20.362795911299237,1.7281274595681113
stream,468,,19.95097957235277,1.6874269964731314
stream,469,,20.042564082286532,1.6831312498667397
stream,470,,19.913844279924145,1.6803750203427887
stream,471,,17.168448145746513,1.524634327787582
stream,472,,17.227222881258548,1.4688272913004534
stream,473,,16.447057594091316,1.4383686240443663
stream,474,,16.005019327632485,1.4387191422983074
stream,475,,15.029922765659112,1.3105785485441261
stream,476,,14.975108382189152,1.2590659713320087
stream,477,,15.112104655681062,1.2676379798170028
stream,478,,12.77896897046673,1.1859526747075606
stream,479,,13.681186171067942,1.1796112910947292
stream,480,,9.909510751296597,0.968758306818489
stream,481,,9.870556242398983,0.8988369233175569
stream,482,,7.8197159763489,0.7689957772303206
stream,483,,7.183796396752369,0.7537976296200584
stream,484,,9.298917430320733,0.7537975378156014
stream,485,,7.743910204888826,0.7508967226628569
stream,486,,7.244207002090834,0.51007376365328
stream,487,,7.281778697766957,0.4202135331423247
stream,488,,9.47516374688374,0.4495614313680915
stream,489,,9.607132137805444,0.46680351751733457
stream,490,,10.602384626601186,0.5303407420729694
stream,491,,11.102393312304672,0.5284728444331454
stream,492,,11.147126171145066,0.5615743660748267
stream,493,,11.244949059688244,0.5521063283740992
stream,494,,13.094435421657742,0.6669691937821455
stream,495,,13.291498303421271,0.6551582236932663
stream,496,,13.422825674336726,0.647315925082724
stream,497,,13.309214042180335,0.6440016243914393
stream,498,,13.679492977098581,0.6432324356498335
stream,499,,19.40710840853177,0.7652573924173018
stream,500,,18.764280341082365,0.8908859628552392
stream,501,,18.945886062553164,0.8869051975704348
stream,502,,19.342256584174322,0.9298734232863685
stream,503,,22.506932499968414,0.9899464855534843
stream,504,,21.7663802560449,0.9453535901939026
stream,505,,22.268005790704613,0.9470395693774685
stream,506,,21.17500801537286,0.9170322475699766
stream,507,,21.3026802720471,0.8921056983805495
stream,508,,18.951013976033575,0.8651960234093498
stream,509,,19.617085267768854,0.8852063827113882
stream,510,,18.565061128190006,0.8568975868863744
stream,511,,18.48194109402925,0.8590910458545317
stream,512,,19.524145524100003,0.827489907504283
stream,513,,20.568081312273065,1.0030975691886268
stream,514,,18.707695678300002,0.921155460159429
stream,515,,18.09053451828037,0.9124719772042197
stream,516,,18.852434776518074,0.9452007832375908
stream,517,,18.822200155294443,0.9649537239113698
stream,518,,18.994095722700735,0.9786545248254735
stream,519,,14.65424668664859,0.843653735457701
stream,520,,14.556357395050307,0.7559276535742239
stream,521,,15.57890125012824,0.7190140032702272
stream,522,,15.195872371020748,0.6999629729511605
stream,523,,12.938062803607599,0.6586042040786422
stream,524,,13.797623586757942,0.6666102095805003
stream,525,,13.381410474850382,0.5973592068411174
stream,526,,13.864256907746983,0.6105131359527494
stream,527,,13.782910820810626,0.6673365338197536
stream,528,,13.873451897381514,0.6532573611056494
stream,529,,13.245518710515173,0.6229112064013266
stream,530,,14.298185382869578,0.6763989063609042
stream,531,,15.60888793782093,0.8712903341717759
stream,532,,14.584391682294418,0.9637414146862792
stream,533,,13.77267602918968,0.8393177838060268
stream,534,,16.169175497923046,0.8402716190120447
stream,535,,16.528146949781885,1.0134753210735443
stream,536,,15.667648735376252,0.9965265728440604
stream,537,,17.38082159855976,1.031767109780625
stream,538,,16.8355975424968,1.0808164564081175
stream,539,,14.625605649316501,1.0614405957353685
stream,540,,15.441205577152802,1.0420335761292703
stream,541,,16.41061868410524,1.044111176716848
stream,542,,18.206125954319667,1.0209744222404131
stream,543,,17.703811908930792,1.0190766318697604
stream,544,,15.739185797526886,1.0018197635123531
stream,545,,15.622072682836546,0.9719172907015996
stream,546,,14.814122182380967,0.9591122411638258
stream,547,,15.184137680442955,0.9153047358142535
stream,548,,16.02335330545841,1.0209958974176176
stream,549,,15.848975114098446,1.0735298747448587
stream,550,,16.15188794738887,1.0658552793466738
stream,551,,17.07381263933805,0.8744213457842255
stream,552,,18.534977506946472,1.111940072871935
stream,553,,18.573298420693643,1.199706976155517
stream,554,,16.178611090320437,1.179271633311011
stream,555,,15.91988354571768,1.0130987539066079
stream,556,,16.538645061664532,1.0027032284847257
stream,557,,16.133723462217585,0.9441903661484481
stream,558,,16.32845519329341,0.8938928423090222
stream,559,,18.009391731952434,0.9167190239281885
stream,560,,19.76954257306462,0.8995273035126211
stream,561,,19.40002903971576,0.8863098596142683
stream,562,,19.237059481107153,0.8852106697252455
stream,563,,19.785396283825104,1.06252924770384
stream,564,,19.554262821972497,1.1521701237662625
stream,565,,19.98226176136719,1.1431599530521817
stream,566,,20.114338348410968,1.1431599455199675
stream,567,,19.61726808713274,1.1344545974427047
stream,568,,19.20283978165425,1.0552927530295868
stream,569,,19.32262954356614,0.9803632895557919
stream,570,,18.033829249628575,0.9168259031989484
stream,571,,15.421141542792263,0.9052384038802287
stream,572,,17.49510309855164,0.7378175056838041
stream,573,,17.281892887272598,0.8090026475282204
stream,574,,17.563233442080417,0.8389231555268466
stream,575,,22.711711018526746,1.0970717198314297
stream,576,,23.738092973834988,1.1148904803757196
stream,577,,22.464148218030548,1.1879369638400585
stream,578,,22.785789870856423,1.180670590982614
stream,579,,20.97594057017898,1.158521624645157
stream,580,,18.119139526991997,1.1578315606285088
stream,581,,16.918410412460638,1.1761771788220616
stream,582,,15.281907085925102,1.2364521872451528
stream,583,,14.4617463333025,1.065453843161923
stream,584,,14.660201503905801,1.0181711502993647
stream,585,,14.589079195720823,1.0159839981545915
stream,586,,14.646735842390964,1.0536755458859157
stream,587,,19.13207573514137,1.27241265915545
stream,588,,18.605312042874342,1.427047362078437
stream,589,,20.056229993088344,1.4848034211129353
stream,590,,20.015964495159356,1.5243514481241953
stream,591,,19.994587288055175,1.525628086868132
stream,592,,18.815404752754773,1.431155374127922
stream,593,,18.557585746732165,1.2926352672439676
stream,594,,19.404154765734994,1.284816947796624
stream,595,,14.148676280362416,1.0455688239094607
stream,596,,14.412231198493298,1.0795207262900879
stream,597,,18.49525325385666,1.0221433772453554
stream,598,,17.990300845740336,1.162726181766272
stream,599,0.9727655713216714,19.923816559115636,1.2325964858790097
stream,600,0.9731847194150047,20.063953153056232,1.2807810549596021
stream,601,0.9736717000135872,19.42721016922604,1.2608416685974186
stream,602,0.9737803890780864,22.45692359168476,1.3571302493966861
stream,603,0.9737502012369922,22.46087510335872,1.4091005539706876
stream,604,0.9735153619080645,23.070983513805878,1.3833337977478808
stream,605,0.9732564694367114,23.778568685923947,1.383051463966034
stream,606,0.9731479806152253,23.81362744334852,1.423675496043669
stream,607,0.9729592141296167,19.511688023693978,1.200694382040178
stream,608,0.9723604484566863,20.86972057409073,1.1252215235303087
stream,609,0.9722845539679353,20.272991247765603,1.2282649513671167
stream,610,0.9725197744159557,20.531455696984402,1.17905090797555
stream,611,0.9725759046418395,21.33861827454985,1.2478851798242514
stream,612,0.9722162232153639,18.840416169540536,1.1927405472678796
stream,613,0.9717715655617833,19.098067205464396,1.148173180706037
stream,614,0.9716193197503572,18.161886435135784,1.1109774794828007
stream,615,0.9713123170409204,18.285562597820096,1.1095611644791374
stream,616,0.9708644392953358,16.509252495689655,1.0764743685494718
stream,617,0.9707528378938334,12.970400710048295,1.0640625816666003
stream,618,0.9707241179200571,12.989510580063218,0.9244773627942731
stream,619,0.971077052968046,12.597717713049985,0.8908038221167716
stream,620,0.9714495821516363,12.938257888777827,0.8471792259253231
stream,621,0.9711723370261071,12.927727650205707,0.8541498090993169
stream,622,0.9712537549531883,9.762734554574969,0.700163593786411
stream,623,0.9713156161446244,9.8039562590403,0.6263521175491341
stream,624,0.971581732209717,8.942588236797647,0.6098162745788067
stream,625,0.9724862255644628,8.118315395027034,0.6098828264201422
stream,626,0.9733321137521173,8.262931634235668,0.5763704498363466
stream,627,0.9739757680751547,8.730341430456502,0.5835568337848147
stream,628,0.9748684310030407,7.449207225445743,0.4876574014022949
stream,629,0.9758989892452967,6.583764170538797,0.3273434137796298
stream,630,0.9766556339697853,6.625500597295988,0.3189945848104971
stream,631,0.9771062117941374,6.382445777778954,0.25064581917135076
stream,632,0.977528114552694,6.414629782671741,0.2620014771963297
stream,633,0.9780090229202741,6.229322889203909,0.24225811742389972
stream,634,0.9784473753814374,6.05568292393989,0.24215022815535361
stream,635,0.979150396008475,8.247669909854645,0.29517037165645515
stream,636,0.9798717826162663,8.34165362231756,0.3005033141127841
stream,637,0.9803205441820712,7.884633351606296,0.32546108891992925
stream,638,0.9806189203821697,10.464047442825848,0.366784315738101
stream,639,0.980844919693812,8.89834967740759,0.44691296581823053
stream,640,0.9809092290765243,8.641054593819895,0.4541785112106098
stream,641,0.9810705237498969,8.797532984141235,0.4808257147109441
stream,642,0.9814734983387583,9.870108126521998,0.4913721220577295
stream,643,0.9818087157415606,10.362267384261347,0.6191372730608062
stream,644,0.9820557465715971,10.223786169939421,0.6614398292140559
stream,645,0.9823105685697896,9.976799174402588,0.6618538635787494
stream,646,0.9823433989480038,10.127350350788184,0.637061487737774
stream,647,0.9823307530813022,9.936630633582102,0.6297688552954783
stream,648,0.9825411944970356,11.205139240572796,0.754666533701396
stream,649,0.982994848557185,11.020812374620366,0.8207235589191879
stream,650,0.9834035033304224,10.696029171277848,0.8206362031243064
stream,651,0.9837050831323649,10.114758276154872,0.8191928136777844
stream,652,0.9839639708498278,10.172433557085764,0.7873640508872258
stream,653,0.984172987190083,10.504046797611426,0.7793418963188296
stream,654,0.9845005903844015,12.053813967856323,0.7874719202780004
stream,655,0.9846871698595123,9.801756819548896,0.7803017817706144
stream,656,0.9847784531185907,9.566354806411212,0.746207392975337
stream,657,0.9848153003201341,10.366570112143059,0.7595170139406893
stream,658,0.9848763700270375,7.881686491635266,0.7209464302277804
stream,659,0.984928697662902,8.492327400636185,0.6035666743740051
stream,660,0.9850273826605791,10.031738635511712,0.6077854511653438
stream,661,0.985157068150669,10.593846260425028,0.5801133202612178
stream,662,0.9850346133095685,9.598168558287014,0.6251408470507627
stream,663,0.9849529625634754,10.068442305759081,0.5519122892320486
stream,664,0.984732500290173,10.355464868201368,0.5196725673334166
stream,665,0.9844827058963244,10.49824796092917,0.5547208390209072
stream,666,0.9841936966195116,10.051626017885946,0.5352160564
stream,667,0.9839289263123215,11.346679699766016,0.6148065864064957
stream,668,0.9837332693446479,10.940135267023711,0.48245962123926217
stream,669,0.9838138082028169,13.737126640224119,0.4337440588882069
stream,670,0.9838056084361467,14.590752480467783,0.4463667356585105
stream,671,0.9838975039440643,16.42345675354685,0.45267763719590953
stream,672,0.9838318884009731,16.3799532292409,0.543435162390735
stream,673,0.9837513990152996,16.051607519182205,0.5506880931511162
stream,674,0.9838346888355399,15.841542534745349,0.5710428584121987
stream,675,0.9839112384809181,16.48388109192006,0.5008553771739468
stream,676,0.983990573703541,17.691419551461845,0.5024176299139309
stream,677,0.9840893621796076,16.991559565769176,0.4703291547129028
stream,678,0.9842106234240989,17.098750503803664,0.48046679682425486
stream,679,0.9842732499699669,17.938766380888676,0.5757664529551128
stream,680,0.9843765423879883,16.32280821114828,0.6640098656169138
stream,681,0.9843970444638565,16.063931536187606,0.7046690299255884
stream,682,0.9844478243119339,16.930779483713046,0.7543738097139475
stream,683,0.9845117151655309,16.061812687592813,0.704803276612161
stream,684,0.984551003694248,16.246656575198333,0.7556827067764027
stream,685,0.9847163553160424,18.777632402636343,0.9076453763748935
stream,686,0.9847963073804537,21.586020084052773,0.9069950196856592
stream,687,0.9847272983773606,21.196638983231733,0.8380023477207096
stream,688,0.9848958582980073,23.04557352995273,0.8454516352390791
stream,689,0.9851897392492323,23.472282400927675,0.8266667747990714
stream,690,0.985433854549567,22.725755036730664,0.8791084163219728
stream,691,0.9857304792841327,24.217723361805906,0.9612062176728476
stream,692,0.985817325869328,24.19047255450116,0.9818159994008555
stream,693,0.9859907598065167,24.948979300164066,0.9955167698173655
stream,694,0.9860829867132694,23.621421239986873,1.014027017217051
stream,695,0.9860092068570891,23.288846025181623,1.0201111453869287
stream,696,0.9861677402407697,25.562509778124454,1.2452570070549815
stream,697,0.9864970290977784,28.717202570988295,1.2348833981486833
stream,698,0.9867998390287128,28.508846392536416,1.3090295030962567
stream,699,0.9869796250533894,28.82771050628888,1.2584857657618171
stream,700,0.9871055974747601,29.056092513040184,1.170242326062196
stream,701,0.9872335307455866,31.481879070665723,1.173284766099568
stream,702,0.9872509241689972,30.649771754213564,1.1266009166409336
stream,703,0.9872046765318941,30.40520093646258,1.1200649148132442
stream,704,0.9871748600969944,29.895446273774215,1.0599918163089348
stream,705,0.9872892932208964,28.355849295332767,0.9080291467104438
stream,706,0.9873127433978212,26.668613747346093,0.9092663459884117
stream,707,0.9872035987603324,25.305473705924374,0.9242144654461606
stream,708,0.9871813200970792,23.181651458557745,0.9590435161578438
stream,709,0.9871094785205685,20.19464931327236,0.9587929549254837
stream,710,0.9870382651528412,20.452603575267098,0.8949896628256174
stream,711,0.9870253192275755,17.207937566222014,0.8082461800664019
stream,712,0.9871662360212067,20.519766431774613,0.8111851296203253
stream,713,0.9872164540584288,19.78515043607494,0.9418320650083117
stream,714,0.9871017137366972,19.92959469735499,0.8955586052008591
stream,715,0.9869506139498975,19.567210903085776,0.9027781481200111
stream,716,0.9867071369358351,16.079571320454622,0.6759826777315414
stream,717,0.9862072155956647,12.968273593019614,0.677141858243861
stream,718,0.9854127498225128,13.156520092193468,0.5767908379688037
stream,719,0.9843271641981326,11.390005359244565,0.548347007709782
stream,720,0.9830162796637927,12.779458267314473,0.6137219363967045
stream,721,0.9816653709039981,14.5452429438285,0.5816001407748016
stream,722,0.9798985794056021,14.439721457572295,0.6755542592472835
stream,723,0.9779290734383578,14.952296178074375,0.7127397563278859
stream,724,0.9758664143349817,15.895098779712576,0.713052211218801
stream,725,0.9741080054891219,15.054158677005855,0.680259026571814
stream,726,0.9726435344262032,14.99878439125739,0.6886300361508302
stream,727,0.9712214705019561,15.953629140317899,0.6634060866444218
stream,728,0.9697617520990063,16.42512329938887,0.6186743948295607
stream,729,0.9682891426772378,17.70000765752423,0.6232707988177801
stream,730,0.9669275559045889,18.164809539090832,0.6227852989104645
stream,731,0.9656635686575221,20.078127789785235,0.6353816506317667
stream,732,0.9650310766719723,20.81800513558828,0.5361409485134415
stream,733,0.9652179941310757,25.882146864388645,0.3917932247721335
stream,734,0.9649874331634682,26.10462856185388,0.4850741426974934
stream,735,0.9657786281405556,29.48647219748694,0.5295265719866249
stream,736,0.9672977116101598,31.54846583596368,0.5328808557197259
stream,737,0.9685121050864985,31.297984880673678,0.589048176167303
stream,738,0.9697472722458736,32.26093772522551,0.6358131447943319
stream,739,0.9709109994839287,32.292094367790774,0.6406544131569428
stream,740,0.9724495064275833,31.348986512284664,0.5788431914958
stream,741,0.9747126245794296,26.707625914574912,0.5712203264667208
stream,742,0.9768029115113016,26.846314856903938,0.4302375902440686
stream,743,0.9784157077392458,28.325249008093333,0.42953084625735105
stream,744,0.9800382012832006,27.87514667570414,0.613522407752779
stream,745,0.9812888088842839,27.82296542840657,0.6479824366669149
stream,746,0.9822800891890443,26.782443949516512,0.6412418650467236
stream,747,0.9833285268344547,26.236281979190306,0.68975779306113
stream,748,0.9840635718130268,26.622709516437666,0.7050216151144293
stream,749,0.9840512462388334,25.20380451936904,0.7177883316040569
stream,750,0.9834248523620828,27.96894174134823,0.8856898457555975
stream,751,0.9821973685228897,26.05727176238363,0.9830653759010974
stream,752,0.9804765197548443,22.016907727364593,0.9704534110148773
stream,753,0.9784551508595026,16.88105399953226,0.963200503033488
stream,754,0.9764717179309391,16.633808586459566,0.8711819933398423
stream,755,0.9747870612929038,13.453000475143757,0.8122174258586919
stream,756,0.9726301283425567,12.704560273612532,0.91455443520092
stream,757,0.9702523627325433,12.687721248052075,0.8800752633996902
stream,758,0.9687146236900791,13.522332012833015,0.8999545738752861
stream,759,0.9666583614138323,13.495903450367722,0.974100870742847
stream,760,0.9653189695250171,14.222673595340426,1.0057801520368093
stream,761,0.9639875705708681,14.859218470023391,1.0061533770997688
stream,762,0.9632581115671007,15.402914267787654,0.9928345560937444
stream,763,0.9628738411619734,15.783751299354957,0.9765925914581823
stream,764,0.9631144115041362,15.57755613978467,0.8381843779048621
stream,765,0.9637751756199701,20.37145641082198,0.8975778997337752
stream,766,0.9641388058070407,20.253540970524117,1.0688387943827782
stream,767,0.9641894984538322,20.772484831007816,1.066927690426453
stream,768,0.9647444273055782,21.085102251099304,1.25038259913621
stream,769,0.9653803424027427,21.005636254533414,1.2857938769174713
stream,770,0.9655886404989281,17.42698245760339,1.1170059256986045
stream,771,0.9659231891950087,17.34940957541916,1.005280090786368
stream,772,0.9666631358313719,19.190654989983965,1.0562563066567865
stream,773,0.9668634222431584,19.4804112788168,1.1959242257601896
stream,774,0.9665595244919931,19.359313383974875,1.206082317019809
stream,775,0.966685083274603,20.26170318545225,1.236878652708713
stream,776,0.9668592472381711,21.421723655335363,1.1351046656107489
stream,777,0.966781725114688,21.706332140894954,1.2821114625413004
stream,778,0.9661620665178982,19.719929059713586,1.2375849584684
stream,779,0.9653187501824301,22.116733978084273,1.2016402966910151
stream,780,0.9644070145882937,21.10160818853684,1.1827077802841077
stream,781,0.9636231047768498,22.522593003306362,1.1851655441620514
stream,782,0.9627753750252688,25.496470473919526,1.193766046390925
stream,783,0.9615748795967347,23.519441448992428,1.2317371645015236
stream,784,0.9601169687351762,23.78210036972973,1.264400774120769
stream,785,0.9588309433470411,19.367765237899285,1.2391676885159706
stream,786,0.9583729064622201,20.689726379988873,1.0692831410559624
stream,787,0.958247984805845,20.50719396541807,1.203953169642771
stream,788,0.9593514854946219,21.680487763159302,1.2577861978606917
stream,789,0.9613782433955648,24.10391271957141,1.2079856974373009
stream,790,0.9636885747185981,24.577720870905864,1.2422783543824958
stream,791,0.9659436620302675,25.09930303441711,1.2436596151436208
stream,792,0.9682581184600658,27.562365218423906,1.2416501084579366
stream,793,0.9702512930603405,27.423048753882703,1.2197458409585014
stream,794,0.9719345273337282,28.344467105112937,1.215408207779078
stream,795,0.9735763969162031,31.681076638513677,1.2201804317769045
stream,796,0.9749276782768715,29.47087678242395,1.3555378093142447
stream,797,0.9761024929298744,32.86223387614201,1.2451338369582832
stream,798,0.9770231284363708,34.85981796254543,1.2309160449608207
stream,799,0.9777059135100572,33.53929434688914,1.1760621832639937
stream,800,0.9782154691396705,33.395396877990066,1.1465307198620653
stream,801,0.9786436821713177,32.05357475335203,1.2232222854349568
stream,802,0.9790119296726466,28.51253086862842,1.2216014456101552
stream,803,0.9792665018907567,28.592287561244177,1.2051013208362242
stream,804,0.9794790875369207,31.331552389867067,1.3671773911576768
stream,805,0.9796995412248137,32.42956608859793,1.6440366968789653
stream,806,0.9799054436449687,31.14183073778182,1.7242791654667307
stream,807,0.9800859926049091,31.0457868301161,1.5750313101161657
stream,808,0.9802359038615523,28.323453877103443,1.3945300983767823
stream,809,0.980364044833509,26.468543992795393,1.3961525912540416
stream,810,0.9805057874156617,27.94601456085757,1.3830633504026444
stream,811,0.9806255732581408,28.518048406946388,1.3900479174909544
stream,812,0.9807298226640322,24.204978743345567,1.384248056646955
stream,813,0.9808266411386455,25.218053897427502,1.3364874772215822
stream,814,0.9809443657360201,27.132509122765182,1.3454488485213714
stream,815,0.9810767174822165,22.751099006030852,1.4355485597467037
stream,816,0.9811955207869426,23.059518133256777,1.3427677839138652
stream,817,0.9812120647631368,23.838587964458377,1.3549335917716403
stream,818,0.9811350565169351,22.065843078000256,1.411440041335043
stream,819,0.9809591525468718,22.490498585878104,1.425893338640221
stream,820,0.9807464154091557,23.796509068665173,1.4229369638816678
stream,821,0.9805447418390802,24.090361123177377,1.3336227254995996
stream,822,0.9803844004858933,24.586570406628024,1.3265398305419456
stream,823,0.9802751147758202,26.81835904091974,1.309621346663433
stream,824,0.9802129561548811,26.688256708662664,1.0689858709053377
stream,825,0.9801519831666693,24.982811702968593,0.8146650392150669
stream,826,0.9800330209616966,26.26680356362701,0.7769991448617778
stream,827,0.9799615022598146,35.0322107550026,0.8779090932858761
stream,828,0.9798910161062949,36.253558997399146,0.9343181063468107
stream,829,0.9797433295605196,36.25288755874408,0.9353121560872387
stream,830,0.979563973681545,34.97820571205873,0.9136883995342246
stream,831,0.9793884381455817,37.74565724035413,0.9520875404323621
stream,832,0.9793046107884459,39.38540590328848,0.9161714550063134
stream,833,0.979233642438014,38.370230071870054,0.875410386253834
stream,834,0.9791068595442886,35.51386004836057,0.8599212251685369
stream,835,0.9789077628792073,35.82710639320551,0.7539982372123031
stream,836,0.9787036828973613,35.25502501579575,0.7261068392438569
stream,837,0.9785399295790396,30.97223272698035,0.6667898775481201
stream,838,0.9782245420595678,31.814724621143586,0.6184507705326612
stream,839,0.977781413216119,30.57440400472851,0.6690234589172664
stream,840,0.9774305137090793,28.933962359112787,0.6847322835075922
stream,841,0.9772420460508644,28.110926030159597,0.6967781734613818
stream,842,0.977185376920424,27.92982437311901,0.7333601979787799
stream,843,0.977160372099356,25.485546347460065,0.7605886880120613
stream,844,0.9773421076502893,22.9627441846559,0.7598797091434261
stream,845,0.977633903498243,23.017277660067336,0.7048857869561763
stream,846,0.9780351183367019,22.455621633587004,0.7030127877767388
stream,847,0.9782258870180813,13.337765197383327,0.6458917945769154
stream,848,0.9782946957382123,11.811690302619333,0.5259792924225285
stream,849,0.978328127561107,12.13930500280152,0.5559573736635094
stream,850,0.978254558324737,13.154740374057067,0.563791959173244
stream,851,0.9780878847115361,9.369271348001215,0.5548073040909638
stream,852,0.9778536350924164,10.382349400042786,0.6207206314245305
stream,853,0.9776634022682271,10.21134715647021,0.700425773702706
stream,854,0.9776820489995695,10.280730906413064,0.7019926797028093
stream,855,0.9779143294428072,9.911405925598935,0.6827676883489515
stream,856,0.9778078921267616,11.960320528654117,0.7176823399585934
stream,857,0.9778552548201569,11.833625971274186,0.7534646780903993
stream,858,0.9780216031354121,13.566965600305183,0.8158016616226842
stream,859,0.9783182024359502,14.196246332312203,0.7545376848567317
stream,860,0.9784995712090306,14.191115335706877,0.7538944498391473
stream,861,0.9785756489586642,16.322989361247792,0.793356299788832
stream,862,0.9786604325660269,16.73726526304886,0.7739684142878084
stream,863,0.9787100613885317,19.838378019917975,0.7519903827447284
stream,864,0.9787980959093421,19.451254533473904,0.8194193385201851
stream,865,0.9788448366989684,19.45884291875559,0.7960647757330822
stream,866,0.9788872553449278,18.921015081702706,0.7517675844983379
stream,867,0.9789167758462973,20.241110206916343,0.7669073626012061
stream,868,0.9790397403240563,21.641308682814184,0.9626353071762732
stream,869,0.9791655577340576,21.09974214687691,1.0753274264008825
stream,870,0.9792580688764266,20.717378592461895,1.1853945772213006
stream,871,0.9793094811700543,20.693521791980704,1.1782487958580852
stream,872,0.9793196541386485,18.039604220273993,1.102217065790641
stream,873,0.9793212051750075,18.040528692462097,0.9951460130623754
stream,874,0.9793940525234704,17.968459962382823,0.994064607239088
stream,875,0.9793461786556997,18.999591306467288,1.026552367368629
stream,876,0.9792385483656626,17.214897796534387,0.9803385040399764
stream,877,0.9791360611306811,17.864912550597218,0.9349771969353456
stream,878,0.9791101598522102,16.021088431688195,0.8567330817638515
stream,879,0.9790904766643197,16.27777751454485,0.8432963172122516
stream,880,0.9790677702334966,16.334553948039773,0.8487038705591252
stream,881,0.9790665119823816,15.835379224546097,0.8347053348154561
stream,882,0.9790079192624334,16.78443559286794,0.8177697036834837
stream,883,0.9789779636821809,13.799928582807476,0.915754928267192
stream,884,0.9789861085900385,13.586229757695458,0.8721716665733245
stream,885,0.9790429296477878,13.512530645099897,0.8572392237360615
stream,886,0.9791397152413464,15.225240260296871,0.9154471264463042
stream,887,0.9792316621938798,13.8859105053745,0.979227459780246
stream,888,0.9792877304596201,12.579474552182575,0.8125725753606474
stream,889,0.9793363332068576,12.630580354917157,0.6646339646303618
stream,890,0.9794108241211129,11.738485031392608,0.6007806408637903
stream,891,0.9793693031776816,14.836695411958798,0.7553193742805161
stream,892,0.9792413767484021,17.712897040703584,0.7552131278300984
stream,893,0.979026169527851,17.97314245019356,0.9446269469051916
stream,894,0.978877204101188,18.64774581037651,0.9478842859216895
stream,895,0.9787308760169546,18.197053160790492,0.9153965209678426
stream,896,0.9786502600925524,18.095572817180212,0.9490821119940087
stream,897,0.9783924111061703,17.420518484836045,0.9518731176750408
stream,898,0.9780210403814031,16.742550488963523,0.9565024072808673
stream,899,0.9778549296937036,17.574685419398065,0.9857444477421071
stream,900,0.9777202808884665,17.474750407157366,1.0280326674102902
stream,901,0.9782321200201822,1481.6530541645689,353.4967393055194
stream,902,0.9785177497840456,22919.091397237964,437.642973076408
stream,903,0.9795779995325891,33094.16300668561,512.3749440030891
stream,904,0.979396264810421,34647.80801183161,649.6878036087988
stream,905,0.979824436489046,34992.61971844589,665.6311673092148
stream,906,0.9796778301815905,35005.73541050365,673.2774778595918
stream,907,0.9793383161665279,35013.597479028125,674.8157341198001
stream,908,0.9784852967130635,35060.6417299489,678.2267983744894
stream,909,0.9780764041344157,35068.34740219959,681.5245728182074
stream,910,0.9775463270527425,35077.12229795162,682.6763296592533
stream,911,0.9766237573499963,35088.77903846546,682.5194111953509
stream,912,0.9770785170378167,35123.971104594275,686.2087651760343
stream,913,0.9769978041920537,35138.02016405642,689.5479382212154
stream,914,0.9773627210262014,35137.97575314609,690.3449770704171
stream,915,0.9779936704236296,35137.51552061043,690.3496701268555
stream,916,0.9791827243307015,35158.38781651047,690.9828981203557
stream,917,0.9797344030942129,35171.33210876201,693.4117637706274
stream,918,0.9800165595762597,35171.212367696186,693.9848531951283
stream,919,0.9798098709426144,35169.23374076031,693.9885795403268
stream,920,0.9790846278126818,35172.075863287944,694.0314219912972
stream,921,0.9779478552894012,33706.14843572554,341.5915792146782
stream,922,0.9754951160778953,12291.84255628351,258.3679184818343
stream,923,0.9730187367389829,2128.042566923571,186.12252019481443
stream,924,0.968749412016883,592.135421773722,50.82408151940493
stream,925,0.9629529411324599,251.67025821179527,35.03655975896722
stream,926,0.9580561534547767,240.02989361266347,27.905465885591493
stream,927,0.9558408344992015,266.40111204235484,26.840446581066182
stream,928,0.9552022739306513,223.87688584184505,23.92397430524072
stream,929,0.9523665556315862,273.1688209613986,24.01973342368563
stream,930,0.9247867156606273,95349.62321033016,234.14709392150795
stream,931,0.8898044243215674,95334.8640587534,284.3566170947332
stream,932,0.8568584521277942,95365.41613080597,282.79930219005763
stream,933,0.8433843318009641,95966.20515990155,289.1817082631382
stream,934,0.8271634094556573,95968.96894355038,314.0459694325233
stream,935,0.8151643433841614,95984.36185018283,315.2464634824717
stream,936,0.8062974606253324,95969.5320367288,314.6432095536861
stream,937,0.8006643699429449,95958.63193499515,312.250540682902
stream,938,0.7962585746926325,95958.46360359163,311.74863791512456
stream,939,0.7930946269990252,95959.12186830651,311.74059611185913
stream,940,0.7930970224652103,95961.24295502096,311.97973243849555
stream,941,0.7948939541847881,95962.76521537734,311.9536097850356
stream,942,0.798510918400801,95937.90009057889,311.06406463923264
stream,943,0.8029243754178914,95927.46130720859,308.47712704324385
stream,944,0.8072967482839101,95909.91070996832,306.5378999279886
stream,945,0.8099806462958555,95906.97344066483,306.40239803271743
stream,946,0.8106803842684754,95903.6391501501,305.8612249588963
stream,947,0.8108015087394205,95869.1400198389,305.2417990013853
stream,948,0.8106878565749732,95864.61402223086,304.7092205094933
stream,949,0.810123159229441,95807.76779914556,301.35964844909375
stream,950,0.8094752066879787,722.1959261353957,90.03387362193577
stream,951,0.8081257608329088,722.677668249787,39.8015242669572
stream,952,0.8067840023546661,654.2388371458685,37.674081581662435
stream,953,0.8057346018650008,39.264631311017354,27.765769236323667
stream,954,0.8043211081079102,35.916140636844524,2.099427541915198
stream,955,0.8030781669717098,20.758990248534715,0.8993106043790275
stream,956,0.8020236196525661,16.46810221284217,0.9548772865452033
stream,957,0.8008925778488726,14.560947069353107,1.0443457539538334
stream,958,0.7992332665461969,15.19274040800513,0.9714700442654677
stream,959,0.7984971435322654,14.730241963139225,1.0120010183062587
stream,960,0.7974461907912486,10.115780809695782,0.7092049836142565
stream,961,0.7968419086504086,8.584641639908904,0.7047810126105848
stream,962,0.7963087676223938,8.576484443976701,0.6707968683265944
stream,963,0.79557065492585,7.648094134314733,0.6586093934691275
stream,964,0.7948047442960966,7.430168469373583,0.5759455081448734
stream,965,0.7942834367634845,6.169321590094133,0.5595484553747596
stream,966,0.7935060696673959,7.339735926292733,0.6100768859800256
stream,967,0.7932717009504774,8.321424359541856,0.7979858864044322
stream,968,0.7931296314335443,8.585592947537204,0.920623334956507
stream,969,0.7934580790049259,8.380172498753234,0.9418371155452706
stream,970,0.7938054661510452,10.407975249940293,1.0861848357436905
stream,971,0.7942470277458549,9.884817598190917,1.1924820505928135
stream,972,0.794641285886495,9.674360989215927,1.1878174734164126
stream,973,0.7954098265312178,9.968169810043344,1.1947404185566117
stream,974,0.7962354617596762,10.073241585332058,1.1957426757049796
stream,975,0.7972386897432002,10.218336158509057,1.2290925694716786
stream,976,0.798280135755273,8.411947462865115,1.1079983518164862
stream,977,0.798954097441955,11.47731492131281,1.1576624976475933
stream,978,0.7996967476033033,11.94278128279922,1.4773827508397048
stream,979,0.8001515898345957,11.882841038728246,1.430920941229276
stream,980,0.7996293571873586,16.065770261904873,1.6431644978293654
stream,981,0.7991843236305444,19.464963923265586,2.198290339207473
stream,982,0.798420452491515,19.539019063309922,2.3874460998273066
stream,983,0.7970917971605044,19.375943631680958,2.3719735500219548
stream,984,0.7949719962398343,19.394175785539673,2.3576024402564215
stream,985,0.792633632733889,19.626897879528578,2.368591890223658
stream,986,0.7904283816048687,19.687510790380017,2.3871875554413973
stream,987,0.7885855863492541,18.7837355969217,2.2159554101807126
stream,988,0.7859501941378335,19.483125381521123,2.1588595873358276
stream,989,0.7827234232966175,19.615200357786918,2.0971494747254256
stream,990,0.7793841159102578,17.559973617666635,1.966502599590442
stream,991,0.7753774755522775,17.690407482565522,1.8724624490326751
stream,992,0.7712803286322573,17.69485571318119,1.8768808827874548
stream,993,0.7672658269388125,17.34034677928054,1.8759594228153456
stream,994,0.7635371884499763,17.222511241512308,1.878309802291455
stream,995,0.7601206135264935,16.81407720289127,1.8393694508855989
stream,996,0.7574007163328679,18.76581138485718,1.8690696880944482
stream,997,0.7541639888060014,15.811727159583484,1.8271802654032163
stream,998,0.7510654727729001,14.952862170962474,1.5049543632916367
stream,999,0.7474437490863274,14.822658463186285,1.4902691610832504
stream,1000,0.743560293017363,10.354689408732959,1.2360815039902637
stream,1001,0.7404848519546098,7.652064008978993,0.6871607111135565
stream,1002,0.7380328327411672,7.519764493704048,0.5431031225260172
stream,1003,0.7349719394818947,8.648855707348226,0.5874002323539741
stream,1004,0.7316072669187055,8.891891824832026,0.5920566032977315
stream,1005,0.7280895283924601,8.583593357427825,0.5787973404473129
stream,1006,0.7245687933402613,7.58226734126308,0.4940282159206675
stream,1007,0.7212311539180716,7.557816285098431,0.4968988765461635
stream,1008,0.7180245247942301,6.598699424928007,0.44763075164966226
stream,1009,0.7151294352969143,7.101374633925762,0.46612322318460797
stream,1010,0.7121605537299266,7.941911142859306,0.6121546173286382
stream,1011,0.7093913429600182,7.840869091721392,0.6140523777036567
stream,1012,0.7065432092709362,7.84242809446948,0.6124775040449205
stream,1013,0.7043761896360898,7.779223236650512,0.6023999204619617
stream,1014,0.7026414906578873,7.896291585829275,0.5997910386227374
stream,1015,0.7011802845637023,7.858928418662247,0.6008220359103162
stream,1016,0.6999841762046924,6.05855577825465,0.5664618997343346
stream,1017,0.6987097985043539,6.055300359981954,0.4681761067584016
stream,1018,0.6976648859530172,5.893522392399724,0.4836486259223558
stream,1019,0.6965149035790412,6.7817632664789285,0.5300855027881209
stream,1020,0.695673046789582,6.726866111270581,0.5668006149869816
stream,1021,0.6952120921211606,6.277174210659796,0.5313191286959457
stream,1022,0.6946789054418816,6.280088598333225,0.5007774613457088
stream,1023,0.6948104540031889,5.310903260288066,0.4687793570824542
stream,1024,0.6948641849920387,5.2912316081508575,0.49805582589081315
stream,1025,0.6945823972964316,5.237151340485791,0.5034655362734665
stream,1026,0.6935528057949927,7.066197280273929,0.5538534797588671
stream,1027,0.6933917660047945,10.361999702166104,0.884067531681634
stream,1028,0.6934264644687208,10.273195178819076,1.0043026218341442
stream,1029,0.6932645457253064,9.712080660929285,0.9998704718485116
stream,1030,0.6935404558513059,9.725358563578332,0.9215049550942936
stream,1031,0.6934762339626426,10.056058389814657,1.0078838449942227
stream,1032,0.6933519127636437,10.056097427454187,1.024853725978625
stream,1033,0.6935738800533724,10.555785331823406,1.0320697086177417
stream,1034,0.693809013577356,10.423515022954364,1.0504517463304806
stream,1035,0.693834983312543,10.45829169566872,1.0498536920427624
stream,1036,0.6936004629417455,10.741699359326798,1.0900670192748236
stream,1037,0.6935426898761438,10.477691197519798,1.0648743230889204
stream,1038,0.6932144275541904,10.8213447830228,1.07147272358137
stream,1039,0.6928106764623128,9.924063976685696,1.035818840607324
stream,1040,0.6923834550749356,9.902567839020827,0.9986896859598514
stream,1041,0.6919869456992985,9.726418831575359,1.00023441890039
stream,1042,0.6914089240543531,10.160801270743473,1.0289410644441919
stream,1043,0.691097237181637,10.584590607701104,1.099422057067019
stream,1044,0.6906550286089336,10.382469187771115,1.1159371193186989
stream,1045,0.690564982384738,10.597205066634444,1.1233341118231321
stream,1046,0.6899662988415075,9.42893315084338,1.1427340145833562
stream,1047,0.6888519700666029,7.586870367051375,0.7875800081931682
stream,1048,0.6881119012171191,8.341944467035265,0.7993763453535598
stream,1049,0.6872803796095962,8.016904198898317,0.861119295155798
stream,1050,0.6867517745198384,7.456334347488862,0.8063997728130404
stream,1051,0.6861473116014372,7.166421826589085,0.7348903626109751
stream,1052,0.6855473770365302,7.180731315040929,0.7272190208100624
stream,1053,0.685179422936476,7.115723601909031,0.7257504006789003
stream,1054,0.6847646979600774,7.097616099218396,0.7223008309979831
stream,1055,0.6844355918208863,7.02876815988484,0.7217775195921785
stream,1056,0.6838178009525455,6.679578714330425,0.6959416086145348
stream,1057,0.682837860054066,7.294644513043554,0.6862739276070393
stream,1058,0.6820977765385541,7.127538770001123,0.7173964921806353
stream,1059,0.6816136976911324,7.382514611893507,0.7025138123694054
stream,1060,0.6811283226664047,7.395990586330107,0.7148864195074622
stream,1061,0.680757435049538,7.934247854539753,0.7286383777944783
stream,1062,0.680225383735051,7.549851879281541,0.7323463987478486
stream,1063,0.6796006685008369,6.86293953324246,0.6557927212640017
stream,1064,0.6785087517955865,7.253940709988344,0.632927321020599
stream,1065,0.6774840204196914,7.024311425488307,0.6280187040308756
stream,1066,0.6767016216231474,6.135233023897956,0.5411183280443641
stream,1067,0.6753824223694601,6.524561363908772,0.6354060377588655
stream,1068,0.6743707024253763,5.804976070069301,0.5810797208690532
stream,1069,0.6731625866402108,5.909589409086768,0.5256569413589429
stream,1070,0.6718878674909171,5.757558285045928,0.4927481296904726
stream,1071,0.6709173178281214,5.831723700907362,0.4845000540454779
stream,1072,0.6698625138838624,5.90580887265301,0.49797205116841353
stream,1073,0.6690635764552317,5.691092277145929,0.5126977973538268
stream,1074,0.668651293205199,6.80662418055998,0.5122451855148079
stream,1075,0.6684329221495549,6.787870707433579,0.5611735100025228
stream,1076,0.6690419836851736,7.089153512727724,0.576384003390976
stream,1077,0.669238395225197,6.932167365184706,0.6648764762778621
stream,1078,0.6692988173676496,6.749745966959088,0.6194540381144391
stream,1079,0.6699520534041441,6.5270687171761,0.6219788499756999
stream,1080,0.6710249327909861,7.749048751819787,0.6358667111350327
stream,1081,0.6717385425066684,7.19047964751013,0.6981797733376547
stream,1082,0.6717978114366661,7.6754563373176765,0.658545562760672
stream,1083,0.6714732945585765,7.654858297410587,0.6609197457349605
stream,1084,0.6709651755229121,7.38191117979518,0.6327046670750195
stream,1085,0.6705800974573258,7.769881707953345,0.6564197953542601
stream,1086,0.6699844547673518,7.725517043275442,0.6764306466141643
stream,1087,0.6692201348772252,5.786947652050867,0.5795781873082588
stream,1088,0.6681799665543833,6.235984292594242,0.5126062309817315
stream,1089,0.6673063373290974,8.722028502031801,0.695342522091028
stream,1090,0.6662340643302308,9.000734124156768,0.923278820582004
stream,1091,0.665273855373659,9.199162963262632,0.9614803533595501
stream,1092,0.6642711032469188,9.094470325740076,0.9515203197709126
stream,1093,0.663260519232774,9.001363075810827,0.9335007952327682
stream,1094,0.6620528468113278,7.999314417419766,0.9184738034955847
stream,1095,0.6609858329197227,7.99486473731751,0.871178937554925
stream,1096,0.6598248487956959,7.496886936733919,0.8404888201504693
stream,1097,0.6588488642960715,7.439946314030365,0.7669603403263552
stream,1098,0.6575356949115877,7.440189895650513,0.7833989920887187
stream,1099,0.6562908281109237,7.415921310975773,0.7951357822652536
stream,1100,0.6552833927930567,8.16326176389898,0.8388117354805392
stream,1101,0.6544792343342735,9.343281276397049,0.9611230125124561
stream,1102,0.653843921866883,9.216135683328158,0.9584268073119669
stream,1103,0.6532502083289106,9.402619588230241,0.9887326674154489
stream,1104,0.652513515775117,9.285693805326643,1.0000943398955184
stream,1105,0.651978064457481,9.156558196747634,0.9960636412182053
stream,1106,0.6518465662995413,9.132398370988751,0.9888578432621922
stream,1107,0.651585588538815,9.130351676383066,0.9887025497011749
stream,1108,0.6509941309046521,9.002370814698795,0.9827336599635939
stream,1109,0.6503734849407113,6.326989667981875,0.7873490116218629
stream,1110,0.6497710540987419,6.298783013903329,0.5867983148116312
stream,1111,0.6489881051230425,5.998097812894056,0.5458340130036166
stream,1112,0.6481051121964809,6.074869490991405,0.5458339887421712
stream,1113,0.6470873171463193,6.592035289182368,0.5928294046184905
stream,1114,0.6459594096298114,6.486599195997643,0.6155506927390308
stream,1115,0.6448038788650494,6.7565624960284465,0.61726985934184
stream,1116,0.6435868031211175,6.792324842906913,0.6374249957634686
stream,1117,0.6423566988027359,6.533370586911378,0.6279734613544671
stream,1118,0.6410446746135622,6.457830509649971,0.6145264809580889
stream,1119,0.6398670824914146,6.546647044203833,0.6085419815250529
stream,1120,0.6387538229684567,4.880550163960437,0.5412746839065735
stream,1121,0.6380025866712953,3.8697418838624356,0.39547475888043704
stream,1122,0.6374240683997223,3.6087566408207565,0.3971460230574717
stream,1123,0.6368073189537441,3.801702071448939,0.36207943796642833
stream,1124,0.6361502909188648,3.778466051426317,0.36015406818438495
stream,1125,0.6357523163401523,3.515929432709627,0.3307652804286313
stream,1126,0.6351505910403109,4.050106770657169,0.34761874153007377
stream,1127,0.6350119031216211,8.85815681372184,0.6503115487883939
stream,1128,0.6346714023247394,11.491811929671805,1.1838344082411316
stream,1129,0.6348731724684679,12.000936633971294,1.2078836333883902
stream,1130,0.6351376341920482,11.865210927970542,1.246273090804615
stream,1131,0.6354082053245819,12.113526989711245,1.2225708642462876
stream,1132,0.635398827311165,13.987833913405002,1.224348159218789
stream,1133,0.635203677327466,13.368692589353445,1.2158007382285798
stream,1134,0.6347070302640964,13.38514930208662,1.1930129010482347
stream,1135,0.6341302721285587,13.852461390034046,1.2329693899833998
stream,1136,0.6332666169607443,13.804031547570004,1.2435043342970444
stream,1137,0.6321227337451809,14.115937570152292,1.238413354207185
stream,1138,0.6307446794172603,14.26503325362502,1.2321073772871005
stream,1139,0.6293887478117003,14.299800403929538,1.2505419373430946
stream,1140,0.6279444567376512,13.983109298414133,1.2496823532825925
stream,1141,0.6268485180409902,13.753743069818533,1.1906608487028183
stream,1142,0.6257404415740031,13.679059265631118,1.191376142842075
stream,1143,0.6245896741734962,13.785770011604752,1.2230391744651485
stream,1144,0.6234021388468295,14.681916533859578,1.2136028632468847
stream,1145,0.6220073664278009,14.779379884313027,1.2690801513371397
stream,1146,0.6204062074274124,14.74546497916618,1.2441223772911387
stream,1147,0.618788714304064,10.030898488130497,0.9452693533714449
stream,1148,0.6167010813064812,7.316445259591776,0.42219261288073734
stream,1149,0.6144988071691769,7.066707240445748,0.3870569989986529
stream,1150,0.6127253391640554,6.813480345258824,0.3235131923424209
stream,1151,0.6106622360526012,7.069223808666427,0.36255185241664006
stream,1152,0.608506904712416,5.156622606021312,0.35325052463515194
stream,1153,0.6062769790058389,5.159111887248486,0.31186835885848285
stream,1154,0.6036584559332409,5.174748282665149,0.31215068452885425
stream,1155,0.6004724178964184,7.875699826279087,0.35759127494446596
stream,1156,0.5978966053265091,10.869941278765765,0.7763487902390007
stream,1157,0.5966681388609845,10.531480863964253,0.8384478310472345
stream,1158,0.5954639161441289,10.966297617573998,0.8721748220196788
stream,1159,0.5940446084702963,10.968917262462675,0.8921394044775286
stream,1160,0.5927859708810461,11.065297375234953,0.8902236132940187
stream,1161,0.5914418825767692,11.005759086541605,0.8885740090412244
stream,1162,0.5903711267717705,11.236530979063232,0.8861874507249333
stream,1163,0.5898775662605307,10.781490948665995,0.8748943134582627
stream,1164,0.5899908465061513,10.084363015546806,0.8866767984399699
stream,1165,0.589819379081305,9.986109790667802,0.8356305245889949
stream,1166,0.5892352207154884,11.542092262295261,0.9219569780218629
stream,1167,0.589211341952279,14.947367765210139,1.3213265619673098
stream,1168,0.5887647081578866,17.769635513468877,1.737003144022316
stream,1169,0.58841087664576,17.766717087654747,1.9144670816885534
stream,1170,0.5879307506077466,17.732403903414212,1.9124132867820294
stream,1171,0.5872023184024553,17.423473935498922,1.8875483473518992
stream,1172,0.5867372439662463,17.391211850841206,1.895072380160886
stream,1173,0.5866083837382949,17.790489376257252,1.9075115332569086
stream,1174,0.5868598354346011,18.000436893415785,1.9087325959346608
stream,1175,0.586690108400362,14.627978848697,1.8410666915481508
stream,1176,0.5865942670455221,11.737996207391417,1.4245209681220865
stream,1177,0.5853423746566673,14.552408561903478,1.5070794069980695
stream,1178,0.5850715023004487,15.988940617536134,1.8237306387524288
stream,1179,0.5848347435132016,15.859337517939197,1.8603404446267828
stream,1180,0.5846153888841774,15.775417116392116,1.8613714486794082
stream,1181,0.5847099818171481,15.990697297114643,1.8724578175082818
stream,1182,0.5848073452723842,15.682891767875438,1.8852245216741337
stream,1183,0.5845889747268007,15.83014176364327,1.8640454611548205
stream,1184,0.5841523521101589,15.818863560596037,1.8530782040607603
stream,1185,0.583775325903718,15.94059540711405,1.8480587103952373
stream,1186,0.5840396828434471,16.195656193914438,1.9030894803471148
stream,1187,0.5842934607184811,12.737375675662545,1.6097962748134884
stream,1188,0.5843273162166774,9.861829618772626,1.1689478430689553
stream,1189,0.584096244992099,9.770488373486344,0.9915712510144926
stream,1190,0.5838918067605219,9.886958491676191,1.0118882395087634
stream,1191,0.5838746040593538,10.104767167461032,0.9985694354610166
stream,1192,0.5839787233887842,13.367089509373141,1.0398467303240977
stream,1193,0.5839640978783199,13.122277704594705,1.2074164275316828
stream,1194,0.5840279904939074,13.095342724131513,1.205782968979459
stream,1195,0.5838686993740347,13.018127485389332,1.196308874624768
stream,1196,0.5834826012419441,13.074038400976312,1.1691691242907427
stream,1197,0.5825886036799388,12.573519249889536,1.1591440063872083
stream,1198,0.5814119618957891,11.567858915429753,1.049527903371601
stream,1199,0.580137939138119,12.030212397811507,1.08254798823789
stream,1200,0.5789702174487357,13.190888336528303,1.2147758872295285
stream,1201,0.5776065794114205,14.0679544087098,1.3481754301776439
stream,1202,0.5758793238321435,14.116657916090107,1.3670716823385354
stream,1203,0.5736244943350755,13.909250074855361,1.3653670073258513
stream,1204,0.5710888446093682,14.994068187849207,1.4176575626895198
stream,1205,0.5681485343519669,15.19988098885756,1.517087355435832
stream,1206,0.5638930910007551,17.042064392682935,1.4469167495845974
stream,1207,0.558756880086865,18.707775982353553,1.7346825866755031
stream,1208,0.5532053306359106,18.481866467773642,1.7886216407759168
stream,1209,0.5478861578292006,18.33319464452505,1.7953939632097524
stream,1210,0.5425331538622371,18.18106776300022,1.7788198352130555
stream,1211,0.5375954335828148,18.108751812681014,1.7874203638348052
stream,1212,0.5330403089642873,15.407303635315625,1.7833316613987564
stream,1213,0.5285796483330885,15.951997585343312,1.6038033928206277
stream,1214,0.5238810457069024,18.51335640612783,1.848066837540477
stream,1215,0.519939527470204,18.55545814880069,1.9698064032312448
stream,1216,0.5163864972032222,18.77161909580212,1.9656320041576845
stream,1217,0.5137014502857122,16.34063728304678,1.8317529847369334
stream,1218,0.5111219911455984,15.553497979601435,1.5982563647514407
stream,1219,0.5092443185166973,15.317017462302626,1.5189351089370544
stream,1220,0.507317322769099,14.199245627185922,1.3908895799034569
stream,1221,0.5061264606992305,13.109742945399848,1.2459707244302591
stream,1222,0.5052977038999622,13.09298679389586,1.2242234921662143
stream,1223,0.5039760556635114,13.964819964488415,1.264605293406525
stream,1224,0.5034858843824805,12.675625772718352,1.2326330889160104
stream,1225,0.5040156263985631,12.966872408014149,1.1678861707892765
stream,1226,0.5056064134202402,9.404329577276195,1.0920702777941538
stream,1227,0.5076701162446794,8.077682683042656,0.7650275133626797
stream,1228,0.5101493731255868,9.80390310310682,0.7168947015029218
stream,1229,0.5110514359034576,11.588109286039094,0.9302937728560225
stream,1230,0.5114857058742195,11.591184518302999,0.9792925546719858
stream,1231,0.5108930543082174,11.235484341042632,0.9699354181967348
stream,1232,0.5091240172397155,10.795128039723334,0.9277588290152438
stream,1233,0.5083883372499524,10.822688338524543,0.9811886443776057
stream,1234,0.5045983865685197,9.216328268799371,0.8935109711013827
stream,1235,0.500269317262801,9.176833532441742,0.8204588414932557
stream,1236,0.4938244252818564,9.138749908811945,0.8443108105033794
stream,1237,0.4917049614730879,10.725093796032924,0.9359360159892169
stream,1238,0.48936974375827524,10.540575607098322,0.9934998839434676
stream,1239,0.48769947070040376,10.314614124276439,0.9567847293044278
stream,1240,0.4894770548975915,11.042597321188307,0.985511099785117
stream,1241,0.4880929939919474,13.09831609971239,1.1980792401390263
stream,1242,0.48812276848025965,13.066912741880325,1.239564657595225
stream,1243,0.48913289803021115,12.311999999363984,1.2026907630078143
stream,1244,0.48842063593687096,13.554492801304761,1.2594536420386298
stream,1245,0.48889775722185225,13.67362740972243,1.356771858956834
stream,1246,0.4887227416217463,13.15984756837705,1.392709252677908
stream,1247,0.4900138413691138,14.026720774436697,1.3881195253380059
stream,1248,0.49089164492969267,12.301688691969492,1.4371497138899862
stream,1249,0.49078896504829805,10.501243984771564,1.2194319153693136
stream,1250,0.4897631089895513,10.49632935947264,1.1659147543902286
stream,1251,0.4877363694101064,10.46412083506075,1.1658164458936324
stream,1252,0.4834933117948643,11.519241779680481,1.2051878373650664
stream,1253,0.48151933025689886,14.869265830072802,1.5173125946484454
stream,1254,0.4783771510793333,13.844944473928383,1.5757367356917644
stream,1255,0.47461485377300094,13.888741437959736,1.516873412990393
stream,1256,0.47217681275994866,13.690246443588302,1.5028468037922973
stream,1257,0.4705410721873784,12.110920583326694,1.405028420108573
stream,1258,0.46586071177873056,13.204730743730892,1.3756690127081834
stream,1259,0.46370929372334024,13.570646991941793,1.484135581784675
stream,1260,0.46145459079259754,12.827356504514835,1.4825448639971253
stream,1261,0.45880747250880377,10.71769231719274,1.2739942222071408
stream,1262,0.4586034900546839,10.936953843953697,1.2295160036336799
stream,1263,0.45613114080595507,11.589181456392495,1.2778756045472666
stream,1264,0.45249973333541654,10.568738583559886,1.211761655176726
stream,1265,0.45297433433781276,10.642937994042738,1.1522013285549206
stream,1266,0.45514240770589764,10.561385634426419,1.1395458814733308
stream,1267,0.45751387732781457,9.340817463443889,1.073393147723651
stream,1268,0.4605691835624331,9.35634528958489,1.0125396123155643
stream,1269,0.46424652042576964,9.558376468702178,1.0298271430938732
stream,1270,0.46729363919833417,9.70022727165078,1.0633340186429212
stream,1271,0.46972914931932336,9.703730120713642,1.0664062273247394
stream,1272,0.47156855052496854,9.08040572687015,1.03743038208178
stream,1273,0.47217623054988095,5.567187539316282,0.7437280477861449
stream,1274,0.4704881234807095,5.5380520570939655,0.535791437843463
stream,1275,0.466061613180147,5.535675489864532,0.5344876919707897
stream,1276,0.4583692342658026,5.485057834267226,0.5229239904399454
stream,1277,0.44895847744648903,5.485974643094639,0.5257311135066504
stream,1278,0.44443032220131823,5.537091119709264,0.5158441645434408
stream,1279,0.4451545760905591,5.965730012285709,0.40855127569958816
stream,1280,0.4437670226166519,6.01978705124322,0.43730630362868184
stream,1281,0.44331522788855343,6.0360250167143095,0.43707602767837556
stream,1282,0.4418483265780553,5.839218732941553,0.4265877160616819
stream,1283,0.44333193299017953,5.364714632240199,0.39117280091909856
stream,1284,0.4407655542622369,5.503851934246982,0.4265342432615808
stream,1285,0.4398235554512873,4.7624738783392235,0.37515506646521424
stream,1286,0.4359619566023114,5.08245110530828,0.38616581425183827
stream,1287,0.43289193610492305,5.0943575954150555,0.4091163814290026
stream,1288,0.4304155464616082,5.0894498498758365,0.40890551658910834
stream,1289,0.4248288965707644,5.08704802067326,0.40315624002202094
stream,1290,0.41911449910060544,4.944675595649227,0.3803466514894143
stream,1291,0.41364150823200657,4.9378286465022345,0.3782846533918142
stream,1292,0.40369071613643526,5.087946074755766,0.39190601377154066
stream,1293,0.40122004827796454,5.769547169475443,0.4546558456507863
stream,1294,0.39723263735937997,5.800513832473318,0.5427268399737616
stream,1295,0.4007056347988183,8.438647943377728,0.6943275466307532
stream,1296,0.40270012602733835,8.401133496224425,0.7554760133650359
stream,1297,0.39783985105335906,13.284130688262689,0.9800931869072189
stream,1298,0.3946868707580399,12.697771768713292,1.2822739848533131
stream,1299,0.39068544726438226,11.897398202066908,1.307542241875607
stream,1300,0.3872192016956705,12.023331574703823,1.2561526475564893
stream,1301,0.38182727513142434,12.88812608419787,1.3169336406934955
stream,1302,0.37685604632293185,12.952619747644626,1.379184289892976
stream,1303,0.3709867416681848,12.709336581154831,1.364436372946278
stream,1304,0.3660904537104689,12.367191211730056,1.320194854090066
stream,1305,0.3621280176460872,12.30900358394602,1.2993077029480862
stream,1306,0.36581794521269906,13.102600195411117,1.2993077029480864
stream,1307,0.36337411752661336,14.242610530868545,1.4484218936453257
stream,1308,0.3625485649424877,14.270236304776457,1.5094862441260397
stream,1309,0.3581054630924483,14.167399002540293,1.5043312182081228
stream,1310,0.35593709358282305,14.240054127746662,1.5187469345714244
stream,1311,0.3570495059177844,14.345581710886893,1.5177668468654595
stream,1312,0.35902379879388424,13.634392995994148,1.4859274685432264
stream,1313,0.3485454698133349,13.835470558864909,1.406802643768083
stream,1314,0.33819308739379333,13.674535537977924,1.3841212418466298
stream,1315,0.33820647516596936,11.982638399522632,1.2813187864093165
stream,1316,0.33840197745228584,11.92906879085138,1.254154426969117
stream,1317,0.3414671581399881,7.098413780825787,1.028160919741544
stream,1318,0.3499306409354968,6.747023784853871,0.696527208706162
stream,1319,0.3540330391612067,6.920792765171976,0.6945313322617394
stream,1320,0.3458156245050806,8.332467431035901,0.7140985826132471
stream,1321,0.34448501166269996,7.896690507704051,0.7859946710472125
stream,1322,0.3497069320320737,8.331809848490689,0.7237440148321285
stream,1323,0.35351155121983474,8.276098414605542,0.7373199102953876
stream,1324,0.35342845660923045,8.482767144851781,0.7354988928155168
stream,1325,0.353037322985658,8.47913636911132,0.7388692929822072
stream,1326,0.35406589765064816,7.468962142692982,0.7131236941014161
stream,1327,0.351077638775232,7.117194473559975,0.5984887255260822
stream,1328,0.3493775568344139,7.116654330274788,0.5942477736872861
stream,1329,0.34727912295307917,7.13860663646433,0.5960208868886809
stream,1330,0.34594764667362893,7.070222412343827,0.577036396510334
stream,1331,0.34455406002100053,7.070360829174974,0.5833722377660471
stream,1332,0.3439416631654,7.309484361453137,0.5996322479905901
stream,1333,0.34227396296635304,6.406370765845574,0.584318075085927
stream,1334,0.341735602387156,7.185656547032381,0.6152450959898821
stream,1335,0.34084319914826466,7.349396837543042,0.5704246414632249
stream,1336,0.3380859703783066,7.453438967782849,0.5988534356990585
stream,1337,0.3347524955824226,7.669110711760235,0.5996667493599149
stream,1338,0.32970104465262073,7.571923900317685,0.6345826397500623
stream,1339,0.32488749997501487,7.896090940564036,0.6557569851164395
stream,1340,0.3184794889593092,6.938449362108431,0.7242396986133655
stream,1341,0.3093552721160773,7.318858789058343,0.5898579235821126
stream,1342,0.29832965640653414,6.799755913862291,0.6166320773187798
stream,1343,0.2888860258066109,7.1547969888031115,0.6154981443748817
stream,1344,0.28239497927638296,7.255271034491319,0.6130448053097093
stream,1345,0.27154662128222035,8.114101712282507,0.6993153420521084
stream,1346,0.26687504159254416,9.285188611165811,0.8353652299312342
stream,1347,0.2584037530960796,9.877391574600228,0.9626172526393529
stream,1348,0.25996017437282604,10.90574498420927,1.108707581413399
stream,1349,0.26637930864790355,10.814829739066024,1.1608590513706154
stream,1350,0.2726929431421361,10.829655711054086,1.1547305426689443
stream,1351,0.28139505731243947,11.447083313586127,1.1874032383629525
stream,1352,0.2889481078173679,11.212881910592627,1.2097896743554795
stream,1353,0.2960385065373018,10.643303087313065,1.1697597002230333
stream,1354,0.3008297143005152,10.083490180647766,1.0854955500976056
stream,1355,0.30262347321995553,9.420725506103334,1.083172017248138
stream,1356,0.3043395123659458,9.322016273383952,1.031028131090771
stream,1357,0.3076974844638652,9.580841414655138,1.0365980656991272
stream,1358,0.3095596202651656,9.471777044075818,1.0417605484969483
stream,1359,0.3068874018305823,11.414410627829152,1.0567239081643884
stream,1360,0.3053310764954444,11.128348275705017,1.1140175760249467
stream,1361,0.30500074124092086,11.24683845844359,1.12816420676308
stream,1362,0.3051655894528387,11.645514589020372,1.1076516712099536
stream,1363,0.3047053917608076,11.339990522186,1.1183847420271933
stream,1364,0.3033904490058641,11.015996547046937,1.1189746016115398
stream,1365,0.30158903523144803,10.206984715886595,1.0309213905785368
stream,1366,0.298639001014178,9.21906780126672,0.8905987540455989
stream,1367,0.29849140761082693,9.520006897642084,0.793922894229011
stream,1368,0.2982008774110764,8.474712741322932,0.656466779055867
stream,1369,0.29813454843781817,8.40795643612671,0.5947281775075579
stream,1370,0.29574817963519584,9.016300448011103,0.6145566197397772
stream,1371,0.2945501815691827,8.691230280129787,0.6446981890081301
stream,1372,0.2922675246723139,8.867152422255565,0.6446981890081301
stream,1373,0.28975454633169595,8.859972334988102,0.6478320288279534
stream,1374,0.28705177801423526,8.64652889008884,0.6288363380618812
stream,1375,0.28598638842440527,8.69899131537357,0.6373670409918748
stream,1376,0.28368955664583473,9.206660448479873,0.7018828337619859
stream,1377,0.28128039896335405,8.67176825120765,0.7161296139551264
stream,1378,0.2786422216899431,8.630282844233939,0.6750298140002013
stream,1379,0.2759535597305405,6.202660458889218,0.6152692103851282
stream,1380,0.2728603504756299,5.980929348519383,0.4690802269028391
stream,1381,0.2736948253031775,9.399704489023208,0.64801722348204
stream,1382,0.27293703990674567,9.73937443793298,0.9461829813367232
stream,1383,0.272477521606657,9.764554918902599,0.961685156768699
stream,1384,0.2702324797928761,10.751413187839608,1.007700111515251
stream,1385,0.26887262384961186,11.294382112719534,1.1053676756154585
stream,1386,0.26773529767563864,11.156355294806467,1.1047887991886638
stream,1387,0.2658721652040235,9.509541727086619,1.0296059093756764
stream,1388,0.2632680616864484,10.014837919494942,0.9765874775448006
stream,1389,0.2605089980682274,10.097242322838508,0.9783066473559883
stream,1390,0.25785871268773136,9.510545171966944,0.9580849623382084
stream,1391,0.25541577208555494,10.06947166712159,0.9389723338268171
stream,1392,0.2523300363554169,10.24344042531677,0.9027638613256023
stream,1393,0.24903875431783304,10.253048239667722,0.9192380250670474
stream,1394,0.2450224731905899,10.35590362371498,0.9208922784168879
stream,1395,0.2406189282677144,9.828060232543663,0.9111005451374263
stream,1396,0.23535070676120376,10.349293153950855,0.8806436790851184
stream,1397,0.22967681662964026,10.98827073895215,0.9871315470853279
stream,1398,0.22411120607236826,11.919798025181217,0.9873298039803777
stream,1399,0.2177360104429492,13.687659450547107,1.1773159755126712
stream,1400,0.2116736709665033,15.980321818252932,1.4836273750417313
stream,1401,0.20527437663610404,11.892394915152911,1.4469752827098277
stream,1402,0.19922195383917835,11.318561100588166,1.1829387809561467
stream,1403,0.1933861378288943,11.598837907109976,1.174414161133729
stream,1404,0.18987608864201866,10.60400868302197,1.1465227631652826
stream,1405,0.18927597758702083,10.183516391804718,1.051178698534024
stream,1406,0.19562418629611877,10.872910111210572,1.0991017951876503
stream,1407,0.2070181351667937,12.576085181693697,1.2672222318379083
stream,1408,0.221475881934478,12.513721298399854,1.2770229936139228
stream,1409,0.23742448509884803,12.439608773452301,1.3015659095835854
stream,1410,0.2559708724925032,13.460989444661791,1.3212714877651357
stream,1411,0.2720461453119214,12.511352696970913,1.328165344565267
stream,1412,0.294719408024063,15.393504812829605,1.4486203294820315
stream,1413,0.3170040255091038,15.593143411419069,1.503099490707849
stream,1414,0.3275950972840601,17.864747428771285,1.6314971724687644
stream,1415,0.3375587784987028,18.04435315895436,1.7827044947126862
stream,1416,0.35066261910022656,19.4961801945674,1.775656358787665
stream,1417,0.3494289891322599,21.9215568434254,2.049530417083374
stream,1418,0.3385381681814737,22.10535765127829,2.064143347579949
stream,1419,0.32393875344828,20.329599199887962,1.902095503381955
stream,1420,0.3095798170751559,18.211066147451845,1.6079083988862946
stream,1421,0.2913203947090796,18.162192070906425,1.4890573101007913
stream,1422,0.272396401208004,18.029010690269164,1.4504108355970189
stream,1423,0.24762161383640488,20.290155833634028,1.5036220221815717
stream,1424,0.2348384674790993,25.74610512136476,2.0962742363947084
stream,1425,0.2194902889844307,26.233710330930656,2.45833162113417
stream,1426,0.20927456461640126,25.799876478460902,2.484957054406941
stream,1427,0.2015872171625916,24.10148269791934,2.3465789209244723
stream,1428,0.201627504991659,25.693751442332893,2.4408561130860016
stream,1429,0.19984971997175802,26.98735721001247,2.6547174191977314
stream,1430,0.19593949111068487,27.138686515715666,2.6352226998524033
stream,1431,0.1985386214157579,28.057507363159445,2.7438995273547144
stream,1432,0.20383276442584702,24.82567957784519,2.649670703221369
stream,1433,0.21536078119831978,26.81631635828665,2.6417361664492365
stream,1434,0.2237726937904533,25.153363394068336,2.720208082306113
stream,1435,0.22880712590136978,25.764205743798385,2.569324435739486
stream,1436,0.2368208282298658,23.767397442681492,2.63145053742734
stream,1437,0.24430785818471834,20.71907352754758,2.239963577109451
stream,1438,0.2494549991441214,19.960849324319224,2.250376303182736
stream,1439,0.2513139443691946,23.15632576657593,2.28437617620698
stream,1440,0.25844061964348675,27.515576424860125,2.8547681518235684
stream,1441,0.26457374340747164,27.319364292042007,3.0276733992859617
stream,1442,0.2691131065756013,27.35859032976065,3.024853639956904
stream,1443,0.2736110441820615,24.74921233766572,2.9376043289975233
stream,1444,0.27854120447889125,19.43389723278049,2.332184334601929
stream,1445,0.2820907275410789,19.02607481301861,1.9991175648690214
stream,1446,0.28726586751085087,20.422812998291388,2.0493329830179996
stream,1447,0.29172724900209607,20.465777382781948,2.03755371886999
stream,1448,0.29411505343516786,18.543804561047473,1.945164640991166
stream,1449,0.2938633850368969,19.083212367063847,1.8084392452372298
stream,1450,0.2922494624887668,20.074194458044076,2.108843031785014
stream,1451,0.29118234544556604,20.628179344167425,1.943956437004136
stream,1452,0.2891417049049672,20.846981608645347,2.0037947994342806
stream,1453,0.2865000688347254,18.653254259475155,1.9386827620706901
stream,1454,0.2825587552279821,18.11207465184477,1.7320349954699414
stream,1455,0.27724063350847766,17.511854159030264,1.731528952351434
stream,1456,0.27209971334128663,17.02289471598244,1.6394600411923692
stream,1457,0.2682574734806582,17.66178775888119,1.6525271038299025
stream,1458,0.2638440163162668,17.53949619419438,1.6937872218716232
stream,1459,0.2605207319673877,15.214192453472265,1.7028781497834156
stream,1460,0.25661264933601485,10.574290081432608,1.1521760928105538
stream,1461,0.25289319284823686,10.829514463771048,0.9611332857010122
stream,1462,0.2477259168793926,11.207614804015318,1.0111468970291206
stream,1463,0.2408003639912251,12.633133075427677,1.0214698778249898
stream,1464,0.234095775675734,12.584176409941358,1.1023531508022864
stream,1465,0.2271754454165655,13.694693651853731,1.1056044450893205
stream,1466,0.21984094400199936,11.893305394423308,1.0157633827118135
stream,1467,0.21221624238184916,11.784102704260917,0.9843636066050909
stream,1468,0.2035739953384732,13.998163465696523,1.0623281311798658
stream,1469,0.19570492664800115,12.514797762777247,0.9953291882473928
stream,1470,0.18934340239125538,10.38663424911557,0.6960182886290778
stream,1471,0.1827256782695557,9.993203835984419,0.765407637031307
stream,1472,0.17661421028997318,9.83389242164758,0.7240990066216592
stream,1473,0.1702593354817248,10.265340742907803,0.7465727573671447
stream,1474,0.16404093242474085,10.241900849614922,0.7462000647483288
stream,1475,0.15877323404022417,10.246802231608264,0.7848898452392195
stream,1476,0.1538449346120244,10.757224676467747,0.8283843372097595
stream,1477,0.15023082092010506,10.962923165328291,0.8033586856497561
stream,1478,0.14792364920043222,11.421162896494685,0.8472253923641355
stream,1479,0.14701887539045339,10.547614915308447,0.8127949256432373
stream,1480,0.14683886888496428,10.506748190725332,0.7723621669478627
stream,1481,0.14801944073936088,10.239675059812978,0.7554331400182741
stream,1482,0.1503168165136651,9.81313567751367,0.7055701454397592
stream,1483,0.1532234308786087,8.4189657939153,0.6952551052399584
stream,1484,0.1570025549361612,8.329414210447514,0.6118913734582087
stream,1485,0.16141600178436455,6.957279666560271,0.5769754382045355
stream,1486,0.16911139177669973,7.22823893703081,0.5415117010663159
stream,1487,0.1757005509552819,7.498346755681005,0.5787073986489248
stream,1488,0.18050636212905466,5.409314079136883,0.47791856631235796
stream,1489,0.18331397375690126,5.432437574766698,0.4398781058406269
stream,1490,0.18983163172896336,5.974073803760169,0.515681024794139
stream,1491,0.19388561378390778,5.482029040040126,0.5317171462406307
stream,1492,0.2000418767157063,5.476080825118061,0.5196900066567463
stream,1493,0.20543364111153004,5.0456885718669895,0.4978488345668346
stream,1494,0.21313715008192818,5.388010003710997,0.5191333068332756
stream,1495,0.21942483254789666,5.1886909554739,0.5065597065893149
stream,1496,0.22151866495186873,4.8143232946922305,0.45731567284711816
stream,1497,0.22683504210101138,4.5520531977650585,0.5075825472345697
stream,1498,0.23335174627459698,4.032081977328577,0.4006970032164892
stream,1499,0.22627690892369695,7.678265241840342,0.554084513199345
stream,1500,0.2208231435840573,7.939378886432756,0.782801445030989
stream,1501,0.21956377293138835,8.016645477394118,0.7782050564034184
stream,1502,0.21522943656511137,8.060556132008587,0.7932320453590713
stream,1503,0.20678034009351395,11.449978089660801,0.8899512769876992
stream,1504,0.18586075221916962,11.588718406630052,1.0603988467759111
stream,1505,0.1712245703358292,12.062057504961984,1.0642687412680534
stream,1506,0.16027005577316067,12.286114660774738,1.0609539252010785
stream,1507,0.15355454319221576,12.084749778090265,1.0299861775443346
stream,1508,0.14614763110789847,11.841401311322462,1.0314181013710064
stream,1509,0.13945515684015458,14.472189868619564,1.1451121811315057
stream,1510,0.14089487279109378,14.11804452373353,1.2845766952222055
stream,1511,0.14272470394385378,14.91098907824686,1.2140837229835484
stream,1512,0.14761414146320584,14.985036809730428,1.2342247813997367
stream,1513,0.15208886653723042,15.04975627850796,1.241612666010035
stream,1514,0.1536983395507213,15.022098439698958,1.2233815013541058
stream,1515,0.15592001644138861,15.52167807759116,1.1973367779534825
stream,1516,0.1588006916447835,18.383501818558713,1.4314182071818202
stream,1517,0.1616748289412008,18.00428979350369,1.439595559598335
stream,1518,0.1676721451662789,18.00655658362653,1.4357100250797654
stream,1519,0.17828544087523526,14.411558590880691,1.2464629537298655
stream,1520,0.181103525445117,15.488102933121693,1.0764599807891082
stream,1521,0.19326640476339849,16.531247482124986,1.2565084486769442
stream,1522,0.1955161969157317,17.8444553276369,1.4499387601983256
stream,1523,0.19683718492081234,14.41174629932159,1.407259955491581
stream,1524,0.19839319875213263,14.271072620204283,1.2329348037430428
stream,1525,0.18513228249986383,16.659357169137632,1.317468646775041
stream,1526,0.18096160473468212,17.14297210615127,1.5571865779198344
stream,1527,0.18325022861976017,18.18527633266211,1.5508206126062698
stream,1528,0.17758306670864069,19.01852640245709,1.678136947231759
stream,1529,0.1820871071714949,18.10211317418443,1.7409054520754934
stream,1530,0.20159104546152892,18.789391594291605,1.5272684684262008
stream,1531,0.20998404866441897,17.40352119501169,1.5400991951156822
stream,1532,0.19405567494700313,17.49129379381796,1.4965281409188111
stream,1533,0.17920464135437938,20.914256238178066,1.5714064020979879
stream,1534,0.16153679661631648,20.446807254800895,1.6745978293139039
stream,1535,0.15611269781169074,20.42345390622383,1.694021084420195
stream,1536,0.15413596279690658,17.443030331088487,1.472908705550295
stream,1537,0.16035271153515046,17.645332324235344,1.4233013026593448
stream,1538,0.1520200388596316,19.010992564304654,1.5472709854909321
stream,1539,0.14874155983288315,19.22921118815104,1.6529762680163407
stream,1540,0.151597814465876,18.06433774373256,1.5940514503772707
stream,1541,0.1487112137005093,17.322079309535894,1.4572217643904066
stream,1542,0.13913241229561857,16.645648453939742,1.2511673888649428
stream,1543,0.13220051195908306,16.68292173154065,1.2074420028999147
stream,1544,0.12971716810768302,16.70762926802023,1.211319572782711
stream,1545,0.13007624460126,14.007129844495362,1.1253596106202564
stream,1546,0.13237360409626242,13.791691011605486,0.8924627798357037
stream,1547,0.13466488991635225,12.683727591373975,0.9413990476265428
stream,1548,0.13766196164390185,13.323831729028468,0.8601452925901153
stream,1549,0.14071893964747265,11.737702732488781,0.8157139225642127
stream,1550,0.14212487087690795,11.406919114991634,0.8126417140397548
stream,1551,0.14457190689731636,12.04194435928572,0.876606540830015
stream,1552,0.14570725846261834,12.022857659108759,0.9201775465033768
stream,1553,0.1472369920421845,8.530390309898454,0.8414532208163225
stream,1554,0.14881874811032658,8.528386364830428,0.7338272252287699
stream,1555,0.1525441961873604,8.746204857955298,0.7410441708560381
stream,1556,0.16067617230752934,9.152113414756007,0.7264638430753168
stream,1557,0.167170648692825,8.881493238799118,0.7479031311636135
stream,1558,0.17427483022314794,7.53542190668105,0.6481995143731051
stream,1559,0.18050105544703685,7.2642474530482914,0.5441989072084493
stream,1560,0.18509240255646098,7.112029423143737,0.5453676640022932
stream,1561,0.18859023796415697,6.760761472158377,0.5020585101979015
stream,1562,0.19232012146868954,6.133858023515026,0.5151351851078705
stream,1563,0.1946334708473749,6.200126199578038,0.5189859239338496
stream,1564,0.1951507772149772,6.597849109896228,0.5189859364758997
stream,1565,0.1975473416826783,7.3991193246903215,0.6157116327219184
stream,1566,0.1995051916460712,6.644694449811428,0.6586979478417198
stream,1567,0.19989959190379933,7.207592365303533,0.6219339032905433
stream,1568,0.2006154023457521,5.80638332258968,0.6299590498078551
stream,1569,0.19848056796295147,6.862781132810459,0.6029671058233136
stream,1570,0.1979271265124061,6.607142563632623,0.7395295684465365
stream,1571,0.19971945346159084,6.698405124246959,0.6496573350325536
stream,1572,0.2016828367976445,6.6234712821039645,0.6561424834268942
stream,1573,0.20330936686349096,6.623424360033488,0.6617934650464404
stream,1574,0.20666988321329735,7.077709652384917,0.6741104645057174
stream,1575,0.20840018708222482,7.8490959871689086,0.7637049327081352
stream,1576,0.21165945391067412,7.917195227301303,0.9034806705103375
stream,1577,0.21367152988935026,8.322355884796272,0.9562208209092373
stream,1578,0.21623150597365529,8.345637163498171,1.0091994927474317
stream,1579,0.2198104303177171,8.67226618703017,1.0059325547894813
stream,1580,0.22163957536573467,8.682605837223567,1.0296903791222716
stream,1581,0.223990643546878,9.156499141137003,1.0330430036732992
stream,1582,0.226058561510302,9.517862665695198,1.099529617965324
stream,1583,0.22858489613085697,9.996645354322782,1.0862108202411247
stream,1584,0.2307759327222228,9.592680322640453,1.103417009796107
stream,1585,0.2323447954461794,8.629809243309126,1.003424381252065
stream,1586,0.23381698509617063,9.62191953882563,1.006229484781218
stream,1587,0.2347937621986762,17.276932491977803,1.5395011383427404
stream,1588,0.2342384985308812,17.193854607574266,1.7880962951496329
stream,1589,0.23335403528556609,15.678312634119031,1.6883686789942032
stream,1590,0.23132941076722602,15.474588905608332,1.5612616420357093
stream,1591,0.22868337501907554,14.771498485559263,1.5676215505103823
stream,1592,0.22735722413926107,15.552890509642976,1.5314699196105583
stream,1593,0.22686152361965228,15.664032792304441,1.5340259733517096
stream,1594,0.2253495796597455,15.575526944632909,1.5425405674625439
stream,1595,0.22204665497885112,14.454829162462259,1.4261457089033696
stream,1596,0.21792419705558788,14.033391057891048,1.2944999965699084
stream,1597,0.2136703078631354,13.48150895640911,1.2182560382956396
stream,1598,0.21462775688401867,15.736371329031325,1.2388740330007004
stream,1599,0.21450092336405555,15.580458499771847,1.3968677293995249
stream,1600,0.21491189351091586,15.542164817234555,1.3843803019867114
stream,1601,0.21540131520740394,15.021844728301023,1.3813686084860577
stream,1602,0.21776020705548646,15.04239645279155,1.3159937690582215
stream,1603,0.21544538345723788,18.804252356020477,1.5637416070721322
stream,1604,0.21532876452118302,19.42337542183055,1.8628468177156976
stream,1605,0.21519362358626165,19.42706481910235,1.8846061672995902
stream,1606,0.2156424863044446,18.46339425618457,1.8453082807878043
stream,1607,0.21421083949426037,10.835820276250741,1.3323117726560112
stream,1608,0.2142838321587368,11.106416059294407,1.0665164941988667
stream,1609,0.21678386044840628,11.800010170097405,1.0633856999771585
stream,1610,0.22038869828959048,11.818726940310034,1.0578158220933263
stream,1611,0.22276946945838244,11.924718348089728,1.0725506011768504
stream,1612,0.2265501523487711,12.075864916050833,1.1365153962623558
stream,1613,0.2278815558952943,12.47964580668654,1.2450329996974085
stream,1614,0.2282286235766251,12.190913831870885,1.2280570705005003
stream,1615,0.2282712052211561,11.878373223185765,1.2367643401973025
stream,1616,0.227762867920346,12.641045200199613,1.2659379433937128
stream,1617,0.22716500181949364,12.636945359285539,1.2885543921753855
stream,1618,0.2266367039830331,10.162146094427989,1.1921334190309965
stream,1619,0.2262165011733576,10.007065466123224,1.0337812721672257
stream,1620,0.22548796006457,10.098387641532405,1.0250896402403256
stream,1621,0.22503983077435755,10.827010982849512,1.081702225960008
stream,1622,0.22462586314127542,10.555193503816497,1.0687918240214456
stream,1623,0.22417826705197924,6.469106155484379,0.8466540901911104
stream,1624,0.22382821869174255,6.0106228756653985,0.5267173141117367
stream,1625,0.2228223247446866,8.287672309715882,0.6192642234886699
stream,1626,0.22194355732012483,8.754775334413113,0.7608460035540601
stream,1627,0.22016564295015156,8.345967278055829,0.7647563690649577
stream,1628,0.21948488423318274,8.98852417440273,0.7918994550916719
stream,1629,0.22058785374096732,9.022126037117578,0.7903371973418113
stream,1630,0.21885915676394005,11.249438877748482,1.007241645453011
stream,1631,0.2166644683181654,11.11840961540305,1.0597757946648652
stream,1632,0.21373219801311127,10.091737140455676,0.967716395956787
stream,1633,0.21322302360928738,10.440768874710699,0.8875878178772184
stream,1634,0.21304383593468498,10.374612960096128,0.9063978854034273
stream,1635,0.21437618955367146,10.562451249806484,0.9037964653853203
stream,1636,0.21933959192071328,11.193594284151017,0.8839241193024943
stream,1637,0.2199640694707613,13.44595483234248,1.126644943127225
stream,1638,0.2193661270978245,13.826758098786291,1.1576505550503795
stream,1639,0.21934627858685163,13.892202316001944,1.1867704275775934
stream,1640,0.21829441370112967,13.981194560444807,1.1902757989409927
stream,1641,0.21547845060924986,13.514158908337668,1.1341692698989778
stream,1642,0.21441921017785295,13.585210848778933,1.1710654042116007
stream,1643,0.20856269845417935,15.037976731070732,1.2716612671615402
stream,1644,0.20558138660652808,15.593276642866105,1.444217568582251
stream,1645,0.20013764928445568,13.65002909850388,1.401763595111159
stream,1646,0.1987036361564026,14.144242933127309,1.337983108485455
stream,1647,0.20532163311057153,18.459522737600977,1.340664032651537
stream,1648,0.21308844398846366,18.039153330326688,1.341608957240018
stream,1649,0.21472311567076527,20.592203924534974,1.5658991234956292
stream,1650,0.21085475386156632,22.602042725901086,1.3486840993829126
stream,1651,0.20989540788853892,23.925214775896315,1.6797506372948803
stream,1652,0.21105022388187594,24.290347790039043,1.6859900729467472
stream,1653,0.2100805274885849,24.002539310303646,1.7255981082789564
stream,1654,0.21285435234825137,26.037011704873738,1.8578286302642426
stream,1655,0.21488401879136768,25.847833332236732,1.946614869209321
stream,1656,0.21407338008559929,25.572971141945306,1.9689147139767664
stream,1657,0.21533148825973994,24.852902478274373,1.883815989424575
stream,1658,0.2175924883963594,25.824124968213244,1.8531608869845677
stream,1659,0.21771776414125715,28.242220187666724,2.10569828135945
stream,1660,0.2173969720778186,28.94100746351482,2.115768804939253
stream,1661,0.2177110801891732,28.677541620357307,2.1428174030007447
stream,1662,0.21817469354084346,29.248425652853008,2.129939224796069
stream,1663,0.21804839007801424,28.49473159210402,2.0029766454964117
stream,1664,0.21611926816772653,27.76600442034664,1.8771853580630706
stream,1665,0.21543916412027206,28.86216767717785,1.8517395872762634
stream,1666,0.21478341023561992,27.862539366485645,1.8047453602982249
stream,1667,0.21568186712079024,24.67198823512789,1.82060475094091
stream,1668,0.217179937659128,24.52331075461152,1.763984010952296
stream,1669,0.21697865362976923,23.04303764218578,1.6648418264634859
stream,1670,0.21567565538780262,19.773119042097296,1.665382653443076
stream,1671,0.2152890618409823,18.78515467099886,1.3614776873383174
stream,1672,0.2151034948462124,18.386377278335374,1.3598675514572867
stream,1673,0.21564249647880893,17.85692769292032,1.2778347859449999
stream,1674,0.212854548472078,17.950157445365065,1.2140545156731386
stream,1675,0.21311942037418408,19.47698224858216,1.410161187066202
stream,1676,0.21539401165497024,18.85516498208843,1.3742854604125014
stream,1677,0.21706202527196206,17.391531922920116,1.2206940932907908
stream,1678,0.21913868189880525,16.07241473208979,1.2278692406246952
stream,1679,0.2200746154261086,13.702785883346765,0.956274786779725
stream,1680,0.2209660421569535,12.98518356069062,0.9591730560424888
stream,1681,0.22143945048735916,12.989709864608125,0.9346300956680164
stream,1682,0.2214057355925367,12.685960687567386,0.9188988265395299
stream,1683,0.2216640366524291,11.77483571589634,0.9603206168294938
stream,1684,0.2211191487146592,13.145557887714297,0.969391300711491
stream,1685,0.22127982321543108,12.80077592058972,1.1077995960670144
stream,1686,0.22184684753295364,12.805628864192697,1.0871200098184548
stream,1687,0.22163657545521998,11.680298218005154,1.039303203352162
stream,1688,0.2234464930121486,11.89776438657325,1.0770109095067317
stream,1689,0.22228628911703457,10.300583831206911,1.0115494073776399
stream,1690,0.22093032762729467,9.447146505872245,1.007487553230226
stream,1691,0.22139644416882276,12.04780256434267,1.1127515884966035
stream,1692,0.2208453783183776,12.3022999553352,1.2733402258268376
stream,1693,0.22156149344832007,12.623823631042223,1.3260749189457193
stream,1694,0.2226493539500954,10.590395795601951,1.2687368403115422
stream,1695,0.22328123772226363,9.029913921996059,0.9841376977217783
stream,1696,0.22182730190467406,10.193124348516918,1.037213584653748
stream,1697,0.21870192377655986,10.192263644113853,1.02426720828867
stream,1698,0.21673686875506246,10.670543673295038,1.0526335453210323
stream,1699,0.21635920997547725,10.674358442549464,1.0453827832324962
stream,1700,0.21614089219546556,10.905557583726877,1.0647843702804831
stream,1701,0.21288300923361722,11.061298548054069,1.0627305742404258
stream,1702,0.21153767690712788,11.700973997273426,1.1367356298778992
stream,1703,0.21257599052848922,12.04018161913545,1.1059117141133228
stream,1704,0.2123365656659368,10.969658031153985,1.096840986607235
stream,1705,0.21495613969481206,10.533512434578052,0.9738743716863812
stream,1706,0.2192219104010126,11.264727549656543,0.9502260613495928
stream,1707,0.22175032426539404,11.299080429700316,1.0179835712047882
stream,1708,0.22440560561595427,10.732022356173124,0.982201234721193
stream,1709,0.2278204537949853,10.628448186237677,0.9243210078883886
stream,1710,0.23328096933472978,10.936489502809211,0.93210164839221
stream,1711,0.2367458546653555,8.575882851561493,0.8006844305040088
stream,1712,0.237614910249503,9.019552669243112,0.6372269995695657
stream,1713,0.23507041056731434,10.031895640808818,0.5903209914555998
stream,1714,0.23333541148174838,10.019417914508109,0.6349473936202747
stream,1715,0.2311981059563715,10.051362565078037,0.6418623829852461
stream,1716,0.23248854928832707,10.09902392747652,0.6685358360783094
stream,1717,0.2328820508429506,10.09022212165165,0.7399239909784928
stream,1718,0.23258595975693883,9.64280175376939,0.7026441819339049
stream,1719,0.23138380650130191,9.55448056238342,0.7003236851452321
stream,1720,0.23187424384765395,10.434915198020231,0.7126013081948667
stream,1721,0.23087201476229177,11.342733451498914,0.8784176225031384
stream,1722,0.2293805938078942,10.395974385741601,0.8085677900414505
stream,1723,0.228652633778544,10.01502785488718,0.8073270507049567
stream,1724,0.22801852656280386,9.7142899031123,0.761608711317497
stream,1725,0.22784212033388798,9.12170860448654,0.7004486766728911
stream,1726,0.22944221096097284,8.657368249143605,0.7032684253261209
stream,1727,0.22573013168399958,9.32575065550777,0.7182752276848701
stream,1728,0.2246197457031866,9.536677932146938,0.7887562763300777
stream,1729,0.21955068232827055,9.897013225040627,0.8412294720488764
stream,1730,0.21186622469645938,9.338922426301352,0.8428503133227759
stream,1731,0.20683980694339235,9.171436975688003,0.7854491708746989
stream,1732,0.19878649333554388,8.622550349612997,0.8132756763729012
stream,1733,0.19656782206353887,8.08392249201557,0.8573765347008483
stream,1734,0.1927655463394561,8.060628900424954,0.8295975592860324
stream,1735,0.19377053938255046,8.411319076669788,0.8358663972234759
stream,1736,0.19414066167788163,6.669656987799484,0.7751573827568786
stream,1737,0.19157794547777976,6.866621023295813,0.6886442175209482
stream,1738,0.19311531762981007,7.015223412443972,0.7210376432971592
stream,1739,0.1954612659628588,6.967777855706873,0.7284461079445558
stream,1740,0.19362181033952028,6.154851425355842,0.688024822749314
stream,1741,0.1955948356225091,5.297558563842353,0.5634644842043557
stream,1742,0.19536809749205702,5.295965944192168,0.586898326324235
stream,1743,0.19898494111363335,5.562896961263055,0.6131097479333452
stream,1744,0.20009028852961663,5.670937666330563,0.6374472229847211
stream,1745,0.20218860383590442,5.621019590175723,0.6464634206455568
stream,1746,0.20877059930888237,5.694850285800998,0.6557619264239911
stream,1747,0.2132847268462165,5.025970920074558,0.6092334257790145
stream,1748,0.21579424357773172,4.862801204980121,0.5306480650438125
stream,1749,0.2204087868685313,4.9939079981265655,0.5165317246849589
stream,1750,0.21877302015456374,6.474015773656799,0.6602363758591219
stream,1751,0.22077558898758126,6.219338233808231,0.7398525732247563
stream,1752,0.2219766592910238,6.4874532189880085,0.7568702901053241
stream,1753,0.22532561095347617,5.845583059470207,0.7628986197453483
stream,1754,0.22970338758907743,7.28124228346454,0.7223360821476418
stream,1755,0.23698768978075085,6.891491175894302,0.749517564157363
stream,1756,0.23624758491286885,6.897811025927476,0.7290165708163477
stream,1757,0.2340553519636604,6.684201636706987,0.7290165552753274
stream,1758,0.2339977855676889,6.495906601440262,0.7004547081598874
stream,1759,0.2349929567431759,8.143531647378735,0.7744653238579176
stream,1760,0.233638870621376,7.891366471958823,0.8542237105720198
stream,1761,0.23177827083607336,7.803296866688292,0.8116689048578973
stream,1762,0.22824111284615442,7.588428657081109,0.7760234275904738
stream,1763,0.22607874751617574,7.64160369132128,0.7583023373001117
stream,1764,0.22428560943849674,8.608925300810998,0.7424708733776285
stream,1765,0.22163256202873757,9.29750164325289,0.8579144943483434
stream,1766,0.22064762827622428,9.066483391679284,0.852402058712262
stream,1767,0.2175609420996493,8.908030470507235,0.8197811904145638
stream,1768,0.2170377947085109,9.209914046883318,0.8371095563827008
stream,1769,0.21500060498471732,8.59012767859302,0.8029876264031766
stream,1770,0.21361163007853048,7.180758082538272,0.65648733010942
stream,1771,0.21445266357505088,7.625743307063607,0.5600997381567375
stream,1772,0.2134975737530179,7.909086433396146,0.5967095855004554
stream,1773,0.21519156819150465,8.420519438454667,0.6440115510232756
stream,1774,0.21784030473833074,6.9147858869225916,0.6573908664688386
stream,1775,0.221993445286778,6.919525095883858,0.6107861293528264
stream,1776,0.21850703971026925,7.913544681860169,0.6456949473646083
stream,1777,0.22129673179589351,8.732602259096685,0.7795341190887799
stream,1778,0.21935222835571552,8.982078349931749,0.831744484729377
stream,1779,0.2132429978883213,7.826223835826018,0.7496720121404351
stream,1780,0.20875487464682566,7.695355083978455,0.6946536602283248
stream,1781,0.20762801414246634,8.024746930648181,0.6982207037434224
stream,1782,0.21146366682454834,9.406011173266261,0.7014957996345983
stream,1783,0.21452241918256823,9.085093229578492,0.733617581525568
stream,1784,0.21263744753361996,8.544916935640925,0.7390363444767614
stream,1785,0.20484649015082032,9.368500224608004,0.6227251885406877
stream,1786,0.20061249892083707,9.256276679625369,0.6730267853062575
stream,1787,0.200405872488527,9.979334830323126,0.6852564790905125
stream,1788,0.20093697832295487,9.642111232812805,0.6852564501111075
stream,1789,0.20158408100145905,9.627867785935623,0.6793483706498396
stream,1790,0.20302806714578894,9.516328629954915,0.6741303567184678
stream,1791,0.20419021650349659,8.927421630941497,0.671156470523337
stream,1792,0.19813121149995327,10.57098687789223,0.6567018318880389
stream,1793,0.19590224264429032,10.650132834376429,0.757999408654374
stream,1794,0.19953554639890886,14.47722297777471,0.7758172533152717
stream,1795,0.19898559688224535,15.928573016987782,1.1553335689866575
stream,1796,0.19762115064258368,14.910746523106855,1.1904707338829796
stream,1797,0.20055487317690862,14.114822837163574,1.0512834791566568
stream,1798,0.19670190905543664,14.52515668394242,1.032521302150671
stream,1799,0.1984619709167729,14.723849612640183,1.130285660976416
