segment,end_index,PW_WTC,E_CCDC,CD2_P
stream,0,,,
stream,1,,,
stream,2,,,
stream,3,,,
stream,4,,,
stream,5,,,
stream,6,,,
stream,7,,,
stream,8,,,
stream,9,,,
stream,10,,,
stream,11,,,
stream,12,,,
stream,13,,,
stream,14,,,
stream,15,,,
stream,16,,,
stream,17,,,
stream,18,,,
stream,19,,,
stream,20,,20.67699936373068,
stream,21,,20.539019414881864,1.3614308805337205
stream,22,,20.476293672343314,1.33151171990799
stream,23,,20.443816703978204,1.3097708208934733
stream,24,,18.609323006272895,1.2464435484150984
stream,25,,18.9344739353124,1.2669704022403572
stream,26,,18.92189953334644,1.2696429602705752
stream,27,,18.424497816491538,1.1756368081448665
stream,28,,18.03918651216276,1.0588914687788133
stream,29,,15.026576989766268,0.8497804613944888
stream,30,,15.374139393155897,0.7881873787476896
stream,31,,17.022869734836345,0.781054135550214
stream,32,,17.973770697518876,0.7817476587773586
stream,33,,18.35279475446354,0.7209212215900587
stream,34,,18.352819239232414,0.7320671787385337
stream,35,,18.52685140523291,0.7391000676965447
stream,36,,19.978977545179397,0.7637092078808458
stream,37,,17.301320168781704,0.5185309774218901
stream,38,,17.439563012969124,0.4855367119862476
stream,39,,21.077761519288384,0.6959415703349108
stream,40,,20.06245586726165,0.84969407104976
stream,41,,22.076296619904753,0.8774682210357023
stream,42,,29.394719862834997,0.938349938638967
stream,43,,31.278145361583107,1.0142002020603982
stream,44,,31.728424724619757,1.146232586577748
stream,45,,31.0521683737693,1.156166922843598
stream,46,,31.35223505069933,1.201442010221592
stream,47,,31.204812044445145,1.208041359123363
stream,48,,32.378938309046326,1.2293060637578845
stream,49,,32.783552580243224,1.2090831413248344
stream,50,,32.665890126131025,1.1865202872642642
stream,51,,28.03007957572113,1.0922473948368931
stream,52,,24.284560291777264,1.0910744302159527
stream,53,,26.18089357681028,1.0994943919138234
stream,54,,28.189335270155777,1.0867489476128003
stream,55,,31.881399141378317,1.0906033537485247
stream,56,,30.347622863562595,1.27072502605077
stream,57,,29.160470719478624,1.3437426210148697
stream,58,,31.098978557615418,1.2601294783636936
stream,59,,27.67464868213181,1.0279837204577507
stream,60,,28.74141061890534,0.872891978023752
stream,61,,26.745225347474186,0.8500316231419021
stream,62,,19.286961954103376,0.7853785893478616
stream,63,,17.48498774104161,0.7066522220965484
stream,64,,20.343281563041103,0.7196397787543882
stream,65,,23.103880143173534,1.1006681117186328
stream,66,,22.45967209171525,1.1691996719683253
stream,67,,22.303609063285517,1.162600323066554
stream,68,,20.774954928832667,1.1412222407151926
stream,69,,20.3308918854377,1.1331381717241373
stream,70,,20.449528798357655,1.140757911212485
stream,71,,21.55226502978929,1.2507057428281108
stream,72,,22.166794918523475,1.3870990570978687
stream,73,,19.790901578711026,1.3510896859696306
stream,74,,17.857954980586143,1.3514252480589641
stream,75,,14.229361338613263,1.3422054579105753
stream,76,,14.041197624786316,1.14818347189551
stream,77,,13.946686014914345,1.0910981159611022
stream,78,,11.960401109266838,1.0734656766641775
stream,79,,12.421502664353277,1.0996826923140806
stream,80,,11.336698607487413,1.1458413618556003
stream,81,,11.31244942313483,1.1166032197622495
stream,82,,13.35053187590769,1.193855099789972
stream,83,,13.503302537095129,1.3364764839730523
stream,84,,10.238136535158375,1.2105475312346343
stream,85,,7.322890308055693,0.7759443649510273
stream,86,,7.340738925649738,0.6639480365416218
stream,87,,9.719521510530562,0.7294679619779678
stream,88,,12.470530760787913,1.1192787073829114
stream,89,,12.764123442868968,1.1675413794295526
stream,90,,12.674070524651958,1.1572728212608971
stream,91,,13.321374290425702,1.0729518857951998
stream,92,,13.081859743561779,1.0794758978751093
stream,93,,14.792697433765682,1.0646047997615784
stream,94,,16.09966375414386,1.0638813135845888
stream,95,,17.98051120601348,1.0659734677385053
stream,96,,18.28510278364714,1.0870570298707989
stream,97,,18.205009386949538,1.1076230834346172
stream,98,,18.182844600416644,1.1295227083442565
stream,99,,18.10274911522807,1.131090895564573
stream,100,,18.15515833760106,1.1495218607290103
stream,101,,18.526951011750864,1.158231716654539
stream,102,,16.52285375090931,1.1192782026645125
stream,103,,17.71189988520133,0.9921617291825974
stream,104,,17.74402076851234,1.0517291114714868
stream,105,,17.86598266444159,1.0483940778041307
stream,106,,18.640973155222053,1.0558872816214822
stream,107,,16.93961062072008,0.9917525075075553
stream,108,,14.589360956181661,0.6933819159215553
stream,109,,14.311056062901557,0.6649072515599052
stream,110,,14.377922802023473,0.6801619183304212
stream,111,,12.475178264293268,0.6700213097003879
stream,112,,12.465763953627118,0.5391488814875477
stream,113,,17.28511904965681,0.6533382868224297
stream,114,,16.44833477504861,0.78033730642693
stream,115,,16.923628413871803,0.7986181716508891
stream,116,,21.958658987158937,0.7866505059931467
stream,117,,22.44058058025042,0.8241146735629653
stream,118,,23.18979461451559,0.8015525815366101
stream,119,,24.821404579580772,0.7949413917157925
stream,120,,28.91337199412223,0.7322705973191991
stream,121,,31.538311705024704,0.7254096639729388
stream,122,,33.6559587620981,0.6767207277077755
stream,123,,35.28575080121261,0.6638424770706579
stream,124,,35.37701410473778,0.646334164531904
stream,125,,35.33023604900394,0.6719338255784808
stream,126,,34.57898820992721,0.6597595984392806
stream,127,,35.12620716178738,0.712389903614899
stream,128,,34.67012929645583,0.6632356117790957
stream,129,,34.660153960980146,0.6410503939548596
stream,130,,35.3059039723136,0.6617182027316877
stream,131,,38.26954273621223,0.9254137034322688
stream,132,,40.02344402718311,0.9162991755562571
stream,133,,33.51374508727563,0.867721998143712
stream,134,,33.17735482092054,0.7559347106469958
stream,135,,32.32554966778448,0.7675979003266205
stream,136,,27.594820580764605,0.7554903701521017
stream,137,,27.148009350662488,0.6806756587658752
stream,138,,27.547692398519995,0.6915629742567393
stream,139,,24.524804980920052,0.7284415715310748
stream,140,,21.34680674855043,0.7979411383355212
stream,141,,18.553321321305177,0.8060252380107343
stream,142,,16.219954587119574,0.8120007182683374
stream,143,,13.72580284393504,0.8268007992784996
stream,144,,13.958918003634384,0.7656507410915924
stream,145,,14.049123401100585,0.7763614794849953
stream,146,,14.004930956241557,0.7849879077760383
stream,147,,13.031229348307335,0.7372921204714857
stream,148,,13.277425691708435,0.721039418097025
stream,149,,13.329586279048575,0.748751738056072
stream,150,,12.393768302520199,0.7150137520665731
stream,151,,9.726925081015901,0.4396683075973672
stream,152,,7.653434463862167,0.4675110156186183
stream,153,,8.151051526394465,0.423381039321966
stream,154,,8.412058876152546,0.40848920102850866
stream,155,,8.22230180725027,0.3825871815853052
stream,156,,8.650051504396563,0.5820101584430359
stream,157,,9.479930461567374,0.7490972867680974
stream,158,,9.28589761806198,0.7383927287591783
stream,159,,9.238601292125015,0.7212926961765131
stream,160,,8.27700423539005,0.6499809209849362
stream,161,,8.265490383404988,0.6499809209849362
stream,162,,8.798113103560178,0.7000312550168897
stream,163,,10.991250524110983,0.8848311044705712
stream,164,,11.842002836762703,0.8934346049662422
stream,165,,11.726610421141265,0.8880036466989106
stream,166,,15.711373659837113,1.0126948930003385
stream,167,,18.821550204490148,1.007076033746125
stream,168,,20.839614337820812,0.9850857205395182
stream,169,,21.234882892685068,1.1055602256391828
stream,170,,21.922304448405203,1.1754044819245355
stream,171,,23.278794771475727,1.1760210679943328
stream,172,,23.53282071356087,1.2835917396230279
stream,173,,23.065413935788904,1.2586535389973583
stream,174,,23.880832400905003,1.3261294886085975
stream,175,,22.415115821321194,1.336622700602406
stream,176,,26.175835112387155,1.2434632302240018
stream,177,,25.215117565813532,1.1625789495527463
stream,178,,24.598012533589646,1.2245342883954184
stream,179,,25.293676337216066,1.2629419274089333
stream,180,,25.45253889475288,1.312823282172647
stream,181,,25.448765267693684,1.3306363042506073
stream,182,,25.719185045560742,1.337122548933672
stream,183,,23.3838274309898,1.244423493870769
stream,184,,23.631492366888804,1.3585113450932704
stream,185,,23.64184692583092,1.359123582314722
stream,186,,19.74239765041022,1.2449198433408126
stream,187,,17.63636923837073,1.259838947459637
stream,188,,16.13285154166391,1.3805807857878534
stream,189,,15.685983176061622,1.2606883166969094
stream,190,,14.993181932931646,1.1882716480608944
stream,191,,13.423240455669493,1.1900549606225965
stream,192,,14.007594682645127,1.0619061023866219
stream,193,,14.521776443783082,1.0546062194021886
stream,194,,13.59905893824916,1.0501377002754728
stream,195,,14.811329208439716,1.0471654616524917
stream,196,,10.612280153406797,0.9343496078357151
stream,197,,10.615757606387264,0.9128354743264842
stream,198,,10.580968688260008,0.8516567916763159
stream,199,,10.069743797122792,0.7705610145445236
stream,200,,10.181306830899121,0.7489740155339611
stream,201,,9.974201330555653,0.7283162037442001
stream,202,,9.429503215968634,0.6693227594179465
stream,203,,11.221838985907116,0.5898291435763493
stream,204,,10.38157843780099,0.4874543925680973
stream,205,,10.322576022150912,0.4775429917925629
stream,206,,10.351301983180548,0.4617870475543111
stream,207,,9.150128813468756,0.465235474288607
stream,208,,8.391642538220712,0.33957478031474964
stream,209,,9.056635747109032,0.33755386436358087
stream,210,,9.215070643830037,0.34821034532505285
stream,211,,10.568205191212623,0.4222772284669613
stream,212,,9.635723368197567,0.44346761788872835
stream,213,,9.21724820596171,0.44598089308516
stream,214,,9.15600249718473,0.38363594621014063
stream,215,,9.043658516660543,0.3801446182457889
stream,216,,8.596235361299938,0.47845843312306735
stream,217,,8.342576367795614,0.42161193589112395
stream,218,,7.982589038235036,0.42035530113499864
stream,219,,9.46441832119349,0.5014511389691538
stream,220,,9.981539957799006,0.47631662497869226
stream,221,,9.984629238216707,0.485947286397342
stream,222,,9.93748120679352,0.4888860252294248
stream,223,,11.218666098199936,0.6418186798178723
stream,224,,11.605118296985113,0.6425759076458275
stream,225,,11.610127335077044,0.6635457667205561
stream,226,,11.916488045799406,0.6717883017675782
stream,227,,12.318832627679182,0.6526743383304606
stream,228,,12.324178328379983,0.6628692096437236
stream,229,,11.949323172103343,0.6450240690262984
stream,230,,11.996623868067585,0.6706779892457069
stream,231,,10.559130721108167,0.6007603308908482
stream,232,,10.69626787986223,0.5883597045807829
stream,233,,10.596755727701618,0.6013327416666732
stream,234,,10.336677215774342,0.6004567281463323
stream,235,,9.10457037892257,0.5956582771382242
stream,236,,9.032024721330048,0.4940771795929549
stream,237,,9.979850519571533,0.5065820668319593
stream,238,,10.00234898093923,0.5207129085886341
stream,239,,11.441255804214126,0.5207129085886341
stream,240,,12.939900971108724,0.5212382492260554
stream,241,,13.306552953343838,0.5261562675424281
stream,242,,13.09588449662235,0.5261562675424282
stream,243,,10.820205253119891,0.3771014991273586
stream,244,,9.772158691642396,0.3869070752516431
stream,245,,10.565414189014524,0.38872663427480825
stream,246,,10.302432034668584,0.383078380013837
stream,247,,10.108899724516132,0.3836039903548923
stream,248,,11.7721052109826,0.49415847426290455
stream,249,,11.99546966579832,0.49336668573987347
stream,250,,11.84673535402458,0.47120980182090544
stream,251,,12.718063028572436,0.5081254365652679
stream,252,,14.161817898996908,0.6596766376529629
stream,253,,17.03826138385161,0.6455147364659951
stream,254,,17.49409518118228,0.844555866245837
stream,255,,17.51627745763561,0.8718691637907852
stream,256,,17.4361061611799,0.8734462603547869
stream,257,,17.364449198916525,0.8894400984180868
stream,258,,18.65413343206819,1.033903175047216
stream,259,,16.63604062599257,1.1460752039507163
stream,260,,14.540230398163164,1.1563683385415175
stream,261,,15.895389841702587,1.1654996240533317
stream,262,,16.675266107696697,1.37192401705601
stream,263,,15.526001245936392,1.388435632417687
stream,264,,16.106292829368005,1.389988703028585
stream,265,,17.10361336490509,1.5235465115466313
stream,266,,16.951726440274985,1.5962755593777471
stream,267,,21.956166143465524,1.7578837519859032
stream,268,,20.68281267788949,1.760936437600442
stream,269,,21.455270263396134,1.7609364540971653
stream,270,,21.994884369107037,1.7514410262843645
stream,271,,21.4659962149847,1.7039039807321834
stream,272,,19.94773190901231,1.5478309982669551
stream,273,,17.033361415372365,1.5472991770847726
stream,274,,18.41092853065595,1.4050615966558186
stream,275,,21.996466781665788,1.7833114746619079
stream,276,,22.17747991135359,1.8571662360256846
stream,277,,21.489675776376888,1.8588485426560348
stream,278,,22.115220169041393,1.8419479445715794
stream,279,,21.029962261896713,1.7106835311333495
stream,280,,21.465407934042616,1.7264915962747351
stream,281,,20.086487361078074,1.759658123809965
stream,282,,19.349721617510376,1.5662105050003647
stream,283,,19.286726090749948,1.5137084233944218
stream,284,,19.897049853066825,1.5275032294084194
stream,285,,18.414667328968374,1.3631096933770237
stream,286,,18.461843046704765,1.2879904445069814
stream,287,,13.9912309684937,1.1353129241275524
stream,288,,13.605504226507724,1.0304955113777012
stream,289,,12.628582490381023,1.0321171176039576
stream,290,,12.21173457086104,1.0725618579414564
stream,291,,12.988392869274485,1.1458153965435558
stream,292,,13.647537761868483,1.1326539815648453
stream,293,,13.649138665400782,1.1539216041157678
stream,294,,11.806074757086211,1.0971868911519853
stream,295,,8.690727751921537,0.7127404552908815
stream,296,,9.474341080721018,0.7492436045919446
stream,297,,9.508715474222306,0.7767934106996379
stream,298,,7.597763564129066,0.6492309330423575
stream,299,,7.7605259884329625,0.5853027157119504
stream,300,,7.13948573887823,0.5567489504449331
stream,301,,6.793885560362609,0.4921134212310792
stream,302,,9.73822304636565,0.5784174711767228
stream,303,,9.764448847898446,0.6505142993776829
stream,304,,8.553249907213424,0.6056948296082959
stream,305,,8.648545257204205,0.6052941844424083
stream,306,,8.599197581287136,0.617397625764842
stream,307,,8.024828919670682,0.6221178084838548
stream,308,,10.973613651089758,0.6511496643468551
stream,309,,11.491767246092914,0.9098309019467616
stream,310,,13.639387066018475,1.0677884285845336
stream,311,,12.65571038033051,1.1369726197623933
stream,312,,12.430580309852118,1.1381372135822336
stream,313,,12.752610862144005,1.1154304545687732
stream,314,,12.765072201814698,1.136329112143269
stream,315,,13.711989902546236,1.1850493947232497
stream,316,,12.939626799479862,1.170813261801632
stream,317,,12.948517179467606,1.1432634542410758
stream,318,,14.64774928150402,1.1799450654793098
stream,319,,14.77740562668155,1.3167808399575516
stream,320,,16.27235947869792,1.4332141077660547
stream,321,,16.62826941224821,1.529915255246747
stream,322,,15.323697268936181,1.4298426241086846
stream,323,,15.718310481394553,1.4782814724583848
stream,324,,15.727917913763855,1.4839316320401903
stream,325,,15.528159014424444,1.4778563144948877
stream,326,,16.33788377702808,1.4642011683230818
stream,327,,16.364227779950227,1.5248319110589876
stream,328,,15.976203821694558,1.6459228093820342
stream,329,,15.896353104741792,1.6109959796938926
stream,330,,15.228713431641857,1.5665521400023943
stream,331,,19.947998652269103,1.4433538789735194
stream,332,,19.815124251482857,1.5469447536810412
stream,333,,19.647417504124924,1.599591532725422
stream,334,,19.832795521548437,1.5937294078880118
stream,335,,19.41016075618303,1.601174481624983
stream,336,,19.373124004612222,1.5129248725086015
stream,337,,19.40007753685179,1.4751602421217893
stream,338,,17.778178276756893,1.4256044305507147
stream,339,,17.615066344751668,1.3013078622680743
stream,340,,16.208439748776033,1.1834438296578833
stream,341,,16.50211315568389,1.1356062147857442
stream,342,,15.422892385705698,1.1278171976058637
stream,343,,15.5558943403227,1.0784486017056534
stream,344,,17.583343577754317,1.0876986637816146
stream,345,,18.94132647529401,1.3671321853254428
stream,346,,20.09866610513975,1.3657305730625457
stream,347,,19.902019202168304,1.3390692006637472
stream,348,,18.669820145545717,1.2029153591402584
stream,349,,17.932224725736532,1.0258137024471181
stream,350,,16.422528625790708,0.8797339487995428
stream,351,,14.258897534818722,0.9068842076096659
stream,352,,14.280681531571128,0.8363736922783072
stream,353,,14.118523126377632,0.7938529662410603
stream,354,,14.503694181501022,0.7932104691455789
stream,355,,13.722499305377237,0.7667475479775372
stream,356,,13.627063915137814,0.7636619449543761
stream,357,,13.722080960319504,0.7697761775776808
stream,358,,15.62203031890025,0.7949454688734139
stream,359,,16.18178590147563,0.7975458854286579
stream,360,,16.170607766090896,0.8064973467739752
stream,361,,15.520045896710174,0.7593690947380237
stream,362,,15.200103647901331,0.7674680268586226
stream,363,,14.715876575431139,0.7010062799660686
stream,364,,12.742948471760439,0.6847209223087798
stream,365,,13.013280044855671,0.4551393582662859
stream,366,,13.044743752529376,0.45596135531676646
stream,367,,16.263087738649517,0.41191804817555033
stream,368,,16.546211153106753,0.3874616295702176
stream,369,,18.029292583948397,0.3313755429212997
stream,370,,18.22994715833048,0.34252391867317106
stream,371,,16.506543136383833,0.3895771549868201
stream,372,,17.281491818588847,0.5002670586239424
stream,373,,17.831465031533497,0.4943895692833843
stream,374,,17.631214162256946,0.5422783795548325
stream,375,,17.768066282280525,0.4844943460744235
stream,376,,17.82261259325521,0.5094325668932204
stream,377,,18.17309097661893,0.5655482697133888
stream,378,,19.357327252062916,0.5641474870952131
stream,379,,20.62344533479752,0.5547462971890207
stream,380,,23.510738385373802,0.5474321179499956
stream,381,,24.350052562683373,0.5771658747729426
stream,382,,25.599991882688503,0.7469717624498116
stream,383,,25.555800147531066,0.7939748217060763
stream,384,,25.829452442780493,0.7998814562155472
stream,385,,23.99314453128398,0.7581832510448969
stream,386,,22.004374929848453,0.7568440152225698
stream,387,,19.003723522558538,0.7566248062372293
stream,388,,19.182904144873934,0.8813160484334114
stream,389,,17.7198255103411,0.9313725618884656
stream,390,,17.450177817229093,0.9179886956561528
stream,391,,16.475369653645362,0.8298892397913724
stream,392,,16.86719666331011,0.7417184775563221
stream,393,,17.475170855772678,0.7374010729415638
stream,394,,20.702825795303294,0.6986281059038546
stream,395,,20.61594661393787,0.9272333049244474
stream,396,,21.534868421748225,0.9704032966692433
stream,397,,20.906699577048578,0.9587803774523658
stream,398,,17.705808343223577,0.9361311179108471
stream,399,,17.505320590285773,0.9956747300213389
stream,400,,14.56414345273951,1.0448954761423361
stream,401,,16.724854658016724,1.0872431037930717
stream,402,,18.207305431015833,1.3472536677347846
stream,403,,18.285202161733785,1.3513114171278857
stream,404,,18.49936315316159,1.3589160741612585
stream,405,,20.04533799634259,1.3534778045026317
stream,406,,20.206305776709698,1.4528661194842487
stream,407,,19.958573039594704,1.4556277709236296
stream,408,,18.865426230716206,1.3379756115015293
stream,409,,19.658192644073548,1.4016120529521352
stream,410,,19.54628872623324,1.4183263414514156
stream,411,,21.348355345684705,1.4871812372426683
stream,412,,21.88015198820896,1.4293972504970736
stream,413,,20.706353597780456,1.4961873252079754
stream,414,,17.287214188329653,1.4791242709833938
stream,415,,17.105480348099665,1.2724915949574542
stream,416,,16.072237092801863,1.200919861488213
stream,417,,18.80180231901761,1.2562480212194915
stream,418,,18.991400768404034,1.3078875394931462
stream,419,,20.79229348512334,1.3134078252552501
stream,420,,21.686347661455862,1.3015980678741956
stream,421,,18.844997750923593,1.236362227750226
stream,422,,15.867444510643656,0.808725419872911
stream,423,,16.99257813312815,0.7763244875880925
stream,424,,18.05042954133606,0.7644048485375905
stream,425,,16.50505849939823,0.803517614190499
stream,426,,16.59871114491136,0.7097254788820079
stream,427,,17.042031688833305,0.7047177991590152
stream,428,,16.33558936102413,0.7047178485977482
stream,429,,18.985451215795745,0.7047179164371924
stream,430,,18.989081297629397,0.827402311710839
stream,431,,17.25709259623369,0.7564784777446774
stream,432,,16.55081636841665,0.7934105892724813
stream,433,,16.771864325644145,0.7480944044016096
stream,434,,16.971261281129966,0.7415787433637426
stream,435,,16.955153751226216,0.7624865252253595
stream,436,,17.1445395550926,0.7580565476468468
stream,437,,14.3623311078202,0.6604967420523431
stream,438,,14.742599984521128,0.6515614850299183
stream,439,,11.209053560656697,0.6028299274035274
stream,440,,10.28960754303172,0.5641925295169024
stream,441,,10.25996298650957,0.5579875959314343
stream,442,,10.390496285406453,0.5732860029652029
stream,443,,9.610677419452088,0.5517470440077397
stream,444,,9.414590678909038,0.5626694339343112
stream,445,,9.718704276454421,0.6105069417397412
stream,446,,9.45459809715306,0.6154986941814555
stream,447,,8.997478132048059,0.6149800977089591
stream,448,,9.254948306598909,0.6096387358728363
stream,449,,5.944569963140955,0.4973535402381239
stream,450,,5.942665714525018,0.35577517553985244
stream,451,,5.872536074670083,0.35188429785527314
stream,452,,4.942869044175624,0.32577149375842473
stream,453,,4.722253221612701,0.3257715233321722
stream,454,,5.415407754425474,0.35872502511790283
stream,455,,5.421445919365622,0.36551339866449034
stream,456,,6.009444373452629,0.42219525097548694
stream,457,,7.421746209592667,0.5937451448867973
stream,458,,6.863775025987071,0.6119695854529218
stream,459,,8.634692294486975,0.6538270296924709
stream,460,,9.279507250461627,0.6620425858521505
stream,461,,9.266324973635973,0.6674557302872228
stream,462,,11.37182049298777,0.7555490955981415
stream,463,,10.997751716784855,0.8682675384476868
stream,464,,10.718653153125482,0.9203889779227414
stream,465,,12.463236938501604,0.8275255892952535
stream,466,,12.465730995594607,0.8737789549634838
stream,467,,12.465742436153295,0.8730711342760041
stream,468,,12.208552869812765,0.8635916270608565
stream,469,,12.0465994916641,0.8624119114310203
stream,470,,13.036645945350502,0.8993931891100397
stream,471,,13.40645573648326,0.9097249470552198
stream,472,,14.476956088660677,0.9152716975882496
stream,473,,14.904003226756604,0.9022949025104762
stream,474,,15.462805015993784,1.0044572517908452
stream,475,,16.415592228047284,1.147355487461653
stream,476,,15.900939237208334,1.0998788389241034
stream,477,,15.071745168995857,0.9211332820799347
stream,478,,15.067939755082893,0.8828538704821595
stream,479,,13.434714756136493,0.829848034382476
stream,480,,12.792698095597613,0.8240922977220673
stream,481,,14.027161514405403,0.8632560739556497
stream,482,,13.855155693308426,0.7513210042557542
stream,483,,14.402399925403895,0.6538988127279193
stream,484,,15.6713944035454,0.7657093711211469
stream,485,,13.783078218818028,0.8126841286136776
stream,486,,16.27073680300869,0.8827732121463112
stream,487,,16.261728689855293,0.9685575704828566
stream,488,,16.9592022055973,0.9844898355759143
stream,489,,18.453656353844682,1.125977790029549
stream,490,,17.77886704901612,1.2206176016718597
stream,491,,17.909981317473704,1.2120742886816493
stream,492,,16.56355307295167,1.2453768190766485
stream,493,,17.0361671530699,1.2453768377706953
stream,494,,16.047756517152326,1.2310103395576095
stream,495,,15.027255788621419,1.0566703027383588
stream,496,,15.27723690204819,1.0561655037645514
stream,497,,16.37561411123138,1.2312264820847536
stream,498,,16.38861004071771,1.2809628307738419
stream,499,,16.332951851588515,1.2722864729739158
stream,500,,16.99077198889161,1.3284496783167286
stream,501,,15.641963782205853,1.3139066633260428
stream,502,,13.546269688569927,1.3121182022628002
stream,503,,12.926557083464916,1.2946528560951192
stream,504,,10.547967541285463,1.1181536347322172
stream,505,,10.5538911112205,1.0673870734485065
stream,506,,9.232882681468402,0.9654359835609075
stream,507,,9.268520874171525,0.9062792606375791
stream,508,,8.688823316435967,0.8984537653013771
stream,509,,8.36541945317429,0.7702716439077079
stream,510,,10.416658697726694,0.8791447170961572
stream,511,,10.031511464131341,0.9206550095505759
stream,512,,9.89122805373129,0.871420240125885
stream,513,,11.789346237612527,0.9867250719266805
stream,514,,11.245280997466791,0.9350420289735629
stream,515,,11.995890124729549,0.934330692691176
stream,516,,11.535775376058416,0.9406139084167592
stream,517,,9.832226028766279,0.7680054830804984
stream,518,,10.53351461194036,0.7106636772778365
stream,519,,10.960252739477118,0.7914382557121757
stream,520,,11.221333380924664,0.831884123435091
stream,521,,11.24534092558725,0.8445544774254748
stream,522,,11.247262220032498,0.8446535510347657
stream,523,,11.264877437218189,0.8447450662326716
stream,524,,12.085126777690013,0.8988137522608282
stream,525,,13.501179165397094,0.9065568783880026
stream,526,,14.315632074282565,0.8827883364027082
stream,527,,14.283984829227213,0.9126826399601214
stream,528,,14.460048588739506,0.9149613357933197
stream,529,,13.728782178500314,0.9604383902343322
stream,530,,13.656355143342743,0.8846448276893841
stream,531,,19.329410117933506,0.8707410611134963
stream,532,,19.52656929310838,0.9938276484467945
stream,533,,17.416359995164495,0.9188056571184962
stream,534,,17.366149994168268,0.8627663747858415
stream,535,,16.62073014137502,0.8453655611191244
stream,536,,16.580486174944156,0.8302223973373922
stream,537,,16.777889625383846,0.8274577727959005
stream,538,,18.880853778003964,0.8711655267977073
stream,539,,19.78577525802932,0.7951341089436387
stream,540,,20.56551241112042,0.6956999664159842
stream,541,,21.034178099410823,0.8307506041043786
stream,542,,22.09150410078061,0.8330805831168867
stream,543,,22.77653399906482,0.8338337548322563
stream,544,,22.085759335863926,0.7844536642787299
stream,545,,22.999266373548863,0.8286702630487651
stream,546,,21.29182309886942,0.863701308333305
stream,547,,21.295515631551776,0.8127207525163239
stream,548,,22.295744889401707,0.8422822607006243
stream,549,,22.219719739788435,0.8756938486073622
stream,550,,20.780207699247306,0.7890439400282867
stream,551,,15.334455326069554,0.7670322431020785
stream,552,,15.196728609180724,0.6622149273988849
stream,553,,14.684771838384274,0.6139143823844018
stream,554,,15.932939275560065,0.6236630099925831
stream,555,,15.938275410506249,0.6496090292946555
stream,556,,16.869230083411672,0.673762251484748
stream,557,,16.917369373028123,0.6848177397220665
stream,558,,14.762039394469264,0.6951546147044997
stream,559,,13.549434926560224,0.69063066322586
stream,560,,11.866397906288025,0.6995365015742231
stream,561,,11.695828968293862,0.5356910704827085
stream,562,,12.844765003522426,0.6863876750494284
stream,563,,12.186939708813611,0.7934502630468604
stream,564,,12.301465337665586,0.815807735416975
stream,565,,10.420338290996233,0.7673185539368086
stream,566,,11.023720199850084,0.7356662810650004
stream,567,,11.05836177256655,0.765389783918218
stream,568,,10.159570902939903,0.7324327758335982
stream,569,,9.79158137807288,0.6567641987709156
stream,570,,9.345206871602617,0.5862344819488216
stream,571,,9.554356638267716,0.5788587672819744
stream,572,,9.477266469156817,0.5709749612419237
stream,573,,9.387718811232384,0.5712109041550372
stream,574,,9.06518103298329,0.5699091627369898
stream,575,,9.652112369022188,0.5439631479151038
stream,576,,12.500474904991691,0.56121301602597
stream,577,,12.650185704501492,0.8064551401796873
stream,578,,12.688775179072264,0.7356915908465211
stream,579,,12.564834524674527,0.7906229761222252
stream,580,,12.546399754152402,0.785554820476515
stream,581,,12.265762016028857,0.7720945550185355
stream,582,,10.327842730215817,0.6346419677130518
stream,583,,10.352702384824838,0.5478314392514074
stream,584,,10.259180182905608,0.5353851126123038
stream,585,,9.82112349689616,0.5319523615722539
stream,586,,10.646650313272293,0.643948676204648
stream,587,,11.01902930123743,0.629876169374026
stream,588,,11.20171875912196,0.6230468342681614
stream,589,,13.88699792039195,0.6261181225511927
stream,590,,13.774174075479422,0.6404371766157767
stream,591,,13.734161417632585,0.6405286932884559
stream,592,,17.63168753117099,0.6874934440420107
stream,593,,17.992868514632587,0.7336472776768803
stream,594,,16.99849768095863,0.7376665990774949
stream,595,,16.60027340843728,0.7375518672919976
stream,596,,13.033691533600907,0.7239677306774277
stream,597,,13.108627244524596,0.5116772418742942
stream,598,,13.440180824909831,0.6049825875106112
stream,599,0.9198864783387392,15.603392077094496,0.7505966869753858
stream,600,0.9202889533767304,18.116965909743342,1.0648953621703108
stream,601,0.9207855007010055,18.33234558524174,1.2185759954533109
stream,602,0.9212226194286057,18.621172761591136,1.259019422415191
stream,603,0.9215871434050051,19.6414806656011,1.2429708539348692
stream,604,0.9220272896834608,19.563265741148623,1.3008182888859243
stream,605,0.9224072278727445,19.623519030940983,1.3217857277600877
stream,606,0.9228702522515116,17.917728576334333,1.217668063700647
stream,607,0.9234010888958314,17.72984737253948,1.2112995143309189
stream,608,0.9238701858379906,17.413427528321296,1.2500303278675489
stream,609,0.9243007802182254,14.92857692986503,1.2301820832325103
stream,610,0.9245244966212752,14.933992360048219,1.2006083857175582
stream,611,0.9244780760414091,17.008501608071132,1.2352059346283244
stream,612,0.9244982027720106,13.548516341792332,1.3684696463537642
stream,613,0.9246864475618711,13.770561459816165,1.326519289156174
stream,614,0.9251279840407242,14.632048014076556,1.301422354438379
stream,615,0.9257391263875225,14.986149533597597,1.302442254502487
stream,616,0.9263695756123689,15.273386419395782,1.2748746330740992
stream,617,0.9267595641602653,14.910503860488962,1.2333108740988041
stream,618,0.9271057533993567,14.330158910318946,1.142129806516663
stream,619,0.9273880372690415,12.065946482761928,0.954258764121312
stream,620,0.9276151803234443,10.081146584269474,0.6685322769247254
stream,621,0.9277744975279922,9.874995688646894,0.5201255227292618
stream,622,0.9279116766831216,9.463698564354827,0.47757345163198256
stream,623,0.9279961705005919,10.010762683472981,0.5158164957876121
stream,624,0.9280636105442531,10.169743145039607,0.46201462916413677
stream,625,0.927901018393295,10.99368545476592,0.4507142962153362
stream,626,0.9276388773473182,11.171791495549815,0.4533892866486764
stream,627,0.9272374256580314,11.0263061096001,0.44451985796850085
stream,628,0.9268611752709188,12.156610192187609,0.43883031572368675
stream,629,0.9264626663297347,12.982513293071623,0.44142566433413766
stream,630,0.9261387817560116,12.687323703520795,0.4825094394107343
stream,631,0.9259875028161727,10.150717788340032,0.4489390744861799
stream,632,0.9257398109458692,10.134100422091526,0.2825512909293042
stream,633,0.9256768145354094,9.491587934600302,0.2978427022132944
stream,634,0.9254341041822525,9.324099687787003,0.3267045027782216
stream,635,0.9248428469473875,8.77572924063122,0.3495184674048187
stream,636,0.9239800113663215,9.454084505013224,0.3800780058058781
stream,637,0.9234785438920714,10.109046000108393,0.5228815667334308
stream,638,0.9228668667580777,9.704481476046052,0.5374761548584698
stream,639,0.922282856879722,9.703441194492889,0.5285338739314762
stream,640,0.9213884913503813,9.170349950015046,0.4960783795977326
stream,641,0.9201190887478943,9.469803260910856,0.5001079905457031
stream,642,0.9190480797891174,9.62177383697135,0.5335496015399592
stream,643,0.9174328833268081,8.310525459821566,0.5346509818770931
stream,644,0.9162833894629583,8.157870441904686,0.5171319249624171
stream,645,0.9159743515634885,7.0966500971936215,0.5095046063081252
stream,646,0.9151816834585487,7.790050625532935,0.5267253493153761
stream,647,0.9150703735131321,9.625256503885186,0.7133379472096003
stream,648,0.9151153027961473,10.137657831575469,0.9733407270113932
stream,649,0.915354302545931,9.572451149447708,0.99108489698344
stream,650,0.9148444265645778,11.604071266548706,0.9732982759904248
stream,651,0.9143846383378811,11.858715355989276,0.9950845093661004
stream,652,0.913876132871744,12.249924197507957,0.9803378720690753
stream,653,0.9133587031227716,12.768262722271409,0.9603411411934369
stream,654,0.9130433307701832,12.45503458719367,0.9309461719018873
stream,655,0.9130218285633314,12.493928527938431,0.9397842097555791
stream,656,0.9127737929635116,12.45811949514999,0.9359203320968371
stream,657,0.9122047310703825,11.682578573308977,0.8436157929389202
stream,658,0.9114059361310624,11.719340545077372,0.8297125710380686
stream,659,0.9098449931665958,13.047503963506726,0.844782827531777
stream,660,0.9083381813846577,13.4603978324468,0.947033722092484
stream,661,0.9068785170477817,13.263301927370376,0.9374548667614984
stream,662,0.9061721872124141,13.755081353695461,0.9036126805444848
stream,663,0.9062525800754214,15.83006680831882,0.8816034470622999
stream,664,0.9063658612882862,15.77039005978354,0.9416577581882216
stream,665,0.9067762856443544,16.71723378532258,0.9631967194405285
stream,666,0.907650364270945,16.097914127417123,0.9405377325317715
stream,667,0.9078073526740035,15.965069291297976,0.8509218494215595
stream,668,0.9074366483993497,14.058079402286976,0.6193535173952854
stream,669,0.9058717643890052,14.409075477924807,0.6320968478361895
stream,670,0.9045572358717007,12.478307776777314,0.6147541144687902
stream,671,0.904277059860101,12.345082887318444,0.6142325789713876
stream,672,0.9044898570532843,12.094483883060118,0.6077916984182549
stream,673,0.9049259915342173,11.556700816709327,0.6290520795852234
stream,674,0.9052559558959272,12.064604617120771,0.6546822128504951
stream,675,0.9049621838737989,12.307953503486894,0.6240209504950541
stream,676,0.9044346965319473,11.991193724099276,0.6000421312767802
stream,677,0.9043074826093108,12.227769825930967,0.5498643694360288
stream,678,0.9040561202301766,12.135667846136672,0.5526675901468051
stream,679,0.9047400567075337,10.896208938121879,0.5336459631333313
stream,680,0.9052531595259757,10.957162140456274,0.4584335443444003
stream,681,0.9061287074559818,11.021405202548163,0.45714046671205943
stream,682,0.9069660721255008,10.461390986655154,0.44400712063512376
stream,683,0.9071501511584975,17.043164146871675,0.6464833740244336
stream,684,0.9074579310760607,17.38055228923149,0.7806058243054326
stream,685,0.9080328288856306,16.431081586841064,0.7681279281688926
stream,686,0.9084201834953646,16.41636023348338,0.7657072277903962
stream,687,0.9077174413404958,18.152095007247425,0.7347849077462242
stream,688,0.9074083547820937,18.23685015631877,0.7690506980673996
stream,689,0.9072871727726983,17.764913879784515,0.7638782837474566
stream,690,0.9074382492625926,17.66035082946423,0.763465250308376
stream,691,0.9079919228628116,20.516382305008513,0.8547978210654412
stream,692,0.9085200256819539,20.443389224847714,0.8979130219419258
stream,693,0.9085328183955134,22.245974566785907,0.8926407775455909
stream,694,0.9080841268255625,21.83238871571965,0.8816103845954554
stream,695,0.9074739092795624,21.894448890431924,0.8797976197027941
stream,696,0.906585533915883,22.4361672439249,0.8898942228363373
stream,697,0.9060956680422665,22.411016364600314,0.9102556423955813
stream,698,0.9052376609847885,23.997921931554803,1.0072522782413678
stream,699,0.9042540005272104,25.00977900538933,1.1986643352130453
stream,700,0.9031275688389242,25.7318286743252,1.1718240080134747
stream,701,0.902203726065881,26.284700848723126,1.2975437069549083
stream,702,0.9014859560677958,26.05328548127165,1.3383123883556431
stream,703,0.9008002632951131,17.994812715347997,1.1549473320212718
stream,704,0.9001057425932579,18.217318690778967,0.9612891515638536
stream,705,0.8993711765425436,18.418810577270072,0.9529297072556299
stream,706,0.8985180156220524,18.343610748665395,0.9469847400465053
stream,707,0.8978898744392316,15.298502345491967,0.9286061509998159
stream,708,0.897479026004115,15.38185649640288,0.8371569408485026
stream,709,0.897926196298402,15.476678224493593,0.8092465049416282
stream,710,0.898493297896274,15.82780020814309,0.8041389462304858
stream,711,0.8988120273165854,13.762789362833646,0.6937809672938583
stream,712,0.8988893153645178,13.29212893242646,0.6847981751521897
stream,713,0.8990341909900251,11.727820023875541,0.6900703888794539
stream,714,0.8991064826542265,11.260283164173297,0.6941159581073361
stream,715,0.8993623305095528,11.179267279327757,0.6968651881826871
stream,716,0.8993717016419733,10.283223743373911,0.7585160490244407
stream,717,0.8987655026494296,14.03404912264992,0.9829100154746933
stream,718,0.8973198732316303,12.52398869465069,1.0649361629683782
stream,719,0.8949531309676353,11.426271131024176,0.8697701071333831
stream,720,0.8925351134851358,10.793416437112974,0.8837484232369015
stream,721,0.8893322537888837,10.02822078617168,0.7665228857899049
stream,722,0.8845682565479602,10.32544753315784,0.7281527621137627
stream,723,0.8789649566835237,9.527155209217302,0.7263943300211901
stream,724,0.8731125370522174,14.317143826514084,0.8645226161170194
stream,725,0.8682431475129405,17.14023720621967,0.8694865780813574
stream,726,0.8624915364928961,18.004383281379308,0.8879040283658352
stream,727,0.8578878068592877,20.794903435904025,0.8669257605325289
stream,728,0.8544831534129818,21.73785768527567,0.8814763547746356
stream,729,0.8517978330731056,22.545309721100875,0.8836454405195976
stream,730,0.8489895873843133,22.193535590821828,0.9137031279237111
stream,731,0.8469334410524842,21.718095549681887,0.9306847125007964
stream,732,0.8442169098169398,22.555892575245643,0.8957286514162957
stream,733,0.8420647922955862,22.317467605067073,0.9020359275064459
stream,734,0.8430484939372418,22.424716336283545,0.8931946105526419
stream,735,0.8459272824120395,22.170669862093106,0.8903622369664937
stream,736,0.8513498164643307,22.412423252257476,0.8334814978430857
stream,737,0.8549484856364142,23.0151606543478,0.8981221723224088
stream,738,0.858648989707391,22.98220362948632,0.8658521930517489
stream,739,0.8632174373586539,23.56682009211573,0.9037386151184624
stream,740,0.8669389313033972,23.00146875093745,0.9119455489571956
stream,741,0.8711909112413734,23.30421967218037,0.9200755034254475
stream,742,0.8749233181292955,23.107155348508734,0.9196643568564585
stream,743,0.8769495510682558,23.181785865548093,0.9010249975066117
stream,744,0.8792532918508932,18.251555929550754,0.8202933841499294
stream,745,0.8817947059093109,17.2131197355817,0.8380812503526819
stream,746,0.8835263116846477,17.338190499913576,0.8192383440579749
stream,747,0.8836688144693066,15.674872361751632,0.959000675995147
stream,748,0.8833988606732797,14.563368022064019,0.998186361766009
stream,749,0.8832683785572997,13.791628817332715,1.0260018092193113
stream,750,0.8831602307676281,14.47881259887112,0.9968803175027646
stream,751,0.8828741161765711,14.31350843026539,0.9772871686219667
stream,752,0.8824098499054518,13.489122150413333,0.9747531071608404
stream,753,0.8814604794965951,13.559445518566118,0.9562989195559827
stream,754,0.8814117604381033,14.818083495390026,1.0213096403909219
stream,755,0.8818409150196149,15.319425208896853,1.0286186945491897
stream,756,0.8816926625236392,16.41618629215167,1.0298062451393735
stream,757,0.8818502438543886,12.351949216793182,0.7198848574287097
stream,758,0.8824436220829867,12.440805343723243,0.6058150336167908
stream,759,0.8835408306460394,11.92612927110181,0.5695801981155973
stream,760,0.884830673244502,12.049871827337975,0.5688000237416296
stream,761,0.8860528646483816,12.097110706123537,0.5555546581088459
stream,762,0.8871692342569217,12.303906847795693,0.5536736108598453
stream,763,0.8891374667787642,16.716092148672345,0.7989230996367376
stream,764,0.8913246259911983,16.303538201989277,0.882935782857278
stream,765,0.8933494060902291,14.325721587419054,0.8632654812437341
stream,766,0.8965063717132602,15.292619578010077,0.9590068782999226
stream,767,0.8990594695685026,14.863592962003798,0.795958146866482
stream,768,0.9007325734036985,15.108175414381098,0.7494839318669295
stream,769,0.901209890574413,17.35748035141465,0.769578904875479
stream,770,0.9012590950584722,16.71699136610899,0.8499361607625435
stream,771,0.9011467779407196,20.22506727317882,0.9570970727110999
stream,772,0.9003827011338013,20.181516103075754,1.0963370255251639
stream,773,0.8997394479021822,21.033081317165873,1.1266168799132128
stream,774,0.8992400571746083,19.84510559172411,1.1121286711762606
stream,775,0.8992188631892583,22.46594998773948,1.278582913906837
stream,776,0.8996584636335198,20.98155014153672,1.4396453640507856
stream,777,0.9002829604606011,20.523609776320427,1.463325882932445
stream,778,0.9007501717401418,21.21065883167047,1.4803865528462625
stream,779,0.9008560765527148,21.140034797815634,1.5149390069808
stream,780,0.9005882274577235,22.742625347266962,1.5494447683609045
stream,781,0.9001015558810019,23.283749991805344,1.7494117497558859
stream,782,0.8992094624702675,23.375814445176776,1.8487621454394054
stream,783,0.8984431510111822,18.825308194735427,1.5877134753744482
stream,784,0.8974623285538608,21.150573611469685,1.4967180809630454
stream,785,0.8969482111744193,21.31691162823781,1.6438839317020721
stream,786,0.8964965890415376,19.19797135388316,1.5521853877481797
stream,787,0.8968621966955697,18.969297084680047,1.5660970590317513
stream,788,0.8973045537076525,18.851797090419453,1.5651378961816864
stream,789,0.8978542981910047,16.177638931095597,1.531835348495606
stream,790,0.8980545028233887,16.261028083164085,1.458323628098496
stream,791,0.8981407327784229,13.125215210654202,1.386749598055996
stream,792,0.8984351227312576,13.411956272809517,1.3010451186961611
stream,793,0.898695297388324,12.561769119525955,1.2928236048492519
stream,794,0.8988365763552069,12.352944462446043,1.2338069235035716
stream,795,0.8991242572148848,9.351772222222525,1.0693144558676255
stream,796,0.8996523510794191,9.822410923753651,0.9200404638369486
stream,797,0.9008229265962203,11.735103869708606,0.899367228324734
stream,798,0.9021815365949873,10.943023378635223,0.9253963808673099
stream,799,0.9034468665311357,11.076413985928854,0.8937440548482715
stream,800,0.9052293444129867,12.027828928275817,1.0033012812645994
stream,801,0.9071607469378119,11.466399131257111,0.843779094066319
stream,802,0.908952087778716,11.065492365179946,0.7549788365226722
stream,803,0.9105505443835201,11.177673058172552,0.7547294063517261
stream,804,0.9118866335309913,8.960272827377885,0.7029292247449277
stream,805,0.912829857963008,10.494120119844284,0.653173126510472
stream,806,0.9134440346586415,11.002666059281122,0.6593551014827059
stream,807,0.91384254617765,10.309384000975342,0.6369492886248854
stream,808,0.9140610911343731,10.366117552595275,0.6253717109849264
stream,809,0.9141515382780878,10.319750029679083,0.6110162568611013
stream,810,0.9141903453854475,10.318807146025721,0.6090347981240413
stream,811,0.9140927943950282,9.957292926883712,0.5729525449479289
stream,812,0.9137842842450163,14.881196180289177,0.6397701259685513
stream,813,0.9134030582883326,15.469590900532571,0.6797654252419684
stream,814,0.9128348770526331,15.754976578609579,0.6801004436411753
stream,815,0.9121339084126057,15.979808370939546,0.6714227031927491
stream,816,0.9113343748482352,19.591245715690473,0.7277359653440318
stream,817,0.9107108436122431,17.960521853827824,0.7976235173201263
stream,818,0.9102559648486706,18.308607706495216,0.7463877733026401
stream,819,0.9099397323485239,20.647907001016012,0.923356984640944
stream,820,0.9097581682784152,18.042962646815287,0.8714066791612435
stream,821,0.9093745137656128,19.771366383037865,0.9441448274567059
stream,822,0.9086968484921532,20.19507007865743,1.0752042437314384
stream,823,0.9081291444038838,20.058309644486137,1.0944008203072721
stream,824,0.9075146844037207,22.317887927496947,1.2020571062138818
stream,825,0.9067008610721623,20.919224513544574,1.1367108411438636
stream,826,0.9060972998618426,23.67025124527033,1.1736264955800735
stream,827,0.9056053264274457,23.765933927312442,1.2231822547651936
stream,828,0.9053512526836065,23.586261816621576,1.2313038645673924
stream,829,0.904735812464809,24.390805978217813,1.265215707660839
stream,830,0.9039004636238404,24.334043217614166,1.2760360573276956
stream,831,0.9023407441585953,24.377505464183724,1.2798875046393532
stream,832,0.9010922902090859,19.217525725369942,1.178857061376472
stream,833,0.8998403161688049,18.80413412080019,1.125273553867198
stream,834,0.8984074074201296,18.790724756510425,1.1242450245272018
stream,835,0.8972041464148466,19.099238555354827,1.1923220047152778
stream,836,0.8964263545151622,14.920582178250726,1.1081659978644152
stream,837,0.896091934172219,15.034754296692487,1.0339235279437957
stream,838,0.896155496575418,15.029762990553433,1.003013619034015
stream,839,0.8963893503045042,12.568473465905335,0.8260444087162297
stream,840,0.8965487772922306,12.776737392109741,0.7302549434619728
stream,841,0.8967110000318118,10.714999572506219,0.6255472930545284
stream,842,0.8963853346910263,10.32949872970155,0.48481374590216053
stream,843,0.8961627091337732,10.360792521070527,0.4607671551187469
stream,844,0.8958485003348201,8.494699875153954,0.3670362562949416
stream,845,0.8954097856691413,8.242323035808552,0.365353835158226
stream,846,0.8952353059498446,5.42539418520789,0.3225056495027072
stream,847,0.8953651737542146,5.806836692844395,0.2724923172798834
stream,848,0.8959193882507488,6.4585699766709554,0.37225509888870423
stream,849,0.8967946555656603,5.928807182321065,0.33770265500120356
stream,850,0.8974852461310798,6.367589898181025,0.32359532577593
stream,851,0.8978378843332625,7.066760069952198,0.32454098626831485
stream,852,0.8979026122978948,7.779905191724801,0.3049438277474212
stream,853,0.8978025561438893,7.602696671391119,0.29957710137946547
stream,854,0.897741556728573,7.44611889325445,0.2989607889787338
stream,855,0.8973529376344128,7.491136513176816,0.24099529563164424
stream,856,0.8973630013950846,7.2736579673916495,0.28122683992029973
stream,857,0.8974740761335773,7.108923661691992,0.30031325948480614
stream,858,0.8969124307121966,6.894329226166658,0.30073168794560157
stream,859,0.8964542499957432,7.498411771564821,0.3063748434696142
stream,860,0.8959522742123044,10.355733703530465,0.32749671497749394
stream,861,0.8958678530685615,12.631944491957755,0.7239062030647668
stream,862,0.89525732040601,12.754378917360055,0.7602438683648886
stream,863,0.8947524300530677,12.85468340335552,0.7865173095939163
stream,864,0.8942070897231913,12.300706612605678,0.7797165832748314
stream,865,0.8932574700796363,12.273962858494013,0.7478299712506082
stream,866,0.8921506692730514,12.725655039587254,0.784026928351391
stream,867,0.8914536298699766,13.434794513901267,0.7898272009641664
stream,868,0.8906184149770716,13.26474208472901,0.6960963045879263
stream,869,0.888828048892847,13.486436702232167,0.7910622320675771
stream,870,0.8871554826237226,13.141080454504793,0.7912663109241957
stream,871,0.8867239161767387,13.582112293108963,0.8786636817737169
stream,872,0.8862481436610959,13.507722483778815,1.0370520902341003
stream,873,0.8861873286812392,17.05471281687443,1.2971671248612262
stream,874,0.8852185795243886,17.768321760506463,1.329630141947614
stream,875,0.8837397298327558,17.067633383926633,1.3358652812192047
stream,876,0.8825734489690812,17.113000678879946,1.3004087182363553
stream,877,0.8807021925482338,16.83302183848981,1.2819072906577964
stream,878,0.8781102649162922,16.75630694889246,1.2859431305273112
stream,879,0.8768148508202186,18.216462187586256,1.378980944043027
stream,880,0.8760905189092805,16.383384110474264,1.3438159376675878
stream,881,0.8756445020485507,14.652990957177497,0.9413310873532226
stream,882,0.8763472972112428,18.372268939850454,0.9454827513290623
stream,883,0.8768785749496408,21.93959191835836,0.9191404687496867
stream,884,0.8771033745525173,23.269220817847142,0.9368355583436994
stream,885,0.8776129659885921,24.931777808553164,0.9332335544372155
stream,886,0.8796928145256568,26.13351856760152,0.891868299863988
stream,887,0.8833089380112098,27.149303880838566,0.8852462754992804
stream,888,0.8860694905994067,27.081999875690393,1.0262530959148704
stream,889,0.8885863842982341,26.783398372205376,0.9295977807408331
stream,890,0.8923345832632137,26.93462358392607,0.9693268908135856
stream,891,0.8951444728872282,26.7202915050805,1.0057849932931613
stream,892,0.898097372414009,26.251391897929874,0.8628110640887953
stream,893,0.9020224296789728,24.60388950600832,0.7050238105075073
stream,894,0.9048655963702297,24.76925061216917,0.8957876845719575
stream,895,0.9070274849102996,25.168491240685015,0.8842746062188469
stream,896,0.908857287251013,25.282525611674934,0.876569254652225
stream,897,0.9104514706992584,25.518209709048076,0.9172651260481117
stream,898,0.9116120938114225,25.523215773413412,0.9144556991464028
stream,899,0.9130242906912521,25.03386359593099,0.8426083285728985
stream,900,0.9142067939897668,23.767122404557863,0.8795167258601435
stream,901,0.9116268591716145,631.3431663207081,491.958486459499
stream,902,0.9084479651618034,18576.419728039928,503.3096477573665
stream,903,0.8819536380384916,27215.32409084144,564.6513036169304
stream,904,0.8813060025664503,28923.042991620605,661.0866136380012
stream,905,0.8809291565060007,28938.413618015325,711.7323411258451
stream,906,0.8880327089306096,29091.433315090228,714.2496761363594
stream,907,0.8899658866780427,29098.941411669184,723.1096555130022
stream,908,0.8925457365323609,29109.39372065013,724.45401712469
stream,909,0.8929116990830778,29109.32437107604,724.8895963967333
stream,910,0.8971878658268918,29177.20691390658,727.4194492293536
stream,911,0.8999548674128567,29175.908472940067,729.9998462308534
stream,912,0.900034117240156,29183.351465175525,730.1756391380757
stream,913,0.8987136055814983,29181.671533949568,730.2138696857106
stream,914,0.8976755383203566,29185.501294021946,730.2238611369775
stream,915,0.8943261561905772,29193.17640971146,731.1248736684928
stream,916,0.8875340388269586,29211.41374040429,731.2161392610146
stream,917,0.8834697513313312,29257.97989260661,735.5705570252475
stream,918,0.8740784762940804,29273.71142845374,739.6717237982389
stream,919,0.8643453127348807,29272.77942408383,740.6011092472527
stream,920,0.8574785852918331,29280.78486527126,740.7238496714331
stream,921,0.8476315360102519,28677.644247035296,250.56986305312788
stream,922,0.8457360745495623,10761.148221375868,241.5716193458114
stream,923,0.8470018488925044,2123.898203548683,180.63718534989167
stream,924,0.8426036959731767,477.3315632144718,87.78309519652645
stream,925,0.8410360651247569,461.4544151056328,40.01197543932058
stream,926,0.8476080923578464,336.7379048863616,38.201207768038316
stream,927,0.8503616719373132,353.2033220382506,33.408739127210715
stream,928,0.8504350361407811,365.458818237087,31.913875276212515
stream,929,0.8542509877188721,368.99781227762355,33.08649686146463
stream,930,0.8191683345881559,83179.71329382049,58.54852849547191
stream,931,0.7786185166623094,86226.26440216076,567.2230765715133
stream,932,0.7382306826698868,89322.26102401906,591.4486727589223
stream,933,0.709237782663746,89383.78641037806,798.0990320699601
stream,934,0.6832936883695059,89380.78674807808,799.4041073536258
stream,935,0.6885487503213192,89822.86183832659,812.760272451595
stream,936,0.699510727864042,89822.70592265711,823.0710584823146
stream,937,0.7037073460240865,89801.74492820512,821.8461460163537
stream,938,0.7146286686813186,89806.01818915458,820.9378895669225
stream,939,0.7248715029135004,89805.3659497284,820.7029066342488
stream,940,0.7362885132186141,89799.18536817069,820.6190309270497
stream,941,0.7461273900516211,89794.38933437239,819.7277585261688
stream,942,0.7564186144154902,89763.14713954787,817.351272704964
stream,943,0.764879403826403,89758.13741835605,817.0518288722924
stream,944,0.7742077035013811,89696.77367147618,813.5379837920249
stream,945,0.7799519157783269,89698.85968798187,810.9709462084388
stream,946,0.7857334027149467,89668.46950381763,810.4007721783552
stream,947,0.7910918245731999,89642.45292320056,806.3430349096417
stream,948,0.7954256738717036,89619.33128394745,806.3607372854473
stream,949,0.799591472047203,89615.90482816531,804.7602795542045
stream,950,0.8033251106670991,6737.847675844808,776.7329385842705
stream,951,0.8065342136227882,3691.3622643958183,265.3658668281527
stream,952,0.8088645659748195,588.5673197714759,240.96098640082027
stream,953,0.8117739478962851,527.1929618336795,34.24995460435687
stream,954,0.8143794922391859,525.3685288950005,32.722898696666185
stream,955,0.8172451487631541,75.20374407915808,18.461406107982057
stream,956,0.8201156634806868,57.421125118089044,8.07555615747746
stream,957,0.8235824957636593,32.17424380976583,4.96610985637083
stream,958,0.8274964304624066,12.408692748426862,1.7720878507938584
stream,959,0.8308882741070812,12.575704479855794,1.0755581261266272
stream,960,0.8341097951712912,10.750094048062147,1.0075022522094712
stream,961,0.836938465276515,10.90987244840294,0.9878073613174518
stream,962,0.8393478089526331,10.239495148225117,1.0470937002590905
stream,963,0.8412420788181042,10.039487391711482,0.9782346735177383
stream,964,0.8426519465434136,9.008473323208207,0.8866337673291723
stream,965,0.8435986946146868,6.591220097147579,0.5913751967343273
stream,966,0.8441314270668299,6.967826123652904,0.4574479272010304
stream,967,0.8442718564522147,6.757035643643995,0.5045843259439597
stream,968,0.8441523359482743,6.7512152276224215,0.49966622082962103
stream,969,0.8437176788540872,6.964170029597153,0.5030617600032375
stream,970,0.8435260487895321,9.215989388435391,0.7118878780584177
stream,971,0.8432983362494032,10.279831049838595,0.9481193380371487
stream,972,0.8432805165466885,9.912135101856412,1.042131362824376
stream,973,0.8433820186167527,11.091843506908342,1.0914246926601434
stream,974,0.8439246662865052,11.624061163429607,1.2367458808352392
stream,975,0.8446782092055399,12.83418020853342,1.2424843309672842
stream,976,0.8454491205943389,13.01368633360949,1.3582087527066227
stream,977,0.8459396796684163,12.634126185744806,1.3626773767360476
stream,978,0.8461395121790511,13.645491298069206,1.478829058714238
stream,979,0.8453858348249699,14.102073738523158,1.592488129868696
stream,980,0.8425738284909786,14.907566336571925,1.583056686849204
stream,981,0.8380154418285328,15.14927866895497,1.669867186085658
stream,982,0.8312896520105781,15.523824819845117,1.704603470910029
stream,983,0.8232518272805822,15.84459857488007,1.7569501222720987
stream,984,0.8129883641618731,15.877126604970561,1.795841611108513
stream,985,0.803388582696925,15.13515879499684,1.7921416238765262
stream,986,0.7939653009699221,14.756288661863962,1.7926059521538869
stream,987,0.7840381102773665,15.027079489122142,1.7599178452319728
stream,988,0.775329572308844,15.116582913743592,1.7797954963309222
stream,989,0.7680555233419406,14.750901129859932,1.7792447438877734
stream,990,0.7616080687280068,11.783343936988112,1.570418608676001
stream,991,0.7543181567610397,11.168018922818888,1.364408669142801
stream,992,0.7459152409159309,10.683370121680113,1.2756877344189137
stream,993,0.7403627933798772,9.99292811537999,1.1525866768835307
stream,994,0.7338360682630949,9.568803598483033,1.0708425897121185
stream,995,0.7268916563274821,8.790825044146906,1.0694190987797145
stream,996,0.7200750606132554,8.452869195139135,0.985509533944029
stream,997,0.7145562356872386,8.37412357040401,0.9191214660969935
stream,998,0.7078147192915881,7.062639555573067,0.8192210888864466
stream,999,0.6988425724362557,6.769398515058308,0.6828195752098594
stream,1000,0.6896859011769344,6.327245619913374,0.6806504715652093
stream,1001,0.6830570788117978,7.159256046419808,0.6835357855438169
stream,1002,0.6768098177688778,6.405468869235997,0.6835357182334411
stream,1003,0.6703109560694777,6.22909979987266,0.5932594627752055
stream,1004,0.665266139965832,6.154282864343488,0.5551605787158946
stream,1005,0.6638128780054952,7.543588602262014,0.6243856126884142
stream,1006,0.6630190944627998,7.813308117469959,0.7483479004091568
stream,1007,0.6625080347587478,7.740746316339364,0.7722489449118733
stream,1008,0.6607896189644593,9.047579991576885,0.8439545394275053
stream,1009,0.6617168468204364,10.776354794302364,1.0819137160600574
stream,1010,0.6640008345616425,10.860605242931987,1.1120947466729751
stream,1011,0.6628278077401468,12.014671309481464,1.1799837353245222
stream,1012,0.6616623584393303,12.081808120700114,1.2487136683436622
stream,1013,0.6585921493222558,11.657421027817081,1.2698119596485424
stream,1014,0.6568151865107394,12.614889106694829,1.2863995402138917
stream,1015,0.653580772429681,12.223162463902117,1.3437975645068194
stream,1016,0.6508687062107837,13.131278398013086,1.325636227595232
stream,1017,0.6484607285655462,13.055418112332726,1.3911247854910782
stream,1018,0.6459551248971815,13.044451770902326,1.3769432289109227
stream,1019,0.6441881834570141,12.739197800855003,1.3717290319393414
stream,1020,0.642881864551905,12.690568908329652,1.389194377516657
stream,1021,0.6413442914723703,11.272862590150426,1.294067300098992
stream,1022,0.6406772347462335,12.019547195639648,1.2145737488828847
stream,1023,0.6397758947958948,11.795322312295994,1.2623642854770265
stream,1024,0.6381399078224486,11.975288286394697,1.260856301579274
stream,1025,0.6367354402689291,10.521962742060241,1.1872231499997952
stream,1026,0.6355834208592042,10.623196319741215,1.0839092692271717
stream,1027,0.6337604896736038,10.724813328243162,1.1129762734344977
stream,1028,0.6319614736875017,9.32855573599682,1.020258689401544
stream,1029,0.6297339731308846,7.528797846084011,0.7718182365360209
stream,1030,0.6274043957472127,7.457191449627046,0.7354398215709083
stream,1031,0.6241940467837461,5.788425428904829,0.6331120213328808
stream,1032,0.6211347251033872,5.964409287692256,0.5590909768683595
stream,1033,0.618612483131945,6.269681880423105,0.5227128612078114
stream,1034,0.6153636193517013,5.778201655346424,0.552196609851843
stream,1035,0.6106465548180332,6.130129845658961,0.4891891868930342
stream,1036,0.6070465271440434,5.510765337924801,0.5354574581488464
stream,1037,0.6033577717052795,5.450980618697915,0.49703056455867833
stream,1038,0.5990243474828015,5.484369287637541,0.4974949043605194
stream,1039,0.5942417202525856,5.780715192957101,0.5225357521162244
stream,1040,0.5888500833605832,5.503656123974285,0.5293151444968732
stream,1041,0.5818566853708238,5.8383091130105225,0.5158187275234515
stream,1042,0.5745732013182955,4.92759259821055,0.5020010575684984
stream,1043,0.5672290685014078,4.9388358270732615,0.4555133170256283
stream,1044,0.5601092322901862,4.888451441610029,0.4838764816398528
stream,1045,0.5535029092131076,5.246228623254508,0.48099741194554657
stream,1046,0.5464784103836059,4.886800373104126,0.47592707827375175
stream,1047,0.5419719006612852,4.4560743930889535,0.3989124724298947
stream,1048,0.5376997322330055,4.467575578164549,0.38436241102091
stream,1049,0.5356762560910048,4.451682546404345,0.387223948178283
stream,1050,0.5358145193467896,4.474325145880094,0.39127438278378457
stream,1051,0.5345403262895382,4.523025302501735,0.397828678401146
stream,1052,0.5336597776913211,4.28995970737338,0.38695676655003475
stream,1053,0.5327719172357996,3.7380506026194458,0.38889639430402717
stream,1054,0.5307989193875963,3.1707140755968717,0.2774740859287191
stream,1055,0.5303619146115217,2.820794428216367,0.2774740859287191
stream,1056,0.5308270367544378,2.3610312341597677,0.20196774137750617
stream,1057,0.5317900247703028,2.363290588127366,0.18415473120564382
stream,1058,0.53142482342248,2.339559451607984,0.1819397350176118
stream,1059,0.531422241188675,2.2121872667629088,0.17410583698221344
stream,1060,0.529498681993858,3.0024070491681076,0.2132112674126015
stream,1061,0.5260421238529936,2.851969202225676,0.2149254798174368
stream,1062,0.5241748982422326,4.3983464630371145,0.29576749778351646
stream,1063,0.522637927090986,4.353630781598369,0.38056167870894314
stream,1064,0.5207020805211571,4.293920256174443,0.35211482917434317
stream,1065,0.518822732328999,3.924895449449124,0.35007504225101405
stream,1066,0.5179911564994569,3.97095834049865,0.3320460401076701
stream,1067,0.5176427866866142,4.803034985652279,0.3879568296159528
stream,1068,0.5186472283665152,5.162252264090255,0.3892356133112484
stream,1069,0.5198318534366152,6.1233737598051245,0.4923622195630496
stream,1070,0.5214837909244351,6.561230588927091,0.48666695133211046
stream,1071,0.5239515605065402,6.511552868279196,0.4940245463894253
stream,1072,0.526462621967629,6.5015707595282475,0.4953176140249823
stream,1073,0.5285459386708462,6.6715036170069455,0.5016205747364898
stream,1074,0.5305331377023558,6.762381550667574,0.5329559986322664
stream,1075,0.5329098152737699,7.347088153565995,0.5429373346489154
stream,1076,0.5347661992401248,7.415918387568319,0.5930488950614959
stream,1077,0.5363613100687591,7.538078969170364,0.5826205285860121
stream,1078,0.5375505828360366,8.297023476394761,0.6486951637566579
stream,1079,0.5380894450255883,8.162355007025099,0.693407655978553
stream,1080,0.537939875295666,7.307876820579139,0.6304003305410144
stream,1081,0.5367453294824687,8.101382393070267,0.670909624529487
stream,1082,0.5354110799918813,7.47641836017874,0.7245478725938537
stream,1083,0.5328048529312726,8.766801892635192,0.7994659188080848
stream,1084,0.5300912562790152,9.371160442498555,0.9457859218423466
stream,1085,0.5260783143973237,9.9918482537958,1.0397083889924699
stream,1086,0.5211061337232263,9.928919917284157,1.062004574603293
stream,1087,0.516371621754128,9.43371728926175,1.0156920496700252
stream,1088,0.5128720900092208,9.895064361761097,1.0207769476106618
stream,1089,0.5075991855424771,9.464349285108801,1.0196507381462236
stream,1090,0.502856740533677,8.894922430867279,1.0629495184468367
stream,1091,0.49688371125407665,9.607688010584926,1.0827281910540396
stream,1092,0.4912194082512956,9.613976173898678,1.1148219165028357
stream,1093,0.48748622858484986,9.247772277015748,1.1034724101962223
stream,1094,0.4841343717891577,9.398673284957928,1.087751541805043
stream,1095,0.48078485590348197,8.744633918716946,1.0863788247959887
stream,1096,0.4794365367675729,11.673790867804772,1.1688385092014866
stream,1097,0.4767361958785983,12.606979761254381,1.4532500922417564
stream,1098,0.4732246568158226,11.838598651612868,1.439175645030949
stream,1099,0.4688795017657759,11.825495153519531,1.3763510349824517
stream,1100,0.46644637581874615,12.358068280711807,1.415744328353691
stream,1101,0.46165858683903577,12.1721243130322,1.450032990983543
stream,1102,0.4577933679197883,11.574140729703922,1.3580879773214374
stream,1103,0.45673739733884616,11.24777084579491,1.2000567748599027
stream,1104,0.45504681606313174,12.434624117501276,1.2489866936771545
stream,1105,0.45289488793541743,11.83226458101675,1.2161079740338667
stream,1106,0.4494441611350218,12.387236451108892,1.2035272190121766
stream,1107,0.44745034113647336,12.170053932128267,1.248600644118063
stream,1108,0.4447855712092867,11.456510734442142,1.272911525654676
stream,1109,0.4432661312893478,11.06022329928562,1.1948899811697349
stream,1110,0.4431921628839735,11.370384568781407,1.1533796449896032
stream,1111,0.44277849385746476,10.742127844892552,1.1322001885517963
stream,1112,0.44249538645917597,11.50746855062344,1.1608613396751903
stream,1113,0.44206830729573005,11.453325949824979,1.1885207118808756
stream,1114,0.44072779579049515,12.33990970543148,1.2060229972384169
stream,1115,0.4388216230786491,12.565007282096552,1.2921890532682174
stream,1116,0.4371470767877468,9.526321181836158,1.1598766917647245
stream,1117,0.43496555284291405,9.691010960096111,0.9490764462764174
stream,1118,0.4330540751088847,10.329776106618464,0.9009126163551401
stream,1119,0.43097770176258043,10.351812729904518,0.9077627257515017
stream,1120,0.4300864890282391,11.598855239290597,0.9552422757261054
stream,1121,0.4290192967942114,11.503292504159717,1.0283261421899905
stream,1122,0.4285785384367599,11.797712820294667,1.0372633922867684
stream,1123,0.4281634610985666,10.760195298234917,1.0530091101001033
stream,1124,0.42777126563412254,8.926005995208627,0.8594944603649617
stream,1125,0.4276023272622856,9.701997843517095,0.832367927078641
stream,1126,0.4272151389096056,11.476104234849654,1.076798280221893
stream,1127,0.42694235801191455,12.133342764300401,1.236979372777407
stream,1128,0.4268528741192616,12.558942427103807,1.2053686139172946
stream,1129,0.4264892033797362,12.554439670436576,1.219824679651657
stream,1130,0.4260999447607172,12.428293796424786,1.2181731011946044
stream,1131,0.4262390724883053,12.645468392425942,1.2356754102940573
stream,1132,0.42622570512255115,11.930479068326136,1.2054080087820063
stream,1133,0.4267723365935289,12.614682502172244,1.235692483891348
stream,1134,0.42646079410677706,12.645677988217988,1.3328848416926493
stream,1135,0.42658665067298507,12.647222779570038,1.323962551085895
stream,1136,0.4269597290407282,12.57607294433055,1.3255525895606954
stream,1137,0.4272465728078113,11.355319019816044,1.2569877989298004
stream,1138,0.42762835931436466,10.792963173108278,1.2543171056263154
stream,1139,0.42794931512330237,10.731661809488283,1.2495367395926256
stream,1140,0.4271452165098891,10.190313385697358,1.2278866026491768
stream,1141,0.42648884688261474,9.594203191548218,1.1648975654712554
stream,1142,0.4263037024158174,9.746584059338396,1.1004750073274872
stream,1143,0.4255153862045284,9.830691476207628,1.129535962533906
stream,1144,0.4237631005714974,10.575950513261223,1.139355635087331
stream,1145,0.42175747577201983,9.798437076130048,1.120543840106226
stream,1146,0.41957730483052036,7.474185320517869,0.8696726147730565
stream,1147,0.41735588714442773,6.701655610926864,0.656632040468723
stream,1148,0.4150598805023705,6.176472268640673,0.6639318989544466
stream,1149,0.41287269929191306,6.081376724020523,0.6302719510792334
stream,1150,0.41119007772992805,5.864213027911819,0.6323117287012519
stream,1151,0.41006528239755374,5.664993210610837,0.5908573472175426
stream,1152,0.4091323380843979,5.678422209988659,0.5752398544107342
stream,1153,0.4082682459074415,5.042004694031636,0.5170905679849408
stream,1154,0.4082456346936143,4.804609288738688,0.44289053443828097
stream,1155,0.40615428673317167,8.613612003235055,0.6651099267920546
stream,1156,0.403101051323624,8.867481939869643,0.7326247230607466
stream,1157,0.4007534509219896,9.2367118507001,0.7743256348900321
stream,1158,0.3995330566855114,10.223433373511556,0.7804598349743915
stream,1159,0.39776707117913823,10.33985635772898,0.8493744081352085
stream,1160,0.39678957087963457,9.419131743972933,0.8137933559148238
stream,1161,0.39620383136536447,9.327611313955241,0.7344735456318413
stream,1162,0.3952729425502252,8.605569056268566,0.7332325596102302
stream,1163,0.39581196817975434,10.104270709607684,0.7639797772199306
stream,1164,0.3957156979616053,9.819357165404734,0.9180455073138091
stream,1165,0.39524594684919995,9.922099302350423,0.9074918308197181
stream,1166,0.3944242097534807,10.002212410673138,0.9036009652853629
stream,1167,0.39401006311850345,10.362197268832958,0.9346734200692118
stream,1168,0.3928485338275232,11.223604764431524,1.0076767918187162
stream,1169,0.3918660773527013,11.472496155297007,1.067661026837228
stream,1170,0.3903586869307916,11.809809474251654,1.1011677369315174
stream,1171,0.38849628795824576,11.705847286875262,1.1136059499250426
stream,1172,0.38649662439310223,11.74742673078986,1.099011332837963
stream,1173,0.38449151251122426,12.547022302958595,1.1601387136086092
stream,1174,0.3819029510071427,11.921125493654044,1.1024079086772833
stream,1175,0.3784421481224486,9.07266527401682,0.8046727164072384
stream,1176,0.3745968614886752,8.90569535519227,0.7789551314130565
stream,1177,0.37128315243383053,10.21239850295513,0.7660032057502432
stream,1178,0.367338145042194,9.226002431988658,0.8476702557626111
stream,1179,0.3628048720760826,9.241939599141396,0.7762896409108714
stream,1180,0.35862529435745927,8.939996661085281,0.7594614344462864
stream,1181,0.35388929062843827,8.994272611069096,0.7616056983736319
stream,1182,0.3498681712293305,9.813136536971301,0.8263546106772093
stream,1183,0.3460553188883695,8.24378729898252,0.778212815996839
stream,1184,0.34304525338581915,7.744208430765344,0.6136652127760032
stream,1185,0.34019239426117354,7.681933049310812,0.6130866908950582
stream,1186,0.3375695892262381,7.839211122542252,0.6166563076764522
stream,1187,0.3348913763616918,7.874985209169563,0.5841822450039692
stream,1188,0.3331687282182926,6.998140900839059,0.5324216926856777
stream,1189,0.33182162717277136,6.712476287801122,0.4652115473091158
stream,1190,0.3303797203996244,6.362994901889979,0.4295281936746425
stream,1191,0.32866230427748516,6.384474570943854,0.41616942840252197
stream,1192,0.32688024122094866,6.25730235263738,0.41329116552334455
stream,1193,0.325659699167944,5.5894648103613775,0.36074459167333905
stream,1194,0.3241581084427863,5.635431755450658,0.3962010880925779
stream,1195,0.32395271030050876,4.9974702494715935,0.4437165206402491
stream,1196,0.32356553829279805,5.1967196697308955,0.46049696404825463
stream,1197,0.3235546924292939,3.5196818583851983,0.4396066384121307
stream,1198,0.3234526058479438,4.4653513155033355,0.3878107197498536
stream,1199,0.3243655007934308,4.690057753721921,0.4984739986719138
stream,1200,0.325681562364272,4.678662135537511,0.49887462161067786
stream,1201,0.32870361350091326,5.9824457094634145,0.51666148729697
stream,1202,0.33140571808521097,5.253995576793396,0.5508279201799127
stream,1203,0.3337756002229331,5.267377336072545,0.5231966147806405
stream,1204,0.33583910421039515,5.744274503058764,0.5395432411434484
stream,1205,0.3371452468647447,5.651546055586652,0.5583456168323608
stream,1206,0.3379089405481192,8.066867660053209,0.6570343890167335
stream,1207,0.3388131616990578,7.785131366395427,0.8027912628863083
stream,1208,0.34021879342103173,10.53493638127475,0.8262488580515402
stream,1209,0.3416624140282291,10.873192053769596,0.8535506105206271
stream,1210,0.34319284751107904,10.945511190362366,0.85924584920135
stream,1211,0.3447068802036339,11.000412146626436,0.8685040016472481
stream,1212,0.3458917226935227,11.553401073819112,0.8837462390480685
stream,1213,0.3468814477399567,11.667941149064145,0.936292814740979
stream,1214,0.34761757366468715,11.509881152575076,0.9355747605618083
stream,1215,0.34805442179123497,11.122383441588587,0.8775092099894638
stream,1216,0.34821501903967245,10.915510190839662,0.8170826388428499
stream,1217,0.3480227981140339,10.989101190074743,0.8230403321727575
stream,1218,0.34735944596886886,9.954373162445808,0.7857710753402599
stream,1219,0.3460479243763847,9.624267419835485,0.6778491933890084
stream,1220,0.34445012489305793,11.717869549438898,0.7762412489817636
stream,1221,0.34226437067333426,10.358419087331223,0.8436005467778799
stream,1222,0.3396360015763943,10.249493187543356,0.7500349064176288
stream,1223,0.3360789851387638,11.983174994780494,0.829804135435506
stream,1224,0.33203872779543225,11.483248640074349,0.8779043133052484
stream,1225,0.3270598020839219,12.178666128974722,0.8792441477253921
stream,1226,0.32199686991534476,9.517395042679123,0.7956310680381093
stream,1227,0.3172659209932592,10.274303062306306,0.6866084680240829
stream,1228,0.3130406955417684,7.611066100667647,0.6553667201018852
stream,1229,0.3093121270204738,7.8810193422006005,0.6544947270475514
stream,1230,0.3060439984777876,8.76279064080029,0.756714316813386
stream,1231,0.30354497133752895,9.017751122442617,0.8592070525427389
stream,1232,0.3011159882847684,8.624407348726717,0.8456096650357523
stream,1233,0.29867793651604774,8.315869415453724,0.7915175936324256
stream,1234,0.2970740438125219,8.128393576478732,0.7503752754125534
stream,1235,0.2946476354721836,9.621530537361663,0.8338985133886415
stream,1236,0.2942279907346337,15.316160913452517,1.381215519408977
stream,1237,0.29310372781093336,15.397544050278475,1.6151101772874876
stream,1238,0.2907269878371087,17.066124257354037,1.6517066931051738
stream,1239,0.28850806662339573,17.292076493984936,1.8019540874243123
stream,1240,0.28657514060004,15.194499234117348,1.6963704242985347
stream,1241,0.28501352733186247,15.182226872401438,1.5996466604009694
stream,1242,0.28284538695756684,15.246655407371906,1.5908555567233078
stream,1243,0.2810042280958326,13.553663993455487,1.5178824360016054
stream,1244,0.27907274914267977,13.594082169853383,1.4609433852037403
stream,1245,0.2775062268587588,12.922100427790173,1.4371095246365073
stream,1246,0.2764881485092331,12.922304477336551,1.4184717728887108
stream,1247,0.27700539006801633,13.017171320573567,1.419144517480542
stream,1248,0.27773217118239624,13.03900010312625,1.4516024197422057
stream,1249,0.2785461744029821,12.439311007835022,1.4286664266060733
stream,1250,0.2787329361476209,12.75370807068823,1.3564348757916431
stream,1251,0.2812612439900275,16.594005729063873,1.6266079039786585
stream,1252,0.2826730005962918,17.647219867076508,2.026771967912872
stream,1253,0.28434446731296736,17.93577596286091,2.123053023913612
stream,1254,0.28498441450454387,18.853935883113586,2.205274805915431
stream,1255,0.28448050355744026,17.48888177689925,2.127574515072463
stream,1256,0.28398580642868787,11.856133066316117,1.611025701106719
stream,1257,0.28357931742784986,11.710284126660929,1.360887796520334
stream,1258,0.2846121601477802,11.42352943136094,1.372454092877722
stream,1259,0.28539351119966583,11.17796915733244,1.2566789780460628
stream,1260,0.284815720607608,12.322490769912516,1.3172330012717888
stream,1261,0.28282182988627186,13.670405142452765,1.3174611136896464
stream,1262,0.28099567463529945,13.565775694370622,1.3693007284161944
stream,1263,0.280816401361308,15.365513390775865,1.4358340559000382
stream,1264,0.28077692457673253,15.39626004339411,1.456595020405997
stream,1265,0.27968470271438467,16.265855404111388,1.5102452232547374
stream,1266,0.2792288219957421,16.472634420581148,1.5949031087630512
stream,1267,0.2790655374263997,15.494755181902324,1.55930885502622
stream,1268,0.2790166357123157,15.400984277121545,1.5076692233621465
stream,1269,0.27933661094765944,15.532518592153322,1.507669210940497
stream,1270,0.2801067081074318,14.317845461480335,1.4740038489315108
stream,1271,0.28078635406260977,10.145485247134603,1.0997164427855186
stream,1272,0.2813624787631239,9.286157468506595,0.7073713699030226
stream,1273,0.28102256120803143,9.619974951387002,0.660942242744457
stream,1274,0.2802366655914922,8.736058952006147,0.6163380080159969
stream,1275,0.28130694596191613,10.361564709245126,0.6460614700531496
stream,1276,0.2815143795393435,10.669934830455201,0.7609124656525459
stream,1277,0.2801031228689871,12.147493450843841,0.7687212188798597
stream,1278,0.28076848172762886,12.768363559060806,0.9598254273538763
stream,1279,0.2817372673310128,12.763729746823817,0.9836555464057003
stream,1280,0.28318061399074934,11.650231739301043,0.916728658358982
stream,1281,0.28624472364297765,10.426915461933206,0.9165691151024724
stream,1282,0.28720067853174563,11.068735412594137,0.9017399180042887
stream,1283,0.2890500656608843,9.254667802550351,0.8653188689304546
stream,1284,0.29004489728322574,9.234531048902461,0.843307189931912
stream,1285,0.28962331872350394,8.456084278575839,0.790676875389954
stream,1286,0.2946855297023963,10.039474877003475,0.7947950256037126
stream,1287,0.2969042344443334,10.3910776587827,0.9256911837510257
stream,1288,0.29869531961469004,10.374222207068351,0.9419074681226711
stream,1289,0.29973887483135725,10.252317607936545,0.9389236666860712
stream,1290,0.2996859168396448,10.335747627838815,0.9380320036912728
stream,1291,0.30046702583588,10.452828432404706,0.9581077785759365
stream,1292,0.3027725994670756,11.187346403542913,0.9628279852545879
stream,1293,0.30504632707913487,10.830912639438504,0.9165745906029934
stream,1294,0.30646869142943906,11.289997725721406,0.9386992808048704
stream,1295,0.3075861670869519,9.45177057185118,0.9108582022689352
stream,1296,0.3092245732585987,9.212506425811933,0.7649034518626342
stream,1297,0.310803586223552,7.7955342354379615,0.7555262473526976
stream,1298,0.312707890522516,5.813621980328909,0.5233474715326427
stream,1299,0.31475148157670224,7.38302588441694,0.4978500877364917
stream,1300,0.31692550432946565,8.69997878530564,0.7064719707475797
stream,1301,0.3187862080612531,9.53366532602072,0.865020079628213
stream,1302,0.3206960592470841,8.919150028174629,0.8798493246873772
stream,1303,0.323008204119368,9.274707289707381,0.8558345237850626
stream,1304,0.32603638430117715,9.215808393378556,0.869555537094661
stream,1305,0.329483369494597,9.338452499085106,0.8767512184388304
stream,1306,0.3333639516953451,7.559783129999448,0.8015320975498834
stream,1307,0.33706048369375485,7.209769859866228,0.6745797163264027
stream,1308,0.34165589054027623,8.450295046413888,0.7237607271218667
stream,1309,0.34763577919052246,9.626533787627645,0.7226420264856824
stream,1310,0.35288561961201337,11.870454016802583,0.940639478574689
stream,1311,0.3583262002157743,11.770783991239552,0.9739021475458025
stream,1312,0.3643809326032042,10.80698936381513,0.9678702146085808
stream,1313,0.367006358194249,11.28430741818623,1.0112518255953933
stream,1314,0.3693593627070921,11.225259465294037,1.0620277943981131
stream,1315,0.37066370936983795,11.159143801510316,1.0620277957178488
stream,1316,0.3710494363086119,10.949333203345612,1.0622256752903145
stream,1317,0.36792270828856477,10.989440711891925,1.0712476101691102
stream,1318,0.36318830731712176,11.005698056068297,1.070788666350592
stream,1319,0.3620639672825124,10.110042284868396,1.053039361979097
stream,1320,0.3719052816744532,10.78857865937428,1.0397204894362828
stream,1321,0.38266140826488687,9.831446280176294,0.9558880183129911
stream,1322,0.3765391203113387,9.912695390731832,0.9054645491935644
stream,1323,0.3618386254191782,9.954915832560886,0.9319788246648771
stream,1324,0.34881749467422724,10.388210163768827,0.9111331365500129
stream,1325,0.3363905513483259,10.93956407909432,0.9992534567908399
stream,1326,0.32566260371453676,11.306396936094046,0.9897990576555638
stream,1327,0.3187172440865192,11.34540210097397,1.0104722764760508
stream,1328,0.3138651258793723,10.14266325684977,0.942653487666186
stream,1329,0.3110572242314371,9.122310719165743,0.9448225722077324
stream,1330,0.30846198901526695,7.308118977020433,0.770099026812899
stream,1331,0.3072425134020062,7.4095285595762554,0.7404405812751839
stream,1332,0.30748667885783726,7.3621533571492686,0.7521442975097945
stream,1333,0.30767546004670815,6.73961551387607,0.7209881823154859
stream,1334,0.307749126455778,6.651740098410593,0.6116345592104954
stream,1335,0.30763826476158806,6.771680695941581,0.6041427607667263
stream,1336,0.3081348427110702,6.72879590828745,0.6064047164706421
stream,1337,0.3072208009711969,8.790975305912518,0.6928273499852543
stream,1338,0.3056540310665088,8.753958821004408,0.772667360944395
stream,1339,0.30444293685523327,8.147528469132098,0.7565218405704001
stream,1340,0.30298099277360613,6.116523243264746,0.5615692357146799
stream,1341,0.3012369077685426,6.115439216237349,0.48680770695984327
stream,1342,0.3015685503747539,6.634732980388505,0.5047257485520134
stream,1343,0.30232929116316254,6.18281600694725,0.48650540559183575
stream,1344,0.3039680286123265,5.753417191935137,0.4870990459282185
stream,1345,0.3074073878024251,4.970435373246027,0.39048158563024243
stream,1346,0.31156536233235416,4.644126827463439,0.3874977647655138
stream,1347,0.31487253900489637,4.54756588724014,0.3655074184747784
stream,1348,0.3182342099369326,4.508572940486001,0.36570556693967565
stream,1349,0.32201291962414985,4.376483589092513,0.36554684839795343
stream,1350,0.3261369578408026,3.901671386311346,0.32149709104759633
stream,1351,0.329952663474654,3.8670560209909324,0.2900739487859185
stream,1352,0.33350566022415495,3.7945313610917926,0.2783702332240853
stream,1353,0.3364238262481869,3.782217401069703,0.2580606283855357
stream,1354,0.33830686377546154,3.7768582220997846,0.2765620537992648
stream,1355,0.3379339447171314,3.985663443136918,0.27624215849430156
stream,1356,0.3361695468071853,4.455233274814111,0.33893700167212665
stream,1357,0.3297542950670412,2.6176406717039145,0.2778658895164258
stream,1358,0.3221602335985582,4.287420773200394,0.33041562866626306
stream,1359,0.3102696006688582,4.868731557167201,0.4978713381460941
stream,1360,0.29586640132875924,4.999594527828289,0.5082079380029332
stream,1361,0.2844960641981987,5.12503606655087,0.5134599217608915
stream,1362,0.28159510799671156,5.2614988884478695,0.5066772911054017
stream,1363,0.28191582458468634,5.90759287701077,0.5866665371535625
stream,1364,0.2820611390682955,6.0095061872282995,0.6291130590569775
stream,1365,0.28102526013422274,6.412811048538991,0.6598861713974912
stream,1366,0.2788484866103009,6.360526516142586,0.6755444341197937
stream,1367,0.2762973066778996,6.390065959913708,0.6778719861987651
stream,1368,0.2735985866795776,6.442868024253443,0.6879980152092802
stream,1369,0.270942806330664,6.5766639150820785,0.7005798548341287
stream,1370,0.2682325038648279,6.568989921870814,0.7026585249721927
stream,1371,0.26524063910374734,6.550612012363028,0.7128912097813529
stream,1372,0.2620096520159947,7.387498003114069,0.7536558987946822
stream,1373,0.25891926924661535,7.369047180318636,0.7973107264893396
stream,1374,0.2559984877096943,7.132185801703346,0.7766248257551261
stream,1375,0.25382061807136447,8.306854685240536,0.8003099324697656
stream,1376,0.25090988800847125,9.318883727982493,0.9433586242116164
stream,1377,0.24846952912292924,9.572722451538727,1.0663224505233801
stream,1378,0.24597472111064883,7.90429061274414,0.9494619323058086
stream,1379,0.24284555486415862,8.756922048449587,0.8457907733786816
stream,1380,0.24016540220466812,9.563209698060858,0.9801542115398965
stream,1381,0.23758120616554804,9.710000551743871,1.0726842393735898
stream,1382,0.23476554418242304,9.366962378573774,1.059256631795609
stream,1383,0.2335708765401997,10.030531867663132,1.0649890728509006
stream,1384,0.23182490595804658,10.826330618010836,1.0217434749866385
stream,1385,0.2304814061672031,12.830971328033817,1.2325550718223444
stream,1386,0.22873578166518005,12.953058382098849,1.3542510975281323
stream,1387,0.2263780909526615,12.919692638731034,1.3490444768145617
stream,1388,0.224656737838466,12.974348687855613,1.3468648738750648
stream,1389,0.22284891958524192,12.834495372295846,1.338637974347079
stream,1390,0.22171677938547074,12.78917904592519,1.346895929548663
stream,1391,0.21807578123801166,13.210652291589188,1.3674741507669512
stream,1392,0.21144072663009245,12.604261832080882,1.3199956711029248
stream,1393,0.20492605440759676,12.513588465683513,1.2826969659351506
stream,1394,0.20264796245823755,13.232084529999929,1.3107785315627773
stream,1395,0.19731605496829974,12.900921701799275,1.4223155635508673
stream,1396,0.19559856837887218,11.734974955119116,1.3170632514119416
stream,1397,0.19655313536361207,11.304274939369975,1.189326056290118
stream,1398,0.2000674901882273,11.350182237115023,1.1780216385137545
stream,1399,0.20427250602731323,10.03499607326824,1.1142370794496317
stream,1400,0.2118506748636252,9.16804005757754,0.9699406152492438
stream,1401,0.22325687616966336,10.082128077060078,0.9413086521328392
stream,1402,0.23288428365680933,11.714253947217603,1.1915491400161273
stream,1403,0.24554123282160084,10.99551521021864,1.0959913433427912
stream,1404,0.2607736871922602,10.840198539930554,1.179598210454155
stream,1405,0.2675363034353313,10.72082655732327,0.958980970459704
stream,1406,0.2744812213126496,10.615600829030102,0.9353954598672657
stream,1407,0.2829505806364217,13.589033449396863,1.0204420500556144
stream,1408,0.2909120745782559,13.569985422639188,1.1815340850177936
stream,1409,0.2947500358254891,14.726111464816555,1.2045561547232373
stream,1410,0.2984291208204866,14.750385269903187,1.2760147205562395
stream,1411,0.29810294524232256,16.267509570594893,1.3338883344172006
stream,1412,0.2963568204590761,16.035454307962215,1.4002764098980895
stream,1413,0.2946260789059905,16.74132982736453,1.426013958350852
stream,1414,0.2922163472976009,15.915442390225564,1.433197239474198
stream,1415,0.2855339953448742,16.759175014190046,1.3766335268279866
stream,1416,0.27753959840627984,16.494124031739258,1.382320269176848
stream,1417,0.27739206433450303,23.522855515390955,1.5680787158595566
stream,1418,0.27977869539315803,23.63494660151056,1.736654409225654
stream,1419,0.2794386850712073,23.550849333421365,1.7535113008460659
stream,1420,0.27746090141768853,23.675094045440897,1.7544021628822417
stream,1421,0.27205067089353213,22.62768367396552,1.7081114552374546
stream,1422,0.2632784585760646,20.626233304860776,1.4719181490700006
stream,1423,0.2524104101062889,20.03808738759406,1.459743098758759
stream,1424,0.2462069820830831,19.60195599202199,1.3935559294978324
stream,1425,0.24792985168693546,18.252737544492252,1.459674837427742
stream,1426,0.25106368090550196,18.7714335135988,1.4555798873222026
stream,1427,0.2589988486756057,15.944010099155678,1.4273981034511771
stream,1428,0.2667129676781858,15.856056698609164,1.2676177751849185
stream,1429,0.2688149784790749,14.911909002216122,1.246856846447178
stream,1430,0.2743974015257821,15.103085249293951,1.1962334691929322
stream,1431,0.2699417813403825,14.415161565808335,1.218250022995932
stream,1432,0.2771118164871576,16.7689024322658,1.4185687090676926
stream,1433,0.27636896542545847,16.9301361890876,1.6029956404629737
stream,1434,0.2742414416068327,16.941432220450334,1.5958123580817867
stream,1435,0.27331825906297674,14.92108173031444,1.5197263428535455
stream,1436,0.27233462044309575,14.87294353503748,1.4123149555711894
stream,1437,0.27617292940355953,8.06091841545155,1.211319693747352
stream,1438,0.27391491528851863,9.159707933506285,1.1278902233171735
stream,1439,0.28246086481767324,12.413828178665977,1.4494439497107217
stream,1440,0.28660845983002725,12.38007416255928,1.6469771027111013
stream,1441,0.28690851875352197,12.644925879777665,1.6250774484779371
stream,1442,0.28892584551966305,12.920023359092731,1.6578993923747716
stream,1443,0.29050628546307855,12.93203701300943,1.658723020925176
stream,1444,0.2905214290830444,13.082977965828393,1.6611059466176137
stream,1445,0.2901212395819496,12.26899006882581,1.6171814406449314
stream,1446,0.2876546973706795,13.167404929311447,1.6031356263340288
stream,1447,0.2848761692900781,13.02123440014188,1.5930109253296207
stream,1448,0.28378978825634815,15.120945326125161,1.6656927359007736
stream,1449,0.2848220546869037,18.45650167223969,2.064417326338849
stream,1450,0.2856702055159067,20.544221417386833,2.4651084233978118
stream,1451,0.28932488271007184,19.4282320687457,2.4801056932699104
stream,1452,0.29844969993494064,19.895694868219696,2.2601140042798233
stream,1453,0.3020211811146663,21.64403260331952,2.3862975915514735
stream,1454,0.3050384616265314,21.96846386824486,2.5164446201186443
stream,1455,0.3069812893594615,21.9647623800115,2.524528709907474
stream,1456,0.3066979777431175,22.02776783746754,2.526249407296341
stream,1457,0.3055525096500212,23.149296002176463,2.5877965695064096
stream,1458,0.3030986548587317,22.369574007170385,2.6327886636737503
stream,1459,0.2991359180497639,19.01018739028925,2.3129366788657073
stream,1460,0.29252662449804334,19.070379715531196,2.1219108169863743
stream,1461,0.28487217564645506,18.66810966515474,2.1287401646703206
stream,1462,0.27692973780175256,18.341528778226554,2.0818332468431757
stream,1463,0.2668792976340024,18.333577623472337,2.0781480926923828
stream,1464,0.25583282936905744,18.183845201934147,2.073965408282963
stream,1465,0.24325496390795848,18.370655094718952,2.031282978722987
stream,1466,0.23345010574172717,18.306073294064205,2.025931175708389
stream,1467,0.22327108056946957,18.83435147726753,2.0948860122688773
stream,1468,0.2158134627442898,19.075057573554563,2.2080433755025144
stream,1469,0.20770111648343223,15.75017881896031,1.8439835176966595
stream,1470,0.1979342468693738,13.499139088276753,1.4119070706652994
stream,1471,0.188877134409089,13.580593963178568,1.3146097180547427
stream,1472,0.1817624064062311,11.40517226566223,1.2717614871626701
stream,1473,0.1751495857571004,9.379361896498988,1.031522021803853
stream,1474,0.17311456544131446,10.940192934210973,1.0471714513201464
stream,1475,0.17270951274321966,11.170803880953898,1.1916752650535711
stream,1476,0.17446929101329464,11.179512180423453,1.2086568041097707
stream,1477,0.17590270560311178,9.888765876236093,1.1565148800103169
stream,1478,0.17590897234428327,9.666484781901572,1.0148675309252604
stream,1479,0.17786032287913858,10.171016465020626,1.0578782313898567
stream,1480,0.17867777096988854,10.16455371182457,1.0941263018097158
stream,1481,0.18002730330445949,10.191080406552803,1.1042180850986862
stream,1482,0.18210179154329748,10.378122264707052,1.1049712569569787
stream,1483,0.18327517390555456,10.419220718761533,1.107194599712151
stream,1484,0.18363576116448557,10.246492600471738,1.108994384036643
stream,1485,0.18013032822758235,11.343677403502225,1.2089613816531006
stream,1486,0.17268595518705082,9.975071258037158,1.189076397397537
stream,1487,0.16031397358933155,9.450621398455622,1.0712353070624627
stream,1488,0.1488586474879813,7.8822369655374125,0.8911745543551431
stream,1489,0.14706818333716,8.054734829336667,0.8514454447276437
stream,1490,0.15675994817052952,8.489968535674862,0.9237557549759718
stream,1491,0.17894745845063648,8.545928557860066,0.9577441925557211
stream,1492,0.18605801061222063,10.335603797096484,1.115978712968109
stream,1493,0.1994047593707906,11.561663489710526,1.3049680000450152
stream,1494,0.1986120357510813,10.334008111987002,1.2977587589032649
stream,1495,0.19594503282050377,10.187297950788253,1.1926549602006056
stream,1496,0.1918836941397109,10.123176081004894,1.1789603967494982
stream,1497,0.18968246042658135,9.923241129013691,1.1546360541104206
stream,1498,0.19192573168145885,10.108297218385893,1.167700831806094
stream,1499,0.19870962758229835,9.877764631418808,1.1051953052009877
stream,1500,0.20760562875247832,9.657507885300236,1.0714821084333668
stream,1501,0.2048000107281992,12.33509762066258,1.1744342542470585
stream,1502,0.2060659963474249,12.527274464444234,1.3727599103216863
stream,1503,0.19690765804205634,12.789563203052237,1.3703308573227548
stream,1504,0.2041708148040729,12.683924362164221,1.370791899043776
stream,1505,0.2118696602312287,11.339321000056062,1.276581427410086
stream,1506,0.21624607888199016,12.010516755682472,1.252069941778909
stream,1507,0.220219766196959,12.42273584431572,1.3307282571737145
stream,1508,0.22779994588535732,12.116684250738517,1.3167958262027635
stream,1509,0.24460033473259146,13.02480592232654,1.3189214509993836
stream,1510,0.25245868077623346,13.597134229547489,1.451129931290821
stream,1511,0.25013467362826297,14.069030674059924,1.3896543109360027
stream,1512,0.2312734961089028,14.983972634307387,1.2769802573664737
stream,1513,0.22597172756268577,15.787145368745932,1.4478730101785238
stream,1514,0.23010385831867106,16.740361912210602,1.2833887038072624
stream,1515,0.2320252468096275,16.87593740259879,1.3511732762948068
stream,1516,0.23941960936782378,17.1033784889235,1.3871014447948553
stream,1517,0.24456680700816416,17.144012192942196,1.3889503721106473
stream,1518,0.24908868517500235,16.764664424304378,1.381746336306259
stream,1519,0.25579315661635077,17.775570391608817,1.4478210233018847
stream,1520,0.2542592780950809,20.235574027930628,1.6745850385666612
stream,1521,0.2539288879236311,17.52992308849358,1.645101411897917
stream,1522,0.2515694859093805,17.391917086859813,1.4605232748846175
stream,1523,0.24864959237633746,17.122824655730472,1.4655790112745406
stream,1524,0.24713503524976424,18.974211165040707,1.5338478513576586
stream,1525,0.2445265935752709,23.78244948034675,1.9539712831337492
stream,1526,0.24140896758330388,23.182462523398495,2.1140073615425146
stream,1527,0.2399879046809021,27.277782817449012,2.1550028913870127
stream,1528,0.2379018247650673,26.87540511864933,2.342864610311682
stream,1529,0.23545492460442394,25.860321527212246,2.344552630090092
stream,1530,0.2341200262938416,25.554386694519117,2.2393843011412584
stream,1531,0.22473457850994874,25.084508913908522,2.3108186496474206
stream,1532,0.21712352196109222,22.296549119055996,2.262555924024302
stream,1533,0.25042554395578964,19.70540240663001,1.8213218568813714
stream,1534,0.26407176118332093,18.30444917266365,1.8207368739813237
stream,1535,0.26341137639512346,18.084267997797035,1.7088251103059078
stream,1536,0.2585139185104334,18.25014008462802,1.6865915052569667
stream,1537,0.2577750575481729,18.578549544548693,1.742191056745248
stream,1538,0.2520660145383765,18.617094170388775,1.7632772759206874
stream,1539,0.24603560513885953,17.695834014319114,1.7257452390718784
stream,1540,0.2379391282700007,16.250799313723228,1.5781133230581765
stream,1541,0.23469086604194445,17.753556150783794,1.4884992562830255
stream,1542,0.23080261679845646,18.17750104645556,1.6189500150176601
stream,1543,0.23110542735080716,18.325311847698107,1.6794673889004061
stream,1544,0.23048688343387222,16.549630309003955,1.6143689376852546
stream,1545,0.2362892311216746,12.193574279974591,1.2209630071744988
stream,1546,0.2368064240464708,13.959274787352959,1.1691116773890724
stream,1547,0.2428795019879564,11.54456475192821,1.3646566872853454
stream,1548,0.24222253553536288,13.52085451932712,1.4648295634887125
stream,1549,0.23543670192608426,14.885559483342863,1.4580625922445718
stream,1550,0.23199664776323978,14.645968449244604,1.5186056532567247
stream,1551,0.23264648167268404,14.816307912400799,1.4462574986672099
stream,1552,0.2320662367254463,14.621770652459784,1.5105814273364837
stream,1553,0.23401935279425334,14.993867866924095,1.5417431627187017
stream,1554,0.23500929131346507,14.847843681023662,1.5706351473094842
stream,1555,0.24290669698325615,15.541078301887064,1.6116813513283945
stream,1556,0.25828587592147856,16.090820562562577,1.594401510013953
stream,1557,0.2659632487916958,17.36575743627686,1.7054432888401287
stream,1558,0.27742376528653184,17.591199975417165,1.7962689153799287
stream,1559,0.2875034056326479,17.30476761559684,1.790589658154722
stream,1560,0.2898662442077675,18.184754911009488,1.7398263843427624
stream,1561,0.294456366106447,17.031962617697836,1.881092048040561
stream,1562,0.302806872167203,16.680224781316767,1.7364599530004885
stream,1563,0.30983916788457394,16.491660317153404,1.683068583833914
stream,1564,0.31557999076321325,16.401723606637027,1.6623826810875915
stream,1565,0.321747488078129,16.397163397658503,1.6418595923119714
stream,1566,0.32261042365645637,15.207200588549325,1.583423241737696
stream,1567,0.32745920886954794,15.43147672685991,1.4728496262274389
stream,1568,0.32870482213488994,15.35958659152684,1.4543811014704324
stream,1569,0.3280188938253239,14.81857149594774,1.4546170559556266
stream,1570,0.32724130254279066,14.27433257629208,1.332609878505239
stream,1571,0.32698678394874064,14.568278544885338,1.3688517435763998
stream,1572,0.32608090263436673,14.417013995802481,1.3131626454378302
stream,1573,0.3249915117673941,14.037375586662996,1.2595951188678767
stream,1574,0.3237778498652827,13.977589756264564,1.232576074817495
stream,1575,0.3208867137214544,13.439280041540147,1.1868798770438729
stream,1576,0.31902042628732485,12.650496008499438,1.1838202003661995
stream,1577,0.3190185590853922,11.476459430540421,1.0196317023519694
stream,1578,0.3180764545732791,12.126569888166165,1.0319184584458592
stream,1579,0.3182335266571052,12.123273828770397,1.0664053301824574
stream,1580,0.31830251284712213,10.225967126421876,1.029137959627405
stream,1581,0.31988623491196666,9.879360514761823,0.8882604962874153
stream,1582,0.319291950110174,9.64163122392492,0.89195214194037
stream,1583,0.3184856571430088,9.647903873919201,0.880783276223534
stream,1584,0.3199193752596784,10.464325476910863,0.9082828710974828
stream,1585,0.321529051829756,10.078401417553989,0.9547571331674972
stream,1586,0.3230777296944635,9.438062932789673,0.8608810160567124
stream,1587,0.3232114679569931,7.185031541743923,0.6597948894550358
stream,1588,0.3255648291106981,6.328627451442014,0.44298758121071274
stream,1589,0.3251652503052469,7.177327924262629,0.6711589556360776
stream,1590,0.32475411832159706,7.167311193784113,0.689252241429724
stream,1591,0.3273866760737138,7.62053074782525,0.7111137682016543
stream,1592,0.3254192082366533,8.933085842860889,0.9165443869740875
stream,1593,0.32875347090227197,9.835926614296897,1.0954184449128586
stream,1594,0.32625488468764624,10.926461722439539,1.2622002988456837
stream,1595,0.33565319418586054,14.377490398195166,1.564486160764118
stream,1596,0.3472004427231498,14.48672093592262,1.646624251976723
stream,1597,0.3519818512377679,16.715725346838042,1.8269641353640274
stream,1598,0.35409497774821086,15.974795422724819,1.735861589669406
stream,1599,0.3626188223389015,17.408824207543393,1.8003809256359375
stream,1600,0.3687517155987923,17.552462198603155,1.8991757718021802
stream,1601,0.37003143988630954,18.193992117741193,1.9043824104434164
stream,1602,0.3705319277391466,18.12062320266172,1.9311822807605343
stream,1603,0.3730301336547105,18.419969473609896,1.935225141761199
stream,1604,0.3740047647725624,17.59095338051557,1.92642863626861
stream,1605,0.3769022906175596,17.568609859878954,1.8724428788470155
stream,1606,0.37926308166726797,17.561426954990363,1.8863491210784775
stream,1607,0.3769814347955308,19.122913712914986,1.941821009904289
stream,1608,0.3761488576841134,18.228340603349697,2.036145024458419
stream,1609,0.37711575741328307,16.952602530321453,1.815755381210576
stream,1610,0.3763307150918339,16.951739798593646,1.788138913708328
stream,1611,0.3721228967315166,15.75645974650673,1.73195436143013
stream,1612,0.37041850245181457,14.938685824008473,1.5743274637644358
stream,1613,0.36512386661208845,14.101138838705813,1.450260128768365
stream,1614,0.35818109412444293,13.245149445506199,1.2834782748355398
stream,1615,0.3579793743541253,11.191108868602575,1.0889387375302573
stream,1616,0.3587113650623711,11.038657474163966,1.030508700110466
stream,1617,0.3565816692757526,8.456066483349208,0.8637583760902348
stream,1618,0.3433981177832053,9.807810681036624,0.849780868257817
stream,1619,0.3228785970662778,8.657452436973646,0.743843506445041
stream,1620,0.32388368899420295,12.15180514363714,0.893637452023119
stream,1621,0.328142331859226,11.544819660209425,0.9857414879617734
stream,1622,0.3222596800483856,12.353568488149197,0.9921820846103279
stream,1623,0.3128635992437246,12.118118361841214,1.0050602935324766
stream,1624,0.305895385474814,12.186363748093502,0.9957427642990062
stream,1625,0.30269040758611415,12.099846935424736,0.9935652872778585
stream,1626,0.2995504874888646,12.116850658327156,0.9777936465982816
stream,1627,0.302244809028412,10.609439406159673,0.9223217693490378
stream,1628,0.30211052641976094,10.51255116554365,0.7902677010540002
stream,1629,0.2971151347134668,10.245648754687249,0.784511975881621
stream,1630,0.30070182770177956,10.853126031590199,0.8332322038178167
stream,1631,0.3187107008249844,12.546957141042068,0.8437815337515937
stream,1632,0.3373553960308627,12.086877840260254,0.8126581005754031
stream,1633,0.33550895373806977,14.562740099428328,0.9151885765491217
stream,1634,0.338064093550875,14.359645335771884,1.026192739618439
stream,1635,0.3472489995276683,13.117187586187187,0.9197394955085222
stream,1636,0.34038480080045286,15.346513849834558,1.0512147060795318
stream,1637,0.3325690448319509,15.272140780962042,1.0959271745822452
stream,1638,0.3283598550683283,13.745664961946975,1.076153976551766
stream,1639,0.32474986005277184,13.40079714072615,1.059719888271335
stream,1640,0.3215367093042393,9.961016871407605,0.8387376056979251
stream,1641,0.3247040667539475,10.736972588956574,0.8116975064963329
stream,1642,0.3262070035518316,9.953927024921919,0.8206046674832275
stream,1643,0.3276576398371527,10.087334984337893,0.8183437929967938
stream,1644,0.3284589973477464,10.310911616923958,0.8475956323607071
stream,1645,0.3296309594720832,10.30100315501525,0.8593170989911906
stream,1646,0.32862477354247277,10.679880045251895,0.8664563393971454
stream,1647,0.3276939675711591,10.76533534779905,0.9002372541458049
stream,1648,0.3327919876022957,13.537834096927636,0.9463872641270971
stream,1649,0.33524761600729747,14.197692247636006,1.2071550563162288
stream,1650,0.33911858781471194,13.615539469971708,1.1819936400434323
stream,1651,0.3426229091290304,11.884530561662599,1.1708647268913235
stream,1652,0.3491740448497795,11.983549378997232,1.1694258809293996
stream,1653,0.3548175259269017,9.473359701810608,1.0407709509552916
stream,1654,0.3646023621937361,10.32030285609342,0.966675146509068
stream,1655,0.3663424658919742,13.390035752153608,1.2367545023718913
stream,1656,0.3674269041538783,11.04184143058024,1.1923637587775022
stream,1657,0.3750116777372076,12.183654085660674,1.1646892977725114
stream,1658,0.3806429739052546,12.180967279864477,1.236604447196441
stream,1659,0.38863607080967244,12.302843602457006,1.2494179197056794
stream,1660,0.3920149430133179,12.385579330316558,1.2456531169941774
stream,1661,0.38048355939565465,16.11217962852789,1.2710410782487946
stream,1662,0.376657204293055,17.502361012940998,1.6210806703334968
stream,1663,0.3851474929175818,19.45478575996421,1.608285862786876
stream,1664,0.3898830368022296,19.297026707128865,1.702555184917229
stream,1665,0.39788184879922334,19.63265115390145,1.7220095592021514
stream,1666,0.39691438006118135,21.411106900374172,1.880944735943911
stream,1667,0.3966442733638599,21.386418934167292,1.879277509168244
stream,1668,0.40564994779804214,19.029677118223173,1.866876024446196
stream,1669,0.4110094153518938,17.927669224120443,1.633222060361576
stream,1670,0.42180579043140115,19.2530694786023,1.6372797620901562
stream,1671,0.4140403064876941,24.916615297384933,2.0972114842701557
stream,1672,0.40280360561384265,24.61752029020663,2.289855914711764
stream,1673,0.40760917387586454,26.67121367741925,2.326790762791691
stream,1674,0.4170472676719399,25.826900739108027,2.3471722007276785
stream,1675,0.4211106048504647,22.623154646759193,2.0948370024446334
stream,1676,0.4149244878982026,23.08327053826309,1.9899967388316868
stream,1677,0.42228656506855344,22.694727725037453,2.040516212568816
stream,1678,0.43037263679277415,22.637180427480867,1.9948180787947898
stream,1679,0.4258544647431488,23.222405809811725,2.007284338771499
stream,1680,0.4252340089871262,22.976524184835373,2.0242348504691616
stream,1681,0.4419613935757782,19.925726961459198,1.9543176894672445
stream,1682,0.44341796705594516,19.639011121116276,1.7587479730000313
stream,1683,0.4408917407788612,17.577129235407636,1.7711119710391612
stream,1684,0.429818193418296,17.842365311871557,1.6451700905984585
stream,1685,0.4150108988422233,17.53270939914426,1.6168112141167659
stream,1686,0.4028172306458727,15.394804724905134,1.4521529938102327
stream,1687,0.4076130222345794,16.314314883584426,1.4401852580235246
stream,1688,0.4086303169491226,16.00596592567907,1.4697620558598201
stream,1689,0.4118708845495081,16.089286310555885,1.4648482968854124
stream,1690,0.41110597969876983,14.938399387655139,1.4329840209418736
stream,1691,0.40665747070106967,9.25916543844293,0.9736318826498712
stream,1692,0.4031702651389193,9.21349593403465,0.7546451404739868
stream,1693,0.4019717458048508,7.147603682290835,0.6893630500138583
stream,1694,0.40123896988827074,7.227940134935752,0.6298272218610972
stream,1695,0.3934014804993296,8.247755922612342,0.6842948007298805
stream,1696,0.3863063174743623,7.881133273125305,0.6994392877820002
stream,1697,0.37672703965355714,7.27858650449079,0.6191962976421694
stream,1698,0.3719662421908758,7.464440111285124,0.6185840250652588
stream,1699,0.37025249069898836,6.895111795557765,0.5930529663305676
stream,1700,0.3738809986625528,7.703803450069181,0.5591062928384485
stream,1701,0.37277691653317296,6.702288678809563,0.6290235190932334
stream,1702,0.37425385356974267,5.59026933388672,0.4592058858402956
stream,1703,0.36948807222082475,8.486337053267842,0.5804937304568297
stream,1704,0.36455469384704126,8.25860562251999,0.7496096781867507
stream,1705,0.3626453289485786,8.498121299509645,0.7441201474246114
stream,1706,0.36509175774631997,9.647082580029153,0.7503250630084053
stream,1707,0.3760277239690571,9.317361185754324,0.7296767064641033
stream,1708,0.3834687679815018,9.576010720880218,0.7224601290851582
stream,1709,0.39079592167767907,9.512930133757825,0.70243754777188
stream,1710,0.4019618411978946,9.383301659977276,0.6894229985640116
stream,1711,0.40943066421873964,9.476045591073431,0.6963641233336755
stream,1712,0.412576345446656,9.932447110818321,0.7060312069706093
stream,1713,0.41690660720225525,9.959992401953357,0.7337812931451827
stream,1714,0.4190868136747242,9.833647293435925,0.7357060889374143
stream,1715,0.4172175144475312,8.83936941503224,0.6690435499826903
stream,1716,0.4062666873560452,9.36874756794033,0.6520493330553151
stream,1717,0.3985998619053497,9.213623112570748,0.6817728874592004
stream,1718,0.3970270615551924,9.091453167960175,0.6509620501488029
stream,1719,0.4040406043010752,9.223234330705203,0.6565582429110636
stream,1720,0.41006591135386783,8.379665170594212,0.6658582091108541
stream,1721,0.4069460563196345,8.935031266287305,0.6011133270787256
stream,1722,0.4092660727916787,9.20380294482532,0.6724618363501248
stream,1723,0.4114159335377516,6.2210135190159175,0.5505314707207831
stream,1724,0.4168245964877993,6.120849351004077,0.3862140118460169
stream,1725,0.421627212076798,5.966683902863931,0.39957277711813755
stream,1726,0.43108471528299597,5.409016596674209,0.4410258530588198
stream,1727,0.4462186490934643,4.696742783444779,0.45255839387270236
stream,1728,0.4650673748716745,4.257328590259877,0.3804615154400144
stream,1729,0.4768118236015419,4.519113889599928,0.39831825887253913
stream,1730,0.488579552166128,4.591540911797278,0.4195435583560929
stream,1731,0.4971465039939327,4.755020783303167,0.4452811421878319
stream,1732,0.5014903044186049,4.504765975211115,0.4364900655758135
stream,1733,0.5070042649965623,4.483706336790885,0.4078491147322477
stream,1734,0.511417368863393,5.319677232311547,0.4524328813109443
stream,1735,0.5128772907739892,5.119186957352509,0.4806216712269651
stream,1736,0.5101322840257113,4.58148223055041,0.47938984724568673
stream,1737,0.5065105692943476,5.164084446458299,0.49262325044588484
stream,1738,0.5005699267500582,5.193381188091806,0.5351048184177715
stream,1739,0.49663765184980757,4.967492423205434,0.5392135218633375
stream,1740,0.4916450870289726,4.969961020134027,0.5246450876931119
stream,1741,0.484887575185817,3.954148110361625,0.4928645449974159
stream,1742,0.4870640489306206,4.4070829194268875,0.43761217019946824
stream,1743,0.48973075804009825,4.3995346665887,0.45240740173075517
stream,1744,0.4884986147835546,4.389827196351064,0.4431039125176346
stream,1745,0.47479710734409836,4.908608583925723,0.4447816533825973
stream,1746,0.46266709194756683,4.291380921600236,0.41760705193972686
stream,1747,0.44963487138692454,4.233029261720871,0.4037612714459333
stream,1748,0.4374618433449366,4.185721872848264,0.4036165729900783
stream,1749,0.44578422383768695,5.87247326878497,0.4462771357126461
stream,1750,0.45047613651313384,5.845065054353992,0.5246141989847135
stream,1751,0.4612806282348487,5.905410928741815,0.5169636091957507
stream,1752,0.45430970315114094,8.190946262642848,0.6711415577495392
stream,1753,0.45437108809258314,8.46702659411146,0.8134417648704468
stream,1754,0.4577466726437684,7.877550561700033,0.7661406145682566
stream,1755,0.46196108669437713,7.895079755229959,0.7472725882738304
stream,1756,0.45126060788989886,10.391584394593353,0.8357967861652674
stream,1757,0.44903037665495377,10.664247087931814,1.0200983739389153
stream,1758,0.44105670510115075,10.794170838489517,1.0467209674244977
stream,1759,0.4371154589025382,10.798170506115786,1.0585278071108255
stream,1760,0.43788999957421615,11.137906495281232,1.0625455433012843
stream,1761,0.43317753859844493,11.646960102685387,1.135105616101618
stream,1762,0.4250109238413567,11.176077114607876,1.090276190617171
stream,1763,0.4152922650886074,11.281033972122836,1.0630578720476975
stream,1764,0.41024981532060584,11.39863831428908,1.0830920906455552
stream,1765,0.4153274131874108,12.771239102858015,1.102546464239507
stream,1766,0.4149060527934583,13.903069817012721,1.3196549179842438
stream,1767,0.41592836217741946,14.240958867344872,1.4087201012420736
stream,1768,0.4189428729810114,14.435537153142954,1.4425685481447619
stream,1769,0.42111930487281835,12.473133744501702,1.3800627386947988
stream,1770,0.423455758743181,12.380605181095481,1.2707009754213685
stream,1771,0.42426516733192976,12.077557206163966,1.2446678096423196
stream,1772,0.4250623426996386,9.65349632144023,1.0939312679554087
stream,1773,0.42567926073896123,10.099017929672716,0.997883155976641
stream,1774,0.4259317889315833,10.004859980289332,1.051099594937853
stream,1775,0.42679340324664333,10.035500835752236,1.0344789669518724
stream,1776,0.42620526617359134,7.517620107755564,0.9537635334832677
stream,1777,0.4217892842543849,6.784847881995365,0.7213974330294787
stream,1778,0.4192309017517573,6.827159411927489,0.670839509505848
stream,1779,0.4124978936477397,7.870938467656428,0.7498120030896346
stream,1780,0.4068028182187152,7.69100341092208,0.8211175465789013
stream,1781,0.39610649659520275,7.813793995933001,0.7942536788375062
stream,1782,0.38219279922814253,7.571762809143396,0.8107223340861673
stream,1783,0.372562065204666,7.748192476578416,0.8237879430570589
stream,1784,0.37250026191589525,9.490896076173085,0.8273545985472142
stream,1785,0.36704651845980685,8.639003152378898,1.0093264620104534
stream,1786,0.36421307615559756,7.517882767515629,0.8193926547305329
stream,1787,0.3648277707631701,7.291288788475339,0.7340277418518864
stream,1788,0.36606048619270914,7.103673733845089,0.7017620317535729
stream,1789,0.37378718149311474,7.841017114167054,0.717340065398255
stream,1790,0.38072214406916227,7.865023591031509,0.761035082042019
stream,1791,0.3818889632713485,8.569969946823008,0.7779562122544429
stream,1792,0.39613245965405075,11.689332592043913,1.017816631641259
stream,1793,0.40309793400473576,11.75136271656646,1.2211878081349896
stream,1794,0.4071304529028041,11.725424567234196,1.1783568422222397
stream,1795,0.40624579954409656,12.115731467213621,1.1789429159359284
stream,1796,0.4145425625796037,15.394375213043446,1.3833142849270252
stream,1797,0.4170258509688632,15.696512852727146,1.6114856671086457
stream,1798,0.41845759991499343,15.55755559969682,1.6285236351977543
stream,1799,0.41893658015283475,14.656184377278056,1.55085285233042
