segment,end_index,PW_WTC,E_CCDC,CD2_P
stream,0,,,
stream,1,,,
stream,2,,,
stream,3,,,
stream,4,,,
stream,5,,,
stream,6,,,
stream,7,,,
stream,8,,,
stream,9,,,
stream,10,,,
stream,11,,,
stream,12,,,
stream,13,,,
stream,14,,,
stream,15,,,
stream,16,,,
stream,17,,,
stream,18,,,
stream,19,,,
stream,20,,8.285582666469544,
stream,21,,8.233156016840487,0.7377315866549834
stream,22,,8.914162367307743,0.7596710640669737
stream,23,,9.035119190954898,0.7596710507445528
stream,24,,8.83335083012588,0.7257959348572426
stream,25,,8.473006404606549,0.6262433107560572
stream,26,,8.455392258823538,0.6158725772482206
stream,27,,11.967883782434452,0.7126323550041341
stream,28,,12.08364638226544,0.9496030609507171
stream,29,,12.047448507435757,0.946228638148581
stream,30,,11.997771964585985,0.9287944010129048
stream,31,,12.026319596578718,0.93661914404156
stream,32,,11.0063581762016,0.9010135702255858
stream,33,,13.366933128681799,0.9557187508315819
stream,34,,13.200265878699456,1.1920951846155172
stream,35,,16.151583799030103,1.0305579358389383
stream,36,,16.41865106706994,1.2239721713013472
stream,37,,15.84585995154612,1.243715033858542
stream,38,,15.056069114190247,1.2609574176150082
stream,39,,15.773451817735914,1.239516909507827
stream,40,,15.578005448420265,1.2624101671679737
stream,41,,15.789643734070065,1.2328029603587474
stream,42,,15.13250996612842,1.2161575265707143
stream,43,,15.835608111481207,1.2304218951048307
stream,44,,20.1594743900587,1.52575978027017
stream,45,,20.997351000443548,1.9998238395169163
stream,46,,21.30644393084209,1.9897005667259724
stream,47,,18.40349165498925,1.8942212095389679
stream,48,,18.066263121997604,1.6626069235428058
stream,49,,18.08503998969307,1.669728023739422
stream,50,,18.011172753013714,1.6685173610725563
stream,51,,18.17774197703609,1.6651053345838098
stream,52,,18.042239733900853,1.6637102056124826
stream,53,,15.722411518473113,1.5614243018312164
stream,54,,14.286778592857445,1.2856010855625124
stream,55,,10.624971443387441,1.2704855711275018
stream,56,,11.7279788270093,1.1133007488338023
stream,57,,12.39352391781047,1.2346352959380043
stream,58,,12.928689974483838,1.3078101849881423
stream,59,,12.109980556565098,1.2722374420262121
stream,60,,12.164121910845504,1.2329254732221198
stream,61,,12.377881144129022,1.2518902701668877
stream,62,,13.377833435378285,1.2470979236997322
stream,63,,12.494664409953122,1.2628150909840845
stream,64,,7.943477310971528,0.954335634969278
stream,65,,7.783624757939292,0.5314144314935771
stream,66,,7.475376831244483,0.5814358681904535
stream,67,,6.911125706575062,0.5794840441337886
stream,68,,7.156977905856788,0.5931467587136438
stream,69,,7.146140838163013,0.5848699912605645
stream,70,,8.114351705836114,0.6230812963616652
stream,71,,8.255970929671669,0.6216036876058153
stream,72,,8.530760514210774,0.619828969904373
stream,73,,9.24102258496626,0.6885007379766381
stream,74,,9.328302279738839,0.6909468896806412
stream,75,,9.327905140479492,0.6932582108882894
stream,76,,8.844474835778517,0.6630566125422983
stream,77,,8.049765430922792,0.5385695796584307
stream,78,,7.402439619700031,0.46176272938677987
stream,79,,8.869340656821779,0.5109417787482411
stream,80,,8.831092348995243,0.5848250347621539
stream,81,,8.361465388430558,0.5583024808015604
stream,82,,8.103894398470533,0.6294008907004619
stream,83,,8.195609875287856,0.6466854681945148
stream,84,,8.195440957715569,0.6464359528933438
stream,85,,7.929126219630554,0.6612315397109542
stream,86,,7.919650572930872,0.6339060670309989
stream,87,,8.478648507585621,0.6579026676379707
stream,88,,8.31577072177033,0.6449261214560876
stream,89,,8.616414537420551,0.6596921863152517
stream,90,,7.659726522880552,0.6226915438810168
stream,91,,7.536845692948007,0.6213662025105076
stream,92,,7.257399305072553,0.6278883406862109
stream,93,,6.517590767468563,0.5690259517169649
stream,94,,8.912204320505062,0.6454250866137401
stream,95,,8.915256024183591,0.7634280570788284
stream,96,,8.477270004178472,0.741847465884267
stream,97,,8.685710764130608,0.7125199738491387
stream,98,,8.586110183261447,0.6997157547661084
stream,99,,8.367970261749024,0.6452782181105031
stream,100,,9.341546638694476,0.5732119545399189
stream,101,,9.576838188610393,0.6619089815008081
stream,102,,8.828766758034385,0.5932292180035234
stream,103,,8.88979856092878,0.5513168696107152
stream,104,,9.143583870730096,0.5692132254687234
stream,105,,7.732680543180606,0.5173594083550201
stream,106,,7.824012255865302,0.4794278587701595
stream,107,,7.2193770687223395,0.4685949762731348
stream,108,,7.452331437780471,0.4815715224550179
stream,109,,7.283943700231684,0.47083652924261804
stream,110,,7.844988119174541,0.4703422114285487
stream,111,,7.755204686912974,0.4950477910670749
stream,112,,7.756785355852618,0.5010179683719731
stream,113,,8.767262896060899,0.5335308242226597
stream,114,,6.69483670990873,0.4575059543337737
stream,115,,6.805829905182294,0.3932886455576282
stream,116,,6.331408129940318,0.38329479849429204
stream,117,,6.11296490486692,0.3836066942387407
stream,118,,6.083829575004855,0.38183196057219543
stream,119,,4.86364340055935,0.3422429859781409
stream,120,,4.225172262326754,0.3436957778626445
stream,121,,4.357942588175249,0.25541057332031714
stream,122,,5.129879421597812,0.36890497213435197
stream,123,,5.095725600497216,0.36834356034299437
stream,124,,6.296004532783475,0.41693298599055545
stream,125,,6.268678577397907,0.46426415060567783
stream,126,,6.172729272212157,0.4557626748933521
stream,127,,6.974752810874047,0.47056628633220504
stream,128,,6.642001311714399,0.46702485493547374
stream,129,,7.316526168153088,0.49047685430529453
stream,130,,6.726884531546505,0.5098883617379082
stream,131,,7.1697234536654495,0.5069505458601584
stream,132,,8.173557491794043,0.49719142490031004
stream,133,,7.849616546592581,0.5538745624166399
stream,134,,7.7379275055535315,0.5520401152112074
stream,135,,7.898921550828141,0.5425009607077771
stream,136,,12.222474186960252,0.7731593706036599
stream,137,,12.296889715335366,0.8798432152672448
stream,138,,12.457630423396983,0.8896525680424039
stream,139,,13.47228618212273,0.9510683054155786
stream,140,,13.363526758192894,0.9665459650288799
stream,141,,13.107660418090418,0.9703899130174042
stream,142,,12.35233905372869,0.8774874763964866
stream,143,,13.875693874346865,0.9827151734178782
stream,144,,12.669008444999434,0.9296204789597308
stream,145,,14.741835452232127,0.89576760664699
stream,146,,16.21286703920949,1.1323901255736923
stream,147,,15.904195489211851,1.2739471597117968
stream,148,,16.883958892392254,1.3368312133545415
stream,149,,16.33379420633096,1.387709224435318
stream,150,,16.33434860880578,1.3721242028434995
stream,151,,16.000424960961315,1.3547892729443594
stream,152,,15.341637624033828,1.405932187672823
stream,153,,14.824196358662732,1.3507461029641055
stream,154,,14.530313370546743,1.373756736378241
stream,155,,14.610698406565577,1.3358251259374223
stream,156,,12.23469002364327,1.1584788057924775
stream,157,,12.390350467802019,1.123861261875683
stream,158,,12.302800181485464,1.140162607445117
stream,159,,11.306357854674342,1.082535819434217
stream,160,,11.258452566486847,1.0635911829107187
stream,161,,12.452987990890938,1.1429006557203731
stream,162,,12.471776272181366,1.1776074175561022
stream,163,,10.906815148068869,1.0818517119316562
stream,164,,10.803453333887651,1.0673673522000275
stream,165,,9.035105245699246,1.0383516390701888
stream,166,,7.592738220005472,0.8203518614948853
stream,167,,7.227009270908228,0.6571672197568265
stream,168,,6.395295001297884,0.5756604246193523
stream,169,,6.1756242586907835,0.49670776461982563
stream,170,,6.571581245469297,0.5053064731822507
stream,171,,6.957935721018551,0.5900998022955053
stream,172,,6.777669748054315,0.5427458318587464
stream,173,,6.598406803018618,0.5027704838207259
stream,174,,6.609414835022793,0.49000319972202216
stream,175,,6.822479418770469,0.494405867031119
stream,176,,4.889249759238289,0.46385490844222044
stream,177,,4.714551756119913,0.3961765059259643
stream,178,,5.258960015999499,0.3806237291257052
stream,179,,5.1677406693841546,0.42397412041953164
stream,180,,5.478515098120573,0.4581563706482234
stream,181,,4.229088503597511,0.3788468714880629
stream,182,,4.376949563356976,0.3251578895867401
stream,183,,6.316750854734675,0.4492189321065774
stream,184,,6.61181490568109,0.5848178644596188
stream,185,,6.696167109389017,0.584101529015682
stream,186,,8.668515685291784,0.5993391231139592
stream,187,,8.61881201923564,0.6959566375935471
stream,188,,8.484467842572604,0.7109473928311306
stream,189,,8.55835150362821,0.7198157585374743
stream,190,,9.637887264404252,0.7294353121026276
stream,191,,9.558812546920327,0.7906492346599003
stream,192,,13.471468378543168,0.8279463741403384
stream,193,,13.483042712447634,0.9378972692593258
stream,194,,14.324803811098096,0.949091696021449
stream,195,,13.83047179924562,0.9464087924817844
stream,196,,13.951347763282506,0.9296057146690383
stream,197,,14.914236745549164,0.9356187606465882
stream,198,,14.762416367528287,1.035395380554946
stream,199,,16.084845925316074,1.1241626959854611
stream,200,,15.58931349743387,1.1593859832130378
stream,201,,17.236624827467836,1.2135740911927377
stream,202,,17.788236824781567,1.3853474793970382
stream,203,,15.890388976887314,1.2927288602728526
stream,204,,15.462783992372467,1.1684665854571414
stream,205,,15.728698275985769,1.1847203170179412
stream,206,,13.73070844203649,1.1719637410017432
stream,207,,14.76319544769412,1.1172586627952983
stream,208,,14.77121275671476,1.1740927610239742
stream,209,,14.916301670939275,1.1687363101991846
stream,210,,13.508688255450801,1.145411136583459
stream,211,,13.874465787027868,1.013953258315923
stream,212,,9.814919147687252,1.0139532158317648
stream,213,,9.853390790908549,0.9033282513500555
stream,214,,9.241878927376339,0.8974580296288728
stream,215,,9.315363368715712,0.8919915873982136
stream,216,,10.117117643091925,0.9588161887840042
stream,217,,9.352240778860986,1.0282297300073893
stream,218,,11.29086742470123,1.0592173556522635
stream,219,,10.450136946727064,1.1319878843513793
stream,220,,11.635879581772627,1.063128991368539
stream,221,,10.308660479871406,1.0107652846402821
stream,222,,10.144548101584634,0.9229340916308537
stream,223,,10.241215927566587,0.8767256283082694
stream,224,,10.484060324631393,0.8983062337870402
stream,225,,10.484007225036251,0.9501601286266388
stream,226,,10.489861226356123,0.9411495645703332
stream,227,,9.432599584089536,0.8941328925941838
stream,228,,9.461341608999517,0.8364255107852699
stream,229,,9.28438160480843,0.833020912855085
stream,230,,12.77149347535572,0.9297807006816752
stream,231,,11.889995161561696,0.9896090059367051
stream,232,,12.867152614309909,0.9538794154735096
stream,233,,14.621701789260612,1.157401555876534
stream,234,,15.817707782398431,1.140982845694378
stream,235,,16.120078244023574,1.2818717344814803
stream,236,,15.169193438060427,1.2329730014079594
stream,237,,18.820922177601112,1.2564720147090571
stream,238,,16.689825903662246,1.3185981372574846
stream,239,,16.493107161010872,1.1075023127313568
stream,240,,15.696995791682077,1.1069107302998886
stream,241,,15.28731459025316,1.104412272822593
stream,242,,14.74373955947331,1.0217954312008164
stream,243,,14.52590377684237,1.0222971330169366
stream,244,,14.356204350247149,0.9982482163867242
stream,245,,14.720174726705858,0.9937255602344498
stream,246,,14.761999995372099,1.0443842490893365
stream,247,,14.719044738893913,1.045100577764646
stream,248,,14.928906780421014,1.047277085326144
stream,249,,15.046250668726774,1.0471697687343364
stream,250,,14.35589121830492,1.0084419633381543
stream,251,,14.602274257174408,0.9850670813302157
stream,252,,14.503970005507492,1.0705465003911574
stream,253,,12.700459539848188,0.8992352974870367
stream,254,,11.751814662504296,0.9300679392787261
stream,255,,11.301699464093799,0.8109468286534863
stream,256,,11.318066879273603,0.787062921752553
stream,257,,8.03420716591974,0.6930268967017178
stream,258,,7.807224010464293,0.5355998027756768
stream,259,,7.781159382483983,0.5403921585905533
stream,260,,8.349448556483392,0.5429456068110615
stream,261,,8.644508851765904,0.6131224112023256
stream,262,,8.735072663789177,0.6256649913534565
stream,263,,8.906446205551319,0.625664991600168
stream,264,,8.939311683861847,0.6367842834972579
stream,265,,7.921504029483176,0.5791573592181228
stream,266,,7.873371679039822,0.5162807169492926
stream,267,,8.210797016866552,0.5356922320872642
stream,268,,7.940266182689631,0.5442580747144229
stream,269,,7.98501123118398,0.5555947322650705
stream,270,,5.281994318624392,0.5297013347791389
stream,271,,5.127847294932432,0.46925134196011475
stream,272,,4.2393636079084205,0.3769626889870241
stream,273,,4.23743808209027,0.34475173931059067
stream,274,,3.7128439606788706,0.3176255471130129
stream,275,,4.1907856624809785,0.30319618685657396
stream,276,,4.3766967162405805,0.35412650451335614
stream,277,,3.8205059486934965,0.36689380887709694
stream,278,,6.049145975997785,0.37474877659567796
stream,279,,5.68166443785265,0.4579270578796981
stream,280,,4.86538921951408,0.45792706842802616
stream,281,,5.093563010929058,0.4321611163830894
stream,282,,7.455214514849102,0.45416033067538636
stream,283,,7.465354911471719,0.5797586019368408
stream,284,,7.759518239106793,0.6007597405711572
stream,285,,7.758557576715902,0.605918982557928
stream,286,,7.755774839236295,0.6091887673274929
stream,287,,7.410849905374883,0.5936037616929243
stream,288,,7.627221816236822,0.5756778940174087
stream,289,,7.527607312907224,0.5644485508655122
stream,290,,7.836989967527,0.5838044163171
stream,291,,8.280374551584572,0.5838044142806711
stream,292,,8.63662693838354,0.6323965931077776
stream,293,,8.72297536720419,0.6323966052853073
stream,294,,9.052337910777064,0.6295413115169789
stream,295,,9.001775177246987,0.6616792662819247
stream,296,,8.942731991426903,0.6119596036383383
stream,297,,8.96186942166082,0.6023400451060169
stream,298,,6.817121044029103,0.5480520591839149
stream,299,,6.936910110749971,0.4870627481724425
stream,300,,6.844423149940957,0.48802120383011105
stream,301,,6.292678383898852,0.446108794001563
stream,302,,3.995981346111926,0.41304462682383347
stream,303,,3.857158122412154,0.28659520603440675
stream,304,,4.323776673238435,0.28516056959377767
stream,305,,4.437405446450695,0.337628251886142
stream,306,,4.505286651896116,0.3414171779069958
stream,307,,4.502119413302608,0.3375906589297462
stream,308,,4.319702457830131,0.3332175494936755
stream,309,,4.314540350601485,0.34977110240136833
stream,310,,3.8870541043339504,0.310768972044291
stream,311,,4.498748328588701,0.3653165317335851
stream,312,,4.336696024312822,0.39859735448757805
stream,313,,4.636218748283247,0.43774967422192546
stream,314,,4.3039091089389885,0.4417780547364376
stream,315,,3.96410196577074,0.40069192917013946
stream,316,,4.253072511509393,0.40276112082038273
stream,317,,4.226877196724797,0.4225039489159239
stream,318,,4.36658293842948,0.4436076750007383
stream,319,,4.320590273932304,0.4184607950653142
stream,320,,4.980542305351928,0.48439930696485695
stream,321,,4.988466324010513,0.5108695490400572
stream,322,,5.3359481165067955,0.5281716100002904
stream,323,,5.354367612630445,0.564088995324797
stream,324,,5.784142421747675,0.5486387731120811
stream,325,,5.675061020381823,0.5400500694017959
stream,326,,5.614343554006117,0.5338425080226519
stream,327,,5.662971881975226,0.5318283249142379
stream,328,,6.198637402143559,0.5488882851669006
stream,329,,6.178519762737331,0.5717815153768624
stream,330,,10.548542374079897,0.7659811054531177
stream,331,,10.394227228087827,1.0716172878545795
stream,332,,10.188300564261127,1.036044588611941
stream,333,,9.879696023284293,0.9968922688775936
stream,334,,15.235033713127752,1.1273694633754832
stream,335,,16.22919498094699,1.5054019077091052
stream,336,,15.93097046691309,1.5749046969630445
stream,337,,16.840582360522404,1.5582740363357013
stream,338,,17.4040799205835,1.5370455514950112
stream,339,,18.47212016530328,1.5370455523017312
stream,340,,17.885490413920852,1.5264057781647093
stream,341,,17.891645502279026,1.5187152249005051
stream,342,,17.840876408849972,1.521563129817886
stream,343,,17.83250664568839,1.4978636772296345
stream,344,,16.836127789442134,1.4826281228956244
stream,345,,16.832698426253074,1.4292167931240978
stream,346,,16.83961620287731,1.428902228103106
stream,347,,16.844279707819894,1.4586845163673179
stream,348,,16.26828480954622,1.438696822586852
stream,349,,16.157635312612836,1.4037653468958675
stream,350,,11.777159965354683,1.1980419754116791
stream,351,,10.75281428742259,0.8390937197617849
stream,352,,10.752835380216943,0.8020709213240664
stream,353,,11.116945488728188,0.8391111611722214
stream,354,,5.823786815314942,0.7070242265886615
stream,355,,4.742069748228762,0.32803332666237717
stream,356,,4.772751582750721,0.25390788771232936
stream,357,,5.332166085167454,0.23982329799131555
stream,358,,4.505141312072309,0.3688303990310635
stream,359,,3.3747460920984116,0.3662695501666952
stream,360,,3.312473480027791,0.3077010285180746
stream,361,,3.3078744067790087,0.2838171130533717
stream,362,,4.5369748937950325,0.31455314823828645
stream,363,,6.0781131941932625,0.3023352186528701
stream,364,,8.494799512758597,0.5880348641446823
stream,365,,8.905890225962143,0.8054107788956537
stream,366,,9.362496952896205,0.8105176909555485
stream,367,,9.484071152454241,0.8182223571518639
stream,368,,10.315904242281762,0.8858014081869513
stream,369,,10.371242011111722,0.8925154002750565
stream,370,,10.599407083666645,0.9107558137984674
stream,371,,10.87713432965954,0.9094579468785849
stream,372,,12.41557590319711,1.0011859290676997
stream,373,,11.990057681777119,1.012470232292593
stream,374,,12.291707207553696,1.0202949411791828
stream,375,,12.562137963704485,1.0645414369579582
stream,376,,12.80585840022961,1.0656347234713264
stream,377,,11.712669263207616,1.1143959543667095
stream,378,,12.139598490013464,0.985191657593757
stream,379,,12.441536459047944,1.0243789107590369
stream,380,,12.603363645836383,1.072496211060981
stream,381,,12.77847587571804,1.1218046803949218
stream,382,,11.154376653876128,1.0743306664878012
stream,383,,9.559497366596668,1.078711168766884
stream,384,,6.828926610457711,0.7847347417804481
stream,385,,7.097256223132958,0.6005906468506219
stream,386,,7.289634801456773,0.7058183408166787
stream,387,,7.91301354943821,0.7713510626363225
stream,388,,7.332543934760405,0.7088937081770452
stream,389,,7.370062933597573,0.6983358032228482
stream,390,,8.784106653672008,0.772696042185667
stream,391,,9.910294427953275,0.976878110303318
stream,392,,8.737230944639016,1.0159143716522152
stream,393,,8.720295976315747,0.9761013112412049
stream,394,,8.91299572572178,0.992839290756813
stream,395,,9.448195875769281,0.9489670588634828
stream,396,,10.380524936807948,0.9529954538190307
stream,397,,10.704572527842695,1.0274138389503822
stream,398,,10.286988813388232,1.0837079175475488
stream,399,,10.350576596340778,1.0454965827805847
stream,400,,10.762501538553405,0.9984799482101692
stream,401,,10.79133287896991,1.0109474088896275
stream,402,,10.72120880062891,1.017207273286572
stream,403,,10.790339243372,1.0155123814919298
stream,404,,11.491373422251751,1.0302784165128323
stream,405,,11.360460594496868,0.9942261807081909
stream,406,,12.303020233854655,1.0225314394094744
stream,407,,12.835526779475584,0.9202455330279237
stream,408,,12.75383905778638,1.0262372248251619
stream,409,,12.649741519156278,1.0399428505008483
stream,410,,11.598493736697499,0.964584574381451
stream,411,,11.36673143614681,0.9299891644291469
stream,412,,11.857552547069508,0.7879332230641743
stream,413,,12.66555919355507,0.775840049026501
stream,414,,12.213118389889347,0.787319531691923
stream,415,,16.993537290811656,0.9731511966435222
stream,416,,16.28193345954341,1.3118556824812622
stream,417,,15.53596230438925,1.2066347471480876
stream,418,,15.524139475008454,1.1504030453378766
stream,419,,15.155678555901542,1.1511193828103488
stream,420,,16.21587257622143,1.21735563721396
stream,421,,16.908677545196753,1.3167573864691944
stream,422,,17.221770072638996,1.3861038607568312
stream,423,,18.625981592455158,1.4671082479012696
stream,424,,17.959295560751197,1.5024018937411496
stream,425,,22.01502611463468,1.7065216758139536
stream,426,,25.278499701873514,1.5671030965155923
stream,427,,23.99074182912931,1.7983255859325225
stream,428,,23.99181274175219,1.6879909126413668
stream,429,,23.97407303368035,1.685966684072411
stream,430,,24.073298428356026,1.6895081445485272
stream,431,,22.903326134893952,1.5497037761001515
stream,432,,22.111747682025555,1.5536074183800084
stream,433,,21.431098065163308,1.554583318434434
stream,434,,22.017131754435265,1.5153961130189035
stream,435,,16.549150953618753,1.3325223533520805
stream,436,,16.17475145213431,1.0031805206804398
stream,437,,16.19941949585745,0.9819520325722131
stream,438,,17.37457492470382,1.0043757780340856
stream,439,,18.021325693149414,1.0168009966504525
stream,440,,16.74936964492119,0.9509691830155258
stream,441,,15.89912362027388,0.8182759339243063
stream,442,,16.18425467084333,0.7458172946427462
stream,443,,16.19654197376031,0.7911342562040261
stream,444,,16.389550594345717,0.7493513196444994
stream,445,,13.37840700340098,0.5826560754756583
stream,446,,8.530045642198795,0.6257569760634474
stream,447,,8.777849423538536,0.40824011342732386
stream,448,,10.183053525743603,0.4264510276067506
stream,449,,10.48243278157304,0.5495897798294205
stream,450,,11.044880137411647,0.5403297243944052
stream,451,,11.249690617795196,0.5923761220959933
stream,452,,11.275461782537263,0.5904866734040023
stream,453,,12.42210139379401,0.6730760205795918
stream,454,,11.762061881464883,0.7233603951418691
stream,455,,12.848332804215332,0.7443642126221016
stream,456,,12.592898166461104,0.7744778322235762
stream,457,,12.9973876279223,0.788720012568003
stream,458,,12.4658500959665,0.8552527515536253
stream,459,,11.915359574048455,0.8466540033408806
stream,460,,12.085574820969825,0.8717962125646443
stream,461,,12.035351078459883,0.8730437587207363
stream,462,,11.625994383703135,0.8674277499388272
stream,463,,11.598737584115995,0.7506387635864263
stream,464,,11.372345009207542,0.802327696945341
stream,465,,10.044726029096884,0.7683077566864782
stream,466,,11.225186330044439,0.8305794321666381
stream,467,,10.941869556931277,0.8749057466707377
stream,468,,11.524900756550318,0.9190348905781958
stream,469,,11.304407318312757,0.8397750962481575
stream,470,,11.894728001727117,0.8733040170612281
stream,471,,11.737968780911622,0.8360283902505297
stream,472,,12.698900964809926,0.852958888736579
stream,473,,12.364551419434743,0.9046256859286532
stream,474,,12.583460674869883,0.9215535218910176
stream,475,,11.381612488087983,0.9100217436053014
stream,476,,12.818295252693419,0.8964985626681193
stream,477,,12.677262038659226,0.9850788673787726
stream,478,,12.081862622009314,0.9160027626606364
stream,479,,11.975424206771612,0.9174180102021615
stream,480,,11.776946926369352,0.915755304987195
stream,481,,12.37151816854321,0.8867396647743304
stream,482,,12.94470533386977,0.9809358909663581
stream,483,,11.495804155308328,1.0027029713623197
stream,484,,12.785310122931621,0.986743707974163
stream,485,,13.048621811491673,1.122650375987571
stream,486,,12.012077731963451,1.058266576836917
stream,487,,13.302438270556971,1.017052480701605
stream,488,,12.036452055562489,0.9541758415836143
stream,489,,12.056184823878189,0.9084248649205028
stream,490,,10.235952932475868,0.8633721458666563
stream,491,,10.38144026866547,0.8195528635221143
stream,492,,9.749293264314863,0.8019060295921283
stream,493,,8.890795698461265,0.6751754436249757
stream,494,,10.406136740793519,0.6485851586590378
stream,495,,10.598093653555518,0.7537839109645129
stream,496,,9.335266623758077,0.7537839109645129
stream,497,,9.481645310108018,0.6546678625059794
stream,498,,11.73213401704526,0.6599069434009656
stream,499,,13.126754999118923,0.6561180235996215
stream,500,,12.736311636808129,0.6897019311254665
stream,501,,12.795322837791252,0.7117467187865607
stream,502,,12.334205180374724,0.6692394791254205
stream,503,,12.352895528444895,0.6591162433314085
stream,504,,11.081023612812343,0.6147603736541016
stream,505,,10.752899286780348,0.47708903635949995
stream,506,,10.664457095014043,0.45145790183065515
stream,507,,9.716917004650961,0.43520415068939255
stream,508,,9.786772491596569,0.5071537068487294
stream,509,,10.531002526804082,0.4966729339519006
stream,510,,11.509366950151893,0.606039087720095
stream,511,,11.843455895493756,0.7140032919016072
stream,512,,11.5115860322552,0.7155882181805729
stream,513,,11.634092195286108,0.7267075385202754
stream,514,,9.873523022423797,0.6903413700500638
stream,515,,9.705335351822917,0.5732968658559789
stream,516,,9.546993684782162,0.5435648882090146
stream,517,,9.476100600456279,0.5460633593989538
stream,518,,7.456170396450824,0.5210787176041594
stream,519,,6.233119639156473,0.541670666271919
stream,520,,6.987754843701921,0.5391990802330859
stream,521,,6.435565725914164,0.5365658073716113
stream,522,,6.366869134980921,0.4763753860483778
stream,523,,7.1771615047275406,0.45519915731167837
stream,524,,7.384187707325518,0.5271487197726743
stream,525,,9.829436769090725,0.5552286673459008
stream,526,,10.848088904350853,0.5463180472501844
stream,527,,10.523582188304893,0.6144256665436034
stream,528,,9.568497392760305,0.5422339770525841
stream,529,,8.80569847078976,0.5434694509258724
stream,530,,8.188983847356118,0.4538266494820135
stream,531,,7.882118260859763,0.345450615142073
stream,532,,9.00524646234938,0.41664833418934855
stream,533,,9.004946254557574,0.4785342931137046
stream,534,,10.030610250764758,0.48637174999039673
stream,535,,10.613049673986975,0.49078450301665044
stream,536,,10.718602410144596,0.537801093621063
stream,537,,11.210241554615076,0.5446250903805454
stream,538,,11.161793471011102,0.6531259395906697
stream,539,,12.041414185267254,0.6456828948472078
stream,540,,11.46194202349785,0.6026148441033952
stream,541,,11.48522534827571,0.5811891350392056
stream,542,,11.383724774159617,0.5808671819857248
stream,543,,10.566078709456605,0.5932971264650171
stream,544,,10.344797609509161,0.5269910790422127
stream,545,,7.759953261576592,0.5011124791041086
stream,546,,6.710288151768996,0.49490759002635903
stream,547,,7.7304343215221945,0.46501126845371654
stream,548,,7.73680316427408,0.506000087608459
stream,549,,7.657922112007572,0.5048994326814195
stream,550,,8.248229182243959,0.5176560662765699
stream,551,,9.294218181099067,0.6985430518391799
stream,552,,8.233360284048434,0.6444053060421355
stream,553,,8.042342287649205,0.5689787026849221
stream,554,,7.4127101573811025,0.5689787035166987
stream,555,,9.117364696018097,0.5800436378272543
stream,556,,10.028684089146799,0.5381312894344461
stream,557,,11.35154595864161,0.7568614529789375
stream,558,,11.127651223181354,0.7112372430035019
stream,559,,10.615690141747773,0.7121729279167497
stream,560,,11.272856656829848,0.8134754627939547
stream,561,,11.441518838570149,0.8229850415395085
stream,562,,11.292072877797995,0.8405366298485891
stream,563,,11.320893196493369,0.8259576776057546
stream,564,,12.16939980586395,0.8747269100634476
stream,565,,12.111713373515895,0.9191377923647315
stream,566,,12.29568024245017,0.9321666705828001
stream,567,,11.26803764963188,0.8972352187853274
stream,568,,11.621964090020944,0.8803503190513468
stream,569,,12.966676908687528,0.9798922671357122
stream,570,,11.958472177342907,1.000319872342152
stream,571,,10.729814973262942,0.8193081328727224
stream,572,,11.209423814164516,0.8207910831719809
stream,573,,13.30071274938561,0.8249321489282784
stream,574,,14.866023577413301,1.1666065990032752
stream,575,,13.222862573489179,1.1600771032105333
stream,576,,12.560547763196473,1.2405729786460384
stream,577,,10.570875091603545,1.008679094798544
stream,578,,10.570298503488967,0.9534849719723111
stream,579,,10.072130055372712,0.9384418926334306
stream,580,,9.235957136876218,0.8278169134522305
stream,581,,12.303292014570248,0.9576810544056455
stream,582,,12.509515612739753,1.0240167163305953
stream,583,,12.623376310590599,1.0513125833056267
stream,584,,11.770870561975569,1.009117769916569
stream,585,,11.916919531831525,0.9647068618551056
stream,586,,11.703087175445631,0.9560584990913625
stream,587,,15.407711517426351,1.1181356314011648
stream,588,,16.196745830852482,1.1165627729461471
stream,589,,14.852620641234504,1.061376730721607
stream,590,,15.272877895892519,1.017310011211372
stream,591,,15.607274117924726,1.0734069926089558
stream,592,,15.069985039546907,1.0565590099995272
stream,593,,13.07060205489812,1.0604552332558503
stream,594,,11.610671135794073,0.7438525306221396
stream,595,,11.650421907847603,0.8235570009719881
stream,596,,11.315189023338496,0.7618408283757058
stream,597,,11.484142890218658,0.7869602251723249
stream,598,,11.64539346922429,0.7790805130956727
stream,599,0.946613204897694,11.756790804948109,0.7955166948037395
stream,600,0.9476274285204911,11.864238777910046,0.8115558228429053
stream,601,0.9484285109207048,8.692162636882747,0.6936078122081263
stream,602,0.949033011516055,8.920006594994003,0.6439028453721733
stream,603,0.9494431777607468,9.463598194122662,0.7245711827869924
stream,604,0.9495912594036915,10.028413393044808,0.7134539099088637
stream,605,0.9500689814252251,10.435122543461187,0.803853248936582
stream,606,0.9504861673441543,10.502374802192493,0.8137149357857534
stream,607,0.9507402741485348,7.08660952195925,0.6711191043045206
stream,608,0.9510393149910252,6.001276969097037,0.6515157761474754
stream,609,0.9512156264374795,7.81737546459473,0.7180311246099114
stream,610,0.9509522631111141,8.150168285088968,0.8741428766964754
stream,611,0.9505248001430587,7.868918215181388,0.8624017617086817
stream,612,0.9508517484772122,7.905038278026162,0.8744399411372064
stream,613,0.9510702230724662,7.807172527911671,0.8695101460725032
stream,614,0.9517395354368132,7.462718602034332,0.8384253134410516
stream,615,0.9523063543367624,6.77250780944771,0.7473540163838669
stream,616,0.9530764918578679,6.855554507286687,0.7260758550006011
stream,617,0.954069923941821,6.566520975216592,0.7010912771118557
stream,618,0.9549945569708317,6.3962952901720005,0.7035997878027394
stream,619,0.95576972815183,6.246484064092241,0.6852017404873377
stream,620,0.9563919657229345,6.140009973748074,0.6653213618192801
stream,621,0.9567867501731313,7.118134742774355,0.6800102306486451
stream,622,0.9569249099354082,8.775357439338237,0.8862654397875004
stream,623,0.9569404452881286,8.23622281394699,0.9169411756552762
stream,624,0.9565811390511215,9.740409803593451,1.020970961045923
stream,625,0.95627159483092,10.057881536305658,1.130849968664182
stream,626,0.9556329804336868,10.233463367085564,1.1858160551851258
stream,627,0.9545546224137479,10.49679453125235,1.1624908256751683
stream,628,0.9537069006863089,10.7358328525352,1.222681867188033
stream,629,0.9524122682668142,9.534846731804192,1.1856938677573818
stream,630,0.951424580596776,9.614594154789446,1.1277369286870442
stream,631,0.9497018861359201,9.59841506475507,1.135412050952346
stream,632,0.9489435904308158,10.869515787435413,1.1863302589817504
stream,633,0.9478098915660261,11.60972347684989,1.3392962146451155
stream,634,0.9478248201653492,14.329776968389645,1.537076106257431
stream,635,0.9482217581489741,14.315627855725607,1.6357669083280721
stream,636,0.9484569285357772,14.498942287527848,1.6543493899872284
stream,637,0.9505383433868827,17.792845851710275,1.8505242374866715
stream,638,0.9521060224379049,17.814483204599085,2.017602303728885
stream,639,0.9533347832536565,17.82838006415182,2.01760229409855
stream,640,0.9539704097880667,17.92054793963853,2.0182736863360584
stream,641,0.9540195295791287,17.126422763931583,1.9872358673374872
stream,642,0.9544625365445165,15.06879345882099,1.7473450185268298
stream,643,0.9544938062469297,14.938867244993077,1.6125490122773225
stream,644,0.9547672139585001,13.820763448523117,1.5433359936881181
stream,645,0.954779175253404,13.0383279997919,1.35909674710704
stream,646,0.9548236978497738,13.15928294270527,1.2913935617486714
stream,647,0.9544442309426573,12.64085998404238,1.3281466975300276
stream,648,0.9538730301952337,12.439081951625944,1.2658066431963866
stream,649,0.9531582722143573,11.857745745543072,1.2061655904915751
stream,650,0.9530138341289426,11.098946250892189,1.0974676083810666
stream,651,0.9525911147880411,11.09423357848926,1.045239426955222
stream,652,0.9526041613061681,9.778423550702183,0.9790031796585911
stream,653,0.95243375280102,9.049524006303203,0.8229297294489283
stream,654,0.9519085461380348,6.211200278567792,0.6207619479019271
stream,655,0.9513649072505076,9.74103002170958,0.6737325018225924
stream,656,0.9512489824081919,9.823065808066595,0.7117586551144462
stream,657,0.9507143737807863,7.252516043162287,0.6044055955286943
stream,658,0.9505383902475475,8.160452247649571,0.43683321213177295
stream,659,0.9503338130379014,8.16100959002143,0.45072597413019516
stream,660,0.9499635175595511,8.443949569352458,0.46053535344155166
stream,661,0.9497700588349198,8.065180018945439,0.4593622246488952
stream,662,0.9494922821916231,9.399912179517255,0.4916879063998078
stream,663,0.9480515290659406,9.808232743619076,0.498401895146101
stream,664,0.9462852048368479,8.863950709546316,0.4775999806275544
stream,665,0.9449015404846798,8.779086918169849,0.45895511719466087
stream,666,0.9436285707924089,8.404380987613369,0.4577994631306261
stream,667,0.9428268387104155,8.74142315336857,0.42421618760466934
stream,668,0.9418648928638975,8.667589657531524,0.4293230942477682
stream,669,0.9415052474093356,8.863692851505949,0.41776648064727945
stream,670,0.9408178790746679,8.815184751851138,0.42123345626520875
stream,671,0.9406640349087757,9.008357405617017,0.4452924682163005
stream,672,0.9405200836854682,9.196929355965601,0.4439946012964179
stream,673,0.9406774588708504,10.852094010452703,0.5545539018612394
stream,674,0.9409044385856504,11.535632508192892,0.5597956289019517
stream,675,0.941606213439725,8.075720074169684,0.41950107716002477
stream,676,0.9446811039683936,8.36989681391243,0.36849837841468275
stream,677,0.9456865870552748,8.162840144524186,0.371599035950531
stream,678,0.9459274208977434,9.869544702892423,0.553850262635067
stream,679,0.9455141001512862,9.953554562054494,0.6599222794549725
stream,680,0.9448293654854044,9.846961853584872,0.6510814442964012
stream,681,0.9448258955420576,12.18658172335806,0.8390112111565219
stream,682,0.944843235279301,10.947643154771207,0.945512603982654
stream,683,0.94405651876205,12.02171861798274,0.9737300660587268
stream,684,0.9433695294640362,12.06323925884499,0.9894472329530362
stream,685,0.9436072831955805,14.576146790096901,1.1111560135232021
stream,686,0.9436285450416526,14.981244607398077,1.2918183038451827
stream,687,0.943933457095343,14.77177925470971,1.3288585412481233
stream,688,0.9446619222798758,14.852506734985406,1.3240662006237285
stream,689,0.9456925521952788,16.167060148672558,1.3522132848282034
stream,690,0.9466282335439864,16.90993254805153,1.5014561541684444
stream,691,0.9477414572240799,16.997463974846408,1.4802799479666293
stream,692,0.948660602108994,16.725733366924544,1.488159643579131
stream,693,0.9495328733667017,15.512630041120527,1.3865109637084065
stream,694,0.9504580920313545,15.242685660647615,1.379317421329869
stream,695,0.950795991721663,15.210753398287807,1.406411436720018
stream,696,0.950213693078783,17.389048632239835,1.4787305447257906
stream,697,0.949034068164132,17.02125761958764,1.4311639627685975
stream,698,0.94824297589535,16.47619060569348,1.3889545625026107
stream,699,0.9477089484697687,16.922689723372944,1.2925021304817685
stream,700,0.9477895075123882,16.855234537943478,1.2953775130853753
stream,701,0.9477555034588319,14.515627838652472,1.1081218409791433
stream,702,0.9477761446962554,14.415147600961681,0.9692947613143631
stream,703,0.9479320528414027,13.055486665275113,0.9303322396770096
stream,704,0.9481815089566378,13.165029885797836,0.8993647486629252
stream,705,0.9486530013238793,11.039480574617837,0.8173019839548042
stream,706,0.9490806025165668,10.906168751655775,0.6866994229410932
stream,707,0.950197907978721,10.726536324010164,0.6521576437438433
stream,708,0.9507710825898821,10.627514467099466,0.652157637329335
stream,709,0.9518797630924135,9.592177200134174,0.6343538426399203
stream,710,0.9528954601896911,9.119591660317806,0.5537907462801194
stream,711,0.9538455616274591,8.901797327291685,0.5509703172911657
stream,712,0.9546628074137143,8.998403022189613,0.5431530042724382
stream,713,0.9555831885673103,9.331915878653964,0.6019207987921805
stream,714,0.9562215634141493,8.888271319063096,0.6232841278378205
stream,715,0.9564432258678492,9.04671662426649,0.5943181169019164
stream,716,0.9565568491366517,9.023759624973172,0.6749649682915478
stream,717,0.956436781495545,8.81358882547506,0.7073234469918595
stream,718,0.9559095090947008,6.736956674635267,0.5669697258596843
stream,719,0.9553133891636004,6.563698707816633,0.5643364813851431
stream,720,0.9552351715737905,6.643018390137377,0.6160529540491811
stream,721,0.9548810034773146,6.8357109807068355,0.6509843892009566
stream,722,0.9542839209657205,6.845804342342633,0.6599473264555313
stream,723,0.9539611418030706,6.708401834241433,0.6682240947920768
stream,724,0.9534585212165129,6.7226091014488025,0.6776712742158308
stream,725,0.9529295995915976,6.424646153809791,0.6367273912122471
stream,726,0.952532906815378,6.44539109805801,0.629177020092964
stream,727,0.9522389968899888,6.554925368221811,0.6240727772829786
stream,728,0.9519058245460073,6.657761489701717,0.6405760505897053
stream,729,0.9515169912808586,6.152750268819606,0.6319276883327027
stream,730,0.9508868911785509,6.7467433326286885,0.5822670618093316
stream,731,0.950696108796622,6.714595421387875,0.6011493493477055
stream,732,0.9498356015372164,7.547962906952028,0.6441429296953968
stream,733,0.9492678863146015,7.001518616181245,0.6394679148266292
stream,734,0.9493091489977579,8.800538756063865,0.6589860870054087
stream,735,0.9491744834011221,8.935232422191604,0.8222986969722245
stream,736,0.9501574374645524,6.695921987127759,0.7161172860099386
stream,737,0.951392185109357,7.08894056507535,0.6394029407831395
stream,738,0.952340079994424,7.138337018567665,0.6674829315170682
stream,739,0.9530810185876688,6.935330055006897,0.646057194065945
stream,740,0.9538226552966373,8.202365445629114,0.6111887324671272
stream,741,0.9542437208612294,8.113576007869034,0.6714187163800869
stream,742,0.9545280978133643,8.087475235836232,0.6763485371147074
stream,743,0.9546982125525192,8.181729799239058,0.668573471022698
stream,744,0.9547036690883143,8.014288480973853,0.6743765926333201
stream,745,0.9545919802464284,8.070742817273684,0.6807787110874718
stream,746,0.9543761039426477,8.130871888678072,0.6390205653738005
stream,747,0.9538790630473429,8.520460201016189,0.6406054920561255
stream,748,0.9532365243102057,8.409708756124989,0.6528361662605473
stream,749,0.9525234420726563,8.869322003631208,0.6606736015110592
stream,750,0.9527814858852903,8.659015708694616,0.7075929645482703
stream,751,0.9526746554372313,8.846520323870841,0.7561824149556654
stream,752,0.9529956576982229,8.196488733722818,0.7411561632121492
stream,753,0.9535782145808109,8.190762856222612,0.701533001733475
stream,754,0.9542622585808482,6.804442021318266,0.7168832940138276
stream,755,0.9545716549950525,6.4678669301598655,0.5825366964647631
stream,756,0.9544603792989879,6.071582749350164,0.527290918526015
stream,757,0.9538497162023605,5.671018808169821,0.5291079289020032
stream,758,0.9531068439316648,5.999475833132937,0.5072053328473206
stream,759,0.9519326479232031,5.83319455531773,0.5130460059743236
stream,760,0.9513711880856417,6.33966238898804,0.5546941356084899
stream,761,0.9505052415411984,6.36575877383113,0.5905089179550856
stream,762,0.9501537050979507,6.351442858934044,0.5795364969452794
stream,763,0.9500224955468763,7.262189993662307,0.6065178309423762
stream,764,0.9493538961977631,8.154029278792644,0.5911602134861575
stream,765,0.9489542270144999,8.460042135628532,0.6877777740000723
stream,766,0.949113179982027,11.038372034962967,0.7370862891561578
stream,767,0.9492135463664502,10.545503290141012,0.851164963003228
stream,768,0.949860104369803,10.800031768642185,0.8230849728927365
stream,769,0.9509789327576923,10.681251501328994,0.8117181742260883
stream,770,0.9513063200938296,10.094055544851333,0.74361054531547
stream,771,0.9513668902604192,9.849350179650413,0.6936280212508403
stream,772,0.9509372642261786,9.572326389905584,0.6655983101562701
stream,773,0.9504795409169461,9.371821368795453,0.6386987610261845
stream,774,0.9498711324349056,9.27705524823979,0.5888067051064988
stream,775,0.9494920737342188,9.356578887145353,0.5509998494254652
stream,776,0.9489277970352055,9.56269873019948,0.5550282310067237
stream,777,0.9481825261477216,9.771404035827493,0.5555225386875643
stream,778,0.9481400823906272,9.445626209864958,0.5717018259029305
stream,779,0.9482278664591481,9.640505449991169,0.5834127681796748
stream,780,0.9476019399902922,7.62731163024881,0.539283621555234
stream,781,0.9471109382360247,8.432311267225707,0.4305742036974103
stream,782,0.9464889744811813,8.66698394367028,0.43218397117770785
stream,783,0.9438977441420272,7.647195752363341,0.41946699905352713
stream,784,0.9414366806147224,6.780594280864414,0.41983388712781033
stream,785,0.939711683458154,6.359839143258318,0.317360854262196
stream,786,0.9408169281728431,3.7698392874461986,0.27183123987047975
stream,787,0.9417939983068957,3.8783480379754613,0.15833678206433877
stream,788,0.9430432917485047,4.33702272876605,0.16614408025049932
stream,789,0.9418555798185971,4.014531663141633,0.20460493348540337
stream,790,0.9402208242629657,3.9507580261508237,0.20721071816802106
stream,791,0.9350153644134047,4.775440010124961,0.24426901921690983
stream,792,0.9326683976919349,4.931949299388588,0.255560697707672
stream,793,0.9309240194076638,5.081621389230281,0.26396962239246713
stream,794,0.9282435501402675,5.642337647543226,0.31633321840811923
stream,795,0.9281982603758426,5.74041377621661,0.3259226097378307
stream,796,0.9280781059364532,6.012586942098194,0.38572865867548867
stream,797,0.9273667558033734,5.802318799835737,0.4046458286101896
stream,798,0.9281043277123067,5.8409432791192994,0.38113349259985074
stream,799,0.929876689507289,5.84503329261184,0.3641285172302923
stream,800,0.9327299790274537,5.79464041370578,0.34648168302696136
stream,801,0.9326581769400638,5.903375774060731,0.3742470646174047
stream,802,0.9343028522798006,5.673642126040478,0.4101141987662134
stream,803,0.9351987402376313,5.745963148817838,0.39475655658207515
stream,804,0.934368987695624,6.810307980859747,0.4575083904164386
stream,805,0.9353473058523556,7.083657886694493,0.5567008895788753
stream,806,0.9365591296760009,7.071017717472156,0.5515791933626071
stream,807,0.9367351323214056,8.927523007835767,0.744484324870015
stream,808,0.9361039197270233,8.552307043968078,0.7601565315643783
stream,809,0.9355810768504875,8.609902274278637,0.7431334546537417
stream,810,0.9353748133106707,8.780605594199246,0.7399635948667094
stream,811,0.9347244402715861,9.221638256572735,0.7029052918409738
stream,812,0.9337105702924466,9.323117858090834,0.710558306716376
stream,813,0.9323606529628458,9.133026565776335,0.7051072972319365
stream,814,0.9306427296395777,8.23893873397228,0.6468882245569374
stream,815,0.9277017735515531,9.381207558085462,0.676540406087739
stream,816,0.9237951198523744,9.276558072358135,0.6174983161932172
stream,817,0.9193553707991039,9.34756149608062,0.6033285574579792
stream,818,0.9149244625747393,9.299654731119498,0.6027819126477753
stream,819,0.9110719582038136,9.707914212107825,0.6086373568128427
stream,820,0.9091311299330184,9.92715126301924,0.6434540782526523
stream,821,0.9081176206714273,10.075143261553215,0.6999125763216413
stream,822,0.9083451637088291,10.742633169501937,0.6600170464371984
stream,823,0.9098783508717029,10.753471994090072,0.6961766022164668
stream,824,0.9118688668138711,10.493377442052882,0.6979856461949708
stream,825,0.9148227290963244,10.261700306664496,0.612685923613768
stream,826,0.9192983930011721,10.086607503013356,0.6140287267193363
stream,827,0.9233387723076635,8.800674375712955,0.419670788609315
stream,828,0.9264368834397921,8.555756245438763,0.4490988794569058
stream,829,0.9295191560684233,8.517609325805136,0.42862694913239185
stream,830,0.9328448726603895,8.31865496861948,0.43179679627352774
stream,831,0.9340769641566954,7.702772582934946,0.45518912692889235
stream,832,0.9354887634795429,8.197034401524501,0.5392641100871576
stream,833,0.9363809820715416,8.741967289028858,0.5341571978189249
stream,834,0.9366542801207487,10.642592905435047,0.5441537077536057
stream,835,0.9370561022506458,9.94428396276492,0.5164359015403968
stream,836,0.9370507928775109,9.571620581781762,0.5156719563649745
stream,837,0.936300525313653,9.62229328888222,0.5097138925668667
stream,838,0.934849834719987,9.699375015639422,0.5272654823232861
stream,839,0.9324693661183044,9.939956196043479,0.5639193627635758
stream,840,0.9283063851610212,12.531232445068344,0.5444206863210834
stream,841,0.9214612349965154,12.225056019993474,0.4446439968722912
stream,842,0.91277825654247,11.791163093107903,0.451475342330924
stream,843,0.9040966212020575,12.524375517400003,0.424184114709093
stream,844,0.9003969044302375,11.938896042836143,0.43820895192288695
stream,845,0.8991959184755296,13.049924040863647,0.5055982166060706
stream,846,0.8992168713406818,12.949754813152593,0.5691831284870844
stream,847,0.8998143347877765,12.316527791536712,0.5677155742567029
stream,848,0.9000763419923914,12.407729798147383,0.5255208259623756
stream,849,0.900322830838696,14.143649818036064,0.559621246429192
stream,850,0.9013685771563943,14.180279511787518,0.6079458442673247
stream,851,0.9041016734411869,13.738756380762704,0.5715796502586108
stream,852,0.9091495489088955,14.005537492604802,0.5474676971579804
stream,853,0.9151399736435569,13.526711364504578,0.5707929010591422
stream,854,0.919863202187519,12.275054152865495,0.6108560804267151
stream,855,0.9230829271633426,11.800587612495521,0.6459445453543129
stream,856,0.9254213798366885,12.290629753054143,0.6914742194226114
stream,857,0.9275109371933017,14.895192903306222,0.9221327188333378
stream,858,0.928712902895689,15.01111728674377,0.9476371339863743
stream,859,0.9289346454303453,14.235246402119978,0.9235258326704184
stream,860,0.9287522128591064,11.432980259850504,0.9089241233903832
stream,861,0.9279829055923099,10.834469535270598,0.9015360670498774
stream,862,0.9263665806279948,10.72783671784958,0.9404114342813545
stream,863,0.9241647023157118,10.128818271161226,0.9316504254579405
stream,864,0.9216898477096813,9.931488604093607,0.8566463899544201
stream,865,0.9197492113838204,8.778169376277335,0.7826973974849751
stream,866,0.918093631886611,8.772376346334655,0.7250705244659709
stream,867,0.9164934159486762,9.139426020711797,0.7654677645829467
stream,868,0.9153810981635117,9.039198216519022,0.7961086225092476
stream,869,0.9134809705187801,7.776633364409069,0.8083085466434146
stream,870,0.9110666551552333,12.78753807857074,0.8209630963032436
stream,871,0.9093280702988623,12.703180640838033,1.0366440806014998
stream,872,0.9083256162316999,11.815071431297357,0.95769142061529
stream,873,0.9074388792843954,12.213101357488043,0.9858606673185307
stream,874,0.9069012918604745,11.713324558087146,0.9425102766614596
stream,875,0.9073680628381078,11.604375880881204,0.9086351349225074
stream,876,0.9081530260850535,10.956518205344661,0.858028716945398
stream,877,0.910072876201368,8.644701289647678,0.6295393478893796
stream,878,0.9129776271225671,8.53824033468548,0.5872171255244386
stream,879,0.9160054508174905,8.710015736199027,0.602454711154455
stream,880,0.9179447734091531,8.813138301008216,0.6003955796986126
stream,881,0.919640543312637,8.728434929296503,0.6053153449060235
stream,882,0.9205843826095044,10.053226599284109,0.6582994250250498
stream,883,0.9209012165483257,10.027248876750924,0.6748529727414665
stream,884,0.9209535519125281,10.95712035380469,0.6822410626813726
stream,885,0.9211609432203927,11.008891245102216,0.6888007913644174
stream,886,0.9213268885490734,11.142238775215633,0.7056038367864426
stream,887,0.9217353611659338,11.622291609492452,0.7168881381128127
stream,888,0.9223730853459361,11.534159771318826,0.6904480620912855
stream,889,0.9230156256988655,11.016546379526776,0.6426801634416254
stream,890,0.9234133016478349,6.20688787556038,0.592236783436304
stream,891,0.9244641670600823,7.247312097704893,0.4717172176960417
stream,892,0.9256963269006264,7.200078392036734,0.6839064180686522
stream,893,0.9267285759088555,6.7480592416301155,0.7105859127281089
stream,894,0.9277642398182409,6.717835316730805,0.7084067043232294
stream,895,0.9283324136221375,7.428625282260937,0.7445736363513666
stream,896,0.9288621591480135,7.952258925860009,0.8335925598971499
stream,897,0.9293365270110379,8.17149975135095,0.8301879504819054
stream,898,0.9293158409277814,8.422683574362399,0.9163522052940246
stream,899,0.9290600407355559,8.208161374793132,0.8841841499282842
stream,900,0.9287228648065602,8.184321634421782,0.8855269462135349
stream,901,0.9283226871955984,7.986670851962794,0.8831056546397165
stream,902,0.9277315997235678,6.5659647832501395,0.7839131625551967
stream,903,0.9274725588661822,6.65694288211682,0.7707642111742686
stream,904,0.92684035911517,5.737243121254377,0.7794152488051621
stream,905,0.9258313007842157,5.826200925675944,0.7649308883544291
stream,906,0.924765276003752,6.018181935552529,0.7737442278410079
stream,907,0.9237879096210238,5.436188924696056,0.7660690646650358
stream,908,0.9225590467579265,5.567099826707088,0.7735120876773628
stream,909,0.9219201708357911,5.90853032745547,0.7754739676221934
stream,910,0.9209647536543134,5.920031592184774,0.760989632627616
stream,911,0.9200217104392212,4.772678270267842,0.6619842657826943
stream,912,0.9188853251050934,4.68637978136232,0.4505737857575683
stream,913,0.9184039341794461,4.895450408589619,0.38610548586254934
stream,914,0.9179825288999042,4.830174436522688,0.39858034547449095
stream,915,0.9178520559807682,4.7608829431118975,0.3748185235076565
stream,916,0.9159075578801017,7.6758744576778515,0.5348708831250989
stream,917,0.9142720417309902,7.5031528342449345,0.806951354403753
stream,918,0.9137391020412715,7.7855066892190425,0.7246310282730214
stream,919,0.9129668942325184,7.847971140754052,0.7748450621572487
stream,920,0.9106084754060955,8.405857113486704,0.7867732553592981
stream,921,0.9102072793367247,8.50418460895085,0.7891945293890842
stream,922,0.9104860718354564,8.920135372852405,0.8281570814059476
stream,923,0.9106903345193316,9.563765025564347,0.8292678019496067
stream,924,0.9104888860074931,9.517301541092236,0.8468119611071883
stream,925,0.9105149688739083,9.356429734850282,0.8493654096872385
stream,926,0.9097585079262402,11.335842863099575,0.877005443266106
stream,927,0.9088176922162271,11.018981251367581,0.9245720638720372
stream,928,0.9069442324792226,10.946250059642788,0.9008350627459883
stream,929,0.902939913653411,10.834354105115661,0.9012093374955059
stream,930,0.8984513073027991,11.539371450480868,0.9076563601611188
stream,931,0.8955884931130303,11.915356314711907,1.0528882037452303
stream,932,0.8937375468455396,14.226635768582295,1.0789988954512095
stream,933,0.8919297990691433,14.196031546828582,1.2066154145796508
stream,934,0.8901804930412992,14.34880761979315,1.1925308014467666
stream,935,0.887361024944927,14.92007394574097,1.1789123450197785
stream,936,0.8872621856055782,11.62460976542933,1.050352543012525
stream,937,0.8871296752815618,11.199887313646707,0.7877192699392417
stream,938,0.8881762995322557,12.540246202113266,0.8918396036950405
stream,939,0.8883011086055407,12.44484322542927,0.91369187766458
stream,940,0.8893555015631788,12.358995581048797,0.9273103014658782
stream,941,0.889666376627319,12.644094903442214,0.9747809902231896
stream,942,0.8889723259894443,12.317707886590913,0.9358184287576577
stream,943,0.8879825344322585,12.161388522224701,0.9444668278737043
stream,944,0.8869962359959319,12.250346901421185,0.9128206150443656
stream,945,0.8863063241563005,13.01541313994811,0.9649219981624337
stream,946,0.8849391580216474,12.190777529988775,1.0274163219298105
stream,947,0.8835237576716433,12.19705824099964,1.0074433809668306
stream,948,0.8821453951469171,13.440479765671903,1.0658871915576342
stream,949,0.8813146674422445,13.412659388905436,1.1468915921547105
stream,950,0.880956252375578,12.467099553606694,1.1766041603431523
stream,951,0.8808254086643792,13.050604948989392,1.0773935157027148
stream,952,0.8804386511205269,12.032790546854438,1.1735556852580755
stream,953,0.8790958228662452,12.178287867140227,1.158146428854912
stream,954,0.8777127900618861,12.199020123066461,1.1888617370767929
stream,955,0.8761509879331572,11.080403952895884,1.1761823310743913
stream,956,0.8744626831999883,11.289715292344034,1.0854531047306066
stream,957,0.8737949445362936,11.317123102635298,1.0823456277973769
stream,958,0.8739526255717815,9.378653149235973,0.9737099598360248
stream,959,0.8746775567973847,11.793692044955403,1.041685475592184
stream,960,0.8752959164364194,11.260392407202485,1.117860613213118
stream,961,0.8758837249560562,11.12322125290776,1.0626148832708115
stream,962,0.8772444765834846,11.034625663806601,1.0900979530389443
stream,963,0.8785765579245672,10.335100186306253,1.0803388444225654
stream,964,0.8783359110374106,10.609097938367492,1.0790758384201655
stream,965,0.8790962939368617,9.969967673732913,1.0496477185448811
stream,966,0.8802441156199634,8.527015150685454,0.928343379779486
stream,967,0.8816538125852557,8.520959145322285,0.859663658406817
stream,968,0.8824216861357749,7.435393222107691,0.8370125132417234
stream,969,0.8833503617349218,7.845202239997539,0.8225308022787333
stream,970,0.8831368920505049,7.867435939802245,0.8259253122643405
stream,971,0.8837516536717326,7.816234823627364,0.8201142179042826
stream,972,0.8838893516715891,9.943546675075716,0.9784305537212724
stream,973,0.8840569219811892,9.611469793145762,0.987337792283394
stream,974,0.883733137155255,9.40638678170176,0.9534774580688538
stream,975,0.8829853697819137,9.36114329541019,0.9682435422125275
stream,976,0.8827562708204928,9.268369949926079,0.9435380169080637
stream,977,0.8826259540490804,10.311068744937765,1.0002097496352154
stream,978,0.8830346576364408,11.321428597636642,1.1997008315041553
stream,979,0.8830925561393378,8.974133687314268,1.0742607441043925
stream,980,0.8834469348837872,9.024118063773177,0.9836562771625255
stream,981,0.8831878819919532,8.920923116566295,0.9836562705013048
stream,982,0.8839388821007652,12.944319770926576,1.187582817769782
stream,983,0.8845003593549366,15.420359861232727,1.656718929958751
stream,984,0.8849977565467078,15.490839963073334,1.8217279685144503
stream,985,0.8846886771463358,15.790047246498778,1.8471525659822738
stream,986,0.88441349671406,15.928005491885342,1.8483330423994393
stream,987,0.8842284810800672,16.27121735120581,1.8448660644319659
stream,988,0.8838527393563417,16.146144575665403,1.853304465011815
stream,989,0.8839745886872842,18.136134620170008,1.9298645954336335
stream,990,0.8843244676874782,18.107856981382323,1.9597609680580665
stream,991,0.884611856795239,17.19685297256305,1.919363726250906
stream,992,0.8847841507804926,14.075810312423473,1.6789846253224352
stream,993,0.8840968848187345,14.135138245794852,1.5480084266547205
stream,994,0.8834689639311385,14.526712890968065,1.5501949762698017
stream,995,0.8836098916618399,15.545535935262784,1.5350794432041992
stream,996,0.8834600717419947,15.615491050118036,1.6655566371687154
stream,997,0.8832844369238869,14.561858978579046,1.60832347778478
stream,998,0.8829920333904604,13.53971235817819,1.412237007887551
stream,999,0.8827961413857354,13.9730590901759,1.40287699875805
stream,1000,0.8831117790531999,14.080475122417816,1.3943654818239553
stream,1001,0.883397720336329,14.166983330589431,1.3933171397269348
stream,1002,0.8836781566184243,10.277749159310531,1.1624092245064455
stream,1003,0.8830898406987453,8.307890443891468,0.7307500024615233
stream,1004,0.8819502731180285,8.595941399484527,0.5631774598330724
stream,1005,0.880752302733776,8.713012631663139,0.6270996950498162
stream,1006,0.8801557244929447,9.151494785551687,0.6247635557887938
stream,1007,0.880079156482942,10.957766208623177,0.7943502998763955
stream,1008,0.8798777726258956,11.269763137099696,0.8764440450174361
stream,1009,0.8798119614252127,9.376344782634973,0.7305408112494359
stream,1010,0.8795926682984508,9.850378038902138,0.7450224128797419
stream,1011,0.8793090796952318,10.581128165262724,0.831373751015221
stream,1012,0.8789310481156801,10.386280694201487,0.8509421968064427
stream,1013,0.878824400617171,10.44757581479345,0.8483786655380935
stream,1014,0.8790524085139559,12.914333631591326,0.9852438822608055
stream,1015,0.8790810258512034,11.82118115115548,1.1020081425489499
stream,1016,0.8786906204113692,14.626153010662463,1.0694738966491473
stream,1017,0.8774504824034872,14.685518822843095,1.2191500489710507
stream,1018,0.875958487148822,14.637162002880816,1.222938980699208
stream,1019,0.8746889666419284,15.434906906582134,1.2702929517727215
stream,1020,0.873563810042321,19.594321492344854,1.5900104054239619
stream,1021,0.8731070428320997,19.42098245709297,1.742720176065668
stream,1022,0.8738147678076497,19.815250638022686,1.839165333963656
stream,1023,0.874123672350782,19.237870892084402,1.8021250976008292
stream,1024,0.8746523173889068,18.803786642076982,1.8145503250143589
stream,1025,0.8746478139493296,18.957911447448666,1.7483362117088488
stream,1026,0.8738039684825889,20.946359362777944,1.9763148858552495
stream,1027,0.8717548504129143,18.931172836540476,1.8589562820532743
stream,1028,0.8703339134333963,18.65800257540852,1.7322645826757432
stream,1029,0.8679492730002657,18.196587489974135,1.769689118308305
stream,1030,0.8663226313199798,17.781094734886985,1.6863486211160694
stream,1031,0.8651069347314143,17.034516964340252,1.6082740513171359
stream,1032,0.8651616924696572,17.617068303902986,1.5923147860954634
stream,1033,0.8652060527087545,17.76908810155056,1.640906965260922
stream,1034,0.8643843124997581,15.114733794982863,1.501595629463765
stream,1035,0.864546152946479,15.101311142092017,1.4098159469476674
stream,1036,0.8650509549169553,12.0415338094601,1.3146759807884938
stream,1037,0.8660703368907836,12.298501315723739,1.1611733483557065
stream,1038,0.8674259149034576,12.283272293693008,1.17053333055508
stream,1039,0.8698795351652809,11.019280273021828,1.1198270684469993
stream,1040,0.871856625764222,6.6755507485244605,0.7969397681229894
stream,1041,0.8735939479830261,6.614625430980165,0.6441850592670814
stream,1042,0.8747148856288448,6.556970880719172,0.5718733650804311
stream,1043,0.8748066840354511,6.6343324537481605,0.573810412508245
stream,1044,0.874939262840534,7.157864266629428,0.5688805691856561
stream,1045,0.8741827705929059,6.4699800247855235,0.54741058338587
stream,1046,0.873081985370379,3.8950490200219794,0.3189476434077009
stream,1047,0.8719695127431409,4.443633872488932,0.30420646176566035
stream,1048,0.8710056758607013,4.310610101246893,0.33109587591651546
stream,1049,0.8700382122348795,4.95538826619692,0.3310958773599883
stream,1050,0.8689068209202699,6.2071369405492165,0.3344528669597601
stream,1051,0.8680710851255676,6.208907845484145,0.3496884094624848
stream,1052,0.8675194703339095,5.578523473511854,0.3086023272638296
stream,1053,0.8665416556333982,5.757571311972854,0.28048204890178513
stream,1054,0.865685367988995,6.28221699842456,0.2811534502747881
stream,1055,0.8651495387197956,6.958953445235942,0.3705003485303477
stream,1056,0.864937103261517,7.683640208598968,0.4623598445328291
stream,1057,0.8646873566541453,7.45743355125357,0.5191114104514
stream,1058,0.8641071110400425,7.4527984958430284,0.5088975917827547
stream,1059,0.8623653147995086,7.923548908239237,0.5113960631027089
stream,1060,0.8614853378247465,7.946641579186118,0.523077427541349
stream,1061,0.8611300900352096,8.042553147381524,0.5277000637545204
stream,1062,0.8623316255920795,7.817737064018241,0.5042205735882362
stream,1063,0.8638846550497147,8.604685208716184,0.5018468608941429
stream,1064,0.8649991385444237,7.908543332682413,0.498739383232518
stream,1065,0.8670611842618929,7.917755456806663,0.4726286531206433
stream,1066,0.8688606325988268,8.871351573804642,0.5288603988756662
stream,1067,0.8709395304688631,8.348222939114818,0.5834930805352018
stream,1068,0.8728017023316116,8.56355964037725,0.556845796578507
stream,1069,0.8742665869281977,9.81853583206596,0.5554735312904042
stream,1070,0.8744564460342352,8.710993557492742,0.5961230017793658
stream,1071,0.8741584593378543,9.40544884737993,0.6461444997872697
stream,1072,0.8730706433161601,9.724626952647526,0.7347971639431182
stream,1073,0.8722553137997282,9.48739283435783,0.7606256084173912
stream,1074,0.8713357892421543,10.501662120173268,0.7940740734997073
stream,1075,0.8701384681710669,9.938918009317463,0.7664434367435337
stream,1076,0.8694897982631871,9.359405544225998,0.6669014251126829
stream,1077,0.8687871552699297,9.265143595698655,0.6101498778035154
stream,1078,0.8685597750649422,9.272033680175742,0.604069740456852
stream,1079,0.8686127221064478,8.778934433383293,0.5978648323053803
stream,1080,0.8683927049397079,8.904756730490153,0.5912903739380916
stream,1081,0.8685722710827534,9.313943169217271,0.5872593206976356
stream,1082,0.8684010288867486,9.185477301642704,0.6377852310708636
stream,1083,0.8681830969184804,10.289594328827828,0.6595000276659182
stream,1084,0.8681478846319176,10.646458743480718,0.7924715718956377
stream,1085,0.8681420554731463,10.641150688646109,0.8142239182902554
stream,1086,0.868097059799359,9.667771200012409,0.757929795055827
stream,1087,0.86888649072459,9.507459196978662,0.6675124466061826
stream,1088,0.8686290828835491,9.318981757707803,0.6718929787766525
stream,1089,0.8685813333327363,7.58869946418661,0.6638080355928958
stream,1090,0.8683620675734935,7.713030527766009,0.6660099533980601
stream,1091,0.8675037159758363,7.7527561241665275,0.5965072295546171
stream,1092,0.8659010702240741,10.144619692127797,0.5210034672083539
stream,1093,0.8647457739139288,10.14712428271218,0.649538802747859
stream,1094,0.863460704564479,8.50223172126576,0.6159031904826008
stream,1095,0.8620255380526917,9.538928195186777,0.5422312069939064
stream,1096,0.8608286428457572,9.670979266439984,0.5508574200481126
stream,1097,0.8601763809913106,9.811463024993389,0.5817154968723652
stream,1098,0.8614453729640863,10.421862298774068,0.6462762777901064
stream,1099,0.8626164443521422,10.481087429504896,0.6584942094611919
stream,1100,0.8643592690713569,10.332428128389358,0.6561205098373865
stream,1101,0.8639523058656071,9.992007707418491,0.6590408531357765
stream,1102,0.8632023521254549,11.29369899058268,0.7178810079855789
stream,1103,0.86351290951106,9.51500884544757,0.7093151372448481
stream,1104,0.8665060920452505,9.94977816386762,0.5794510706767535
stream,1105,0.870902430855075,10.353509152364259,0.5575115872402957
stream,1106,0.8734501347037332,11.15476645974818,0.6496312857726402
stream,1107,0.8744689955008235,14.971933965650543,0.6874381582864758
stream,1108,0.8758738059505381,15.190840742746147,0.8983107836200233
stream,1109,0.8773194189955581,15.024302381323308,0.8702361359630423
stream,1110,0.8773332370312493,14.951796092622073,0.8595957710210338
stream,1111,0.8769873229345914,14.843350385711627,0.8595957446705278
stream,1112,0.8771410519771158,14.477149743723082,1.0272453724837307
stream,1113,0.8774290262200726,14.472022433162584,0.8832677857483622
stream,1114,0.8777132262031734,14.462195580133397,0.8899770895729021
stream,1115,0.8778574642825472,13.938467790444966,0.9096233634745818
stream,1116,0.8772634108372379,14.415671594537041,0.9018482966808109
stream,1117,0.8763991545822308,14.57757406361724,0.943056456358947
stream,1118,0.8755560559341381,14.286352873275069,0.8781737271929849
stream,1119,0.876252545705196,14.52788645505618,0.8663052478413807
stream,1120,0.8760730046615617,15.267829315596522,0.949736351129102
stream,1121,0.8760803699152344,15.625254398364946,1.0573378802879314
stream,1122,0.8749450774846509,14.733621178408443,1.060798242148666
stream,1123,0.8731748152703364,14.957289071231386,1.1182628447794731
stream,1124,0.8707504698898856,15.162809262297245,1.223281875577475
stream,1125,0.8681008582431731,14.789863981305386,1.2537650726476386
stream,1126,0.8659502117445853,13.967307253728903,1.1618425622028805
stream,1127,0.8633187020566422,10.896524936388094,1.1491779406300389
stream,1128,0.8617482722849269,11.263546977944769,1.0506890465650056
stream,1129,0.8579916094075986,13.212340530401198,1.2173889100381787
stream,1130,0.8564499726464398,16.225951724587933,1.5891898054134748
stream,1131,0.8549675985867322,15.555889685044653,1.7051236605505404
stream,1132,0.852984864734768,13.818945475050931,1.546039958292376
stream,1133,0.8513100856022928,13.76174068544522,1.5762415055772618
stream,1134,0.850572279986338,13.792157162309117,1.5690479453695845
stream,1135,0.850738853053957,14.411113054788736,1.6251945456696137
stream,1136,0.8491669376816517,14.665527207529037,1.8283282736616702
stream,1137,0.8490568650766485,14.319686370453507,1.7917347807664965
stream,1138,0.8503566681085484,14.960716846954965,1.8400493193891823
stream,1139,0.8526843953824497,14.868682167125732,1.8500458447571886
stream,1140,0.8565701528770648,17.101171377035968,1.828030529661019
stream,1141,0.8595981489245605,16.785837183914474,1.8908176890763668
stream,1142,0.8610303565562192,16.649623715064777,1.7787974776830386
stream,1143,0.8607159795224687,16.44652435672791,1.7050389267767905
stream,1144,0.8603719692566221,16.929336169527723,1.7015787035471976
stream,1145,0.8596930517089114,17.022345420504266,1.6973933748525678
stream,1146,0.858743628857939,19.810080841484943,1.8499059588713525
stream,1147,0.858029845326914,19.244403947256238,1.8676144782582293
stream,1148,0.8568104098748978,18.63276030934688,1.7585327342618424
stream,1149,0.8555391802515204,17.07706687987302,1.6159367593350833
stream,1150,0.8537837684122644,14.305670894079517,1.2821016576448303
stream,1151,0.8514364576788075,16.71347271306103,1.1748161787984204
stream,1152,0.8492462668795212,16.240274794161444,1.1926903792779844
stream,1153,0.848425283113751,17.017588846976775,1.1802228265258439
stream,1154,0.848694111862673,17.778028427243886,1.315714368379414
stream,1155,0.8517930623666977,19.173740871126704,1.508018520932487
stream,1156,0.8537683650740593,19.057519618482694,1.321388066247157
stream,1157,0.8538758495407364,20.36730605850302,1.2838561725746964
stream,1158,0.853682798772903,19.5522956851877,1.3144493030470297
stream,1159,0.8531841151533304,19.860286963975067,1.30678892746734
stream,1160,0.8527487303399951,17.13950608031774,1.296516042077459
stream,1161,0.8521691485928435,17.3433411243885,1.1237087142046196
stream,1162,0.8517636531822851,16.983292432072915,1.1240829675417157
stream,1163,0.8512839110950648,16.7789395102506,1.1301631139031696
stream,1164,0.8515258843913238,15.649866904183565,1.0390374849372972
stream,1165,0.8516237355585015,16.660492209238267,1.0134908272911995
stream,1166,0.8510182914634763,14.664487418261697,1.0067465946817262
stream,1167,0.8507830044972059,15.300441250415458,0.9642077274838717
stream,1168,0.85102414843141,15.358001053601766,1.0046425099817136
stream,1169,0.8502607671912866,14.868263986681917,0.9825977620133401
stream,1170,0.8504367220942749,14.373383845843389,0.9102196223211513
stream,1171,0.8502585035010947,11.962954882298689,0.8970559264515315
stream,1172,0.851111508063744,11.973831149959764,0.871551511298495
stream,1173,0.8524320461756508,11.162806539008898,0.8333603760275246
stream,1174,0.8532268997822163,11.09213789082358,0.7626892855377866
stream,1175,0.8536624150255978,8.6163920356515,0.5359761476782435
stream,1176,0.8541681092789865,7.608396796261614,0.522328162376823
stream,1177,0.8548446210914041,6.482481742678097,0.5274498586064079
stream,1178,0.8546663484253592,10.201976542046818,0.537561052244848
stream,1179,0.8532792956968545,9.677906047534188,0.6215762902456994
stream,1180,0.8509367956484746,10.006159391076695,0.5793815678930796
stream,1181,0.8497388645597301,9.687927219405884,0.5915593162498546
stream,1182,0.8493417165534242,9.752727293737475,0.6138583362051607
stream,1183,0.8500561670834483,9.824954757072168,0.6087540860148705
stream,1184,0.8515823248423544,9.738041860964469,0.6102370100724505
stream,1185,0.8521430825879741,9.499865078580717,0.7086783055833495
stream,1186,0.8518945511329512,8.734378110374704,0.6302468793968947
stream,1187,0.8494203719995788,8.400046575779632,0.6435453657701499
stream,1188,0.8477600183346916,9.10601328700351,0.7411964149351986
stream,1189,0.8449980477018757,9.555066188196346,0.7914103493983152
stream,1190,0.8397289508651578,9.778299936569917,0.8766060204073465
stream,1191,0.834060600632415,9.894437325275849,0.8990297660696855
stream,1192,0.8301321720407823,9.734248642861063,0.8903015852557478
stream,1193,0.8298844632627042,11.396921519477537,0.9324963300663243
stream,1194,0.8344853288598229,14.895874455484957,0.8820529220122785
stream,1195,0.8376276990133972,14.942483030477492,1.0348686720826739
stream,1196,0.8406474807016016,15.227755184158346,1.0309201044719325
stream,1197,0.8442695749753316,16.68374634946225,1.1652170630273029
stream,1198,0.8464792064854538,12.865035727387829,1.1652170630273027
stream,1199,0.8486717325314789,14.255218213216871,1.155230565961844
stream,1200,0.8488636736926929,13.99068449497097,1.2848714193874613
stream,1201,0.8525322143794151,13.934987202380237,1.2718425182257285
stream,1202,0.8528967798050662,13.887431563884036,1.2479585719914563
stream,1203,0.854253151640865,14.222214436493008,1.2530628221817466
stream,1204,0.8543649758955528,13.93942072076927,1.2822434706592096
stream,1205,0.8533383771528685,13.299996628671467,1.193796023798451
stream,1206,0.8509516229957611,15.383522717357886,1.1341416025941553
stream,1207,0.8483320732492768,15.104299919513068,1.1909756185756442
stream,1208,0.8471151383775178,14.363998775240757,1.0747923656794058
stream,1209,0.8449814392697683,13.786075642076227,1.0236125770044373
stream,1210,0.8420977960764255,13.662017975620676,0.9380124642673824
stream,1211,0.8391042864476298,13.719080178877853,0.936952048742488
stream,1212,0.8382561907443113,14.502109537186229,0.9339693289876203
stream,1213,0.8377350638243746,12.780954903469503,0.9276739318717636
stream,1214,0.8345857839153707,8.452251510178064,0.9178122081409418
stream,1215,0.8331399027131731,8.450752893563553,0.7176424554168951
stream,1216,0.831925945937144,8.200279585233698,0.7401735465937797
stream,1217,0.8322940057995984,6.788429716753311,0.6132149766082653
stream,1218,0.8285813247831121,8.557054560805645,0.6295237538432854
stream,1219,0.8252250278151283,8.023048222074676,0.5598681393029341
stream,1220,0.8205519339876396,7.88188710004661,0.4236528056238188
stream,1221,0.8166926787886862,7.905159739451763,0.4400715394685648
stream,1222,0.8120194513990413,8.302657860779236,0.44335137932360497
stream,1223,0.8087215067896572,7.882184754500471,0.4649789881720115
stream,1224,0.8080128568363729,7.773033473963326,0.41437266036123077
stream,1225,0.8089601323572408,7.688333604472557,0.41096067241242
stream,1226,0.8099931544549064,5.647970573003295,0.40308097891062394
stream,1227,0.8111155780877713,6.170202599187212,0.38554421999882443
stream,1228,0.8109238282995609,6.326297007781302,0.3636416405687839
stream,1229,0.8097935960654651,6.348718183982364,0.36767003601775633
stream,1230,0.8061165159144552,6.252013928007231,0.3666941214893643
stream,1231,0.8034283006264209,6.886756875490885,0.36932739435083894
stream,1232,0.8008536798033477,6.177228795151007,0.4157148866924501
stream,1233,0.8008248594276832,6.113979990424341,0.3719780895584955
stream,1234,0.7982537150643374,7.3376938020978395,0.41962857423382266
stream,1235,0.794853512905478,7.5001610682333535,0.5269013107590644
stream,1236,0.7879750512765573,7.591783847366186,0.5094919015844699
stream,1237,0.7843306910460013,7.457939312284297,0.4970318167850288
stream,1238,0.7777417501664852,5.805467125466289,0.392250822970691
stream,1239,0.7790026277560836,5.675764924864006,0.390835575935905
stream,1240,0.7780119158124276,6.1558769676268525,0.5080015331677477
stream,1241,0.7758695626726484,6.381667272944045,0.49308791066037005
stream,1242,0.7753972635209141,5.952755072715598,0.49576611677431864
stream,1243,0.7747700763214104,5.953157990930783,0.47231411865295025
stream,1244,0.7746796041545401,6.131835963594902,0.4787162021066293
stream,1245,0.7757170507084525,5.959072467834859,0.48745239543315616
stream,1246,0.7773305919189513,5.888962007963443,0.48915470236039793
stream,1247,0.776249658810553,5.972836381540989,0.46257450884013296
stream,1248,0.7743505244216885,5.87853800184049,0.46523796863187883
stream,1249,0.7740941867185703,5.982778083407098,0.4815869326437626
stream,1250,0.7724682110766306,7.348922226392838,0.5461478084147755
stream,1251,0.7700421801268849,6.554976197191795,0.5942355784850331
stream,1252,0.7712440986876062,7.095377010283651,0.5781220499935763
stream,1253,0.7708295679794346,7.252846338812328,0.6077266745136779
stream,1254,0.7706433162244857,6.508313751742611,0.5575126849205077
stream,1255,0.7651336454279055,8.79281043401933,0.46816581609600083
stream,1256,0.7587947083498677,8.683660444661115,0.6157989237799536
stream,1257,0.7535975947731842,9.140407946323066,0.6357866193210564
stream,1258,0.7516508804322903,9.028864137437214,0.6592989553313953
stream,1259,0.7488865460188482,8.42282866263314,0.653413343206239
stream,1260,0.744781028064302,7.835516398872552,0.5572511734809131
stream,1261,0.7377614043196873,10.186641862742235,0.6552879489183194
stream,1262,0.7327720925468855,11.388932438837966,0.9481722449855773
stream,1263,0.7265852188503278,12.22508737805309,1.085650474669597
stream,1264,0.7207804343861771,12.524545330313561,1.0897915396591258
stream,1265,0.7184282541930793,12.49633842802524,1.1092902141780383
stream,1266,0.718799619963004,13.776645913209938,1.1797347112445515
stream,1267,0.7243199763152232,13.294712164448173,1.1629966663543685
stream,1268,0.728923874572082,13.947621481834203,1.1570311930966382
stream,1269,0.7326196745859196,14.297994266314067,1.2299083297349966
stream,1270,0.7371913368551898,12.92439141233933,1.1890844527764104
stream,1271,0.7424673616399785,13.116726152470413,1.1257611096712796
stream,1272,0.7484686269484654,12.494240750654871,1.0925292415114558
stream,1273,0.7538889339506353,15.429266120404767,1.213863824862998
stream,1274,0.7579301226060262,14.984493227065808,1.2936783727279535
stream,1275,0.7629935047454549,12.823333834754129,1.2982788580613018
stream,1276,0.769130047775596,12.806930086678243,1.156860705297239
stream,1277,0.773024456536488,12.805455385100794,1.1609768983158673
stream,1278,0.7752750892513803,13.011924670667252,1.1389321114732327
stream,1279,0.7755008069943365,12.8867502584425,1.152203123265848
stream,1280,0.7745550926424956,12.981599459614532,1.1359017971773417
stream,1281,0.7720507898717839,11.147417569712534,1.0602216952181365
stream,1282,0.7705462575639731,12.168041946119358,0.967507277252475
stream,1283,0.7709940201670432,12.676044991216825,0.8327072750219248
stream,1284,0.7694899874489688,15.460464629560253,1.1516720768917095
stream,1285,0.7684501665247551,15.506524884428385,1.220885136154167
stream,1286,0.7658311047185182,15.212403350812949,1.1701640411729115
stream,1287,0.7634893112907872,14.88724738351089,1.1869020511064174
stream,1288,0.760708023742635,14.67724129748867,1.203750031601115
stream,1289,0.7602691195687192,14.626200621179592,1.1835276336614926
stream,1290,0.7591525289526017,14.626066804537384,1.1808943942825438
stream,1291,0.7561139244073862,15.281819597315032,1.2188260017079782
stream,1292,0.7531896367475329,15.248159431188816,1.2358859745548503
stream,1293,0.7543410694662542,12.78813600383183,1.095681748228682
stream,1294,0.7578526325495725,13.14616587274185,1.0140501963107866
stream,1295,0.7599515317433355,12.705837589839934,0.988845630272007
stream,1296,0.7614341638081488,12.867448558633074,0.9778758853073709
stream,1297,0.7642688981972803,13.844078641069064,0.9789987070408042
stream,1298,0.7667077899633942,13.578907273258375,1.016493674604424
stream,1299,0.7687107967643094,13.688619090612558,1.0096697010220022
stream,1300,0.7731767913449893,16.588686085831302,1.1044541890409194
stream,1301,0.7768613461877178,15.813496892439437,1.1890932556590328
stream,1302,0.7790095371713299,14.649776731678532,1.0247234365372098
stream,1303,0.7788681547377223,13.372799240019715,1.0779798713416333
stream,1304,0.7793127243815539,11.001043353523807,0.761697993622639
stream,1305,0.7807899256835545,10.956532987239365,0.6861526446579564
stream,1306,0.7810403969278402,10.281179643907059,0.6813428644300051
stream,1307,0.782665227992592,10.931561826501488,0.7273936573177691
stream,1308,0.7858624662088658,11.039796008232097,0.7061651715098476
stream,1309,0.7896653825146862,10.83339132262097,0.6355517133373636
stream,1310,0.7941328458164337,10.836793387721611,0.6265411501128338
stream,1311,0.8003801599902549,10.906087062663087,0.6243391945823291
stream,1312,0.8067524381735461,11.23654789210881,0.7310431271749631
stream,1313,0.812479032304048,10.600822447740233,0.7270221475510223
stream,1314,0.8182781019878457,10.373575902874387,0.7347046701444389
stream,1315,0.8223222325698567,11.390027686345544,0.8170249825931674
stream,1316,0.8263003234048596,11.667626797235222,0.8231051129416748
stream,1317,0.8308441412129017,11.240694589813877,0.9334774094520802
stream,1318,0.8338073353884462,13.437248936046569,1.1309127176114615
stream,1319,0.8354610882984059,13.370921419479004,1.1939161567791075
stream,1320,0.8361666385647512,10.488554262042964,1.0902908254969077
stream,1321,0.8374813603066199,12.7304014569072,1.1045994218641064
stream,1322,0.8383396788102211,11.620315984689254,1.1760720625426535
stream,1323,0.8376414782637237,13.995471108056234,1.2024577259087514
stream,1324,0.8360138811287254,13.338693248026281,1.2301755321219605
stream,1325,0.8333710740728751,13.762385749329423,1.200939882366276
stream,1326,0.8308341317375825,13.414802476840157,1.2018755422463432
stream,1327,0.8275788761862356,13.46409262364383,1.1606673663257139
stream,1328,0.8239359837394596,12.833686885008364,1.185651946065156
stream,1329,0.8203410751938361,13.201279946383938,1.2021277152396455
stream,1330,0.8175587149646525,13.205197934537741,1.2225848938291843
stream,1331,0.8156001220761094,12.549233854104319,1.1979745622739575
stream,1332,0.8132824208278808,12.455782434665563,1.101110161616366
stream,1333,0.8114216322041199,12.508684611648397,1.1123045845548098
stream,1334,0.8109519585027041,12.344459403081443,1.1046220617280005
stream,1335,0.8125641604449367,11.882415839940258,1.0391497356708557
stream,1336,0.8138623866527057,12.72389077053778,1.1683015771407654
stream,1337,0.8152163641709192,11.779630406189044,1.1048942081515896
stream,1338,0.8164505802897407,15.008523392883474,1.1258066716593953
stream,1339,0.8171036412480702,16.844685494795137,1.5533023647765714
stream,1340,0.8168442908390023,16.79192701807893,1.5890869743166278
stream,1341,0.815511293494731,15.19413848379547,1.4733362518677457
stream,1342,0.8126643706138762,15.224890823355732,1.3741203769986945
stream,1343,0.809463541465386,13.565335340053604,1.3247092565244587
stream,1344,0.8071036771539338,17.205185347332954,1.3179476625454867
stream,1345,0.8048326645811068,16.79218117759971,1.4701107962467126
stream,1346,0.8030589991734125,18.276301791667848,1.4835890433213004
stream,1347,0.800589355161031,17.883008278727978,1.5594146349687108
stream,1348,0.7954227037068582,19.335484056319103,1.5610774014987268
stream,1349,0.791522254057615,18.965605875953937,1.6464623428629666
stream,1350,0.7864959726917828,19.35421490642318,1.6497046717448813
stream,1351,0.7816535008702087,19.08432513482232,1.6392715401982259
stream,1352,0.7783150689102911,19.686772842032127,1.6469761688642375
stream,1353,0.7763358877788651,19.652006517857718,1.6750963756667667
stream,1354,0.7750249760022572,19.701720400279957,1.6759475351234752
stream,1355,0.7749831028556461,19.093130048198184,1.6558196891265844
stream,1356,0.7735294302492135,18.989515048594754,1.5790315205585919
stream,1357,0.7699197193889414,19.028603464865842,1.5181765184391351
stream,1358,0.7693689871251477,14.196492407953066,1.3208319592209565
stream,1359,0.7686026741551742,12.426236979992426,0.8870045615351763
stream,1360,0.7715164985826248,12.329774922003248,0.8502514217804971
stream,1361,0.7712684845342465,11.728426448654789,0.8440438428189465
stream,1362,0.7706476172139676,11.818086201063926,0.8400227911152722
stream,1363,0.7744421731374966,12.826842876824973,0.8157619722579903
stream,1364,0.7763577490809832,9.521673571269858,0.9554355336032626
stream,1365,0.7765529967249538,10.400479318760018,0.8073034575417822
stream,1366,0.7748921975427654,9.049331476852807,0.781350351310303
stream,1367,0.7725079526103797,8.767170109472438,0.6746666280681072
stream,1368,0.7691745962112434,7.36879182847198,0.6528988330734043
stream,1369,0.7607139916373933,11.035737358862587,0.743943173953322
stream,1370,0.7502060950975683,10.64308007115972,0.8498844609153758
stream,1371,0.7375670778768714,12.616997762033613,0.9378683606528951
stream,1372,0.7308317674235066,13.620216266091187,1.1671765736329816
stream,1373,0.7272331162337022,15.0880968534242,1.1171168845124322
stream,1374,0.7285209310894452,18.040764211222623,1.129294610550556
stream,1375,0.7323983826754673,18.846405397310694,1.1608691073201527
stream,1376,0.7336586463043812,19.296590515907383,1.3142475194729073
stream,1377,0.7317361907168995,20.29668773433618,1.3035024618618398
stream,1378,0.7275776357127317,20.727316657554884,1.2475677985904658
stream,1379,0.7232796990564029,20.630649621715055,1.1957856614628506
stream,1380,0.7202404608861938,20.631300446068103,1.2029315965151643
stream,1381,0.7157088877603275,22.04197783727273,1.2649570891260082
stream,1382,0.7128242900713561,22.141957073297185,1.3375525469953682
stream,1383,0.7100877402253186,20.83438765758409,1.3307285661321553
stream,1384,0.7081093403265013,20.28012637644729,1.1692878880041118
stream,1385,0.7068706453582374,19.723121492647365,1.17421978819572
stream,1386,0.7047634966779313,19.619066344700123,1.2020154206568112
stream,1387,0.7035097631427595,20.93703103811105,1.2430571882764307
stream,1388,0.7017629700393041,21.292085460578093,1.2532931482858658
stream,1389,0.701906069323742,17.448110273066945,1.0633232087241158
stream,1390,0.7032357235449551,18.553217497097155,0.9378831961953817
stream,1391,0.7068821099485136,17.07914133271225,0.963396410481835
stream,1392,0.7080721141118865,15.470553236899152,0.696556341372908
stream,1393,0.7084608708228817,15.337990988375267,0.8105383706809495
stream,1394,0.7109964102730586,12.334539963202717,0.857824667989914
stream,1395,0.7153692056969292,12.333696220408509,0.8559821759102381
stream,1396,0.7202024653675423,10.82764754337007,0.6868940093688404
stream,1397,0.7246972956617714,10.30829881396047,0.6921880582888708
stream,1398,0.7303332922051075,9.406196161875291,0.7481227215602446
stream,1399,0.7352935357903219,9.812595168212846,0.7697033857537894
stream,1400,0.7397662505074333,10.989892803731937,0.7664013716244165
stream,1401,0.7437889205890754,10.377737971067837,0.8588443685677688
stream,1402,0.7505483600334054,10.153244065810874,0.8217122530398437
stream,1403,0.7602283410195664,9.6694043246329,0.8166079869665992
stream,1404,0.7688720841429514,10.577181249549401,0.85250735316574
stream,1405,0.7762095950335217,10.277137430027583,0.8860537170277394
stream,1406,0.7830653280544523,10.312906273772468,0.8610610671355765
stream,1407,0.7895508943687183,8.968848486116237,0.8214721064569227
stream,1408,0.7949363474033592,8.679030509192577,0.8096263790588313
stream,1409,0.8012896597692043,8.668238239548113,0.8031793408353212
stream,1410,0.8065736874676933,7.564998589166413,0.7944431241274253
stream,1411,0.8115144813583528,7.648349519901438,0.7043087379406183
stream,1412,0.8164765490315835,7.5549499518224925,0.7063678697214961
stream,1413,0.8224705255353679,6.77968194694404,0.5953061769511109
stream,1414,0.8276209318233702,7.348176010429081,0.6186809399136548
stream,1415,0.8330471088762351,7.463284034693279,0.5889489354970797
stream,1416,0.8375914230785072,7.729059733649287,0.5493599330533526
stream,1417,0.8405640762094507,7.516432286388883,0.5440658788639042
stream,1418,0.8435405737368683,7.576669708999676,0.5341598793552522
stream,1419,0.8452095029872704,7.293978000820656,0.5188391080278993
stream,1420,0.8456678702749345,6.090787018579578,0.5177283870425076
stream,1421,0.8460548169307716,6.578901844465083,0.44404024329942926
stream,1422,0.8435049457569649,7.341728515711393,0.5202918701272475
stream,1423,0.8407298371431129,7.380779902382702,0.5314091660217436
stream,1424,0.8367377722440132,6.658310111157037,0.4859774148560764
stream,1425,0.8325002696779297,7.048709845032023,0.4757937788312425
stream,1426,0.8271097182630502,9.03405176378795,0.6674675288691798
stream,1427,0.8194398497395521,9.781551363519194,0.6674675165006334
stream,1428,0.8117784592292555,9.838513361372668,0.6685782516097413
stream,1429,0.8020150523765426,10.557268927044117,0.6861748058698891
stream,1430,0.7971647835198439,13.415937955205607,0.9152395633907657
stream,1431,0.7948442223866774,12.865697586048867,1.0310776125834518
stream,1432,0.7956656529022236,13.440578276171786,1.0385729770077328
stream,1433,0.7971944815461641,12.87523146794114,1.0619505088456103
stream,1434,0.7953020190110099,12.307448079752326,0.9793612393019919
stream,1435,0.793589707352964,11.403944518186284,0.978063375225077
stream,1436,0.7926208964285187,11.458641311163985,0.99977817991954
stream,1437,0.7925035652166929,11.092218847872195,1.0050722192435613
stream,1438,0.7935040022898251,12.927276261138632,1.0413639963584786
stream,1439,0.7954404394914821,12.849349293244037,1.076040677428495
stream,1440,0.7977567376615825,15.047745739898595,1.123180071491373
stream,1441,0.8002385891024598,13.967014514473249,1.0822952227587208
stream,1442,0.8021913640705243,13.190510558113383,0.9656906935011678
stream,1443,0.803839462629309,13.154067492896152,0.9535974931356356
stream,1444,0.8045754794386843,13.216439042086307,0.9631298323544937
stream,1445,0.804401853862375,13.073031892464162,0.9907697817624754
stream,1446,0.8036661624297682,11.028317845989154,0.7937248299620442
stream,1447,0.8024084392440298,10.313666997485761,0.7902129036087472
stream,1448,0.8016800565278132,11.312553406453226,0.8597156933694273
stream,1449,0.8009223285887812,12.334028077989785,1.008818920461271
stream,1450,0.799309722421852,12.235692850520131,0.7753414512375013
stream,1451,0.797433860975896,12.45298005865196,0.6749456137508693
stream,1452,0.794076199347573,11.912803219815958,0.6654360554520603
stream,1453,0.7908637953612331,12.279863146697837,0.6420585350992416
stream,1454,0.7874850344019266,12.445243497711642,0.641082620010842
stream,1455,0.7843367891472742,13.170843142503951,0.705965397593948
stream,1456,0.7822233887585519,12.766721661095879,0.7202927149941231
stream,1457,0.7809564155400395,12.780216319183594,0.7223317349405002
stream,1458,0.7804148747948418,10.772674519790856,0.6361673602630799
stream,1459,0.7807339552294841,10.712953623154744,0.5849874303502199
stream,1460,0.7829436428744732,8.57441708457848,0.5345782520762071
stream,1461,0.7861896788152357,8.552381089546031,0.49383160825719835
stream,1462,0.7891399549556305,8.59883589825125,0.49031228605722654
stream,1463,0.7946475598898148,8.599698974147081,0.49506706905070824
stream,1464,0.8000792604138358,11.037264923528983,0.5747715232442786
stream,1465,0.802984807325131,11.231049544078852,0.5517461651460013
stream,1466,0.8076212317032612,11.538017351266879,0.6233181562217857
stream,1467,0.8094052298913051,11.50653769107803,0.6258716146138954
stream,1468,0.8130349093953101,11.975800881361899,0.6306988332102677
stream,1469,0.8179723327372538,11.058532778268223,0.4698846782904289
stream,1470,0.8243797465260256,8.308887548460385,0.4853623699388946
stream,1471,0.8275815385965869,8.935500980544468,0.48380285063992345
stream,1472,0.8299449741265201,9.041989333764608,0.4866856454984745
stream,1473,0.8318750868361761,9.145562319541447,0.5241625391012159
stream,1474,0.8314473656273372,10.262868685011586,0.5351322658638742
stream,1475,0.8325214757613923,9.51887031894961,0.5133054081610667
stream,1476,0.8329747976381421,9.599482934179767,0.4737962865948933
stream,1477,0.8339720795684833,9.95076288709582,0.46842511291546973
stream,1478,0.8354748566528348,10.408317993472462,0.5515785876774577
stream,1479,0.8363122020883399,10.751188083331698,0.5508521926797416
stream,1480,0.8366344599274256,10.77418438844825,0.5508521894122249
stream,1481,0.837391109358521,10.564125261072428,0.5507173706993724
stream,1482,0.8381212691852323,11.788525029918997,0.5873437372789689
stream,1483,0.8381609450906214,12.18250108969181,0.6933353908215351
stream,1484,0.8382410711697957,9.48054026856192,0.6201604763098015
stream,1485,0.8378039277468139,9.925915546866577,0.6272266171178387
stream,1486,0.8384089338237463,9.912738699322288,0.6452657545836995
stream,1487,0.8392884319815164,10.205342011093315,0.6802441508769572
stream,1488,0.8407580895169574,8.55760693304355,0.6071771045377017
stream,1489,0.8428328046598138,8.01449278449674,0.620281108047441
stream,1490,0.8451221126821746,8.549422314197173,0.6020701984663503
stream,1491,0.8460981316319256,8.728846793620843,0.6845193381269179
stream,1492,0.8463989074876586,8.665711537473541,0.7030622533726711
stream,1493,0.845568075571991,9.152395492239998,0.734265123708948
stream,1494,0.8437865846899811,7.869342668102627,0.7540033177647237
stream,1495,0.8420082776009582,8.448446620029475,0.7361292008152872
stream,1496,0.8399549808347043,8.555549026894514,0.7867355721729634
stream,1497,0.8354795821990514,10.318928834690581,0.8429927623561143
stream,1498,0.8313676917889711,10.18322641408767,0.921581126233746
stream,1499,0.8282855604346689,10.180654176514187,0.9232733733073714
stream,1500,0.8290242870552671,11.495633558547214,0.9325857610612088
stream,1501,0.8286067570945705,11.85501146168653,1.078488999137019
stream,1502,0.8269692293862304,11.023611349119065,1.039526482769105
stream,1503,0.8265358252008732,10.746761699399983,0.969402022055758
stream,1504,0.8283885276024406,11.152173843680684,0.9568594429314241
stream,1505,0.832039844154853,10.8876166902294,0.9143205883544124
stream,1506,0.8368431788515672,10.611970024021899,0.8490454578566413
stream,1507,0.8419687904351937,10.428819874679464,0.8121051859661523
stream,1508,0.8463732619214357,10.623500203849833,0.8073128541177115
stream,1509,0.85008339574861,10.296293299267239,0.7978777393325597
stream,1510,0.8507933115748311,11.054332560417258,0.8438989731559601
stream,1511,0.8527785086882559,10.100971128131686,0.7936024790796088
stream,1512,0.8544755295163482,10.190499578896173,0.7750595642372154
stream,1513,0.8557699690218229,9.244864606382441,0.7218575043152087
stream,1514,0.8560625111334565,9.770173323999865,0.7074435368906112
stream,1515,0.8561065273321302,9.241986278166387,0.7164440186846023
stream,1516,0.8571804939911378,9.018464677223132,0.6730935844289447
stream,1517,0.8567638658265293,6.94844321553142,0.6189055717073131
stream,1518,0.8549247446207613,7.028861152536349,0.5009830154122356
stream,1519,0.8525043780292968,6.722952005714462,0.5113839675857064
stream,1520,0.8505489954327701,5.60030367178887,0.5047571747198382
stream,1521,0.8461630515131027,5.197119919812668,0.36761496864448306
stream,1522,0.8423046007229265,7.251782396543278,0.43921507351657657
stream,1523,0.8391070025342747,7.548572888955034,0.4263008609302648
stream,1524,0.8376305069178355,7.627960341611744,0.42380240636496924
stream,1525,0.8372143032772086,7.08805840047102,0.4330799233454684
stream,1526,0.8379061518894059,8.54413256148512,0.43910777695625125
stream,1527,0.8380674243992753,8.763145676340956,0.5383003394834681
stream,1528,0.8407825998649844,9.181560195286211,0.6402716728653397
stream,1529,0.8457028434329477,9.511529954154636,0.6310840460124312
stream,1530,0.8506630543676459,8.492231192323251,0.5848756695486902
stream,1531,0.8532933275635615,10.216605610630559,0.5454772075361078
stream,1532,0.8544558277404325,10.2803791134437,0.5625371688422018
stream,1533,0.8548882600449172,12.658770003739402,0.6665991910896992
stream,1534,0.8556083348785101,12.325730538850555,0.8386977333974622
stream,1535,0.8565574067449204,12.29366137414587,0.8073982316481649
stream,1536,0.8558731962582661,12.322959026511935,0.8047199906427278
stream,1537,0.8559127103154432,12.174899291050343,0.8002046715705033
stream,1538,0.8557332008939903,12.511008327113192,0.763531306575144
stream,1539,0.8556168195742108,12.947916735736852,0.854135773517011
stream,1540,0.853787536753362,12.67259208153795,0.8688045787988449
stream,1541,0.8536453036276999,13.533870504528098,0.875293897886824
stream,1542,0.854478411437224,11.11311488227375,0.8155623156186749
stream,1543,0.8551687784005033,10.873163818500794,0.8089582864936287
stream,1544,0.8566967831776953,11.220549726818223,0.8533691056080099
stream,1545,0.8579632565852076,11.274120356613858,0.8926836660913446
stream,1546,0.8592118122039109,10.111067968654853,0.8608596530757925
stream,1547,0.8617277445929099,9.988908607002974,0.8056735063940775
stream,1548,0.8631370241322208,9.748036299756905,0.7039516893058262
stream,1549,0.8639311931411212,9.57611678137596,0.7046780812137032
stream,1550,0.8650886689673355,9.29594958947667,0.7087091662174341
stream,1551,0.865381996518801,7.501747096013995,0.6737776490347198
stream,1552,0.8658354310498548,7.139756870642766,0.6551327431786492
stream,1553,0.8652872501640516,4.85146464765103,0.5372027728177378
stream,1554,0.8646537440385672,4.659992146522155,0.35432901581620707
stream,1555,0.863932916188633,5.426016469944015,0.3739323850617816
stream,1556,0.8630460705878418,5.499832999462295,0.3934136683384043
stream,1557,0.8617822670212933,7.340629394419198,0.48547099165327656
stream,1558,0.860924275321624,6.69856234003859,0.6544413379253705
stream,1559,0.8602571826412213,7.27683033657892,0.6060316183677313
stream,1560,0.860415973323901,7.544359146737057,0.68821911139106
stream,1561,0.860314857011344,6.735758458644147,0.675414893778138
stream,1562,0.8603416387240891,6.665109420494036,0.6640480683960015
stream,1563,0.8604738732131708,6.98997793304134,0.6625650895600373
stream,1564,0.8604722404127368,6.203536644773614,0.6215065455613676
stream,1565,0.8621324806447132,8.488657685327118,0.6599191908568329
stream,1566,0.8632297337164913,8.189152007514004,0.7406995300067294
stream,1567,0.8640579018779446,9.27008526007828,0.7507564079936956
stream,1568,0.8643201840941391,8.905011088813954,0.7746403222749538
stream,1569,0.8649541414128851,9.276742616672934,0.8004364541300258
stream,1570,0.8651981364471546,9.586076849945428,0.8563711013791396
stream,1571,0.8668179000567837,11.151314532085756,0.8742795416512174
stream,1572,0.8674137005723825,11.25914075253902,0.9996283785013773
stream,1573,0.8681071763943411,11.642635222785586,1.0320385499281113
stream,1574,0.8684401204944954,11.642116376750295,1.0350212493319018
stream,1575,0.8686063485993051,11.798800322350624,1.0500220500244428
stream,1576,0.869365450184649,12.5700024350313,1.0279772631818083
stream,1577,0.8699036733031876,11.399420692104542,1.0503861647114296
stream,1578,0.8704286093257708,14.19669194312631,1.0809618114137334
stream,1579,0.8695996242134146,13.583642380381631,1.0694079227875823
stream,1580,0.8691485522280966,14.209165904601553,1.0963154534179993
stream,1581,0.8702266027195101,14.634002912725366,1.0938693241719726
stream,1582,0.872884699334257,14.934394689681788,1.0927760436007228
stream,1583,0.8745610123690727,14.440390872730836,1.0841250197513266
stream,1584,0.8778830572113084,14.403342597363201,1.084125002558982
stream,1585,0.8794515768817107,14.899246875168304,1.0894089236372575
stream,1586,0.8812047768849051,15.532529667695933,1.3471820672801735
stream,1587,0.8823527099146249,14.278569882829919,1.317753902116119
stream,1588,0.8836291109113089,14.571775823813509,1.3194166051115537
stream,1589,0.8846262313896319,14.071909795722643,1.3020816885348547
stream,1590,0.8853912269473555,13.757771647297139,1.2521124455139452
stream,1591,0.8863064850452227,12.154047270311146,1.2321348414623112
stream,1592,0.8870198903839465,12.353729458319501,1.1133678480654006
stream,1593,0.8880300261047385,11.869259784637794,1.084704322621401
stream,1594,0.8887424986983047,12.496160552537784,1.1087532947503587
stream,1595,0.8897641009941001,14.083330365437696,1.2786922074460627
stream,1596,0.8910375922923814,13.591741479429466,1.3064603365854979
stream,1597,0.8919565779324593,13.425809682826017,1.2594658979313615
stream,1598,0.8925235131709647,11.235823055431394,1.0521025917815872
stream,1599,0.8925265840903909,12.20447910573126,1.0163025254214884
stream,1600,0.8918649236734651,11.665995264861865,0.90288200917803
stream,1601,0.8912056491456134,11.314092691745952,0.9203712177629373
stream,1602,0.8904492444802209,11.047988368559386,0.9299257340076136
stream,1603,0.889712248988027,11.045714787752283,0.925889994513366
stream,1604,0.8894763870446212,11.199874569133968,0.9199319722069474
stream,1605,0.889387914101253,8.661462596258986,0.8585014508286424
stream,1606,0.8881526214553932,9.03826805602788,0.5333390161574778
stream,1607,0.8851839672020021,10.306099208994068,0.5127349542297984
stream,1608,0.8822624193427909,10.104111583077723,0.5912181149634477
stream,1609,0.8794671422702453,10.16311777496833,0.5889644780098706
stream,1610,0.8765069431163676,10.487754379291085,0.5872447388686867
stream,1611,0.8744866563652041,10.562662660676173,0.5942457766817357
stream,1612,0.8731230892974183,10.77280850990163,0.586563278301447
stream,1613,0.8709869811146895,11.2012917222717,0.5776949508764313
stream,1614,0.870603949386557,11.916757109163047,0.650150226362031
stream,1615,0.8722977630762956,9.413987309280026,0.48223356228688496
stream,1616,0.8755256475278981,9.032462254038883,0.45251362041937765
stream,1617,0.877426429651924,8.912337191821317,0.39739460223374
stream,1618,0.8796115152785637,8.383249908907958,0.4315144687673837
stream,1619,0.8791441687282711,8.198526837633315,0.5272781409193259
stream,1620,0.877488576908795,7.861613964110063,0.5365381672749564
stream,1621,0.8765647677049055,7.8077053962528655,0.5228902193817175
stream,1622,0.8751173621904133,7.96701184547121,0.5144289898760878
stream,1623,0.8727801705034716,7.971223214167824,0.5369553062422986
stream,1624,0.871376971153029,9.102206485925713,0.5636871170855071
stream,1625,0.8693336601262494,8.77994897423896,0.6029615415585211
stream,1626,0.868072364097173,7.919170355226978,0.5885845233586652
stream,1627,0.8680844656554134,6.686353591265512,0.5918865238060547
stream,1628,0.8682595361847759,6.658422112377407,0.5009982856751674
stream,1629,0.8698058607897381,7.423208765468755,0.545970548187676
stream,1630,0.8694106351343734,7.309444077651714,0.60468132529844
stream,1631,0.868952294233431,7.839905215371299,0.6645773064711205
stream,1632,0.8687924244029418,7.3257706723168505,0.6716360325765725
stream,1633,0.8691847927489497,7.888212543074118,0.7058632203904247
stream,1634,0.8701744747665925,7.117718092659205,0.6110787148541093
stream,1635,0.870452094420479,7.222152481959464,0.5881854407087792
stream,1636,0.8710568676181483,8.79301258623322,0.6034357634805695
stream,1637,0.8706766344847873,13.515070719113943,1.0879219857482205
stream,1638,0.8701510938710536,13.461303441836858,1.1590673719087707
stream,1639,0.870181197729999,13.19229108973471,1.120930540289607
stream,1640,0.8702101770640538,13.222850780878982,1.1615182012325096
stream,1641,0.8703696248337287,14.065193895783004,1.1873968503160144
stream,1642,0.8708830407023681,13.94093394557452,1.2309015625902062
stream,1643,0.8711944812525637,17.049507840618105,1.249433844953386
stream,1644,0.8725263471191802,15.900630508797422,1.4499296765541758
stream,1645,0.8732465349975981,15.963624236180875,1.3953345162648871
stream,1646,0.8729756891579182,15.797216235833396,1.4166978180154173
stream,1647,0.8735678793953345,16.607260223291863,1.4634279976291162
stream,1648,0.8744379427165591,16.53454807225172,1.4689313003936135
stream,1649,0.8750082703603816,15.894637800670719,1.4180009824634856
stream,1650,0.8757116031183739,16.08162666509128,1.3505291944145548
stream,1651,0.8765769618182453,16.531885845206617,1.4549794123050994
stream,1652,0.87761202995888,16.58229543714065,1.4556031839165489
stream,1653,0.8790411531679838,15.588110373199424,1.422718798835385
stream,1654,0.8807362202425234,15.45886848096263,1.4185777530150656
stream,1655,0.8816399679519886,15.367448742055776,1.4650356085923766
stream,1656,0.8828128589741279,14.596821512293214,1.4825952314952766
stream,1657,0.883786075515726,9.472404771374732,1.0081799868852446
stream,1658,0.8847795141541311,9.399542485520508,0.9045546523355126
stream,1659,0.8858385447849064,9.813361855763693,0.8596146025355609
stream,1660,0.8868323232377969,9.937920071068092,0.9110694899862035
stream,1661,0.8866453602768772,9.041816206893305,0.8816091535403376
stream,1662,0.8856877978112294,9.482826846283343,0.839070286680835
stream,1663,0.8849925858116305,6.557055169447476,0.853829586280243
stream,1664,0.8856036036082233,7.012256952018463,0.6358472283725014
stream,1665,0.8861282423820729,7.549490355191274,0.6183580175945175
stream,1666,0.8868660010007317,8.655084117439316,0.5974789765880223
stream,1667,0.886507300746493,8.913528747371462,0.6784230769603087
stream,1668,0.8859608192885016,9.652485200544685,0.6643210801737969
stream,1669,0.8849823668638485,9.813799896670997,0.673566365476822
stream,1670,0.8832193848186524,10.621899781699446,0.6910556028639245
stream,1671,0.8805885110680362,9.71272525045823,0.5412588262190525
stream,1672,0.8749950838380143,11.993249795896507,0.5675614174592923
stream,1673,0.8686592704618711,12.066858298179143,0.7122292468904535
stream,1674,0.8629710349768189,12.08886044001854,0.7247718274700011
stream,1675,0.855929667297305,12.13893858773141,0.6927279156242003
stream,1676,0.8476264598490699,11.74655008818907,0.6618697911363918
stream,1677,0.8390342236334036,12.116481517955611,0.7115304685908478
stream,1678,0.8301615118590326,12.334284610303335,0.7543812270436343
stream,1679,0.8197296234935433,12.664695178143615,0.7497512276387451
stream,1680,0.8073871204074001,12.48664360641095,0.7121341494936971
stream,1681,0.7969665358867283,12.564551663557824,0.7135145020235002
stream,1682,0.7851362604066899,13.013824247529856,0.7560533657360273
stream,1683,0.7744513654885682,13.566527306034507,0.838945143875708
stream,1684,0.7665724763609609,13.842002891705942,0.8289486341227316
stream,1685,0.7603701810431474,13.189663274721326,0.8630685027711272
stream,1686,0.7576859536367755,12.567341122706676,0.9108364019659008
stream,1687,0.7496823925477588,14.569227603163524,0.8162262900027374
stream,1688,0.7420160997811569,13.846154821366403,0.9078791485770468
stream,1689,0.7383752167913039,16.514534608490866,0.9842340331311311
stream,1690,0.7380578121970448,15.50028765920584,1.0407629181805926
stream,1691,0.7394037853441993,15.443479332974407,1.027995636032103
stream,1692,0.7414546635324185,13.280941126890768,1.012758015588764
stream,1693,0.7438321317745696,13.733671468321873,0.8702593213321437
stream,1694,0.745503216385075,13.276216732009111,0.8738008085049911
stream,1695,0.742825214307907,13.703480525574307,0.8679527414988893
stream,1696,0.7403009944254704,13.30869400682364,0.902053156678928
stream,1697,0.740853842312629,13.97024226205983,0.8821344935253864
stream,1698,0.7409863114945636,13.69737538875669,0.8881877197659437
stream,1699,0.7440360317196695,13.25422669083739,0.9159309947981049
stream,1700,0.7430619373615966,13.312030051304086,0.9229065965862788
stream,1701,0.7431071794333622,13.932833367863378,0.9607134510971845
stream,1702,0.7431675132520659,13.04940895701648,0.9190431778813344
stream,1703,0.7415780130979389,13.445317879084328,0.8125867244050258
stream,1704,0.7396871719839643,13.119842945773591,0.8123620386766346
stream,1705,0.7357484694857797,13.227474845731045,0.8156667093756746
stream,1706,0.7315886385077099,12.794093802313585,0.7941966789198439
stream,1707,0.7289233699847569,10.721944169369102,0.7861250877902014
stream,1708,0.7253557798999865,10.748233843019962,0.7166612013086402
stream,1709,0.7243117829581619,8.578616745201403,0.6538221481262863
stream,1710,0.7234121999093476,8.387762011125231,0.6172286039326111
stream,1711,0.7239225040924592,9.220156398849937,0.6420514846226423
stream,1712,0.7262842429257987,9.062500138413347,0.6343984974707684
stream,1713,0.7294417029704283,9.394223491471424,0.6577760042332225
stream,1714,0.7320639705078219,9.656917083362764,0.7001726800752442
stream,1715,0.7339909513569567,10.330898633881358,0.6862825731339603
stream,1716,0.7370794239324059,10.346951839596802,0.7089337168822137
stream,1717,0.7402193197469934,9.568408807528517,0.6679972774059805
stream,1718,0.7429932429681998,10.330132753738626,0.6186888585042408
stream,1719,0.7461941629700343,9.300966662709174,0.6677525513642258
stream,1720,0.7501387384799431,9.978243745697894,0.5897060449928316
stream,1721,0.7535395319071095,9.303694947743905,0.5985114207300515
stream,1722,0.7561023262393091,9.62841214520747,0.6007053658665705
stream,1723,0.7582477902418804,8.557622960094282,0.5657739023757022
stream,1724,0.7606205236211474,8.031294972285309,0.574275374504747
stream,1725,0.7629888127046541,7.88897194086968,0.5396712511408075
stream,1726,0.7651633228361581,7.8847644705088715,0.5133733874895987
stream,1727,0.7662999547129798,6.886692876359267,0.4869031988236104
stream,1728,0.766755669341672,7.667133183342048,0.5134834144715346
stream,1729,0.7666883247634195,8.79332798337289,0.7472813619191656
stream,1730,0.766407545970843,10.303044663850796,0.7114966951290571
stream,1731,0.7661880049304848,9.752279221279865,0.6877973068342843
stream,1732,0.7648707516152574,10.060088339613383,0.6765056282401432
stream,1733,0.7640205413596425,9.570942647225785,0.6499830714880943
stream,1734,0.763124683278407,10.780241797936286,0.7056117941518473
stream,1735,0.7616897870877563,9.73037520589448,0.7940592418060078
stream,1736,0.7603781094347535,11.301904165338089,0.7798465806156099
stream,1737,0.7597292790207766,12.366478212534632,0.7692886526527593
stream,1738,0.760653236318762,15.623022965992265,0.7904769413436661
stream,1739,0.7615304022492893,15.484865729598756,0.9025393137149924
stream,1740,0.7620881557853373,15.19125782775479,0.9025392977060719
stream,1741,0.7628672650310239,15.85875607697378,0.9191075357124134
stream,1742,0.7636583878987239,16.32613245590992,1.0227288510830104
stream,1743,0.7643984822573191,16.781902463475788,1.0181062152160645
stream,1744,0.7649727987761322,17.815072406483765,1.1717584042885325
stream,1745,0.7650252045101357,18.23356275007724,1.2507042357075155
stream,1746,0.7658949998463039,18.19394631108984,1.2753393302377523
stream,1747,0.7668325678639167,18.38597937409136,1.2802289499244515
stream,1748,0.7676726671789165,17.562300124962032,1.2400584553090115
stream,1749,0.7692420620899885,15.790702853825607,0.9900812194892021
stream,1750,0.7698094751153532,16.361889562078545,1.141088699673059
stream,1751,0.7694559353797374,16.183139124061398,1.153855313035639
stream,1752,0.7686553273954485,16.476423340534183,1.162678741567872
stream,1753,0.7683656028338568,16.65273605322684,1.1623567911837074
stream,1754,0.7677579363928925,15.261494899189396,1.0617879978010276
stream,1755,0.7693213783379808,15.58648073052974,0.9620039136718442
stream,1756,0.770116329505294,14.159145800770649,0.980524650375388
stream,1757,0.7710396800406479,12.938594294279355,0.9799880746443604
stream,1758,0.771436560954141,8.956660814959061,0.9595161331731601
stream,1759,0.7699147297358356,11.964390535496504,0.8583538052908034
stream,1760,0.7686098836059502,11.596388905882526,0.9880672010993937
stream,1761,0.7684664957470632,11.369431428753868,0.9295865100652505
stream,1762,0.7678131670218185,11.260060954327182,0.8978000547205602
stream,1763,0.7666921604619272,11.475876135901897,0.8980421884251216
stream,1764,0.7650676445787603,11.166533494871475,0.7357637623360406
stream,1765,0.7636727899216353,10.79079050345618,0.6738778641838794
stream,1766,0.7629596062232089,10.786221978768182,0.6550982252506626
stream,1767,0.7620788948746714,11.689947539268365,0.6905615650449187
stream,1768,0.7618904295775836,11.69925017218145,0.7206752287040384
stream,1769,0.7623855179172162,11.494781984160609,0.7128579161920492
stream,1770,0.7642211559647294,9.487475093083154,0.5602105224406794
stream,1771,0.7660100582976466,9.768318068189346,0.552580307767207
stream,1772,0.7679690566359191,10.054388447506623,0.5501589971424337
stream,1773,0.7707993700003997,9.636109361987469,0.5645984193272745
stream,1774,0.773479633329944,9.554230178332817,0.5551988114413132
stream,1775,0.7749155674281325,12.104394117966947,0.6639417966829387
stream,1776,0.7767394037088848,12.62983387569868,0.8767534494591449
stream,1777,0.7787898063615438,12.825886776079724,0.9160653767010798
stream,1778,0.7801898596519568,13.776152394451358,0.9306670933400488
stream,1779,0.7813119965272097,10.78986830312,0.8759618441210181
stream,1780,0.7820692584297472,10.9102244724546,0.7407297257646106
stream,1781,0.7825283017932804,11.846295050617014,0.7623573513676758
stream,1782,0.7826389745479895,11.399118571454485,0.7020616656120461
stream,1783,0.7825746408494145,10.83108576380234,0.7020616654953479
stream,1784,0.782781040001209,10.433930836160105,0.7379790936421853
stream,1785,0.7826413383495012,10.420768889058781,0.7460660765158957
stream,1786,0.7822518525369214,10.419285439282271,0.7397263530506986
stream,1787,0.781531625470302,9.607248826939193,0.7198157686348313
stream,1788,0.7809821030320274,10.007663322919017,0.7922241665224353
stream,1789,0.7804588464804325,10.395763268844105,0.8352177918855589
stream,1790,0.7790566495509227,12.883346885005736,1.0269887303658414
stream,1791,0.7768693652703947,13.795616244052646,1.0218522875925768
stream,1792,0.7748384154038256,13.135205321119507,1.0242735792697755
stream,1793,0.7741989799713946,13.000562710748795,1.0133011340468219
stream,1794,0.7751885877929365,13.039121465092716,1.0091600690572933
stream,1795,0.775827738075558,10.069173681801717,0.9005244006753962
stream,1796,0.7766138838976646,9.456478126306394,0.6253726935655489
stream,1797,0.7781249223859298,9.166498767547134,0.586911926023209
stream,1798,0.779182189498882,8.19374756967988,0.5704931866051999
stream,1799,0.780655023322198,8.091486707965613,0.5294346155595474
