segment,end_index,PW_WTC,E_CCDC,CD2_P
stream,0,,,
stream,1,,,
stream,2,,,
stream,3,,,
stream,4,,,
stream,5,,,
stream,6,,,
stream,7,,,
stream,8,,,
stream,9,,,
stream,10,,,
stream,11,,,
stream,12,,,
stream,13,,,
stream,14,,,
stream,15,,,
stream,16,,,
stream,17,,,
stream,18,,,
stream,19,,,
stream,20,,9.85815558083773,
stream,21,,10.020080062728512,0.7926680507076082
stream,22,,10.353223027778789,0.7909612917850198
stream,23,,10.304104619025152,0.8039186209142464
stream,24,,8.015782801805221,0.7805196170904324
stream,25,,8.03413962872774,0.7132222874874268
stream,26,,8.039157854403356,0.7099046197981734
stream,27,,5.11357931963682,0.5551344893380985
stream,28,,5.243296182033812,0.4711040538591062
stream,29,,5.480698205777043,0.4624335990923447
stream,30,,6.397137964966583,0.5368148353391303
stream,31,,6.572209405026719,0.5464225565660836
stream,32,,7.6448941772946295,0.5287860661241575
stream,33,,7.916741718648532,0.6573356180185028
stream,34,,7.3291391439517115,0.6450763210122392
stream,35,,7.628251846431077,0.6187186679440783
stream,36,,7.696475561657545,0.5992469566891677
stream,37,,7.779939918407554,0.6269022684714799
stream,38,,7.989904225301395,0.5255956415672112
stream,39,,8.697508228907799,0.46701819136694567
stream,40,,9.179676184349224,0.46644111929361015
stream,41,,8.889892526834227,0.4817543207788882
stream,42,,8.409919315060298,0.48175432077888825
stream,43,,10.242961292582834,0.5657847367665682
stream,44,,11.748177012851722,0.8192160540486801
stream,45,,12.07697278127738,0.8213877229722089
stream,46,,12.299888264162352,0.8189754515887979
stream,47,,12.29895256038241,0.8215325163209413
stream,48,,12.969501261865316,0.8410142330107007
stream,49,,12.489826784095143,0.8429534891260345
stream,50,,11.55683179532009,0.7575371684853663
stream,51,,12.057435964063556,0.7760959953905844
stream,52,,10.589278883397997,0.7952964260479221
stream,53,,10.693878785953284,0.6795594754260714
stream,54,,11.037455331764592,0.7151714977623472
stream,55,,11.768159829616845,0.6928469950551398
stream,56,,11.923491247687771,0.6966126209812707
stream,57,,11.979037962968098,0.6648708644375957
stream,58,,11.287157985987967,0.6578508310527462
stream,59,,15.189868211118181,0.7187942415389014
stream,60,,14.743952773415087,0.8359893404859533
stream,61,,17.76290894103059,0.875088263782759
stream,62,,17.778589466053933,0.9746699709952152
stream,63,,15.933319908766078,0.883796233891933
stream,64,,14.062418031833706,0.5802022176741966
stream,65,,15.897256521444977,0.6030567802142879
stream,66,,16.72090953748014,0.616278538862718
stream,67,,16.906534594591655,0.7113000120785398
stream,68,,16.10406324126194,0.6810087853767365
stream,69,,16.201833038110458,0.6701992984863777
stream,70,,19.098029739815825,0.8386961695646404
stream,71,,18.32515261081043,0.902524967718803
stream,72,,18.922664306573193,0.8928595963788313
stream,73,,19.912281270628817,0.8779549310347846
stream,74,,19.558442285481885,0.8423429363662781
stream,75,,18.88948241879595,0.8498347480906383
stream,76,,19.22425488709118,0.921940976239014
stream,77,,18.890383114355586,0.969347441391888
stream,78,,18.17105167637014,0.9763674925480529
stream,79,,14.125019023930866,0.9465718404668738
stream,80,,14.496037524517437,0.8293767419197619
stream,81,,11.675525638672505,0.8293767436595727
stream,82,,11.69804981171569,0.7296509270947931
stream,83,,11.6513444530949,0.7296509439072972
stream,84,,11.593748727401048,0.7204830411349538
stream,85,,9.460470787084919,0.6814167525589481
stream,86,,8.538287614709004,0.6732432293895811
stream,87,,8.495543287793623,0.6037448344149114
stream,88,,11.065096277959771,0.6478994410845723
stream,89,,11.084505315569029,0.6797038107179368
stream,90,,8.288358700830265,0.5106380276452989
stream,91,,8.330233757012536,0.43406803918703274
stream,92,,9.588145598458391,0.5113672674941223
stream,93,,8.268411731816814,0.5262719613365612
stream,94,,8.229056893456718,0.5074718765384492
stream,95,,8.191578026656174,0.5301911672855002
stream,96,,7.769657815520933,0.4828060541846626
stream,97,,7.894932968420743,0.4344378126905653
stream,98,,8.727170283531786,0.49922710294758343
stream,99,,8.163835152689783,0.5100691986992831
stream,100,,7.803449516268138,0.5196769002038177
stream,101,,7.890776284525073,0.4979682701230993
stream,102,,8.445127088414136,0.49831288076840313
stream,103,,8.434370856470975,0.5365364202317263
stream,104,,8.40786775477581,0.5362482165193849
stream,105,,9.539011284197638,0.5656021091735268
stream,106,,9.937181991356733,0.6962438025539338
stream,107,,10.0674003946143,0.6602307597483177
stream,108,,8.74173047223867,0.6336168129823451
stream,109,,8.650293069537701,0.6387308695582584
stream,110,,8.586398744745544,0.6385147053550816
stream,111,,8.709116955405825,0.6282497235114692
stream,112,,7.1321879479789665,0.533842166068169
stream,113,,7.227604705101938,0.5148510127167067
stream,114,,7.640925289181039,0.5161010003354566
stream,115,,8.19942158152765,0.49547322555372364
stream,116,,9.268510165546884,0.5755294286845676
stream,117,,9.39818349722355,0.7381604823639452
stream,118,,8.610648782173259,0.6666957559724249
stream,119,,10.283989704333553,0.6558536197456304
stream,120,,11.763644523383883,0.6473198436388328
stream,121,,11.487021946493075,0.665029742843157
stream,122,,12.151779165789222,0.6858410374628058
stream,123,,12.166111376798204,0.6787651771444728
stream,124,,12.333543511378775,0.7030050441164595
stream,125,,11.376301188327997,0.6740678199586951
stream,126,,10.705814965037145,0.5384981918443551
stream,127,,10.535626361562064,0.5528747102304089
stream,128,,9.279752732606903,0.5348929484526449
stream,129,,9.54470452867835,0.5000340484810929
stream,130,,9.888161634454985,0.5645250668625095
stream,131,,9.86469504692177,0.6060437675186682
stream,132,,9.615168532235522,0.6034635791210153
stream,133,,9.472441957837747,0.6024297476743967
stream,134,,9.32226344898166,0.6069096996979936
stream,135,,9.471044189143154,0.6059008877038633
stream,136,,8.996547788672274,0.49287799214543593
stream,137,,10.581565644059895,0.33894992360635734
stream,138,,10.726083489074778,0.49415235787481765
stream,139,,9.33741908735672,0.4575879867834444
stream,140,,7.918309752808826,0.5031930929520204
stream,141,,7.9851287941850675,0.4528999982466721
stream,142,,7.407874063409971,0.45967814974195
stream,143,,7.706178143183962,0.4687188720885788
stream,144,,8.308529460112949,0.5379222630286447
stream,145,,8.100572424099608,0.5585174530711026
stream,146,,8.386542062310893,0.5748732847936662
stream,147,,8.549557023156833,0.5644391032378423
stream,148,,8.54421650190707,0.5849690979587355
stream,149,,9.323327850169264,0.6309106972028533
stream,150,,8.928881208375943,0.6105567792158878
stream,151,,9.30290523159617,0.5782943457745248
stream,152,,11.037255816549319,0.7073652571679888
stream,153,,11.226199599930915,0.8102107422477722
stream,154,,14.099378187241463,0.9533367018788566
stream,155,,13.098783507663645,1.0063540506493747
stream,156,,12.337248937196561,1.0378075607411787
stream,157,,10.527370775556252,1.029224879636112
stream,158,,10.61922722002426,0.8738219395836804
stream,159,,11.026079164505926,0.8727881065525467
stream,160,,14.30358796859259,0.8604378346010229
stream,161,,14.300720564801257,1.0412222436269531
stream,162,,17.4570318090038,1.2129008147647298
stream,163,,18.324292888807214,1.1851340392909413
stream,164,,17.54710951661187,1.130059654556764
stream,165,,18.071482922570887,1.1326880894436553
stream,166,,17.85975931552289,1.12008222720351
stream,167,,18.54249687087591,1.1350119746777618
stream,168,,19.167203937679595,1.1144819707655942
stream,169,,19.551815991523792,1.0664808344186079
stream,170,,19.580736813164187,1.0782363254565848
stream,171,,19.05313907427369,1.0703102520550396
stream,172,,17.72342279869545,0.9622511943303643
stream,173,,17.57475051887148,0.8689733496434142
stream,174,,14.95409844489098,0.7764750007537078
stream,175,,16.03749671829248,0.8294040028377098
stream,176,,16.177506609641686,0.8247548639976656
stream,177,,16.563559795069324,0.8692365290431046
stream,178,,16.21643373476818,0.8812571681660434
stream,179,,16.883860152778087,0.9486510648448241
stream,180,,13.576560581010167,1.0035506783272352
stream,181,,13.587972593435236,0.8236077449470223
stream,182,,9.960248031877368,0.6325778012491619
stream,183,,11.289701050745226,0.6681898218456274
stream,184,,11.334206175508715,0.7342986136079965
stream,185,,11.339674623684617,0.7279508387004971
stream,186,,11.18994605318002,0.7344984384309375
stream,187,,10.534246808684177,0.7279834790461438
stream,188,,9.923549926084485,0.7540667442506828
stream,189,,8.458995430585716,0.754066764857008
stream,190,,9.233154353625523,0.7423112312790735
stream,191,,11.670004219436064,0.7558857468360078
stream,192,,11.257814828160775,0.8672731918796851
stream,193,,11.391614234199942,0.8582425177534176
stream,194,,11.018993831003806,0.8017728114412916
stream,195,,9.683063991453455,0.6853923036587475
stream,196,,10.586861706868437,0.7268214240215969
stream,197,,10.30438101248807,0.6909224582733436
stream,198,,10.445910716915847,0.7053227666835157
stream,199,,9.710885020295073,0.6451412428736933
stream,200,,11.829098125845547,0.7966662655317286
stream,201,,12.794720153344697,1.0408771514173993
stream,202,,13.073773670224229,1.0360444488162637
stream,203,,10.562549962024017,1.012691760745216
stream,204,,10.60871677117739,0.9129822515220477
stream,205,,10.230922087317062,0.8955456242221124
stream,206,,10.365466136348648,0.9131821118841161
stream,207,,10.074179833954194,0.9025079298456062
stream,208,,11.74410183564626,0.9119796525391666
stream,209,,12.89628922293481,1.1134307015016929
stream,210,,12.655497689579931,1.0700787272808345
stream,211,,10.590937003961002,1.1064833478076173
stream,212,,12.376231148407367,1.0765931335485217
stream,213,,12.20129392362193,1.132485820412348
stream,214,,12.074477183832975,1.1324858200278094
stream,215,,12.1954554607757,1.1285434813872774
stream,216,,11.199791199331134,1.0610311716290106
stream,217,,11.32847341688869,1.0748292997379614
stream,218,,11.203042462358983,1.0777622397939255
stream,219,,12.183047334064607,1.1401053474026366
stream,220,,11.087824903161748,0.8993519512320797
stream,221,,11.093080016813387,0.8205394984556355
stream,222,,11.253190690060983,0.8205394852835481
stream,223,,11.37352409894061,0.8027018319038721
stream,224,,11.355516527592977,0.7972363068236196
stream,225,,11.233011101094181,0.7977970731607451
stream,226,,11.757917098548866,0.7784456817088653
stream,227,,11.754529541278316,0.8143609429566139
stream,228,,10.235227853296028,0.7770992051818038
stream,229,,9.060321425308134,0.5756481457287743
stream,230,,8.556284227139384,0.5788699494498233
stream,231,,8.834666447748068,0.5505667917005722
stream,232,,7.054223393375036,0.45115920967778383
stream,233,,7.2381099705953895,0.40708663759166863
stream,234,,7.415696713341988,0.4071987916537074
stream,235,,7.737453635753424,0.4414875265012669
stream,236,,8.03209298875359,0.4860832765592936
stream,237,,7.661703675768108,0.4686303801419381
stream,238,,8.785402578466146,0.4749531056738867
stream,239,,7.300444382751444,0.42078293285815277
stream,240,,6.10759394784347,0.422145076114512
stream,241,,6.507361682341371,0.3121423708485955
stream,242,,6.875188509516322,0.30923387170659394
stream,243,,6.978158013752267,0.3727017265309436
stream,244,,7.455849949426457,0.4099634603800313
stream,245,,7.592718798570634,0.45584927407124587
stream,246,,7.521378405375307,0.45428662576046086
stream,247,,7.510480918216253,0.4343174014234292
stream,248,,7.441481620300822,0.4397829150479896
stream,249,,8.44478363193548,0.45617070116958186
stream,250,,8.450185895976146,0.5039856268658802
stream,251,,8.798856635694044,0.5039856593793458
stream,252,,8.820749777019365,0.547186666269796
stream,253,,10.031985076950214,0.5645199405373393
stream,254,,10.004851846751166,0.5925743366732316
stream,255,,9.534757446241038,0.5612022452652798
stream,256,,9.331625746380622,0.5180012146327831
stream,257,,9.862699143027479,0.5216559829411881
stream,258,,9.248060478762259,0.486179866083255
stream,259,,9.749918163124413,0.47098691556208944
stream,260,,9.946437174029507,0.5392203543810079
stream,261,,8.518252145561492,0.4900031850261517
stream,262,,7.552968231440797,0.4906523109717347
stream,263,,7.363956106679797,0.4144276313763669
stream,264,,7.047175831923701,0.3793137545436179
stream,265,,6.942821437652443,0.3334279463228741
stream,266,,6.872634175828285,0.35734701812130637
stream,267,,7.541891862724088,0.45406277475679135
stream,268,,7.449641375572314,0.48932072230785717
stream,269,,6.458896774752718,0.47064096305684877
stream,270,,7.116385965743423,0.43963050274095317
stream,271,,6.116779447022477,0.4367777587438709
stream,272,,6.0817241407133595,0.39067575520680947
stream,273,,4.907447517185229,0.3862591039781925
stream,274,,4.922473318296341,0.35945470514803574
stream,275,,6.636178316609018,0.3975980284066839
stream,276,,6.597252288392544,0.42693563721661515
stream,277,,6.24944558304108,0.41812047803618524
stream,278,,6.107877768501782,0.4189055666158429
stream,279,,5.672051900651841,0.45148879856058893
stream,280,,6.794680195207246,0.48185142622062854
stream,281,,7.36183815695934,0.47918287610094334
stream,282,,7.6291013933060245,0.5241388592988829
stream,283,,7.585416473837131,0.5349564932821528
stream,284,,7.331600349529564,0.5337942096167421
stream,285,,7.253654401871889,0.5330009842306731
stream,286,,7.2419841059334,0.5069898300539759
stream,287,,6.584185549640301,0.42542068127299293
stream,288,,6.693214321201184,0.39313579439088986
stream,289,,8.806752920236562,0.4395823757997629
stream,290,,8.240325674297582,0.560502975954592
stream,291,,8.951711401222202,0.5938644051612186
stream,292,,9.748870063484835,0.7290894180246312
stream,293,,9.65480572525403,0.7624508305099734
stream,294,,9.505987056216014,0.7765140627735194
stream,295,,8.100093565063023,0.7374973122004224
stream,296,,8.001043414031722,0.717078862995183
stream,297,,8.003717216631678,0.7216628043025077
stream,298,,7.852341389492086,0.7206772196051564
stream,299,,10.903489897939451,0.7345406079435638
stream,300,,10.025990527811558,0.9108031407448727
stream,301,,9.924597344482354,0.9075813506500474
stream,302,,9.70339294948477,0.865486256236089
stream,303,,10.078058943226141,0.8781084094505119
stream,304,,11.792069167078104,1.0257143213806033
stream,305,,12.66257957293555,1.029192377640973
stream,306,,12.217552690090168,1.0345620327668863
stream,307,,14.106113501858509,1.046460427998275
stream,308,,14.977248007778789,1.0411233325386848
stream,309,,13.071874785684017,1.0812228753672266
stream,310,,13.6721280546672,1.0039819408587265
stream,311,,13.021055941555051,0.9847495669429343
stream,312,,12.238444331148253,0.848947482585766
stream,313,,12.642916893449238,0.8214438106141202
stream,314,,13.38854072383772,0.9263813709521548
stream,315,,13.57926150044649,1.0083898036084662
stream,316,,13.86311431274207,0.9970665316086316
stream,317,,13.697492208175168,1.0068992106685912
stream,318,,13.45154582396128,1.0068992067428877
stream,319,,10.880472844580456,0.9883866782344451
stream,320,,10.696042769123071,0.7121659360977582
stream,321,,10.556256485643685,0.7108037854053151
stream,322,,11.777457297545903,0.8147789642494682
stream,323,,11.49425229558409,0.8133753980281906
stream,324,,10.399418894634275,0.6689912700028047
stream,325,,9.685701207293443,0.6720037677588072
stream,326,,9.813364421351112,0.6617061749185333
stream,327,,8.490918778097742,0.6187151516432088
stream,328,,7.511410256124931,0.6285710213910163
stream,329,,7.338616182629111,0.5443168803988598
stream,330,,6.698168466892759,0.4803227276217816
stream,331,,6.6613005159089385,0.4416730663186511
stream,332,,7.076513646579027,0.4475151455075989
stream,333,,6.543425215763205,0.43895688833332
stream,334,,6.861900115955288,0.3467604933113785
stream,335,,6.364170693800722,0.2954843984222208
stream,336,,6.407823204963815,0.30494051099231034
stream,337,,7.830798531747917,0.41376901836512725
stream,338,,8.241585263831345,0.42578966209808344
stream,339,,7.621446026809193,0.4001475502135413
stream,340,,7.37237560406603,0.4026719673688699
stream,341,,7.341461933926923,0.40271206963101375
stream,342,,6.095256413939365,0.342633345685759
stream,343,,6.3552208583292416,0.33544544052265773
stream,344,,5.870161405059079,0.3367036083472769
stream,345,,5.909227064440372,0.3312869867647861
stream,346,,5.987328541774953,0.3311666890000834
stream,347,,6.795944536194342,0.5104605797143246
stream,348,,10.805578952567817,0.8211073125121541
stream,349,,10.83180134028167,0.9577935440491968
stream,350,,11.651913573189793,1.0335213625291972
stream,351,,11.640666088630592,1.06089468002511
stream,352,,11.264451034773366,1.0862241815087952
stream,353,,13.439359229269058,1.1310448913599191
stream,354,,12.342326165210496,1.1869700934857743
stream,355,,12.37592261759945,1.1547315071006476
stream,356,,12.072454675178372,1.164266546826524
stream,357,,10.802970102122643,1.0412538758745866
stream,358,,11.066124336824966,1.0302188207646854
stream,359,,11.478911556944611,1.138991573896265
stream,360,,11.501403282436735,1.1410511107544894
stream,361,,11.191149656912916,1.1412434651504952
stream,362,,11.475562644374163,1.1167799252348543
stream,363,,11.258062797602893,1.129521123064413
stream,364,,11.334687712488384,1.1534094817929101
stream,365,,11.785803915767982,1.193435573508656
stream,366,,11.671468069993276,1.2147117785436328
stream,367,,10.400859496909376,1.057711682926325
stream,368,,6.771862993090889,0.7649025811358258
stream,369,,7.2618479769989985,0.6258040663036782
stream,370,,7.1631074899981995,0.5493788812856377
stream,371,,8.114394847352086,0.6604229318146917
stream,372,,8.286189790423524,0.7184796663730201
stream,373,,6.86037589664751,0.7097209325930802
stream,374,,6.882108777242547,0.6509430189836085
stream,375,,6.855690872852215,0.6505984114983911
stream,376,,6.926330192034109,0.6377858005542737
stream,377,,7.093670581251494,0.6421372845687597
stream,378,,6.831268045040882,0.6892554882730653
stream,379,,6.387747232194076,0.5903555037265793
stream,380,,7.529969032126548,0.6125690629713041
stream,381,,7.586632596386061,0.6237312862368797
stream,382,,7.693737772930955,0.6141310266608886
stream,383,,8.481935448740474,0.5894425137159501
stream,384,,8.529595483693516,0.629307587040371
stream,385,,9.392293403624382,0.7274180813648898
stream,386,,9.245954559097978,0.78030504640006
stream,387,,10.209278634606742,0.7992729630142669
stream,388,,9.833557669587192,0.7962679309784992
stream,389,,10.083886748433114,0.8175441381839885
stream,390,,10.625811816484106,0.8206456401749029
stream,391,,9.840882179028265,0.7067488141446672
stream,392,,9.67584563108753,0.6215029495718537
stream,393,,9.12399190062231,0.5634047523446153
stream,394,,10.296933261499086,0.5486209610340314
stream,395,,10.630234589692162,0.6655835339260594
stream,396,,11.816157798396182,0.6760001410187376
stream,397,,12.018672692672565,0.7799753223177794
stream,398,,11.8080186540381,0.8057704073425559
stream,399,,11.831502783025892,0.8261888908120395
stream,400,,10.690880893074317,0.7994314781753287
stream,401,,10.641613721588316,0.79201922392174
stream,402,,10.3941375371284,0.7899998105730733
stream,403,,9.871955768389252,0.8515897784819562
stream,404,,10.866608484349173,0.7933889520492423
stream,405,,9.760393557705768,0.6587624016302144
stream,406,,10.00496963114849,0.5847195293247697
stream,407,,8.983600843754,0.5606469699833996
stream,408,,10.140482734286014,0.6165722071237352
stream,409,,9.385520763103365,0.6279994984495451
stream,410,,8.27870255036042,0.6266047461899446
stream,411,,8.124736754715444,0.6071330527479029
stream,412,,8.04361475320957,0.6061073452507264
stream,413,,8.547492795801425,0.6244424910556418
stream,414,,7.918543959886321,0.7252096375825329
stream,415,,7.648360875981235,0.6269268179806377
stream,416,,6.942357434140363,0.6522425512116371
stream,417,,7.497644353384702,0.5447573617884729
stream,418,,7.301287632971305,0.5048107580508898
stream,419,,7.7233912181023765,0.48252513573366107
stream,420,,7.9628133237547365,0.4838471854045981
stream,421,,11.2330962046717,0.5519064500437423
stream,422,,11.137337955668183,0.6137845931810417
stream,423,,11.449663923150542,0.5701049181041351
stream,424,,10.549364240809723,0.6194029107908832
stream,425,,16.437798585432944,0.9747762475645273
stream,426,,16.89557321235112,1.0858409836813356
stream,427,,17.15493669213031,1.0720891470377503
stream,428,,16.512099642750687,0.9897204483676896
stream,429,,17.14647529672879,0.9603828646495718
stream,430,,17.48227937319386,0.9582995491930912
stream,431,,17.473144278104325,0.9678828528202216
stream,432,,18.014577836837294,0.9930926252779749
stream,433,,17.34651809319244,0.9981972379817337
stream,434,,17.443399357156366,0.900233937890654
stream,435,,17.854491446541278,0.9533634191562501
stream,436,,17.746018566105572,0.9996069808003712
stream,437,,16.828407148341505,1.0129496908570796
stream,438,,18.316140298443056,0.9815776086096352
stream,439,,17.867922928998237,1.0478492334719514
stream,440,,17.703184709426562,1.0478492260358674
stream,441,,14.423160614738814,0.9846226578077191
stream,442,,17.110686865246628,1.0158988706759688
stream,443,,16.610461881061326,1.0574889622737502
stream,444,,16.8950095480327,1.0362391213817013
stream,445,,11.373659619662126,0.6770750419390079
stream,446,,12.418018351706058,0.5716199163673529
stream,447,,12.875313557460862,0.7510069055366649
stream,448,,13.460829998809713,0.8884943775519881
stream,449,,12.768048112029184,0.9334966177327917
stream,450,,13.69388948192319,0.9941894115824895
stream,451,,13.796954189357834,1.0604780349173095
stream,452,,14.168852334921809,1.1019070989929451
stream,453,,14.152142241598773,1.0968024852644545
stream,454,,13.571707266907172,1.0869466611913707
stream,455,,13.85025274046192,1.0254349927534212
stream,456,,13.390908342948816,0.9588199065302787
stream,457,,13.215819405217943,0.9445154196430543
stream,458,,12.510200439950097,0.9826587323606625
stream,459,,12.935694839336541,0.9826587364903535
stream,460,,13.353532548685495,1.0758137308582316
stream,461,,13.550769119639137,1.06703870984823
stream,462,,12.558614983088079,1.0942629598167024
stream,463,,13.62478044926985,1.280676334271537
stream,464,,13.27210398184558,1.2484859727779039
stream,465,,12.86386250364262,1.2837458516702767
stream,466,,11.126972541481365,1.303217592502485
stream,467,,11.092896442618287,1.1616550410274213
stream,468,,10.087682143496357,1.0357784083374408
stream,469,,10.086372704519833,0.9924584765361646
stream,470,,9.011029101897165,0.9506778676621407
stream,471,,10.246581641625276,0.9861588248733612
stream,472,,13.404332166115383,1.2661271211206502
stream,473,,13.393315821305178,1.3766623866205896
stream,474,,14.257371398804706,1.4216647158312965
stream,475,,14.985791551693016,1.4151171156304245
stream,476,,15.529057895361232,1.409092088583576
stream,477,,15.535606735070067,1.4329967885214716
stream,478,,14.833657541309366,1.3936197744048957
stream,479,,14.523924444498858,1.3193425063090196
stream,480,,13.989808120689524,1.24249444855732
stream,481,,14.6477017702456,1.2706209297976658
stream,482,,13.032974950091873,1.2098868852827058
stream,483,,12.994139112638107,0.9770833476225315
stream,484,,13.497522814069912,0.9727876108329113
stream,485,,13.318202892959286,0.993204168602235
stream,486,,13.51948135844361,0.9679304632784123
stream,487,,12.803601851916174,0.9295296030932034
stream,488,,13.63192655361362,0.9473672560178293
stream,489,,14.011674775863986,0.9447313056297227
stream,490,,13.680569406528804,0.9316612004280611
stream,491,,13.538659236048373,0.832135316523158
stream,492,,9.47760980970411,0.537095673806015
stream,493,,10.047880779710274,0.4290365877481196
stream,494,,10.732367766465272,0.5295242484835385
stream,495,,9.265933306805325,0.6023435718917016
stream,496,,9.826313009739513,0.6422250157202901
stream,497,,9.90187630537085,0.6347964224179202
stream,498,,9.839078814995746,0.6403258781485587
stream,499,,10.869032148574274,0.6942711606900219
stream,500,,10.88930973218672,0.7033995944757013
stream,501,,10.166330677347924,0.6753451659067317
stream,502,,11.583445061910103,0.7118625412332238
stream,503,,12.282299351168074,0.6969973042057261
stream,504,,11.664595729762096,0.7222070986358858
stream,505,,12.609353655092757,0.6762674823567947
stream,506,,12.442576093768716,0.728626308785643
stream,507,,12.429370022246234,0.7312948451490903
stream,508,,11.541154832361682,0.7080963364028555
stream,509,,11.164175696372382,0.7080963468933581
stream,510,,11.135179038243974,0.7036164176872608
stream,511,,9.953155825040383,0.6947624787876521
stream,512,,10.03581808011051,0.6442206835196173
stream,513,,9.686544521861435,0.6442207129425773
stream,514,,11.273582080924038,0.5582310588107862
stream,515,,11.687410492601156,0.6891514563202926
stream,516,,10.87291781581938,0.6344048026461424
stream,517,,10.94582721457915,0.6538696444410469
stream,518,,10.920752114721257,0.6517775127972447
stream,519,,10.311748648746931,0.6077050297798815
stream,520,,12.126660817673665,0.5974957795495442
stream,521,,11.98685527244795,0.6420977097559539
stream,522,,10.399528213067063,0.5360630174209629
stream,523,,9.265063173428238,0.5719782688625414
stream,524,,9.103861288067854,0.5678285437526773
stream,525,,8.863699979763794,0.5813153537699101
stream,526,,8.955764956631391,0.5773968249365281
stream,527,,9.288406839361995,0.5915327261249386
stream,528,,9.240932792773773,0.5989850497867889
stream,529,,9.314022720557253,0.5994173668665101
stream,530,,9.810420201410718,0.6134806000555384
stream,531,,9.839497759967593,0.6476502762662131
stream,532,,12.438960964558325,0.7549649630619772
stream,533,,13.178162177149952,0.9788612608518674
stream,534,,10.23929904707478,0.9999746075948608
stream,535,,15.020435118525917,1.0375372830012488
stream,536,,15.553783424116807,1.1100896152492983
stream,537,,15.886825731235309,1.0753986616786815
stream,538,,16.056143686571552,1.095552091519499
stream,539,,16.124622143175383,1.1505888610097612
stream,540,,14.552922349382591,1.1990686317061963
stream,541,,14.553280485452813,1.170942811185159
stream,542,,15.19201935233468,1.1965848999227746
stream,543,,14.9299551687161,1.1589465961528735
stream,544,,18.16911139049012,1.1630963550267215
stream,545,,21.231828849434443,1.1404416427879653
stream,546,,26.415142821455834,1.0949179995785716
stream,547,,27.9567379098776,1.0949180279117918
stream,548,,30.326876806516704,1.0798692347226297
stream,549,,30.67468848315335,1.2363410194737001
stream,550,,30.233725943417497,1.2552443953469286
stream,551,,30.17740294039419,1.2227896032696308
stream,552,,27.75118432368052,1.122887157230332
stream,553,,27.056938459307272,0.8778348953295898
stream,554,,28.49091833506987,0.8280719806155945
stream,555,,24.013679926576916,0.5862652276167567
stream,556,,23.2006637231378,0.5360066962071451
stream,557,,22.725378538581886,0.5363675900863167
stream,558,,23.486663735464816,0.5595341385178819
stream,559,,23.62816577316424,0.6064850477427742
stream,560,,23.419581997679312,0.5790553188185177
stream,561,,23.417855797214834,0.563044122629085
stream,562,,22.762779815502746,0.5362397572874817
stream,563,,22.54193329368897,0.552828046643302
stream,564,,20.25785561519815,0.5334766039053608
stream,565,,16.335777885141678,0.5664432576780469
stream,566,,11.78881692851498,0.5723016256418463
stream,567,,10.241525023546856,0.5538699494242444
stream,568,,8.26618132031375,0.5540704508626214
stream,569,,7.9273211335045435,0.39672523772274754
stream,570,,7.80237713571164,0.3688870635172745
stream,571,,10.127353763256446,0.4503523851126241
stream,572,,10.161907171018283,0.4615710235119463
stream,573,,10.101743892394303,0.46270071743160723
stream,574,,8.731330721899045,0.49343991939774645
stream,575,,8.155510774869173,0.5260149942791369
stream,576,,8.174214260117083,0.5023747028721117
stream,577,,8.881101905764343,0.5318232407039771
stream,578,,8.403984738914168,0.5753381739769099
stream,579,,7.659763933001636,0.4862670426730458
stream,580,,8.137560583041278,0.4640541456924186
stream,581,,8.393300592939829,0.5221523429196572
stream,582,,8.849896704156793,0.5208302932983452
stream,583,,9.418139948647976,0.6042002160488625
stream,584,,8.635859324170198,0.611973338943482
stream,585,,8.73572758609122,0.5787184743021725
stream,586,,8.24629919425367,0.6027190409385679
stream,587,,7.962498967816098,0.6151876565311459
stream,588,,7.567376587169103,0.6171350066683277
stream,589,,7.836475309301596,0.6264463393859132
stream,590,,9.851241587166946,0.7464489976985629
stream,591,,7.596231117950536,0.7029340499641952
stream,592,,8.694342677367834,0.7131363860601881
stream,593,,8.929781588945875,0.7213819372876015
stream,594,,8.673513268579068,0.687485480450064
stream,595,,8.538586056867924,0.6520094086620339
stream,596,,9.329825803811454,0.6813633016069679
stream,597,,9.370788108125943,0.6503038750361179
stream,598,,14.784426006300464,0.6257425834018185
stream,599,0.9193807777618996,20.776646484485596,0.6005409628321157
stream,600,0.9213124000925615,20.223470219360582,0.8008672946430555
stream,601,0.9227535699448756,20.4037142486407,0.7598611090594194
stream,602,0.9237330208521536,21.299854045972484,0.7649813854589436
stream,603,0.925070649173671,21.99736593180658,0.9278975047526334
stream,604,0.9260139054704969,22.18447813366288,1.060277375114718
stream,605,0.926746516696157,23.424679164446765,1.0746288006949618
stream,606,0.9275524179401077,23.136026994439803,1.1092471082882263
stream,607,0.9281644880857344,23.563235105016297,1.1138868327783245
stream,608,0.9286764226494667,23.89974882593962,1.1115948687861477
stream,609,0.9291322228932111,23.816979154929715,1.1003123619120476
stream,610,0.9293116912972994,22.789701912498163,0.9852138175851793
stream,611,0.9290100091101167,26.847057505732067,0.9710622545772444
stream,612,0.9287802157775565,27.009060454498737,1.330297867926725
stream,613,0.9284783603909379,26.574650293876676,1.415207301340475
stream,614,0.9281191274805113,27.42107985715812,1.406649069154207
stream,615,0.9274713377884056,27.62520706994088,1.4119140926208562
stream,616,0.9266938186750064,28.33068616923635,1.4103501536559615
stream,617,0.9259774786103419,28.182025048179142,1.417490454457094
stream,618,0.9254268002733209,22.55861267054124,1.404580738761015
stream,619,0.925135928880914,19.275434452163463,1.4719025833445214
stream,620,0.9250607748990497,20.019385733698055,1.2787641922158377
stream,621,0.9248570985984378,19.682586506543476,1.2811601695498624
stream,622,0.9246591514987517,19.456720510635012,1.2949120051225695
stream,623,0.9242287029247991,17.95504752581703,1.047463057894806
stream,624,0.9237643703468323,17.592967004212657,0.8988714872639689
stream,625,0.9232363502222203,17.625203312800988,0.9264309462041831
stream,626,0.9226467203647011,17.67439681802256,0.8901685322968701
stream,627,0.922119621478042,17.33608438456513,0.8726278856755133
stream,628,0.9220593456785657,18.135375770758756,0.8889837214528606
stream,629,0.9220454132870562,18.129208183171038,0.9022054612094753
stream,630,0.9220885013648071,18.633220102860413,0.9097229457499374
stream,631,0.9218709811282092,14.527769133167219,0.9449896387947816
stream,632,0.9214744560676962,12.976110014865613,0.5535154392398135
stream,633,0.9213921418728585,13.176270379414627,0.4723322193281324
stream,634,0.9214659659634588,12.505942186296483,0.47110726188711993
stream,635,0.9218255682527933,12.288170383911666,0.471755720332744
stream,636,0.9221764833797251,10.755708887288412,0.44757165537216725
stream,637,0.922442796161774,10.174727633569292,0.44139313776236533
stream,638,0.9226877313530945,9.961177268053657,0.38823100784009473
stream,639,0.9225123642532765,7.655908020018429,0.3408620953644314
stream,640,0.9218948497884729,7.847189020075583,0.3203320715104387
stream,641,0.9211948270190008,7.8241403498044635,0.3469460488857955
stream,642,0.9205927502246649,6.993640205955407,0.32807393820382885
stream,643,0.9192895962915071,6.888123854412485,0.33031768839639647
stream,644,0.9184933344309238,6.883183443242646,0.3345250806104856
stream,645,0.9183274438208044,5.530087424236566,0.2967006398266588
stream,646,0.9184283111664382,5.582540995366113,0.2727815470607534
stream,647,0.9187108806230672,5.447146264400525,0.276747695847779
stream,648,0.9184672214457107,5.402175733644718,0.28988989491005224
stream,649,0.9182581335806547,5.192242526026174,0.2942251092066718
stream,650,0.9178403995973707,4.039067913091687,0.27879099297181015
stream,651,0.9180256473801458,5.818491449323917,0.3386429414861832
stream,652,0.9183945855683168,5.833061710904645,0.37088152634190347
stream,653,0.9190615090498631,6.716690401903642,0.3857141594674716
stream,654,0.9198166697354181,6.857508641683674,0.36604882899004354
stream,655,0.9206612070426234,7.215647900578143,0.4140824616540153
stream,656,0.9218433701226969,7.280378562061574,0.4152603730589155
stream,657,0.9227712898706641,7.270550510783213,0.4237941753996689
stream,658,0.9237994620460093,7.370219408187366,0.4264144626085869
stream,659,0.9234711511704589,7.427981115796185,0.43036623260915063
stream,660,0.9235657510497092,6.6629227057106215,0.43625592643213673
stream,661,0.9229094822366143,6.993736591539036,0.39839201422214304
stream,662,0.9223587287569606,7.467400939296374,0.509649101655278
stream,663,0.9226450708384617,7.554033902474434,0.5386590459715608
stream,664,0.9227144439972742,8.426101279718477,0.5947678876432884
stream,665,0.9224051494104407,9.84338572838211,0.7490362137339376
stream,666,0.9213226062078423,9.929047239012279,0.8258755309457666
stream,667,0.9198767488364304,10.578356238497134,0.8207470883774882
stream,668,0.9182353350870465,9.48998012206566,0.8178141111934876
stream,669,0.9162770238569621,10.631532990535355,0.8395878579688252
stream,670,0.9158525925613064,10.845218560374809,0.8412701807094478
stream,671,0.9148300005774613,9.04755587212908,0.7294917583012103
stream,672,0.914501057057889,9.810538798409338,0.7327291749211186
stream,673,0.9146672557150985,8.815130236950022,0.7159572848197411
stream,674,0.9147261967053293,8.564731311643547,0.7144666776288485
stream,675,0.9156922801216767,8.556927529617234,0.6616655516374788
stream,676,0.9162845521370413,8.491934208095149,0.6698391045810341
stream,677,0.9174057940149324,8.793751364975032,0.6716260622312716
stream,678,0.9181176978047221,8.677153069102909,0.6800408511504411
stream,679,0.9210852856548012,12.56618101364489,0.8154525372232646
stream,680,0.9238376647236258,12.451361276626239,0.9307245754542964
stream,681,0.9262835436689234,12.779813716884947,0.9264933948601276
stream,682,0.928246128817509,11.999457990352818,0.8328653126718248
stream,683,0.9296003628623202,11.917449743315343,0.7861862339753285
stream,684,0.9316920293272799,13.051459099710343,0.8174887235753336
stream,685,0.9335150241078998,12.010388293496446,0.6833738273255018
stream,686,0.9343720278738314,11.886250526638705,0.6274485690235913
stream,687,0.9347026642700503,11.229593910550209,0.627809478389826
stream,688,0.9351737409704513,11.349506902631177,0.6030952925592273
stream,689,0.9357111965693822,10.330152775026376,0.5640290023580434
stream,690,0.9360112998037083,10.407190184232874,0.5668416297066274
stream,691,0.9361495655321233,10.409469598304595,0.5789030295952359
stream,692,0.9361027071126561,10.445471910368118,0.5710165092490144
stream,693,0.9360648182055025,10.486358030903322,0.5701518965561914
stream,694,0.9359516569937136,11.205908178602712,0.6285947072295226
stream,695,0.9360006368361662,11.11020850906252,0.6298284116197488
stream,696,0.9359460645909188,11.37460554541168,0.6541328013978818
stream,697,0.9358460796348227,11.125944451370126,0.6724685920704025
stream,698,0.9358830884507154,11.244419229959709,0.6777404718656105
stream,699,0.9363440046249561,7.540600002997693,0.5234723069574776
stream,700,0.9367325337504144,8.435481472094295,0.4003394057687853
stream,701,0.9374809348960108,8.025262410777032,0.4677972112862855
stream,702,0.9387243356377434,8.46767533814107,0.5151960864884824
stream,703,0.9399024505195693,8.566369325215774,0.5480117023493507
stream,704,0.9411674125419562,7.7194710350615,0.4726047309574177
stream,705,0.9422979226810552,9.352118952994216,0.4507689809618111
stream,706,0.9428968259681229,10.665354169772066,0.4246857479303206
stream,707,0.9430520703338713,10.67007927331527,0.45729153126707933
stream,708,0.9428619796596723,12.169723187753245,0.5369222124451873
stream,709,0.9424171152941306,12.001841055645913,0.5930153565425285
stream,710,0.9417375882170064,13.39912865369916,0.6667563470333749
stream,711,0.941269910634835,13.391342137478704,0.6977186385589328
stream,712,0.9406949892904549,12.633350671513945,0.6712751513043402
stream,713,0.9404052419132968,12.494009174871998,0.6672356925765792
stream,714,0.9410032208744692,11.632791718459403,0.6099225790787481
stream,715,0.9415443251524561,11.565696892553696,0.6121261759578607
stream,716,0.9415892669469238,12.257628844265662,0.651289564085264
stream,717,0.941321508102369,13.873135060123007,0.6232821270203857
stream,718,0.9404098349281567,16.448114191074414,0.6161430653932363
stream,719,0.9404214072842213,15.956031265723755,0.7599507465201663
stream,720,0.9411448112238043,15.250865427290595,0.7612007410241789
stream,721,0.9423045961754403,16.76467217660273,0.7117723144879978
stream,722,0.9434363648199819,17.774187091562418,0.6501824006749298
stream,723,0.944539753784568,18.454819452234258,0.6232088638794133
stream,724,0.9454576288939214,17.396669429124085,0.6652958158566247
stream,725,0.946463373964929,17.280091022204104,0.7790128585740708
stream,726,0.9473221870984343,15.992581207999143,0.9097054051807225
stream,727,0.9479816296603953,16.034578719142804,0.8849842901331846
stream,728,0.9484295679362995,14.463244813649105,0.8105227738392285
stream,729,0.9488696519532422,14.496934583284562,0.7592134583991272
stream,730,0.9490002937685315,12.875616239401133,0.6826598271737092
stream,731,0.9492160590022459,18.226118436718792,0.7111953940698691
stream,732,0.9492200056935437,18.219990200123313,0.8359656431620108
stream,733,0.948465881955402,18.231181831835595,0.8311981003984412
stream,734,0.947534996903501,18.622446326184516,0.8386511085956351
stream,735,0.9470419620373118,19.15108910865449,0.8858897154520153
stream,736,0.946869889881236,18.33974844085802,0.821485248945085
stream,737,0.9470669532446603,17.365283627376087,0.8311568969283788
stream,738,0.9470100101959054,14.759552885683446,0.8711523581982248
stream,739,0.9469065382206748,14.739959544917777,0.7222964537981971
stream,740,0.9470221746729444,15.617168184356606,0.7333315077994988
stream,741,0.9471669944723516,14.946449794370173,0.7108303438635415
stream,742,0.9471922009573376,14.38617185241389,0.7073522748528026
stream,743,0.9472273120514539,15.450173410558474,0.7073522902342164
stream,744,0.9467215297618393,15.345269776992309,0.737905397476235
stream,745,0.9461003546063753,13.466921681900121,0.6212873655726084
stream,746,0.945606282555447,13.676891943722778,0.4910359412368886
stream,747,0.94549605258895,13.901396169288047,0.48279037872903263
stream,748,0.9457804313457977,13.850606584137239,0.48202844305820447
stream,749,0.9464007380743064,14.005379786084287,0.484120526606598
stream,750,0.9474604303919189,13.577456908089983,0.48104346567319695
stream,751,0.9484586882709467,8.264138229540464,0.392047606044892
stream,752,0.9490514070016075,8.419745186377279,0.2735272965633015
stream,753,0.9494243684842718,8.54658796305057,0.27180425271666137
stream,754,0.949385030066536,8.64773172888485,0.27096212905863415
stream,755,0.9494272324715609,7.931928353879835,0.25137888407082454
stream,756,0.9488382178971363,14.954937945506721,0.5244498475739384
stream,757,0.9485159141160122,14.274839943260867,0.8323521349495214
stream,758,0.9478880887723309,14.855718867389152,0.8071404337461702
stream,759,0.9476613718094291,14.754664454881816,0.8158434196575877
stream,760,0.9473885950482533,13.637501097256484,0.8040232826573397
stream,761,0.9478235202192811,13.190040790570219,0.848625251738011
stream,762,0.9479152396840503,13.735004156152682,0.8507085676098126
stream,763,0.9474009255911314,12.742980376592227,0.8473909001155813
stream,764,0.9468759609819624,12.875322877725369,0.8086880328614945
stream,765,0.9465094552739454,13.740665417316862,0.8246992551431255
stream,766,0.9454020096783387,13.442327963958084,0.8474886247822956
stream,767,0.9448530059969128,15.289957382864891,0.9048017326488401
stream,768,0.9437795921239991,17.330722836889393,0.9003945030950985
stream,769,0.9435349338292419,17.830272988113716,0.9027497700547761
stream,770,0.9436840157870396,20.19793655078858,0.9246833092880472
stream,771,0.944638255849601,23.043894528010675,0.9245630113283234
stream,772,0.9450576598561796,23.60476544892973,0.9477615573091762
stream,773,0.9454654140687306,23.68830293735159,0.9591562360221129
stream,774,0.9460331126825673,23.207640671320306,0.956343576914869
stream,775,0.9465780614202389,23.962025506655785,0.9379444716658345
stream,776,0.947632499727195,19.450193371731565,0.6713884943855521
stream,777,0.9484925043098703,21.709044457793745,0.35209150681940315
stream,778,0.9489715866783853,21.038929979654633,0.391845684572744
stream,779,0.94938948392704,23.30319405053365,0.47754768262344527
stream,780,0.9499426938589535,23.86407802934464,0.6731408259144573
stream,781,0.9505039155327073,23.565135610085143,0.6934946838095808
stream,782,0.9509735078862531,22.134926960002424,0.7038085723714951
stream,783,0.9514144799840751,22.01848247560754,0.7213492301641903
stream,784,0.9516096151791202,23.38647434421059,0.6773142947192288
stream,785,0.951851399855961,26.26375611371443,0.6721207051892101
stream,786,0.9518193752884602,28.31141072873049,0.6556220387360341
stream,787,0.9514058344711835,31.08764002302561,0.6146158533285571
stream,788,0.9505432416903737,29.740858758103446,0.6799664742860299
stream,789,0.9495953994125177,31.401467171723347,0.6880278395370543
stream,790,0.9486780780786829,30.725786524238938,0.6657340444401211
stream,791,0.9476128210721703,28.592838717958088,0.8617920993165893
stream,792,0.9466934381489202,28.132813445080803,0.8357809149106541
stream,793,0.9459817144702343,29.247452156148267,0.8986616186224364
stream,794,0.9453911211581953,29.22922806093481,0.9263168944964656
stream,795,0.9470587128848503,29.54464766221071,0.9495385811340562
stream,796,0.9492047372581476,27.379644071982185,0.9331507953871245
stream,797,0.951038692268425,25.32707986790974,0.9692039388485503
stream,798,0.9521218187887923,27.554705392095073,0.9369516083139318
stream,799,0.9524999407909722,25.48976211142139,0.8835344963344849
stream,800,0.9539106660703203,24.939644170676363,0.6925246770174697
stream,801,0.9550311890609329,24.649631025802737,0.6274566941936631
stream,802,0.9558528976763994,25.111364339560726,0.6617384782924796
stream,803,0.9565539805447852,24.379725460547665,0.6496463931505612
stream,804,0.9576101073082057,22.90164294944667,0.6431959219690998
stream,805,0.958556739216988,19.1191412415475,0.6369615851724881
stream,806,0.9597741383420626,17.288414938517707,0.6425630403940935
stream,807,0.9610849595563639,13.003118163962416,0.6560655050998476
stream,808,0.9628431662133344,12.473983735750322,0.5932155135081728
stream,809,0.9639819295218545,10.182507917322319,0.577269459205375
stream,810,0.9644820954617178,9.571811248500595,0.638524852947385
stream,811,0.9648034473193408,9.113358563841311,0.536871777571893
stream,812,0.9648149874951876,9.598700761368404,0.5346681696162818
stream,813,0.9648328039667214,8.354663846734297,0.4692079088573741
stream,814,0.9648904029483969,9.213961448296004,0.4459999585034241
stream,815,0.9648503895422225,11.81814313580775,0.7178741171190888
stream,816,0.9646634297841364,11.448586479308922,0.804577943151474
stream,817,0.9652483094508758,13.461729662656715,0.8152037894016728
stream,818,0.9653734883259895,11.295076143996424,0.838857797389676
stream,819,0.9650302934087119,14.626000024326146,0.9535372779224233
stream,820,0.9646054785049131,15.01399108007736,0.9844300304070879
stream,821,0.9643673908682213,16.739272818614815,1.1047929765768072
stream,822,0.9643526187857043,17.44505235092645,1.063274350538026
stream,823,0.9643392401816241,17.47361738121697,1.129576790662415
stream,824,0.9647469417286386,21.258266381503596,1.2753344264613098
stream,825,0.9651415013430178,21.36415396162105,1.36469125833753
stream,826,0.9653045462437859,21.52014614509309,1.351348600922309
stream,827,0.965280456521597,20.96408269420206,1.321539206045972
stream,828,0.9649826661886578,21.2620513826682,1.3422690578730745
stream,829,0.9648494658794328,21.380097239264177,1.373361659183707
stream,830,0.9644649258349454,20.294105434336508,1.3258085639369759
stream,831,0.9640928648332805,20.137671990530617,1.2330144895866164
stream,832,0.964024465318029,21.306670176180365,1.2661108011280258
stream,833,0.9639000286265557,21.227175606055845,1.3179883227788498
stream,834,0.963118993132752,24.49184679507468,1.4929282456873136
stream,835,0.9616876722006762,20.89713636137122,1.2863013679232558
stream,836,0.9595754397816973,22.384461198433733,1.2347113793194238
stream,837,0.9579673625832302,20.312059187650508,1.280027613861292
stream,838,0.9553536208296077,22.32094775593233,1.3468030787085346
stream,839,0.9522272465477907,20.728774229408707,1.1923857232234398
stream,840,0.9501657393430596,20.553709052763768,1.1831301234987437
stream,841,0.9465932750186106,22.736515084711574,1.1323627574540882
stream,842,0.9440691447660903,21.594596831690815,1.3008709227361197
stream,843,0.9424151482060731,21.571626962893266,1.2265954830391836
stream,844,0.9412463153520222,18.100143502848123,1.1034110662563608
stream,845,0.94058571947089,19.659621195273267,1.1232787769020174
stream,846,0.9401654649885471,19.786386119075594,1.1355387518236784
stream,847,0.9395283456136991,19.892178084379207,1.1718148687472951
stream,848,0.9398310498978437,19.523041606430095,1.1609176587012353
stream,849,0.9401789720126762,20.054595212880315,1.1425186245348466
stream,850,0.9423170508763475,21.12574850290419,1.1276703326044226
stream,851,0.9447325268592864,21.18999898609663,1.1373419507494342
stream,852,0.9469166086188363,19.220983255606587,1.1077794554987404
stream,853,0.9491207115850583,19.84337318876212,1.073884325425
stream,854,0.9504345503772016,15.737788426814197,0.9007313797249382
stream,855,0.9515010368525734,15.866339593287716,0.802429734460542
stream,856,0.9521168064242709,14.266245455001155,0.7712820399485855
stream,857,0.9520900334403168,14.591452123720003,0.7074533638272643
stream,858,0.9523856403204769,15.923746134194394,0.8125125592394502
stream,859,0.9524947929025406,14.033110746096785,0.905667543880613
stream,860,0.9527413498217713,13.804830945482266,0.8802321575816976
stream,861,0.9526816013619661,11.773323389771697,0.8757045640816169
stream,862,0.9527161030748208,11.837311254485083,0.8478337717521227
stream,863,0.952682906457693,12.035728705519166,0.8821626077114756
stream,864,0.9525864668375892,11.706988067619962,0.8668017799703454
stream,865,0.9525130555686923,10.021641901672117,0.7527934405597658
stream,866,0.9522139619894192,9.706970910635164,0.7453016212747928
stream,867,0.9519994908707118,9.984673686313432,0.768356094676486
stream,868,0.9518531368103355,10.162421270861756,0.756463935519564
stream,869,0.9521054964596137,9.485561611928588,0.7431212418754378
stream,870,0.9527654259221602,8.468012470279344,0.7431212467257083
stream,871,0.9536197401120398,8.351873586493495,0.7338099021768573
stream,872,0.9540731303489856,9.188291209394265,0.74065319859874
stream,873,0.9546860905577567,8.581601959857943,0.726252866956681
stream,874,0.9554786250459687,8.556967325140096,0.7173826154995137
stream,875,0.9561200600806093,8.353809666506358,0.7145217350761834
stream,876,0.9560385743065488,10.619891852647417,0.7800728591721143
stream,877,0.9560953563121426,10.32664251268418,0.8083760186919403
stream,878,0.9567135462856244,7.621809561822477,0.6285520512023018
stream,879,0.9571814238185665,8.69477805687176,0.539195292803912
stream,880,0.9573811786585931,12.46055814345492,0.8377135531490983
stream,881,0.9572713003024356,10.565544961662148,0.908447648566306
stream,882,0.9566139187575288,10.76499278104071,0.7643729654483397
stream,883,0.9556886696372009,11.096784383376313,0.7302765862617691
stream,884,0.9549866395504103,11.785803420621228,0.7232565521275979
stream,885,0.9549075231907234,13.830564041913938,0.7316951262757243
stream,886,0.9552460044820276,16.496664614287717,0.7304369726469911
stream,887,0.9555596229835432,16.114897546226544,0.7304369744825728
stream,888,0.9552014918762577,15.906527285460308,0.7455816183079869
stream,889,0.9547538086002118,15.867365443899507,0.7479857491795834
stream,890,0.9554182016400113,17.879697655997948,0.8341871980542548
stream,891,0.9559105422915359,18.250619721634337,0.8574176697154416
stream,892,0.9570219515954937,19.5594972873836,1.4304449042585423
stream,893,0.9581296725585563,19.527952659561965,2.2451897302939643
stream,894,0.9592085653582128,19.673857571721545,2.2443883552454675
stream,895,0.9602515359139872,19.824326752935853,2.242665294896911
stream,896,0.9613500122320473,17.563634796122567,2.180231340491745
stream,897,0.9625473526212102,17.344525278685,2.123994092177656
stream,898,0.9634677667568516,18.14230994516336,2.1166138463603197
stream,899,0.9641914182430902,17.667907270109136,2.123850674673148
stream,900,0.9640950371316191,42759.2516695637,26.53726746047383
stream,901,0.9638411627840016,42759.14819377526,27.30986343750358
stream,902,0.9634537076123273,42758.95507748119,32.34554615196473
stream,903,0.9625589937176922,42758.59283762031,33.000390158784626
stream,904,0.9616259910695838,42757.89720714468,78.46071369463462
stream,905,0.960429297903878,42755.941544578614,79.91775045978515
stream,906,0.9590305545390476,42753.26055146189,121.06563769049089
stream,907,0.9570126364586619,42753.20970822066,124.08781446395317
stream,908,0.9558548555722085,42753.16304151094,124.11862577877629
stream,909,0.9504382493084749,43435.603215153875,132.3935463061732
stream,910,0.9499181663445297,43590.40221608915,138.98742068184018
stream,911,0.9499421640159418,44145.721054883164,143.48564447345876
stream,912,0.9473684859463003,44949.69237400355,143.7670124862866
stream,913,0.9472244844463809,45493.603763291045,143.864976280203
stream,914,0.9455725158556822,58451.52984904899,155.6352324762355
stream,915,0.9432186075305862,58451.40051465966,155.64404759760157
stream,916,0.9542138151374369,58451.38827372764,155.79386856316316
stream,917,0.9476894609758528,58816.198610280684,160.39170653811735
stream,918,0.9364195691379951,58823.61544314371,169.5824914753343
stream,919,0.9245054425268888,58822.985498208356,169.8282768774062
stream,920,0.919693684311352,16589.834148306392,146.10843977594214
stream,921,0.9135193138787236,16590.14561721748,148.36081465692322
stream,922,0.908698250997074,16590.122815551273,151.277353586641
stream,923,0.9064983550489213,16594.074143168204,153.0278889852862
stream,924,0.9022562361959796,16599.30165212268,107.57028974718622
stream,925,0.8973811833595251,16599.212332638563,114.94433682903718
stream,926,0.8883946509733873,16599.04216036363,75.41985984917602
stream,927,0.8804901318874944,16599.2960756744,76.51385893968408
stream,928,0.8918229580404851,16681.00624523971,77.0715911910881
stream,929,0.8924107352154111,16080.314458672225,69.62871574073945
stream,930,0.8927221921414153,15923.568410623066,62.96046004852743
stream,931,0.8941831079006372,15367.8412884055,65.14135528809533
stream,932,0.8964720359503956,14561.749262516725,64.7277603252106
stream,933,0.8972744939413834,14017.944321017501,67.04062387567836
stream,934,0.8972755596630646,1060.2885383256344,57.63311128237475
stream,935,0.9006655399004214,1070.5409876688666,60.25130260414978
stream,936,0.8979741515862419,1100.1941944041396,63.039209995826226
stream,937,0.902801861426086,738.3760415784276,60.32326309124
stream,938,0.9047981391833051,729.4742529888919,53.44316343539458
stream,939,0.9048693821702587,729.835240992098,54.3411454240597
stream,940,0.8969923545420913,777.9284049981399,72.51404034971804
stream,941,0.8991477846641412,1401.846797359321,96.59831953130175
stream,942,0.898103614910432,1402.1150178238329,88.65318999397496
stream,943,0.8958727224854808,1398.3913474703481,92.90690288510962
stream,944,0.8976143335525585,1487.7170662977953,107.65808654629234
stream,945,0.897637983066157,1549.8171543638637,98.95096335326731
stream,946,0.8992514811370464,2065.101530737579,131.26883303535232
stream,947,0.8993736206858235,2069.555591733606,148.9008408000896
stream,948,0.8986730973462475,1992.5127093222118,148.4240755581398
stream,949,0.8993542387692766,1933.6878854876202,150.50600610622965
stream,950,0.9009727773791503,1946.709708021138,150.50903428504273
stream,951,0.9016024305716243,2015.8501640910797,149.6557693260944
stream,952,0.8937129030255996,2015.9282294358484,153.76236306329892
stream,953,0.8926398110954208,2226.2070712350596,156.5681990636608
stream,954,0.9032557168341862,2620.590970926185,155.25948105850375
stream,955,0.9030766912461271,3002.45374263589,209.09842713739513
stream,956,0.9049741237012144,3182.385366876977,208.39705111668206
stream,957,0.904912193146102,3179.9244798895115,208.31481999469298
stream,958,0.9063388909817047,3350.11415861072,208.60344385874882
stream,959,0.8985653900113246,3449.707519068867,207.71015370110945
stream,960,0.8825030675298331,3443.3831988248426,189.59954710875778
stream,961,0.8580524466231395,2819.3654726798027,162.4362089404563
stream,962,0.8573753690688936,3066.722968808022,174.83806928204385
stream,963,0.871923117151254,3126.6156814837277,170.46339796965736
stream,964,0.8616155053456586,3558.242644579698,161.2686812794126
stream,965,0.8390633768480256,3496.399950678384,161.55544581567847
stream,966,0.816005972622823,2981.741740196467,131.2862285113727
stream,967,0.8254707723287181,3155.1288648970276,114.26441914044304
stream,968,0.8195849622372562,3189.730786275557,127.32428296825587
stream,969,0.8048179528033855,3217.9661530074545,124.45350827656011
stream,970,0.7866988696173229,3205.36332961839,125.52041201104834
stream,971,0.7678505219333768,3136.196325836896,153.5135127705566
stream,972,0.7716752258051267,3200.144173069127,154.38945921937068
stream,973,0.7441785909387028,3042.4477315219306,161.21999797855668
stream,974,0.7161865883141336,2648.50310849105,160.3682247272473
stream,975,0.7422230248052288,2605.454471260502,129.57902372369202
stream,976,0.736668017650111,2728.66703861648,171.56350680631013
stream,977,0.744272275037183,2728.2798719601333,176.1554911995635
stream,978,0.7366403129593962,2594.930691661538,174.05526391274947
stream,979,0.7328488544738925,2495.278229447597,175.40986395937102
stream,980,0.7168189391457377,1963.1399194100654,176.16510433154744
stream,981,0.7344246219845487,2155.9800881239403,191.27825144531687
stream,982,0.7359241619942795,2078.1444087278537,203.53519905388245
stream,983,0.7368207200008595,2018.4290363333566,203.1213568556991
stream,984,0.7387191811454671,1492.300589263432,210.65804452985844
stream,985,0.7398992296292618,1492.0983070759473,217.4245072662836
stream,986,0.7398397331482175,1491.4860823091603,214.84842029226786
stream,987,0.7400747037391561,1313.3868066311236,216.2345438363898
stream,988,0.7402228581646131,1274.1029997543476,216.29799553828803
stream,989,0.7387160872955469,1223.0674663358793,218.12212806611373
stream,990,0.7380867615069875,1223.1903780763378,226.62097995136796
stream,991,0.7359144658157881,1289.8640911347818,193.41040173536746
stream,992,0.7316581414899092,1293.8775792626918,193.3697897476082
stream,993,0.7263778571561533,1241.1995687094575,181.01028123957022
stream,994,0.7286478952930907,1322.4048777217868,180.96208534392196
stream,995,0.7267260872831933,1055.2879693398581,155.28881189354547
stream,996,0.7260405659741545,722.7343836311718,114.97296553001196
stream,997,0.7239694402972321,722.6937446086775,112.77676512324673
stream,998,0.7252359686141064,690.4714354093112,120.99744730407221
stream,999,0.7257661325370475,694.5234860027272,121.92281458029308
stream,1000,0.7263892272002018,672.7358500946364,129.39680828260478
stream,1001,0.7273029477027162,479.6983671096044,115.33063412185497
stream,1002,0.7282206100208204,309.8186712315109,92.63051224378998
stream,1003,0.7297803294146189,309.40708226124826,91.01370435084367
stream,1004,0.7253964872062453,309.51098637955306,80.90922946591387
stream,1005,0.7217052211792869,309.45862568931983,75.21028208599823
stream,1006,0.7281700798472733,374.36782413844855,78.39426767761813
stream,1007,0.733195760393162,374.47378527577484,74.84808390207179
stream,1008,0.7333776587759888,448.4941215802835,63.90642666889796
stream,1009,0.7378051239236072,448.37112815300605,69.10639005865805
stream,1010,0.7346003635719756,539.5291026427437,59.78808339088887
stream,1011,0.730768054091242,480.9561263672893,60.827222408664106
stream,1012,0.7309206959463768,585.4560020472113,56.35626586781728
stream,1013,0.7284665389657005,585.4452043551344,55.88087307779792
stream,1014,0.7281283634852234,736.310796638651,64.82631134598435
stream,1015,0.7275490011181341,881.7074641222512,77.57225702697389
stream,1016,0.7266102636423237,881.5147314631149,73.68445774267923
stream,1017,0.7256119193264376,881.4784183478607,71.17352053890014
stream,1018,0.7316900619505987,1182.3990063504875,68.58584743681486
stream,1019,0.7330233152904451,1500.535514255788,91.67320191408291
stream,1020,0.7339355848326646,1500.6674020653165,84.08369445937579
stream,1021,0.7344736800318379,1619.4176113946173,84.12107710807922
stream,1022,0.7351019802611519,1739.3876562065363,83.72696822709234
stream,1023,0.7359024905000617,1739.2368177672888,117.31723347187855
stream,1024,0.7367842743329117,1739.1613131695078,124.0953020395528
stream,1025,0.736839697625868,1739.4085464058794,136.24490847151452
stream,1026,0.7371771238737164,1674.7105066968456,144.49429323975554
stream,1027,0.7369867561580279,1674.925985430451,145.5597846816575
stream,1028,0.7331972867834122,1600.91427330027,143.4726122825493
stream,1029,0.7215039010808124,1624.7996180511266,136.40221393718141
stream,1030,0.737018059993532,2069.8383720302563,164.25903989180011
stream,1031,0.736725355086653,2380.1510263423534,194.87258502725007
stream,1032,0.7365774615693987,2207.7838296770424,194.07692662593698
stream,1033,0.7364263549054141,2207.8778210311793,204.05565330614075
stream,1034,0.7339269649399809,1979.0288639003918,198.8508669533114
stream,1035,0.7324488435727311,1756.1382984364714,187.86576968345324
stream,1036,0.7267910243971735,1756.1283824504726,203.4447053219553
stream,1037,0.72964099647482,1791.4738779268198,203.2147105505506
stream,1038,0.7252983770309103,1525.5706276369647,206.43315123399947
stream,1039,0.7152926149554988,1209.6552554004875,182.94552525827706
stream,1040,0.7241899278806914,1306.8305732101437,186.4663094574212
stream,1041,0.7229189634504161,1243.9282809665426,200.25615076556647
stream,1042,0.7067620302081332,1124.0402673699027,203.546490278991
stream,1043,0.7189148090248699,1317.194898999247,175.3246412334444
stream,1044,0.7181455726230915,1510.4778082336175,176.97042209770245
stream,1045,0.7216411218471507,1510.2268352939604,164.56619611237383
stream,1046,0.724697243012459,1510.060601725774,155.57629019160072
stream,1047,0.7158320586193202,1555.1559940447323,153.69478051779484
stream,1048,0.6912359579170312,1594.376510936826,153.77072763342377
stream,1049,0.7154412719772213,2078.969416630006,178.65745129530933
stream,1050,0.7146004801679222,2020.9803551709074,186.492331738076
stream,1051,0.7220402570938009,1702.5464320124324,154.39807743355635
stream,1052,0.7261119306918866,1703.0573734722857,159.17092292021135
stream,1053,0.7135809177496019,1857.4710148701238,155.34647949641953
stream,1054,0.7130074108861055,2029.893312400864,151.47406493244142
stream,1055,0.6947421659804914,2025.499389067441,156.59612402058963
stream,1056,0.7043899118490988,2228.0022440298617,146.32689906942267
stream,1057,0.7131793501807047,2192.913339975416,151.59798766667075
stream,1058,0.7164680305255792,2380.152443778437,143.81216075402483
stream,1059,0.7193696184013514,2378.4400716370374,144.35346853149508
stream,1060,0.7145988191890511,2364.2146954162567,143.7905724169273
stream,1061,0.710621507956869,2313.374436501422,133.43273243578489
stream,1062,0.7105619265599626,2334.6889135267697,128.76517095770214
stream,1063,0.7113498252159277,2141.593000661577,124.08471779764564
stream,1064,0.7119496073189595,1948.2295770697538,113.75156095324031
stream,1065,0.7128782940240633,1948.2553845793507,112.52164925624504
stream,1066,0.7136125346694415,1948.217725893935,112.45625134863118
stream,1067,0.7148335225446422,1903.1196365404055,113.83713655011331
stream,1068,0.7163135071622624,1872.589980288507,117.57268809194167
stream,1069,0.7173797825271837,1367.100005730507,93.45046596133453
stream,1070,0.7188725903107547,888.8646630603885,58.56013610031404
stream,1071,0.7141789466699553,981.0864758410671,68.16647459914422
stream,1072,0.717174711393378,1078.4415896758971,76.90084385116843
stream,1073,0.7216385766511612,924.0147678123387,70.92716023637658
stream,1074,0.7235896523975113,747.7074826140444,73.67347026362052
stream,1075,0.7222077799090785,855.1579793260072,69.52844337169094
stream,1076,0.7139727057162245,653.3158368356615,67.58881037634366
stream,1077,0.7122877354447176,780.015756633397,60.98622248738378
stream,1078,0.7109788692372464,553.5786182945974,60.07089102600192
stream,1079,0.7051051991369527,549.3353213894504,57.38738955163214
stream,1080,0.7085385429835286,466.57472711478965,54.157928257747336
stream,1081,0.7181268906747614,461.8981502453302,51.19960091698108
stream,1082,0.7185764914423921,520.9255095368268,51.06640903627386
stream,1083,0.7028522529134129,760.3289581554782,51.74191712272595
stream,1084,0.7128180679782001,954.8797940164781,82.15760306537416
stream,1085,0.7133870601091831,1055.2160988121082,82.17166691709193
stream,1086,0.7140726679904305,1055.281213358044,85.81029353782623
stream,1087,0.714215717365336,1055.1969555502008,82.92283964908188
stream,1088,0.7131855372357223,1046.6302955223455,79.47376894487529
stream,1089,0.7144896761255483,1043.8158126816184,80.68799288457981
stream,1090,0.7070504194676799,1043.2358734399156,106.55335356404308
stream,1091,0.7109947366021154,1219.619833628448,97.80121970539969
stream,1092,0.7141348209181226,1146.7980741281774,88.89351117666497
stream,1093,0.7136990453023633,1162.1069589645058,91.6349988839751
stream,1094,0.7138977253688648,1186.3558023563828,91.72281834633631
stream,1095,0.69582415183527,1186.632183975305,97.38450106179006
stream,1096,0.7114673944896763,1716.972470819822,134.64087107261508
stream,1097,0.7037727723549235,1602.539782308328,148.54366779623368
stream,1098,0.7003678574125558,1733.1078896923902,156.10516641415015
stream,1099,0.7021445909905555,1752.023858951935,157.90468198656367
stream,1100,0.7029275292411827,1772.2501254997644,156.48078014026493
stream,1101,0.6973396700962275,1771.9305332832064,155.4544270254777
stream,1102,0.6956683158593832,2003.879327867191,166.6030746439566
stream,1103,0.6789749665511587,1764.5446567590004,175.87662305198117
stream,1104,0.6564785816442302,1613.6706258437555,146.14293449625967
stream,1105,0.6340862193052611,1524.7922454147792,146.46566879318132
stream,1106,0.6387045921648561,1632.620647075077,141.15940459290726
stream,1107,0.6240077154627314,1869.6776126619664,141.0589602359712
stream,1108,0.6113182907949739,1869.8942590689162,140.78211155173878
stream,1109,0.5995884727460801,1869.7199519704463,138.91430664109294
stream,1110,0.5877483194763328,1869.7964563467176,111.98765185512386
stream,1111,0.5770452964641681,1601.1923082825137,113.26642791232453
stream,1112,0.5658784801369928,1576.0091533316652,109.42931667193207
stream,1113,0.5581305579073674,1560.6816495619807,106.63425895668203
stream,1114,0.5507875890212401,1536.60786724119,103.79750100283205
stream,1115,0.5460602368466401,1428.7846876061271,95.81997500870148
stream,1116,0.5435625379261996,897.7750202093325,55.37445212462838
stream,1117,0.5399394600579923,885.2950281165662,41.442927406328046
stream,1118,0.5377187626835535,754.2842791914762,34.80842990991436
stream,1119,0.5341049334818575,734.7479093493083,35.266891229198635
stream,1120,0.5313329363678733,714.2660951356044,37.35868099153405
stream,1121,0.5290877480767069,714.3047527062034,36.747373890089385
stream,1122,0.5251492628854434,402.1507894645187,27.119515970500064
stream,1123,0.5190635038448419,402.00213643942647,16.317721404855757
stream,1124,0.48334129686337823,358.46809507205387,14.577411741459006
stream,1125,0.4679999459181583,347.5155898889482,14.857964649272738
stream,1126,0.45991588050385046,239.8598848301247,15.211955301175996
stream,1127,0.45894814251011146,2.8818019605732363,15.162225497334974
stream,1128,0.48029847013890664,7.057700013333586,15.559595668745821
stream,1129,0.5138454850502775,8.707728465968726,15.472315370656293
stream,1130,0.5425230795115491,8.949572755260233,15.561353954553997
stream,1131,0.5573943361503176,90.31815801659461,15.891618948158087
stream,1132,0.525630968487356,1076.6825461359897,33.11150956931921
stream,1133,0.47684442027935675,1196.3330904862055,48.03622240393838
stream,1134,0.4252774519675236,1211.5776197434504,49.82582254084401
stream,1135,0.4185209185880401,1375.0302773832577,59.667069310906086
stream,1136,0.4272245747464491,1415.0133139691816,61.03273934055955
stream,1137,0.46714878830209267,1480.3725582963202,61.049519332684135
stream,1138,0.4687334930860397,2124.583451664666,59.5845819086342
stream,1139,0.44896133725383014,2124.607495197731,57.329185205624846
stream,1140,0.4429599527753668,2124.5588651601215,55.43724052128334
stream,1141,0.4426501685077584,2127.799680764516,59.17902798280653
stream,1142,0.43967736956621634,2177.6769957220613,58.66901461493795
stream,1143,0.44238923123096807,2178.307598570247,60.86443974931371
stream,1144,0.45382026078763305,2213.0277103501835,61.79940176025297
stream,1145,0.474805243289665,2240.1846158033727,61.19611458047046
stream,1146,0.48977147842314217,2273.2531962285348,63.298604073631125
stream,1147,0.4862138263706425,2289.804995639036,63.2186338220337
stream,1148,0.47310259546366235,2296.340707231533,64.64088779664046
stream,1149,0.48761932395056984,2343.4244163103895,68.5660697248434
stream,1150,0.5114926457616005,2439.8242430046816,78.74083592203519
stream,1151,0.5310371917093912,2361.3677385534434,81.1043577272382
stream,1152,0.5405419735885166,1504.6936098236195,66.34228278537003
stream,1153,0.5401832015891417,1610.9145908466085,51.65415110073814
stream,1154,0.5398370121962225,1595.3517695622413,57.69898309603791
stream,1155,0.5283936395216471,1597.6667482961402,53.39053158516734
stream,1156,0.5333744683212958,1914.9064645445794,89.67982267149469
stream,1157,0.5389400205273667,1852.4411579020762,100.60554724647403
stream,1158,0.5311239748522768,1457.5273250394343,111.60628259753753
stream,1159,0.5166335764147407,1493.0974429720864,115.03243936683162
stream,1160,0.48531389578354184,1507.3971176293953,115.0324392769015
stream,1161,0.48943991898518463,1505.9362665040278,112.2305346841285
stream,1162,0.4832961057006974,1792.9667030629562,121.53567433425614
stream,1163,0.47751366239139476,1792.7280314168565,130.5798119134469
stream,1164,0.475764137725923,1760.6418703157003,129.77337004672393
stream,1165,0.47876982953891395,1741.2296493749247,129.82882348169497
stream,1166,0.4904716934460645,1771.0707239441267,126.46189890363875
stream,1167,0.49154312818483975,1965.2192811610985,127.91754297518936
stream,1168,0.4869055477554074,2359.509360528406,169.55584903636085
stream,1169,0.48808565458607833,2436.3344435901295,168.40609825891823
stream,1170,0.49037307095360705,2713.380568068327,160.58498779690288
stream,1171,0.4691900763319273,2753.584181473333,161.31333711149935
stream,1172,0.4634136420315366,3001.6399321458953,181.9878533439611
stream,1173,0.4644598880653815,2791.278393389557,190.55348432459667
stream,1174,0.46316937537795916,3174.98470699111,192.08929616935765
stream,1175,0.46175505055145666,3009.38866365213,187.31597477484328
stream,1176,0.4608413904765838,2652.209287490872,150.5452043874044
stream,1177,0.4608680959438173,2649.3251301316054,139.5082948410804
stream,1178,0.45762987376384745,2400.0128992122004,142.6784626938584
stream,1179,0.45229028291734946,2389.394573548667,146.6711473629104
stream,1180,0.4581424366894495,2834.578484582148,155.89112575625398
stream,1181,0.4516902928934528,2834.770133136564,169.70330069362456
stream,1182,0.4489114528036162,3316.0016547527707,167.77810778914096
stream,1183,0.4468212107357917,3315.931083854932,156.9458712873324
stream,1184,0.442807578811584,3313.166239933026,156.8110034249752
stream,1185,0.44722738543544643,3305.042182201624,164.32936687352773
stream,1186,0.4382047599477659,3471.6511298168216,177.12999936026523
stream,1187,0.43454865797054876,3289.783085630913,191.2058129419034
stream,1188,0.4387397416216953,3088.8590429933306,150.5991438316982
stream,1189,0.43531493286086487,2970.124114309071,152.30370509798385
stream,1190,0.43486628284007667,2647.3011738502905,152.642142976861
stream,1191,0.4343865868023503,2604.560702925324,147.37923978837313
stream,1192,0.43445425448274005,2226.7718876559543,123.36646017837364
stream,1193,0.4347428234319657,2211.288034600649,114.42750605642803
stream,1194,0.4353225923878926,1827.750075452504,105.54480110307956
stream,1195,0.4366509113786848,1827.8751333351909,104.51234881448663
stream,1196,0.43752453967268895,1880.844076095019,103.95456528280533
stream,1197,0.4414057692379266,1907.67786892029,104.09676207023186
stream,1198,0.4412242322973587,2473.293922447983,102.24554844184343
stream,1199,0.43944523738336416,2450.909555719389,112.82227584310017
stream,1200,0.43863241251815677,2022.8168037065814,105.38155475704338
stream,1201,0.44106354735027065,2160.589939064211,92.16756463928819
stream,1202,0.44172930337660027,1772.7554697379935,84.00426356908551
stream,1203,0.4425592339130504,1772.4623094706963,83.66024609089735
stream,1204,0.44920242482308437,1772.4498037413186,84.27626740527765
stream,1205,0.45154928513322573,1772.375796905019,76.76757615961057
stream,1206,0.45182622837331926,1678.711987756718,80.58888810287874
stream,1207,0.4508336291206141,1793.3167884895192,64.99757165563825
stream,1208,0.4465077791055379,1614.135495560201,72.04772335524832
stream,1209,0.4425491288541491,1948.8818231621049,68.60796478533777
stream,1210,0.4425085061801375,1898.5496287212338,75.40505747103664
stream,1211,0.44409835785723406,1898.213141912238,76.16338548706393
stream,1212,0.44161886694317015,1954.2637603040928,76.6668264118813
stream,1213,0.438374495610209,1954.3766857583255,78.51921975147783
stream,1214,0.4328140374796511,1957.1152060407096,78.07772633379972
stream,1215,0.434764953249654,2156.8440314957334,86.94620947368401
stream,1216,0.4332660796844394,2128.257160261957,89.60395368565008
stream,1217,0.43643987991125,2101.69259568669,89.84796155618159
stream,1218,0.4349181524971682,1629.3167249360436,88.2971142813904
stream,1219,0.43669367195270126,1790.5393151502249,70.679789755348
stream,1220,0.42641263074062047,1784.0305767598047,71.03839766580397
stream,1221,0.4247642423887747,2380.697023300038,72.52014249879983
stream,1222,0.42267962267508963,1950.42700052521,72.66066120157106
stream,1223,0.4213562037614487,1950.4318773173295,73.49337042097244
stream,1224,0.41404706300557476,1950.48110404479,73.68682218999281
stream,1225,0.41151734974939114,2045.7151972188992,83.5131178645805
stream,1226,0.41675328846762216,1911.8574863297426,68.51883454247312
stream,1227,0.43898172060433566,1775.8726884095886,68.56309316693388
stream,1228,0.4314441226120633,2156.9422714548928,69.15851449024301
stream,1229,0.4177538367765306,1836.8741201924477,76.90685512082528
stream,1230,0.40549874697731036,1839.8106265194708,67.61114156291453
stream,1231,0.40259160104255665,1922.2236581823656,70.79872505111976
stream,1232,0.40071728465976825,1923.8408651831164,70.37588473737911
stream,1233,0.3998965145251263,2011.2287416962065,68.61700607183924
stream,1234,0.39665463717754373,2236.238280186276,72.32728357457673
stream,1235,0.39351229461460424,2036.2346474275516,63.4620428856569
stream,1236,0.3913468254837471,2011.7841535125308,60.91782692868377
stream,1237,0.3860941510671237,2011.3970445930147,60.690938661721134
stream,1238,0.38402520192789785,1966.0179395257535,50.27195011469382
stream,1239,0.3817260028911948,1876.9245731680046,58.524335095664725
stream,1240,0.38679982449420075,2004.618239285928,72.45223333811904
stream,1241,0.41811384589766154,1268.459972805769,75.38864812950402
stream,1242,0.427406811212729,1353.9966557049825,77.78644995396712
stream,1243,0.4043978285050309,1575.0783150344098,77.96727301289303
stream,1244,0.38446179357575505,1575.5322882060834,84.41999494772176
stream,1245,0.36878400290947716,1613.8561649538974,78.77945399894618
stream,1246,0.3671413845551291,1864.2683890343985,104.22984981060793
stream,1247,0.37390756446803824,1944.061896914214,106.09002627535715
stream,1248,0.3726178984930723,1539.9698508438503,95.67573085083943
stream,1249,0.3713546371796588,1518.54980916847,86.87453424913522
stream,1250,0.36999821909310737,1514.9823122111554,86.70345106134778
stream,1251,0.36896315803764856,1432.8452630165534,83.34696029158934
stream,1252,0.3672220216439576,1375.3282598568833,84.05067045821377
stream,1253,0.3652861396359588,1287.8382306347864,85.05611223421295
stream,1254,0.36274989928474166,1059.9067917155799,81.61772331178686
stream,1255,0.36144599570516917,1060.55783246382,82.42092252763852
stream,1256,0.3585416313159401,1060.7959186029884,85.55097662138611
stream,1257,0.3514289212968761,1070.6769289939575,86.43787318559832
stream,1258,0.35222279561470293,1120.8180968599613,91.8713760237212
stream,1259,0.3521836777140477,1046.0594326707142,86.68394605791948
stream,1260,0.3481768145402707,905.8189937075128,71.04547106895859
stream,1261,0.34580749501030805,919.7071347877413,65.91430243921609
stream,1262,0.3425178924786157,833.9612880511562,63.11374798292995
stream,1263,0.34038082729933333,612.8996953507676,62.03690690871545
stream,1264,0.33938057090712187,612.4639639913336,56.33043513314611
stream,1265,0.3421809286952724,479.0991419231225,56.66103692280414
stream,1266,0.33818988710521425,340.9546195512068,28.9063691985278
stream,1267,0.3335799395831144,285.48050533806895,27.929483659501113
stream,1268,0.3358982123681528,394.4462666473305,28.405161694524644
stream,1269,0.32840426949666235,429.1263075855064,38.163473310543694
stream,1270,0.3264036132258577,891.6255741769321,42.79805246550654
stream,1271,0.32469384670606216,891.51634245461,43.511879482901804
stream,1272,0.3231836107507341,891.935807569415,43.78042470548644
stream,1273,0.3216156153016909,891.9268148867277,43.40143049061391
stream,1274,0.32016094341627327,891.9455363256642,43.381405015645406
stream,1275,0.3179981448103769,891.7249576967082,42.474825254360105
stream,1276,0.37082597299800896,891.4780398821185,39.026346922592815
stream,1277,0.3990234314170236,882.4032741112114,38.082907464140796
stream,1278,0.39748831342537516,1086.2421414179328,50.036638011378976
stream,1279,0.3724624980217268,1351.3922521270254,46.65117467281552
stream,1280,0.31995440748755966,1353.1093805542148,51.501479724224886
stream,1281,0.322893426721779,2691.7183071911304,56.15177624433533
stream,1282,0.33387212589338927,2691.7816114464795,56.821742309654894
stream,1283,0.32970876900622054,2691.7527588120442,59.74007068449881
stream,1284,0.3338371697352104,2839.8003092052254,60.208296047695455
stream,1285,0.33521309978660246,2856.7292334228546,65.37993129217394
stream,1286,0.34450937364993295,2742.369908674553,65.62826364575356
stream,1287,0.34140477823697396,2926.584104412471,72.10809564482453
stream,1288,0.33537309166424806,2872.7648003251356,75.15496350687222
stream,1289,0.3368637035474386,2838.2123112020436,65.69476988204205
stream,1290,0.3333433900412372,2528.0281771438104,67.92408128472962
stream,1291,0.34633285337477066,2543.4166164571197,68.58215042105991
stream,1292,0.33193663138359925,2785.7695990087427,70.8507558404009
stream,1293,0.3333146101533468,2785.7196169965896,70.22142616229567
stream,1294,0.3497100415339967,3441.981694558041,101.2560242158049
stream,1295,0.3494106349636522,4119.84217850327,119.42493263295596
stream,1296,0.35005649407668266,4120.042236542936,123.41644085237279
stream,1297,0.3592837901805867,4119.232288107157,126.7597112988778
stream,1298,0.3493286730388947,3871.0056349459596,112.10805644746937
stream,1299,0.34621325148542087,3659.052585422742,113.18484104906538
stream,1300,0.3421521308857932,3645.0863330718876,157.1335453077221
stream,1301,0.3457459219347407,2303.695169698314,167.8514127319745
stream,1302,0.34755821563309286,2311.1248306848893,176.76004107173247
stream,1303,0.34792348569781184,2311.114245156489,184.0487208553228
stream,1304,0.33843648836852125,2194.870903097805,185.4362166518798
stream,1305,0.32424486199626584,2206.008321004153,176.20669290656872
stream,1306,0.33282754338042014,2601.8217681907618,206.8932036122245
stream,1307,0.33289486442793326,2446.831914181506,227.17378194227803
stream,1308,0.32862507061298146,2536.6801392172474,225.45314542929302
stream,1309,0.3305239722461655,2583.092151375928,226.80579810500035
stream,1310,0.3293121611925803,2480.5278928491393,227.58582850965627
stream,1311,0.32901304579985285,2467.3810334047844,228.20856460870982
stream,1312,0.3281359153577976,2225.292355764072,225.02467656801693
stream,1313,0.32672573317748504,2225.2751128268337,225.53800397071058
stream,1314,0.32559971718566205,1582.127956090762,196.81111525870412
stream,1315,0.3240828418106826,919.9790385068036,181.14583539566686
stream,1316,0.3223424796195923,919.8175913483303,179.17687930669032
stream,1317,0.3203400045948164,920.0085948481398,176.2709053178099
stream,1318,0.3131318205436876,866.6205144165922,178.348231204053
stream,1319,0.3130136562059653,922.5800784966693,177.34352965201785
stream,1320,0.31307429755848765,922.7026515155144,131.42863601660522
stream,1321,0.3081909495291295,1041.6357740145768,115.25594335258526
stream,1322,0.3071774458045992,1349.5964705572046,118.99911082260697
stream,1323,0.3044912937983192,1697.7290182383454,129.9450323609831
stream,1324,0.3019216923654439,1666.754500331424,126.72364108584053
stream,1325,0.299634899757503,1638.5218005230008,126.2555008663177
stream,1326,0.29650600716908365,1242.5607133336755,97.98444838948896
stream,1327,0.29287347669318636,1181.2547767918884,74.16221893015997
stream,1328,0.285709631525352,1044.6323508350665,80.07053175075585
stream,1329,0.2933003750584326,1229.1386718090762,90.757643091386
stream,1330,0.2910316001864008,1323.5796528238373,107.84060295510628
stream,1331,0.2888500210910005,1321.2090204959238,122.29470465038884
stream,1332,0.2920176335919897,1334.6821770663391,124.30041232285278
stream,1333,0.2932149365832211,1351.5072593550542,124.8607179779989
stream,1334,0.29194892212277873,1340.2098385973752,122.23718960295845
stream,1335,0.2588872672996969,1324.640460180871,119.93934467932972
stream,1336,0.2665036893852106,1818.0432756316516,142.56178915874838
stream,1337,0.2691787673241246,1832.0520266867104,166.77597534236835
stream,1338,0.27546852021705426,1833.5345465859177,162.44592639533488
stream,1339,0.29647753999175497,1744.270259608854,162.64238426030485
stream,1340,0.30146149898985597,2301.176835870157,162.0329093112029
stream,1341,0.29824041596955403,2179.1176502604494,162.0823377171173
stream,1342,0.2996276999499128,1868.6707683568409,149.09236668521305
stream,1343,0.302854725335135,1521.3575825853786,129.73233251850698
stream,1344,0.29717921704838535,1530.4071765576507,130.11097138540808
stream,1345,0.27952522695563575,1536.4071110206717,130.0953992993651
stream,1346,0.29212830807988494,1651.6016166622426,135.68812440944322
stream,1347,0.29186752041600544,1668.1739611539779,139.66379841137558
stream,1348,0.2916355216395312,1704.1028470117553,133.69066165732576
stream,1349,0.2856194371776068,1482.0323519027243,124.08274297085295
stream,1350,0.28215817102611584,1347.5898469920812,100.01441564067818
stream,1351,0.2778345131573319,1347.554373823014,83.1053174858043
stream,1352,0.26106846251357096,1333.6068952320443,84.41214509565566
stream,1353,0.27071833237000614,1670.057360476309,102.00442761934399
stream,1354,0.2571023819538104,2025.1780122478526,131.38121771749155
stream,1355,0.26491639236343056,2388.322450977846,161.02838476198036
stream,1356,0.26315364559625665,1934.8041274598445,159.10254560693778
stream,1357,0.26097875532681963,2077.2522136407515,136.12473435638663
stream,1358,0.25898870041185135,2075.7014325303,135.14085022884058
stream,1359,0.25681579605135807,2082.2156835409723,135.94909390795954
stream,1360,0.25479353470487265,1541.6744648711929,133.52527768942232
stream,1361,0.25396264657441125,1561.0267824072346,133.97468827178514
stream,1362,0.25275959810121396,1584.4251556320123,133.70150936504734
stream,1363,0.25052875780649403,1583.6815255448792,132.8220288209849
stream,1364,0.2529110752574195,1573.87598174971,132.77584968503405
stream,1365,0.2476466884852327,1811.1477321955767,144.94631515589543
stream,1366,0.247290512037337,1952.45983819498,145.07246419701576
stream,1367,0.24431977955803924,1944.9248513694592,137.49771600271285
stream,1368,0.24337219440826677,1910.1193048269456,135.37066260130442
stream,1369,0.2431680907751217,1901.4621236190214,132.77827271535085
stream,1370,0.24440835081605441,1891.8925948634972,132.91373237553984
stream,1371,0.24710197914552898,1892.3249929676135,132.30286639192033
stream,1372,0.25035164930645754,1892.473794206595,130.25431755973835
stream,1373,0.25281557804900756,1539.21192510936,114.26748696513314
stream,1374,0.2486917400128298,1192.7847438368296,85.0104639265943
stream,1375,0.2508540714120286,928.637817875469,61.854806991707065
stream,1376,0.24540745534606348,926.221652642493,47.93256348811889
stream,1377,0.2375817262683385,770.1911352713728,69.50080215194758
stream,1378,0.23233650077675078,770.0316146149461,86.69282602571465
stream,1379,0.22831974916058453,757.7946768915463,85.55830543135768
stream,1380,0.22395790834928306,758.4861804717787,86.1626765672452
stream,1381,0.23135842837990855,780.3376583384642,94.79516237513035
stream,1382,0.23516799765150032,799.5578634388557,96.42665757013181
stream,1383,0.23792739570295887,799.4644893243182,95.4279967537352
stream,1384,0.23894965486605252,799.3260241067007,103.77967336646503
stream,1385,0.23718839227935834,556.2460905007105,100.83772013269409
stream,1386,0.2376466147136079,300.55557950450066,92.24553870892514
stream,1387,0.23112073618018464,291.53126270396166,95.79231087080719
stream,1388,0.2659273057947583,392.1130773066899,110.91714281359465
stream,1389,0.27450440611324234,414.1711397060507,119.1207075049168
stream,1390,0.23300776271784254,668.406532872617,122.86567216818347
stream,1391,0.22230761674889074,760.6882612826624,130.35770495910296
stream,1392,0.23198439747646887,795.6835660766142,130.6522157100664
stream,1393,0.2318515742439644,835.4743209621543,133.3711231380097
stream,1394,0.23246869570871373,824.9252836254251,133.9754762153983
stream,1395,0.21138865695296372,725.4513092506984,127.32574187024495
stream,1396,0.23442693444538382,1012.2201496411349,134.64351595936566
stream,1397,0.23169798584117426,1345.6219091397486,140.20795785288652
stream,1398,0.23401589586344052,1348.6868698386613,128.1119510251235
stream,1399,0.23840065753724812,1337.4691723970225,128.11035643183422
stream,1400,0.22794449515754717,1372.4857753949457,130.04992246367712
stream,1401,0.23335473486132313,1378.6122837786436,128.82665546009724
stream,1402,0.21899382661026384,1343.0785195049632,138.70142815492636
stream,1403,0.22338323914708078,1407.4047220880911,150.6815261514662
stream,1404,0.23102749559590882,1412.1122165532806,143.080906277388
stream,1405,0.2299619021561244,1515.9280667618623,134.14548825639275
stream,1406,0.22936042179394694,1515.192637793843,135.0394697030933
stream,1407,0.20973666914943298,1515.6706132729867,134.23352015374718
stream,1408,0.2258707125560708,1732.14184544188,144.87185659975734
stream,1409,0.22459419488458798,2036.4865910611275,154.00335625319184
stream,1410,0.22084600419238046,1784.1399931648623,149.570035986415
stream,1411,0.21708701128917413,1694.412640922603,142.37034665128294
stream,1412,0.21292212827625945,1658.9287329514564,141.7731053404825
stream,1413,0.2281028277550984,1619.1035433670365,137.70949432270461
stream,1414,0.2034146938869929,1743.9206722807394,138.353669515765
stream,1415,0.19978763146621853,1875.710861773417,158.2696338387524
stream,1416,0.20500255641095066,1551.6921652563615,147.14100747988311
stream,1417,0.21863502015069658,1218.1188002770602,118.2543831685357
stream,1418,0.2145155736851062,1222.8381273651457,113.30597210466948
stream,1419,0.19089017708791167,1227.033920794049,113.30498651632185
stream,1420,0.19051618073391385,1197.4035669397124,110.28958195187433
stream,1421,0.18616820813325174,1142.4932411816326,102.6217851984619
stream,1422,0.18303274418133747,1131.1591035641836,91.13729790949417
stream,1423,0.1829843594630427,1067.0948847633204,79.21828552187895
stream,1424,0.17989873469027537,1062.5640700952488,78.03560593212137
stream,1425,0.19054689037738157,958.4514948984566,77.7701338626138
stream,1426,0.1807738928659952,1095.7816092193088,81.45980710986396
stream,1427,0.19577387238908125,1227.5622763946046,90.63272722282437
stream,1428,0.1751151514630781,925.9755435269849,64.91415459488584
stream,1429,0.17452136546076044,609.2727383390643,49.80874443926962
stream,1430,0.18083997199615878,609.1721172373202,51.84705543005875
stream,1431,0.17016824002348024,702.3424359908832,59.094592899396375
stream,1432,0.183056859596026,798.4835046768944,71.88000778926231
stream,1433,0.16894736464643134,872.1535639250126,82.34901076650483
stream,1434,0.16335016377363448,747.77361305797,83.18344758950879
stream,1435,0.16178564475457544,687.944487356355,63.62165901436118
stream,1436,0.1613862296463861,687.7188223739339,58.58743655366059
stream,1437,0.1590017152456274,687.9420446544716,60.35240465225285
stream,1438,0.15817967263280686,680.7002195647436,89.0682906838511
stream,1439,0.1594292369362154,675.1842086554105,104.02382498469456
stream,1440,0.15851006273341464,655.608176066203,106.54553929376384
stream,1441,0.15774917404898378,668.2333190453708,110.19726214498472
stream,1442,0.16659605299765248,680.3813915017842,112.90198549774189
stream,1443,0.15570109184146402,718.6794589564596,112.89338712387936
stream,1444,0.17004529990197836,762.8825221004781,112.78520457513746
stream,1445,0.15832666535361417,853.6119544866822,113.10942621882181
stream,1446,0.1525377260448875,716.7067591669646,111.25271326014469
stream,1447,0.19345258588906078,679.2402426831671,99.6048567059969
stream,1448,0.15915221146276062,800.3547334490336,102.0182246866158
stream,1449,0.1571493983471313,797.8253684737979,102.97245844692256
stream,1450,0.15008063700568214,1010.0710622381376,111.7206098025822
stream,1451,0.19104502384591493,913.8786412792247,116.52748041544216
stream,1452,0.14594274668209223,915.1733934543379,103.89403244589613
stream,1453,0.15054761058441335,889.5757115823434,101.79461014793922
stream,1454,0.14723098756252492,900.3322564391208,102.13124136716492
stream,1455,0.18905884363284325,839.2397478004258,101.79149231956042
stream,1456,0.14665299380105232,1072.7624757876215,106.5293073051842
stream,1457,0.1517684399762666,1087.056123443215,117.99448809471549
stream,1458,0.16904708630043583,1102.9510878402562,91.24673782261519
stream,1459,0.15909832205145935,1112.9469670180383,76.31344024782145
stream,1460,0.1504427344375054,1580.3971072602765,77.4442775920339
stream,1461,0.15345640665642266,1570.1768700705604,74.24246963593455
stream,1462,0.16568329765959516,1557.8115360696265,71.47217197918478
stream,1463,0.18346898864577513,1527.1093383586262,72.89157006719526
stream,1464,0.1528903208832798,1512.9214723684408,78.39016631008822
stream,1465,0.17185118233428845,1488.7166725377738,84.84413769737576
stream,1466,0.22796389236327794,1493.382071171321,88.58319591758331
stream,1467,0.17627674500669763,1426.8092765939846,88.04272742841256
stream,1468,0.16087836642949166,1307.107053195813,91.56116628032437
stream,1469,0.2440852424086541,1323.449953553939,88.45661451569245
stream,1470,0.19465202480825933,1144.0677622681762,81.57460290583849
stream,1471,0.26115195429988575,1145.480557701573,73.69237792517526
stream,1472,0.18960526459223423,1069.666310820408,75.97421072629993
stream,1473,0.13862377487412372,1039.5453616456336,68.93397459957926
stream,1474,0.28113508201016907,1028.350593018045,66.51437835490805
stream,1475,0.2279683352046431,1061.6452869534035,66.4253071567525
stream,1476,0.1911443118677281,828.6940635077029,63.277230374210156
stream,1477,0.1762574542854907,846.4763424358565,50.49673399001772
stream,1478,0.18746108844750642,926.8448892458097,49.26369059180949
stream,1479,0.2899841040607542,918.7638782270387,51.578787213054596
stream,1480,0.23380319513882544,578.5217296755151,54.55537104216285
stream,1481,0.17107435884199404,586.1631650706528,56.114769836160185
stream,1482,0.16851816425613134,624.7789112343597,59.01912077230559
stream,1483,0.17072666044965162,623.9570562788964,60.29830174111571
stream,1484,0.1676613709349303,595.0031998205584,56.307740403006875
stream,1485,0.16571095638370328,686.5478437927343,52.1008221824805
stream,1486,0.17104391267097033,822.1608614658538,54.17588667763158
stream,1487,0.17884723013146986,862.3329948866949,58.58227679976178
stream,1488,0.22544333646106723,846.1585725825474,57.60210723624142
stream,1489,0.20162692311696911,825.6411647366715,57.48236203044182
stream,1490,0.2591748490299331,819.5263576968088,55.042607777704184
stream,1491,0.16371099264746328,887.1463057872335,57.48363023843541
stream,1492,0.13694322586991453,1125.5535057542047,75.54739662704215
stream,1493,0.14300437010021144,1115.5010452752826,79.0880049061263
stream,1494,0.2731179374047852,1496.0898905803765,86.48194208491559
stream,1495,0.32620169115076764,1451.87062442238,91.43649915901754
stream,1496,0.10980134254579532,1530.757161413787,92.64855768151673
stream,1497,0.24013099072567914,1498.5979683902829,94.63633894798646
stream,1498,0.30618228359914157,1619.1718930034892,102.33466615000671
stream,1499,0.4021277833374313,1647.7730841175048,115.15600628753653
stream,1500,0.1772483994771281,1519.6948708092048,110.16012376727286
stream,1501,0.21640213687420565,1677.9092194983782,115.40511755313736
stream,1502,0.23110069234101088,1654.6553643245807,115.4956772661162
stream,1503,0.42990599833847104,1739.9793137463612,113.9156326494334
stream,1504,0.42353981752518965,1753.1441815583455,113.61128240127353
stream,1505,0.4021018960254046,2485.1853676696132,116.45488855790818
stream,1506,0.42049967672582095,2356.3786330550597,108.9457323910764
stream,1507,0.32210279374933026,2300.991222783244,104.70997886142433
stream,1508,0.3858121698332966,2292.044049649585,100.09797920210502
stream,1509,0.3593326058645424,2288.882428921745,100.20946244856468
stream,1510,0.24096568416185685,2371.9276408462797,101.93856145610742
stream,1511,0.3823749390891285,2354.5548196030772,106.15308374736918
stream,1512,0.40824633434003377,2095.8833638101823,86.8438622056002
stream,1513,0.41155470571513564,2089.3982360435753,80.51974203073938
stream,1514,0.39780459655630124,1709.2954002693657,73.00772003315323
stream,1515,0.4065924723303359,1711.691805730059,68.24360092020355
stream,1516,0.17829924216652193,1646.4918057638465,65.29350729488915
stream,1517,0.15466972078025765,1670.5999152959425,63.80960358487104
stream,1518,0.19012457160807283,1479.405531022758,55.228578039147855
stream,1519,0.30228229035918486,1447.2668053749592,41.125276634517434
stream,1520,0.4043537500616089,1532.44178643627,42.52342856754157
stream,1521,0.1841928166430593,1364.9322688290947,39.25474806065713
stream,1522,0.3877849827611359,1415.7250186816889,37.93512578227571
stream,1523,0.317823863781009,1355.3839029154365,43.464554500011445
stream,1524,0.13135374101822472,1343.0537440974101,43.010185801146235
stream,1525,0.32877421622958836,487.25350741609293,39.564647397798815
stream,1526,0.3500819305978078,475.6673662299585,40.02673422152244
stream,1527,0.24977305773028732,505.0860915253663,41.17129741407597
stream,1528,0.38535165965795454,504.2619904686545,44.89082690133185
stream,1529,0.29050450414975,541.8084203187382,44.78208173243074
stream,1530,0.3682219369653632,599.4729492171954,54.8459950251161
stream,1531,0.36774926237201994,598.8699492029266,52.95528430055708
stream,1532,0.39717604529764905,597.4792741139044,50.77996083840232
stream,1533,0.36706068682426213,598.4464163310155,52.46412269122603
stream,1534,0.12908201452735138,599.1522594233793,52.46777745456405
stream,1535,0.216196753643417,670.5030498258287,56.1829792629167
stream,1536,0.372206447654696,658.8028165183373,59.93035125418885
stream,1537,0.1939174026154917,681.2135171891302,59.06276695988154
stream,1538,0.14043087062438492,710.7459172563273,59.803964100881885
stream,1539,0.12205163842500572,710.8255433214889,60.42104488846819
stream,1540,0.1683701976441986,684.7714684643861,58.511836322129234
stream,1541,0.1670287703769839,755.707384893491,61.637669796566506
stream,1542,0.3866472670705161,688.9968453204311,62.40688964764978
stream,1543,0.2297661021746099,722.3375705756991,55.70268928640184
stream,1544,0.2425209655640078,720.2658645001467,55.32349963713935
stream,1545,0.15184921633534634,716.8594877475284,53.45108221477504
stream,1546,0.3324750915003726,746.74552603339,53.3144438859674
stream,1547,0.36088851150353746,706.9963909570688,52.16642199146168
stream,1548,0.2333614785540209,704.3476931964921,48.196377896739975
stream,1549,0.2919853391439653,674.1552757155316,48.36615367048383
stream,1550,0.26101838951213824,615.0182683076141,41.213099654214034
stream,1551,0.27705924252527714,565.5348784882975,37.15769432811895
stream,1552,0.20318312927857507,666.9959301630632,39.54954086463196
stream,1553,0.2317210591843162,774.5796780911322,52.8207127789445
stream,1554,0.3952703648317935,883.8115984468154,52.8120097945039
stream,1555,0.23564744047709,841.0882005745716,49.81502457691845
stream,1556,0.1722707533809911,850.8840527736936,46.094305340000666
stream,1557,0.12365802298943639,806.5396289293234,46.09430540873755
stream,1558,0.1554852472348218,1459.5753449625588,52.23813166516401
stream,1559,0.42261915212700973,1534.2690711856533,51.18517756390613
stream,1560,0.13549865498176883,1530.555171850151,59.77172860236602
stream,1561,0.11913006234954847,1458.960885062588,57.14635704595103
stream,1562,0.19695932178780576,1461.87019250486,54.85098419426898
stream,1563,0.3241959934622456,1426.507933488784,56.805380532307446
stream,1564,0.34571552485820917,1442.3923954349075,64.91532661654296
stream,1565,0.2912461980016192,1473.5836567730037,76.50628820121108
stream,1566,0.1702446443058592,1443.4864630447285,77.5672678218725
stream,1567,0.22824492503709776,1443.9893518406711,77.55634242514967
stream,1568,0.20628484029204716,1689.5445632837373,88.3996650646617
stream,1569,0.22942907283738342,1695.0570498272336,93.03918640087586
stream,1570,0.2960866064384836,1590.1535095808217,86.80371755325217
stream,1571,0.2820215447760938,1667.6328715001725,86.0942883952472
stream,1572,0.3321895632956855,1573.6411488956578,84.92102488681876
stream,1573,0.2249188125202672,1465.4601501441741,70.0468280611401
stream,1574,0.23846943590260455,1360.7353383426769,70.51898170163275
stream,1575,0.329198759071286,1343.9721904730563,69.6316923644229
stream,1576,0.25262457250075027,1365.5143457057152,72.99900424189693
stream,1577,0.2538218088444036,1385.1317923812342,76.80504231333734
stream,1578,0.3630320168955144,769.5805726060727,70.8866581484476
stream,1579,0.35152035558894534,699.988316649369,75.42237080047505
stream,1580,0.3088370507067569,643.7766678703922,65.76580812805678
stream,1581,0.3339709122823569,706.4297486005167,62.68967434449625
stream,1582,0.36333615329128466,819.6243571805276,62.705276393590765
stream,1583,0.3069522351249187,856.6624487833682,73.59537873741336
stream,1584,0.3094907184252874,843.4873115104576,66.59079750887113
stream,1585,0.3218116268151029,784.0417405609132,54.819892901798205
stream,1586,0.3197898924138283,794.2105190813394,53.07761323076099
stream,1587,0.31892748291611234,792.3106459532022,53.08853879515166
stream,1588,0.3274417049893421,575.4847472987702,43.66099363744638
stream,1589,0.319703657739062,566.8792338156511,40.64653903568873
stream,1590,0.19963137923461335,580.4887092737242,42.21947602745276
stream,1591,0.2842043413010432,521.0659944544428,40.42126597818714
stream,1592,0.24758451306936738,516.6144893394267,39.36051086954069
stream,1593,0.26193695584573945,515.6904414100713,39.51551520317966
stream,1594,0.2653582544642882,510.05163138108475,39.09564832960336
stream,1595,0.23962453978537732,527.1629252906213,40.07752032498884
stream,1596,0.24789784279443242,501.5411899159441,39.121524345390185
stream,1597,0.21668808214972374,479.9988205836286,35.25164127520121
stream,1598,0.2565857561512915,602.7041873986313,44.32796516028003
stream,1599,0.2844741208780028,637.5453658112099,41.605130198220195
stream,1600,0.33013608646983844,650.4636933880272,41.8093293682802
stream,1601,0.24272157026045738,712.1946395991364,47.44118606890822
stream,1602,0.243252853310344,597.7849697294688,50.59825297498183
stream,1603,0.25451317768898785,679.8872935794793,37.79462194495818
stream,1604,0.15173010556670857,677.2181364684602,36.338819271004716
stream,1605,0.14049332040405138,675.9222394803533,36.458108291346
stream,1606,0.19400409622716303,666.7041244505657,36.61918494036058
stream,1607,0.2639997993406048,665.5626112635905,39.317640900494055
stream,1608,0.3300757912381765,652.3970519635851,37.80716144662044
stream,1609,0.2710559848859277,681.2685884522956,39.218818446034305
stream,1610,0.24171012474600423,677.9162505356043,40.85772764163766
stream,1611,0.2541981939088871,666.1217440864621,38.63747310560391
stream,1612,0.3295051505589126,663.512494976555,38.64186821850216
stream,1613,0.2928705304847671,668.6695127289148,39.30569399050438
stream,1614,0.26248808908626,670.7211023496777,39.27590838528299
stream,1615,0.3158058070882889,654.7248917306207,38.32907140633677
stream,1616,0.217158730341854,669.1334336047657,35.855691138463925
stream,1617,0.20119767103153102,689.7897669976202,38.62425882518699
stream,1618,0.2627990856892143,473.8891803971544,28.728901689984315
stream,1619,0.2412194678782485,433.9124683482548,33.506813882684504
stream,1620,0.24861531160369268,555.2953986723813,33.704289262528484
stream,1621,0.23022782594858368,434.2168634786096,29.700678060376006
stream,1622,0.31387725599329613,434.6666741269748,26.33987135732639
stream,1623,0.25483226889836974,287.2836161138006,26.303355202510396
stream,1624,0.24056159214426956,291.21390986719615,26.66960696270615
stream,1625,0.2518663795113842,350.99482618196464,27.76238410328691
stream,1626,0.25245508886384144,350.7185203921638,29.594712488445413
stream,1627,0.2458902499229553,350.8427453449058,26.796863299557653
stream,1628,0.24490504721226788,470.8205555658436,31.07650494006549
stream,1629,0.22345006568333436,438.80395318506334,33.46418642079496
stream,1630,0.1869493467782909,423.625088404329,30.27440898037133
stream,1631,0.2732402023562935,444.3690896177687,31.010812281333145
stream,1632,0.2564908595550483,445.4107277476851,32.95754991204168
stream,1633,0.20916453019593023,439.4239777852697,32.95754991911207
stream,1634,0.22722663580526922,437.478726959693,33.28450047794146
stream,1635,0.2840007435899819,437.0251872557428,33.302744683466194
stream,1636,0.2949250660346736,447.74989196395444,36.3808528443716
stream,1637,0.1933098505574849,428.3465528637526,35.486422478154296
stream,1638,0.32101457652047877,463.59780511179525,36.172977479056954
stream,1639,0.2964207281037931,499.65473891453337,34.23745182471397
stream,1640,0.24713238181959601,366.98546723870516,35.94529149808293
stream,1641,0.2880352618185065,370.65524389000666,32.69474211928539
stream,1642,0.27450022137380603,380.52715412524964,32.751452471962494
stream,1643,0.26770690779680534,378.833463371889,40.7008132355582
stream,1644,0.2818195560486314,374.86547685131194,47.47837874286823
stream,1645,0.21175328242987113,325.43815593507645,46.66829237671047
stream,1646,0.17152112319941584,354.96931669682573,46.568416547332106
stream,1647,0.3336909961857213,355.92641499648136,47.2518137905726
stream,1648,0.18978758446948768,227.5590971111861,43.020300416363014
stream,1649,0.19873822080045667,297.61748581882216,42.06378629371775
stream,1650,0.32784233568816357,297.22153222329496,44.7075382096534
stream,1651,0.16031775983946508,275.38235513067576,43.92560254916121
stream,1652,0.13761070867641267,278.44551381857303,42.3694460735125
stream,1653,0.26892323608467306,293.0455920257864,41.56886022308677
stream,1654,0.12554982807373652,307.5236491110662,41.220370285753766
stream,1655,0.15110347287836584,402.87238199388986,48.9043413871097
stream,1656,0.12971559680370245,369.43643825683574,49.4549754024138
stream,1657,0.12967647626653175,372.6990704508278,47.74384610176233
stream,1658,0.1376636988266795,472.028770621139,54.3551837675355
stream,1659,0.12792951985436393,564.7435537410134,49.08042077268805
stream,1660,0.15022650687952546,562.0423066470463,52.06781923200984
stream,1661,0.16576112841244475,656.172522381785,54.859920908201374
stream,1662,0.30404548848579965,662.0077263353237,56.061418743555706
stream,1663,0.2871751660246446,794.5318313444207,48.24668462790764
stream,1664,0.3175776700831559,795.6345857647052,41.5917297128595
stream,1665,0.3195227129276361,787.6153287418258,41.55360506064441
stream,1666,0.15591184740353595,820.0970268278631,40.30080405418265
stream,1667,0.15574978427159483,835.5832397505101,44.759390206407254
stream,1668,0.17320388767975972,909.4416431586769,45.67280527592285
stream,1669,0.292566566875375,843.5920637353252,45.464960139346
stream,1670,0.18422577357480865,844.4806787627563,43.04923379887329
stream,1671,0.1375389261268381,856.0315144580984,43.674731380427346
stream,1672,0.177198627761617,903.4829892132939,43.23094936591157
stream,1673,0.16751070629357762,976.6901261523493,53.09400419913064
stream,1674,0.16553026996401501,964.1099602419782,57.128362235100376
stream,1675,0.1450900709242435,854.2354727320121,49.518101449413884
stream,1676,0.12830744093728777,897.3232634925716,47.746623829352316
stream,1677,0.13747465272590814,896.9266837055383,48.26649973239063
stream,1678,0.1698153251747912,776.195759738723,40.88470696890947
stream,1679,0.14270424492404019,743.2762642861402,47.45389733282299
stream,1680,0.1243970573557288,755.674934096568,48.71108200357954
stream,1681,0.12163669630868681,666.825083977571,47.69183426752288
stream,1682,0.1127819228440482,655.8928078675073,47.82193135664804
stream,1683,0.12171705474642786,572.9863582238612,51.193969888760435
stream,1684,0.21030462076810555,595.8060929575153,50.862169625965414
stream,1685,0.13247555308957748,664.5929850842887,57.17789345423353
stream,1686,0.11487215028125349,603.4868434462102,57.508857006646075
stream,1687,0.11084367979573269,586.8873929557556,52.33558308723386
stream,1688,0.11839985899827989,691.0003045769039,57.902506054852815
stream,1689,0.20798436768129971,706.9823524164764,56.2335117178056
stream,1690,0.11504185574739423,708.7431853068705,56.30250258921708
stream,1691,0.11362811644252321,771.5051483885188,59.136013711770985
stream,1692,0.12708497028051843,743.5711197878948,59.42519890634199
stream,1693,0.28824987528853835,658.435702832273,51.07966027763263
stream,1694,0.11717551881680623,673.9623472419223,47.044268402270944
stream,1695,0.10530462512456439,722.1842717638015,47.77114400298859
stream,1696,0.12180323102143097,692.6569214477794,46.20283189365493
stream,1697,0.11615751081515434,784.7623896699308,52.02126145823846
stream,1698,0.1200572961356668,878.4710658491847,51.973862528829294
stream,1699,0.11623428494919828,785.7424682849146,50.78119191143015
stream,1700,0.11778699987034097,799.5944261424337,46.20296749944605
stream,1701,0.12594500136650735,791.9815182694663,46.44621561473464
stream,1702,0.0927783314942685,820.3843780016696,45.514277572501484
stream,1703,0.1073394091210081,993.1835113302325,57.0264995608113
stream,1704,0.1321665035126447,1311.264330163554,97.05878389743191
stream,1705,0.18645373769415452,1246.9567719607726,99.08742029399798
stream,1706,0.1733454319408269,1250.6119688624747,98.31709757986384
stream,1707,0.21035086609694068,1250.9983728761174,98.6446155999823
stream,1708,0.0944117388444628,1080.972029018407,92.38456188112998
stream,1709,0.2888148934139979,1261.1706649466119,101.28441588078778
stream,1710,0.15869832634495565,1299.4731523365758,116.20731175906417
stream,1711,0.20642675354487375,1271.46389621742,119.20753535386001
stream,1712,0.24142159860784296,1253.3870941104597,122.16470940619541
stream,1713,0.30310899802879815,1250.8251027460217,120.80541743959306
stream,1714,0.28200730656361783,1308.4234060326307,120.8397061372655
stream,1715,0.16024620310917873,1260.4453935525753,119.94641448255778
stream,1716,0.30208465462577927,1259.763637175121,120.27288716649294
stream,1717,0.27407725862459403,1170.0676489407883,114.41733323160302
stream,1718,0.28379420471173167,1160.801964176479,117.2422910118147
stream,1719,0.3034314903488951,1164.039888645141,113.78424614679903
stream,1720,0.1485586668318931,1149.641823319732,111.96736702083871
stream,1721,0.26639725591031593,1243.2005339582493,116.07392946055069
stream,1722,0.28838489461541184,1207.8833878001176,118.88302543714684
stream,1723,0.2829745963675483,1025.5600440065164,103.89560745874493
stream,1724,0.2206967967726007,684.4767438386236,65.66529800957336
stream,1725,0.14812727843179707,732.7747552152473,57.06156031816514
stream,1726,0.16577207936313462,794.461337759644,57.78719240924755
stream,1727,0.20102743182082877,802.5923067334094,57.87703933955068
stream,1728,0.22547671181215742,798.386307488151,58.93930028154063
stream,1729,0.18079955408270548,597.2777523540091,47.65165587570883
stream,1730,0.2286386014627475,556.3959280675334,33.982611526419504
stream,1731,0.20924950150378796,583.0591738953747,27.192367380956867
stream,1732,0.17156451055495378,647.5430596677033,23.73905474493341
stream,1733,0.21505344504489513,939.1167719066036,26.656344300946277
stream,1734,0.1351282827721568,864.0759191026591,26.708793967538853
stream,1735,0.1342488015438955,863.5352943239059,26.909263732041623
stream,1736,0.14194934100840123,850.6801805745995,26.28325287086626
stream,1737,0.1702534750045137,851.961772556244,26.02369854113153
stream,1738,0.2568114750219149,772.7028658609911,25.14857288555726
stream,1739,0.15530899248593616,770.9094360269121,24.726864755303406
stream,1740,0.13266642097427184,795.0789386905217,25.301897587939294
stream,1741,0.12957338349365463,738.1804761318565,20.257394449340104
stream,1742,0.13374185928323365,738.3121555910898,17.03847430450279
stream,1743,0.1273905919217754,698.7849443502707,17.004945587922474
stream,1744,0.11707234660712292,698.321761675947,15.063481858349258
stream,1745,0.14152480097213885,680.357450462038,16.54169872289095
stream,1746,0.1463858225970067,624.4139791694743,18.054050403376092
stream,1747,0.18145101576674677,624.4656090316564,17.672808088962267
stream,1748,0.25007691863767884,708.7222621508604,21.299350801243804
stream,1749,0.20619150744676346,768.6617492230105,20.947792485185904
stream,1750,0.14777619615101042,1084.4520001930591,21.479588059773413
stream,1751,0.12268391854036766,1004.7606057116935,24.325000326167753
stream,1752,0.1287053796545031,958.1210640586688,24.76565655182118
stream,1753,0.1266656677429412,669.6241196308916,23.28565954254162
stream,1754,0.14673658306836732,683.7410948350594,23.31607610873919
stream,1755,0.14123457673617773,743.6500025471742,23.562488027208587
stream,1756,0.11598451412284667,745.2658781994384,25.115453307317598
stream,1757,0.11281896013564427,754.0628716698367,25.722428483088052
stream,1758,0.13033018191380052,777.9376141288636,23.96686000794089
stream,1759,0.14194597034572867,773.3349870502244,23.924460871155887
stream,1760,0.22040110499363036,783.3045344763029,24.905151318259396
stream,1761,0.15804734759567102,743.701633895063,24.822789307556263
stream,1762,0.18125853216904683,835.875401739031,24.828733465005012
stream,1763,0.22465767921843594,846.527420168038,25.126089459986975
stream,1764,0.23497672070103515,851.2837515410959,26.170780064668868
stream,1765,0.17218230196923576,813.6482768479816,24.729320615477008
stream,1766,0.1812189420388417,802.5827028719721,22.240523379215926
stream,1767,0.13360382950739597,800.148876784564,22.320844503507185
stream,1768,0.15905286985988906,706.8419507648066,17.371008554767645
stream,1769,0.12823478801692195,736.0301728301317,21.522777879660254
stream,1770,0.15836689954165434,428.42267880636393,24.90993559928097
stream,1771,0.1722593578440023,448.0195420997279,22.039160575099014
stream,1772,0.2638291252449019,443.4535579514651,21.577172936395907
stream,1773,0.22790992759533646,490.54998206033724,20.35396367197841
stream,1774,0.25616678741823745,578.5258281820952,31.889307980519984
stream,1775,0.2635489879564118,625.766031232225,42.356553889928264
stream,1776,0.24636858130780878,644.1682212398644,45.91209651365622
stream,1777,0.14067124081089236,647.646661038635,44.95100374490452
stream,1778,0.14271861938277322,736.693297102086,51.99667078436095
stream,1779,0.1955715553982009,780.7100276971167,51.30680451872883
stream,1780,0.2089258808312729,1081.6325845232302,51.7371390881787
stream,1781,0.26606981614008074,1079.3061540740582,52.94916794118621
stream,1782,0.269129412405339,987.1000864993837,53.377032446964
stream,1783,0.26641760392359193,975.9562452956658,54.09734467663533
stream,1784,0.1721404163458693,970.7391663522106,53.11497397793423
stream,1785,0.19856803682660562,977.941244268653,53.34316795772058
stream,1786,0.1457104915834216,983.7435394831233,52.723527429465555
stream,1787,0.13833781865993378,1081.1691022577324,59.02113753588594
stream,1788,0.16791165147908205,1182.8319578996127,59.00082365209222
stream,1789,0.2723022524132189,1093.1718203320402,58.56212770105544
stream,1790,0.18339587497504042,1471.842749516427,53.086560849575925
stream,1791,0.2681333716014917,1461.9280211957155,53.782441158896454
stream,1792,0.22662962185375252,1449.8730168968257,55.10966027982756
stream,1793,0.2085202870710361,1400.1532144477744,56.254868708271324
stream,1794,0.2610213452864986,1316.1393406414431,47.35737807435081
stream,1795,0.20755482414047088,1231.74532467221,37.36996634273723
stream,1796,0.22297744973554137,1212.0108338246985,32.560996736543565
stream,1797,0.16886009249933243,1193.2297434576387,32.90971038012475
stream,1798,0.1304529597044957,1061.901895120585,25.966234767632667
stream,1799,0.2457924239061507,1163.4325074149278,32.225806712159574
