segment,end_index,PW_WTC,E_CCDC,CD2_P
stream,0,,,
stream,1,,,
stream,2,,,
stream,3,,,
stream,4,,,
stream,5,,,
stream,6,,,
stream,7,,,
stream,8,,,
stream,9,,,
stream,10,,,
stream,11,,,
stream,12,,,
stream,13,,,
stream,14,,,
stream,15,,,
stream,16,,,
stream,17,,,
stream,18,,,
stream,19,,,
stream,20,,10.678420711377507,
stream,21,,11.871067817063164,1.1546364609633928
stream,22,,11.860564355517855,1.1788507632488918
stream,23,,11.547958494103234,1.1718959126211008
stream,24,,12.191644851084021,1.2878935532014568
stream,25,,11.802436767091924,1.2766341741480771
stream,26,,10.796707596306021,1.1642493479390619
stream,27,,9.917644870594728,1.0086558932398575
stream,28,,8.499528348077346,0.7715911160709489
stream,29,,8.33261094335392,0.6439337148739571
stream,30,,8.156794603892136,0.5974903740324818
stream,31,,8.92137697820594,0.6186199822030336
stream,32,,7.6357625824603135,0.6406613724477297
stream,33,,8.051936798018868,0.6500559860012605
stream,34,,6.20954632680223,0.5543797261255597
stream,35,,6.393709499213174,0.5543797659735521
stream,36,,6.429098463172277,0.5726240139734584
stream,37,,7.188698399954197,0.6174132990974682
stream,38,,7.249509353510344,0.6361876274438194
stream,39,,6.7794087680794055,0.6221087449572936
stream,40,,7.502774423066839,0.6442665316130531
stream,41,,6.117591333211684,0.5540695555081209
stream,42,,7.377804537797958,0.5338458319610179
stream,43,,8.75186812959143,0.5336296707875234
stream,44,,8.026181090389395,0.4745134049775353
stream,45,,8.14323008985592,0.47531223610817347
stream,46,,8.760442388479504,0.526240691430856
stream,47,,9.712391377500271,0.6518473188253584
stream,48,,10.475413478131188,0.6378567721221692
stream,49,,10.39887431696189,0.6844168005777221
stream,50,,11.308712604149306,0.7008509185564294
stream,51,,10.466681847407635,0.7050614460106019
stream,52,,10.365467886836214,0.6567702102712948
stream,53,,10.269193407545227,0.6065054524457845
stream,54,,11.101275229180764,0.6968209005159295
stream,55,,10.877346988172548,0.7076873550145397
stream,56,,10.868788080569473,0.6909562347080327
stream,57,,10.160593404815362,0.6462628099674609
stream,58,,10.634721179419342,0.6533343229093801
stream,59,,10.829151160077632,0.6472046755512417
stream,60,,10.3531036081974,0.6026879460479875
stream,61,,11.469248456547774,0.5828572557916606
stream,62,,10.351880846651406,0.5372785277948962
stream,63,,8.548087005645751,0.5460040421054204
stream,64,,8.754223744033936,0.5015492788914967
stream,65,,9.482983071265803,0.5459476944077074
stream,66,,9.491574984346698,0.4967579593976017
stream,67,,8.827027172082826,0.37636747309202223
stream,68,,7.683676202084303,0.374108083853715
stream,69,,8.796407595370916,0.32842962126724684
stream,70,,7.932415384511591,0.3386062540921788
stream,71,,8.673014636209128,0.3228431668478099
stream,72,,9.27643673867156,0.4306998091509725
stream,73,,10.16953797669605,0.5628045395793999
stream,74,,11.431664403651165,0.47191203894911327
stream,75,,11.36935997220079,0.5149381032705693
stream,76,,11.395929090751295,0.5128948952307251
stream,77,,12.159106786027703,0.5314605780718473
stream,78,,12.835811227235894,0.6267102269199667
stream,79,,12.658843461866654,0.6552364471563802
stream,80,,14.833463570073553,0.7246836600863753
stream,81,,13.933333603332153,0.7634334966387463
stream,82,,14.500691486272707,0.8050215999357057
stream,83,,16.57088298149545,0.8020648655503335
stream,84,,19.056118808349428,1.0905319605214916
stream,85,,18.31513754790289,1.192896002264073
stream,86,,17.65692868905393,1.19029263180354
stream,87,,18.111155574675863,1.2258113732233051
stream,88,,17.85032414117594,1.275908919532409
stream,89,,18.67347218517651,1.3055478388712987
stream,90,,18.976703369182392,1.294444538374045
stream,91,,18.238923266244033,1.298187050328585
stream,92,,17.61842394591446,1.1907552131548031
stream,93,,16.64342962535382,1.0570865373070566
stream,94,,14.943592200545183,1.0563008157971485
stream,95,,14.994786457123354,0.9823819984983572
stream,96,,14.944059971282936,0.982912089680744
stream,97,,14.107249058426063,0.967135883943558
stream,98,,13.047771231002553,0.8456888987623711
stream,99,,13.04065103727893,0.8248468454685152
stream,100,,11.346384668798134,0.7727980723048771
stream,101,,11.175729940979899,0.7487906096288706
stream,102,,10.934796152152202,0.709969465781385
stream,103,,16.397320398766578,1.2249768363083116
stream,104,,13.707086738091455,1.144416866124543
stream,105,,16.771629150323232,1.1089342350429832
stream,106,,16.74509738788936,1.210700752031974
stream,107,,15.94278222589307,1.1739320042825523
stream,108,,18.83750759718243,1.20797886819949
stream,109,,17.470349826308375,1.371089079865273
stream,110,,17.70701381664769,1.461402751060157
stream,111,,20.06160588268374,1.6842251535694077
stream,112,,23.167929741471486,1.6891762398828152
stream,113,,23.19550327762947,1.879228271373131
stream,114,,23.43972972883438,1.946385932146704
stream,115,,23.4282930623778,1.9569160253793192
stream,116,,23.71839252237634,2.0042240921033914
stream,117,,24.074057877640964,2.0239702824147376
stream,118,,23.91356007727618,2.0457164216388404
stream,119,,24.52884236132103,2.0608610709515727
stream,120,,23.871106296222177,2.052767120994987
stream,121,,23.84656541413681,2.0392108192080642
stream,122,,23.115177922470583,2.040009606458896
stream,123,,16.12316470084331,1.5356995530106554
stream,124,,16.16436209078194,1.3153658294624049
stream,125,,14.108691101722803,1.2404787696976267
stream,126,,14.258014424063477,1.2243960847916724
stream,127,,15.144063671697047,1.2851816499082687
stream,128,,12.207863822964333,1.2334656638736166
stream,129,,11.617042291516254,1.039393216075489
stream,130,,10.981957674784008,0.9335401408773707
stream,131,,8.645202356586655,0.6974940368876612
stream,132,,5.6768046071389895,0.7051651004812314
stream,133,,5.541424366957479,0.5134551975237345
stream,134,,4.801427981737919,0.4473069247712965
stream,135,,5.251226237920351,0.42704003150014985
stream,136,,6.2318693279774795,0.4907935319951814
stream,137,,5.917643500867403,0.4935021679895214
stream,138,,6.08050679815795,0.4793293207853028
stream,139,,5.442052013791441,0.45650049813906335
stream,140,,5.281298433907144,0.4489272150374124
stream,141,,5.400825190831338,0.4517561484767191
stream,142,,5.377260936588836,0.4396810482356981
stream,143,,5.81440943431408,0.49040446282711386
stream,144,,6.4065992147439506,0.5866165222251127
stream,145,,6.749307859676283,0.6833717022447579
stream,146,,6.887340806632443,0.6103100199617582
stream,147,,6.652463613143909,0.5554379678532301
stream,148,,7.359485692722636,0.5244756958911478
stream,149,,8.587347632615193,0.5244757040047844
stream,150,,8.621818814037931,0.5731597964977917
stream,151,,8.605256203644945,0.5754191883104717
stream,152,,11.278113390305908,0.6385203407309867
stream,153,,11.287503199467993,0.6903133952440418
stream,154,,11.52286529297524,0.68927205404893
stream,155,,11.041840896175772,0.6927100099211777
stream,156,,9.789895015725303,0.5826822743584436
stream,157,,9.859731007535357,0.5602274370123643
stream,158,,10.78541939397411,0.6348907183735449
stream,159,,10.783364633543888,0.6526312240641883
stream,160,,13.132261066935119,0.7370086547498633
stream,161,,13.065210861383207,0.8587357154620097
stream,162,,13.096184272984727,0.8595608956692178
stream,163,,12.099694969187826,0.795792417460095
stream,164,,12.063002927147194,0.7210013200467205
stream,165,,12.452726074498678,0.5852594570395356
stream,166,,12.188127805311753,0.6221333523029136
stream,167,,12.316790899404232,0.6371615476935301
stream,168,,11.826670067720539,0.7072683983954738
stream,169,,10.633413972877854,0.7059789386152281
stream,170,,10.762540709596317,0.6625203921108949
stream,171,,11.47401026189956,0.73658580651499
stream,172,,8.678299899460635,0.704954471120778
stream,173,,8.626232719706458,0.6523437478150313
stream,174,,8.369976847575606,0.6568625196783895
stream,175,,8.452823138910842,0.6453700667517969
stream,176,,9.16109269302269,0.6997776705562361
stream,177,,9.044119788518753,0.716967462100711
stream,178,,8.342229396350584,0.6503981579002147
stream,179,,8.405155145061451,0.6554865059400335
stream,180,,6.203314149897117,0.5695376344570484
stream,181,,6.151880626899299,0.4427617365597839
stream,182,,6.245264530243878,0.45044592869117916
stream,183,,7.266364773305792,0.5263931215019492
stream,184,,7.0649210355429455,0.5823778163184367
stream,185,,5.307258861472373,0.5730733070592684
stream,186,,5.324813322547712,0.5229757629156537
stream,187,,4.820120166321563,0.500936306412102
stream,188,,4.861817517388384,0.4546075779000779
stream,189,,4.850807679026014,0.4729965907115615
stream,190,,4.701052580568316,0.4707766864918394
stream,191,,4.321024414526559,0.41810588555401007
stream,192,,4.447149611739463,0.3772357159277984
stream,193,,5.268191275855818,0.43392541420530945
stream,194,,5.865189291371945,0.429959266164345
stream,195,,6.206677008855695,0.4324348162699717
stream,196,,6.281852878907902,0.3741080408528972
stream,197,,6.289560980441048,0.3777827824659636
stream,198,,6.618498429833977,0.3992469099368885
stream,199,,6.764028057161067,0.44521667931419096
stream,200,,7.0742272118291725,0.44469600755405864
stream,201,,7.779877422495998,0.443085100854472
stream,202,,7.649745130375307,0.45822976245353864
stream,203,,6.7267901461463735,0.38025627843065435
stream,204,,6.327283867066592,0.30332992034928336
stream,205,,6.675427562317171,0.316376875460079
stream,206,,6.648380511804415,0.3457282108004884
stream,207,,6.7820468295747265,0.3625026226264176
stream,208,,6.7852200951729404,0.3729160776625449
stream,209,,7.172037097728044,0.40281829589759316
stream,210,,7.155811920749412,0.41024494677124707
stream,211,,6.971378472750182,0.38885032365424915
stream,212,,6.89318924238148,0.38585220451497043
stream,213,,6.0032949705207495,0.3372170029479077
stream,214,,5.3520398637996,0.3391399294167318
stream,215,,5.063394418484883,0.34895566255574667
stream,216,,4.271629411920963,0.3585327086716824
stream,217,,6.260818339710173,0.3913522435723227
stream,218,,7.227402396621584,0.596917184462016
stream,219,,7.5216945814057565,0.6832232190672654
stream,220,,7.02960328092086,0.7158358153144457
stream,221,,6.442803887215509,0.7210049811263058
stream,222,,6.543745465670431,0.6981761271546764
stream,223,,6.4628775014304916,0.7110839595587334
stream,224,,8.39535418294819,0.7650122648803868
stream,225,,10.745946560299904,0.7560912235588478
stream,226,,10.749251984922644,0.8323767976506329
stream,227,,10.393124846743447,0.8121813748481118
stream,228,,12.006798099944337,0.8372284166778652
stream,229,,11.851611800023617,0.9339836306717332
stream,230,,11.989349660529681,0.9580512413791472
stream,231,,11.862556167009757,0.9556076543068935
stream,232,,12.09040074908159,0.9938217258876716
stream,233,,12.286051809294378,0.9858875285045792
stream,234,,12.81249294037837,0.9868330002491452
stream,235,,13.644088094559592,1.0981127587416841
stream,236,,14.049791362431556,1.202482619801118
stream,237,,12.21244459381234,1.1538474185685212
stream,238,,11.681813121898012,0.978867041400308
stream,239,,11.898859719098114,0.9488802922652793
stream,240,,11.91074159494864,0.950735645510128
stream,241,,11.918647802279741,0.949940509269363
stream,242,,15.340292915972107,1.0303442415400508
stream,243,,15.491225732162244,1.1935598264897742
stream,244,,13.563964848573457,1.137588299846579
stream,245,,11.05197349463916,1.141795024085154
stream,246,,11.155055630294413,1.0389475810321085
stream,247,,11.10197348815139,1.0455114824197485
stream,248,,9.875342892336292,1.0129118733184164
stream,249,,9.660891559890512,0.8779048175459903
stream,250,,9.628418993906791,0.8521304293449723
stream,251,,9.605418283686523,0.8529161450569858
stream,252,,9.301785019186765,0.8136607322905263
stream,253,,10.086628048739772,0.84186178942132
stream,254,,10.245420322739639,0.8418617889851311
stream,255,,10.54139692216925,0.7248546315278639
stream,256,,10.960255916530176,0.6132629631044588
stream,257,,10.79243077115245,0.6318512022820785
stream,258,,9.749624856022338,0.5717085339289891
stream,259,,10.344563317100942,0.47100975101565323
stream,260,,11.066753465441982,0.4422786138945564
stream,261,,11.500685481492063,0.5179549803067612
stream,262,,7.978135125388026,0.44620725496178965
stream,263,,8.719286993960674,0.3135987672483742
stream,264,,9.045045740572146,0.39256840406340965
stream,265,,9.229863080450137,0.4491472833201695
stream,266,,9.275427624760617,0.4478239745889876
stream,267,,9.284581482405375,0.4414762378107862
stream,268,,9.67602902286953,0.4716019437730535
stream,269,,9.629663427602049,0.48663012761402724
stream,270,,9.52909527069773,0.4779046129648245
stream,271,,9.527704329055826,0.47720724561503414
stream,272,,10.20519443303162,0.5010774089919051
stream,273,,10.017843256532172,0.5521241653609948
stream,274,,9.59636004829418,0.6457740693641498
stream,275,,8.341919937138615,0.6406049197188101
stream,276,,7.87009487928608,0.6485616510392347
stream,277,,7.927701268578715,0.6564187802892177
stream,278,,10.619896481371507,0.7791549444963722
stream,279,,9.307224721634505,0.8330625903526976
stream,280,,10.912234624213022,0.9116544546350697
stream,281,,10.61451306611952,0.9892631465096351
stream,282,,10.826904310920968,0.9801184222437045
stream,283,,9.975816465141959,0.9353290519560925
stream,284,,10.532450313183034,0.9064945881650162
stream,285,,10.143614840451658,0.8599720605738866
stream,286,,10.01724776215514,0.8593310801875528
stream,287,,10.20366099252195,0.8595077739758541
stream,288,,9.189760956448374,0.8051002051112905
stream,289,,9.617144099460296,0.7883652657368736
stream,290,,11.646294050635712,0.9310245631112016
stream,291,,11.754282688200698,0.9736935704636187
stream,292,,13.53940337354379,1.1088771494796006
stream,293,,12.729469482400257,1.113869607921883
stream,294,,12.643656196718824,1.022024241550406
stream,295,,12.649462329251419,1.0278005019806156
stream,296,,12.760126781627932,1.042828665268531
stream,297,,13.851980347495727,1.1283658320566308
stream,298,,11.106201463106474,1.0114717482395648
stream,299,,11.106231856775253,0.9329213043119579
stream,300,,9.003946852667735,0.849378350368357
stream,301,,8.767836630954424,0.7198920963201731
stream,302,,8.981096434920795,0.7265104673350381
stream,303,,8.99748709522714,0.728514230005426
stream,304,,10.485309356455993,0.7817565159372049
stream,305,,10.430193233465571,0.8770418066532647
stream,306,,10.387509788619086,0.8760324198036539
stream,307,,10.346913766917464,0.8790605835053085
stream,308,,10.856504341110773,0.9128386796190355
stream,309,,10.668123332939441,0.9505885223280491
stream,310,,8.69829794636425,0.8281246467269557
stream,311,,9.559642903762255,0.8008747910180785
stream,312,,8.61925512695842,0.6448266788445552
stream,313,,10.137839942849094,0.7800685810208903
stream,314,,10.264391253652974,0.9175023965535561
stream,315,,11.169100823711002,0.9183858804819616
stream,316,,10.683461648839733,0.9195681502131439
stream,317,,9.693791685224333,0.811822423082891
stream,318,,10.553843060463974,0.8067152468437792
stream,319,,12.333913094201113,0.9908442728993883
stream,320,,12.334838806644218,1.1490804208473873
stream,321,,13.475564177673252,1.1318041355083293
stream,322,,14.013740458374583,1.1250259985826538
stream,323,,13.965865610327825,1.1483624013752716
stream,324,,11.588211240643124,1.0429022499518188
stream,325,,11.585211084366334,0.9305174250010119
stream,326,,11.613851756624994,0.9304854700256984
stream,327,,11.52544455483787,0.9311039343516815
stream,328,,11.935123919285552,0.9291603072224823
stream,329,,11.720030799182883,0.9028804199052844
stream,330,,11.973278482574134,0.9054368291505577
stream,331,,11.010868275263132,0.8970683880552056
stream,332,,9.570068517137013,0.9027882724756484
stream,333,,8.197832637488284,0.6842271466064221
stream,334,,8.125592071361442,0.5415677723517324
stream,335,,9.117252398153344,0.6451200342758259
stream,336,,9.270072855479027,0.6543512208809129
stream,337,,9.367750943175892,0.6779338062493834
stream,338,,8.53795536232222,0.6696256191917769
stream,339,,6.961262343990229,0.48809995782189974
stream,340,,6.806687622438016,0.32904613568983476
stream,341,,6.064020601923766,0.335536726514746
stream,342,,5.3033006786008805,0.33536003280088206
stream,343,,5.695978865003845,0.32033181723781934
stream,344,,6.197444304198944,0.3203318173122568
stream,345,,8.99201483069569,0.568505855255679
stream,346,,9.045000208283025,0.7073662445858023
stream,347,,10.767020809181794,0.7120522548596675
stream,348,,10.623670787149019,0.8843241585298985
stream,349,,10.622537470469473,0.8879989026810139
stream,350,,10.361113389106693,0.8786869079235526
stream,351,,10.363968164204818,0.8760346538965565
stream,352,,10.506335230814921,0.8673091387381248
stream,353,,11.581461488968532,0.868391855511739
stream,354,,11.471141690748459,0.9548933491240976
stream,355,,9.552844875986727,0.8462922386400268
stream,356,,9.591099771374063,0.8108112092692477
stream,357,,9.387326500517366,0.7937191933411624
stream,358,,10.024823557676255,0.8941792470582584
stream,359,,9.826167971250692,0.8988127105178083
stream,360,,9.923873170897709,0.9045814596418197
stream,361,,9.545519458518944,0.9013390136931404
stream,362,,9.780219604604039,0.9277655864236031
stream,363,,9.360960466199645,0.9427937704784591
stream,364,,9.259902976009753,0.9567034385766419
stream,365,,7.90443567658011,0.8561735701715691
stream,366,,11.10237785865214,0.9708439542220825
stream,367,,9.527078528309557,1.162378989690199
stream,368,,8.780075536588912,0.970699253695457
stream,369,,10.034178716620074,0.970699192102665
stream,370,,9.983767256646503,1.0021689447474067
stream,371,,10.698784975089259,1.0164320341839077
stream,372,,10.69959785950235,1.0194376759622894
stream,373,,9.548345819379335,1.032853039723488
stream,374,,9.502751360442803,0.9477462802364537
stream,375,,9.82660993838081,0.9477462912768471
stream,376,,9.954170631122183,0.9901426975006719
stream,377,,9.904050581398216,0.9915562452232143
stream,378,,9.391733699832871,0.8976976233458867
stream,379,,10.001430275087356,0.9309305523793198
stream,380,,9.83491874188672,0.9464116520640469
stream,381,,10.08846835500421,0.9486634951929076
stream,382,,10.081540373813061,0.9250263996219584
stream,383,,10.083053966246164,0.9118572473944625
stream,384,,9.923115881362515,0.9090471743249317
stream,385,,8.46148812085871,0.763141713540148
stream,386,,5.2084946662991065,0.5097312422699469
stream,387,,5.181118041658246,0.31159476550491166
stream,388,,6.669502076435634,0.32058913608534356
stream,389,,5.679985902055694,0.31550085014894325
stream,390,,5.797133767128302,0.29723399808325685
stream,391,,5.936586187369511,0.29491824708257536
stream,392,,5.7033580622627085,0.3121080556494895
stream,393,,5.632789315368212,0.2965686280472959
stream,394,,5.964068756731048,0.31904411896748824
stream,395,,6.0317016037805775,0.31659109655995477
stream,396,,6.236100436359219,0.2754841500419379
stream,397,,6.525955967296031,0.2552887277392159
stream,398,,6.4397280028170805,0.24659518473682207
stream,399,,6.766709089994734,0.30011012949243954
stream,400,,6.780541456431203,0.30273050516301403
stream,401,,6.468665273057448,0.28662153923496786
stream,402,,6.724645089969193,0.30486580484615555
stream,403,,6.863423272285241,0.3270744237597293
stream,404,,6.654220493554894,0.3298845445105399
stream,405,,6.988549589918521,0.33689577389203756
stream,406,,8.470399917672957,0.44838221320811306
stream,407,,8.842393886910104,0.5916973102554995
stream,408,,9.19645099172823,0.7023810601722901
stream,409,,8.917765884054106,0.7339128765628964
stream,410,,8.911364498138038,0.7102757701560057
stream,411,,8.50938277819336,0.7565518405101423
stream,412,,8.778460674936651,0.7812660206346775
stream,413,,9.093075935123132,0.781818643850311
stream,414,,9.347239489347892,0.7583412760446108
stream,415,,8.953026107686304,0.7700799179149325
stream,416,,8.432605041956423,0.7697923234705726
stream,417,,9.158851959948082,0.8282394013056551
stream,418,,9.90658038676279,0.964351739827552
stream,419,,9.508717721199556,0.8720249192753747
stream,420,,9.521076147340118,0.8604459552326357
stream,421,,10.157269376913204,0.8789590716841824
stream,422,,9.569471024609975,0.8664346794530446
stream,423,,10.05413978280442,0.8558049711897189
stream,424,,10.155865058655253,0.9024232792761561
stream,425,,10.25324702186264,0.89603048843022
stream,426,,11.338458798881918,0.8127451384654276
stream,427,,10.881756202363798,0.8194764617975254
stream,428,,10.450302526840776,0.7072024082678305
stream,429,,10.690526996031826,0.7866702823890517
stream,430,,10.586137351969642,0.7881834238191985
stream,431,,10.45081948548181,0.7419073534650619
stream,432,,10.305448818417128,0.6983924731990777
stream,433,,11.428877097230487,0.730484471058879
stream,434,,12.410020394738526,0.7330972547834179
stream,435,,13.512040435766808,0.7216236626491471
stream,436,,13.600936289570367,0.7299262831778397
stream,437,,12.621378557932331,0.7028137079254588
stream,438,,12.097721113825576,0.5700904382422965
stream,439,,11.625613740202061,0.5831543160719521
stream,440,,12.465818843076251,0.583154338793317
stream,441,,11.82545408101832,0.6007764350692446
stream,442,,12.002784890310009,0.6024831714567116
stream,443,,11.803662736771155,0.639533860245193
stream,444,,11.938026618235108,0.6504021953690746
stream,445,,12.065052986744375,0.6535337298625125
stream,446,,9.505900884480997,0.6535336953776025
stream,447,,9.405639823664268,0.5038387702012206
stream,448,,8.449513208094206,0.5001640285420077
stream,449,,8.438417966050588,0.37490124909487504
stream,450,,10.63836549610684,0.5158217059006468
stream,451,,11.179766405991852,0.6996162294088635
stream,452,,11.508372973947218,0.7027402513270055
stream,453,,10.292133613155457,0.6735166517686745
stream,454,,10.099770605138847,0.7845782177295695
stream,455,,10.370042344315001,0.9762880356874216
stream,456,,10.35330561367955,1.0431316523782779
stream,457,,10.469162919579698,1.0128384911112716
stream,458,,10.679399795482537,1.0165884808673424
stream,459,,10.674422206146419,1.032383519056587
stream,460,,9.797874958001458,1.0323834963352223
stream,461,,9.850691267320386,1.0003347582017816
stream,462,,9.611783231086209,0.990720181742055
stream,463,,9.333584378784208,0.9363631999465251
stream,464,,9.065976945877532,0.8750062542679186
stream,465,,8.615893188653661,0.8692300010888311
stream,466,,8.61579179105382,0.8552112178530347
stream,467,,8.9732179848363,0.8561567015602973
stream,468,,14.944556723072942,0.9881315990439746
stream,469,,14.710422059605444,1.1997963196226444
stream,470,,13.233565585521061,1.088856955743457
stream,471,,14.054868686771002,0.8966508324388353
stream,472,,14.390323620214668,0.9008575566774103
stream,473,,16.838651000785195,1.1170391023680792
stream,474,,15.445958325898062,1.1145787043019817
stream,475,,14.254612515038707,0.9224440793107036
stream,476,,14.168197404759901,0.8475854365355148
stream,477,,14.269887817827847,0.858835378877577
stream,478,,14.464712137784861,0.926192279375633
stream,479,,14.650739500576604,0.9451714318473389
stream,480,,15.99322161372194,0.9595229071429104
stream,481,,16.156404750008253,0.9671939401614874
stream,482,,16.886935554754302,0.9721450302127594
stream,483,,17.026009058522583,1.0401090955179888
stream,484,,17.610578814925937,1.0304944988858165
stream,485,,17.503316927227402,1.047881632090927
stream,486,,17.51671463749183,1.0376185322260731
stream,487,,17.404413282817384,1.0506635954075907
stream,488,,11.525724649351943,0.9042620249619205
stream,489,,12.672461799180883,0.6938473107129074
stream,490,,12.05440655665481,0.7488527884452714
stream,491,,10.43237902332764,0.7530895753831504
stream,492,,9.965596767064543,0.746839619615528
stream,493,,7.305065771674833,0.5499888525600727
stream,494,,7.267430689905168,0.44085758346097403
stream,495,,7.113542789164355,0.44046472170170836
stream,496,,7.115205201369344,0.43890270167010537
stream,497,,8.250618255685914,0.47529546808255896
stream,498,,7.547974688377389,0.4334121417100925
stream,499,,7.293067853452552,0.38478083605739927
stream,500,,6.134887617229243,0.363363659056708
stream,501,,7.634660348159786,0.4469948332421356
stream,502,,7.546680667894783,0.6187442265626855
stream,503,,7.265121190388775,0.5680864548401389
stream,504,,7.172421068366751,0.5955901373577737
stream,505,,7.228865440554481,0.6160636743047057
stream,506,,8.350704445112335,0.681864164376699
stream,507,,8.86757888488789,0.6656142284907791
stream,508,,10.99634142594622,0.9222391924505826
stream,509,,10.43877412506769,0.9447918184917556
stream,510,,10.604864529220903,0.9346545898556627
stream,511,,12.965778302341256,0.9601808619215138
stream,512,,12.646279525305555,1.0342462841005653
stream,513,,12.645993084208863,1.0117106475947837
stream,514,,16.603129192921383,1.135394288411945
stream,515,,16.803779247750374,1.3597675801334086
stream,516,,17.721667598391104,1.3730870915503688
stream,517,,17.836919076695935,1.4904925417442738
stream,518,,21.03122750747624,1.470139239484587
stream,519,,21.603757415128943,1.4997913939845768
stream,520,,24.30504252206247,1.5241333341477752
stream,521,,22.586712104225413,1.5506333887652295
stream,522,,22.306732485770862,1.381840764263555
stream,523,,23.314642178592305,1.360446110062335
stream,524,,22.822389706490235,1.3699423094158745
stream,525,,23.373852243248116,1.3403842648277773
stream,526,,24.124885886327426,1.2932960722743527
stream,527,,23.76561850920057,1.3257244600603708
stream,528,,21.194528668715858,1.1061200140561422
stream,529,,20.620875098273846,1.0874959703699574
stream,530,,20.38575651434727,1.0185601276928593
stream,531,,18.08172216199473,0.9962819996256441
stream,532,,18.68458170944008,0.9312335114615564
stream,533,,18.681295907728796,0.9497992218765199
stream,534,,15.585765460243408,0.8491004762621928
stream,535,,18.201296111386927,0.6344245512470001
stream,536,,17.405884653556782,0.688174301079378
stream,537,,16.873546836618438,0.5892743114354082
stream,538,,14.242651710002876,0.7331290253342695
stream,539,,13.816671694617261,0.7042700879525577
stream,540,,11.024897875199798,0.6749187526677254
stream,541,,11.029510534625302,0.5519003394212008
stream,542,,10.865176417134585,0.5484003800256365
stream,543,,9.860060100959696,0.5546503544055361
stream,544,,10.30797231413497,0.5370282197306535
stream,545,,9.746293981524067,0.556898384988806
stream,546,,7.849678552063506,0.5407105146891859
stream,547,,8.364284745307753,0.5215058020557269
stream,548,,10.1146685960474,0.6668266834569506
stream,549,,10.093161350474237,0.722433657984834
stream,550,,10.087283050523919,0.7141254420221389
stream,551,,10.06984161709381,0.7057570097461338
stream,552,,9.487076591124522,0.7023190146406462
stream,553,,9.479073579152832,0.6837533012245305
stream,554,,9.799835033814896,0.6896274039481972
stream,555,,7.14561951442724,0.7038002627872618
stream,556,,7.053589542185811,0.6376520413362808
stream,557,,6.267395999881512,0.5869285755951381
stream,558,,5.918712249427046,0.4313352113736187
stream,559,,6.273297632332343,0.43133521137361874
stream,560,,6.1711749683333,0.4538708479349772
stream,561,,9.024095640168516,0.542823561966628
stream,562,,10.610755858497441,0.876374782369144
stream,563,,11.747529874525561,1.0679098877444417
stream,564,,11.385143387622986,1.1061615915417689
stream,565,,11.634853799681036,1.092133511572307
stream,566,,11.647015211541802,1.0960019031292354
stream,567,,11.163842964181795,1.1092047702607404
stream,568,,9.252825996408015,0.9388859454932181
stream,569,,9.342910374700809,0.8746229712850907
stream,570,,10.77696828067695,0.8991416534869096
stream,571,,10.86156021409858,0.9763313462466562
stream,572,,11.264267071823312,0.9978444012425431
stream,573,,11.77070879690436,1.0543178913530102
stream,574,,10.567873565020733,1.0622388057932715
stream,575,,10.390931280309056,1.0391862549223898
stream,576,,10.560048717554634,1.045315942756852
stream,577,,12.693191021176522,1.1849960558923545
stream,578,,12.6514541780814,1.3168770790926514
stream,579,,12.296817058829685,1.314401549354492
stream,580,,12.307155192652784,1.299704227342217
stream,581,,9.467513349848995,1.2118811981021285
stream,582,,7.93639555380619,0.8828017310980443
stream,583,,7.9292936926045785,0.6922384785231852
stream,584,,8.154466057239922,0.6383101112836855
stream,585,,7.8571185384393125,0.6314961919924444
stream,586,,7.965686968955469,0.6291183969039824
stream,587,,7.97369252678341,0.6077012530121628
stream,588,,8.159510421442317,0.6291653809800718
stream,589,,8.48611218363983,0.6730337051989618
stream,590,,7.009733094680354,0.673033736213982
stream,591,,6.91010108815016,0.5927125337624697
stream,592,,6.502924985236949,0.5689137794060136
stream,593,,7.362467575930542,0.5731450108148535
stream,594,,7.5197910016529805,0.620390993133103
stream,595,,7.514542603678499,0.6292706462661463
stream,596,,7.458189336866791,0.6224924749394919
stream,597,,5.940664774876152,0.5290884847285785
stream,598,,6.506392577782253,0.4914571382426501
stream,599,0.8670340235670101,6.553569793561765,0.5632462488140216
stream,600,0.8675594706024398,6.957190147153054,0.5568740915511528
stream,601,0.8682068004829873,6.936372840236682,0.5707312059253282
stream,602,0.867288493141986,6.767637366060937,0.5635094187446728
stream,603,0.8657618216303081,6.53077146304544,0.638172678840469
stream,604,0.8627554637273864,6.307252829176794,0.7008434832760834
stream,605,0.8614132742345296,8.56614329931781,0.7548601166994131
stream,606,0.8585294438607288,8.586042674631587,0.9029516966945754
stream,607,0.8545546345248053,8.283739698484508,0.921596331088733
stream,608,0.8516569259828648,8.664031001406869,0.8881096288146489
stream,609,0.8490962763246629,8.259375254441665,0.86339537931242
stream,610,0.8489190187151464,8.82000184863257,0.8693971960934607
stream,611,0.8514311083823968,8.728295088026758,0.8908181779796772
stream,612,0.8527415154651012,9.560342092615063,0.9133707548146374
stream,613,0.8529451251707707,9.771513479235674,0.8528427300292071
stream,614,0.8514552198303404,9.950968950904072,0.780643845134455
stream,615,0.8531941256150298,13.671485599891211,1.0157670077985996
stream,616,0.8539425493308471,14.228351656810887,1.2652305030628703
stream,617,0.8565309585265503,14.157422703099648,1.3050724521428465
stream,618,0.8565710854438503,13.769280301503647,1.284798053366249
stream,619,0.8569189078744969,14.953992871016872,1.2332043926511829
stream,620,0.8582560589238085,14.5476980250261,1.2743113393222874
stream,621,0.8586004061127377,14.549557841900228,1.2632906832786541
stream,622,0.8606079794851853,15.169379445895975,1.2874578470100395
stream,623,0.8632604438227067,14.277541123273386,1.2443846856740222
stream,624,0.8647490650950286,14.370189070433524,1.1829638872524586
stream,625,0.8656947249057267,12.244169530431265,1.142973521053036
stream,626,0.8661274771103677,13.911579780303557,1.089411497647435
stream,627,0.8655746361085278,14.578549322926587,1.2658018354201053
stream,628,0.8637026934154635,14.062873699217196,1.3065084673790925
stream,629,0.861207660628815,14.067178652452009,1.289318697590389
stream,630,0.8575891261850334,13.506618815081984,1.2572267409248252
stream,631,0.854062354146506,13.521596800672455,1.23231889717238
stream,632,0.8504104653259157,12.942454689478417,1.2136948883380745
stream,633,0.8470411512380216,11.820494116503031,1.213694888263637
stream,634,0.8441739167421627,11.800614481463784,1.202813360239858
stream,635,0.8407011401104548,8.083309953177308,0.9767747438283384
stream,636,0.836800294887268,7.384892330490367,0.7274710146510384
stream,637,0.8316453748063545,6.649173367468611,0.6250072015911816
stream,638,0.8257334585838983,6.405971091992818,0.5512969534525727
stream,639,0.8235533211622952,5.522810349821148,0.5376654199788814
stream,640,0.8234347468305434,5.652458993314505,0.4982971852886228
stream,641,0.8289348833848801,6.703529242141645,0.5052708662029824
stream,642,0.8372901359047944,6.98752972448131,0.48110370247159695
stream,643,0.8463471625881984,7.000531565179987,0.472460857183147
stream,644,0.8555795194269951,6.908671232716235,0.4719176668895603
stream,645,0.8620498579080491,6.826163745099345,0.4634684398959657
stream,646,0.8675621491461327,5.206584418073874,0.37432422251310615
stream,647,0.8710457729266701,4.426496669838339,0.18278920549474903
stream,648,0.8728008242715495,4.394804456857112,0.13652998802157137
stream,649,0.8726256701622748,4.544397240422833,0.1406953308879413
stream,650,0.8715855619154929,4.767140286284244,0.1406953260435183
stream,651,0.8699494913568588,4.910716172382831,0.1714771691907438
stream,652,0.8670071120136346,5.484481285380785,0.24828131677476792
stream,653,0.8615589437129146,6.401678437542203,0.25036399903497725
stream,654,0.8562505301073915,6.89643074872617,0.376724515027986
stream,655,0.849518357520775,8.460483693614322,0.5312200735691706
stream,656,0.8432761483037632,10.038801101736702,0.5306994041017076
stream,657,0.8378791903255373,10.360400353934933,0.6421859084018309
stream,658,0.8336377255122559,10.198780434522018,0.660150092273908
stream,659,0.8284281911494636,9.893165992171273,0.6549809098771736
stream,660,0.8238178304541182,10.255932693898696,0.6516801781016801
stream,661,0.819729722057104,12.157437359908254,0.8062772273569142
stream,662,0.8163013731802422,12.340465014354614,1.0450113664681888
stream,663,0.8141272852847999,12.332821938502144,1.0708138720184504
stream,664,0.8154699170461527,12.774382242372837,1.0820543438021726
stream,665,0.8183471591062513,14.33502869722847,1.0800430756776804
stream,666,0.8205093453436404,15.081735555920744,1.2668638611082466
stream,667,0.8237912475299008,15.122229280339614,1.2973937990951094
stream,668,0.8280218921461429,15.641887861593888,1.305903149634673
stream,669,0.831664536503757,15.478974319571405,1.3142715828396383
stream,670,0.8362543019083283,15.719967393532515,1.3280215096105072
stream,671,0.8378661694801259,15.626656886354697,1.337974508850308
stream,672,0.8417892710137876,16.523476336088393,1.3379744485873248
stream,673,0.8452508188968482,15.728067163945214,1.3469913398586677
stream,674,0.8477302514387209,14.91868067633796,1.2350011262568643
stream,675,0.8471079194942556,15.752103494371385,1.1565260025485393
stream,676,0.8481538336126728,16.124689585409744,1.4654852754899172
stream,677,0.84833322709303,15.802688417192055,1.4284064335591515
stream,678,0.8486636149598535,15.951293699938486,1.413045608370502
stream,679,0.8499187602940246,16.24706325421815,1.4188218862984385
stream,680,0.8517538470204402,17.091007521566123,1.4258726135317843
stream,681,0.8517430578364578,15.411912047982625,1.4091097486058264
stream,682,0.8519355195555715,14.243606382934543,1.230642236095669
stream,683,0.8510342694419071,14.532819884803693,1.206694975106385
stream,684,0.850743986897558,14.550736140089692,1.2445331727852684
stream,685,0.8528569658373221,14.94037953030908,1.251023714749323
stream,686,0.8541464627450801,14.609568360415276,1.2282812525760765
stream,687,0.8560930592204706,14.947943064561937,1.265566819921053
stream,688,0.8569201895630197,14.730604937477796,1.3177621888747513
stream,689,0.8566335497150094,15.768822427097767,1.308786644871273
stream,690,0.856048236044963,15.305566312079753,1.340959390010932
stream,691,0.8561159062035587,16.380630674318652,1.33892741482147
stream,692,0.8556420673508033,15.264930767006076,1.395085354631094
stream,693,0.8549073864049667,14.835906717947656,1.3893617031917602
stream,694,0.8545118200115199,15.43615636445398,1.4258745753979656
stream,695,0.8540461974727546,13.097683244062434,1.3797562721767278
stream,696,0.8545635913664261,13.095111983098853,1.1678359715557871
stream,697,0.8556085100965768,13.46683108350199,1.1216293285994032
stream,698,0.8570044778102168,14.042849680342204,1.1216293401584136
stream,699,0.8588595741711171,15.268978215659027,1.1189770860664103
stream,700,0.8603846406454676,14.090813663574421,1.1463059593900737
stream,701,0.8613710072246563,13.010387851572792,0.9980206637287901
stream,702,0.8620656941106151,13.05039543574188,0.9508179245147629
stream,703,0.862959211046003,12.747951943254314,0.9220868233779289
stream,704,0.8634281997337596,12.205619784734582,0.8679028814230686
stream,705,0.8635677843835902,13.094706940864988,0.9386264343850983
stream,706,0.8637406448368413,12.541370104281983,0.8999685915000238
stream,707,0.8635355867207579,12.155777271633813,0.8255516267654022
stream,708,0.8628665810136417,12.097202049200654,0.7648469042709884
stream,709,0.8622807414340716,11.663954685121965,0.7617040532839077
stream,710,0.8616820794078918,12.09054237783313,0.8047341581180613
stream,711,0.8619125508095135,11.564436264987146,0.8282208834266902
stream,712,0.8622398236606912,10.939866797967623,0.708313339119268
stream,713,0.862429029788785,11.098675846054288,0.7264147530984357
stream,714,0.8628260732434305,10.499402813815236,0.6801650531851197
stream,715,0.8626789247274735,10.818255231056904,0.6470204751603378
stream,716,0.8631656312918551,8.884663557766334,0.5711994259481992
stream,717,0.864184026089858,8.979617492489975,0.5630735525475795
stream,718,0.8648810725846101,8.460844184914782,0.5922971394187047
stream,719,0.8659916660010357,6.750326740403872,0.5974757478033439
stream,720,0.8668560477486484,7.312781501555219,0.5807671437319722
stream,721,0.8671054893654575,7.202004465070435,0.6225150706038193
stream,722,0.8683065635830075,8.094749233087507,0.6815036091404959
stream,723,0.8695207500936123,8.122651704592544,0.6945166918017214
stream,724,0.8690615213219813,8.782327719124286,0.7270410118365637
stream,725,0.8692233448721436,8.10201874766675,0.8150538556344161
stream,726,0.8687521295360235,8.088881303250323,0.7120674309206854
stream,727,0.8683235380214218,8.094433653041245,0.7101595367271755
stream,728,0.8680175238492349,8.21497388369292,0.7165072759026038
stream,729,0.8673427918393889,7.710909743751057,0.7147685554369396
stream,730,0.8668914991539882,7.285951833513167,0.6269454766599741
stream,731,0.866149662031631,7.818335534573846,0.6091128902919893
stream,732,0.8664214157658489,8.766124625622265,0.5897820816531623
stream,733,0.8675325480298042,8.62265721816793,0.5746374020593664
stream,734,0.8682888171448787,8.68891881169456,0.5961504386879225
stream,735,0.8690872552451275,9.539748414437758,0.5929022946892867
stream,736,0.8687003270932553,9.65700887989804,0.6611577585457327
stream,737,0.8687172614278036,9.585198256334541,0.6423570433442394
stream,738,0.8688152154543706,11.155720387846328,0.6275037475234035
stream,739,0.8692752024875556,12.256508898472418,0.8456625732087916
stream,740,0.8710342853083551,11.548055014270906,0.8727809477164149
stream,741,0.8726437926867878,11.49204395542702,0.8302078437590955
stream,742,0.8742257905541422,11.529927207304091,0.7949353294639394
stream,743,0.8759312942032637,12.382736951979556,0.9122977741765469
stream,744,0.8781282514469967,12.051557684874446,0.9937202933318741
stream,745,0.8796694998493454,10.178146705012592,0.8574894751428044
stream,746,0.8805529675533386,10.232653553793371,0.8240911134706522
stream,747,0.8809849114549854,12.037811065235973,0.9500342764115214
stream,748,0.8811666722821216,11.757168141495873,1.0550771854960077
stream,749,0.8804232235538266,11.99137343970054,1.0829623717613486
stream,750,0.877254257601588,12.542159206376907,1.0813120044792566
stream,751,0.8733624051406762,11.621024279832417,1.0385264388783295
stream,752,0.8697146257728361,12.286889480716091,1.0473967007183975
stream,753,0.8658132455759937,12.143657711248752,1.0731710892675246
stream,754,0.8634810928746486,12.251299009824667,1.0493723358348117
stream,755,0.8625350499304197,11.995814829715407,1.0387633573456554
stream,756,0.8612000013065315,16.83005757134445,1.2737681590045384
stream,757,0.8598299126039493,17.142697847019114,1.335115691089911
stream,758,0.8595521496914049,16.563579208864425,1.425573803127379
stream,759,0.8579197895138453,15.911085825589375,1.297969143017307
stream,760,0.8568412771041787,16.01530648974748,1.3073637599497654
stream,761,0.8550161033611993,16.029664070791448,1.3071795477912345
stream,762,0.8538548735319819,15.4559534776367,1.2724428677566786
stream,763,0.8526459899636233,14.647928734768323,1.1415241358079231
stream,764,0.8515528321907838,14.334563375766196,1.0314964553928716
stream,765,0.8502660077357826,14.00252513649751,0.9912503706207895
stream,766,0.8487542187912712,14.00840037415009,1.0002672936994463
stream,767,0.8497263272719909,14.861338901408942,1.0473854038671444
stream,768,0.8517771753896578,14.916517237848888,0.9735961509468598
stream,769,0.8544744764669154,16.01111706706555,0.9628104985587269
stream,770,0.8562727670797433,15.472181326064193,1.0114625933869814
stream,771,0.858001874536661,15.267827439433873,1.011020850729336
stream,772,0.8610858912405585,14.357519023300346,1.0225997304578793
stream,773,0.8632134491665953,14.341646149503177,1.0082952785027006
stream,774,0.8658750456004984,14.17148877392092,1.0025584530530636
stream,775,0.868448887650788,13.57239892283573,1.0247463112707635
stream,776,0.8699956137329519,9.632535659924114,0.7950384782535933
stream,777,0.871640911943413,8.946939442876207,0.7535460901712164
stream,778,0.8725240422961991,7.763172232157611,0.6469789752557008
stream,779,0.8725029369784104,7.827302037150881,0.5721879099450274
stream,780,0.8729176490911762,7.913997936018934,0.5643589578271834
stream,781,0.8730350329862699,7.901222149656325,0.5695525508260327
stream,782,0.872476920484349,8.043123084111372,0.6028513745342755
stream,783,0.8706840593750603,8.955630398685209,0.5984434835662065
stream,784,0.8682243755598105,9.02621678866596,0.6571462395604029
stream,785,0.865801284958374,9.099774284572096,0.6738962221747127
stream,786,0.8635311321221838,9.322953722556932,0.6664432419786214
stream,787,0.8613317995197681,7.347332431239766,0.4961714382503545
stream,788,0.8602562049254148,7.524401463485038,0.46082943209345506
stream,789,0.8602046422341912,6.250107655020667,0.4430889197707149
stream,790,0.86081206021836,6.751919666972957,0.44088025210534
stream,791,0.8615514724310867,7.1015470607336715,0.441321994934934
stream,792,0.8634947012605664,9.999026221074658,0.6336352154424101
stream,793,0.8647247943842777,12.085104944688988,0.9522164397444584
stream,794,0.865615344357469,12.719874418530598,0.9618818130953017
stream,795,0.8663362183075235,13.171070481595615,0.939052991024696
stream,796,0.867930625925243,13.80807717247549,1.0073686134876534
stream,797,0.8697112482404191,13.872506508439235,1.1001859422845839
stream,798,0.8715122428731501,13.859067183057498,1.0998983553702155
stream,799,0.8735744494907893,13.371215790838612,1.0752555629668143
stream,800,0.8750515835958489,13.169718803254357,1.029597894466796
stream,801,0.875813759628273,13.197969214758363,1.024924973339232
stream,802,0.8767924298062865,12.644350202134307,0.9879250523445743
stream,803,0.8784497021423119,13.813670762772869,1.098714058497766
stream,804,0.8801432110497057,13.94481016417495,1.0718456952781072
stream,805,0.8809242068534424,14.196770596257341,1.100529709560342
stream,806,0.8814938964274732,14.134064623751732,1.1413998671804855
stream,807,0.8822770054927007,15.049042409640158,1.179681702199682
stream,808,0.8821708213298545,17.081812445155315,1.4671016070311877
stream,809,0.8823459045738823,17.498015441356365,1.6663208907049771
stream,810,0.8821516377085998,17.704424409263773,1.7115556223856332
stream,811,0.8814588331385089,18.493503087489415,1.7119070981233133
stream,812,0.8804825797768291,15.18521405477967,1.509163527163835
stream,813,0.8790945216787677,13.170781268328122,1.1712045207688666
stream,814,0.8779099629100406,13.184865181819621,1.2141179624113623
stream,815,0.8765642992844337,12.361506730972877,1.2273791952186897
stream,816,0.8750051967898975,10.697176261865133,1.0653026040219598
stream,817,0.8742114214007402,10.612251354174157,0.9516282544854009
stream,818,0.8726966624215746,10.649504627875546,0.9506263816939612
stream,819,0.8719242791360198,11.066465893020535,0.9613011384720734
stream,820,0.8718289457642787,11.654733919857435,0.961524804246609
stream,821,0.8712254459690443,11.808424687426065,1.0327613444083772
stream,822,0.8703183123322508,11.790781600672506,1.0399981484901568
stream,823,0.8695801777827354,9.896859184799588,0.9305155378945184
stream,824,0.8695848606194867,10.478083926376257,0.8967657491452654
stream,825,0.8689072256596209,10.452952220710197,0.9268314298833842
stream,826,0.8675504232763261,10.25788502012468,0.8827394679353883
stream,827,0.8657903368547883,8.684742811291546,0.8592433274069537
stream,828,0.8659882978589125,6.754044864854935,0.5790451997341887
stream,829,0.867903592419912,6.397057177140041,0.3833033397078625
stream,830,0.8687981142031147,5.800784200225335,0.32423777466575104
stream,831,0.8687806639504299,5.46638513836315,0.34563245995121383
stream,832,0.8702154463849993,5.5834920657590565,0.4165533329929532
stream,833,0.8726983727775431,5.8935992127724735,0.4157676173878807
stream,834,0.8748259679364647,5.565272297112004,0.36419819563510203
stream,835,0.8752491324188376,8.215323726877044,0.5305132411838258
stream,836,0.8754747724735646,8.676232883758747,0.7144186797443686
stream,837,0.8749594189555934,9.739870122018992,0.8340629238149317
stream,838,0.8737447438164391,10.346929586342865,0.8357941170462705
stream,839,0.8726018784640645,9.981215594376923,0.8273073271648198
stream,840,0.8709151111533894,9.384381374686592,0.827660734506362
stream,841,0.8693184466943779,9.412194042527991,0.7714109986430736
stream,842,0.8682785667276113,9.419914270301861,0.779822616978758
stream,843,0.8677249326702785,10.955341353584233,0.8672039530980779
stream,844,0.8678232515260307,10.533069970887682,0.8889500826332924
stream,845,0.8675950699997301,13.202959558690104,1.0320115388839832
stream,846,0.8682420065935074,13.360912326805833,1.2087121127891067
stream,847,0.8687031766485229,13.60644376696089,1.223565372436289
stream,848,0.8688776882665942,13.495875840570434,1.2516856014344477
stream,849,0.8691104246638485,13.401491503060024,1.2477194668376992
stream,850,0.8705436343413543,15.396128606254951,1.34123417115645
stream,851,0.8717837921094463,15.15938571114735,1.3351552431915439
stream,852,0.8732042582431556,14.938416796887019,1.3034053258204061
stream,853,0.8753177016328683,16.96183186429845,1.4358070291587532
stream,854,0.878030907089344,16.774167780717125,1.4914553797390495
stream,855,0.8807113695612682,14.526924429267046,1.3125200816162446
stream,856,0.883057306365142,14.130221063956961,1.153033768125856
stream,857,0.884840809002441,14.009959294195278,1.0485361193601643
stream,858,0.8864437560121581,13.417221735758826,1.0702822587562155
stream,859,0.8880421823439076,13.551704773803673,1.0885265247060816
stream,860,0.889039815089088,15.118392928030024,1.2107028244181213
stream,861,0.8902784033070126,16.186274939893423,1.3909182465362548
stream,862,0.8912258936760692,16.365381371845398,1.4919649458055886
stream,863,0.8920926740895175,15.532738263073394,1.4941696585900668
stream,864,0.8927507114394345,15.256641528600648,1.522910233300078
stream,865,0.8930039543108264,12.568751649521925,1.30412542123329
stream,866,0.8930907849682579,12.468122794675944,1.1271597975921157
stream,867,0.8933134692225877,12.634897586470855,1.0946355123158127
stream,868,0.8934706662713846,12.312334317364234,1.06554345171903
stream,869,0.8934647701384665,12.627477498143667,1.0916335648248185
stream,870,0.8931954918936194,10.606196596616497,0.9751716599179806
stream,871,0.8931964976847688,10.087509600732066,0.9584217035232324
stream,872,0.89347644433944,11.013861328508746,0.9711152576645541
stream,873,0.8934515668458698,9.67815137545711,0.8397229488358026
stream,874,0.8934792929496191,9.98423125504887,0.8747433649405284
stream,875,0.8931857260678496,11.351578490370219,0.8873635930055302
stream,876,0.8929444213708677,12.168378926241072,0.8684670272055588
stream,877,0.8923415451449634,11.955496178191343,0.9477298840522145
stream,878,0.8920985516757196,12.11892778000436,0.9263352400585001
stream,879,0.8922358726916251,12.20657192757735,0.9515606266735539
stream,880,0.8922843139163167,12.921404554220905,0.8744649657160313
stream,881,0.8926648316616717,11.627942776159442,0.7199975809294319
stream,882,0.8930273395007835,11.438322192928617,0.6038795268302766
stream,883,0.8935117894916477,10.538495610273282,0.5122897150841423
stream,884,0.8931787047394458,10.50359584698971,0.47011121768835756
stream,885,0.8934419914038512,10.865352553016985,0.4835961286771188
stream,886,0.8936974822418023,10.940723507901819,0.5483478837671083
stream,887,0.8941187763675326,10.501785405737435,0.5487802130509921
stream,888,0.8949633430773314,11.681415879148144,0.6214998458306008
stream,889,0.8960943740072189,11.258753011658985,0.6557779916738697
stream,890,0.8969979828578735,11.162742951181457,0.6462968051490827
stream,891,0.8978712786883178,11.631870998487804,0.663046761543831
stream,892,0.8991382329545622,10.955269946876275,0.6057969355174875
stream,893,0.9001430083679253,11.454989786956858,0.604787541007892
stream,894,0.9010037816110055,11.10131721865069,0.5558666946831834
stream,895,0.9017536191669332,9.515272004304112,0.565434308455541
stream,896,0.9024698221909198,8.706684993112269,0.579065801580085
stream,897,0.9031171518193223,8.361142917868985,0.4883029774561954
stream,898,0.9037600658738754,8.175986093301736,0.4892484607922757
stream,899,0.9043610070747926,8.1403927676002,0.453205438343479
stream,900,0.9049099935128039,5.920375472965611,0.41478455461816577
stream,901,0.9051455635350896,5.908102510642027,0.37926583878958814
stream,902,0.9051220430933495,5.900099040825548,0.3784237251156584
stream,903,0.9046517630481161,6.091133738237894,0.3887356951880477
stream,904,0.9043293600096843,6.057373244959819,0.3984988457521669
stream,905,0.9038549720725059,6.601562092009465,0.4220138679252541
stream,906,0.9026677235774051,7.214785770492672,0.515763396630698
stream,907,0.9013706915950228,7.327138878104332,0.5286506043130081
stream,908,0.9003866825479139,6.188577968457837,0.44720547569149477
stream,909,0.8995910794164139,6.423975932679642,0.38876014329934205
stream,910,0.8992714985056725,6.422148167138135,0.40198381845190134
stream,911,0.9003592313114129,7.841247636410624,0.45138208459439444
stream,912,0.9019259711599547,8.457183177212572,0.45138208459439444
stream,913,0.9018333105445774,8.889251853932368,0.6925598107779228
stream,914,0.9018128749682776,8.796716549009593,0.7215597076933062
stream,915,0.9019755376086106,8.91706905367609,0.7017290176739347
stream,916,0.9038734961883055,9.311263222050151,0.7358378674776453
stream,917,0.905399502878494,9.1828950413444,0.8016383449909901
stream,918,0.9071573318726699,9.956204375219675,0.8525215538240676
stream,919,0.908726249555598,9.761670524933766,0.8535817563330159
stream,920,0.9102815088444405,9.704986520886438,0.8469219865226971
stream,921,0.9112026004294299,11.13287784841461,0.886062908703818
stream,922,0.9121256575798701,11.159616449264288,0.9213841707214268
stream,923,0.9131857709656629,11.510836187429604,0.9264913272525724
stream,924,0.913715513757104,12.441477069396916,0.9084199698390127
stream,925,0.9138384244909232,14.057584583931622,0.9051022383328452
stream,926,0.9137608586180755,13.332426368167043,0.8784819187978992
stream,927,0.9133555549829895,13.204054854036691,0.8716059831227307
stream,928,0.9128278491209588,13.347157294079263,0.8813033307465749
stream,929,0.9124022694838817,13.121774601486626,0.8952938516311136
stream,930,0.9118936449133266,13.351554115452226,0.8996453129599271
stream,931,0.911615525559751,11.462814704309684,0.8328486070510769
stream,932,0.9118318688217789,10.481129737184759,0.8247941103311983
stream,933,0.9120573488324618,8.525897309692805,0.5838005890579759
stream,934,0.9130031485086368,8.602372823732015,0.5136937538913197
stream,935,0.9137747793691803,8.286031031269308,0.5136937662130125
stream,936,0.9142540949199223,9.864467437847571,0.5097032308965568
stream,937,0.9144553388959348,9.76451558390802,0.48854736109488156
stream,938,0.9146371921578664,9.014895799993479,0.4520344160387744
stream,939,0.9146846042861208,9.024495959572523,0.4492674565893008
stream,940,0.9144306551309581,9.16133673179664,0.46566402743211854
stream,941,0.9143622609589096,7.736634869160609,0.4224366692155603
stream,942,0.9139356281279248,9.564096945886424,0.4730642717332124
stream,943,0.9133776007665415,8.98841733276781,0.49881230906474644
stream,944,0.912004796076984,8.14224993345424,0.5012070027855355
stream,945,0.9092995791916589,5.765194072367045,0.4701281715903879
stream,946,0.9071895174970857,5.806601159024999,0.3986154709472001
stream,947,0.9062846334446047,5.798676314218788,0.39309291806796687
stream,948,0.9045959808240053,5.648307786759047,0.3855196349663159
stream,949,0.9025607188160011,5.799841816531125,0.37948585593336576
stream,950,0.9011389859646618,5.802046090146938,0.422615490681524
stream,951,0.8996001550217047,5.798812251850274,0.4222226323582217
stream,952,0.8982826880002451,5.848555742616032,0.4267413906892839
stream,953,0.8957398675956807,5.99354883885109,0.42664553409926687
stream,954,0.8959202053381528,6.669587928460577,0.49480316969157806
stream,955,0.8957100521693332,6.685606485462583,0.5120135333115128
stream,956,0.8970679050421564,5.126867856303975,0.46975430377255867
stream,957,0.8984971764915717,5.267515311415853,0.4838124264638977
stream,958,0.9009745645187482,5.989872178509411,0.5313254506682259
stream,959,0.9025393237556489,5.999568863848289,0.5897894466391699
stream,960,0.9047060427924907,5.905130709124176,0.5800526449377388
stream,961,0.9068648339069417,6.396704136382877,0.5824097919206916
stream,962,0.9078416537136312,6.175077045818875,0.6691857315055122
stream,963,0.9084406853956154,6.624900059320218,0.6331238255538366
stream,964,0.9085314889660653,7.380176104595552,0.6302873809086775
stream,965,0.9084695044402417,7.5880603422725565,0.6289904023883552
stream,966,0.9085524185372748,8.140252456454345,0.568189821306191
stream,967,0.908654322828228,8.151701269622501,0.5873438953727809
stream,968,0.9089377123140212,8.406840311488567,0.585340134622936
stream,969,0.9091441821358981,8.303561692417503,0.5757255113891924
stream,970,0.909342611163871,8.522174941963822,0.5193233373822361
stream,971,0.9096152102265225,9.181246113674831,0.6141255859905409
stream,972,0.909621851305707,9.361786768014243,0.6153755770002075
stream,973,0.9096065941843219,9.423268760204536,0.616937588918174
stream,974,0.9094599239774557,9.290508114781039,0.5474904813336802
stream,975,0.9090032015341221,9.651210760980389,0.6233116818225434
stream,976,0.9082780850338379,9.310185085645859,0.6407177016523911
stream,977,0.907845928087319,9.538115938496457,0.5780957846605905
stream,978,0.9070082891478279,8.778734036403046,0.5592668010786421
stream,979,0.9063557857534664,9.569139896123621,0.5234117923816954
stream,980,0.9055369988619796,9.520808894693568,0.5449247947501138
stream,981,0.905288514498142,9.494985970732202,0.5610807564814904
stream,982,0.9057801673357389,8.058407067676956,0.3935720884989679
stream,983,0.906604349751031,8.553253024010612,0.3980438762645407
stream,984,0.9071859189322191,9.119213545226211,0.3993672043028402
stream,985,0.9070663381350813,8.689392104888237,0.42681068257680227
stream,986,0.9061234760731629,8.08953240195565,0.42916592124489905
stream,987,0.9049276419580027,9.845229400203817,0.517220067086548
stream,988,0.9026799697876734,9.861779725658591,0.6173513592919602
stream,989,0.9000060274448733,9.829501754090082,0.635315564963077
stream,990,0.8973322827384848,9.467979160202736,0.6509922569975692
stream,991,0.8937598490789914,8.839693974772096,0.5774399163125346
stream,992,0.8895691799417987,8.552094993676024,0.5722237907061194
stream,993,0.8845116148361519,8.451683398573536,0.5893233252984059
stream,994,0.8795679810133075,8.765639693987294,0.6077123415444556
stream,995,0.8749040069772459,8.497774033860939,0.5419757936702352
stream,996,0.8723361462833591,9.619740001118215,0.6247647953827677
stream,997,0.8690471497627374,9.090849486858644,0.6695541260065835
stream,998,0.865471789749337,9.188308158558055,0.6238964623712868
stream,999,0.8628976941589126,9.456301202996826,0.6643511244322485
stream,1000,0.8622722950305051,10.546610265702824,0.6349997897880569
stream,1001,0.8651869463754434,11.522156807856081,0.6164866807675529
stream,1002,0.8669042203992711,12.537222822806985,0.8434333686707735
stream,1003,0.8709351208431322,11.565836045074956,0.8633035893475269
stream,1004,0.8738318698601046,10.344594810061025,0.8624220124055458
stream,1005,0.8763852703462067,10.303842330438082,0.8329747805744498
stream,1006,0.8782657929333165,10.215473561974628,0.8392247546062406
stream,1007,0.8808648186581686,8.534581649162291,0.7406725540740281
stream,1008,0.8821062165374012,8.332072092397365,0.6421032797888668
stream,1009,0.8829806584576421,8.30083505077788,0.64210327927824
stream,1010,0.8828439800010096,8.210541617887277,0.6223006906813816
stream,1011,0.882261349527192,8.134356751852799,0.6014436410814137
stream,1012,0.8817604995436422,8.686987485686485,0.6401464685068627
stream,1013,0.8806772203104856,8.584586406770361,0.6441164514977789
stream,1014,0.8796524324894206,8.352654358738977,0.633389056086949
stream,1015,0.8784665027394759,8.333929671340437,0.6124868052004186
stream,1016,0.8772792124399695,7.3749732963875525,0.5470266139110054
stream,1017,0.8760590215527327,8.352940051621493,0.5078857335742333
stream,1018,0.8750130841428614,8.27123970250111,0.5272634813000121
stream,1019,0.8745140791803357,7.707590189773052,0.4612430666565788
stream,1020,0.8741647965690369,6.877663759730649,0.5453874727438441
stream,1021,0.874224047865027,7.1199323373213925,0.6407760850643764
stream,1022,0.8747354343919241,8.151114192546938,0.4146245168128543
stream,1023,0.8752690362803365,8.44696423314133,0.44174664804376396
stream,1024,0.876133885364824,8.24190239799655,0.465083018389784
stream,1025,0.8770793644877235,8.095998695084736,0.4651788779809326
stream,1026,0.8788248865759518,8.983115597160584,0.4777032423174079
stream,1027,0.8813738067726294,12.117770060170674,0.49187606912962617
stream,1028,0.8827945993141489,12.827937545388238,0.748848931966559
stream,1029,0.8840960223028659,12.900018059621317,0.7539372529431635
stream,1030,0.885791694280197,13.49583838399802,0.8038580985364819
stream,1031,0.887249842815235,13.663794364299804,0.8560760554621458
stream,1032,0.8881633188306646,13.403145126112014,0.8168206037931542
stream,1033,0.8885833324219933,13.578080003133243,0.7957510943235879
stream,1034,0.8886657572066018,12.930927356191432,0.8115667485425975
stream,1035,0.8882331543055253,12.901859977579806,0.8056532826510033
stream,1036,0.8872767268776645,12.677224669972656,0.7680895477908403
stream,1037,0.8866401483372163,12.484254314384966,0.7757605882065578
stream,1038,0.8854439493800491,12.51484874032672,0.7720312117390847
stream,1039,0.8839751881867824,11.931472165048774,0.7696835077702765
stream,1040,0.8821136973036378,11.715074805636483,0.6863642722569706
stream,1041,0.880200430489961,10.98985377602272,0.6477404722247821
stream,1042,0.8785411892076906,10.677333832358133,0.8261232797053312
stream,1043,0.8771758892463943,10.39106688825992,0.8559350143899875
stream,1044,0.8767086778887607,11.360039861254682,0.8791586279385166
stream,1045,0.8758844356823193,13.900341240666474,0.8855063514119048
stream,1046,0.8755576211696823,13.007941225309573,0.9725059080130883
stream,1047,0.8747448571611375,9.811622509611967,0.9503180356671405
stream,1048,0.8748057427654724,9.630672075681362,0.7229973174382962
stream,1049,0.8730619860608639,10.736136468643014,0.8315606311541609
stream,1050,0.8711675241986903,10.14318955674435,0.8157467878900841
stream,1051,0.8703588199922215,10.062127977753802,0.7639536421569211
stream,1052,0.8691233578605176,9.842696425730495,0.7656359562545427
stream,1053,0.870553587970359,10.787448230439317,0.7922749924271771
stream,1054,0.8728155807699886,10.731523512040223,0.8076603114473588
stream,1055,0.8754548246102376,10.920473836297642,0.812838854119211
stream,1056,0.8764839492124166,11.518699253041877,0.8619174767008789
stream,1057,0.8783709275134283,10.749186645981643,0.876799009898018
stream,1058,0.8796713097933153,10.94688884032141,0.86555852383296
stream,1059,0.880432220420434,11.474793663640689,0.901392930358954
stream,1060,0.8810818194280207,12.010024363045842,0.9847122232207927
stream,1061,0.8809768663845906,11.309278877502512,0.9980542077326717
stream,1062,0.8811393231349468,9.546572646768231,0.8132278152670622
stream,1063,0.8812792664997958,9.534438521059707,0.7288504457681125
stream,1064,0.8811420733221715,8.639799949856807,0.6807190211643339
stream,1065,0.8826251815167788,6.321560009938233,0.6996156041572975
stream,1066,0.8833079118591844,6.370319633276844,0.6180089385980801
stream,1067,0.8831309445360928,6.420260816974869,0.6171442974009229
stream,1068,0.8819336559577898,6.369064432992932,0.5945353641897865
stream,1069,0.8800929558560919,5.684297008575198,0.46210185542776433
stream,1070,0.8791039311553552,5.681199310689524,0.4410418275908734
stream,1071,0.8802251726493053,6.741669489044774,0.47155862620399003
stream,1072,0.8817786894550057,6.905225396919125,0.47860180881504083
stream,1073,0.8830988600847609,5.747514916520056,0.46906232567364425
stream,1074,0.8848934956328128,5.751641750508095,0.43002303493979427
stream,1075,0.8862941293680526,5.5266944031585785,0.4220080285187205
stream,1076,0.8875721607896316,4.874358710476765,0.3690985813012532
stream,1077,0.8884875069934572,4.892926814515711,0.3452960429590438
stream,1078,0.8898364907971562,4.669138834765511,0.3400704831888528
stream,1079,0.8911130446615836,4.317856355632606,0.316354484493751
stream,1080,0.891526958635554,4.08476978411764,0.2615613909373891
stream,1081,0.8915021768401724,4.0554489117311965,0.19032490458926166
stream,1082,0.8912996691723986,3.932963963017998,0.20364441822870782
stream,1083,0.8916343040982412,4.223728323683456,0.20808425475687348
stream,1084,0.8924002066950787,4.148508745575173,0.21796390290482015
stream,1085,0.8932703013471546,4.869656422985251,0.2208247930515573
stream,1086,0.8937461391570684,5.949102868104923,0.3330423386170911
stream,1087,0.8939156607611201,5.8931313326391015,0.3809087066914791
stream,1088,0.8936908691899542,5.6283460691765645,0.38367562651909
stream,1089,0.8934414035825771,7.519354464472098,0.5569529753898459
stream,1090,0.8936150329244389,8.00012702251251,0.5637085323097346
stream,1091,0.8939142466003838,6.923071043475416,0.5668740042071224
stream,1092,0.8942159775174388,6.754373543917312,0.5746146050020863
stream,1093,0.8944831481150486,7.019318469556186,0.5736240548488958
stream,1094,0.8941422693168755,7.476713802118095,0.5742255625938947
stream,1095,0.8937645130418859,7.651475425203592,0.6117986938341063
stream,1096,0.8938635715392381,8.023957722313746,0.6114452856134907
stream,1097,0.8939099287926245,9.732555769481628,0.7244392305751485
stream,1098,0.8937193284721201,10.202938602677206,0.7432210786027403
stream,1099,0.8941318702858436,10.812291259417076,0.814183118425845
stream,1100,0.8942205173132689,11.65852002545162,0.9272748818110973
stream,1101,0.8938643351037817,11.435937718387946,0.9731975954858649
stream,1102,0.8934322364650825,11.392742024818222,0.9631788161463609
stream,1103,0.8928150292014305,11.389721577150448,0.9646694119783988
stream,1104,0.8925453465326021,12.171480682327584,0.9582766131380327
stream,1105,0.8930985502993365,12.217974017201081,0.9301714195816728
stream,1106,0.8942835684702325,11.297908972194353,0.8036023652729967
stream,1107,0.8952893803010398,11.281310618407064,0.7636438311479179
stream,1108,0.8967203023794108,12.707486741159116,0.817455648605696
stream,1109,0.8976127107046885,11.177658760869306,0.8322883611820846
stream,1110,0.8984051132409987,12.164082526795688,0.8155140018140389
stream,1111,0.9000168267924097,13.234077908311717,0.9735416373163669
stream,1112,0.9008664117976669,13.561717605985665,1.0541465297630817
stream,1113,0.901081992768835,14.462814737895954,1.1258605467438474
stream,1114,0.9006411446974905,15.018131706807143,1.2450799798032883
stream,1115,0.8992958927079129,14.818307405303184,1.2312849941475674
stream,1116,0.8965664286378335,14.565617842628294,1.2354692124531879
stream,1117,0.8929611939168709,12.887496000670842,1.1179884357941023
stream,1118,0.890044620595419,14.975021710376595,1.2316402429461872
stream,1119,0.8854901121540761,15.079256193840074,1.4037938321488257
stream,1120,0.8804323622658127,13.908247538105044,1.297008387883426
stream,1121,0.8735085373400073,13.901243209656782,1.2505330499745455
stream,1122,0.8672930900796947,15.28671401374328,1.2829858701943262
stream,1123,0.8587516058396903,15.049934601069006,1.3447713388824445
stream,1124,0.8459581829635419,14.470411760568856,1.343737507021623
stream,1125,0.8376134506462961,16.129507065994986,1.5316314059192988
stream,1126,0.8311017838261417,16.851777056412,1.539535566756141
stream,1127,0.8277449685761522,17.179788786886167,1.5442498658213224
stream,1128,0.8262672779589744,16.46669136940299,1.493248145496515
stream,1129,0.8265387672646625,15.769516964675196,1.361827782336312
stream,1130,0.8257509783323865,14.307315242031555,1.3641755284391444
stream,1131,0.8245888947408512,13.242985710559614,1.1737720270552057
stream,1132,0.8239998585954149,12.857378774288154,1.0783833591630252
stream,1133,0.8246847272148844,12.237048597552588,1.0155207539872344
stream,1134,0.8286164442011182,11.858478180975334,0.8956998131827946
stream,1135,0.8334428933881808,12.113906925177504,0.9228501148073507
stream,1136,0.8372286892587276,11.963446219559431,0.921045589119508
stream,1137,0.8418145473824644,11.967261072116072,0.9281846477143134
stream,1138,0.8452383129795308,9.600097146826537,0.8135423164646417
stream,1139,0.8498605707332861,10.244341898369044,0.6631368006252649
stream,1140,0.8535543804130897,10.223603219947094,0.6759469967645289
stream,1141,0.8573312892841788,10.301672767754566,0.678071061624003
stream,1142,0.8606746277142563,8.92936710635421,0.6427498316318211
stream,1143,0.8625818875194351,8.962728583885664,0.5774286245548863
stream,1144,0.8622526675481017,9.439887576413346,0.6157104086164993
stream,1145,0.8606502192826033,7.210269414305188,0.42928265883582495
stream,1146,0.858484986551403,6.333265820891625,0.4417318216337458
stream,1147,0.8563625715921371,6.71626685000829,0.437017522916673
stream,1148,0.8535601413410169,5.696529101390319,0.43615480911815663
stream,1149,0.8505649924612454,5.532046764969906,0.37985796463510807
stream,1150,0.8472788819826947,5.588048491206283,0.37464180369737754
stream,1151,0.844665271226616,7.368952499682488,0.40208526404155537
stream,1152,0.8413850384769156,7.437369010777583,0.434902807974561
stream,1153,0.8398549546329149,7.221528456591316,0.4237995244809283
stream,1154,0.8399120073382839,7.566910624054904,0.42880892308705526
stream,1155,0.8416449183764987,7.3236730678346715,0.40884273972645496
stream,1156,0.8435751719897576,7.347505233283875,0.40681644807815115
stream,1157,0.8457969339779338,7.282479234018103,0.40306646988109085
stream,1158,0.8483025500539177,7.1276794023069545,0.38869617954588054
stream,1159,0.8500082957958545,7.843992939102256,0.3307602762286115
stream,1160,0.8515818911767041,7.882924901353259,0.3387658773679242
stream,1161,0.8522303745751568,7.819149991259072,0.3406812986968717
stream,1162,0.8539584377332079,8.06642258366295,0.3466925597583156
stream,1163,0.8533615885255329,8.321849852587658,0.3886491396394933
stream,1164,0.8538311988786684,7.68299562311053,0.36080152724302633
stream,1165,0.8545327000140316,8.173076088581897,0.3874405710553864
stream,1166,0.8557433093310224,10.06466313396533,0.3613598713680684
stream,1167,0.8553343443878964,9.834131402488739,0.5483890305949954
stream,1168,0.8555723365189394,9.829838846324403,0.555144588044371
stream,1169,0.8551601106526519,9.900115876767082,0.5634772297437046
stream,1170,0.8549007549422248,10.227147124524365,0.571650125414916
stream,1171,0.8545486372546987,8.603644273699285,0.5765824928920505
stream,1172,0.8527072843692185,8.795832401600745,0.6048247933473508
stream,1173,0.8518358631305621,12.5058147723533,0.781812735830935
stream,1174,0.8506360652988335,11.538641774072762,0.9572047102373187
stream,1175,0.8500707483696728,11.531675651783486,0.9246804265522912
stream,1176,0.8504113140499017,11.565495566894953,0.9254097392902301
stream,1177,0.8507793467763249,11.65679291248124,0.922381567613007
stream,1178,0.8513726505119217,11.983748431995478,0.9582160257763223
stream,1179,0.8520425521202392,10.741211348063153,0.9266842097107515
stream,1180,0.8523881237306743,10.83461312981109,0.8740340322162657
stream,1181,0.8524907588614754,11.154677953882404,0.874513318140403
stream,1182,0.8526966395773832,11.602445030424406,0.9205602018614658
stream,1183,0.8526625465240709,12.17465666581544,1.0331387665107303
stream,1184,0.8526696505626804,12.13130512299228,1.0352384067792437
stream,1185,0.8526375231654385,11.531196398476006,1.0203568626189645
stream,1186,0.8525991581843617,9.896390622455357,1.0141858395782608
stream,1187,0.85257268061492,11.267148014333715,0.9210153470185856
stream,1188,0.8527299661125746,12.95006226667551,0.9088744500280419
stream,1189,0.8530124928183119,13.040212217594759,0.9654532258612196
stream,1190,0.8532799426973118,13.051032628000241,0.9567277117306968
stream,1191,0.8532374985578599,13.148423651691944,0.9223481117818255
stream,1192,0.8527207075672331,12.892669516381433,0.8636454189745522
stream,1193,0.8523308979314704,9.778103026201336,0.7237287462132902
stream,1194,0.852051674127312,12.317492007181432,0.5511657087565941
stream,1195,0.8514011781433152,12.313004502387447,0.6324905358282651
stream,1196,0.8504350495039855,14.556338124442416,0.7069075009067829
stream,1197,0.8493260931131569,14.821067004716124,0.7443321961618374
stream,1198,0.8472347489792682,14.600899759461365,0.739576606561943
stream,1199,0.8448869400678782,13.677758490163898,0.7395766070725694
stream,1200,0.842361633759658,14.144038065628708,0.7582889657600497
stream,1201,0.8411918499012511,17.988954615540163,0.7851046604574076
stream,1202,0.8402987297757973,17.84558891589821,0.7996834024726538
stream,1203,0.8391598283019126,16.93561189619352,0.6644996940816728
stream,1204,0.8377381139288426,18.982390675234083,0.7333208695063459
stream,1205,0.8360518611127145,19.181110417739,0.8523146412543247
stream,1206,0.8337500862630903,20.498685100797893,1.0762949740878376
stream,1207,0.8306025151814669,18.70352187183235,1.0240244550076307
stream,1208,0.8288627686242624,17.639810183018565,1.0768908409711229
stream,1209,0.8274985639922889,17.8110204545661,1.0658908600298098
stream,1210,0.8252741428901667,17.445218933646935,1.0814303127139422
stream,1211,0.8262139543007565,18.565032347541475,1.1511499756200632
stream,1212,0.8274644181121018,20.484098359901147,1.4185191054887702
stream,1213,0.8290755613865266,19.69690667859018,1.4775151239453985
stream,1214,0.8305321491230067,17.18490817635229,1.4798928782621896
stream,1215,0.832371772362389,17.205703194576,1.4024872099656363
stream,1216,0.8335217442813397,16.21417540320029,1.4024871532780416
stream,1217,0.8357694560167501,15.854682063084256,1.4024871141545778
stream,1218,0.8363070018593725,16.611412520285967,1.3975547113908338
stream,1219,0.836060816372482,16.533904682656058,1.407094187737553
stream,1220,0.835730249502971,15.991216219810777,1.3857370981821946
stream,1221,0.8351180107246251,11.892540567701316,1.354402631881507
stream,1222,0.8350388357230472,11.395759674529168,1.3036791924371172
stream,1223,0.8361888051279982,11.462887966993929,1.2814913195155353
stream,1224,0.8375148250102495,9.410326338502513,1.1992547550757764
stream,1225,0.8386118058827182,10.940431700188995,1.1413491376036102
stream,1226,0.8393596980741104,9.871748208285092,1.1127307931659702
stream,1227,0.8396847439408516,9.813178829822334,1.085168962510222
stream,1228,0.8405510317745643,9.740069756810675,1.0397875074832448
stream,1229,0.8409686743502833,9.45045926001627,1.0319585553003932
stream,1230,0.8416913251429067,11.344412133527001,1.1059244446198875
stream,1231,0.8416725275310499,9.873956237268343,1.103274043928781
stream,1232,0.8414647821220009,8.057763534915859,0.8376341902708282
stream,1233,0.8406073790910205,9.91167144922182,0.8318804573884397
stream,1234,0.8394565341494017,10.11015485568086,0.9603085202086162
stream,1235,0.8375379395626769,10.127865173836556,0.9740603838042311
stream,1236,0.8337289005546069,8.881825324960596,0.9118219941881869
stream,1237,0.829046517365365,9.627162332477443,0.8862957593836661
stream,1238,0.8235121043601735,8.743381218185103,0.8701680958182643
stream,1239,0.8167977981717436,8.828779202968235,0.8423994004452358
stream,1240,0.8111161691185639,11.672903415227108,0.9327147118892787
stream,1241,0.8045544368210664,11.783427122651961,1.0820411961400027
stream,1242,0.797139560597408,12.049434078300578,1.0922178289649347
stream,1243,0.7890387993752624,12.02612917796323,1.1159959428881305
stream,1244,0.7817773518334438,12.243284989766376,1.1326537267279957
stream,1245,0.7752321465004555,10.546794669699786,1.0583419205707951
stream,1246,0.7746085306161634,14.86111942911608,0.9391280903128308
stream,1247,0.7756110825302501,16.27025794047418,0.9689870273372321
stream,1248,0.7797556216367012,15.714914523322374,0.9983571877971114
stream,1249,0.784552024784259,15.818975108459135,0.958445766174772
stream,1250,0.7884006242795637,13.939429014298664,0.8689404236713262
stream,1251,0.7921752994231473,14.979364864413977,0.8300721831756595
stream,1252,0.7957674734596983,14.892586159425738,0.8569479827294364
stream,1253,0.7998387480300495,12.920255540867085,0.7524897093291165
stream,1254,0.8020617631564364,13.663592258527839,0.6703190467468014
stream,1255,0.802354141831541,13.791011454884762,0.6629599944065242
stream,1256,0.8009098848228383,14.185118600166462,0.6583547878117924
stream,1257,0.8004175166801957,13.445660623119705,0.6603660786901737
stream,1258,0.8012678894573986,14.709081850030051,0.6707964062474054
stream,1259,0.802407094502856,14.748660470671206,0.7597491191645046
stream,1260,0.8026871744760191,12.312642233542137,0.6795315186219132
stream,1261,0.802091308562237,12.206378125183244,0.5540752294079163
stream,1262,0.8008670692856501,11.911760066392203,0.5408723621002512
stream,1263,0.800488359477813,13.47483044795828,0.5919529466091559
stream,1264,0.7999218761849606,13.266708172488519,0.647699065791675
stream,1265,0.7984763660105596,13.955807808426396,0.7173228671931503
stream,1266,0.7982015315615275,9.775650402728134,0.6409021510358209
stream,1267,0.7987782822925561,8.875458412061088,0.6747929346241499
stream,1268,0.7997185527248073,8.998916250669952,0.6351089202899445
stream,1269,0.8001888121495907,9.483446907432679,0.6698324297878215
stream,1270,0.800315702539993,9.579019006880662,0.7126216562205533
stream,1271,0.8007768562742056,8.59688136792229,0.6846931867877594
stream,1272,0.8009264395627584,9.575605097968431,0.6732984866586813
stream,1273,0.8037655605883989,14.748863039417065,0.7484448266313978
stream,1274,0.8055075839634995,14.236860389254646,0.9871282368937677
stream,1275,0.8072982578085193,14.198579955583005,0.981214723384504
stream,1276,0.8081050194751732,13.73969156048575,0.9739929065930505
stream,1277,0.8095453083982358,14.131635169763184,0.9719816384360547
stream,1278,0.8107529641675169,12.815671738801651,0.9615513117427771
stream,1279,0.8094044564143111,12.877228968950021,0.8760854432280407
stream,1280,0.8096567055736584,12.690165658243771,0.894160523009242
stream,1281,0.812030815092885,13.326623704969231,0.8703222811601341
stream,1282,0.8159245492071199,13.42405112227421,0.864936940852523
stream,1283,0.8206284925276041,11.943489229401397,0.7885162224726872
stream,1284,0.824770382740806,12.283357297946846,0.7156705686978814
stream,1285,0.8276251020326275,12.029864708275522,0.7111348775798995
stream,1286,0.8300746912093744,11.788826661280952,0.7144355955738763
stream,1287,0.8316869260437515,11.864996079200631,0.6293287778757759
stream,1288,0.8322542631669686,12.86752689748582,0.6271088457717652
stream,1289,0.8324506308882501,12.449746109340435,0.60012397018917
stream,1290,0.8333869824044169,12.918130638592602,0.6076484510995921
stream,1291,0.8339131905586198,12.86858596239477,0.6450731928673004
stream,1292,0.8350671938642812,13.126250396442163,0.6630788358599826
stream,1293,0.8350242197470482,8.538075284121726,0.7358643995486758
stream,1294,0.8335911875201829,8.779974938874492,0.4407075021214141
stream,1295,0.8321830041827548,8.767162523146073,0.49463582187603233
stream,1296,0.8305729813043501,9.274740243723642,0.5370699023349323
stream,1297,0.8299251248771656,9.070441382234465,0.5790828398830382
stream,1298,0.8294719036654855,9.352977595324436,0.5690640367848094
stream,1299,0.8291677131688701,9.228405796087477,0.5658422326939127
stream,1300,0.8281631022537325,9.628469315827893,0.5564701508811609
stream,1301,0.8276960198087129,9.258235582053784,0.5569908215945854
stream,1302,0.8269695510181526,11.219973442304282,0.5667276232960164
stream,1303,0.8261655244619438,16.522971473351163,1.0873833269657236
stream,1304,0.8244993257977821,16.672231596554482,1.1859525446418775
stream,1305,0.8220680209587093,16.199179273324916,1.177337972479442
stream,1306,0.8206236511715858,15.824999402190212,1.1763925011385614
stream,1307,0.8193139814192489,15.871079194326253,1.1815616678332355
stream,1308,0.817056234820362,16.326234976863685,1.3239952562450352
stream,1309,0.8159497660630113,16.461182600315137,1.4272055020035936
stream,1310,0.813614741585256,16.019259406205634,1.377933135836691
stream,1311,0.810197290604757,16.242355636581806,1.379371031285048
stream,1312,0.8100224578554072,15.693927547217978,1.4403671343345696
stream,1313,0.8096041209597188,15.089295210821986,1.3122904034620577
stream,1314,0.8079606180042387,14.648324893417378,1.3333241174468575
stream,1315,0.8084519922385489,14.76504028292083,1.3197866703618928
stream,1316,0.8092790120320579,14.437129592059517,1.275918387439004
stream,1317,0.8076951619666372,14.245951614783413,1.2403959633573893
stream,1318,0.8049751347887381,14.074146884104582,1.240395963357389
stream,1319,0.8007636545430853,14.139988611929374,1.2406196422619122
stream,1320,0.7976569211997937,14.178894320098046,1.2691082841820982
stream,1321,0.7943108646758723,14.01094645021407,1.3228599497985494
stream,1322,0.7920811047498694,11.915986924130214,1.313123166158294
stream,1323,0.7893439821880174,6.849121544326347,0.8125425831901023
stream,1324,0.7882177703844462,7.105970197873986,0.7144151073250636
stream,1325,0.7892289812745318,7.2541164355959715,0.6602009486059895
stream,1326,0.7866501788999419,7.2931605896586795,0.7005146646548288
stream,1327,0.7846880097529889,7.577769955483847,0.7592550338493962
stream,1328,0.784501425611581,6.07324459849742,0.6261070651090481
stream,1329,0.78207036048521,6.665112102613148,0.575783830646307
stream,1330,0.782974696589586,6.851691486284222,0.6695447972065534
stream,1331,0.7832755564283771,6.653606066041822,0.6425806117395061
stream,1332,0.7865241105628525,6.261880416290767,0.544453090576772
stream,1333,0.7917436322190877,6.8022391620099185,0.5233234824900874
stream,1334,0.7964158956180415,6.668880725870212,0.5648157721992415
stream,1335,0.7987785120637851,7.441176985122933,0.5363722131030033
stream,1336,0.8026366295613113,8.625289386421317,0.6984487165400999
stream,1337,0.8057151238383438,8.98902421512247,0.8185272123526509
stream,1338,0.8092299027751899,8.897410443677916,0.837858009776364
stream,1339,0.8129036791596207,8.76714494903873,0.8392922121753458
stream,1340,0.8163778074248631,8.054584046761295,0.7910009811288139
stream,1341,0.818992772538245,7.8963396398198755,0.7368169931611612
stream,1342,0.8196344350657109,8.907248614510996,0.787209604285135
stream,1343,0.8195572379260943,10.01427722220215,0.7680555232981082
stream,1344,0.81880692004007,9.33058243927257,0.8554368094594428
stream,1345,0.8190644088415905,8.919278516964575,0.8537789379136116
stream,1346,0.8194318558119829,8.791174152403041,0.8115422952103571
stream,1347,0.8198154640734086,8.008325019422017,0.7492436662995912
stream,1348,0.8208169457736607,8.106353167746652,0.7383471395846564
stream,1349,0.8240546445663691,7.2248847118832025,0.6876236494375363
stream,1350,0.8277731117058176,7.013890982601133,0.5962423634998678
stream,1351,0.8308932583431176,7.6827623436557095,0.6365617351179077
stream,1352,0.8338364693464362,7.903482921221812,0.6349902806271609
stream,1353,0.8362907682574242,7.3877663932506765,0.6435954955914686
stream,1354,0.8381342459303471,7.796402941264908,0.5942931173954467
stream,1355,0.8395662307337063,7.5392606099591655,0.5786447260933514
stream,1356,0.841628312663755,6.648488912285544,0.41574303893866515
stream,1357,0.8435734875983609,7.523355214254316,0.2849372207479407
stream,1358,0.8448669330243872,7.510402444988612,0.3086607287448313
stream,1359,0.8469584252694854,7.602041931204644,0.30786750018814624
stream,1360,0.8496579096771193,7.9879031457589535,0.3119933964999145
stream,1361,0.8536759276478341,8.241405831463375,0.31269076374276383
stream,1362,0.8571331356048091,7.258697749292148,0.259469197672934
stream,1363,0.8591044081740494,5.926605011165639,0.28674921407881476
stream,1364,0.8623548299347341,6.943662712771337,0.264433436403413
stream,1365,0.8651198146310389,8.129928119537519,0.2637360690536227
stream,1366,0.8681137151708266,8.133151463834105,0.3157942138361294
stream,1367,0.8705106342565001,9.909811456686615,0.38262853580144757
stream,1368,0.8727149519016616,9.930894470411692,0.4138783493882355
stream,1369,0.8741294027789984,9.99579585178558,0.3974442321773667
stream,1370,0.8761318065756557,11.184606094749496,0.416775041378185
stream,1371,0.8777889257669378,11.252655485834785,0.49032354397048367
stream,1372,0.8793183334027389,10.73800681394031,0.5346805129326055
stream,1373,0.8805979445167131,10.784290564557097,0.5382462603941355
stream,1374,0.8823629453135253,11.40436241765692,0.5814961220610952
stream,1375,0.884053238097013,10.691098258547932,0.6045486050956119
stream,1376,0.8857791388476547,10.252045736290649,0.6057271756205462
stream,1377,0.8871658291208405,9.036281700056955,0.5978888397302655
stream,1378,0.88819680019401,9.11356822896627,0.5544191311480784
stream,1379,0.8887875168417533,9.440315840842432,0.5529529707076241
stream,1380,0.8892957766527295,9.344528299996556,0.5829341514616626
stream,1381,0.8887427205460555,9.700162037320586,0.6586575562361465
stream,1382,0.8887791475624492,10.249007061163157,0.7592850702216712
stream,1383,0.8892239714379501,10.291139384732784,0.7432549957447369
stream,1384,0.8893301488912843,9.205193164570527,0.6903680056897867
stream,1385,0.8905393307204074,9.165970288295624,0.7351573759354649
stream,1386,0.8913471284337002,9.29340132040627,0.7368508968574898
stream,1387,0.8919062503763253,7.707906933285935,0.6680522681021656
stream,1388,0.8932352060344092,7.756666674498974,0.6637290431174906
stream,1389,0.8944563269418032,7.638194821370824,0.6724226029755735
stream,1390,0.8949676842712265,7.82709528410128,0.7262117919381078
stream,1391,0.8946551625128161,7.346839309624666,0.6948549222243267
stream,1392,0.8935626526478481,7.684393907214336,0.7217344451886745
stream,1393,0.8916878191090122,9.986048816682532,0.7360859196580151
stream,1394,0.889429866114542,8.898001162421325,0.7852492776304396
stream,1395,0.8865673083275468,8.887871044668406,0.763854654327851
stream,1396,0.884518611730998,9.046469976107488,0.7837097983308464
stream,1397,0.883396867480852,9.025920828930388,0.785617692241255
stream,1398,0.8845950741692985,10.804924863330571,0.8591530797277184
stream,1399,0.8864039989978145,12.3905812885146,0.8594895425297051
stream,1400,0.887947552580171,12.257661064698967,0.8504500712700411
stream,1401,0.8875086688156323,12.33172149513386,0.8265197192995665
stream,1402,0.8884245153289427,15.16039203598396,0.9741975181008495
stream,1403,0.8899127934936374,14.988159889515158,1.0514115751494115
stream,1404,0.8910478480527512,15.016354318618792,1.0395845415557208
stream,1405,0.8918188196944286,14.87446968019454,1.0395844570775274
stream,1406,0.8927599689980275,15.185469111937307,1.0993472403567979
stream,1407,0.89317844161186,15.155901900856572,1.1509166289883763
stream,1408,0.8934486296895183,14.933098055359848,1.1438452131751606
stream,1409,0.8937990313748702,15.175664937929193,1.1375952389577793
stream,1410,0.8936889534546317,15.157998372043764,1.1454148454401265
stream,1411,0.8929044904773589,16.52961269521857,1.051005393288599
stream,1412,0.8927445629873222,17.39006109105411,1.1749711307987338
stream,1413,0.8928096036578851,15.001574378147328,1.1861459901383702
stream,1414,0.8928972574801027,15.402665624045676,1.1015428883148852
stream,1415,0.8922387395534359,16.68657476452354,1.2165801457719834
stream,1416,0.8914767554252943,16.494944586581575,1.2418056487172313
stream,1417,0.890254322633699,18.460918059168097,1.319049819830229
stream,1418,0.8892159517531586,16.602722416019123,1.3142979648965356
stream,1419,0.8884064024254057,16.46454271182253,1.3931134527731872
stream,1420,0.8880074179585218,16.343384723127382,1.4593630375393378
stream,1421,0.8886149917811128,15.746627202318699,1.406872617492479
stream,1422,0.8900809792815348,12.432337152763138,1.1788021800825825
stream,1423,0.8918466360551921,12.420480383541477,1.0964678351697674
stream,1424,0.8931770430158387,12.577486175701234,1.0980317556574004
stream,1425,0.8939411116911987,11.786763615240359,1.0995974639754844
stream,1426,0.8941557125002387,11.522970442944157,0.9872127208318863
stream,1427,0.8936041730335972,11.504600266830028,0.9403707471405394
stream,1428,0.8927060650916446,11.718047223404955,0.9193370008255558
stream,1429,0.8923214321595035,11.641783719874628,0.9185437740240614
stream,1430,0.8920433149886955,10.57485580488222,0.8376041813735613
stream,1431,0.8912958481143701,9.134397429383375,0.8372113234850509
stream,1432,0.8905440035643052,7.898559835506117,0.6569959276326273
stream,1433,0.8909957541029254,9.38193263735929,0.6957194066683163
stream,1434,0.8903695091488018,9.100579352549683,0.7639749008383923
stream,1435,0.8904567903140646,8.29685928047959,0.7092043205593415
stream,1436,0.890872190810189,9.443236772978093,0.6698999513995901
stream,1437,0.8912985315359094,7.529438836911323,0.6558360489103763
stream,1438,0.8915755458538674,7.68877350711832,0.5842630470884588
stream,1439,0.8908105330435682,5.942187822124786,0.5054475591237271
stream,1440,0.8904584968914583,6.2841741354494545,0.4565267740790407
stream,1441,0.8918487027741211,8.017429470536142,0.48597400586820266
stream,1442,0.8942722341469755,7.9411673522184465,0.5500189123983144
stream,1443,0.8956887195703054,8.432825707791768,0.5480734619678838
stream,1444,0.8982631889842504,9.43587645875774,0.6522834354095864
stream,1445,0.8998335249069043,9.177183191222236,0.6213475674211387
stream,1446,0.901449857128037,9.628295266070648,0.646307974598643
stream,1447,0.9028959742138346,9.499622924698771,0.6659996604469506
stream,1448,0.90427781459234,9.993916210643329,0.6687891516480293
stream,1449,0.9055776964681278,9.986454146079419,0.7588170125517877
stream,1450,0.9067530123372108,9.634037127164342,0.7555162825626109
stream,1451,0.9078507043293838,9.432317839554532,0.7607418275031382
stream,1452,0.90860120892961,9.71355313348359,0.7548997220311114
stream,1453,0.909233724254909,8.454282084840527,0.678390599351857
stream,1454,0.9099579274858555,8.298548755864212,0.603187772326953
stream,1455,0.910450732839266,8.08333160451974,0.5559849836505469
stream,1456,0.9110667127222883,7.434555181418806,0.6115561399642473
stream,1457,0.9116547289193256,7.5422921908885385,0.5949358663362024
stream,1458,0.9121596910529228,7.454192727205677,0.6411950008169796
stream,1459,0.9123586174639499,7.975616585549082,0.6819298030823635
stream,1460,0.9124697013941554,7.878848160974785,0.6463115478935203
stream,1461,0.9125571772275622,6.34433756832866,0.6794861823486789
stream,1462,0.912538775554128,6.358980871256044,0.5940203012753142
stream,1463,0.9117203662945164,6.082564186756643,0.5984921234080278
stream,1464,0.9115445249655676,5.941950729715878,0.5873137391924
stream,1465,0.910201218043908,6.694701716179055,0.6833811196598426
stream,1466,0.9088809567803875,6.296527570284103,0.7432398769413484
stream,1467,0.907420884302749,6.175525471957361,0.7218189145991851
stream,1468,0.9070242393426617,5.688826934269525,0.7483807956380536
stream,1469,0.9088617683024682,5.636491566529753,0.6570634792755804
stream,1470,0.9097270476385723,5.856860266844852,0.6796949766848562
stream,1471,0.9104940312440727,5.9785571180218975,0.6755107665390805
stream,1472,0.9108974326887848,6.224170713075752,0.6723773041566132
stream,1473,0.9133012460198616,9.282065794467407,0.8838462724280196
stream,1474,0.9158221899972886,10.335739532566032,0.8829835107936757
stream,1475,0.9175645741758067,10.139165058627329,0.9200548055234988
stream,1476,0.9182505858975012,10.927073578250884,0.8670099840530378
stream,1477,0.9184158466722004,11.023018451384004,0.93239307347406
stream,1478,0.9175145505196358,11.040908667470024,0.8859177778292188
stream,1479,0.9158425357612507,12.815493632282196,0.9394326617909091
stream,1480,0.9146505271873832,12.812477288472788,0.9907087284192007
stream,1481,0.9128616681716939,12.556153780466472,0.9606111445136185
stream,1482,0.9100744620177135,12.673756387644637,0.9652971991765397
stream,1483,0.9072704176111327,12.511505336203577,0.955992689991809
stream,1484,0.9061966536062387,12.060236691093456,0.9002091064038087
stream,1485,0.9073427480141786,11.418960619368034,0.8029048483395356
stream,1486,0.9079866256791915,11.224682360746808,0.7251288500692626
stream,1487,0.9086646793040912,11.207190415797275,0.7240949965365777
stream,1488,0.9096226444051223,11.363734254902871,0.7183975966415086
stream,1489,0.911268512074894,11.581954035245365,0.770615415988956
stream,1490,0.9132940173805967,11.584651912216648,0.7523823730870296
stream,1491,0.9132039226760428,11.7967572791106,0.814083205153268
stream,1492,0.9112254403271257,13.507641093321752,0.8287692276929013
stream,1493,0.9102272698583851,10.232654244515597,0.7016289361209448
stream,1494,0.9089634432749165,9.22226148183131,0.6895838652117867
stream,1495,0.9071520388851474,9.156184684665215,0.6492644474495205
stream,1496,0.9037982878003172,8.313439292923226,0.6518583834278572
stream,1497,0.8998455039606837,8.058512287359635,0.5691257465193252
stream,1498,0.8945769617112221,8.00062832808265,0.569125747019144
stream,1499,0.8922110321514205,8.027266397618593,0.5192330258754643
stream,1500,0.8886639267918947,7.754543593192142,0.5578569365808347
stream,1501,0.8849986965241233,7.75108629181845,0.5332668494027022
stream,1502,0.8830517712426181,9.897179293701814,0.5898456581036468
stream,1503,0.8828624858894931,10.561419250734714,0.6107026788432752
stream,1504,0.879981118645952,10.00833044943258,0.6278623382044172
stream,1505,0.8821121566407575,12.421306309404237,0.7194127961797477
stream,1506,0.8835322852653414,12.41061621942083,0.8431208822992524
stream,1507,0.8847551196913406,13.334023890279655,0.8814027281543706
stream,1508,0.8866270445786153,13.275253288093811,0.8633013590461184
stream,1509,0.8888057230525211,13.088763609363175,0.8465645730890808
stream,1510,0.890457409624207,12.816386115023965,0.8421661162753574
stream,1511,0.8912264503108547,12.552615071665763,0.7804652904794649
stream,1512,0.8912346679827367,10.693523716585162,0.7649841476842093
stream,1513,0.8923909605241832,14.040502774064448,0.8887694404258852
stream,1514,0.8924282461137889,14.510082884766494,1.1152307947754974
stream,1515,0.8916413366369549,15.211668013137595,1.1873000594194913
stream,1516,0.8896294125746852,14.772146855011611,1.1914748473506063
stream,1517,0.8866389351262934,15.409453506766962,1.1897078781163395
stream,1518,0.8823659997600158,17.90314377149705,1.2192754109649555
stream,1519,0.8782602747468123,17.235571162144637,1.1784052951891415
stream,1520,0.8741328833468172,17.267002640990395,1.1300183985632473
stream,1521,0.8700946605011474,17.273886777280428,1.1225165303340245
stream,1522,0.8655156117216658,15.308006830248768,1.0695034902935259
stream,1523,0.8606876916536521,14.835976588079507,1.0486464734990906
stream,1524,0.8565506608713778,14.784155475363685,0.990319647265315
stream,1525,0.8536278559034649,13.626064098290227,0.9562557503110422
stream,1526,0.8524484047407066,13.610865434023214,0.8651096345496226
stream,1527,0.8602148823872328,13.444453345670063,0.8402882402729717
stream,1528,0.8692191797823213,13.170768118398046,0.8628407997915427
stream,1529,0.8774065551066753,13.041785581543907,0.833530809163508
stream,1530,0.8848045014075501,13.338930406719912,0.8457017689956776
stream,1531,0.8891997382381477,13.51644373881181,0.9013500321832898
stream,1532,0.8897366490826344,14.931499403127859,0.9183331283591216
stream,1533,0.8903344001090061,11.579397910732524,0.749442698009918
stream,1534,0.8920282074105238,11.90385512360776,0.5403684491521302
stream,1535,0.8934224629849054,11.4822587129638,0.460047339289616
stream,1536,0.8947647525680136,11.735420257444261,0.4476207540394377
stream,1537,0.8967152041451216,11.375261706857206,0.4194479477955848
stream,1538,0.898227763164291,9.049141927119173,0.3928860667567163
stream,1539,0.8996784900262345,7.442930333382083,0.3892394475050718
stream,1540,0.8991283270620158,12.370036786081242,0.5992105411234433
stream,1541,0.8992297122175954,13.120033355770422,0.9174254104204029
stream,1542,0.8991452423879627,12.798588582267085,0.9334554851112199
stream,1543,0.8993367998934435,12.649090422162908,0.9388313881794028
stream,1544,0.9003114429713742,14.08544705552071,0.9599609957229572
stream,1545,0.9004267410711494,15.387582397567247,1.1468270691812985
stream,1546,0.8998211412541142,15.929551869630021,1.138184187543034
stream,1547,0.8989029613111321,15.252282789722706,1.134009400025035
stream,1548,0.8980646029436145,15.202727069748539,1.1144135904624448
stream,1549,0.8975880098737015,15.986264167903721,1.1344923938772553
stream,1550,0.8964597640548451,16.393097378243624,1.2338078746895944
stream,1551,0.8952718381780541,16.12592063650291,1.2037610072675562
stream,1552,0.8941398853865613,14.472140418278297,1.1914414180532376
stream,1553,0.8926884956344613,14.735604272900076,1.1835204296159814
stream,1554,0.8914728527091758,14.251471319218338,1.2075278493953197
stream,1555,0.8904330968297351,14.129804171609164,1.2048831235560582
stream,1556,0.8894138621971897,13.872596741649422,1.216383090833292
stream,1557,0.8889509418015056,13.907292125350038,1.2337702112456754
stream,1558,0.8888333126098887,14.163837276587977,1.2472306559305166
stream,1559,0.8888518437219347,14.879640864175386,1.2540088141596468
stream,1560,0.8885718058046416,9.916558329776532,1.0208140947063922
stream,1561,0.8881298559391358,9.341891373018239,0.7060860700487508
stream,1562,0.8876344038118015,9.618408817386209,0.6777647111909473
stream,1563,0.8867935843062853,9.606540655210955,0.7078697986829107
stream,1564,0.8866924389840151,14.037363835822525,0.9364761443351277
stream,1565,0.8866015508959949,11.349409707097461,0.9402145700495784
stream,1566,0.8866408869690063,10.796914213815416,0.9075699854784227
stream,1567,0.8867897666501771,11.05780279140712,0.9117447988150723
stream,1568,0.8888288010214758,21.149818605457394,1.4567955301695252
stream,1569,0.8906388005152355,20.69790970402102,1.889866974470381
stream,1570,0.8923153563486559,19.99768840065955,1.7984556260189557
stream,1571,0.8938279791707614,20.0458804787063,1.784104150528362
stream,1572,0.8951446193914845,20.011552682999948,1.7740647367621372
stream,1573,0.8965005209034724,22.704244957726672,1.892056796177288
stream,1574,0.8972733574487856,22.556740514063684,1.9210566928651462
stream,1575,0.8974417185220313,23.289761288122815,2.0167329454897436
stream,1576,0.8969863052761552,23.633788163125505,2.00131379380427
stream,1577,0.8963578349713962,23.461236395701185,1.983349620864248
stream,1578,0.8952822272195036,23.54497793796459,1.9693590739754674
stream,1579,0.8939682142987543,22.69562731057958,1.9718854091343119
stream,1580,0.8908165061886882,25.656803261148177,2.116666900869511
stream,1581,0.8867335205790468,26.15700628044361,2.332229993720227
stream,1582,0.8825609615560802,25.914171650796224,2.380914087044684
stream,1583,0.8761043819937252,26.046905587289906,2.3480458759105565
stream,1584,0.8709813424003053,20.525445366726945,2.124832359609964
stream,1585,0.86825239431491,22.179209875013996,1.8728710209462784
stream,1586,0.8648617742232264,22.222133961582127,2.0155302437451827
stream,1587,0.8618648650013564,22.459440731173313,2.028631610910023
stream,1588,0.8597006770371711,12.358172811459891,1.495050758435412
stream,1589,0.8574757963615557,12.481038159507955,1.0698365503523812
stream,1590,0.8571086111469599,12.588862594910395,1.076283893482061
stream,1591,0.8587885418931323,12.593799958500085,1.0705565167144282
stream,1592,0.8596205720507781,12.63527727630452,1.0879549828209303
stream,1593,0.8607942129773716,9.688056363805863,0.9420494426407675
stream,1594,0.860431604315221,9.853548022129136,0.8799576262898802
stream,1595,0.8623059023182289,9.80918178396788,0.8799576901282723
stream,1596,0.8629543860207285,9.851271944008694,0.9543653548040038
stream,1597,0.8646104729556443,9.707321930838853,0.9700137514028173
stream,1598,0.8669755423078426,9.243409367278565,0.9762636974966341
stream,1599,0.8688492353844994,9.202539504330618,0.9695719698276185
stream,1600,0.8724206598450831,7.05997863120519,0.8319745600065809
stream,1601,0.8750743186195736,6.350678900524989,0.623864447351956
stream,1602,0.8769100083292558,6.315646800728312,0.5776558949916222
stream,1603,0.8777323315110412,6.356998990273448,0.5924415513123296
stream,1604,0.877652261067495,6.90995505161387,0.583590112670225
stream,1605,0.877496262575767,5.25645961814602,0.6159471083768007
stream,1606,0.8772339014635516,5.649544776840608,0.49874835255824057
stream,1607,0.8780052495323578,6.137830553651609,0.5506259617442086
stream,1608,0.8784637393353306,6.3334926291744065,0.5830412465887463
stream,1609,0.8788571652887458,5.86193046924649,0.5650073785022349
stream,1610,0.879028877348423,5.91151485230526,0.5498571165597563
stream,1611,0.8793117177667061,6.002188079721473,0.5825487237359908
stream,1612,0.8793107696655337,6.41580778295409,0.5825487237359908
stream,1613,0.8792729365781303,6.405053001245471,0.6003776087986417
stream,1614,0.8789867846727265,6.060532081301315,0.594719734058386
stream,1615,0.8785369826025927,5.8946167445908095,0.5441240205093486
stream,1616,0.8778317465247728,5.561821510803619,0.4761599552041191
stream,1617,0.8769585635491992,5.635109024683933,0.46137620573039173
stream,1618,0.8754714782880705,5.763968668735959,0.4728461598965028
stream,1619,0.8739163357648704,6.055255983199738,0.4712352750732316
stream,1620,0.872412222844523,5.289580917059114,0.45505679783260566
stream,1621,0.8708888160190196,5.268917069804217,0.44878990400727214
stream,1622,0.8689601756323716,5.468278780331845,0.46185379167325163
stream,1623,0.8676855709765736,5.251236523346344,0.44858126569615153
stream,1624,0.8672868126406572,4.36366028255,0.4442298039353611
stream,1625,0.8667396109221039,4.4038528118988465,0.40720930098417096
stream,1626,0.867086645145302,4.289187781788805,0.3932412865309459
stream,1627,0.8684579083300076,3.483404825178255,0.3121890710836709
stream,1628,0.8700240700866059,3.293289994061538,0.2738809431177608
stream,1629,0.871200828305035,3.3129718695886363,0.2595389353454332
stream,1630,0.8717655089464327,3.6252978551498094,0.28069108136877985
stream,1631,0.8723414962914009,3.496520742079367,0.24666116366219673
stream,1632,0.8717454771020702,3.3199121932917803,0.25011974661253206
stream,1633,0.8729787184588942,4.491414224523548,0.31837518002539517
stream,1634,0.8733895736721741,5.394910246499296,0.4343727394024235
stream,1635,0.8740139663604016,4.814081484104063,0.41335783687098576
stream,1636,0.8750561492255785,4.801521910604644,0.4269893863486995
stream,1637,0.8779445101452087,5.779182557909372,0.4598069668048855
stream,1638,0.8789412050868516,6.236748041572793,0.5478610828285094
stream,1639,0.8784843818137972,6.298266044501339,0.5472840227383758
stream,1640,0.8783457711818815,6.240418828729437,0.5463573787408895
stream,1641,0.8786418636322074,6.2517532636195305,0.541131819739976
stream,1642,0.8790034667719147,6.153139162820267,0.5352897198029994
stream,1643,0.8785942836581373,6.77089649629779,0.5574136850303416
stream,1644,0.878705601246617,7.580580225267502,0.6933004889368425
stream,1645,0.8784223929150035,7.6383451332569585,0.7378454327894062
stream,1646,0.8783033117488793,7.719835210013727,0.7830426776622015
stream,1647,0.878047290990475,7.451943226766561,0.7898208315561158
stream,1648,0.8775581851050562,7.511627426246729,0.7807438407278261
stream,1649,0.8764702887137721,8.598402587067245,0.8199072433345833
stream,1650,0.8745782055399213,8.108008035288282,0.8139053592537152
stream,1651,0.8729798834503699,8.61352105900182,0.8144485495473017
stream,1652,0.8717199226467207,8.293703663328602,0.8498883400668759
stream,1653,0.8710473947870581,7.347935231515162,0.7746855493876158
stream,1654,0.8706229709065729,6.517062172409683,0.6859830190407685
stream,1655,0.8703829519748885,6.663894937244093,0.6692481172621066
stream,1656,0.8705905564435718,6.8004680887674835,0.6939623394910193
stream,1657,0.8725249585042238,6.7932168849028844,0.7222046042032243
stream,1658,0.8732464760339275,7.975285185027493,0.88156110231455
stream,1659,0.8742519027495295,8.812624778868228,1.0764980998585445
stream,1660,0.8761008601969754,9.08917836904487,1.0787499434518855
stream,1661,0.8784086701388484,9.323203985854972,1.0853138598439303
stream,1662,0.8800539030026009,9.836373378359802,1.1651218128820169
stream,1663,0.8810433833305124,9.229104552221846,1.1456500711066984
stream,1664,0.8823076017322761,9.609119217487804,1.0466371404044672
stream,1665,0.8831581744269287,10.454773305715786,0.996539590314146
stream,1666,0.8828542319904006,11.429802157032501,1.0891763771743854
stream,1667,0.8818837098017054,12.057718554467655,1.0844809056518339
stream,1668,0.8807574353142201,12.487130275388195,1.1464449091872373
stream,1669,0.8794252269425676,11.67957445250741,1.1845256106833204
stream,1670,0.87569084881256,12.41708870210184,1.2604669895335867
stream,1671,0.870957177886413,12.164348805281405,1.3292261903645024
stream,1672,0.8651508279596365,12.221193106335733,1.293786371059027
stream,1673,0.8591406315552881,12.410345689629851,1.3281678263042396
stream,1674,0.8527627077196114,12.330017045409251,1.3111358503771628
stream,1675,0.8472687939927659,12.073445244021498,1.302803171082074
stream,1676,0.8389535781243593,12.48018589565595,1.2701847594239997
stream,1677,0.831952157213235,11.590154101196681,1.2641322429410842
stream,1678,0.8256057462347489,10.021441560014797,1.0291707630117357
stream,1679,0.8218467623447193,9.55394766316587,0.9079440569769269
stream,1680,0.817824443933766,9.392777752616771,0.8959215353510225
stream,1681,0.8157996939916612,9.80143566037356,0.8933970790305047
stream,1682,0.8144226429109789,9.328895637729712,0.8073128314033157
stream,1683,0.8133755914099927,9.675168565350777,0.8327863852330379
stream,1684,0.8147144491621524,8.758913067949043,0.8350833986603525
stream,1685,0.8162478174540859,7.815093833622437,0.8615099767849612
stream,1686,0.8202231627434029,7.731570358596576,0.7376439595051513
stream,1687,0.8228849111238402,7.264833239533808,0.8268785336275153
stream,1688,0.8247710573116005,6.994860729523413,0.7654577202015674
stream,1689,0.8279406379667242,6.7753040456916285,0.6862098510339049
stream,1690,0.8309740020221102,6.028999940762585,0.5836257358527859
stream,1691,0.8356807106440188,6.9685652578620445,0.5700186046250301
stream,1692,0.8403265204537634,6.843014185872131,0.6030730160575162
stream,1693,0.841870123009331,6.481158952693078,0.555430346002542
stream,1694,0.8438218469880276,7.31602356795425,0.5724622876355393
stream,1695,0.8438851372045617,8.565667819223052,0.738158935614
stream,1696,0.8447417045219923,9.180913699491578,0.918395248071835
stream,1697,0.8445200479943891,9.544800477065563,0.9941392528640074
stream,1698,0.8436097134439606,10.421805606972086,0.9649156905467302
stream,1699,0.842087995645194,11.412259207895131,0.8928632742736956
stream,1700,0.8406837215428845,11.336551632586254,0.9154158472595544
stream,1701,0.8398039253083305,11.623826563890718,0.952663894533316
stream,1702,0.8385006321634203,11.543801170255625,0.9884983135745868
stream,1703,0.8375461323294165,11.258367710985258,0.9813142316604256
stream,1704,0.8364398333231149,11.032814465458452,0.9288238084946242
stream,1705,0.8356696888267575,11.034933824057536,0.9046566123463722
stream,1706,0.8345513229246044,9.989718478681214,0.8993915952020947
stream,1707,0.8334449944567024,12.962588489385833,0.9809589118704243
stream,1708,0.8335604418188428,12.754844420390597,1.0545582743168211
stream,1709,0.832591453875405,13.0930619972961,1.0798984425968077
stream,1710,0.8314463286802884,13.08222892820507,1.0986802896045238
stream,1711,0.8304809800478707,14.631030520340602,1.127264795949454
stream,1712,0.8288291660385538,14.68064759521461,1.1812100715860017
stream,1713,0.8280208124741211,14.84702017410198,1.200364187147374
stream,1714,0.8284760598679661,14.708209758346008,1.2317718873218466
stream,1715,0.8293979300822387,13.571962765862201,1.1182930618559213
stream,1716,0.8306703895612089,12.37310898030819,0.9329364835264766
stream,1717,0.8310199031395084,12.16766923588516,0.8160422815496119
stream,1718,0.8303296284456473,11.052254971672783,0.8269238334187566
stream,1719,0.8300353822122964,9.340643639079016,0.8274539247678739
stream,1720,0.8283197074463561,9.335706614428751,0.8012566574046057
stream,1721,0.8275912365992412,9.490838281562013,0.8317582606401194
stream,1722,0.8265333516705045,9.561650627085738,0.8080422115074885
stream,1723,0.8278323184815177,10.845092023728578,0.8092244162965766
stream,1724,0.8296737021540598,11.12118779480915,0.8225439070412716
stream,1725,0.8319508289186172,11.770061147936719,0.8287938624607853
stream,1726,0.8313681422017661,12.573509621750231,0.9202051522974352
stream,1727,0.8297353199863554,9.49096673016476,0.805374846808
stream,1728,0.8287661116153371,9.6072547221681,0.7270480698250565
stream,1729,0.8302080786314683,10.02307993095845,0.7311551695526345
stream,1730,0.8304905099650595,10.598395766750981,0.8071756928790644
stream,1731,0.830761695401903,7.9091423054166645,0.7299616362436184
stream,1732,0.8324565558930963,8.036208990010184,0.6429619779604858
stream,1733,0.832715035216306,8.082795457722213,0.6482269945752757
stream,1734,0.83188252418253,7.406318261819835,0.588905860584572
stream,1735,0.8331607237785521,7.735355708311121,0.5790844507937922
stream,1736,0.8343618072709487,7.895178953652685,0.5946652861855258
stream,1737,0.8364793285249396,8.376374700137434,0.670835945117992
stream,1738,0.8382860461611346,8.478850269428904,0.7132230204954475
stream,1739,0.8384803153674873,9.356414206677771,0.7217098325523602
stream,1740,0.8380142797650343,9.682825639710249,0.7241045356370018
stream,1741,0.8376749098121856,8.981335345912392,0.6987907627686211
stream,1742,0.8368959394874684,9.128452325907471,0.7245387845959518
stream,1743,0.8361428181760258,8.013878409857998,0.7305406617210248
stream,1744,0.835063182918324,7.685699863282492,0.717221173282684
stream,1745,0.8338844165776658,7.122240336924956,0.7172211924286603
stream,1746,0.8328234966522334,6.175902207825424,0.6136689494758224
stream,1747,0.8323505808265111,6.1275853673061285,0.562392819285649
stream,1748,0.8319126253221087,6.221788896650862,0.5679153690633423
stream,1749,0.8309388223388202,5.9814434929672915,0.5967948786953383
stream,1750,0.8299344120463967,5.652597370938584,0.5672967782363139
stream,1751,0.829853136891492,5.629361258250637,0.5672967778231979
stream,1752,0.8292400810454617,6.337853632337878,0.5625129421186142
stream,1753,0.8294003896041655,6.1072295152837635,0.5857365243864617
stream,1754,0.8297256243899087,6.1308330521063406,0.5875410500743042
stream,1755,0.8305059499649328,5.681334779467984,0.5453044073710497
stream,1756,0.8311322529680826,5.5612535217691965,0.5226728784738054
stream,1757,0.8325283993360441,5.321929539763733,0.4381337787615923
stream,1758,0.833989485468801,5.457272966767721,0.3815644331267612
stream,1759,0.8361611529924097,5.025547377949579,0.42676158228878364
stream,1760,0.8374705573321533,4.829698436800513,0.42392512912632274
stream,1761,0.8386219685329559,7.328689962018586,0.5507273072648222
stream,1762,0.8393995037402271,7.04131362023134,0.5989452233418116
stream,1763,0.8394596721701557,7.094901856150949,0.5785919576919476
stream,1764,0.8392700631301171,7.091514117237624,0.5881690228064425
stream,1765,0.8392818290569837,7.2477835572222835,0.5917348132970343
stream,1766,0.8395906072326935,9.133005798606861,0.6301556547893954
stream,1767,0.8394290876169878,9.196480272584463,0.7177869683114202
stream,1768,0.8398564746448458,8.99242171278096,0.711439244838032
stream,1769,0.8403644218226656,8.513914051073574,0.6652834515613765
stream,1770,0.8412145724529647,8.354377006998687,0.6134189945432813
stream,1771,0.8420745348556465,8.36302712039406,0.6068964609224698
stream,1772,0.8429871067951606,7.578050965535046,0.5909830181492884
stream,1773,0.8438062696858407,7.576971567296448,0.5433403103373757
stream,1774,0.8447247678778781,7.805863538405331,0.5446786520264469
stream,1775,0.845851992038654,7.807948668038671,0.5512970406271187
stream,1776,0.847116252498767,7.7710677157832135,0.5545977724445461
stream,1777,0.8476644066270907,7.280173867947296,0.5491090736098729
stream,1778,0.8478416097397589,7.3002242642332416,0.5632913193581695
stream,1779,0.8475015572038359,6.9628713840888,0.5411016190282969
stream,1780,0.8467611203430688,7.004743007376536,0.5395396154189681
stream,1781,0.8460753626334077,4.107731308922673,0.3785533823128704
stream,1782,0.8451337010633377,4.154646581669027,0.28986570970723735
stream,1783,0.8446763305567373,6.549657447418875,0.338495260410869
stream,1784,0.8435830700901752,7.170352441104482,0.5566539900699207
stream,1785,0.8423838127980123,7.286830789828886,0.5488814432611884
stream,1786,0.8397929796337147,5.863718255285417,0.5026222691585879
stream,1787,0.8372236537370094,7.06690268351867,0.5639660387777726
stream,1788,0.8355069963914699,7.194134915014752,0.6309393892551082
stream,1789,0.8331468390113435,7.085229685264153,0.6309394111502614
stream,1790,0.8320131125736624,7.078055681971019,0.6178924596271198
stream,1791,0.8317748457226809,7.101234433883792,0.6208492243043836
stream,1792,0.8317135523167997,7.01217703357787,0.6205127570658723
stream,1793,0.8311597294366778,7.027630848575811,0.6228924492243878
stream,1794,0.8296891686416059,7.8648074437747555,0.6666422119421561
stream,1795,0.828714335476322,8.132559853542306,0.7388393700806946
stream,1796,0.8283886084541559,8.12913191516612,0.7497209103813979
stream,1797,0.8287386740949402,8.12380598171931,0.7484314585617012
stream,1798,0.8297545652896221,7.8251240332363,0.7351702501428695
stream,1799,0.8311305014087137,7.714612335992926,0.7020650826192276
