segment,end_index,PW_WTC,E_CCDC,CD2_P
stream,0,,,
stream,1,,,
stream,2,,,
stream,3,,,
stream,4,,,
stream,5,,,
stream,6,,,
stream,7,,,
stream,8,,,
stream,9,,,
stream,10,,,
stream,11,,,
stream,12,,,
stream,13,,,
stream,14,,,
stream,15,,,
stream,16,,,
stream,17,,,
stream,18,,,
stream,19,,,
stream,20,,8.917684431720197,
stream,21,,8.736472129148147,0.6693934758078091
stream,22,,7.278058798915327,0.6649607659196823
stream,23,,8.33209780614185,0.6121629974591963
stream,24,,8.82842791602278,0.6900789581293438
stream,25,,8.830387734137343,0.7095060142248677
stream,26,,7.460765878904601,0.6616515375547496
stream,27,,7.67547189488275,0.6474475252482894
stream,28,,8.260915551356616,0.7142819598261303
stream,29,,8.255125298229231,0.7223861243043166
stream,30,,7.974790161895546,0.7203721922419096
stream,31,,7.962755780034837,0.7140834094110728
stream,32,,8.149664981352956,0.7117629082281586
stream,33,,9.562079585433391,0.7170358240827797
stream,34,,9.568773431602493,0.7327124880440027
stream,35,,9.65655081478883,0.7469164930696724
stream,36,,9.265744298773875,0.6277969378663462
stream,37,,9.57003641811852,0.6277969208970999
stream,38,,8.541179340122268,0.598837891082536
stream,39,,8.564641616025964,0.5888063360652593
stream,40,,8.710394635969154,0.5734840451776828
stream,41,,8.639293517479489,0.6125983529656903
stream,42,,8.66786553263358,0.6215177643672938
stream,43,,7.418325042860103,0.5546833277511852
stream,44,,11.355828625539996,0.6580206998664755
stream,45,,13.447906632098604,0.6412242790188678
stream,46,,23.790684690632265,0.7372820231880025
stream,47,,30.244675570717064,0.7161821997495675
stream,48,,30.399055351904877,0.7495718025482557
stream,49,,39.58197038061183,0.9002930707920934
stream,50,,40.56598000344254,1.069746813478537
stream,51,,41.878026412424624,1.0733932888014355
stream,52,,41.77551206207014,1.096104224970067
stream,53,,40.76753205070452,1.0950231837209725
stream,54,,42.05015869295646,1.2012274212712875
stream,55,,43.08246666210119,1.160523415691007
stream,56,,47.71517029423585,1.0922454598627085
stream,57,,54.12686700730494,1.09090217014832
stream,58,,59.505194039368874,1.074242689705149
stream,59,,62.044219557004695,1.0759445216163057
stream,60,,63.549357745401664,1.0182709506752772
stream,61,,63.806980185589524,1.0116699379760408
stream,62,,67.81943266850072,1.0587416613823342
stream,63,,68.1003935442882,1.2861185530451462
stream,64,,63.7494507641861,1.0983819175973988
stream,65,,62.08350520311907,1.0957512823494826
stream,66,,53.43158496801454,1.0150540094597305
stream,67,,47.927703205235225,1.0029642308154203
stream,68,,50.18268231011965,0.9212363967330506
stream,69,,45.21836001670446,0.7746377035181031
stream,70,,46.87942650736985,0.6082367005755016
stream,71,,50.46850408780122,0.6201492836760729
stream,72,,58.49604503464157,0.6137046758136817
stream,73,,63.638864467681884,0.6131379221660503
stream,74,,66.80654472997377,0.48335912301873885
stream,75,,64.1190948630781,0.536314812392888
stream,76,,59.68291334096268,0.5312461154787013
stream,77,,53.87183364601748,0.5382075746714592
stream,78,,48.535465652271974,0.56569035929524
stream,79,,48.28426610635197,0.6253066094191345
stream,80,,47.372120879524935,0.6322930009232515
stream,81,,47.67465092740886,0.6021984884033549
stream,82,,44.4280559595583,0.5494490121203832
stream,83,,44.278934690983284,0.33053677125081565
stream,84,,45.05635287445017,0.3356767695907258
stream,85,,45.59004047102188,0.32909315736757755
stream,86,,43.55933668101256,0.3441220510731681
stream,87,,42.436233264192865,0.34291367753518753
stream,88,,39.45752006863124,0.32433650709901063
stream,89,,36.09024746731068,0.37316962144426963
stream,90,,33.74223432526174,0.37946806604456795
stream,91,,29.96993486416133,0.3711805904268517
stream,92,,21.885733122955447,0.40895922953007086
stream,93,,17.477075313702517,0.49583116698323293
stream,94,,12.928919143480876,0.5098579766880181
stream,95,,14.44102200197184,0.5351308081139207
stream,96,,14.83568207111715,0.7404993834920042
stream,97,,15.12750603976273,0.7323468729360448
stream,98,,15.14759809525289,0.7272109426654709
stream,99,,13.110642255832039,0.6586365742322072
stream,100,,11.916901695302625,0.6669663380699623
stream,101,,12.83084054210122,0.7315611308900847
stream,102,,12.269804884233332,0.8224629245778177
stream,103,,12.575283053188745,0.8137920431624514
stream,104,,11.88351845530807,0.8142508584696555
stream,105,,11.124749755843416,0.8462534458786631
stream,106,,11.160938069644233,0.7929158240808297
stream,107,,11.112153488168085,0.7935421540110849
stream,108,,11.628049158545457,0.7986821828926028
stream,109,,10.964982326235406,0.7733870276301591
stream,110,,11.769345772541016,0.8526885044734983
stream,111,,10.59774894544804,0.9162195552880312
stream,112,,10.57247526766595,0.8621745855568953
stream,113,,10.133148005334661,0.7900347056504512
stream,114,,13.09933796860265,0.804217356731414
stream,115,,11.283365712660185,0.7849252852183628
stream,116,,13.84539844839848,0.5967961679474859
stream,117,,12.866071583754938,0.695122351787659
stream,118,,14.923190116514764,0.6884903263065525
stream,119,,15.138764856826576,0.7034673035408963
stream,120,,15.23034065926235,0.7239061281196207
stream,121,,13.649535122493045,0.6570717985170034
stream,122,,14.371620890683483,0.5905114675085571
stream,123,,13.975265344803613,0.6531096517133849
stream,124,,13.870973478218344,0.6518646363528902
stream,125,,14.184869336303851,0.6507581503228276
stream,126,,15.698387662996288,0.8087510908618107
stream,127,,20.54502340515873,0.8404588187010612
stream,128,,20.541993112124626,0.9098754057995595
stream,129,,20.847429299353557,0.87431694132121
stream,130,,20.202519786758014,0.7856642736794327
stream,131,,20.183395460706066,0.7395788813009192
stream,132,,20.181444008381188,0.7398564064834647
stream,133,,20.113736069704398,0.738185706623791
stream,134,,17.07178304000856,0.738185706623791
stream,135,,17.922281793572523,0.7090718407978109
stream,136,,18.90249297508759,0.7234011544927852
stream,137,,19.171607963648327,0.6880413582200272
stream,138,,19.251694881091687,0.6767572164801207
stream,139,,18.57683383639866,0.703035754724313
stream,140,,20.090921492337124,0.7309351093399559
stream,141,,20.080648764258758,0.8007178399163702
stream,142,,19.34494808469047,0.7728398826426974
stream,143,,19.32070654039305,0.7102416984378696
stream,144,,19.439804168794318,0.7128839963501729
stream,145,,19.093032070873463,0.6814501614176279
stream,146,,17.519157132667868,0.5234572150465882
stream,147,,13.35297430503838,0.5203851624205317
stream,148,,12.861033679540492,0.47125311807049486
stream,149,,12.392659608556253,0.4755259358118552
stream,150,,12.653026478264616,0.5029201112501852
stream,151,,15.93955260572716,0.508804144008204
stream,152,,16.480402223088696,0.5378695869297149
stream,153,,16.649463782518534,0.5168293493391943
stream,154,,17.287119998272154,0.48853892381907205
stream,155,,16.23529334778959,0.45305793670016886
stream,156,,12.25616458791554,0.42371901373205006
stream,157,,12.53299842896658,0.383226767106744
stream,158,,11.152558973837257,0.37207751763890806
stream,159,,11.639448567172582,0.3360160105229711
stream,160,,10.11570797796596,0.27707952432811567
stream,161,,10.20205376051912,0.22495635867513403
stream,162,,10.168048041094677,0.2538868597888573
stream,163,,17.819292246958682,0.4732212227898751
stream,164,,18.170633666245884,0.6224693605203984
stream,165,,19.62342494504139,0.6346961000484554
stream,166,,20.334357517603056,0.7972097761430454
stream,167,,19.71742890111429,0.8068828019254092
stream,168,,20.636338731508197,0.8340727776839737
stream,169,,22.439112636672476,0.8310083278737919
stream,170,,22.790049584257375,0.8129653834664606
stream,171,,20.59638274960383,0.7831890345251528
stream,172,,26.761377079851755,0.8486969433937348
stream,173,,27.294923984329124,0.9298530179787686
stream,174,,26.78416595899457,0.9760789679115255
stream,175,,29.934946997899647,1.0436221736413391
stream,176,,30.09497360662258,1.265940009872748
stream,177,,32.28131440822166,1.2895762623444489
stream,178,,33.66192253353546,1.6550073360974826
stream,179,,36.582106317483145,2.039505877812894
stream,180,,36.75689087142579,2.101390714821485
stream,181,,37.59648574854728,2.090646278636753
stream,182,,38.65355665650863,2.068299406102528
stream,183,,33.42310174663695,1.8534440814329252
stream,184,,32.85565342019321,1.8208441505467265
stream,185,,31.820076888122845,1.8549686259104952
stream,186,,33.2689937834187,1.7210906209082268
stream,187,,33.31853989885985,1.723351021391683
stream,188,,34.665463502580074,1.7332094430887066
stream,189,,33.15649609194548,1.7602105331083937
stream,190,,32.56550378398856,1.7503755496321136
stream,191,,31.485706959749905,1.7643270237614332
stream,192,,24.785614576800196,1.6693778696953907
stream,193,,23.395844104654902,1.5891180163221426
stream,194,,23.57017184357854,1.5484908648062492
stream,195,,20.432232046233757,1.5040517340207535
stream,196,,20.625213744350138,1.2768714020212515
stream,197,,17.812895457209763,1.2768713102150022
stream,198,,15.955921688566862,0.9424712192549982
stream,199,,12.510770312298282,0.5617367677496197
stream,200,,12.287692600170304,0.4919540343383236
stream,201,,12.05308644000678,0.5205973335484145
stream,202,,11.46294627574374,0.6139062424507228
stream,203,,9.033211399725,0.6451918655251033
stream,204,,9.015211763135976,0.52162852721623
stream,205,,9.741430597382632,0.5280171700700534
stream,206,,8.275834054967437,0.5042730308433823
stream,207,,8.135373688115802,0.4866521652331863
stream,208,,6.244263011382133,0.441919704044552
stream,209,,6.364659935007447,0.4135040125276485
stream,210,,5.909694305607663,0.4186903789397663
stream,211,,6.580610113944634,0.42962978526705653
stream,212,,6.652122841246792,0.4317516753274713
stream,213,,7.529199319368661,0.4449632277517136
stream,214,,8.949156647774295,0.4463605255337732
stream,215,,10.336135832633818,0.4218321709829385
stream,216,,14.083006592001295,0.45089762190716776
stream,217,,15.742442148717712,0.4209879522863978
stream,218,,19.611496743743693,0.4037872021593656
stream,219,,22.2922617555569,0.4031664521408863
stream,220,,22.521268639359164,0.4343940202144868
stream,221,,22.9212855025838,0.4108561183730721
stream,222,,22.295333015085838,0.33326211207464945
stream,223,,22.583458800395317,0.30724939285196645
stream,224,,23.36367289723566,0.31111738922628074
stream,225,,33.4418705825821,0.4667815375358403
stream,226,,39.76543934098457,0.48483823613897314
stream,227,,43.204957918078314,0.4905256754833494
stream,228,,46.65501395630597,0.47569533410791826
stream,229,,48.269139205077536,0.49208695553990417
stream,230,,51.035824631015245,0.49043708777120754
stream,231,,54.129813266311146,0.47049730426988956
stream,232,,55.652837413343875,0.5041131247596622
stream,233,,59.66190875488786,0.9374563554719517
stream,234,,61.559380279552215,0.9324838822745103
stream,235,,60.504099540528365,1.2084696968695932
stream,236,,59.040469500747264,1.4149854907294752
stream,237,,60.579776328455665,1.3951134184146388
stream,238,,58.59051151525925,1.3822949965029798
stream,239,,61.17766408670698,1.3912454608285783
stream,240,,60.96075346595664,1.5844530561454178
stream,241,,60.30733814063137,1.5933917989982107
stream,242,,60.44061643348716,1.6084823199509766
stream,243,,60.3956693128173,1.5988556437646455
stream,244,,60.38395628579482,1.6063334473995003
stream,245,,50.917301352529826,1.4076814238410749
stream,246,,43.94350227969647,1.4230419287707756
stream,247,,40.51223140634704,1.393779926571222
stream,248,,38.882025773903564,1.465426376029736
stream,249,,39.13127721682819,1.4491600181868878
stream,250,,39.109186358884344,1.4465003998848922
stream,251,,35.64809516167332,1.4940620956800472
stream,252,,36.72913606168174,1.653798856386278
stream,253,,32.803519003734664,1.4477102041501593
stream,254,,29.73563305717154,1.571517004845294
stream,255,,29.302078154000423,1.3433179268335
stream,256,,27.153204950987956,1.1536851131981207
stream,257,,26.90498034561322,1.4122253774873945
stream,258,,24.791731718667908,1.4734090183973672
stream,259,,19.559163371318146,1.4633775113505576
stream,260,,19.607189929705182,1.2411818669099914
stream,261,,19.817218821541292,1.2768400665811181
stream,262,,19.658876714919206,1.2714536018539755
stream,263,,20.005899421824317,1.2968781722674205
stream,264,,20.350833418982376,1.288361560951131
stream,265,,19.145766299540472,1.2791473074828814
stream,266,,19.06555864342824,1.261171482221259
stream,267,,19.10582720543352,1.2609922404584863
stream,268,,20.73740330038509,1.3122659791863183
stream,269,,19.06179657323022,1.5622799724514678
stream,270,,16.386435624980148,1.6035355127744488
stream,271,,17.07817144180322,1.5680676129873927
stream,272,,17.325610389780458,1.388957774259584
stream,273,,25.135514818209366,1.2287514415017884
stream,274,,25.26059478545681,1.232780851529947
stream,275,,26.258422062081404,1.1896967285884577
stream,276,,25.722389356669165,1.1589545006675497
stream,277,,22.966451147857054,0.9010329429407665
stream,278,,24.282675220702895,0.8506614242882815
stream,279,,24.700596746542594,0.9537859338414464
stream,280,,25.12228796569924,0.9513671719400747
stream,281,,24.732596365453976,0.896200966128263
stream,282,,27.546297922351968,0.8950944814193245
stream,283,,27.21291631000675,0.9321429261537003
stream,284,,32.77417546208472,1.0924538211154888
stream,285,,37.89569630938301,1.0943618521901142
stream,286,,39.1845319652043,1.1057366631483008
stream,287,,39.23843699286908,1.1143805931856028
stream,288,,36.19978413389181,1.0040339380160175
stream,289,,36.89139862413291,0.7560435601255213
stream,290,,36.985306798515495,0.8157738248050224
stream,291,,37.00556408673105,0.8092982041631245
stream,292,,35.96923529085711,0.8032792536778025
stream,293,,30.90103844526936,0.734224728801099
stream,294,,33.197632149508664,0.6046424201078743
stream,295,,36.20600303380889,0.5994560586108654
stream,296,,38.728527356963404,0.5879212988358719
stream,297,,49.26809503470433,0.6893002164415998
stream,298,,49.89262407501846,0.7775037686628373
stream,299,,49.60471967042725,0.694124017249547
stream,300,,56.78827810741608,0.9473398320814032
stream,301,,56.92184515699776,1.08203507573365
stream,302,,54.11378102537012,1.0621532731899892
stream,303,,57.51466741924391,1.1233246266170558
stream,304,,51.37701625808352,1.0182864190753498
stream,305,,46.129060613055785,1.1073769984533344
stream,306,,46.732493857163476,1.2177095060880223
stream,307,,46.664017962009055,1.2903198724565672
stream,308,,45.844994077380896,1.2747109087626816
stream,309,,45.75175886361205,1.3051023152466223
stream,310,,45.77049991156383,1.2183108142897354
stream,311,,44.85407173853439,1.206209319812036
stream,312,,43.284597867915764,1.2272704845525555
stream,313,,40.322743212831135,1.286679026487614
stream,314,,37.66089339087397,1.3812523784287023
stream,315,,35.94816677203106,1.418641430738894
stream,316,,33.335517010102684,1.4816078713476855
stream,317,,24.169979156741125,1.4242363346555005
stream,318,,22.120478728937275,1.3821142219708658
stream,319,,22.149254193921205,1.35777279147456
stream,320,,14.959747039794893,1.1761651836066425
stream,321,,19.787815272207634,1.1261451897099803
stream,322,,19.78051786974092,1.299783219218532
stream,323,,16.13573325903228,1.1762198152689856
stream,324,,16.532735936730646,1.1504520651135692
stream,325,,17.120738774081573,1.0594534499618724
stream,326,,15.322500237115559,0.9394168638368113
stream,327,,16.177985322647142,0.8768380146351974
stream,328,,16.235701300947227,0.9515199517844948
stream,329,,15.063402986051523,0.9293523790341971
stream,330,,15.969886572891866,0.9791917714333995
stream,331,,17.7033520956903,0.9831407202512862
stream,332,,17.50061859069509,1.0715453202628193
stream,333,,17.559570456451873,1.0526498289169492
stream,334,,17.25607765468096,0.9740652816181015
stream,335,,14.938031123737307,0.9448093966508356
stream,336,,16.220468495368596,0.9477576954172175
stream,337,,15.208110228231835,0.9072078859692848
stream,338,,15.207243829508185,0.8783679288305428
stream,339,,19.11261308519689,1.0331190566985744
stream,340,,18.678257938754655,1.131959009051577
stream,341,,13.523571922571538,1.0781665834156267
stream,342,,15.566970886527246,0.9646117692425991
stream,343,,17.411186763946652,0.9677918055840499
stream,344,,21.958489060073997,0.9564169220407261
stream,345,,21.450610184390985,1.0676746072928305
stream,346,,21.35950875655928,1.0732540580253003
stream,347,,22.33752135046516,1.1783212617759182
stream,348,,22.29740486208839,1.139403986598901
stream,349,,23.887362181718714,1.1832014645398727
stream,350,,24.041128841417905,1.123018424169329
stream,351,,25.541820854943552,1.4339074910149663
stream,352,,30.1433707132435,1.3157265433832492
stream,353,,30.74472450522987,1.3300273475544833
stream,354,,33.32034170917541,1.3177099666125918
stream,355,,38.937299566283606,1.3318753317531946
stream,356,,41.95355240396587,1.2805888283096563
stream,357,,41.237508698932096,1.495444035304613
stream,358,,41.39095102530073,1.4693621152696779
stream,359,,47.901101077907555,1.5520245723722927
stream,360,,47.830638407873714,1.751134651625879
stream,361,,48.24206126709603,1.7451427325355435
stream,362,,46.87325246036241,1.67353447172712
stream,363,,46.2248067502255,1.670685933225596
stream,364,,41.73114290915622,1.6503530233047365
stream,365,,41.707890205578614,1.5438228926933348
stream,366,,41.76045587213706,1.5853962003810926
stream,367,,42.894719869331055,1.5875822476159778
stream,368,,47.56605331997711,1.5575416652899945
stream,369,,46.6338952221103,1.5780533521845401
stream,370,,45.697571980942925,1.5758235178284754
stream,371,,42.93338784283162,1.261066469820196
stream,372,,38.56648281673777,1.2595342476639897
stream,373,,40.73146630678228,1.400897729840276
stream,374,,39.30994604152665,1.677096496284873
stream,375,,36.082833577212874,1.6613816107985286
stream,376,,33.10413931236462,1.6492877496229676
stream,377,,40.678511583968735,1.5063356157992556
stream,378,,40.80866582642997,1.6881393104247202
stream,379,,30.207900619116273,1.4488003776584115
stream,380,,30.975629793535937,1.1057635199408693
stream,381,,30.674127498374695,1.097080889125067
stream,382,,30.488244464871904,1.1625021571418477
stream,383,,29.428938519653123,1.1644101686561983
stream,384,,33.100697374720106,1.293562560094534
stream,385,,34.861375924746625,1.2940213455404315
stream,386,,40.51683219717191,1.2418981788913621
stream,387,,37.71431637820804,1.2481676910458244
stream,388,,35.267214174372306,1.283845310473273
stream,389,,36.10952686729815,1.2116091924769945
stream,390,,36.10920401077812,1.222806802391272
stream,391,,38.07919968296085,1.2540343344928844
stream,392,,45.15530928213581,1.9802220585729744
stream,393,,44.146236108660055,1.8132196203352673
stream,394,,53.2287435115871,1.6353470529679466
stream,395,,55.89708656483982,1.65106187877088
stream,396,,62.7936843188271,1.6608448749641909
stream,397,,57.47123987461322,1.6332709109628285
stream,398,,69.26713587373759,1.621120056457199
stream,399,,77.80754259327679,1.6445209813976807
stream,400,,77.06356315236707,1.8949801238148716
stream,401,,76.87426188964149,1.8785289469538475
stream,402,,77.87722741746171,1.8699043969070872
stream,403,,77.92296341365741,1.9032232816979093
stream,404,,82.85109961873393,2.014725945058048
stream,405,,87.47950050392191,2.0212285979190447
stream,406,,93.09433052040066,2.021228545126423
stream,407,,100.60510105780094,1.9032363623526114
stream,408,,103.08320614264682,1.8830001651783834
stream,409,,101.82005028892291,1.9668870925637045
stream,410,,103.95135026335633,1.9976828398938775
stream,411,,104.40640599448628,1.9667868072133412
stream,412,,97.49005426282775,1.4764578451831776
stream,413,,97.2631625064294,1.4675965064918048
stream,414,,88.66794865950267,1.365598879788309
stream,415,,88.03976548934932,1.3549894123125785
stream,416,,82.21693389018438,1.3521021712102879
stream,417,,84.98165146135685,1.3244594699042271
stream,418,,76.82941159198134,1.1535692308448262
stream,419,,69.8899194100188,1.1436283636516817
stream,420,,74.23602266740903,0.8931692224486449
stream,421,,74.28257945533761,1.0412995694997969
stream,422,,72.85623304735287,0.9845028503410711
stream,423,,72.79868905107115,0.950152819483818
stream,424,,63.214955309625545,0.7221695345533958
stream,425,,56.92137338321384,0.7354926852219117
stream,426,,45.71217828793212,0.7298537010186783
stream,427,,38.545004089748964,0.7658052588465153
stream,428,,33.87777954112565,0.7561918114847335
stream,429,,34.695497322720236,0.684092213011148
stream,430,,32.32751446867003,0.6646132926241081
stream,431,,29.386159928235024,0.6642008255477871
stream,432,,32.895426076988876,0.5420903707736363
stream,433,,30.661653396925107,0.5992242011578445
stream,434,,29.023895415717767,0.6123257705319173
stream,435,,24.710589545837507,0.608203177537675
stream,436,,23.758147301922975,0.6082032017877325
stream,437,,25.200497359219185,0.6930743755185755
stream,438,,21.857546501187343,0.745095685112963
stream,439,,20.540621818024157,0.7298895392351451
stream,440,,23.007138260133498,0.8738163164849466
stream,441,,26.018197732999287,0.7480521692821341
stream,442,,28.15224767958955,0.7496826711712697
stream,443,,28.01312527072811,0.8065761823061992
stream,444,,28.00886301316555,0.797550901020104
stream,445,,27.48180758912909,0.7760752607464998
stream,446,,27.61011227107014,0.8029897574878628
stream,447,,28.111318418773024,0.7631778746727756
stream,448,,30.234625555746746,0.7587471828972293
stream,449,,30.31344336721401,0.7475495142838773
stream,450,,42.45546910575453,0.9413339226707194
stream,451,,59.12834931404791,0.9554417203129711
stream,452,,64.89426974235293,0.8699838713023368
stream,453,,74.75903378953265,0.7808474582082474
stream,454,,77.02387164141464,0.8570173082926252
stream,455,,77.63207461277578,0.860465195491864
stream,456,,76.20481684976232,0.8648266131457097
stream,457,,70.19017019862176,0.7674608844720425
stream,458,,70.08578553992689,0.7701144473889928
stream,459,,69.95580611513141,0.816062913848348
stream,460,,63.1151012713723,0.6459905581911046
stream,461,,60.15910047609007,0.6230423277223213
stream,462,,59.56513181736194,0.6977669798633147
stream,463,,59.56624714831901,0.6773856599416817
stream,464,,62.79396860852763,0.7906129710511857
stream,465,,62.98140718295794,0.8491369281505436
stream,466,,64.39774943621751,0.8215477025620783
stream,467,,63.35615955676773,0.8653452000237868
stream,468,,61.46391903492581,0.8679757800111946
stream,469,,60.7658659474327,0.8657729290167098
stream,470,,48.54885323483384,0.6676041274803113
stream,471,,33.19285089743186,0.7188192700538227
stream,472,,23.580899283026657,0.7141843106265143
stream,473,,16.529152926744153,0.7790948286276782
stream,474,,14.247453186780561,0.7974815179443695
stream,475,,15.226227100913505,0.8386693410699104
stream,476,,18.472594672786816,0.8386693131794581
stream,477,,18.14549328018692,0.9112796781178468
stream,478,,18.028376826988318,0.8839241258601716
stream,479,,17.94281145829374,0.8491248781341072
stream,480,,19.41817765498887,0.8950732995249281
stream,481,,26.405937010517277,0.9805733643283497
stream,482,,38.81603077843398,0.9433325207491177
stream,483,,40.05989805561091,1.1643487871685816
stream,484,,43.19449651141117,1.123024509164975
stream,485,,45.13394048093766,1.1018279840476424
stream,486,,49.87222475175566,1.119744221144478
stream,487,,49.88212743944856,1.2902155286624577
stream,488,,51.8343540197142,1.3617448738687967
stream,489,,58.033408761013476,1.941396538214013
stream,490,,65.23073575808188,1.9232664945061595
stream,491,,72.36071325071948,1.8608537082146601
stream,492,,83.38875579088824,1.8451771067276628
stream,493,,88.03660193383107,1.7868502295923323
stream,494,,89.60388996571804,1.760070563749314
stream,495,,88.23397486852521,1.7195574686698094
stream,496,,86.13190285041814,1.708300283202117
stream,497,,86.04322231500137,1.6595593204572976
stream,498,,85.73172185804086,1.6302163891262968
stream,499,,85.6654648675272,1.619202112374835
stream,500,,84.19738735921275,1.5745083877206918
stream,501,,77.94179418391077,1.5045673813407403
stream,502,,65.42411264613942,1.467083572474924
stream,503,,64.18634699169155,1.2608803319098767
stream,504,,58.55780645924974,1.229527077454719
stream,505,,58.53765517226029,1.4074598790715762
stream,506,,52.26897721986633,1.4348153622544952
stream,507,,52.30149298579144,1.2280396373183917
stream,508,,50.4477938228438,1.1792986340325042
stream,509,,45.71255284060706,0.6199799032638883
stream,510,,44.76707521466584,0.6464127068430624
stream,511,,37.50083814047782,0.7133662530126172
stream,512,,27.92293567752382,0.7052620885970582
stream,513,,20.40819051178125,0.7395424115845346
stream,514,,19.0250205745968,0.6599186696169501
stream,515,,18.76977454631788,0.6485244666209375
stream,516,,18.37232756210072,0.7119048988543284
stream,517,,20.09666618339201,0.6891165199052599
stream,518,,21.156343320442378,0.6914370016138485
stream,519,,26.070838340171413,0.7323008866042979
stream,520,,35.11582551712337,0.7561932659163723
stream,521,,40.936522234531694,0.7408231316069654
stream,522,,39.82897236625058,0.8651213332333633
stream,523,,42.677054024470216,0.8651213794348455
stream,524,,46.691315138889045,0.8298445102982671
stream,525,,45.97995730354342,0.6568613056283983
stream,526,,46.4068412391856,0.6034238207708261
stream,527,,47.54654266611627,0.7375050235358732
stream,528,,53.02088937517279,0.7720053545812251
stream,529,,64.2116380351109,0.801024424752421
stream,530,,65.33419997177477,0.7918310512809694
stream,531,,83.6483264078839,0.8187343354066046
stream,532,,93.93726950265726,0.8675425521659467
stream,533,,108.42730342279528,0.8318649449364781
stream,534,,125.63103425708856,0.8335937233989824
stream,535,,126.28503815900177,1.1676158611839074
stream,536,,125.93277323557709,1.187300994708555
stream,537,,125.27644700370702,1.1828143175981927
stream,538,,134.41234013719807,1.4050100570165764
stream,539,,145.06556697261306,1.3950422045326218
stream,540,,138.45312197598003,1.5807302061182582
stream,541,,149.17158459641453,1.8567162299364797
stream,542,,158.339355154465,1.7734306893695377
stream,543,,160.08356996088193,1.7564554555484198
stream,544,,156.73846114685753,1.7678689966449568
stream,545,,155.22895502322982,1.7480661431304145
stream,546,,156.18039640984176,1.8259611040771722
stream,547,,158.54611383585052,1.6977949543303392
stream,548,,154.1026438398156,1.653590543668513
stream,549,,147.4631858974638,1.6750411677089467
stream,550,,141.3150360977278,1.734293300296226
stream,551,,124.37906705430441,1.6418800889964689
stream,552,,115.51492050376817,1.5936096016790648
stream,553,,102.7848952676755,1.5976374495520949
stream,554,,85.69574886835386,1.609860143356748
stream,555,,85.33558115135288,1.3164071087829827
stream,556,,85.44951135156874,1.2281475519126208
stream,557,,84.34467933449525,1.2440477899931026
stream,558,,76.38003336484189,1.0989334031131808
stream,559,,62.05041242168307,1.0746210159976046
stream,560,,61.7618584176288,0.8731351274910728
stream,561,,44.80883942123513,0.6286679356022249
stream,562,,36.1437720138265,0.5890332058998041
stream,563,,32.870342550130076,0.7191247303924206
stream,564,,32.2373892955363,0.703224492311939
stream,565,,32.95703725606162,0.6776975642450501
stream,566,,32.356612562302814,0.5980738326112078
stream,567,,29.960864578798063,0.5744992387290441
stream,568,,28.59793493170925,0.6216519450531287
stream,569,,22.353335720105225,0.564249787971148
stream,570,,22.63873582597807,0.4989558351904233
stream,571,,20.38021322242847,0.6062722726387888
stream,572,,23.41240176216872,0.7621039647268839
stream,573,,30.111859495945914,0.7564262501252724
stream,574,,31.998286866824273,0.8432177703570041
stream,575,,35.224535997593996,0.8099202743570987
stream,576,,37.0036188713898,0.8109514407219294
stream,577,,37.00640812196127,0.8523841691152355
stream,578,,36.90254770273185,0.8492391536073345
stream,579,,36.15130412324631,1.0125930051033318
stream,580,,34.44298112019298,1.0698816397940687
stream,581,,34.03490561968869,1.0488933530845723
stream,582,,33.44690771426758,1.0562306251030238
stream,583,,32.11411586641052,0.9019265079926856
stream,584,,32.53731957925646,0.9534849972533129
stream,585,,32.852158481842515,1.097684296679699
stream,586,,31.988195699853033,1.161475056090616
stream,587,,31.290353934729254,1.1747731828111005
stream,588,,31.508634149447076,1.1511354879294649
stream,589,,31.933299646925672,1.2115843299879987
stream,590,,30.71921657499878,1.204472652376853
stream,591,,30.417576098949006,1.095122926039055
stream,592,,24.686016322058656,0.9453620749280863
stream,593,,16.54883687172152,0.9412878467591198
stream,594,,15.565713048073532,0.9357796163234784
stream,595,,13.962993557799923,0.9310617182492479
stream,596,,11.977829834193326,1.0586009878529161
stream,597,,12.205184568097495,1.0386728661499327
stream,598,,10.062547302225662,0.9720427412350086
stream,599,0.925854813489816,9.706888698165153,0.8024000739794515
stream,600,0.9259774555568833,11.20454018484639,0.7732862454049381
stream,601,0.9257677725881573,11.299618514282301,0.8008754303893979
stream,602,0.925708053031257,12.423832346055093,0.828429484889477
stream,603,0.9259393335352399,15.481232080657431,0.8397136586362415
stream,604,0.9263237072228729,14.32345399235981,0.8797820925487323
stream,605,0.9265575345682375,13.228571833444919,0.7345883075286435
stream,606,0.9269975779709149,14.160184912329319,0.7005738518580839
stream,607,0.928146223921868,13.788223786795362,0.7034610901860493
stream,608,0.9291771018240707,13.519321550694327,0.6615889255639097
stream,609,0.9308343124243054,13.08640271748742,0.5950111891017718
stream,610,0.93210166386842,13.757920285109101,0.6742225110097103
stream,611,0.9324194696702434,18.40412947196393,0.7144468686369578
stream,612,0.9324690980577721,18.568320544627344,0.7873652904872807
stream,613,0.9317753700696023,20.55154500610787,0.8265065098758456
stream,614,0.9313811387645987,19.347338750245235,0.8245903430130297
stream,615,0.9303155253505686,27.622866429180448,1.2014741386949184
stream,616,0.92937812062116,27.30627616218009,1.3767350738936668
stream,617,0.9284715586930335,27.07708909366472,1.3354795584151307
stream,618,0.9273279463980073,27.03986788338102,1.3257275963584358
stream,619,0.9266316628231942,30.82977925127157,1.5026514244576505
stream,620,0.9261384477037496,32.18939522006179,1.46526236164621
stream,621,0.9260898837026679,36.00597565870333,1.426148133178643
stream,622,0.9260058559426069,35.27253839555347,1.434572601561418
stream,623,0.9257766800650575,32.26304038289879,1.420407295842132
stream,624,0.9257461567653705,32.6497220314183,1.335067139873713
stream,625,0.9267545951007323,33.70470338558133,1.3431442961575812
stream,626,0.9278369124199307,33.861885447324475,1.3118357621375165
stream,627,0.9286296498147578,34.646164843063,1.4213997847639304
stream,628,0.9281287631278532,39.82841334492281,1.4795190164653615
stream,629,0.9282799939901515,39.61128718986128,1.6209599675921431
stream,630,0.9282116999628861,42.42092917965492,1.637027696665366
stream,631,0.9281159611804168,38.330688279881805,1.64316576190234
stream,632,0.9275217402457949,43.811122935830404,1.671699669113776
stream,633,0.9273356709690511,41.549945246662205,1.7889279502389044
stream,634,0.9270306278509409,42.328208528010364,1.712654274499316
stream,635,0.9267244941862205,32.267330106588425,1.3376494906915875
stream,636,0.9266184651873925,32.28134926289964,1.0332360888388896
stream,637,0.9261267265398083,32.329665659099724,1.031848482880554
stream,638,0.9256529571276352,32.95852488568752,1.0573982871308432
stream,639,0.9247781151536828,29.025580187267906,0.8918686360247979
stream,640,0.924420254234691,29.71018219281845,1.0408759336181757
stream,641,0.9252507772341934,30.742580356621335,1.0416815138154014
stream,642,0.9267849209834768,32.821612188341994,1.0164958029913749
stream,643,0.9280214706690453,32.7736800421981,1.1158858001011742
stream,644,0.9289111112575961,34.46955334762009,1.2103705440269381
stream,645,0.9291084854001851,33.38041627475457,1.269307014032636
stream,646,0.9285166157353733,32.711661692504656,1.2772858945211762
stream,647,0.9274978019017383,31.83960433913716,1.1778786459619548
stream,648,0.9262368602870775,26.69012420261868,1.1163018503147533
stream,649,0.9245854422758985,27.006815352720075,0.9981905197124046
stream,650,0.9224687675062573,23.922582152574332,0.8972047149909328
stream,651,0.9209571965300727,23.904868826006528,0.9296778869299918
stream,652,0.9199323089890021,18.1247134955568,0.8220197758565538
stream,653,0.9190308614625302,18.167616024117137,0.6660530672606488
stream,654,0.9191251030510877,22.274638020447256,0.7859974850506126
stream,655,0.9187215548697438,22.450036132072057,0.8652566211667483
stream,656,0.9185703806771506,26.414421068130284,0.9270222421470584
stream,657,0.9178996349851974,27.83605117481767,0.9472701437553759
stream,658,0.9189624448814494,34.02878697176744,1.0080530833478973
stream,659,0.921162848066111,38.45440923194246,0.9999005835205231
stream,660,0.9234748165234091,35.654122981332,0.8759053342545552
stream,661,0.9249350448568807,30.712412099964826,0.9595972923610014
stream,662,0.9266176442692842,28.558599987300642,0.9811019379861431
stream,663,0.9269626939800616,34.3754252241751,1.238874898736195
stream,664,0.9268369453733968,33.547506269443446,1.1954363559437462
stream,665,0.9264079179669756,42.76747357902392,1.2583808405163865
stream,666,0.9258284233624944,50.45234348877913,1.2503036817457158
stream,667,0.9254464932941383,55.14231979334406,1.2308766905600257
stream,668,0.925202500596886,64.95878839187222,1.26445940649735
stream,669,0.9248567611044225,66.00185496969696,1.3652507695909444
stream,670,0.9244143487547606,66.14560369898786,1.522661592682979
stream,671,0.9237466853166546,66.0293035548421,1.5531756569537065
stream,672,0.9230827556803453,66.21592541781875,1.6069431054281686
stream,673,0.9221732916501285,66.08891108765803,1.629376578268345
stream,674,0.9210303869798281,61.203615162735204,1.4909359864075413
stream,675,0.9200090491444275,63.869870734513675,1.5144724065330852
stream,676,0.9185291178463505,60.04168513445777,1.521863135110625
stream,677,0.9167876065068837,60.174764542579354,1.5253690393089825
stream,678,0.9142982046759339,57.566623381776935,1.4532693599083375
stream,679,0.9123110742837811,57.35941944952772,1.4494013476282543
stream,680,0.9101153603634142,56.53165402801053,1.503378564552132
stream,681,0.9066442313517703,57.29442803055416,1.4275249361569138
stream,682,0.9032794124565888,57.06008761716818,1.3889290141359278
stream,683,0.9016198067756861,55.57422244872371,1.077265346412468
stream,684,0.9016953225160903,56.62394807405253,1.0302760247246736
stream,685,0.9029682299109587,47.39345801766495,0.9899651360264755
stream,686,0.9060437170698731,42.785627952423965,1.1158938380052223
stream,687,0.9089835915206239,38.28824684333997,1.183454339022302
stream,688,0.9112647795693419,28.589714814876377,1.183454301596773
stream,689,0.9131602567111626,27.312784277761853,1.0512561616948775
stream,690,0.9145072259182302,27.396038683507324,0.903982781887475
stream,691,0.9157683447793386,27.356542260306483,0.8837237703980652
stream,692,0.9159339117713426,31.041797770093762,1.1252344214989305
stream,693,0.9149163928962866,32.71527869065485,1.1187897539531295
stream,694,0.9126604551842108,33.7210179141868,1.1219697991795687
stream,695,0.9093706910364672,32.021861532226104,1.0179831921157256
stream,696,0.9056989508595266,34.49095323151257,0.9577462406539943
stream,697,0.9015775823889861,34.746680847917276,0.9345031801638094
stream,698,0.8979922737472676,31.507309692668624,0.9259941806993717
stream,699,0.8951970761992442,27.392316372905594,0.9361606437045268
stream,700,0.8911833850559595,29.35332221160801,0.9646945530171707
stream,701,0.8868684694172119,28.58106796144994,1.0214719594976396
stream,702,0.8836113316835922,28.328715561341888,1.0207840110756123
stream,703,0.881662390289222,28.396255670284315,1.080487392843689
stream,704,0.8814881673952314,26.316821486430367,1.154552690648913
stream,705,0.8810164764890444,30.833357819213184,1.1617707297558024
stream,706,0.8822307794497555,28.44893559586866,1.0808437851374384
stream,707,0.8832196629287353,33.19723088635066,1.041926527517155
stream,708,0.8845031910242943,34.440983183709534,1.0773112724549059
stream,709,0.8855038982403305,34.414119213410444,1.1028341188146733
stream,710,0.8869699759395253,33.6929675336151,1.0914073324423375
stream,711,0.889192865530431,33.26056945521548,1.0079750800598992
stream,712,0.8905275857376026,29.173031202571476,0.712696980484572
stream,713,0.8903438382720691,27.481801707528128,0.6965116145910296
stream,714,0.8901853810699561,27.08395900610391,0.7134002251865285
stream,715,0.8892994820960736,25.874527102439902,0.763496233332945
stream,716,0.8887816189070917,23.40975379938726,0.785178073350278
stream,717,0.889273207120699,21.573794433389207,0.7880266186125369
stream,718,0.8899427809713139,20.60789159338577,0.7823295413054335
stream,719,0.8917092498746715,21.627784990979414,0.8246966598885681
stream,720,0.8926379355679754,19.932580465420152,0.8488608171713178
stream,721,0.893272727360524,19.950902756769295,0.8036873736135263
stream,722,0.8937556155345101,19.85326746863904,0.801133657938599
stream,723,0.8937107505540128,15.483183844677095,0.697012048586964
stream,724,0.8932399205406009,16.341399049684014,0.6419420056682521
stream,725,0.8925076710945672,12.012559062309888,0.5614413521627024
stream,726,0.8910484051030132,12.135912311866763,0.5510167729610915
stream,727,0.8892344383626605,7.222253437657845,0.5735602578563382
stream,728,0.8889531477827659,8.642100355349143,0.6335564494529938
stream,729,0.8892118403236162,8.624745415061504,0.6706048487728089
stream,730,0.8896112967068354,8.425600550825115,0.6729253327170854
stream,731,0.8896460548426893,13.161032227926171,0.803468010117349
stream,732,0.889913605603515,13.714268695571725,0.8641250743295447
stream,733,0.8906549010172016,15.626548533218694,0.8742915350408754
stream,734,0.8917803858778102,17.76908454019036,0.8611379909721963
stream,735,0.8929840162688231,17.59063704159331,0.9246741181602582
stream,736,0.8939388541900182,17.89270073690777,0.8989643970302683
stream,737,0.8953218529347433,17.88115787252779,0.9071301511233518
stream,738,0.8969549288895048,18.223502912919805,0.9142245256484315
stream,739,0.8981540328914722,19.586768236687433,1.0178542988045893
stream,740,0.8987496208584252,19.013641213801613,0.9526699123624112
stream,741,0.8989918617762491,26.26883849651309,1.140799154799836
stream,742,0.8982312910857541,31.45356314272099,1.1416240801623747
stream,743,0.8960465332735355,31.872141640441583,1.2234084577563973
stream,744,0.8934817689663943,34.507106523563465,1.2302059509704697
stream,745,0.8906348539971995,36.30664053941743,1.2260411147342645
stream,746,0.888973578292329,41.26358468105837,1.2364657808992088
stream,747,0.8885584416180893,41.52394162348106,1.336983192342691
stream,748,0.8885657918154111,38.81358532257979,1.2072043175040552
stream,749,0.8894896340914834,38.80069310580893,1.1549787956625577
stream,750,0.8910352640932696,38.7868172527631,1.1606371915357696
stream,751,0.8925971433989813,35.814973333043255,1.0890309301226766
stream,752,0.8946850442925794,35.38960404634362,1.1643238213370397
stream,753,0.8966850220869897,33.47578302314595,1.1610724744757261
stream,754,0.8986592643388317,31.287737694742315,1.1777319549188972
stream,755,0.9002872982096697,32.41702400962991,1.0600255908699678
stream,756,0.9014795102049998,32.05014967973094,1.0678058905225059
stream,757,0.9027349209195736,32.37932940023228,1.0941806447544513
stream,758,0.9039708913491886,32.63899224783003,1.0951634277019653
stream,759,0.9046660429641803,30.763897840818068,1.0411942567009649
stream,760,0.9049675409375176,31.181704198374536,0.9741535864005497
stream,761,0.9053480181733004,24.051487460811316,0.7971832822894903
stream,762,0.9057427105961418,18.87047500500808,0.804196674639705
stream,763,0.9054798060378976,20.84549209942147,0.7709684425691636
stream,764,0.9039147355971157,25.14494794665461,0.7966073967013507
stream,765,0.901356450016323,25.472002110195422,0.8590625138458099
stream,766,0.8987804622285386,19.255272627831072,0.9037078325877734
stream,767,0.894532577283336,21.304799284974546,0.831215001222169
stream,768,0.8893856770938544,21.284896116772003,0.931439044121897
stream,769,0.8838459781003664,21.581433546056477,0.9276749164467541
stream,770,0.8780567427684819,21.70465817388993,0.9201085037936403
stream,771,0.8736104990895118,23.789710758870072,0.9325950472439817
stream,772,0.871855297529809,30.399546295520135,0.807794336105358
stream,773,0.871798518067597,38.696689179046864,0.8015055487006648
stream,774,0.8736167789624728,48.126083905192324,0.7807601650775686
stream,775,0.8768092004075726,52.70936227555469,0.804541021741811
stream,776,0.8818054816370781,59.24525019946992,0.7924512506847686
stream,777,0.8869107566747229,60.25313177437564,0.8128326195334168
stream,778,0.8945549477779623,62.09533163168132,0.8144804555844374
stream,779,0.9005393443907472,62.00481789867682,0.8924544670041406
stream,780,0.9048541810390072,61.5466513692736,0.9103202665175273
stream,781,0.9077556297418169,61.39841591306414,0.8803010601296413
stream,782,0.9092382805047057,62.62477425027178,0.9041704984603249
stream,783,0.909783331085282,63.081217462813576,0.8580891305777797
stream,784,0.9096857901740867,56.03219321525793,0.8089142888441686
stream,785,0.9089499781950875,55.67011004912342,0.7358898990741615
stream,786,0.9074981184213657,60.69989259585077,0.6673812517951452
stream,787,0.905035702546503,61.45308773563463,0.5926006180433336
stream,788,0.9018521232866324,66.48321059339632,0.4992917267555777
stream,789,0.899198569017765,72.72919792976963,0.49512889130528204
stream,790,0.8972322066695576,73.7600225769948,0.5791156268193117
stream,791,0.8956813025349429,71.14947500106247,0.5004210854630996
stream,792,0.8961140689168262,65.67550939780338,0.48889604159233324
stream,793,0.900313203293296,68.45082118451269,0.6140191027128394
stream,794,0.9044483620958099,58.914676402070555,0.8524712750441155
stream,795,0.9074779260304853,53.211171252997076,0.8367945659981451
stream,796,0.909383788797685,46.90396901373555,0.8556548454125174
stream,797,0.9103900415314661,46.54899621713947,0.8003821094135017
stream,798,0.9107312932358659,54.40313775843277,0.9611054413278608
stream,799,0.9107253781242107,64.35731575506277,0.7808562820756219
stream,800,0.9101714335083104,74.35041409983988,0.764405085192402
stream,801,0.9091788535999854,90.12818159306177,0.8043921506509376
stream,802,0.9077359793395149,101.89235722703457,0.7735093278754726
stream,803,0.9056288550378309,107.77529302366399,0.7699534696351698
stream,804,0.9029978466728513,107.23798267971644,0.9324621178261062
stream,805,0.9005319663261419,105.288401512632,0.9519701042926786
stream,806,0.8985651602491609,100.23960198805834,0.9316371579678442
stream,807,0.8973530125255423,98.70052805985242,0.9495532685446219
stream,808,0.8968820172476348,96.53481488837221,0.9495532685446219
stream,809,0.8971903553425294,93.8979208469605,0.9481289996409081
stream,810,0.8977296665763078,96.21837536578231,0.8650191245946824
stream,811,0.8982863527480082,101.81568717657915,0.8828889688980082
stream,812,0.8982729732511188,109.90132013229181,0.8873410325347821
stream,813,0.8974481073991464,104.21845439060637,0.7792511847277805
stream,814,0.8958244607684172,104.36246022732247,0.6438003482595663
stream,815,0.8937553767462901,104.33172240742199,0.6703003316082882
stream,816,0.892273431380189,104.91372302576399,0.685790068157663
stream,817,0.8898475759096379,106.990539805935,0.9597620537964047
stream,818,0.889304038834077,96.68357587620184,0.8973475728838607
stream,819,0.8882997291708342,88.25885851182935,0.986896397600823
stream,820,0.8881723279842387,78.67091079052011,1.0212464194616526
stream,821,0.8874747247241455,65.20837180490925,1.0001196220646378
stream,822,0.887902703962484,52.56329068283046,1.1715012441573582
stream,823,0.8890175252889014,44.014129600587935,1.197434491884003
stream,824,0.8905537036004918,43.596288528577496,1.0382255160805969
stream,825,0.891735481265273,43.87284280110252,1.019505811721515
stream,826,0.8930282872566215,44.87461933898614,1.0290459254916995
stream,827,0.8938837074639405,43.72745943952093,1.1295627916232052
stream,828,0.8942973494663574,43.57426619658969,1.1712495836011603
stream,829,0.8943623961279279,46.80361158293628,1.2016619029497237
stream,830,0.8945081050704901,43.75499778742364,1.3661034541370725
stream,831,0.8939711092623138,42.026731769570034,1.422082926178383
stream,832,0.8923347538847466,42.72390186270812,1.4490376748878304
stream,833,0.8909936054014588,37.92778461101941,1.6344655271918431
stream,834,0.8908456489422013,37.36481721396991,1.542661813740609
stream,835,0.8917666231190349,37.38520044537103,1.5080846703884847
stream,836,0.8935251232646035,36.68456070133082,1.4865531091743083
stream,837,0.8945757350754228,33.67279273988802,1.2251546653767704
stream,838,0.895167536773552,33.89618453021255,1.131326896733762
stream,839,0.8969597596752384,39.62846986779128,1.2692358347434942
stream,840,0.8982902475161157,45.50571579669669,1.2365066308094832
stream,841,0.8995259521311952,49.56720053930157,1.217064332559522
stream,842,0.9001621705833177,54.76733536194349,1.0454398151255109
stream,843,0.9001816926053888,66.43446506932995,1.0433760420221279
stream,844,0.8995569071075133,66.5656576207656,1.3470435780676353
stream,845,0.8991613553560903,67.40432514080673,1.4192796327889183
stream,846,0.8982725858450668,67.15783261815808,1.4099284427495842
stream,847,0.8976633769907478,67.1533522450069,1.2801496436022728
stream,848,0.8970751244521934,66.05153319551083,1.2469504095002966
stream,849,0.8960887229407738,61.846948821543435,1.2270686410248415
stream,850,0.8955979954515182,63.716626453492985,1.062869984275533
stream,851,0.8953846702392367,59.12429721548655,1.006890538731694
stream,852,0.8959274558921226,50.156275951428924,0.9807220171185125
stream,853,0.8963461447897286,49.759932365061275,0.8444690094734316
stream,854,0.897110296075244,49.81118366122909,0.8586516365481699
stream,855,0.8978609759947587,49.78944899912867,0.8602821463427389
stream,856,0.898496288425667,49.89714642802905,0.8582757995002519
stream,857,0.8988758275673553,49.932469150049236,0.8457022580700712
stream,858,0.899258794516934,49.74268625281129,0.8395733215418527
stream,859,0.8994099782157685,42.40857627219353,0.6200944598297544
stream,860,0.8993482710294541,36.19511373861216,0.6180805280063958
stream,861,0.8995418512761416,29.824327288384683,0.6174541951879983
stream,862,0.8997171560403446,24.466893551141524,0.6316485564491202
stream,863,0.8999628927860123,13.341863192992845,0.6754903972163332
stream,864,0.900228999104588,13.515243969809905,0.35280630594947016
stream,865,0.9004369821832928,12.537575897108285,0.27953907526772026
stream,866,0.9001676966768206,14.797016740298583,0.33682565442481305
stream,867,0.8997716116939959,18.280550145608984,0.34234350277346914
stream,868,0.8989488362511961,18.92563452818685,0.3402389221928579
stream,869,0.8981533013377054,23.148583388073085,0.3828570795556621
stream,870,0.8976613251873258,26.579633318288884,0.3909515528092983
stream,871,0.8974775670256245,27.192808832886612,0.42105729158926275
stream,872,0.8977751454762256,27.030850383389748,0.579138249277396
stream,873,0.898238992103809,28.675904814810597,0.7233354996687933
stream,874,0.8992240340130164,28.60212175971164,0.7953501400129827
stream,875,0.900616436710914,35.19640407305186,1.0266809746586412
stream,876,0.9019597167394586,38.598699056926726,1.0248269288947467
stream,877,0.902858501679482,42.26102753942507,1.022329242220845
stream,878,0.9034774615522252,49.066490801446236,1.0426408067129216
stream,879,0.9037952686105143,49.560105666667035,1.1425975404360806
stream,880,0.9038918059179,50.553549115240735,1.1416030405060285
stream,881,0.9037873711471649,50.5853649434517,1.1840669189914024
stream,882,0.9035609709802469,50.85124194507005,1.1950063253186924
stream,883,0.9029200521108567,52.34202385490383,1.1451725305127352
stream,884,0.9020427059460224,53.26070056426506,1.1496322099135357
stream,885,0.901694783702969,58.147579879828356,1.198402145192629
stream,886,0.901316336773429,56.94038578475655,1.181495704795955
stream,887,0.9014096529513965,55.38511033853186,1.1758968938626244
stream,888,0.9005437872117886,55.93922472360261,1.4972471247772297
stream,889,0.9006200466775225,50.48404855927495,1.7517504069567178
stream,890,0.9007271318503067,45.289670026943845,1.9271885082881564
stream,891,0.9002953855280226,45.47835390249838,1.8836456144275788
stream,892,0.8998001716893124,44.58215907564705,2.122395867571783
stream,893,0.8998385672253284,43.71978819063836,1.967981753852615
stream,894,0.9003237994613192,43.96222221765157,1.8728166857871762
stream,895,0.9011090942872566,39.17429005827445,1.66637672338864
stream,896,0.9025426750978286,42.19329369075151,1.7023553084764595
stream,897,0.9036330034199245,39.04465412537646,1.8255872125082382
stream,898,0.9053255930056661,36.19063059836023,1.836312779595374
stream,899,0.9071024205331378,35.724307853000035,1.817926032048811
stream,900,0.9085350788695599,34.70630920032276,1.8335079805042518
stream,901,0.9094635895105052,36.61809719245876,1.839646088648327
stream,902,0.909798474184989,37.373467087108004,1.8188218144347996
stream,903,0.9096603036830645,44.27893794918409,1.9286262300935793
stream,904,0.9092590524995329,48.67652529501535,1.9323903329871972
stream,905,0.9083817288011549,46.06504003936142,1.8964388682403002
stream,906,0.9075613314005917,51.08210352743863,1.8929640336958162
stream,907,0.9070768420948857,50.995241367828164,1.92860342695513
stream,908,0.9069534897692186,52.05681928633446,1.6003574082230823
stream,909,0.9064491928097523,50.54416616654063,1.3633190799237362
stream,910,0.9054300314634544,51.13608655390781,1.2545112113241574
stream,911,0.90348741141615,50.37726832005327,1.2573500775226731
stream,912,0.9009583201590342,51.358430431576934,0.8554598189087936
stream,913,0.8983698863104926,53.80688277032076,0.8150276894737611
stream,914,0.8962582046159933,57.33318242048161,0.8097894121600261
stream,915,0.8935647346110448,55.690356540973184,0.8532299544475902
stream,916,0.8897763916798335,48.93959601901858,0.8134872834353981
stream,917,0.8861311203512,50.66677630195884,0.7399022205000371
stream,918,0.8842953883841664,47.22921283958986,0.7386877092896998
stream,919,0.8835888201127442,48.9867909797616,0.670179032738887
stream,920,0.8860554781788705,55.96172870519627,0.7087402855170172
stream,921,0.8902717060108837,55.32839832976914,0.7496062190457763
stream,922,0.8942132998443685,54.801005973262804,0.7491473885313484
stream,923,0.8973025547944338,45.66614248748708,0.6383444067858992
stream,924,0.9004564846432082,40.11314539460273,0.6285094641272433
stream,925,0.9029289335868567,37.699714089839105,0.6298853358111428
stream,926,0.9037498522493459,34.294875464780034,0.7415035691629234
stream,927,0.9038028412448463,33.88724687066218,0.71146298683694
stream,928,0.9038080088827115,36.50413897837129,0.7795362957108017
stream,929,0.9039758030252351,38.41849963857025,0.7505712604947695
stream,930,0.904301901373391,46.164438799931844,0.7691650877115075
stream,931,0.9046741295699234,47.06806229358788,0.8281014554678683
stream,932,0.9054330371262312,50.47997763409116,0.8624993546797897
stream,933,0.9065338910499926,52.92875603267199,0.8501819465463273
stream,934,0.9078567519088391,49.708320599459,0.9127531424050104
stream,935,0.9091455121539145,51.20999138998804,0.9749892872034795
stream,936,0.910367510153892,52.25682523280473,0.9799327120938058
stream,937,0.9112798145044962,49.933787873957165,0.9747769682934468
stream,938,0.9117331434780696,49.918050290866745,0.9455211384081994
stream,939,0.9119094449617918,48.00725378783646,0.9265045528309278
stream,940,0.9109275744350134,40.982343446517106,0.8858387429211761
stream,941,0.9098335817769332,40.06211567805499,0.8018886858868434
stream,942,0.9085323838084416,39.33981382867175,0.8081754528315136
stream,943,0.9067931295137243,39.34341918714896,0.7830284089427187
stream,944,0.9054171604372189,39.61858731542512,0.7877559444503649
stream,945,0.9035552432937886,39.67324446885199,0.7755332748538044
stream,946,0.9024100632443367,36.26241966767021,0.6260152440493834
stream,947,0.901901997253765,35.44653155590582,0.6325179261821775
stream,948,0.9011981827771409,29.34657316881897,0.6696315274193331
stream,949,0.8997517818692021,29.635674400656256,0.7857868579662414
stream,950,0.8985918071289088,23.958114254505,0.692959716352831
stream,951,0.8989141010063246,37.06202252106569,0.7339800356493061
stream,952,0.8982713675916829,35.403730555476976,0.9240172080123299
stream,953,0.8963123664537329,31.43982694272531,0.9280471576923612
stream,954,0.8957523000037301,31.302400416989446,0.8938646316974191
stream,955,0.8981816104915953,29.654328806011716,0.7871894113068935
stream,956,0.9001734300158689,34.956942464355194,0.9761511457024358
stream,957,0.9008617590624473,43.08205818116187,0.935196542350691
stream,958,0.9014176308708782,53.70213207543162,0.9346297706565062
stream,959,0.9021402845158412,57.564631338375776,1.004116132477548
stream,960,0.9022176880160899,65.18340727793937,1.010886614112491
stream,961,0.9011656990562918,73.11550944938207,1.0051625203664936
stream,962,0.8995352471793574,73.90499158948224,1.1524360019750728
stream,963,0.8987228760388025,74.63288133620665,1.2842582662543935
stream,964,0.8981739687656756,74.26219141473187,1.3240217902248528
stream,965,0.8979443985402495,79.8510906700865,1.516137158457417
stream,966,0.898265326712355,84.20518837797866,1.5227187558090844
stream,967,0.8982981955813681,84.93469219858291,1.5360418298155962
stream,968,0.8995987309387331,89.7647328661219,1.4299704306893835
stream,969,0.9007445446860106,87.45140168976882,1.4011300224526373
stream,970,0.9010671435059728,86.02711545746602,1.516687572175515
stream,971,0.9010380232765013,71.50741910162898,1.4380949740802993
stream,972,0.9015093611459833,70.0101698801762,1.2850888665177946
stream,973,0.9021672953381797,68.55300924266005,1.2822499663807672
stream,974,0.9021780457212991,68.20607737406159,1.2559831986873529
stream,975,0.9018354752104906,68.53515045357223,1.2507082240976215
stream,976,0.9011596294510152,69.63790099586772,1.4747264149076247
stream,977,0.8999852798310352,67.68668777036619,1.4706521872566503
stream,978,0.8992603001795503,57.83159167545814,1.5113562554016333
stream,979,0.898929805628423,55.78568243977937,1.4454450840081574
stream,980,0.8988760683312352,48.813559796733564,1.4454450850692515
stream,981,0.8976900144320842,41.297674338583725,1.4455703508940576
stream,982,0.8979835897583077,40.75099951997783,1.3478047397226682
stream,983,0.8992195684767561,42.6669171516408,1.2683194950907068
stream,984,0.9012244801346063,55.71294034193119,1.3866369464276989
stream,985,0.9031692058699246,56.50145475443368,1.241319885923204
stream,986,0.9039859696555126,55.13409215854055,1.2612597034208537
stream,987,0.9041978843056305,57.126662436930715,1.237124469698953
stream,988,0.9038554701204452,52.72546092479999,1.2777516460895413
stream,989,0.9029524791355126,52.609632573093315,1.1641582137898983
stream,990,0.9017160094136262,50.87306873525154,1.050526011992698
stream,991,0.9003526389764382,50.83939093845425,1.0281791394584736
stream,992,0.8988360375425654,50.344053636235536,0.9890842665642022
stream,993,0.8973715831915161,49.88710079447303,0.9935709442156017
stream,994,0.8958016079305068,50.02771766608088,0.9966873491160888
stream,995,0.894213909019836,50.95662025546614,1.1023681781801002
stream,996,0.891146711306162,43.50182840828134,0.7124404103214901
stream,997,0.887857662850717,39.33676991070045,0.784075663334523
stream,998,0.8838469915903779,38.11206595747423,0.7731942359496727
stream,999,0.8806391791865154,37.098552427338724,0.7861725929334438
stream,1000,0.8789577463795409,41.36002203393144,0.8160823038313323
stream,1001,0.8801891751400605,48.14820911593875,0.8263297089531904
stream,1002,0.8830876094368528,54.59357824937236,0.7733739348005028
stream,1003,0.88596889235083,55.56306637076438,0.7490497814245968
stream,1004,0.8888265900929768,43.792688330429826,0.6035693407019272
stream,1005,0.892618114432157,37.750404796606524,0.5689937277095924
stream,1006,0.8978147500520468,38.100908681470756,0.5815866221224666
stream,1007,0.900922102392438,34.94027460243211,0.8571795315660509
stream,1008,0.9028779934692105,34.71423117631097,0.8113660085186816
stream,1009,0.9037530755548435,37.68336838393857,0.8128402083242059
stream,1010,0.9042538105423624,41.74318739668038,0.8128401949953555
stream,1011,0.9044963807933699,46.734959910826475,0.8087542643614297
stream,1012,0.9037997548864064,50.96253472147374,0.7764201762962105
stream,1013,0.9017986693704965,55.71068678026845,0.7676897090631625
stream,1014,0.8988916101570842,56.819017940333545,0.8050945661760764
stream,1015,0.894103089271938,60.962352757279014,0.7359625803471512
stream,1016,0.8887070746406782,61.04230425222479,0.8743974446746992
stream,1017,0.8849856550760368,60.19644636491388,0.8610702990512882
stream,1018,0.8820565101012299,60.156102255992955,0.8515591700786616
stream,1019,0.8793001619147771,59.11842264542919,0.8342713352312858
stream,1020,0.8768274900228277,57.37714739642341,0.8342713352312858
stream,1021,0.8745848682975961,50.01870395896478,0.9084230744719916
stream,1022,0.8740836287979759,50.121827522092175,0.9719541420817275
stream,1023,0.8742393500272574,48.11881436989106,1.0495751968647513
stream,1024,0.8736504336686574,47.01775699567238,1.0731110575718101
stream,1025,0.8736654518328807,46.78353750438337,1.0615763234120414
stream,1026,0.8727718487768801,43.64544027109989,1.0538687921468763
stream,1027,0.8716423343895396,43.14851118552998,0.7768882688766999
stream,1028,0.8700895243786556,43.16051904140775,0.7879025890597688
stream,1029,0.8696386736524333,41.19351376475101,0.9022619935882883
stream,1030,0.8695211261974078,37.87601404136487,0.898313047568107
stream,1031,0.8697071511472356,33.26229456279937,0.8993518442169202
stream,1032,0.8703853354129919,29.66883521382467,0.9113723717544537
stream,1033,0.8724024816767177,29.172348190314516,0.9428912165924009
stream,1034,0.8719306460471734,28.02223112930766,0.9951972088961739
stream,1035,0.870906455857267,22.929223465451834,0.9440975999058682
stream,1036,0.8727315455200437,24.971549243078748,0.8068231916768129
stream,1037,0.8746649579767454,24.9177555995164,0.9986543416869833
stream,1038,0.8774830579597497,24.889220846396977,1.0027790058254993
stream,1039,0.8793746789898585,28.523408551992482,1.1251339762705865
stream,1040,0.879701766106884,30.340604647230382,1.0749494036612361
stream,1041,0.878911491928978,36.39433702395502,0.9944992077265167
stream,1042,0.8761339965463587,40.32937568115671,0.9407297845780253
stream,1043,0.872344714553048,42.511953689867916,0.89300113045843
stream,1044,0.8680982680537771,45.02827889415363,0.8526209522782647
stream,1045,0.866475064370578,45.61114094633136,0.8780149579944706
stream,1046,0.8685640005587513,45.42249395133278,0.8967658116529255
stream,1047,0.8703734755328446,45.581497627819196,0.898396312049301
stream,1048,0.8728218402211757,44.919332780192214,0.8921095372827816
stream,1049,0.8749878904808626,44.32733377432894,0.7656084144497255
stream,1050,0.8767780703223551,48.88111067236062,0.8793566515177951
stream,1051,0.8781145133404232,50.38473270404294,0.9036980802819546
stream,1052,0.8792007079970826,51.49736240929295,0.8948575860329219
stream,1053,0.8796906273498951,50.674142044850825,0.8625235004379724
stream,1054,0.8792679257096697,51.08228352740386,0.8202872129365504
stream,1055,0.8792026713799772,50.761895070032494,0.837399322549473
stream,1056,0.8788235125092128,48.667895931497696,0.8017599651882084
stream,1057,0.8794152961492665,48.423281255199456,0.5703231168808974
stream,1058,0.880805218188725,52.64837719153725,0.580452901169721
stream,1059,0.8809787104443296,49.04464061805179,0.6062283451021779
stream,1060,0.8803859503339343,44.63300725470368,0.6096146233725325
stream,1061,0.8814661859939953,38.33856081918389,0.6211493452459468
stream,1062,0.885044528937642,28.063709871920448,0.6155103118973354
stream,1063,0.8868471870351482,24.330517086449877,0.5886360549701002
stream,1064,0.8884536037563051,23.884446710198944,0.6576035380961881
stream,1065,0.8903306209646112,24.539826961146346,0.6291567923970918
stream,1066,0.8914573373996107,33.16178873130228,0.685008883029542
stream,1067,0.8924379299583632,34.99437395345941,0.7375215821325254
stream,1068,0.8927121428843994,39.29127361681666,0.7525311919467079
stream,1069,0.8926763641159224,43.36848706543657,0.7469323788636775
stream,1070,0.89216774613762,44.964907585796645,0.6411630005879655
stream,1071,0.8908201042526508,47.28167872728562,0.6269803837891269
stream,1072,0.8893074104024637,46.017142390265036,0.6447595910550715
stream,1073,0.8899768555902755,43.57051313569683,0.645091085886076
stream,1074,0.8904972927093032,43.000457168169476,0.6248915857626093
stream,1075,0.8900287689039261,43.22218255072662,0.6162883985943752
stream,1076,0.8902026734903463,45.16271981956608,0.6519278306419811
stream,1077,0.890620427310055,46.34126633239405,0.6333506903274738
stream,1078,0.8918129568341451,48.500025935157815,0.6264452837519229
stream,1079,0.8921385998730819,50.26017716580979,0.5379601693356862
stream,1080,0.8921088077991022,54.74029656946102,0.5509654877110111
stream,1081,0.8932211112973687,56.49806491277791,0.5556314122143325
stream,1082,0.8943440278940273,56.634891538235614,0.5549567056182633
stream,1083,0.8956916655099137,57.556020810884355,0.5235498919068918
stream,1084,0.8980188043986137,59.159794726473166,0.4927021879516966
stream,1085,0.9002257535393534,60.17726953048731,0.5032327548003677
stream,1086,0.9022385275749226,52.02172967198291,0.43512279223551403
stream,1087,0.9036137990705124,49.989258792253736,0.39070456565010797
stream,1088,0.9042907591563961,45.86303777367005,0.3704566651028855
stream,1089,0.9054876413015688,42.63722515495964,0.3867230214922171
stream,1090,0.9070831224915522,37.87316045055763,0.6287582519341306
stream,1091,0.9086273439365646,35.07756012417713,0.6169709726621079
stream,1092,0.9098605490485506,36.86651264448423,0.6073575307750471
stream,1093,0.9108926016359803,40.370657036842985,0.6108940295925087
stream,1094,0.9120399409130837,40.441564974844034,0.7738552200617083
stream,1095,0.9128759276874987,44.26598491492741,0.9842635049399204
stream,1096,0.9134145237964807,43.80586991138759,0.9648904044743574
stream,1097,0.9132995229185566,41.83285491079237,1.0563015337675445
stream,1098,0.9134455842212448,39.08832573346974,1.1910121443462618
stream,1099,0.9130319338473358,37.33618158639717,1.29580839101941
stream,1100,0.9129363514480167,32.526054478734984,1.3140209242287555
stream,1101,0.9137910847431345,31.521884186929405,1.2967814937100095
stream,1102,0.9150758347487646,30.941290919042174,1.3117778306922285
stream,1103,0.9165582666683648,30.89351994596451,1.3544209921920867
stream,1104,0.9182775599825537,28.614613130958062,1.3169372204849186
stream,1105,0.9198999242594855,26.86069742923036,1.3094593812423487
stream,1106,0.9213912938248753,27.365059882001848,1.2720703576116081
stream,1107,0.922206486358055,27.547582115878104,1.2758227309856738
stream,1108,0.9225884605698144,29.02028019722401,1.2969612164604267
stream,1109,0.922545610183499,27.77144249181211,1.3650940627494994
stream,1110,0.9224059082018107,25.636465645957717,1.1153574886103614
stream,1111,0.9216307919553425,26.655898282137205,1.2153120801501722
stream,1112,0.9215287727214501,24.712392298736752,1.4900280117020983
stream,1113,0.9209768810321605,20.405603272607603,1.572286469329362
stream,1114,0.9204842916397228,20.438612719279988,1.4218137128628965
stream,1115,0.9192222358585693,17.155081108356747,1.255480470730252
stream,1116,0.918058341106978,15.641010870094503,1.2675045307532036
stream,1117,0.917318275756594,15.662998801034547,1.1875201863977312
stream,1118,0.915605422618332,12.507836273766967,1.0528095744098367
stream,1119,0.9148973144196892,12.796120057514756,0.9766276331200853
stream,1120,0.9133505278099432,13.339509120264571,0.9486320719451321
stream,1121,0.9107751395160896,12.639345586664627,0.9667621149798693
stream,1122,0.9056676621390262,12.635151100562757,0.9402137458897745
stream,1123,0.8965154189478579,11.683977124059167,0.8989581903922784
stream,1124,0.8878626229145784,12.431093481912804,0.9922767852886556
stream,1125,0.8820654394962163,13.265555816408725,0.9939266344095369
stream,1126,0.8730545255930888,12.332367123309833,1.0516970192899118
stream,1127,0.864859564140037,12.109055206099775,1.0497447168726595
stream,1128,0.8595719001901836,10.703095925696509,1.0338445080639735
stream,1129,0.8541294727419255,10.691097408326574,0.956441384599051
stream,1130,0.8517364236035219,10.67392517915794,0.9560655889420728
stream,1131,0.8524452152823392,9.862318015476294,0.914725088593114
stream,1132,0.85307555298392,8.831139088332574,0.7147898094314646
stream,1133,0.8542708238238331,8.742539244405988,0.648732013977673
stream,1134,0.8549502695286089,8.649951726013528,0.6108245868261117
stream,1135,0.8552743878024737,7.9429801967687155,0.5527227604367609
stream,1136,0.8557084108414649,7.947525091703023,0.5358591568062356
stream,1137,0.8542596560078467,8.78212066342005,0.566977212743548
stream,1138,0.8552227847875323,8.717423025721596,0.6316427214146935
stream,1139,0.8535748910864436,13.620455744004648,0.8410227193613942
stream,1140,0.8498560140093476,16.308105852522317,0.8410227036042565
stream,1141,0.8461793561698324,17.990771444381846,0.8333616328373251
stream,1142,0.8448762391230336,17.990749279856825,0.9033504929639533
stream,1143,0.8435300796131526,19.951070340578752,0.9521204285240553
stream,1144,0.8432179271045629,17.804586946861612,0.8917484737045375
stream,1145,0.8398265760188388,17.407521084698146,0.8963971012974622
stream,1146,0.8374378066673173,18.810169130131722,1.030864812149521
stream,1147,0.8362970003066194,24.857322954285074,1.0939946031636478
stream,1148,0.8385862343863433,34.41312821665834,1.1043383019543571
stream,1149,0.8411794928762365,38.359116172672884,1.1329816195590658
stream,1150,0.8414769297734285,38.369277151356094,1.278175402928547
stream,1151,0.842177120018744,41.939071687232115,1.4941229565256726
stream,1152,0.8425273552742819,42.110254266540544,1.5276287745535722
stream,1153,0.8417450438105709,42.03656746342466,1.528519359504148
stream,1154,0.8417670027380129,43.36690707851368,1.5913869652842512
stream,1155,0.8426128771232769,43.322018504874954,1.6303219916874017
stream,1156,0.8442274513749519,43.31801464958071,1.6188952037129323
stream,1157,0.8450770979456136,45.57685089536298,1.6960635973660698
stream,1158,0.8461260937257122,45.24968489502091,1.6853075391996444
stream,1159,0.8466536448223806,41.672728770283854,1.4128017032156424
stream,1160,0.8477873343185208,38.83612179376773,1.4177451602263076
stream,1161,0.8490287817918721,37.16353710957754,1.4198497191131
stream,1162,0.8501265758130295,37.205367097070365,1.363365216895564
stream,1163,0.8512777938597007,35.77139860394819,1.3247327192478926
stream,1164,0.8508857928738797,37.49797819235623,1.4779904082807354
stream,1165,0.8500272167168933,36.48795922822553,1.5376066296206166
stream,1166,0.8482343138311498,36.75297307204419,1.3773710928846163
stream,1167,0.8459582697444444,32.50628262382843,1.3037107579297753
stream,1168,0.8443468442841985,23.997436351449565,1.2902506744581985
stream,1169,0.8426453016606466,20.05605398863792,1.289090213556048
stream,1170,0.8402287325899981,20.247512920845477,1.1554214532296256
stream,1171,0.8382707943407359,15.04347066273254,0.8906407648774071
stream,1172,0.8373124827811743,17.185606579111006,0.8454840867084923
stream,1173,0.8379674736564771,18.663684393498038,0.8329895119408758
stream,1174,0.8386469984384783,24.00040277343836,0.8329894547762423
stream,1175,0.8396378903638347,24.498984729820663,0.9260732475983442
stream,1176,0.8415118865868279,26.20701217262975,0.9462228708805048
stream,1177,0.843235172568723,23.140398028672745,0.9127171141519445
stream,1178,0.8442467817925339,23.155804859719368,0.823042965602837
stream,1179,0.8450803715388543,22.24193803868095,0.820275420434365
stream,1180,0.8451057757769446,21.61751969740085,0.8342732123898192
stream,1181,0.8456368522221521,23.1163947748773,0.8600659117282202
stream,1182,0.847742242056295,24.218334491783622,0.8499478213491867
stream,1183,0.8509665775472199,23.694282385684847,0.9009939721483982
stream,1184,0.8552882705725978,22.052643322823194,0.7212362823635196
stream,1185,0.8590299602418947,21.972141574695662,0.6569714492250474
stream,1186,0.8611108691137169,25.498646318272115,0.7974702817354993
stream,1187,0.8625561342446293,24.40304641507982,0.9141552260697833
stream,1188,0.8635406072389423,23.22407701314977,1.0180430563725158
stream,1189,0.8630393012926266,25.228242073826483,1.0417469613038122
stream,1190,0.861227311781302,25.583640263457923,1.068121737164531
stream,1191,0.8571156044563439,26.95313684029144,1.059281287417546
stream,1192,0.8506800066384884,26.20632557302287,0.984805693556983
stream,1193,0.8447036783481392,24.77433334483473,1.0249429224540896
stream,1194,0.838455362194037,20.126311422139594,1.0091241537234084
stream,1195,0.8353016057797448,19.635366572051204,0.9946053947201018
stream,1196,0.8338109374290368,17.950451629948166,0.9751630801138098
stream,1197,0.8324447356241043,17.94294370417103,0.8940955832694015
stream,1198,0.8311416139835394,18.80631087635549,0.9119613816498378
stream,1199,0.8316307392350959,20.289992242379995,0.901684939021291
stream,1200,0.8324757365834482,22.614976563555075,0.877156624753895
stream,1201,0.8320627544597382,21.194778389066236,1.0016111878597838
stream,1202,0.8327312908454642,25.19531258599554,1.2571680672237942
stream,1203,0.8330202512958157,25.512031081699075,1.3026307146299556
stream,1204,0.8336459133813018,26.137040593409477,1.310135498852068
stream,1205,0.8354005062514501,26.129078587674332,1.3186444365270276
stream,1206,0.8366951021154739,21.386672827121714,1.1461430540702537
stream,1207,0.8382756623320872,20.98310864952206,1.0419410011297363
stream,1208,0.8391845493822282,22.78155208739355,0.9445752086796352
stream,1209,0.8382111950330164,28.082572379406468,0.9254083604395573
stream,1210,0.835852297530128,28.82189864911738,1.0174666762729845
stream,1211,0.8322162480459457,27.96165802213417,1.0238323706300474
stream,1212,0.8267891270614836,27.63472219785872,1.0307474851091545
stream,1213,0.8214000329628145,27.841334939317928,1.0879760036263673
stream,1214,0.814504328606534,25.934004170019193,1.0338058609793896
stream,1215,0.8091853206485164,28.59444674292372,0.9860885330869844
stream,1216,0.8048760966931172,29.342861503014547,1.0118043293662529
stream,1217,0.8027223631033129,29.220809257596855,1.033087513052416
stream,1218,0.8030963299914545,28.80870949907554,1.0436374388479142
stream,1219,0.8051974213353627,26.590437981016823,1.0626734148100245
stream,1220,0.8105287812641023,24.591770706727782,1.0650381937388522
stream,1221,0.8171813543989385,26.844242010045896,0.9286502041301617
stream,1222,0.8234372700377384,23.59375139449276,0.6705396266431514
stream,1223,0.82909036601633,27.080792675356264,0.5788704183283739
stream,1224,0.8337861823732475,27.435159787902492,0.5978656722838063
stream,1225,0.8376775454909235,27.513752553736776,0.6091824580241317
stream,1226,0.8402835442734231,27.021267406466706,0.6094772942676338
stream,1227,0.840788786933433,26.835527389760816,0.6094772717497242
stream,1228,0.8409836255443524,33.47229786448496,0.8422940674601244
stream,1229,0.8401441170677909,37.45637580874241,0.8084180731927763
stream,1230,0.8380755412431194,41.252568018861474,0.717574189586046
stream,1231,0.8354984005904779,41.99957463852169,0.7469635237240417
stream,1232,0.8325701725230188,43.2085574814737,0.7513942308828957
stream,1233,0.8276465230673293,42.95874503604267,0.7169928324857224
stream,1234,0.8249213895681731,42.96307217877523,0.7256637325141088
stream,1235,0.8246996319198753,43.78963475065081,0.7227153816584118
stream,1236,0.8244827158607042,45.00500102391565,0.7014322896511953
stream,1237,0.8237304628686797,52.60475234416775,0.729054092505285
stream,1238,0.8229932314616086,57.20142550688894,0.7121904214995338
stream,1239,0.8218162077457832,57.612760633444864,0.7746260837838373
stream,1240,0.8214297846101813,58.20050647036398,0.7757188550866719
stream,1241,0.8233027396676718,56.71005778146253,0.746250620419349
stream,1242,0.8257294495242211,54.99000765370158,0.8403941945481959
stream,1243,0.8279481720599193,52.375319209875606,0.8910432384252063
stream,1244,0.8280422700415491,51.355639133376734,0.956869343020705
stream,1245,0.8257761177711741,51.299181279152684,0.9323410146536243
stream,1246,0.82272054122824,53.07537646892634,0.9898165506419468
stream,1247,0.8216461114743339,53.17463587344018,1.1396583489518963
stream,1248,0.821709281019683,44.62182112712356,0.9015568905426966
stream,1249,0.8216483444306927,33.43273483453836,0.9007706914875611
stream,1250,0.8220987268569577,28.592102566796537,0.9104376899380331
stream,1251,0.8228834020786395,27.46193962801956,0.8712963939129161
stream,1252,0.8235698995354225,27.51397626551969,0.960174609651484
stream,1253,0.8246219268371401,28.04491526304296,0.900766120736817
stream,1254,0.8251820833693175,27.912428316987096,0.9007661026902823
stream,1255,0.8262997671982681,24.435207655185664,0.835874366851174
stream,1256,0.8273540066533287,22.766345109807194,0.8363331523201165
stream,1257,0.8285568762572958,15.210221229826619,0.8200896625347649
stream,1258,0.82880397301628,10.846348549801952,0.8297030814258185
stream,1259,0.8279074338432774,10.362919685325444,0.78746687171933
stream,1260,0.8261907447578519,9.457281825554261,0.7882531122906556
stream,1261,0.8224844227700963,10.475217256484504,0.8677801607052243
stream,1262,0.8163684589603826,11.257580637881894,0.773825504858384
stream,1263,0.8111086342306101,14.781055421759705,0.767844740726902
stream,1264,0.8050463187916241,21.214422495236136,0.6902507051498158
stream,1265,0.8018924930737408,22.103142739910385,0.7433994679198457
stream,1266,0.8044525447769849,22.220181490092923,0.7053662245654281
stream,1267,0.8104719175979422,22.19782685779757,0.5685684383025549
stream,1268,0.8173534931110082,25.54267482878143,0.731038413271138
stream,1269,0.8227181109938493,28.505198191518083,0.7269621391689094
stream,1270,0.8244350771679064,33.02602420170419,0.6798114181938261
stream,1271,0.8232774545658886,44.22665857240803,0.7261626314814544
stream,1272,0.8204940293647275,50.68646646778863,0.6338365085169876
stream,1273,0.8173307456876774,57.09061657226289,0.624645179474271
stream,1274,0.8165019043496231,67.23864884811938,0.6263470092381281
stream,1275,0.8179328832645832,68.93192301710884,0.760550946892887
stream,1276,0.8192671952820635,69.1082848783695,0.9325834430023845
stream,1277,0.8198464246808098,74.5240183782786,1.0184262634785826
stream,1278,0.8278613917882387,76.07884943453215,1.0184262938345185
stream,1279,0.8334073339026645,79.52616139519992,0.9697607116734722
stream,1280,0.83681270837943,82.96200757247148,0.9659100347670246
stream,1281,0.8394308238708101,82.66601344288509,0.8880404828913736
stream,1282,0.8400738579785672,86.00963150273328,0.9184527601153224
stream,1283,0.8394119088125612,82.11956989350335,0.896534077738907
stream,1284,0.8373949322137155,76.34073035722838,0.8751124367570403
stream,1285,0.834911126302567,75.85365358017951,0.825421250602309
stream,1286,0.8317618258107212,73.94831332927183,0.8155190598584927
stream,1287,0.8310194822899795,74.00660700211665,0.7946947862090494
stream,1288,0.830978050927254,71.89290299733287,0.740634032709667
stream,1289,0.832641258356572,69.45698202022565,0.7426770014360765
stream,1290,0.835322556221698,65.44012244444258,0.8223007330699189
stream,1291,0.8368370079044799,54.6189917771586,0.7825580884018223
stream,1292,0.8353580959636738,45.598041611498054,0.8158556038622442
stream,1293,0.8347393525697571,44.002520831530404,0.978676321191243
stream,1294,0.8343852592988356,37.46646980567429,0.9723778375935204
stream,1295,0.8336885639943854,39.07872701383289,0.8368575834214683
stream,1296,0.8333240129164322,42.02804173781739,0.6595038103027765
stream,1297,0.83416710075944,39.283775963120895,0.5378831321902422
stream,1298,0.8370167916426877,40.327644890661865,0.5191633896788056
stream,1299,0.8395310858470768,37.358672696870684,0.5601179519206011
stream,1300,0.8416732687781942,34.06444488461571,0.5588286162481906
stream,1301,0.8442336526732699,32.44807512003899,0.5774460106157947
stream,1302,0.8469794102873939,28.62475300597534,0.5557642075899026
stream,1303,0.8497849704227409,28.332732815830628,0.5174555459652831
stream,1304,0.8526383286390179,27.446924387812977,0.5324325229186181
stream,1305,0.8539363686445953,31.48771169299298,0.7207292060518542
stream,1306,0.8539197856056553,34.822666834769045,0.7113780160125203
stream,1307,0.8530616477931955,35.94462895735247,0.7198869855805189
stream,1308,0.851650670825308,41.918484513571606,0.7085218435239935
stream,1309,0.8503099722614657,44.12695924964352,0.7355443177190948
stream,1310,0.848446573297893,45.00814098463445,0.6576493680581377
stream,1311,0.8460942774868763,44.53060674680137,0.6973920127262344
stream,1312,0.8437950383217494,46.642553316743374,0.7620270620811502
stream,1313,0.8417138937723561,41.283125161588295,0.6632114772901087
stream,1314,0.8389269664845302,37.68113370375381,0.6595400369620634
stream,1315,0.8356203391195548,34.73756249381962,0.669080186107878
stream,1316,0.8318880963652272,31.62512516219348,0.721417255882592
stream,1317,0.8286744681639919,28.91155084921332,0.7404338418058801
stream,1318,0.8270648560200223,25.72907511263694,0.7413743597154473
stream,1319,0.826000828604626,25.558860279015935,0.7342723540403095
stream,1320,0.8255231138525727,25.575409805156305,0.7699117496212986
stream,1321,0.8251509329787783,27.395941896161744,0.7683392943257107
stream,1322,0.8238372116372242,27.023400910685933,0.8154110866023931
stream,1323,0.8222137485475274,27.854161235318625,0.8309701270047378
stream,1324,0.8218188556227046,35.260935150543865,0.8909607501939298
stream,1325,0.8213871929320641,32.29802986046233,0.7827095429163169
stream,1326,0.8216240330513609,29.160335043186812,0.8072378662592758
stream,1327,0.8223335204925104,28.492803353237136,0.8676866813862646
stream,1328,0.8229784742449874,22.077755579367835,0.7702917776855978
stream,1329,0.824179458488533,21.94854728235053,0.7610984031530518
stream,1330,0.8257539209351178,20.65451235911468,0.7871803577253541
stream,1331,0.8276038192719243,29.54379233645235,0.9413429760573159
stream,1332,0.8296098515819003,27.795954389738167,1.0465441316390731
stream,1333,0.8309701270464208,28.540209663292256,0.9816524478892595
stream,1334,0.8309820235266738,29.122574462375642,1.0836500744417608
stream,1335,0.8294138225183671,28.72640599846975,1.096113596269165
stream,1336,0.8264361844540304,31.495781123699764,1.1457741505116747
stream,1337,0.821550283713101,33.2591958633614,1.1298739406188483
stream,1338,0.8154820164503246,35.51664014034202,1.1266938935347002
stream,1339,0.8102272772470169,35.23086004646787,1.2125366789026015
stream,1340,0.8051380956519982,39.7251862704924,1.3263170330905578
stream,1341,0.8010386477972636,40.60228018380537,1.3147359426272818
stream,1342,0.7966226543982288,44.66469195497408,1.2645207576890538
stream,1343,0.7924187524748901,43.961444857545914,1.2907992692177257
stream,1344,0.7894585623495238,36.86522976447028,1.2646016494228036
stream,1345,0.7884653976174095,36.07049895800647,1.1800771216932968
stream,1346,0.7865802129571048,36.42802931732383,1.1586015321716883
stream,1347,0.7846126403274085,35.98164429992399,1.0860685409087636
stream,1348,0.7820286684465022,35.67342153254185,1.0834359017174222
stream,1349,0.7766200753516168,32.948474550004114,1.0915766645796836
stream,1350,0.7748572904279033,33.23038553307761,1.0946487145174033
stream,1351,0.774083658138015,25.119145711751784,0.8941348828768325
stream,1352,0.7734468107493362,24.99619119801986,0.7624240651846032
stream,1353,0.7726334308081957,24.820616651779357,0.766883754533886
stream,1354,0.7717138970749329,24.897906196433002,0.6666322293801754
stream,1355,0.7712931455888126,25.139019521055605,0.6448174765217725
stream,1356,0.7716458930437489,22.1361963994663,0.5546438032375587
stream,1357,0.7714569554061809,20.437329321424393,0.5507931252236081
stream,1358,0.7703851203350196,18.572087486836054,0.559257775907819
stream,1359,0.7700714448398194,21.41947384250152,0.44972124641461175
stream,1360,0.769394205106928,16.75269271042875,0.43016125801305544
stream,1361,0.7680165320690691,14.05157219545258,0.423872482488458
stream,1362,0.7658080759056135,11.936466295923175,0.4967909049448249
stream,1363,0.7633151685719247,12.631490747318033,0.4555353973345457
stream,1364,0.7629961703515099,12.890807157591665,0.40700831965751566
stream,1365,0.7634131327697243,12.360803543679035,0.4075460483379685
stream,1366,0.7644587163061342,11.995390180457543,0.415698573394972
stream,1367,0.7652785476062862,12.78160960309241,0.4980741580963598
stream,1368,0.7654947101909272,14.303282092943547,0.5074233280866736
stream,1369,0.7658057775622419,14.311375117885538,0.5253589632948021
stream,1370,0.7653130686465125,14.112382362424208,0.5092102762059788
stream,1371,0.7644001392283726,13.569375263599113,0.5158188612096914
stream,1372,0.7632350324297265,14.404340483351879,0.5423285888287623
stream,1373,0.7628588385443846,14.688106835712142,0.6679452166639004
stream,1374,0.7605862935214821,15.096103786449547,0.8021491449762206
stream,1375,0.758629444242468,15.142107766021091,0.8681682271285116
stream,1376,0.7570223584477669,15.041945296714538,0.8814912932413406
stream,1377,0.7563756515542943,18.937247117820526,0.9716130480875274
stream,1378,0.7532653116840422,19.406847793452226,1.0424692145202443
stream,1379,0.7494328833432898,16.555393365868074,1.0850599267945678
stream,1380,0.7452300418091,17.07124409121043,0.9693079631554182
stream,1381,0.7433204825187958,19.44098490567503,0.9922562197522766
stream,1382,0.7399556181663343,17.49514178530774,0.9922563332175488
stream,1383,0.737928878466769,16.430120916989488,0.9953207965028106
stream,1384,0.7395861038695575,16.95105814066369,1.0078963163520038
stream,1385,0.7403251920539676,23.12105933159642,1.5232694370105537
stream,1386,0.7425135401107682,23.133479537190567,1.7642857059461479
stream,1387,0.7439401050163498,26.98437885879683,1.975442123818736
stream,1388,0.7457557604629823,25.444210783546946,2.057226503667027
stream,1389,0.7471319768958471,26.300924935942653,2.0139106769610327
stream,1390,0.7476242909269094,29.22212839649411,2.025934737636121
stream,1391,0.7473219181164542,29.626087205875745,2.0584674103497305
stream,1392,0.7468815120042032,28.621473609048287,1.968822231507274
stream,1393,0.7485861550623931,28.574383440929065,1.8594332395001347
stream,1394,0.7543897846930091,28.545785668685554,1.7239129857600861
stream,1395,0.7616412506689194,28.580639553434363,1.6655433041158312
stream,1396,0.7674983792844062,29.840355537735768,1.7423939756628644
stream,1397,0.7720568783975644,26.091843624007083,1.6643620143544537
stream,1398,0.7754969690765057,25.028331537390578,1.5945869086894822
stream,1399,0.7767659177716074,25.526484274074722,1.5589286310978545
stream,1400,0.7760176732933375,26.948228391966097,1.563397975072653
stream,1401,0.7743582479609861,25.36394816645053,1.553121483377862
stream,1402,0.7734591611192413,25.965280475100297,1.5973640159900666
stream,1403,0.7739918175285548,27.561480554753278,1.7732592886110086
stream,1404,0.7756874573441456,26.80002448799922,1.7793011603991185
stream,1405,0.7784482966042131,22.17194795659767,1.393375271661998
stream,1406,0.7815811032200136,22.718230832647436,1.1458563121241339
stream,1407,0.7845936710129757,18.085611847281378,0.851832925729925
stream,1408,0.7878029790201707,17.84091656471493,0.7602965845400164
stream,1409,0.7891923133147175,19.056504990487277,0.8653220494849314
stream,1410,0.7889008829162794,16.53561172772651,0.845010538953541
stream,1411,0.7871352714186985,16.12847712812264,0.8174213349938684
stream,1412,0.7843498276009919,16.071279172429822,0.8265795092684345
stream,1413,0.7829492948954646,18.68361188227854,0.9155388483240116
stream,1414,0.7818509952434873,18.400812231143554,0.9441745524585571
stream,1415,0.7832637907764921,22.850946228474214,1.0054926350766087
stream,1416,0.7842231557176806,21.660281795124963,1.0229305923986993
stream,1417,0.7892471228264171,25.880212046401006,1.1657956329142858
stream,1418,0.7943422041370287,25.88881395334125,1.2699171985460094
stream,1419,0.8017311270912978,26.779530126104078,1.3014915832068223
stream,1420,0.809714951515048,25.307316148913003,1.2885132705531452
stream,1421,0.8151553311164909,26.43464493650417,1.3830697026597372
stream,1422,0.8216373366136241,27.38728359696895,1.584132811831493
stream,1423,0.8282333491509495,26.735031218062918,1.40541597009645
stream,1424,0.83204404542017,29.16457536029324,1.656251794163791
stream,1425,0.8346033257588911,27.732121413493033,1.5676685371840902
stream,1426,0.8366398124980711,27.079437855916733,1.5620697515038273
stream,1427,0.8389165688973833,26.827834291557703,1.5604122464513457
stream,1428,0.8399735959362888,26.599967746601727,1.5604122464933081
stream,1429,0.838594787166926,24.825570709863896,1.4645781118283117
stream,1430,0.8355378411195794,27.287389116193175,1.510644156652448
stream,1431,0.8313715438129825,28.082329104559,1.519366965172745
stream,1432,0.8257385298137545,28.203964422799846,1.519367030683707
stream,1433,0.818500844447045,24.90230406725198,1.4076967529658468
stream,1434,0.8128249366727985,24.365290502254194,1.3787662185938983
stream,1435,0.8094644629707464,21.791988673651385,1.4451301485608998
stream,1436,0.807906104372319,26.544469186216244,1.3455665463602442
stream,1437,0.8093638408121547,22.544697183912064,1.2562376350252555
stream,1438,0.8134851135895599,24.887029045257442,1.16263895919027
stream,1439,0.8170841189839463,25.156810544816402,1.1109205812072698
stream,1440,0.8205727015801785,25.45262785004088,1.110920550182665
stream,1441,0.8229226909331064,23.530304348519024,1.0323280527556566
stream,1442,0.8245630519230689,21.890158599730114,0.7074953063909661
stream,1443,0.8251354477727916,21.95872643855791,0.7449790693266284
stream,1444,0.8257377104905405,28.3667651374638,0.5762688328387628
stream,1445,0.8250858040024603,32.506178369014165,0.5551420190620088
stream,1446,0.8238755400293033,33.55637891789266,0.5896208840067716
stream,1447,0.8224961919275446,33.554484938901986,0.6242250864860778
stream,1448,0.8222387580575957,33.918646517052125,0.6308336551241868
stream,1449,0.8204532254111576,38.07275923959354,0.6796667472184119
stream,1450,0.8183343198454405,35.27448446658341,0.6880946923149744
stream,1451,0.8148869955153742,34.218250781886816,0.6842114768637868
stream,1452,0.8107529896336624,34.41560164208684,0.6620478956972837
stream,1453,0.8072573656284759,35.229859343708945,0.6635801343584742
stream,1454,0.8039117866542137,36.73917437158963,0.6640638758244123
stream,1455,0.8013311677085106,35.69637202871424,0.5307464012480279
stream,1456,0.799459860809513,31.02280348824081,0.530746432019751
stream,1457,0.7989831043559974,34.75626470138499,0.5449871530132209
stream,1458,0.7988887220478174,33.7134828593478,0.5382166549920128
stream,1459,0.7971245143696356,34.58479743337436,0.8328760609134652
stream,1460,0.7943088840802118,38.11891643320982,0.8337605820861953
stream,1461,0.7906004400778611,40.06736868184126,0.8254578169492834
stream,1462,0.7866254504688568,40.828705475929816,0.8311818807988448
stream,1463,0.7831469544230749,39.52464404826782,0.8215088562956432
stream,1464,0.7802954337281882,30.5629350048661,0.7257169491574117
stream,1465,0.7774144976544275,26.13875223214255,0.7141129405997392
stream,1466,0.7745941001754856,25.74805946429491,0.708977046252663
stream,1467,0.7730214149587793,28.167709423241586,0.7009212456456286
stream,1468,0.7731516882814741,31.989523629111353,0.708545717422479
stream,1469,0.7744519150916798,29.379433715026344,0.6703220686027372
stream,1470,0.7763628874084845,28.88572022797739,0.6687838358864633
stream,1471,0.7771156230602981,28.914182006622,0.652517455557964
stream,1472,0.777939710888866,30.848581006661128,0.779116300035797
stream,1473,0.7786186467780599,29.966398206969146,0.8538409360618487
stream,1474,0.7792756315021088,28.21987104864116,0.8532222487112567
stream,1475,0.7781925166567893,27.197011511937202,0.8535731071025255
stream,1476,0.7747518889780698,27.518388393530437,0.8419691455680441
stream,1477,0.7713030735217308,23.39596429410379,0.7891036070503634
stream,1478,0.7690274939141735,24.135221274579756,0.8244074886971325
stream,1479,0.764387492245489,23.88620977414464,0.8671708579341894
stream,1480,0.7590562350837845,23.343194212769514,0.870934964354384
stream,1481,0.7541140961733439,21.612604452507874,0.924451340422224
stream,1482,0.7470135242617475,21.253685763035076,0.9244513409863069
stream,1483,0.7400366089291637,21.625424190024546,0.9604313091996538
stream,1484,0.732610652033729,23.6113720628376,0.9952244420801138
stream,1485,0.724805698515193,25.294515109697112,0.9889993116689644
stream,1486,0.7135510283199794,25.318494724217413,0.9611885820541229
stream,1487,0.7026520077970526,26.47094959042756,0.9834483979999078
stream,1488,0.6943961221471877,22.807319995223306,1.01556657028511
stream,1489,0.6901415013358755,20.955165200771788,1.003103057999612
stream,1490,0.6905839487075829,21.010884623526415,0.9507140544428183
stream,1491,0.6969584759585244,21.0118894159214,0.9558540528687159
stream,1492,0.7047944718663736,18.75079147742011,0.8272835546443762
stream,1493,0.7087561380885066,22.668043990685316,0.8961221880117669
stream,1494,0.7119880841905666,23.505765889493308,0.9445276181608776
stream,1495,0.7151404305038569,23.409964230468837,0.9899494670584239
stream,1496,0.7172487154828222,23.076581367549533,0.9826931686806509
stream,1497,0.7178295322507648,23.225175263443646,0.9608860452167938
stream,1498,0.7206474164036056,22.09467389737251,0.9236298827815653
stream,1499,0.7232576590487668,19.956024080291172,0.601577249101839
stream,1500,0.7245866215331787,16.4438631881382,0.5933534463115985
stream,1501,0.7266035248085557,18.223773607167395,0.567479739547724
stream,1502,0.728952223134609,19.322700179657122,0.5618809410448732
stream,1503,0.7300095454332465,19.386288127501924,0.622388425779774
stream,1504,0.7299881727553106,17.499947627323223,0.5809867242192422
stream,1505,0.7290087168389593,18.47752705095539,0.6143056719535099
stream,1506,0.7275903283554427,18.639368621192958,0.6261525473280304
stream,1507,0.7255603605437038,15.415162913636118,0.5839528981295056
stream,1508,0.7243226982941395,18.166924107768715,0.5767429027352791
stream,1509,0.7235736856356989,18.601040614219762,0.6191099770210722
stream,1510,0.7224117243494179,19.409288063208308,0.6128848179046316
stream,1511,0.7201373871354712,19.53728901635002,0.6823013211460432
stream,1512,0.7172880100015976,19.531242751079056,0.684272974024414
stream,1513,0.7148895337339978,16.20239235437097,0.5646020020130473
stream,1514,0.7136046747973999,15.390988743981852,0.5229151463280893
stream,1515,0.7122567937411038,15.355578709397438,0.4741340084745891
stream,1516,0.710820951755665,15.457094890482505,0.4761056619400864
stream,1517,0.708473418772311,16.965631734551128,0.6058498393183337
stream,1518,0.7069827863608241,16.040349419914413,0.6613383993678325
stream,1519,0.7058514268380556,16.2339435367829,0.6494258153131341
stream,1520,0.7073611353749024,15.980548077974108,0.6675517872902743
stream,1521,0.7094463702214002,17.173188760512712,0.7487286443634621
stream,1522,0.7108719140842558,16.736298081543886,0.7751517481904325
stream,1523,0.7111946451908834,26.445133727160776,0.8419718806367422
stream,1524,0.7116284923613008,28.073428635533034,1.0007973930066272
stream,1525,0.7117817741596462,25.66737952460039,1.0007973197294615
stream,1526,0.71150198680416,24.96664470034136,0.9881254974774262
stream,1527,0.7091651742853244,28.509431704553094,1.1618911845542308
stream,1528,0.705136024040573,32.34895791135669,1.1261362571965772
stream,1529,0.7001484020502389,35.254808920162674,1.111323315013177
stream,1530,0.6953868255259759,34.95708002057669,1.1743258303551216
stream,1531,0.691719629426775,35.96437504765263,1.0996710504916694
stream,1532,0.6897302856749326,36.57614296948041,1.2391575878543342
stream,1533,0.6891922539109951,37.325846051111135,1.2364440208780973
stream,1534,0.6905340937100553,37.30523141010476,1.24571428074347
stream,1535,0.6897013851577843,46.08470889353507,1.560650573458438
stream,1536,0.689968757433464,46.48055368259287,1.959360802726176
stream,1537,0.6912791051420166,45.34607225593004,1.829616641711129
stream,1538,0.6965170134946392,48.54030730023458,1.7812784350001571
stream,1539,0.7019798047938112,49.61926517480107,1.7996356011558319
stream,1540,0.7053564316768984,49.906925672884874,1.8049105757455628
stream,1541,0.7086990545104727,46.718947347552614,1.703341236127883
stream,1542,0.7111629621479577,46.28545145757882,1.6996290708772084
stream,1543,0.7132156547877152,40.30184063908906,1.5768421661353742
stream,1544,0.7136470751501356,38.584942952120024,1.480614839855524
stream,1545,0.7122664825697388,48.38770399464673,1.7127494240130963
stream,1546,0.7115376507024022,48.44795067395769,1.947901093433356
stream,1547,0.7107570770138534,44.69784949994796,1.8000671210629005
stream,1548,0.7101929282804882,42.40716205482687,1.9047417318698219
stream,1549,0.7084263608822953,39.53369330247859,1.9564890583461676
stream,1550,0.7077853781905712,46.08030474549036,2.01699649235216
stream,1551,0.7097077593600812,50.817464133131054,2.023578106023023
stream,1552,0.7139999474211296,53.93728017207914,1.8888094419806487
stream,1553,0.7194601768229782,52.56608720985799,2.0437296796549163
stream,1554,0.7266093446395767,52.559141557812445,2.0277408495532527
stream,1555,0.734109230000072,46.110649673361706,1.8132078360866202
stream,1556,0.7404037154398831,47.809879994505934,1.4151855663038386
stream,1557,0.7443814052236629,51.25019520519447,1.4166811277018616
stream,1558,0.7464013210585709,48.15059393469069,1.5568040761666528
stream,1559,0.7467133104156213,48.97607930489371,1.5827759983924137
stream,1560,0.7451296487111908,49.033336415505865,1.5897664459326917
stream,1561,0.7420956911997824,49.40789325966826,1.607702011706388
stream,1562,0.7392896397269003,51.05257129633269,1.6086466018457457
stream,1563,0.7372269227263497,49.372740424343704,1.5388639178233394
stream,1564,0.7351441393282341,53.11543236717194,1.4807447830616844
stream,1565,0.733261991594696,43.77387253622873,1.480744675082449
stream,1566,0.7322113750597156,43.882114404751405,1.2447874357243316
stream,1567,0.7305452020825687,44.42171698917422,1.214396032274744
stream,1568,0.7294908919809305,39.683203231258496,1.1087808818086797
stream,1569,0.7296223175931847,39.25617321946617,1.0201282116966317
stream,1570,0.7282569863889825,32.143163742331204,0.8963214013130416
stream,1571,0.729048224133847,27.265199356185608,0.9222531203236507
stream,1572,0.7339225573589909,24.165283434428016,0.9257010241691633
stream,1573,0.7403225709684239,25.911614811140403,0.7536686160167049
stream,1574,0.7462166967896221,26.009529577221656,0.7878699545204261
stream,1575,0.7503503735903092,23.676490624806217,0.6895885747189708
stream,1576,0.7554215109664555,21.39787421238045,0.6859171472437458
stream,1577,0.7590437058784311,18.081439062017107,0.6956787719194601
stream,1578,0.7603024922570926,19.621365856335455,0.5524623791422782
stream,1579,0.7608893803999536,18.30249698766601,0.5041919855905842
stream,1580,0.760212548234017,18.968371695853225,0.47691698177589087
stream,1581,0.7589618099050243,20.94137001350474,0.45340193022849623
stream,1582,0.7590272121533349,18.771926156617685,0.4590893351655193
stream,1583,0.7587423600881561,16.79896858112913,0.4883513372560394
stream,1584,0.7603583717068035,12.839775400679379,0.5289010737147549
stream,1585,0.7614033676689846,21.87925474669243,0.5600563932236114
stream,1586,0.7617347334330403,27.400736544380557,0.6210893048893211
stream,1587,0.7635339274690852,30.811719152352076,0.6345493626366585
stream,1588,0.7656635655825957,31.510008660776663,0.6975519194809984
stream,1589,0.7675843457737853,32.70477639398486,0.8970441797845325
stream,1590,0.7682115390454102,34.38976718921519,0.9064473536449086
stream,1591,0.7675065022700143,46.61704508133184,1.150914332433559
stream,1592,0.7642394619525441,51.28741582178477,1.1857134719041875
stream,1593,0.760258221491868,49.80609626713516,1.276881717921973
stream,1594,0.7563664051002922,53.744798287837654,1.45351536459392
stream,1595,0.7527170442439344,55.26444781332781,1.4797821338894663
stream,1596,0.7478741079464676,56.31833738992293,1.480793947852218
stream,1597,0.7433740829871448,58.080781758415384,1.468652271672316
stream,1598,0.7396304282061787,61.08963484911868,1.4694348803393
stream,1599,0.7395450493393348,62.48970272955748,1.4917333516652334
stream,1600,0.7428919445033697,62.04997112568994,1.694872078209255
stream,1601,0.7494465237946485,61.02694174943308,1.6720358737431473
stream,1602,0.75525808649032,66.58337533451785,1.7125565849908513
stream,1603,0.7593051802222535,73.48988636706765,1.6965927328957662
stream,1604,0.7619175681424564,77.05077663284104,1.6586853249399096
stream,1605,0.7628880844606305,71.60702961214483,1.3610455062637208
stream,1606,0.7639448358493692,65.92079151779548,1.4803600329331328
stream,1607,0.7643579209653109,67.03964081409713,1.5411331787291136
stream,1608,0.7646488342140122,73.85406247164151,1.4879116105362256
stream,1609,0.765606002063667,77.48087448066019,1.2940064376174556
stream,1610,0.765886521829155,77.25071594518128,1.343514287465967
stream,1611,0.7666553466389504,65.78794727811956,1.067528475403774
stream,1612,0.7685381120162045,60.736802314921924,1.0309292848499334
stream,1613,0.7702366983398564,60.71737672549076,0.9828451027775112
stream,1614,0.7723440523614085,57.65298403996731,0.7894731236558687
stream,1615,0.7731867002329328,57.607298874927764,0.766322744998795
stream,1616,0.774183767730669,56.78692264400928,0.8847466465432214
stream,1617,0.7751171818146689,56.41952603500909,0.908490751796609
stream,1618,0.7774200706701663,55.40071786817956,0.8954854709025684
stream,1619,0.7818016674679521,58.49495900421264,0.8736707408685318
stream,1620,0.7876417439999048,66.06052931794238,0.6677125052502435
stream,1621,0.7932213024150038,64.73838311778711,0.9925454809019263
stream,1622,0.7964485291421427,61.781876289098854,1.0930318032151396
stream,1623,0.7966889458025116,56.06701139716301,1.0799302095910095
stream,1624,0.7940943883817769,69.43312852329423,1.4600565211041592
stream,1625,0.7901491935093947,77.1030131939016,1.4708686566392808
stream,1626,0.7836703154781429,79.27259556216268,1.4291409810445486
stream,1627,0.7787547488159382,74.40022007718655,1.47871465663694
stream,1628,0.7757235383503558,70.60135937086454,1.516672445195226
stream,1629,0.7772372382348115,68.18184518680509,1.519815817853175
stream,1630,0.7791388490471816,77.31047397053007,1.5556481626454524
stream,1631,0.7819173511293231,77.02150334217937,1.6974994644448376
stream,1632,0.7818479740442354,78.31975686301632,1.6882852122746668
stream,1633,0.779744310885729,85.96659299124579,2.2333327570569543
stream,1634,0.7743692312165027,93.4705701199457,2.2252189408668444
stream,1635,0.7671094356069454,110.4075053299982,2.331749006164689
stream,1636,0.7601180907452242,117.25691523291063,2.2702185148895855
stream,1637,0.7546489167582034,115.35971658066279,2.3793972127764103
stream,1638,0.7539277121328294,112.46878882599329,2.4117755461651935
stream,1639,0.7545138186307928,118.6715708271525,2.6383371904426633
stream,1640,0.7567774052911417,122.42652911887305,2.6373060142011875
stream,1641,0.7595640796396713,130.5744642835943,2.3408886973864145
stream,1642,0.7611711523962582,143.55707118566806,2.199881665104659
stream,1643,0.7623390329335156,145.57386675239897,2.4241202790774916
stream,1644,0.7634843274756129,129.09248337936194,2.37172728293149
stream,1645,0.762706981625291,119.84780353316117,2.4122403583069896
stream,1646,0.7612445849609537,122.7454791192833,2.318622394080938
stream,1647,0.7610819471917339,128.8234079691308,2.2061709929780275
stream,1648,0.7622946645307284,128.31701625085884,2.164657364920071
stream,1649,0.7653319515795706,127.43620950041523,2.1554431524970834
stream,1650,0.7685543453380999,116.86523738417176,2.088019138786949
stream,1651,0.7699513322277001,115.84601485630584,1.993954565470396
stream,1652,0.7692711254672898,114.60298100427774,2.017197661686674
stream,1653,0.7672663649900701,106.78283989700334,1.4683707778926438
stream,1654,0.7649715581073542,98.57781322136684,1.470845557911011
stream,1655,0.7628620259012096,81.22850833769154,1.522396534076906
stream,1656,0.7606150088995016,75.922545566798,1.4796974587174414
stream,1657,0.7577539212618551,75.85651233803233,1.3597529687949905
stream,1658,0.7543997585631705,75.1226680659645,1.3243911326903994
stream,1659,0.7524408235558049,63.47070343990933,1.1020732923635415
stream,1660,0.7522967710596304,52.04477763584754,1.1077800779157474
stream,1661,0.7528207869782121,44.69088721580677,1.0834386590161658
stream,1662,0.754894120557819,37.53889855167804,1.1455068579534604
stream,1663,0.7561796101087628,38.031228857534416,0.969673629683447
stream,1664,0.757005649617481,50.24065721855885,0.6889891234102362
stream,1665,0.7595580563700665,52.761714330486356,0.6889891661893865
stream,1666,0.7635702765615447,47.719749735224426,0.7677298782703015
stream,1667,0.7641123912479967,41.47335426195034,0.7594908139393894
stream,1668,0.7629372815587224,39.70727734738554,0.887172659908782
stream,1669,0.7606746069427482,42.1119412420771,0.9354431488723451
stream,1670,0.7585136278006454,50.2691345816939,0.9262497743397992
stream,1671,0.7559599826265505,56.57155424722508,0.877468546360985
stream,1672,0.753206216396744,59.24349685058497,0.8679207862988645
stream,1673,0.7507736577962634,59.26054019721426,0.8655620645009642
stream,1674,0.748114646134145,65.12191989112867,1.0566289260823551
stream,1675,0.7448926925807248,72.89262858841377,0.8977616574803886
stream,1676,0.7465094295872391,79.10095533057797,0.8862269489358245
stream,1677,0.7484122711742422,82.35031655653535,0.9243482434962805
stream,1678,0.750843324498978,83.41869732077784,0.9553792575807942
stream,1679,0.7538380334029783,86.08091137747127,1.255359828994319
stream,1680,0.7555837633379058,91.33460702433716,1.2861652741171379
stream,1681,0.7551911873793251,96.76738723114579,1.2829235971673445
stream,1682,0.7527958565011126,94.41754243208386,1.193536077043242
stream,1683,0.7488145987325869,91.756992307664,1.1804925670529338
stream,1684,0.7443489160170843,79.41530866355778,1.223214625959711
stream,1685,0.7400293557140312,76.1989216836943,1.2062394333066848
stream,1686,0.7383485694596743,88.2432761497541,1.262844269279859
stream,1687,0.7386255002061218,94.13268804631895,1.3063871474272852
stream,1688,0.7411075212538214,107.47941377676678,1.2615707409106498
stream,1689,0.743649045907198,103.92296163525101,1.6000102196189716
stream,1690,0.7457863382425278,99.70779189066664,1.8298746131785808
stream,1691,0.7483944967681082,93.0883911477941,1.8924458078925852
stream,1692,0.749262776416643,91.14719758357309,1.8984876040798062
stream,1693,0.7486481408890922,101.10664264409297,2.0410075991825156
stream,1694,0.744482357324078,96.30667358866654,1.9965394917067707
stream,1695,0.7391891430013631,88.12055623499737,2.11801605555297
stream,1696,0.7351071358963159,80.08221881945683,2.155343446123075
stream,1697,0.7350337444332449,86.97590063278636,2.4575721480664905
stream,1698,0.7395311983602657,98.61830309545195,2.4271598340901495
stream,1699,0.7449313511388377,101.30944689805764,2.191902948306378
stream,1700,0.7515572682367548,95.627893628127,2.3704227457804405
stream,1701,0.758901553648949,90.16206633257175,2.3898650434013105
stream,1702,0.7674512585682033,87.34688014623497,2.4531644689937595
stream,1703,0.7743985215511702,93.7559373486415,2.4873887189611557
stream,1704,0.7776478649552127,98.2058195263351,2.3949755094815983
stream,1705,0.7778255371881769,101.2796623143081,2.362246266090662
stream,1706,0.7768410854639644,90.30198542927567,2.200574365876925
stream,1707,0.7749264771483759,85.24174811336812,2.2904129451288178
stream,1708,0.7742215744987229,75.00491993669908,2.2415467137824643
stream,1709,0.7741864946644942,79.53082024367045,1.8547018050760269
stream,1710,0.7749022511226703,81.07111678718715,1.6045895396627765
stream,1711,0.7743923324406384,81.155290920834,1.6783441027534682
stream,1712,0.7734003170147141,80.17340453418328,1.6994709421474876
stream,1713,0.7694297109643045,73.17247925159181,1.6203175918802128
stream,1714,0.7652027887229675,71.85213447087231,1.5378742150147615
stream,1715,0.7594079586353221,71.45718729120455,1.4234706301024116
stream,1716,0.7551269948328548,71.49054730934647,1.396302051497628
stream,1717,0.7507474120104133,65.90286899885092,1.1453105457928063
stream,1718,0.7471530869609361,58.32433163114107,1.1457036596473855
stream,1719,0.7453330333733015,56.753513590024106,1.0892190529565737
stream,1720,0.7431019644289847,57.3370685115254,0.9382207364267995
stream,1721,0.742675501980445,57.9159741311508,1.0542986212287069
stream,1722,0.7423785255252789,62.32492583314314,1.106556745359136
stream,1723,0.7438492359842732,69.21596620772337,1.085376005382048
stream,1724,0.7437198486092789,70.7833426877544,1.131081541308207
stream,1725,0.7420114116022309,68.91896884139985,1.149211624301345
stream,1726,0.742021134580894,67.57688237412852,1.238570022472084
stream,1727,0.7440694568502328,66.71843966821314,1.102369032335869
stream,1728,0.7464606500803626,63.84365734901479,1.0808643968288008
stream,1729,0.7470555147815662,66.64414717578005,1.182862087756951
stream,1730,0.7432469075528996,62.048306541417226,1.3191879170068668
stream,1731,0.737073279448856,72.56563741916743,1.3632095058146247
stream,1732,0.7310594829291965,78.07436730914573,1.3597345894633468
stream,1733,0.7251954014252425,75.68354811123056,1.6301624697492259
stream,1734,0.7239282884361566,76.3510657072631,1.5541831183988861
stream,1735,0.7239760192691593,81.85222055128295,1.6376071686297635
stream,1736,0.7233269014299727,83.99035568854225,1.6625153464098583
stream,1737,0.7240809544002618,79.49554206213638,1.6046390674090705
stream,1738,0.7230922218531862,74.45302365847141,1.6032244656263783
stream,1739,0.7211864835305896,70.86166589876662,1.593794323012452
stream,1740,0.719138539861899,78.47544706656817,1.8979310039408683
stream,1741,0.7166058431897474,80.2381420756565,1.831567173263136
stream,1742,0.7169941024182566,80.20962407159772,1.7464010656247262
stream,1743,0.7214878344158474,67.58387701347165,1.787267043599777
stream,1744,0.7293376233876453,61.266767785997615,1.8117643468751559
stream,1745,0.737406428882133,58.32988461743808,1.7936342638820177
stream,1746,0.7435876875035895,66.61904207534259,1.8860872660754133
stream,1747,0.7449495178303159,78.18259285027831,1.8933934671212502
stream,1748,0.7430437935307476,85.41153679017019,1.8738854834310679
stream,1749,0.7409379571304393,78.33511102025246,1.9234320550134338
stream,1750,0.7379202983079082,77.43012564210245,1.7974519097546353
stream,1751,0.7340340507970657,67.88295777568139,1.6436259768213703
stream,1752,0.7315682460292328,75.22056377436024,1.7860736159906194
stream,1753,0.7315247994248633,84.74344080222355,1.4211610764901244
stream,1754,0.7328179065202298,84.93010261087838,1.6797012385627696
stream,1755,0.7343962743822898,80.72883726896208,1.8436683077105454
stream,1756,0.7347464150951544,82.15387812975277,1.8391312562570514
stream,1757,0.7326601647326316,88.69087735005313,1.82355076537886
stream,1758,0.7285062805290913,92.23460823622457,1.8399423625700433
stream,1759,0.7247920845922812,93.81487246566006,1.8403471856737015
stream,1760,0.7216302565554681,85.57846564233037,1.5134323486234689
stream,1761,0.7195715781979118,91.23309598746953,1.742497752462613
stream,1762,0.7187207594320741,92.56504837022158,1.7101636641793252
stream,1763,0.7184111194101643,97.8326782741732,1.6285936766606242
stream,1764,0.720276361516133,107.67481562564822,1.5555692951001043
stream,1765,0.7233527744169966,113.18986624504285,1.5728087352443614
stream,1766,0.7257737902096854,105.27677194058107,1.4840903771337686
stream,1767,0.7274304423225846,96.6532156040541,1.6989798168884254
stream,1768,0.7269192424568237,98.97973489871931,1.8150286863208336
stream,1769,0.7287380802811058,113.99241386298566,1.6809474080429332
stream,1770,0.7321082519439983,121.71484761930866,1.7097159536640816
stream,1771,0.7378129595567522,120.5066479938297,1.972755289292781
stream,1772,0.7457371621378139,108.71663244384573,1.8465510102661076
stream,1773,0.7517589849688495,104.71920703245905,1.8933070621408221
stream,1774,0.7541956772643289,118.14250598420786,1.6807153288952543
stream,1775,0.7542275490362097,124.97174234759918,1.4668009270136118
stream,1776,0.7534058982754089,121.45663802983698,1.6651852826700837
stream,1777,0.7523109108526894,121.26286570157097,1.8720688711024043
stream,1778,0.749816637574522,125.97507775346017,1.8735430449676902
stream,1779,0.7432158931292818,151.88438761866692,2.1280070586780804
stream,1780,0.7358836826525464,160.04164184277636,2.280838455365356
stream,1781,0.7280951003797889,153.80673679078203,2.0400922454159867
stream,1782,0.7242373118392589,145.3850088988964,2.227747826210364
stream,1783,0.7228197416634256,144.94966704224538,2.3335172336210066
stream,1784,0.7211302574765377,138.60195454741364,2.3602754266532453
stream,1785,0.7177522484234372,138.57129281354318,2.3694687999066293
stream,1786,0.7133408441306118,138.92767363877115,2.375379755562734
stream,1787,0.7117709191113444,138.45712385575075,2.4464191278763954
stream,1788,0.7145033621559275,130.2478939721432,2.3320990366024366
stream,1789,0.7180830134111423,115.18850872404556,2.3569034142428213
stream,1790,0.7204505983886516,108.2391970140361,2.319176798413121
stream,1791,0.7198427082465391,108.39670279914263,2.031246558059178
stream,1792,0.7184616226064724,109.57801241987653,2.1222971057832645
stream,1793,0.7168263812487925,118.54295139943477,2.275226962161817
stream,1794,0.7139659737966644,132.61613855901217,2.3204120265359585
stream,1795,0.7076317238292072,140.0088824236251,2.345372191080991
stream,1796,0.6947972136215258,142.54271511512897,2.328830291329143
stream,1797,0.6895230307320296,138.4992226634631,2.087467840359701
stream,1798,0.7025637741192053,131.09820545110753,2.3652829566984996
stream,1799,0.7129491252846251,122.74407410526112,2.622250753928288
