segment,end_index,DeltaClkB_nsps,Baseline_nsps,LowerBound_nsps,UpperBound_nsps
stream,0,,118.40666666666667,103.40666666666667,133.40666666666667
stream,1,118.0,118.40666666666667,103.40666666666667,133.40666666666667
stream,2,118.0,118.40666666666667,103.40666666666667,133.40666666666667
stream,3,118.0,118.40666666666667,103.40666666666667,133.40666666666667
stream,4,117.0,118.40666666666667,103.40666666666667,133.40666666666667
stream,5,119.0,118.40666666666667,103.40666666666667,133.40666666666667
stream,6,118.0,118.40666666666667,103.40666666666667,133.40666666666667
stream,7,118.0,118.40666666666667,103.40666666666667,133.40666666666667
stream,8,117.0,118.40666666666667,103.40666666666667,133.40666666666667
stream,9,118.0,118.40666666666667,103.40666666666667,133.40666666666667
stream,10,118.0,118.40666666666667,103.40666666666667,133.40666666666667
stream,11,119.0,118.40666666666667,103.40666666666667,133.40666666666667
stream,12,118.0,118.40666666666667,103.40666666666667,133.40666666666667
stream,13,118.0,118.40666666666667,103.40666666666667,133.40666666666667
stream,14,118.0,118.40666666666667,103.40666666666667,133.40666666666667
stream,15,118.0,118.40666666666667,103.40666666666667,133.40666666666667
stream,16,118.0,118.40666666666667,103.40666666666667,133.40666666666667
stream,17,118.0,118.40666666666667,103.40666666666667,133.40666666666667
stream,18,118.0,118.40666666666667,103.40666666666667,133.40666666666667
stream,19,118.0,118.40666666666667,103.40666666666667,133.40666666666667
stream,20,118.0,118.40666666666667,103.40666666666667,133.40666666666667
stream,21,118.0,118.40666666666667,103.40666666666667,133.40666666666667
stream,22,118.0,118.40666666666667,103.40666666666667,133.40666666666667
stream,23,117.0,118.40666666666667,103.40666666666667,133.40666666666667
stream,24,118.0,118.40666666666667,103.40666666666667,133.40666666666667
stream,25,118.0,118.40666666666667,103.40666666666667,133.40666666666667
stream,26,118.0,118.40666666666667,103.40666666666667,133.40666666666667
stream,27,117.0,118.40666666666667,103.40666666666667,133.40666666666667
stream,28,118.0,118.40666666666667,103.40666666666667,133.40666666666667
stream,29,118.0,118.40666666666667,103.40666666666667,133.40666666666667
stream,30,118.0,118.40666666666667,103.40666666666667,133.40666666666667
stream,31,117.0,118.40666666666667,103.40666666666667,133.40666666666667
stream,32,118.0,118.40666666666667,103.40666666666667,133.40666666666667
stream,33,118.0,118.40666666666667,103.40666666666667,133.40666666666667
stream,34,118.0,118.40666666666667,103.40666666666667,133.40666666666667
stream,35,117.0,118.40666666666667,103.40666666666667,133.40666666666667
stream,36,118.0,118.40666666666667,103.40666666666667,133.40666666666667
stream,37,118.0,118.40666666666667,103.40666666666667,133.40666666666667
stream,38,118.0,118.40666666666667,103.40666666666667,133.40666666666667
stream,39,118.0,118.40666666666667,103.40666666666667,133.40666666666667
stream,40,117.0,118.40666666666667,103.40666666666667,133.40666666666667
stream,41,118.0,118.40666666666667,103.40666666666667,133.40666666666667
stream,42,118.0,118.40666666666667,103.40666666666667,133.40666666666667
stream,43,118.0,118.40666666666667,103.40666666666667,133.40666666666667
stream,44,117.0,118.40666666666667,103.40666666666667,133.40666666666667
stream,45,118.0,118.40666666666667,103.40666666666667,133.40666666666667
stream,46,118.0,118.40666666666667,103.40666666666667,133.40666666666667
stream,47,118.0,118.40666666666667,103.40666666666667,133.40666666666667
stream,48,118.0,118.40666666666667,103.40666666666667,133.40666666666667
stream,49,118.0,118.40666666666667,103.40666666666667,133.40666666666667
stream,50,117.0,118.40666666666667,103.40666666666667,133.40666666666667
stream,51,118.0,118.40666666666667,103.40666666666667,133.40666666666667
stream,52,117.0,118.40666666666667,103.40666666666667,133.40666666666667
stream,53,117.0,118.40666666666667,103.40666666666667,133.40666666666667
stream,54,117.0,118.40666666666667,103.40666666666667,133.40666666666667
stream,55,118.0,118.40666666666667,103.40666666666667,133.40666666666667
stream,56,117.0,118.40666666666667,103.40666666666667,133.40666666666667
stream,57,117.0,118.40666666666667,103.40666666666667,133.40666666666667
stream,58,117.0,118.40666666666667,103.40666666666667,133.40666666666667
stream,59,118.0,118.40666666666667,103.40666666666667,133.40666666666667
stream,60,117.0,118.40666666666667,103.40666666666667,133.40666666666667
stream,61,117.0,118.40666666666667,103.40666666666667,133.40666666666667
stream,62,117.0,118.40666666666667,103.40666666666667,133.40666666666667
stream,63,118.0,118.40666666666667,103.40666666666667,133.40666666666667
stream,64,117.0,118.40666666666667,103.40666666666667,133.40666666666667
stream,65,118.0,118.40666666666667,103.40666666666667,133.40666666666667
stream,66,117.0,118.40666666666667,103.40666666666667,133.40666666666667
stream,67,117.0,118.40666666666667,103.40666666666667,133.40666666666667
stream,68,117.0,118.40666666666667,103.40666666666667,133.40666666666667
stream,69,118.0,118.40666666666667,103.40666666666667,133.40666666666667
stream,70,117.0,118.40666666666667,103.40666666666667,133.40666666666667
stream,71,117.0,118.40666666666667,103.40666666666667,133.40666666666667
stream,72,117.0,118.40666666666667,103.40666666666667,133.40666666666667
stream,73,117.0,118.40666666666667,103.40666666666667,133.40666666666667
stream,74,118.0,118.40666666666667,103.40666666666667,133.40666666666667
stream,75,117.0,118.40666666666667,103.40666666666667,133.40666666666667
stream,76,117.0,118.40666666666667,103.40666666666667,133.40666666666667
stream,77,118.0,118.40666666666667,103.40666666666667,133.40666666666667
stream,78,117.0,118.40666666666667,103.40666666666667,133.40666666666667
stream,79,117.0,118.40666666666667,103.40666666666667,133.40666666666667
stream,80,117.0,118.40666666666667,103.40666666666667,133.40666666666667
stream,81,118.0,118.40666666666667,103.40666666666667,133.40666666666667
stream,82,117.0,118.40666666666667,103.40666666666667,133.40666666666667
stream,83,117.0,118.40666666666667,103.40666666666667,133.40666666666667
stream,84,117.0,118.40666666666667,103.40666666666667,133.40666666666667
stream,85,117.0,118.40666666666667,103.40666666666667,133.40666666666667
stream,86,117.0,118.40666666666667,103.40666666666667,133.40666666666667
stream,87,117.0,118.40666666666667,103.40666666666667,133.40666666666667
stream,88,117.0,118.40666666666667,103.40666666666667,133.40666666666667
stream,89,117.0,118.40666666666667,103.40666666666667,133.40666666666667
stream,90,117.0,118.40666666666667,103.40666666666667,133.40666666666667
stream,91,117.0,118.40666666666667,103.40666666666667,133.40666666666667
stream,92,117.0,118.40666666666667,103.40666666666667,133.40666666666667
stream,93,117.0,118.40666666666667,103.40666666666667,133.40666666666667
stream,94,117.0,118.40666666666667,103.40666666666667,133.40666666666667
stream,95,117.0,118.40666666666667,103.40666666666667,133.40666666666667
stream,96,118.0,118.40666666666667,103.40666666666667,133.40666666666667
stream,97,117.0,118.40666666666667,103.40666666666667,133.40666666666667
stream,98,117.0,118.40666666666667,103.40666666666667,133.40666666666667
stream,99,117.0,118.40666666666667,103.40666666666667,133.40666666666667
stream,100,118.0,118.40666666666667,103.40666666666667,133.40666666666667
stream,101,117.0,118.40666666666667,103.40666666666667,133.40666666666667
stream,102,117.0,118.40666666666667,103.40666666666667,133.40666666666667
stream,103,117.0,118.40666666666667,103.40666666666667,133.40666666666667
stream,104,117.0,118.40666666666667,103.40666666666667,133.40666666666667
stream,105,118.0,118.40666666666667,103.40666666666667,133.40666666666667
stream,106,117.0,118.40666666666667,103.40666666666667,133.40666666666667
stream,107,117.0,118.40666666666667,103.40666666666667,133.40666666666667
stream,108,117.0,118.40666666666667,103.40666666666667,133.40666666666667
stream,109,117.0,118.40666666666667,103.40666666666667,133.40666666666667
stream,110,118.0,118.40666666666667,103.40666666666667,133.40666666666667
stream,111,117.0,118.40666666666667,103.40666666666667,133.40666666666667
stream,112,117.0,118.40666666666667,103.40666666666667,133.40666666666667
stream,113,117.0,118.40666666666667,103.40666666666667,133.40666666666667
stream,114,117.0,118.40666666666667,103.40666666666667,133.40666666666667
stream,115,117.0,118.40666666666667,103.40666666666667,133.40666666666667
stream,116,117.0,118.40666666666667,103.40666666666667,133.40666666666667
stream,117,118.0,118.40666666666667,103.40666666666667,133.40666666666667
stream,118,117.0,118.40666666666667,103.40666666666667,133.40666666666667
stream,119,117.0,118.40666666666667,103.40666666666667,133.40666666666667
stream,120,117.0,118.40666666666667,103.40666666666667,133.40666666666667
stream,121,118.0,118.40666666666667,103.40666666666667,133.40666666666667
stream,122,117.0,118.40666666666667,103.40666666666667,133.40666666666667
stream,123,117.0,118.40666666666667,103.40666666666667,133.40666666666667
stream,124,118.0,118.40666666666667,103.40666666666667,133.40666666666667
stream,125,117.0,118.40666666666667,103.40666666666667,133.40666666666667
stream,126,117.0,118.40666666666667,103.40666666666667,133.40666666666667
stream,127,118.0,118.40666666666667,103.40666666666667,133.40666666666667
stream,128,117.0,118.40666666666667,103.40666666666667,133.40666666666667
stream,129,118.0,118.40666666666667,103.40666666666667,133.40666666666667
stream,130,118.0,118.40666666666667,103.40666666666667,133.40666666666667
stream,131,117.0,118.40666666666667,103.40666666666667,133.40666666666667
stream,132,118.0,118.40666666666667,103.40666666666667,133.40666666666667
stream,133,118.0,118.40666666666667,103.40666666666667,133.40666666666667
stream,134,117.0,118.40666666666667,103.40666666666667,133.40666666666667
stream,135,118.0,118.40666666666667,103.40666666666667,133.40666666666667
stream,136,118.0,118.40666666666667,103.40666666666667,133.40666666666667
stream,137,118.0,118.40666666666667,103.40666666666667,133.40666666666667
stream,138,118.0,118.40666666666667,103.40666666666667,133.40666666666667
stream,139,117.0,118.40666666666667,103.40666666666667,133.40666666666667
stream,140,118.0,118.40666666666667,103.40666666666667,133.40666666666667
stream,141,118.0,118.40666666666667,103.40666666666667,133.40666666666667
stream,142,118.0,118.40666666666667,103.40666666666667,133.40666666666667
stream,143,118.0,118.40666666666667,103.40666666666667,133.40666666666667
stream,144,118.0,118.40666666666667,103.40666666666667,133.40666666666667
stream,145,118.0,118.40666666666667,103.40666666666667,133.40666666666667
stream,146,118.0,118.40666666666667,103.40666666666667,133.40666666666667
stream,147,118.0,118.40666666666667,103.40666666666667,133.40666666666667
stream,148,118.0,118.40666666666667,103.40666666666667,133.40666666666667
stream,149,118.0,118.40666666666667,103.40666666666667,133.40666666666667
stream,150,118.0,118.40666666666667,103.40666666666667,133.40666666666667
stream,151,118.0,118.40666666666667,103.40666666666667,133.40666666666667
stream,152,119.0,118.40666666666667,103.40666666666667,133.40666666666667
stream,153,118.0,118.40666666666667,103.40666666666667,133.40666666666667
stream,154,118.0,118.40666666666667,103.40666666666667,133.40666666666667
stream,155,118.0,118.40666666666667,103.40666666666667,133.40666666666667
stream,156,118.0,118.40666666666667,103.40666666666667,133.40666666666667
stream,157,118.0,118.40666666666667,103.40666666666667,133.40666666666667
stream,158,118.0,118.40666666666667,103.40666666666667,133.40666666666667
stream,159,118.0,118.40666666666667,103.40666666666667,133.40666666666667
stream,160,118.0,118.40666666666667,103.40666666666667,133.40666666666667
stream,161,118.0,118.40666666666667,103.40666666666667,133.40666666666667
stream,162,119.0,118.40666666666667,103.40666666666667,133.40666666666667
stream,163,117.0,118.40666666666667,103.40666666666667,133.40666666666667
stream,164,118.0,118.40666666666667,103.40666666666667,133.40666666666667
stream,165,118.0,118.40666666666667,103.40666666666667,133.40666666666667
stream,166,118.0,118.40666666666667,103.40666666666667,133.40666666666667
stream,167,118.0,118.40666666666667,103.40666666666667,133.40666666666667
stream,168,118.0,118.40666666666667,103.40666666666667,133.40666666666667
stream,169,118.0,118.40666666666667,103.40666666666667,133.40666666666667
stream,170,118.0,118.40666666666667,103.40666666666667,133.40666666666667
stream,171,118.0,118.40666666666667,103.40666666666667,133.40666666666667
stream,172,117.0,118.40666666666667,103.40666666666667,133.40666666666667
stream,173,118.0,118.40666666666667,103.40666666666667,133.40666666666667
stream,174,118.0,118.40666666666667,103.40666666666667,133.40666666666667
stream,175,118.0,118.40666666666667,103.40666666666667,133.40666666666667
stream,176,118.0,118.40666666666667,103.40666666666667,133.40666666666667
stream,177,118.0,118.40666666666667,103.40666666666667,133.40666666666667
stream,178,118.0,118.40666666666667,103.40666666666667,133.40666666666667
stream,179,118.0,118.40666666666667,103.40666666666667,133.40666666666667
stream,180,118.0,118.40666666666667,103.40666666666667,133.40666666666667
stream,181,118.0,118.40666666666667,103.40666666666667,133.40666666666667
stream,182,117.0,118.40666666666667,103.40666666666667,133.40666666666667
stream,183,119.0,118.40666666666667,103.40666666666667,133.40666666666667
stream,184,118.0,118.40666666666667,103.40666666666667,133.40666666666667
stream,185,118.0,118.40666666666667,103.40666666666667,133.40666666666667
stream,186,118.0,118.40666666666667,103.40666666666667,133.40666666666667
stream,187,117.0,118.40666666666667,103.40666666666667,133.40666666666667
stream,188,118.0,118.40666666666667,103.40666666666667,133.40666666666667
stream,189,118.0,118.40666666666667,103.40666666666667,133.40666666666667
stream,190,118.0,118.40666666666667,103.40666666666667,133.40666666666667
stream,191,118.0,118.40666666666667,103.40666666666667,133.40666666666667
stream,192,118.0,118.40666666666667,103.40666666666667,133.40666666666667
stream,193,118.0,118.40666666666667,103.40666666666667,133.40666666666667
stream,194,118.0,118.40666666666667,103.40666666666667,133.40666666666667
stream,195,118.0,118.40666666666667,103.40666666666667,133.40666666666667
stream,196,118.0,118.40666666666667,103.40666666666667,133.40666666666667
stream,197,118.0,118.40666666666667,103.40666666666667,133.40666666666667
stream,198,118.0,118.40666666666667,103.40666666666667,133.40666666666667
stream,199,118.0,118.40666666666667,103.40666666666667,133.40666666666667
stream,200,118.0,118.40666666666667,103.40666666666667,133.40666666666667
stream,201,119.0,118.40666666666667,103.40666666666667,133.40666666666667
stream,202,118.0,118.40666666666667,103.40666666666667,133.40666666666667
stream,203,118.0,118.40666666666667,103.40666666666667,133.40666666666667
stream,204,118.0,118.40666666666667,103.40666666666667,133.40666666666667
stream,205,118.0,118.40666666666667,103.40666666666667,133.40666666666667
stream,206,118.0,118.40666666666667,103.40666666666667,133.40666666666667
stream,207,118.0,118.40666666666667,103.40666666666667,133.40666666666667
stream,208,119.0,118.40666666666667,103.40666666666667,133.40666666666667
stream,209,118.0,118.40666666666667,103.40666666666667,133.40666666666667
stream,210,118.0,118.40666666666667,103.40666666666667,133.40666666666667
stream,211,118.0,118.40666666666667,103.40666666666667,133.40666666666667
stream,212,119.0,118.40666666666667,103.40666666666667,133.40666666666667
stream,213,118.0,118.40666666666667,103.40666666666667,133.40666666666667
stream,214,118.0,118.40666666666667,103.40666666666667,133.40666666666667
stream,215,118.0,118.40666666666667,103.40666666666667,133.40666666666667
stream,216,118.0,118.40666666666667,103.40666666666667,133.40666666666667
stream,217,118.0,118.40666666666667,103.40666666666667,133.40666666666667
stream,218,118.0,118.40666666666667,103.40666666666667,133.40666666666667
stream,219,118.0,118.40666666666667,103.40666666666667,133.40666666666667
stream,220,119.0,118.40666666666667,103.40666666666667,133.40666666666667
stream,221,118.0,118.40666666666667,103.40666666666667,133.40666666666667
stream,222,118.0,118.40666666666667,103.40666666666667,133.40666666666667
stream,223,118.0,118.40666666666667,103.40666666666667,133.40666666666667
stream,224,118.0,118.40666666666667,103.40666666666667,133.40666666666667
stream,225,119.0,118.40666666666667,103.40666666666667,133.40666666666667
stream,226,118.0,118.40666666666667,103.40666666666667,133.40666666666667
stream,227,118.0,118.40666666666667,103.40666666666667,133.40666666666667
stream,228,118.0,118.40666666666667,103.40666666666667,133.40666666666667
stream,229,118.0,118.40666666666667,103.40666666666667,133.40666666666667
stream,230,118.0,118.40666666666667,103.40666666666667,133.40666666666667
stream,231,118.0,118.40666666666667,103.40666666666667,133.40666666666667
stream,232,118.0,118.40666666666667,103.40666666666667,133.40666666666667
stream,233,118.0,118.40666666666667,103.40666666666667,133.40666666666667
stream,234,118.0,118.40666666666667,103.40666666666667,133.40666666666667
stream,235,118.0,118.40666666666667,103.40666666666667,133.40666666666667
stream,236,119.0,118.40666666666667,103.40666666666667,133.40666666666667
stream,237,118.0,118.40666666666667,103.40666666666667,133.40666666666667
stream,238,118.0,118.40666666666667,103.40666666666667,133.40666666666667
stream,239,118.0,118.40666666666667,103.40666666666667,133.40666666666667
stream,240,118.0,118.40666666666667,103.40666666666667,133.40666666666667
stream,241,118.0,118.40666666666667,103.40666666666667,133.40666666666667
stream,242,118.0,118.40666666666667,103.40666666666667,133.40666666666667
stream,243,118.0,118.40666666666667,103.40666666666667,133.40666666666667
stream,244,118.0,118.40666666666667,103.40666666666667,133.40666666666667
stream,245,118.0,118.40666666666667,103.40666666666667,133.40666666666667
stream,246,118.0,118.40666666666667,103.40666666666667,133.40666666666667
stream,247,118.0,118.40666666666667,103.40666666666667,133.40666666666667
stream,248,118.0,118.40666666666667,103.40666666666667,133.40666666666667
stream,249,118.0,118.40666666666667,103.40666666666667,133.40666666666667
stream,250,118.0,118.40666666666667,103.40666666666667,133.40666666666667
stream,251,117.0,118.40666666666667,103.40666666666667,133.40666666666667
stream,252,118.0,118.40666666666667,103.40666666666667,133.40666666666667
stream,253,118.0,118.40666666666667,103.40666666666667,133.40666666666667
stream,254,118.0,118.40666666666667,103.40666666666667,133.40666666666667
stream,255,118.0,118.40666666666667,103.40666666666667,133.40666666666667
stream,256,118.0,118.40666666666667,103.40666666666667,133.40666666666667
stream,257,117.0,118.40666666666667,103.40666666666667,133.40666666666667
stream,258,118.0,118.40666666666667,103.40666666666667,133.40666666666667
stream,259,118.0,118.40666666666667,103.40666666666667,133.40666666666667
stream,260,118.0,118.40666666666667,103.40666666666667,133.40666666666667
stream,261,117.0,118.40666666666667,103.40666666666667,133.40666666666667
stream,262,118.0,118.40666666666667,103.40666666666667,133.40666666666667
stream,263,118.0,118.40666666666667,103.40666666666667,133.40666666666667
stream,264,118.0,118.40666666666667,103.40666666666667,133.40666666666667
stream,265,117.0,118.40666666666667,103.40666666666667,133.40666666666667
stream,266,118.0,118.40666666666667,103.40666666666667,133.40666666666667
stream,267,118.0,118.40666666666667,103.40666666666667,133.40666666666667
stream,268,118.0,118.40666666666667,103.40666666666667,133.40666666666667
stream,269,118.0,118.40666666666667,103.40666666666667,133.40666666666667
stream,270,118.0,118.40666666666667,103.40666666666667,133.40666666666667
stream,271,117.0,118.40666666666667,103.40666666666667,133.40666666666667
stream,272,118.0,118.40666666666667,103.40666666666667,133.40666666666667
stream,273,118.0,118.40666666666667,103.40666666666667,133.40666666666667
stream,274,118.0,118.40666666666667,103.40666666666667,133.40666666666667
stream,275,118.0,118.40666666666667,103.40666666666667,133.40666666666667
stream,276,118.0,118.40666666666667,103.40666666666667,133.40666666666667
stream,277,118.0,118.40666666666667,103.40666666666667,133.40666666666667
stream,278,118.0,118.40666666666667,103.40666666666667,133.40666666666667
stream,279,117.0,118.40666666666667,103.40666666666667,133.40666666666667
stream,280,118.0,118.40666666666667,103.40666666666667,133.40666666666667
stream,281,118.0,118.40666666666667,103.40666666666667,133.40666666666667
stream,282,118.0,118.40666666666667,103.40666666666667,133.40666666666667
stream,283,117.0,118.40666666666667,103.40666666666667,133.40666666666667
stream,284,118.0,118.40666666666667,103.40666666666667,133.40666666666667
stream,285,118.0,118.40666666666667,103.40666666666667,133.40666666666667
stream,286,117.0,118.40666666666667,103.40666666666667,133.40666666666667
stream,287,118.0,118.40666666666667,103.40666666666667,133.40666666666667
stream,288,118.0,118.40666666666667,103.40666666666667,133.40666666666667
stream,289,118.0,118.40666666666667,103.40666666666667,133.40666666666667
stream,290,117.0,118.40666666666667,103.40666666666667,133.40666666666667
stream,291,118.0,118.40666666666667,103.40666666666667,133.40666666666667
stream,292,118.0,118.40666666666667,103.40666666666667,133.40666666666667
stream,293,118.0,118.40666666666667,103.40666666666667,133.40666666666667
stream,294,117.0,118.40666666666667,103.40666666666667,133.40666666666667
stream,295,118.0,118.40666666666667,103.40666666666667,133.40666666666667
stream,296,118.0,118.40666666666667,103.40666666666667,133.40666666666667
stream,297,117.0,118.40666666666667,103.40666666666667,133.40666666666667
stream,298,118.0,118.40666666666667,103.40666666666667,133.40666666666667
stream,299,118.0,118.40666666666667,103.40666666666667,133.40666666666667
stream,300,118.0,118.40666666666667,103.40666666666667,133.40666666666667
stream,301,118.0,118.40666666666667,103.40666666666667,133.40666666666667
stream,302,118.0,118.40666666666667,103.40666666666667,133.40666666666667
stream,303,118.0,118.40666666666667,103.40666666666667,133.40666666666667
stream,304,118.0,118.40666666666667,103.40666666666667,133.40666666666667
stream,305,118.0,118.40666666666667,103.40666666666667,133.40666666666667
stream,306,118.0,118.40666666666667,103.40666666666667,133.40666666666667
stream,307,118.0,118.40666666666667,103.40666666666667,133.40666666666667
stream,308,118.0,118.40666666666667,103.40666666666667,133.40666666666667
stream,309,118.0,118.40666666666667,103.40666666666667,133.40666666666667
stream,310,118.0,118.40666666666667,103.40666666666667,133.40666666666667
stream,311,118.0,118.40666666666667,103.40666666666667,133.40666666666667
stream,312,118.0,118.40666666666667,103.40666666666667,133.40666666666667
stream,313,119.0,118.40666666666667,103.40666666666667,133.40666666666667
stream,314,118.0,118.40666666666667,103.40666666666667,133.40666666666667
stream,315,118.0,118.40666666666667,103.40666666666667,133.40666666666667
stream,316,118.0,118.40666666666667,103.40666666666667,133.40666666666667
stream,317,118.0,118.40666666666667,103.40666666666667,133.40666666666667
stream,318,119.0,118.40666666666667,103.40666666666667,133.40666666666667
stream,319,118.0,118.40666666666667,103.40666666666667,133.40666666666667
stream,320,118.0,118.40666666666667,103.40666666666667,133.40666666666667
stream,321,119.0,118.40666666666667,103.40666666666667,133.40666666666667
stream,322,118.0,118.40666666666667,103.40666666666667,133.40666666666667
stream,323,118.0,118.40666666666667,103.40666666666667,133.40666666666667
stream,324,119.0,118.40666666666667,103.40666666666667,133.40666666666667
stream,325,118.0,118.40666666666667,103.40666666666667,133.40666666666667
stream,326,118.0,118.40666666666667,103.40666666666667,133.40666666666667
stream,327,119.0,118.40666666666667,103.40666666666667,133.40666666666667
stream,328,118.0,118.40666666666667,103.40666666666667,133.40666666666667
stream,329,118.0,118.40666666666667,103.40666666666667,133.40666666666667
stream,330,119.0,118.40666666666667,103.40666666666667,133.40666666666667
stream,331,119.0,118.40666666666667,103.40666666666667,133.40666666666667
stream,332,118.0,118.40666666666667,103.40666666666667,133.40666666666667
stream,333,119.0,118.40666666666667,103.40666666666667,133.40666666666667
stream,334,118.0,118.40666666666667,103.40666666666667,133.40666666666667
stream,335,119.0,118.40666666666667,103.40666666666667,133.40666666666667
stream,336,118.0,118.40666666666667,103.40666666666667,133.40666666666667
stream,337,119.0,118.40666666666667,103.40666666666667,133.40666666666667
stream,338,118.0,118.40666666666667,103.40666666666667,133.40666666666667
stream,339,118.0,118.40666666666667,103.40666666666667,133.40666666666667
stream,340,119.0,118.40666666666667,103.40666666666667,133.40666666666667
stream,341,119.0,118.40666666666667,103.40666666666667,133.40666666666667
stream,342,118.0,118.40666666666667,103.40666666666667,133.40666666666667
stream,343,119.0,118.40666666666667,103.40666666666667,133.40666666666667
stream,344,118.0,118.40666666666667,103.40666666666667,133.40666666666667
stream,345,119.0,118.40666666666667,103.40666666666667,133.40666666666667
stream,346,119.0,118.40666666666667,103.40666666666667,133.40666666666667
stream,347,118.0,118.40666666666667,103.40666666666667,133.40666666666667
stream,348,119.0,118.40666666666667,103.40666666666667,133.40666666666667
stream,349,118.0,118.40666666666667,103.40666666666667,133.40666666666667
stream,350,119.0,118.40666666666667,103.40666666666667,133.40666666666667
stream,351,119.0,118.40666666666667,103.40666666666667,133.40666666666667
stream,352,119.0,118.40666666666667,103.40666666666667,133.40666666666667
stream,353,118.0,118.40666666666667,103.40666666666667,133.40666666666667
stream,354,119.0,118.40666666666667,103.40666666666667,133.40666666666667
stream,355,119.0,118.40666666666667,103.40666666666667,133.40666666666667
stream,356,119.0,118.40666666666667,103.40666666666667,133.40666666666667
stream,357,119.0,118.40666666666667,103.40666666666667,133.40666666666667
stream,358,119.0,118.40666666666667,103.40666666666667,133.40666666666667
stream,359,119.0,118.40666666666667,103.40666666666667,133.40666666666667
stream,360,119.0,118.40666666666667,103.40666666666667,133.40666666666667
stream,361,119.0,118.40666666666667,103.40666666666667,133.40666666666667
stream,362,119.0,118.40666666666667,103.40666666666667,133.40666666666667
stream,363,119.0,118.40666666666667,103.40666666666667,133.40666666666667
stream,364,119.0,118.40666666666667,103.40666666666667,133.40666666666667
stream,365,119.0,118.40666666666667,103.40666666666667,133.40666666666667
stream,366,118.0,118.40666666666667,103.40666666666667,133.40666666666667
stream,367,119.0,118.40666666666667,103.40666666666667,133.40666666666667
stream,368,119.0,118.40666666666667,103.40666666666667,133.40666666666667
stream,369,119.0,118.40666666666667,103.40666666666667,133.40666666666667
stream,370,118.0,118.40666666666667,103.40666666666667,133.40666666666667
stream,371,119.0,118.40666666666667,103.40666666666667,133.40666666666667
stream,372,119.0,118.40666666666667,103.40666666666667,133.40666666666667
stream,373,119.0,118.40666666666667,103.40666666666667,133.40666666666667
stream,374,119.0,118.40666666666667,103.40666666666667,133.40666666666667
stream,375,119.0,118.40666666666667,103.40666666666667,133.40666666666667
stream,376,118.0,118.40666666666667,103.40666666666667,133.40666666666667
stream,377,119.0,118.40666666666667,103.40666666666667,133.40666666666667
stream,378,119.0,118.40666666666667,103.40666666666667,133.40666666666667
stream,379,119.0,118.40666666666667,103.40666666666667,133.40666666666667
stream,380,119.0,118.40666666666667,103.40666666666667,133.40666666666667
stream,381,118.0,118.40666666666667,103.40666666666667,133.40666666666667
stream,382,119.0,118.40666666666667,103.40666666666667,133.40666666666667
stream,383,119.0,118.40666666666667,103.40666666666667,133.40666666666667
stream,384,119.0,118.40666666666667,103.40666666666667,133.40666666666667
stream,385,119.0,118.40666666666667,103.40666666666667,133.40666666666667
stream,386,118.0,118.40666666666667,103.40666666666667,133.40666666666667
stream,387,119.0,118.40666666666667,103.40666666666667,133.40666666666667
stream,388,119.0,118.40666666666667,103.40666666666667,133.40666666666667
stream,389,118.0,118.40666666666667,103.40666666666667,133.40666666666667
stream,390,119.0,118.40666666666667,103.40666666666667,133.40666666666667
stream,391,119.0,118.40666666666667,103.40666666666667,133.40666666666667
stream,392,118.0,118.40666666666667,103.40666666666667,133.40666666666667
stream,393,119.0,118.40666666666667,103.40666666666667,133.40666666666667
stream,394,119.0,118.40666666666667,103.40666666666667,133.40666666666667
stream,395,119.0,118.40666666666667,103.40666666666667,133.40666666666667
stream,396,119.0,118.40666666666667,103.40666666666667,133.40666666666667
stream,397,119.0,118.40666666666667,103.40666666666667,133.40666666666667
stream,398,119.0,118.40666666666667,103.40666666666667,133.40666666666667
stream,399,119.0,118.40666666666667,103.40666666666667,133.40666666666667
stream,400,118.0,118.40666666666667,103.40666666666667,133.40666666666667
stream,401,119.0,118.40666666666667,103.40666666666667,133.40666666666667
stream,402,119.0,118.40666666666667,103.40666666666667,133.40666666666667
stream,403,119.0,118.40666666666667,103.40666666666667,133.40666666666667
stream,404,119.0,118.40666666666667,103.40666666666667,133.40666666666667
stream,405,119.0,118.40666666666667,103.40666666666667,133.40666666666667
stream,406,119.0,118.40666666666667,103.40666666666667,133.40666666666667
stream,407,119.0,118.40666666666667,103.40666666666667,133.40666666666667
stream,408,119.0,118.40666666666667,103.40666666666667,133.40666666666667
stream,409,119.0,118.40666666666667,103.40666666666667,133.40666666666667
stream,410,119.0,118.40666666666667,103.40666666666667,133.40666666666667
stream,411,119.0,118.40666666666667,103.40666666666667,133.40666666666667
stream,412,119.0,118.40666666666667,103.40666666666667,133.40666666666667
stream,413,119.0,118.40666666666667,103.40666666666667,133.40666666666667
stream,414,119.0,118.40666666666667,103.40666666666667,133.40666666666667
stream,415,119.0,118.40666666666667,103.40666666666667,133.40666666666667
stream,416,119.0,118.40666666666667,103.40666666666667,133.40666666666667
stream,417,119.0,118.40666666666667,103.40666666666667,133.40666666666667
stream,418,119.0,118.40666666666667,103.40666666666667,133.40666666666667
stream,419,119.0,118.40666666666667,103.40666666666667,133.40666666666667
stream,420,119.0,118.40666666666667,103.40666666666667,133.40666666666667
stream,421,119.0,118.40666666666667,103.40666666666667,133.40666666666667
stream,422,119.0,118.40666666666667,103.40666666666667,133.40666666666667
stream,423,119.0,118.40666666666667,103.40666666666667,133.40666666666667
stream,424,119.0,118.40666666666667,103.40666666666667,133.40666666666667
stream,425,119.0,118.40666666666667,103.40666666666667,133.40666666666667
stream,426,119.0,118.40666666666667,103.40666666666667,133.40666666666667
stream,427,119.0,118.40666666666667,103.40666666666667,133.40666666666667
stream,428,119.0,118.40666666666667,103.40666666666667,133.40666666666667
stream,429,119.0,118.40666666666667,103.40666666666667,133.40666666666667
stream,430,119.0,118.40666666666667,103.40666666666667,133.40666666666667
stream,431,119.0,118.40666666666667,103.40666666666667,133.40666666666667
stream,432,119.0,118.40666666666667,103.40666666666667,133.40666666666667
stream,433,119.0,118.40666666666667,103.40666666666667,133.40666666666667
stream,434,119.0,118.40666666666667,103.40666666666667,133.40666666666667
stream,435,119.0,118.40666666666667,103.40666666666667,133.40666666666667
stream,436,120.0,118.40666666666667,103.40666666666667,133.40666666666667
stream,437,119.0,118.40666666666667,103.40666666666667,133.40666666666667
stream,438,119.0,118.40666666666667,103.40666666666667,133.40666666666667
stream,439,119.0,118.40666666666667,103.40666666666667,133.40666666666667
stream,440,119.0,118.40666666666667,103.40666666666667,133.40666666666667
stream,441,120.0,118.40666666666667,103.40666666666667,133.40666666666667
stream,442,119.0,118.40666666666667,103.40666666666667,133.40666666666667
stream,443,119.0,118.40666666666667,103.40666666666667,133.40666666666667
stream,444,120.0,118.40666666666667,103.40666666666667,133.40666666666667
stream,445,120.0,118.40666666666667,103.40666666666667,133.40666666666667
stream,446,119.0,118.40666666666667,103.40666666666667,133.40666666666667
stream,447,120.0,118.40666666666667,103.40666666666667,133.40666666666667
stream,448,119.0,118.40666666666667,103.40666666666667,133.40666666666667
stream,449,120.0,118.40666666666667,103.40666666666667,133.40666666666667
stream,450,120.0,118.40666666666667,103.40666666666667,133.40666666666667
stream,451,119.0,118.40666666666667,103.40666666666667,133.40666666666667
stream,452,120.0,118.40666666666667,103.40666666666667,133.40666666666667
stream,453,120.0,118.40666666666667,103.40666666666667,133.40666666666667
stream,454,119.0,118.40666666666667,103.40666666666667,133.40666666666667
stream,455,120.0,118.40666666666667,103.40666666666667,133.40666666666667
stream,456,119.0,118.40666666666667,103.40666666666667,133.40666666666667
stream,457,120.0,118.40666666666667,103.40666666666667,133.40666666666667
stream,458,120.0,118.40666666666667,103.40666666666667,133.40666666666667
stream,459,119.0,118.40666666666667,103.40666666666667,133.40666666666667
stream,460,120.0,118.40666666666667,103.40666666666667,133.40666666666667
stream,461,120.0,118.40666666666667,103.40666666666667,133.40666666666667
stream,462,120.0,118.40666666666667,103.40666666666667,133.40666666666667
stream,463,119.0,118.40666666666667,103.40666666666667,133.40666666666667
stream,464,120.0,118.40666666666667,103.40666666666667,133.40666666666667
stream,465,120.0,118.40666666666667,103.40666666666667,133.40666666666667
stream,466,120.0,118.40666666666667,103.40666666666667,133.40666666666667
stream,467,120.0,118.40666666666667,103.40666666666667,133.40666666666667
stream,468,120.0,118.40666666666667,103.40666666666667,133.40666666666667
stream,469,120.0,118.40666666666667,103.40666666666667,133.40666666666667
stream,470,119.0,118.40666666666667,103.40666666666667,133.40666666666667
stream,471,120.0,118.40666666666667,103.40666666666667,133.40666666666667
stream,472,120.0,118.40666666666667,103.40666666666667,133.40666666666667
stream,473,120.0,118.40666666666667,103.40666666666667,133.40666666666667
stream,474,120.0,118.40666666666667,103.40666666666667,133.40666666666667
stream,475,120.0,118.40666666666667,103.40666666666667,133.40666666666667
stream,476,120.0,118.40666666666667,103.40666666666667,133.40666666666667
stream,477,120.0,118.40666666666667,103.40666666666667,133.40666666666667
stream,478,119.0,118.40666666666667,103.40666666666667,133.40666666666667
stream,479,120.0,118.40666666666667,103.40666666666667,133.40666666666667
stream,480,120.0,118.40666666666667,103.40666666666667,133.40666666666667
stream,481,120.0,118.40666666666667,103.40666666666667,133.40666666666667
stream,482,120.0,118.40666666666667,103.40666666666667,133.40666666666667
stream,483,120.0,118.40666666666667,103.40666666666667,133.40666666666667
stream,484,119.0,118.40666666666667,103.40666666666667,133.40666666666667
stream,485,120.0,118.40666666666667,103.40666666666667,133.40666666666667
stream,486,120.0,118.40666666666667,103.40666666666667,133.40666666666667
stream,487,120.0,118.40666666666667,103.40666666666667,133.40666666666667
stream,488,120.0,118.40666666666667,103.40666666666667,133.40666666666667
stream,489,119.0,118.40666666666667,103.40666666666667,133.40666666666667
stream,490,120.0,118.40666666666667,103.40666666666667,133.40666666666667
stream,491,120.0,118.40666666666667,103.40666666666667,133.40666666666667
stream,492,120.0,118.40666666666667,103.40666666666667,133.40666666666667
stream,493,120.0,118.40666666666667,103.40666666666667,133.40666666666667
stream,494,119.0,118.40666666666667,103.40666666666667,133.40666666666667
stream,495,120.0,118.40666666666667,103.40666666666667,133.40666666666667
stream,496,120.0,118.40666666666667,103.40666666666667,133.40666666666667
stream,497,120.0,118.40666666666667,103.40666666666667,133.40666666666667
stream,498,119.0,118.40666666666667,103.40666666666667,133.40666666666667
stream,499,120.0,118.40666666666667,103.40666666666667,133.40666666666667
stream,500,120.0,118.40666666666667,103.40666666666667,133.40666666666667
stream,501,120.0,118.40666666666667,103.40666666666667,133.40666666666667
stream,502,120.0,118.40666666666667,103.40666666666667,133.40666666666667
stream,503,120.0,118.40666666666667,103.40666666666667,133.40666666666667
stream,504,120.0,118.40666666666667,103.40666666666667,133.40666666666667
stream,505,120.0,118.40666666666667,103.40666666666667,133.40666666666667
stream,506,120.0,118.40666666666667,103.40666666666667,133.40666666666667
stream,507,119.0,118.40666666666667,103.40666666666667,133.40666666666667
stream,508,120.0,118.40666666666667,103.40666666666667,133.40666666666667
stream,509,120.0,118.40666666666667,103.40666666666667,133.40666666666667
stream,510,120.0,118.40666666666667,103.40666666666667,133.40666666666667
stream,511,120.0,118.40666666666667,103.40666666666667,133.40666666666667
stream,512,120.0,118.40666666666667,103.40666666666667,133.40666666666667
stream,513,119.0,118.40666666666667,103.40666666666667,133.40666666666667
stream,514,120.0,118.40666666666667,103.40666666666667,133.40666666666667
stream,515,120.0,118.40666666666667,103.40666666666667,133.40666666666667
stream,516,120.0,118.40666666666667,103.40666666666667,133.40666666666667
stream,517,119.0,118.40666666666667,103.40666666666667,133.40666666666667
stream,518,120.0,118.40666666666667,103.40666666666667,133.40666666666667
stream,519,120.0,118.40666666666667,103.40666666666667,133.40666666666667
stream,520,119.0,118.40666666666667,103.40666666666667,133.40666666666667
stream,521,120.0,118.40666666666667,103.40666666666667,133.40666666666667
stream,522,119.0,118.40666666666667,103.40666666666667,133.40666666666667
stream,523,120.0,118.40666666666667,103.40666666666667,133.40666666666667
stream,524,119.0,118.40666666666667,103.40666666666667,133.40666666666667
stream,525,120.0,118.40666666666667,103.40666666666667,133.40666666666667
stream,526,120.0,118.40666666666667,103.40666666666667,133.40666666666667
stream,527,119.0,118.40666666666667,103.40666666666667,133.40666666666667
stream,528,120.0,118.40666666666667,103.40666666666667,133.40666666666667
stream,529,119.0,118.40666666666667,103.40666666666667,133.40666666666667
stream,530,120.0,118.40666666666667,103.40666666666667,133.40666666666667
stream,531,119.0,118.40666666666667,103.40666666666667,133.40666666666667
stream,532,120.0,118.40666666666667,103.40666666666667,133.40666666666667
stream,533,120.0,118.40666666666667,103.40666666666667,133.40666666666667
stream,534,119.0,118.40666666666667,103.40666666666667,133.40666666666667
stream,535,120.0,118.40666666666667,103.40666666666667,133.40666666666667
stream,536,119.0,118.40666666666667,103.40666666666667,133.40666666666667
stream,537,120.0,118.40666666666667,103.40666666666667,133.40666666666667
stream,538,119.0,118.40666666666667,103.40666666666667,133.40666666666667
stream,539,120.0,118.40666666666667,103.40666666666667,133.40666666666667
stream,540,120.0,118.40666666666667,103.40666666666667,133.40666666666667
stream,541,119.0,118.40666666666667,103.40666666666667,133.40666666666667
stream,542,120.0,118.40666666666667,103.40666666666667,133.40666666666667
stream,543,119.0,118.40666666666667,103.40666666666667,133.40666666666667
stream,544,120.0,118.40666666666667,103.40666666666667,133.40666666666667
stream,545,119.0,118.40666666666667,103.40666666666667,133.40666666666667
stream,546,119.0,118.40666666666667,103.40666666666667,133.40666666666667
stream,547,120.0,118.40666666666667,103.40666666666667,133.40666666666667
stream,548,119.0,118.40666666666667,103.40666666666667,133.40666666666667
stream,549,119.0,118.40666666666667,103.40666666666667,133.40666666666667
stream,550,120.0,118.40666666666667,103.40666666666667,133.40666666666667
stream,551,119.0,118.40666666666667,103.40666666666667,133.40666666666667
stream,552,119.0,118.40666666666667,103.40666666666667,133.40666666666667
stream,553,118.0,118.40666666666667,103.40666666666667,133.40666666666667
stream,554,119.0,118.40666666666667,103.40666666666667,133.40666666666667
stream,555,119.0,118.40666666666667,103.40666666666667,133.40666666666667
stream,556,119.0,118.40666666666667,103.40666666666667,133.40666666666667
stream,557,119.0,118.40666666666667,103.40666666666667,133.40666666666667
stream,558,119.0,118.40666666666667,103.40666666666667,133.40666666666667
stream,559,119.0,118.40666666666667,103.40666666666667,133.40666666666667
stream,560,119.0,118.40666666666667,103.40666666666667,133.40666666666667
stream,561,119.0,118.40666666666667,103.40666666666667,133.40666666666667
stream,562,119.0,118.40666666666667,103.40666666666667,133.40666666666667
stream,563,118.0,118.40666666666667,103.40666666666667,133.40666666666667
stream,564,119.0,118.40666666666667,103.40666666666667,133.40666666666667
stream,565,119.0,118.40666666666667,103.40666666666667,133.40666666666667
stream,566,119.0,118.40666666666667,103.40666666666667,133.40666666666667
stream,567,118.0,118.40666666666667,103.40666666666667,133.40666666666667
stream,568,119.0,118.40666666666667,103.40666666666667,133.40666666666667
stream,569,119.0,118.40666666666667,103.40666666666667,133.40666666666667
stream,570,118.0,118.40666666666667,103.40666666666667,133.40666666666667
stream,571,119.0,118.40666666666667,103.40666666666667,133.40666666666667
stream,572,118.0,118.40666666666667,103.40666666666667,133.40666666666667
stream,573,119.0,118.40666666666667,103.40666666666667,133.40666666666667
stream,574,118.0,118.40666666666667,103.40666666666667,133.40666666666667
stream,575,119.0,118.40666666666667,103.40666666666667,133.40666666666667
stream,576,118.0,118.40666666666667,103.40666666666667,133.40666666666667
stream,577,119.0,118.40666666666667,103.40666666666667,133.40666666666667
stream,578,118.0,118.40666666666667,103.40666666666667,133.40666666666667
stream,579,119.0,118.40666666666667,103.40666666666667,133.40666666666667
stream,580,118.0,118.40666666666667,103.40666666666667,133.40666666666667
stream,581,119.0,118.40666666666667,103.40666666666667,133.40666666666667
stream,582,119.0,118.40666666666667,103.40666666666667,133.40666666666667
stream,583,118.0,118.40666666666667,103.40666666666667,133.40666666666667
stream,584,119.0,118.40666666666667,103.40666666666667,133.40666666666667
stream,585,119.0,118.40666666666667,103.40666666666667,133.40666666666667
stream,586,118.0,118.40666666666667,103.40666666666667,133.40666666666667
stream,587,119.0,118.40666666666667,103.40666666666667,133.40666666666667
stream,588,119.0,118.40666666666667,103.40666666666667,133.40666666666667
stream,589,118.0,118.40666666666667,103.40666666666667,133.40666666666667
stream,590,119.0,118.40666666666667,103.40666666666667,133.40666666666667
stream,591,118.0,118.40666666666667,103.40666666666667,133.40666666666667
stream,592,119.0,118.40666666666667,103.40666666666667,133.40666666666667
stream,593,119.0,118.40666666666667,103.40666666666667,133.40666666666667
stream,594,118.0,118.40666666666667,103.40666666666667,133.40666666666667
stream,595,119.0,118.40666666666667,103.40666666666667,133.40666666666667
stream,596,119.0,118.40666666666667,103.40666666666667,133.40666666666667
stream,597,119.0,118.40666666666667,103.40666666666667,133.40666666666667
stream,598,118.0,118.40666666666667,103.40666666666667,133.40666666666667
stream,599,119.0,118.40666666666667,103.40666666666667,133.40666666666667
stream,600,119.0,118.40666666666667,103.40666666666667,133.40666666666667
stream,601,119.0,118.40666666666667,103.40666666666667,133.40666666666667
stream,602,119.0,118.40666666666667,103.40666666666667,133.40666666666667
stream,603,119.0,118.40666666666667,103.40666666666667,133.40666666666667
stream,604,119.0,118.40666666666667,103.40666666666667,133.40666666666667
stream,605,119.0,118.40666666666667,103.40666666666667,133.40666666666667
stream,606,119.0,118.40666666666667,103.40666666666667,133.40666666666667
stream,607,119.0,118.40666666666667,103.40666666666667,133.40666666666667
stream,608,119.0,118.40666666666667,103.40666666666667,133.40666666666667
stream,609,119.0,118.40666666666667,103.40666666666667,133.40666666666667
stream,610,118.0,118.40666666666667,103.40666666666667,133.40666666666667
stream,611,119.0,118.40666666666667,103.40666666666667,133.40666666666667
stream,612,119.0,118.40666666666667,103.40666666666667,133.40666666666667
stream,613,119.0,118.40666666666667,103.40666666666667,133.40666666666667
stream,614,119.0,118.40666666666667,103.40666666666667,133.40666666666667
stream,615,119.0,118.40666666666667,103.40666666666667,133.40666666666667
stream,616,119.0,118.40666666666667,103.40666666666667,133.40666666666667
stream,617,119.0,118.40666666666667,103.40666666666667,133.40666666666667
stream,618,119.0,118.40666666666667,103.40666666666667,133.40666666666667
stream,619,119.0,118.40666666666667,103.40666666666667,133.40666666666667
stream,620,119.0,118.40666666666667,103.40666666666667,133.40666666666667
stream,621,119.0,118.40666666666667,103.40666666666667,133.40666666666667
stream,622,119.0,118.40666666666667,103.40666666666667,133.40666666666667
stream,623,119.0,118.40666666666667,103.40666666666667,133.40666666666667
stream,624,119.0,118.40666666666667,103.40666666666667,133.40666666666667
stream,625,119.0,118.40666666666667,103.40666666666667,133.40666666666667
stream,626,119.0,118.40666666666667,103.40666666666667,133.40666666666667
stream,627,120.0,118.40666666666667,103.40666666666667,133.40666666666667
stream,628,119.0,118.40666666666667,103.40666666666667,133.40666666666667
stream,629,119.0,118.40666666666667,103.40666666666667,133.40666666666667
stream,630,120.0,118.40666666666667,103.40666666666667,133.40666666666667
stream,631,119.0,118.40666666666667,103.40666666666667,133.40666666666667
stream,632,120.0,118.40666666666667,103.40666666666667,133.40666666666667
stream,633,119.0,118.40666666666667,103.40666666666667,133.40666666666667
stream,634,120.0,118.40666666666667,103.40666666666667,133.40666666666667
stream,635,120.0,118.40666666666667,103.40666666666667,133.40666666666667
stream,636,119.0,118.40666666666667,103.40666666666667,133.40666666666667
stream,637,120.0,118.40666666666667,103.40666666666667,133.40666666666667
stream,638,120.0,118.40666666666667,103.40666666666667,133.40666666666667
stream,639,120.0,118.40666666666667,103.40666666666667,133.40666666666667
stream,640,119.0,118.40666666666667,103.40666666666667,133.40666666666667
stream,641,120.0,118.40666666666667,103.40666666666667,133.40666666666667
stream,642,120.0,118.40666666666667,103.40666666666667,133.40666666666667
stream,643,120.0,118.40666666666667,103.40666666666667,133.40666666666667
stream,644,119.0,118.40666666666667,103.40666666666667,133.40666666666667
stream,645,120.0,118.40666666666667,103.40666666666667,133.40666666666667
stream,646,120.0,118.40666666666667,103.40666666666667,133.40666666666667
stream,647,120.0,118.40666666666667,103.40666666666667,133.40666666666667
stream,648,120.0,118.40666666666667,103.40666666666667,133.40666666666667
stream,649,120.0,118.40666666666667,103.40666666666667,133.40666666666667
stream,650,120.0,118.40666666666667,103.40666666666667,133.40666666666667
stream,651,120.0,118.40666666666667,103.40666666666667,133.40666666666667
stream,652,120.0,118.40666666666667,103.40666666666667,133.40666666666667
stream,653,119.0,118.40666666666667,103.40666666666667,133.40666666666667
stream,654,120.0,118.40666666666667,103.40666666666667,133.40666666666667
stream,655,120.0,118.40666666666667,103.40666666666667,133.40666666666667
stream,656,120.0,118.40666666666667,103.40666666666667,133.40666666666667
stream,657,120.0,118.40666666666667,103.40666666666667,133.40666666666667
stream,658,120.0,118.40666666666667,103.40666666666667,133.40666666666667
stream,659,120.0,118.40666666666667,103.40666666666667,133.40666666666667
stream,660,120.0,118.40666666666667,103.40666666666667,133.40666666666667
stream,661,120.0,118.40666666666667,103.40666666666667,133.40666666666667
stream,662,120.0,118.40666666666667,103.40666666666667,133.40666666666667
stream,663,120.0,118.40666666666667,103.40666666666667,133.40666666666667
stream,664,120.0,118.40666666666667,103.40666666666667,133.40666666666667
stream,665,120.0,118.40666666666667,103.40666666666667,133.40666666666667
stream,666,121.0,118.40666666666667,103.40666666666667,133.40666666666667
stream,667,120.0,118.40666666666667,103.40666666666667,133.40666666666667
stream,668,119.0,118.40666666666667,103.40666666666667,133.40666666666667
stream,669,120.0,118.40666666666667,103.40666666666667,133.40666666666667
stream,670,121.0,118.40666666666667,103.40666666666667,133.40666666666667
stream,671,120.0,118.40666666666667,103.40666666666667,133.40666666666667
stream,672,120.0,118.40666666666667,103.40666666666667,133.40666666666667
stream,673,120.0,118.40666666666667,103.40666666666667,133.40666666666667
stream,674,120.0,118.40666666666667,103.40666666666667,133.40666666666667
stream,675,120.0,118.40666666666667,103.40666666666667,133.40666666666667
stream,676,119.0,118.40666666666667,103.40666666666667,133.40666666666667
stream,677,120.0,118.40666666666667,103.40666666666667,133.40666666666667
stream,678,120.0,118.40666666666667,103.40666666666667,133.40666666666667
stream,679,119.0,118.40666666666667,103.40666666666667,133.40666666666667
stream,680,120.0,118.40666666666667,103.40666666666667,133.40666666666667
stream,681,120.0,118.40666666666667,103.40666666666667,133.40666666666667
stream,682,120.0,118.40666666666667,103.40666666666667,133.40666666666667
stream,683,120.0,118.40666666666667,103.40666666666667,133.40666666666667
stream,684,120.0,118.40666666666667,103.40666666666667,133.40666666666667
stream,685,119.0,118.40666666666667,103.40666666666667,133.40666666666667
stream,686,120.0,118.40666666666667,103.40666666666667,133.40666666666667
stream,687,120.0,118.40666666666667,103.40666666666667,133.40666666666667
stream,688,120.0,118.40666666666667,103.40666666666667,133.40666666666667
stream,689,119.0,118.40666666666667,103.40666666666667,133.40666666666667
stream,690,120.0,118.40666666666667,103.40666666666667,133.40666666666667
stream,691,120.0,118.40666666666667,103.40666666666667,133.40666666666667
stream,692,120.0,118.40666666666667,103.40666666666667,133.40666666666667
stream,693,119.0,118.40666666666667,103.40666666666667,133.40666666666667
stream,694,120.0,118.40666666666667,103.40666666666667,133.40666666666667
stream,695,120.0,118.40666666666667,103.40666666666667,133.40666666666667
stream,696,120.0,118.40666666666667,103.40666666666667,133.40666666666667
stream,697,120.0,118.40666666666667,103.40666666666667,133.40666666666667
stream,698,120.0,118.40666666666667,103.40666666666667,133.40666666666667
stream,699,119.0,118.40666666666667,103.40666666666667,133.40666666666667
stream,700,120.0,118.40666666666667,103.40666666666667,133.40666666666667
stream,701,120.0,118.40666666666667,103.40666666666667,133.40666666666667
stream,702,119.0,118.40666666666667,103.40666666666667,133.40666666666667
stream,703,120.0,118.40666666666667,103.40666666666667,133.40666666666667
stream,704,119.0,118.40666666666667,103.40666666666667,133.40666666666667
stream,705,120.0,118.40666666666667,103.40666666666667,133.40666666666667
stream,706,120.0,118.40666666666667,103.40666666666667,133.40666666666667
stream,707,119.0,118.40666666666667,103.40666666666667,133.40666666666667
stream,708,120.0,118.40666666666667,103.40666666666667,133.40666666666667
stream,709,120.0,118.40666666666667,103.40666666666667,133.40666666666667
stream,710,120.0,118.40666666666667,103.40666666666667,133.40666666666667
stream,711,119.0,118.40666666666667,103.40666666666667,133.40666666666667
stream,712,120.0,118.40666666666667,103.40666666666667,133.40666666666667
stream,713,120.0,118.40666666666667,103.40666666666667,133.40666666666667
stream,714,120.0,118.40666666666667,103.40666666666667,133.40666666666667
stream,715,120.0,118.40666666666667,103.40666666666667,133.40666666666667
stream,716,120.0,118.40666666666667,103.40666666666667,133.40666666666667
stream,717,120.0,118.40666666666667,103.40666666666667,133.40666666666667
stream,718,120.0,118.40666666666667,103.40666666666667,133.40666666666667
stream,719,120.0,118.40666666666667,103.40666666666667,133.40666666666667
stream,720,120.0,118.40666666666667,103.40666666666667,133.40666666666667
stream,721,121.0,118.40666666666667,103.40666666666667,133.40666666666667
stream,722,120.0,118.40666666666667,103.40666666666667,133.40666666666667
stream,723,120.0,118.40666666666667,103.40666666666667,133.40666666666667
stream,724,120.0,118.40666666666667,103.40666666666667,133.40666666666667
stream,725,121.0,118.40666666666667,103.40666666666667,133.40666666666667
stream,726,120.0,118.40666666666667,103.40666666666667,133.40666666666667
stream,727,121.0,118.40666666666667,103.40666666666667,133.40666666666667
stream,728,120.0,118.40666666666667,103.40666666666667,133.40666666666667
stream,729,121.0,118.40666666666667,103.40666666666667,133.40666666666667
stream,730,121.0,118.40666666666667,103.40666666666667,133.40666666666667
stream,731,120.0,118.40666666666667,103.40666666666667,133.40666666666667
stream,732,121.0,118.40666666666667,103.40666666666667,133.40666666666667
stream,733,121.0,118.40666666666667,103.40666666666667,133.40666666666667
stream,734,120.0,118.40666666666667,103.40666666666667,133.40666666666667
stream,735,121.0,118.40666666666667,103.40666666666667,133.40666666666667
stream,736,121.0,118.40666666666667,103.40666666666667,133.40666666666667
stream,737,121.0,118.40666666666667,103.40666666666667,133.40666666666667
stream,738,120.0,118.40666666666667,103.40666666666667,133.40666666666667
stream,739,121.0,118.40666666666667,103.40666666666667,133.40666666666667
stream,740,121.0,118.40666666666667,103.40666666666667,133.40666666666667
stream,741,121.0,118.40666666666667,103.40666666666667,133.40666666666667
stream,742,121.0,118.40666666666667,103.40666666666667,133.40666666666667
stream,743,120.0,118.40666666666667,103.40666666666667,133.40666666666667
stream,744,121.0,118.40666666666667,103.40666666666667,133.40666666666667
stream,745,121.0,118.40666666666667,103.40666666666667,133.40666666666667
stream,746,121.0,118.40666666666667,103.40666666666667,133.40666666666667
stream,747,121.0,118.40666666666667,103.40666666666667,133.40666666666667
stream,748,121.0,118.40666666666667,103.40666666666667,133.40666666666667
stream,749,121.0,118.40666666666667,103.40666666666667,133.40666666666667
stream,750,121.0,118.40666666666667,103.40666666666667,133.40666666666667
stream,751,121.0,118.40666666666667,103.40666666666667,133.40666666666667
stream,752,121.0,118.40666666666667,103.40666666666667,133.40666666666667
stream,753,121.0,118.40666666666667,103.40666666666667,133.40666666666667
stream,754,121.0,118.40666666666667,103.40666666666667,133.40666666666667
stream,755,121.0,118.40666666666667,103.40666666666667,133.40666666666667
stream,756,121.0,118.40666666666667,103.40666666666667,133.40666666666667
stream,757,121.0,118.40666666666667,103.40666666666667,133.40666666666667
stream,758,121.0,118.40666666666667,103.40666666666667,133.40666666666667
stream,759,122.0,118.40666666666667,103.40666666666667,133.40666666666667
stream,760,121.0,118.40666666666667,103.40666666666667,133.40666666666667
stream,761,121.0,118.40666666666667,103.40666666666667,133.40666666666667
stream,762,121.0,118.40666666666667,103.40666666666667,133.40666666666667
stream,763,122.0,118.40666666666667,103.40666666666667,133.40666666666667
stream,764,121.0,118.40666666666667,103.40666666666667,133.40666666666667
stream,765,121.0,118.40666666666667,103.40666666666667,133.40666666666667
stream,766,122.0,118.40666666666667,103.40666666666667,133.40666666666667
stream,767,122.0,118.40666666666667,103.40666666666667,133.40666666666667
stream,768,121.0,118.40666666666667,103.40666666666667,133.40666666666667
stream,769,122.0,118.40666666666667,103.40666666666667,133.40666666666667
stream,770,121.0,118.40666666666667,103.40666666666667,133.40666666666667
stream,771,122.0,118.40666666666667,103.40666666666667,133.40666666666667
stream,772,121.0,118.40666666666667,103.40666666666667,133.40666666666667
stream,773,121.0,118.40666666666667,103.40666666666667,133.40666666666667
stream,774,122.0,118.40666666666667,103.40666666666667,133.40666666666667
stream,775,121.0,118.40666666666667,103.40666666666667,133.40666666666667
stream,776,122.0,118.40666666666667,103.40666666666667,133.40666666666667
stream,777,121.0,118.40666666666667,103.40666666666667,133.40666666666667
stream,778,121.0,118.40666666666667,103.40666666666667,133.40666666666667
stream,779,122.0,118.40666666666667,103.40666666666667,133.40666666666667
stream,780,121.0,118.40666666666667,103.40666666666667,133.40666666666667
stream,781,121.0,118.40666666666667,103.40666666666667,133.40666666666667
stream,782,122.0,118.40666666666667,103.40666666666667,133.40666666666667
stream,783,121.0,118.40666666666667,103.40666666666667,133.40666666666667
stream,784,122.0,118.40666666666667,103.40666666666667,133.40666666666667
stream,785,121.0,118.40666666666667,103.40666666666667,133.40666666666667
stream,786,121.0,118.40666666666667,103.40666666666667,133.40666666666667
stream,787,122.0,118.40666666666667,103.40666666666667,133.40666666666667
stream,788,121.0,118.40666666666667,103.40666666666667,133.40666666666667
stream,789,122.0,118.40666666666667,103.40666666666667,133.40666666666667
stream,790,121.0,118.40666666666667,103.40666666666667,133.40666666666667
stream,791,122.0,118.40666666666667,103.40666666666667,133.40666666666667
stream,792,121.0,118.40666666666667,103.40666666666667,133.40666666666667
stream,793,122.0,118.40666666666667,103.40666666666667,133.40666666666667
stream,794,121.0,118.40666666666667,103.40666666666667,133.40666666666667
stream,795,121.0,118.40666666666667,103.40666666666667,133.40666666666667
stream,796,122.0,118.40666666666667,103.40666666666667,133.40666666666667
stream,797,122.0,118.40666666666667,103.40666666666667,133.40666666666667
stream,798,122.0,118.40666666666667,103.40666666666667,133.40666666666667
stream,799,122.0,118.40666666666667,103.40666666666667,133.40666666666667
stream,800,122.0,118.40666666666667,103.40666666666667,133.40666666666667
stream,801,122.0,118.40666666666667,103.40666666666667,133.40666666666667
stream,802,122.0,118.40666666666667,103.40666666666667,133.40666666666667
stream,803,122.0,118.40666666666667,103.40666666666667,133.40666666666667
stream,804,123.0,118.40666666666667,103.40666666666667,133.40666666666667
stream,805,122.0,118.40666666666667,103.40666666666667,133.40666666666667
stream,806,122.0,118.40666666666667,103.40666666666667,133.40666666666667
stream,807,122.0,118.40666666666667,103.40666666666667,133.40666666666667
stream,808,123.0,118.40666666666667,103.40666666666667,133.40666666666667
stream,809,122.0,118.40666666666667,103.40666666666667,133.40666666666667
stream,810,123.0,118.40666666666667,103.40666666666667,133.40666666666667
stream,811,122.0,118.40666666666667,103.40666666666667,133.40666666666667
stream,812,122.0,118.40666666666667,103.40666666666667,133.40666666666667
stream,813,123.0,118.40666666666667,103.40666666666667,133.40666666666667
stream,814,122.0,118.40666666666667,103.40666666666667,133.40666666666667
stream,815,122.0,118.40666666666667,103.40666666666667,133.40666666666667
stream,816,123.0,118.40666666666667,103.40666666666667,133.40666666666667
stream,817,122.0,118.40666666666667,103.40666666666667,133.40666666666667
stream,818,122.0,118.40666666666667,103.40666666666667,133.40666666666667
stream,819,123.0,118.40666666666667,103.40666666666667,133.40666666666667
stream,820,122.0,118.40666666666667,103.40666666666667,133.40666666666667
stream,821,123.0,118.40666666666667,103.40666666666667,133.40666666666667
stream,822,123.0,118.40666666666667,103.40666666666667,133.40666666666667
stream,823,123.0,118.40666666666667,103.40666666666667,133.40666666666667
stream,824,122.0,118.40666666666667,103.40666666666667,133.40666666666667
stream,825,123.0,118.40666666666667,103.40666666666667,133.40666666666667
stream,826,123.0,118.40666666666667,103.40666666666667,133.40666666666667
stream,827,123.0,118.40666666666667,103.40666666666667,133.40666666666667
stream,828,123.0,118.40666666666667,103.40666666666667,133.40666666666667
stream,829,123.0,118.40666666666667,103.40666666666667,133.40666666666667
stream,830,123.0,118.40666666666667,103.40666666666667,133.40666666666667
stream,831,123.0,118.40666666666667,103.40666666666667,133.40666666666667
stream,832,123.0,118.40666666666667,103.40666666666667,133.40666666666667
stream,833,122.0,118.40666666666667,103.40666666666667,133.40666666666667
stream,834,123.0,118.40666666666667,103.40666666666667,133.40666666666667
stream,835,123.0,118.40666666666667,103.40666666666667,133.40666666666667
stream,836,123.0,118.40666666666667,103.40666666666667,133.40666666666667
stream,837,123.0,118.40666666666667,103.40666666666667,133.40666666666667
stream,838,123.0,118.40666666666667,103.40666666666667,133.40666666666667
stream,839,123.0,118.40666666666667,103.40666666666667,133.40666666666667
stream,840,123.0,118.40666666666667,103.40666666666667,133.40666666666667
stream,841,122.0,118.40666666666667,103.40666666666667,133.40666666666667
stream,842,123.0,118.40666666666667,103.40666666666667,133.40666666666667
stream,843,123.0,118.40666666666667,103.40666666666667,133.40666666666667
stream,844,122.0,118.40666666666667,103.40666666666667,133.40666666666667
stream,845,123.0,118.40666666666667,103.40666666666667,133.40666666666667
stream,846,123.0,118.40666666666667,103.40666666666667,133.40666666666667
stream,847,122.0,118.40666666666667,103.40666666666667,133.40666666666667
stream,848,123.0,118.40666666666667,103.40666666666667,133.40666666666667
stream,849,123.0,118.40666666666667,103.40666666666667,133.40666666666667
stream,850,122.0,118.40666666666667,103.40666666666667,133.40666666666667
stream,851,123.0,118.40666666666667,103.40666666666667,133.40666666666667
stream,852,123.0,118.40666666666667,103.40666666666667,133.40666666666667
stream,853,122.0,118.40666666666667,103.40666666666667,133.40666666666667
stream,854,123.0,118.40666666666667,103.40666666666667,133.40666666666667
stream,855,123.0,118.40666666666667,103.40666666666667,133.40666666666667
stream,856,122.0,118.40666666666667,103.40666666666667,133.40666666666667
stream,857,123.0,118.40666666666667,103.40666666666667,133.40666666666667
stream,858,123.0,118.40666666666667,103.40666666666667,133.40666666666667
stream,859,123.0,118.40666666666667,103.40666666666667,133.40666666666667
stream,860,123.0,118.40666666666667,103.40666666666667,133.40666666666667
stream,861,122.0,118.40666666666667,103.40666666666667,133.40666666666667
stream,862,123.0,118.40666666666667,103.40666666666667,133.40666666666667
stream,863,123.0,118.40666666666667,103.40666666666667,133.40666666666667
stream,864,123.0,118.40666666666667,103.40666666666667,133.40666666666667
stream,865,123.0,118.40666666666667,103.40666666666667,133.40666666666667
stream,866,123.0,118.40666666666667,103.40666666666667,133.40666666666667
stream,867,123.0,118.40666666666667,103.40666666666667,133.40666666666667
stream,868,122.0,118.40666666666667,103.40666666666667,133.40666666666667
stream,869,123.0,118.40666666666667,103.40666666666667,133.40666666666667
stream,870,123.0,118.40666666666667,103.40666666666667,133.40666666666667
stream,871,123.0,118.40666666666667,103.40666666666667,133.40666666666667
stream,872,123.0,118.40666666666667,103.40666666666667,133.40666666666667
stream,873,123.0,118.40666666666667,103.40666666666667,133.40666666666667
stream,874,122.0,118.40666666666667,103.40666666666667,133.40666666666667
stream,875,123.0,118.40666666666667,103.40666666666667,133.40666666666667
stream,876,123.0,118.40666666666667,103.40666666666667,133.40666666666667
stream,877,123.0,118.40666666666667,103.40666666666667,133.40666666666667
stream,878,123.0,118.40666666666667,103.40666666666667,133.40666666666667
stream,879,123.0,118.40666666666667,103.40666666666667,133.40666666666667
stream,880,123.0,118.40666666666667,103.40666666666667,133.40666666666667
stream,881,124.0,118.40666666666667,103.40666666666667,133.40666666666667
stream,882,123.0,118.40666666666667,103.40666666666667,133.40666666666667
stream,883,123.0,118.40666666666667,103.40666666666667,133.40666666666667
stream,884,123.0,118.40666666666667,103.40666666666667,133.40666666666667
stream,885,124.0,118.40666666666667,103.40666666666667,133.40666666666667
stream,886,123.0,118.40666666666667,103.40666666666667,133.40666666666667
stream,887,123.0,118.40666666666667,103.40666666666667,133.40666666666667
stream,888,124.0,118.40666666666667,103.40666666666667,133.40666666666667
stream,889,123.0,118.40666666666667,103.40666666666667,133.40666666666667
stream,890,124.0,118.40666666666667,103.40666666666667,133.40666666666667
stream,891,123.0,118.40666666666667,103.40666666666667,133.40666666666667
stream,892,124.0,118.40666666666667,103.40666666666667,133.40666666666667
stream,893,123.0,118.40666666666667,103.40666666666667,133.40666666666667
stream,894,124.0,118.40666666666667,103.40666666666667,133.40666666666667
stream,895,124.0,118.40666666666667,103.40666666666667,133.40666666666667
stream,896,124.0,118.40666666666667,103.40666666666667,133.40666666666667
stream,897,124.0,118.40666666666667,103.40666666666667,133.40666666666667
stream,898,124.0,118.40666666666667,103.40666666666667,133.40666666666667
stream,899,124.0,118.40666666666667,103.40666666666667,133.40666666666667
stream,900,123.0,118.40666666666667,103.40666666666667,133.40666666666667
stream,901,124.0,118.40666666666667,103.40666666666667,133.40666666666667
stream,902,124.0,118.40666666666667,103.40666666666667,133.40666666666667
stream,903,124.0,118.40666666666667,103.40666666666667,133.40666666666667
stream,904,124.0,118.40666666666667,103.40666666666667,133.40666666666667
stream,905,125.0,118.40666666666667,103.40666666666667,133.40666666666667
stream,906,124.0,118.40666666666667,103.40666666666667,133.40666666666667
stream,907,124.0,118.40666666666667,103.40666666666667,133.40666666666667
stream,908,124.0,118.40666666666667,103.40666666666667,133.40666666666667
stream,909,125.0,118.40666666666667,103.40666666666667,133.40666666666667
stream,910,124.0,118.40666666666667,103.40666666666667,133.40666666666667
stream,911,125.0,118.40666666666667,103.40666666666667,133.40666666666667
stream,912,124.0,118.40666666666667,103.40666666666667,133.40666666666667
stream,913,124.0,118.40666666666667,103.40666666666667,133.40666666666667
stream,914,125.0,118.40666666666667,103.40666666666667,133.40666666666667
stream,915,124.0,118.40666666666667,103.40666666666667,133.40666666666667
stream,916,125.0,118.40666666666667,103.40666666666667,133.40666666666667
stream,917,125.0,118.40666666666667,103.40666666666667,133.40666666666667
stream,918,124.0,118.40666666666667,103.40666666666667,133.40666666666667
stream,919,125.0,118.40666666666667,103.40666666666667,133.40666666666667
stream,920,124.0,118.40666666666667,103.40666666666667,133.40666666666667
stream,921,124.0,118.40666666666667,103.40666666666667,133.40666666666667
stream,922,125.0,118.40666666666667,103.40666666666667,133.40666666666667
stream,923,124.0,118.40666666666667,103.40666666666667,133.40666666666667
stream,924,125.0,118.40666666666667,103.40666666666667,133.40666666666667
stream,925,124.0,118.40666666666667,103.40666666666667,133.40666666666667
stream,926,125.0,118.40666666666667,103.40666666666667,133.40666666666667
stream,927,124.0,118.40666666666667,103.40666666666667,133.40666666666667
stream,928,125.0,118.40666666666667,103.40666666666667,133.40666666666667
stream,929,125.0,118.40666666666667,103.40666666666667,133.40666666666667
stream,930,125.0,118.40666666666667,103.40666666666667,133.40666666666667
stream,931,125.0,118.40666666666667,103.40666666666667,133.40666666666667
stream,932,125.0,118.40666666666667,103.40666666666667,133.40666666666667
stream,933,125.0,118.40666666666667,103.40666666666667,133.40666666666667
stream,934,125.0,118.40666666666667,103.40666666666667,133.40666666666667
stream,935,125.0,118.40666666666667,103.40666666666667,133.40666666666667
stream,936,125.0,118.40666666666667,103.40666666666667,133.40666666666667
stream,937,125.0,118.40666666666667,103.40666666666667,133.40666666666667
stream,938,125.0,118.40666666666667,103.40666666666667,133.40666666666667
stream,939,125.0,118.40666666666667,103.40666666666667,133.40666666666667
stream,940,125.0,118.40666666666667,103.40666666666667,133.40666666666667
stream,941,126.0,118.40666666666667,103.40666666666667,133.40666666666667
stream,942,125.0,118.40666666666667,103.40666666666667,133.40666666666667
stream,943,125.0,118.40666666666667,103.40666666666667,133.40666666666667
stream,944,125.0,118.40666666666667,103.40666666666667,133.40666666666667
stream,945,126.0,118.40666666666667,103.40666666666667,133.40666666666667
stream,946,125.0,118.40666666666667,103.40666666666667,133.40666666666667
stream,947,126.0,118.40666666666667,103.40666666666667,133.40666666666667
stream,948,125.0,118.40666666666667,103.40666666666667,133.40666666666667
stream,949,126.0,118.40666666666667,103.40666666666667,133.40666666666667
stream,950,125.0,118.40666666666667,103.40666666666667,133.40666666666667
stream,951,126.0,118.40666666666667,103.40666666666667,133.40666666666667
stream,952,125.0,118.40666666666667,103.40666666666667,133.40666666666667
stream,953,126.0,118.40666666666667,103.40666666666667,133.40666666666667
stream,954,126.0,118.40666666666667,103.40666666666667,133.40666666666667
stream,955,125.0,118.40666666666667,103.40666666666667,133.40666666666667
stream,956,126.0,118.40666666666667,103.40666666666667,133.40666666666667
stream,957,126.0,118.40666666666667,103.40666666666667,133.40666666666667
stream,958,125.0,118.40666666666667,103.40666666666667,133.40666666666667
stream,959,126.0,118.40666666666667,103.40666666666667,133.40666666666667
stream,960,126.0,118.40666666666667,103.40666666666667,133.40666666666667
stream,961,126.0,118.40666666666667,103.40666666666667,133.40666666666667
stream,962,125.0,118.40666666666667,103.40666666666667,133.40666666666667
stream,963,126.0,118.40666666666667,103.40666666666667,133.40666666666667
stream,964,126.0,118.40666666666667,103.40666666666667,133.40666666666667
stream,965,126.0,118.40666666666667,103.40666666666667,133.40666666666667
stream,966,126.0,118.40666666666667,103.40666666666667,133.40666666666667
stream,967,126.0,118.40666666666667,103.40666666666667,133.40666666666667
stream,968,126.0,118.40666666666667,103.40666666666667,133.40666666666667
stream,969,126.0,118.40666666666667,103.40666666666667,133.40666666666667
stream,970,126.0,118.40666666666667,103.40666666666667,133.40666666666667
stream,971,126.0,118.40666666666667,103.40666666666667,133.40666666666667
stream,972,126.0,118.40666666666667,103.40666666666667,133.40666666666667
stream,973,126.0,118.40666666666667,103.40666666666667,133.40666666666667
stream,974,125.0,118.40666666666667,103.40666666666667,133.40666666666667
stream,975,126.0,118.40666666666667,103.40666666666667,133.40666666666667
stream,976,126.0,118.40666666666667,103.40666666666667,133.40666666666667
stream,977,126.0,118.40666666666667,103.40666666666667,133.40666666666667
stream,978,126.0,118.40666666666667,103.40666666666667,133.40666666666667
stream,979,125.0,118.40666666666667,103.40666666666667,133.40666666666667
stream,980,126.0,118.40666666666667,103.40666666666667,133.40666666666667
stream,981,126.0,118.40666666666667,103.40666666666667,133.40666666666667
stream,982,126.0,118.40666666666667,103.40666666666667,133.40666666666667
stream,983,126.0,118.40666666666667,103.40666666666667,133.40666666666667
stream,984,125.0,118.40666666666667,103.40666666666667,133.40666666666667
stream,985,126.0,118.40666666666667,103.40666666666667,133.40666666666667
stream,986,126.0,118.40666666666667,103.40666666666667,133.40666666666667
stream,987,126.0,118.40666666666667,103.40666666666667,133.40666666666667
stream,988,126.0,118.40666666666667,103.40666666666667,133.40666666666667
stream,989,126.0,118.40666666666667,103.40666666666667,133.40666666666667
stream,990,126.0,118.40666666666667,103.40666666666667,133.40666666666667
stream,991,126.0,118.40666666666667,103.40666666666667,133.40666666666667
stream,992,126.0,118.40666666666667,103.40666666666667,133.40666666666667
stream,993,126.0,118.40666666666667,103.40666666666667,133.40666666666667
stream,994,125.0,118.40666666666667,103.40666666666667,133.40666666666667
stream,995,127.0,118.40666666666667,103.40666666666667,133.40666666666667
stream,996,126.0,118.40666666666667,103.40666666666667,133.40666666666667
stream,997,126.0,118.40666666666667,103.40666666666667,133.40666666666667
stream,998,126.0,118.40666666666667,103.40666666666667,133.40666666666667
stream,999,126.0,118.40666666666667,103.40666666666667,133.40666666666667
stream,1000,126.0,118.40666666666667,103.40666666666667,133.40666666666667
stream,1001,126.0,118.40666666666667,103.40666666666667,133.40666666666667
stream,1002,126.0,118.40666666666667,103.40666666666667,133.40666666666667
stream,1003,126.0,118.40666666666667,103.40666666666667,133.40666666666667
stream,1004,126.0,118.40666666666667,103.40666666666667,133.40666666666667
stream,1005,125.0,118.40666666666667,103.40666666666667,133.40666666666667
stream,1006,126.0,118.40666666666667,103.40666666666667,133.40666666666667
stream,1007,126.0,118.40666666666667,103.40666666666667,133.40666666666667
stream,1008,126.0,118.40666666666667,103.40666666666667,133.40666666666667
stream,1009,125.0,118.40666666666667,103.40666666666667,133.40666666666667
stream,1010,126.0,118.40666666666667,103.40666666666667,133.40666666666667
stream,1011,126.0,118.40666666666667,103.40666666666667,133.40666666666667
stream,1012,126.0,118.40666666666667,103.40666666666667,133.40666666666667
stream,1013,126.0,118.40666666666667,103.40666666666667,133.40666666666667
stream,1014,126.0,118.40666666666667,103.40666666666667,133.40666666666667
stream,1015,125.0,118.40666666666667,103.40666666666667,133.40666666666667
stream,1016,126.0,118.40666666666667,103.40666666666667,133.40666666666667
stream,1017,126.0,118.40666666666667,103.40666666666667,133.40666666666667
stream,1018,125.0,118.40666666666667,103.40666666666667,133.40666666666667
stream,1019,126.0,118.40666666666667,103.40666666666667,133.40666666666667
stream,1020,125.0,118.40666666666667,103.40666666666667,133.40666666666667
stream,1021,126.0,118.40666666666667,103.40666666666667,133.40666666666667
stream,1022,125.0,118.40666666666667,103.40666666666667,133.40666666666667
stream,1023,126.0,118.40666666666667,103.40666666666667,133.40666666666667
stream,1024,125.0,118.40666666666667,103.40666666666667,133.40666666666667
stream,1025,126.0,118.40666666666667,103.40666666666667,133.40666666666667
stream,1026,126.0,118.40666666666667,103.40666666666667,133.40666666666667
stream,1027,125.0,118.40666666666667,103.40666666666667,133.40666666666667
stream,1028,126.0,118.40666666666667,103.40666666666667,133.40666666666667
stream,1029,126.0,118.40666666666667,103.40666666666667,133.40666666666667
stream,1030,126.0,118.40666666666667,103.40666666666667,133.40666666666667
stream,1031,125.0,118.40666666666667,103.40666666666667,133.40666666666667
stream,1032,126.0,118.40666666666667,103.40666666666667,133.40666666666667
stream,1033,126.0,118.40666666666667,103.40666666666667,133.40666666666667
stream,1034,126.0,118.40666666666667,103.40666666666667,133.40666666666667
stream,1035,125.0,118.40666666666667,103.40666666666667,133.40666666666667
stream,1036,126.0,118.40666666666667,103.40666666666667,133.40666666666667
stream,1037,126.0,118.40666666666667,103.40666666666667,133.40666666666667
stream,1038,125.0,118.40666666666667,103.40666666666667,133.40666666666667
stream,1039,126.0,118.40666666666667,103.40666666666667,133.40666666666667
stream,1040,126.0,118.40666666666667,103.40666666666667,133.40666666666667
stream,1041,126.0,118.40666666666667,103.40666666666667,133.40666666666667
stream,1042,126.0,118.40666666666667,103.40666666666667,133.40666666666667
stream,1043,125.0,118.40666666666667,103.40666666666667,133.40666666666667
stream,1044,126.0,118.40666666666667,103.40666666666667,133.40666666666667
stream,1045,126.0,118.40666666666667,103.40666666666667,133.40666666666667
stream,1046,126.0,118.40666666666667,103.40666666666667,133.40666666666667
stream,1047,126.0,118.40666666666667,103.40666666666667,133.40666666666667
stream,1048,126.0,118.40666666666667,103.40666666666667,133.40666666666667
stream,1049,125.0,118.40666666666667,103.40666666666667,133.40666666666667
stream,1050,126.0,118.40666666666667,103.40666666666667,133.40666666666667
stream,1051,126.0,118.40666666666667,103.40666666666667,133.40666666666667
stream,1052,126.0,118.40666666666667,103.40666666666667,133.40666666666667
stream,1053,126.0,118.40666666666667,103.40666666666667,133.40666666666667
stream,1054,126.0,118.40666666666667,103.40666666666667,133.40666666666667
stream,1055,126.0,118.40666666666667,103.40666666666667,133.40666666666667
stream,1056,125.0,118.40666666666667,103.40666666666667,133.40666666666667
stream,1057,126.0,118.40666666666667,103.40666666666667,133.40666666666667
stream,1058,126.0,118.40666666666667,103.40666666666667,133.40666666666667
stream,1059,127.0,118.40666666666667,103.40666666666667,133.40666666666667
stream,1060,126.0,118.40666666666667,103.40666666666667,133.40666666666667
stream,1061,126.0,118.40666666666667,103.40666666666667,133.40666666666667
stream,1062,125.0,118.40666666666667,103.40666666666667,133.40666666666667
stream,1063,126.0,118.40666666666667,103.40666666666667,133.40666666666667
stream,1064,126.0,118.40666666666667,103.40666666666667,133.40666666666667
stream,1065,126.0,118.40666666666667,103.40666666666667,133.40666666666667
stream,1066,126.0,118.40666666666667,103.40666666666667,133.40666666666667
stream,1067,126.0,118.40666666666667,103.40666666666667,133.40666666666667
stream,1068,126.0,118.40666666666667,103.40666666666667,133.40666666666667
stream,1069,126.0,118.40666666666667,103.40666666666667,133.40666666666667
stream,1070,126.0,118.40666666666667,103.40666666666667,133.40666666666667
stream,1071,126.0,118.40666666666667,103.40666666666667,133.40666666666667
stream,1072,126.0,118.40666666666667,103.40666666666667,133.40666666666667
stream,1073,126.0,118.40666666666667,103.40666666666667,133.40666666666667
stream,1074,126.0,118.40666666666667,103.40666666666667,133.40666666666667
stream,1075,126.0,118.40666666666667,103.40666666666667,133.40666666666667
stream,1076,126.0,118.40666666666667,103.40666666666667,133.40666666666667
stream,1077,126.0,118.40666666666667,103.40666666666667,133.40666666666667
stream,1078,126.0,118.40666666666667,103.40666666666667,133.40666666666667
stream,1079,126.0,118.40666666666667,103.40666666666667,133.40666666666667
stream,1080,126.0,118.40666666666667,103.40666666666667,133.40666666666667
stream,1081,126.0,118.40666666666667,103.40666666666667,133.40666666666667
stream,1082,125.0,118.40666666666667,103.40666666666667,133.40666666666667
stream,1083,126.0,118.40666666666667,103.40666666666667,133.40666666666667
stream,1084,125.0,118.40666666666667,103.40666666666667,133.40666666666667
stream,1085,126.0,118.40666666666667,103.40666666666667,133.40666666666667
stream,1086,126.0,118.40666666666667,103.40666666666667,133.40666666666667
stream,1087,125.0,118.40666666666667,103.40666666666667,133.40666666666667
stream,1088,126.0,118.40666666666667,103.40666666666667,133.40666666666667
stream,1089,126.0,118.40666666666667,103.40666666666667,133.40666666666667
stream,1090,125.0,118.40666666666667,103.40666666666667,133.40666666666667
stream,1091,126.0,118.40666666666667,103.40666666666667,133.40666666666667
stream,1092,126.0,118.40666666666667,103.40666666666667,133.40666666666667
stream,1093,126.0,118.40666666666667,103.40666666666667,133.40666666666667
stream,1094,126.0,118.40666666666667,103.40666666666667,133.40666666666667
stream,1095,126.0,118.40666666666667,103.40666666666667,133.40666666666667
stream,1096,127.0,118.40666666666667,103.40666666666667,133.40666666666667
stream,1097,126.0,118.40666666666667,103.40666666666667,133.40666666666667
stream,1098,126.0,118.40666666666667,103.40666666666667,133.40666666666667
stream,1099,126.0,118.40666666666667,103.40666666666667,133.40666666666667
stream,1100,125.0,118.40666666666667,103.40666666666667,133.40666666666667
stream,1101,126.0,118.40666666666667,103.40666666666667,133.40666666666667
stream,1102,127.0,118.40666666666667,103.40666666666667,133.40666666666667
stream,1103,126.0,118.40666666666667,103.40666666666667,133.40666666666667
stream,1104,126.0,118.40666666666667,103.40666666666667,133.40666666666667
stream,1105,126.0,118.40666666666667,103.40666666666667,133.40666666666667
stream,1106,125.0,118.40666666666667,103.40666666666667,133.40666666666667
stream,1107,126.0,118.40666666666667,103.40666666666667,133.40666666666667
stream,1108,126.0,118.40666666666667,103.40666666666667,133.40666666666667
stream,1109,126.0,118.40666666666667,103.40666666666667,133.40666666666667
stream,1110,126.0,118.40666666666667,103.40666666666667,133.40666666666667
stream,1111,126.0,118.40666666666667,103.40666666666667,133.40666666666667
stream,1112,127.0,118.40666666666667,103.40666666666667,133.40666666666667
stream,1113,125.0,118.40666666666667,103.40666666666667,133.40666666666667
stream,1114,127.0,118.40666666666667,103.40666666666667,133.40666666666667
stream,1115,126.0,118.40666666666667,103.40666666666667,133.40666666666667
stream,1116,126.0,118.40666666666667,103.40666666666667,133.40666666666667
stream,1117,126.0,118.40666666666667,103.40666666666667,133.40666666666667
stream,1118,125.0,118.40666666666667,103.40666666666667,133.40666666666667
stream,1119,126.0,118.40666666666667,103.40666666666667,133.40666666666667
stream,1120,126.0,118.40666666666667,103.40666666666667,133.40666666666667
stream,1121,126.0,118.40666666666667,103.40666666666667,133.40666666666667
stream,1122,126.0,118.40666666666667,103.40666666666667,133.40666666666667
stream,1123,126.0,118.40666666666667,103.40666666666667,133.40666666666667
stream,1124,125.0,118.40666666666667,103.40666666666667,133.40666666666667
stream,1125,126.0,118.40666666666667,103.40666666666667,133.40666666666667
stream,1126,126.0,118.40666666666667,103.40666666666667,133.40666666666667
stream,1127,126.0,118.40666666666667,103.40666666666667,133.40666666666667
stream,1128,125.0,118.40666666666667,103.40666666666667,133.40666666666667
stream,1129,126.0,118.40666666666667,103.40666666666667,133.40666666666667
stream,1130,126.0,118.40666666666667,103.40666666666667,133.40666666666667
stream,1131,125.0,118.40666666666667,103.40666666666667,133.40666666666667
stream,1132,126.0,118.40666666666667,103.40666666666667,133.40666666666667
stream,1133,126.0,118.40666666666667,103.40666666666667,133.40666666666667
stream,1134,125.0,118.40666666666667,103.40666666666667,133.40666666666667
stream,1135,126.0,118.40666666666667,103.40666666666667,133.40666666666667
stream,1136,126.0,118.40666666666667,103.40666666666667,133.40666666666667
stream,1137,126.0,118.40666666666667,103.40666666666667,133.40666666666667
stream,1138,126.0,118.40666666666667,103.40666666666667,133.40666666666667
stream,1139,125.0,118.40666666666667,103.40666666666667,133.40666666666667
stream,1140,126.0,118.40666666666667,103.40666666666667,133.40666666666667
stream,1141,126.0,118.40666666666667,103.40666666666667,133.40666666666667
stream,1142,125.0,118.40666666666667,103.40666666666667,133.40666666666667
stream,1143,126.0,118.40666666666667,103.40666666666667,133.40666666666667
stream,1144,126.0,118.40666666666667,103.40666666666667,133.40666666666667
stream,1145,126.0,118.40666666666667,103.40666666666667,133.40666666666667
stream,1146,126.0,118.40666666666667,103.40666666666667,133.40666666666667
stream,1147,126.0,118.40666666666667,103.40666666666667,133.40666666666667
stream,1148,126.0,118.40666666666667,103.40666666666667,133.40666666666667
stream,1149,126.0,118.40666666666667,103.40666666666667,133.40666666666667
stream,1150,127.0,118.40666666666667,103.40666666666667,133.40666666666667
stream,1151,126.0,118.40666666666667,103.40666666666667,133.40666666666667
stream,1152,125.0,118.40666666666667,103.40666666666667,133.40666666666667
stream,1153,126.0,118.40666666666667,103.40666666666667,133.40666666666667
stream,1154,127.0,118.40666666666667,103.40666666666667,133.40666666666667
stream,1155,125.0,118.40666666666667,103.40666666666667,133.40666666666667
stream,1156,126.0,118.40666666666667,103.40666666666667,133.40666666666667
stream,1157,127.0,118.40666666666667,103.40666666666667,133.40666666666667
stream,1158,126.0,118.40666666666667,103.40666666666667,133.40666666666667
stream,1159,126.0,118.40666666666667,103.40666666666667,133.40666666666667
stream,1160,127.0,118.40666666666667,103.40666666666667,133.40666666666667
stream,1161,126.0,118.40666666666667,103.40666666666667,133.40666666666667
stream,1162,126.0,118.40666666666667,103.40666666666667,133.40666666666667
stream,1163,126.0,118.40666666666667,103.40666666666667,133.40666666666667
stream,1164,127.0,118.40666666666667,103.40666666666667,133.40666666666667
stream,1165,126.0,118.40666666666667,103.40666666666667,133.40666666666667
stream,1166,126.0,118.40666666666667,103.40666666666667,133.40666666666667
stream,1167,127.0,118.40666666666667,103.40666666666667,133.40666666666667
stream,1168,127.0,118.40666666666667,103.40666666666667,133.40666666666667
stream,1169,126.0,118.40666666666667,103.40666666666667,133.40666666666667
stream,1170,127.0,118.40666666666667,103.40666666666667,133.40666666666667
stream,1171,126.0,118.40666666666667,103.40666666666667,133.40666666666667
stream,1172,127.0,118.40666666666667,103.40666666666667,133.40666666666667
stream,1173,126.0,118.40666666666667,103.40666666666667,133.40666666666667
stream,1174,127.0,118.40666666666667,103.40666666666667,133.40666666666667
stream,1175,126.0,118.40666666666667,103.40666666666667,133.40666666666667
stream,1176,127.0,118.40666666666667,103.40666666666667,133.40666666666667
stream,1177,126.0,118.40666666666667,103.40666666666667,133.40666666666667
stream,1178,127.0,118.40666666666667,103.40666666666667,133.40666666666667
stream,1179,125.0,118.40666666666667,103.40666666666667,133.40666666666667
stream,1180,127.0,118.40666666666667,103.40666666666667,133.40666666666667
stream,1181,126.0,118.40666666666667,103.40666666666667,133.40666666666667
stream,1182,126.0,118.40666666666667,103.40666666666667,133.40666666666667
stream,1183,127.0,118.40666666666667,103.40666666666667,133.40666666666667
stream,1184,126.0,118.40666666666667,103.40666666666667,133.40666666666667
stream,1185,127.0,118.40666666666667,103.40666666666667,133.40666666666667
stream,1186,126.0,118.40666666666667,103.40666666666667,133.40666666666667
stream,1187,127.0,118.40666666666667,103.40666666666667,133.40666666666667
stream,1188,126.0,118.40666666666667,103.40666666666667,133.40666666666667
stream,1189,127.0,118.40666666666667,103.40666666666667,133.40666666666667
stream,1190,126.0,118.40666666666667,103.40666666666667,133.40666666666667
stream,1191,127.0,118.40666666666667,103.40666666666667,133.40666666666667
stream,1192,127.0,118.40666666666667,103.40666666666667,133.40666666666667
stream,1193,126.0,118.40666666666667,103.40666666666667,133.40666666666667
stream,1194,127.0,118.40666666666667,103.40666666666667,133.40666666666667
stream,1195,127.0,118.40666666666667,103.40666666666667,133.40666666666667
stream,1196,127.0,118.40666666666667,103.40666666666667,133.40666666666667
stream,1197,127.0,118.40666666666667,103.40666666666667,133.40666666666667
stream,1198,127.0,118.40666666666667,103.40666666666667,133.40666666666667
stream,1199,127.0,118.40666666666667,103.40666666666667,133.40666666666667
stream,1200,126.0,118.40666666666667,103.40666666666667,133.40666666666667
stream,1201,127.0,118.40666666666667,103.40666666666667,133.40666666666667
stream,1202,127.0,118.40666666666667,103.40666666666667,133.40666666666667
stream,1203,127.0,118.40666666666667,103.40666666666667,133.40666666666667
stream,1204,126.0,118.40666666666667,103.40666666666667,133.40666666666667
stream,1205,127.0,118.40666666666667,103.40666666666667,133.40666666666667
stream,1206,127.0,118.40666666666667,103.40666666666667,133.40666666666667
stream,1207,127.0,118.40666666666667,103.40666666666667,133.40666666666667
stream,1208,127.0,118.40666666666667,103.40666666666667,133.40666666666667
stream,1209,127.0,118.40666666666667,103.40666666666667,133.40666666666667
stream,1210,127.0,118.40666666666667,103.40666666666667,133.40666666666667
stream,1211,127.0,118.40666666666667,103.40666666666667,133.40666666666667
stream,1212,127.0,118.40666666666667,103.40666666666667,133.40666666666667
stream,1213,127.0,118.40666666666667,103.40666666666667,133.40666666666667
stream,1214,127.0,118.40666666666667,103.40666666666667,133.40666666666667
stream,1215,127.0,118.40666666666667,103.40666666666667,133.40666666666667
stream,1216,127.0,118.40666666666667,103.40666666666667,133.40666666666667
stream,1217,126.0,118.40666666666667,103.40666666666667,133.40666666666667
stream,1218,127.0,118.40666666666667,103.40666666666667,133.40666666666667
stream,1219,127.0,118.40666666666667,103.40666666666667,133.40666666666667
stream,1220,128.0,118.40666666666667,103.40666666666667,133.40666666666667
stream,1221,127.0,118.40666666666667,103.40666666666667,133.40666666666667
stream,1222,127.0,118.40666666666667,103.40666666666667,133.40666666666667
stream,1223,127.0,118.40666666666667,103.40666666666667,133.40666666666667
stream,1224,127.0,118.40666666666667,103.40666666666667,133.40666666666667
stream,1225,126.0,118.40666666666667,103.40666666666667,133.40666666666667
stream,1226,127.0,118.40666666666667,103.40666666666667,133.40666666666667
stream,1227,127.0,118.40666666666667,103.40666666666667,133.40666666666667
stream,1228,127.0,118.40666666666667,103.40666666666667,133.40666666666667
stream,1229,127.0,118.40666666666667,103.40666666666667,133.40666666666667
stream,1230,127.0,118.40666666666667,103.40666666666667,133.40666666666667
stream,1231,126.0,118.40666666666667,103.40666666666667,133.40666666666667
stream,1232,127.0,118.40666666666667,103.40666666666667,133.40666666666667
stream,1233,127.0,118.40666666666667,103.40666666666667,133.40666666666667
stream,1234,127.0,118.40666666666667,103.40666666666667,133.40666666666667
stream,1235,127.0,118.40666666666667,103.40666666666667,133.40666666666667
stream,1236,127.0,118.40666666666667,103.40666666666667,133.40666666666667
stream,1237,127.0,118.40666666666667,103.40666666666667,133.40666666666667
stream,1238,126.0,118.40666666666667,103.40666666666667,133.40666666666667
stream,1239,127.0,118.40666666666667,103.40666666666667,133.40666666666667
stream,1240,126.0,118.40666666666667,103.40666666666667,133.40666666666667
stream,1241,127.0,118.40666666666667,103.40666666666667,133.40666666666667
stream,1242,127.0,118.40666666666667,103.40666666666667,133.40666666666667
stream,1243,127.0,118.40666666666667,103.40666666666667,133.40666666666667
stream,1244,127.0,118.40666666666667,103.40666666666667,133.40666666666667
stream,1245,126.0,118.40666666666667,103.40666666666667,133.40666666666667
stream,1246,127.0,118.40666666666667,103.40666666666667,133.40666666666667
stream,1247,127.0,118.40666666666667,103.40666666666667,133.40666666666667
stream,1248,127.0,118.40666666666667,103.40666666666667,133.40666666666667
stream,1249,127.0,118.40666666666667,103.40666666666667,133.40666666666667
stream,1250,126.0,118.40666666666667,103.40666666666667,133.40666666666667
stream,1251,127.0,118.40666666666667,103.40666666666667,133.40666666666667
stream,1252,127.0,118.40666666666667,103.40666666666667,133.40666666666667
stream,1253,126.0,118.40666666666667,103.40666666666667,133.40666666666667
stream,1254,126.0,118.40666666666667,103.40666666666667,133.40666666666667
stream,1255,127.0,118.40666666666667,103.40666666666667,133.40666666666667
stream,1256,126.0,118.40666666666667,103.40666666666667,133.40666666666667
stream,1257,126.0,118.40666666666667,103.40666666666667,133.40666666666667
stream,1258,126.0,118.40666666666667,103.40666666666667,133.40666666666667
stream,1259,126.0,118.40666666666667,103.40666666666667,133.40666666666667
stream,1260,126.0,118.40666666666667,103.40666666666667,133.40666666666667
stream,1261,125.0,118.40666666666667,103.40666666666667,133.40666666666667
stream,1262,127.0,118.40666666666667,103.40666666666667,133.40666666666667
stream,1263,126.0,118.40666666666667,103.40666666666667,133.40666666666667
stream,1264,125.0,118.40666666666667,103.40666666666667,133.40666666666667
stream,1265,127.0,118.40666666666667,103.40666666666667,133.40666666666667
stream,1266,126.0,118.40666666666667,103.40666666666667,133.40666666666667
stream,1267,126.0,118.40666666666667,103.40666666666667,133.40666666666667
stream,1268,127.0,118.40666666666667,103.40666666666667,133.40666666666667
stream,1269,126.0,118.40666666666667,103.40666666666667,133.40666666666667
stream,1270,127.0,118.40666666666667,103.40666666666667,133.40666666666667
stream,1271,126.0,118.40666666666667,103.40666666666667,133.40666666666667
stream,1272,127.0,118.40666666666667,103.40666666666667,133.40666666666667
stream,1273,126.0,118.40666666666667,103.40666666666667,133.40666666666667
stream,1274,126.0,118.40666666666667,103.40666666666667,133.40666666666667
stream,1275,127.0,118.40666666666667,103.40666666666667,133.40666666666667
stream,1276,126.0,118.40666666666667,103.40666666666667,133.40666666666667
stream,1277,126.0,118.40666666666667,103.40666666666667,133.40666666666667
stream,1278,127.0,118.40666666666667,103.40666666666667,133.40666666666667
stream,1279,126.0,118.40666666666667,103.40666666666667,133.40666666666667
stream,1280,127.0,118.40666666666667,103.40666666666667,133.40666666666667
stream,1281,126.0,118.40666666666667,103.40666666666667,133.40666666666667
stream,1282,126.0,118.40666666666667,103.40666666666667,133.40666666666667
stream,1283,127.0,118.40666666666667,103.40666666666667,133.40666666666667
stream,1284,127.0,118.40666666666667,103.40666666666667,133.40666666666667
stream,1285,127.0,118.40666666666667,103.40666666666667,133.40666666666667
stream,1286,126.0,118.40666666666667,103.40666666666667,133.40666666666667
stream,1287,127.0,118.40666666666667,103.40666666666667,133.40666666666667
stream,1288,126.0,118.40666666666667,103.40666666666667,133.40666666666667
stream,1289,126.0,118.40666666666667,103.40666666666667,133.40666666666667
stream,1290,127.0,118.40666666666667,103.40666666666667,133.40666666666667
stream,1291,126.0,118.40666666666667,103.40666666666667,133.40666666666667
stream,1292,127.0,118.40666666666667,103.40666666666667,133.40666666666667
stream,1293,126.0,118.40666666666667,103.40666666666667,133.40666666666667
stream,1294,127.0,118.40666666666667,103.40666666666667,133.40666666666667
stream,1295,127.0,118.40666666666667,103.40666666666667,133.40666666666667
stream,1296,126.0,118.40666666666667,103.40666666666667,133.40666666666667
stream,1297,127.0,118.40666666666667,103.40666666666667,133.40666666666667
stream,1298,127.0,118.40666666666667,103.40666666666667,133.40666666666667
stream,1299,126.0,118.40666666666667,103.40666666666667,133.40666666666667
stream,1300,127.0,118.40666666666667,103.40666666666667,133.40666666666667
stream,1301,127.0,118.40666666666667,103.40666666666667,133.40666666666667
stream,1302,126.0,118.40666666666667,103.40666666666667,133.40666666666667
stream,1303,127.0,118.40666666666667,103.40666666666667,133.40666666666667
stream,1304,127.0,118.40666666666667,103.40666666666667,133.40666666666667
stream,1305,126.0,118.40666666666667,103.40666666666667,133.40666666666667
stream,1306,127.0,118.40666666666667,103.40666666666667,133.40666666666667
stream,1307,127.0,118.40666666666667,103.40666666666667,133.40666666666667
stream,1308,126.0,118.40666666666667,103.40666666666667,133.40666666666667
stream,1309,127.0,118.40666666666667,103.40666666666667,133.40666666666667
stream,1310,127.0,118.40666666666667,103.40666666666667,133.40666666666667
stream,1311,126.0,118.40666666666667,103.40666666666667,133.40666666666667
stream,1312,127.0,118.40666666666667,103.40666666666667,133.40666666666667
stream,1313,127.0,118.40666666666667,103.40666666666667,133.40666666666667
stream,1314,127.0,118.40666666666667,103.40666666666667,133.40666666666667
stream,1315,126.0,118.40666666666667,103.40666666666667,133.40666666666667
stream,1316,127.0,118.40666666666667,103.40666666666667,133.40666666666667
stream,1317,128.0,118.40666666666667,103.40666666666667,133.40666666666667
stream,1318,127.0,118.40666666666667,103.40666666666667,133.40666666666667
stream,1319,127.0,118.40666666666667,103.40666666666667,133.40666666666667
stream,1320,128.0,118.40666666666667,103.40666666666667,133.40666666666667
stream,1321,127.0,118.40666666666667,103.40666666666667,133.40666666666667
stream,1322,128.0,118.40666666666667,103.40666666666667,133.40666666666667
stream,1323,127.0,118.40666666666667,103.40666666666667,133.40666666666667
stream,1324,128.0,118.40666666666667,103.40666666666667,133.40666666666667
stream,1325,128.0,118.40666666666667,103.40666666666667,133.40666666666667
stream,1326,128.0,118.40666666666667,103.40666666666667,133.40666666666667
stream,1327,128.0,118.40666666666667,103.40666666666667,133.40666666666667
stream,1328,127.0,118.40666666666667,103.40666666666667,133.40666666666667
stream,1329,128.0,118.40666666666667,103.40666666666667,133.40666666666667
stream,1330,128.0,118.40666666666667,103.40666666666667,133.40666666666667
stream,1331,127.0,118.40666666666667,103.40666666666667,133.40666666666667
stream,1332,128.0,118.40666666666667,103.40666666666667,133.40666666666667
stream,1333,128.0,118.40666666666667,103.40666666666667,133.40666666666667
stream,1334,128.0,118.40666666666667,103.40666666666667,133.40666666666667
stream,1335,128.0,118.40666666666667,103.40666666666667,133.40666666666667
stream,1336,127.0,118.40666666666667,103.40666666666667,133.40666666666667
stream,1337,128.0,118.40666666666667,103.40666666666667,133.40666666666667
stream,1338,128.0,118.40666666666667,103.40666666666667,133.40666666666667
stream,1339,128.0,118.40666666666667,103.40666666666667,133.40666666666667
stream,1340,128.0,118.40666666666667,103.40666666666667,133.40666666666667
stream,1341,128.0,118.40666666666667,103.40666666666667,133.40666666666667
stream,1342,128.0,118.40666666666667,103.40666666666667,133.40666666666667
stream,1343,128.0,118.40666666666667,103.40666666666667,133.40666666666667
stream,1344,128.0,118.40666666666667,103.40666666666667,133.40666666666667
stream,1345,128.0,118.40666666666667,103.40666666666667,133.40666666666667
stream,1346,128.0,118.40666666666667,103.40666666666667,133.40666666666667
stream,1347,129.0,118.40666666666667,103.40666666666667,133.40666666666667
stream,1348,128.0,118.40666666666667,103.40666666666667,133.40666666666667
stream,1349,128.0,118.40666666666667,103.40666666666667,133.40666666666667
stream,1350,129.0,118.40666666666667,103.40666666666667,133.40666666666667
stream,1351,129.0,118.40666666666667,103.40666666666667,133.40666666666667
stream,1352,128.0,118.40666666666667,103.40666666666667,133.40666666666667
stream,1353,129.0,118.40666666666667,103.40666666666667,133.40666666666667
stream,1354,129.0,118.40666666666667,103.40666666666667,133.40666666666667
stream,1355,128.0,118.40666666666667,103.40666666666667,133.40666666666667
stream,1356,129.0,118.40666666666667,103.40666666666667,133.40666666666667
stream,1357,129.0,118.40666666666667,103.40666666666667,133.40666666666667
stream,1358,128.0,118.40666666666667,103.40666666666667,133.40666666666667
stream,1359,129.0,118.40666666666667,103.40666666666667,133.40666666666667
stream,1360,128.0,118.40666666666667,103.40666666666667,133.40666666666667
stream,1361,129.0,118.40666666666667,103.40666666666667,133.40666666666667
stream,1362,128.0,118.40666666666667,103.40666666666667,133.40666666666667
stream,1363,129.0,118.40666666666667,103.40666666666667,133.40666666666667
stream,1364,128.0,118.40666666666667,103.40666666666667,133.40666666666667
stream,1365,129.0,118.40666666666667,103.40666666666667,133.40666666666667
stream,1366,129.0,118.40666666666667,103.40666666666667,133.40666666666667
stream,1367,129.0,118.40666666666667,103.40666666666667,133.40666666666667
stream,1368,129.0,118.40666666666667,103.40666666666667,133.40666666666667
stream,1369,129.0,118.40666666666667,103.40666666666667,133.40666666666667
stream,1370,129.0,118.40666666666667,103.40666666666667,133.40666666666667
stream,1371,130.0,118.40666666666667,103.40666666666667,133.40666666666667
stream,1372,129.0,118.40666666666667,103.40666666666667,133.40666666666667
stream,1373,129.0,118.40666666666667,103.40666666666667,133.40666666666667
stream,1374,130.0,118.40666666666667,103.40666666666667,133.40666666666667
stream,1375,129.0,118.40666666666667,103.40666666666667,133.40666666666667
stream,1376,130.0,118.40666666666667,103.40666666666667,133.40666666666667
stream,1377,129.0,118.40666666666667,103.40666666666667,133.40666666666667
stream,1378,130.0,118.40666666666667,103.40666666666667,133.40666666666667
stream,1379,129.0,118.40666666666667,103.40666666666667,133.40666666666667
stream,1380,130.0,118.40666666666667,103.40666666666667,133.40666666666667
stream,1381,130.0,118.40666666666667,103.40666666666667,133.40666666666667
stream,1382,130.0,118.40666666666667,103.40666666666667,133.40666666666667
stream,1383,129.0,118.40666666666667,103.40666666666667,133.40666666666667
stream,1384,130.0,118.40666666666667,103.40666666666667,133.40666666666667
stream,1385,130.0,118.40666666666667,103.40666666666667,133.40666666666667
stream,1386,130.0,118.40666666666667,103.40666666666667,133.40666666666667
stream,1387,130.0,118.40666666666667,103.40666666666667,133.40666666666667
stream,1388,130.0,118.40666666666667,103.40666666666667,133.40666666666667
stream,1389,130.0,118.40666666666667,103.40666666666667,133.40666666666667
stream,1390,130.0,118.40666666666667,103.40666666666667,133.40666666666667
stream,1391,130.0,118.40666666666667,103.40666666666667,133.40666666666667
stream,1392,130.0,118.40666666666667,103.40666666666667,133.40666666666667
stream,1393,130.0,118.40666666666667,103.40666666666667,133.40666666666667
stream,1394,130.0,118.40666666666667,103.40666666666667,133.40666666666667
stream,1395,131.0,118.40666666666667,103.40666666666667,133.40666666666667
stream,1396,130.0,118.40666666666667,103.40666666666667,133.40666666666667
stream,1397,131.0,118.40666666666667,103.40666666666667,133.40666666666667
stream,1398,130.0,118.40666666666667,103.40666666666667,133.40666666666667
stream,1399,131.0,118.40666666666667,103.40666666666667,133.40666666666667
stream,1400,131.0,118.40666666666667,103.40666666666667,133.40666666666667
stream,1401,130.0,118.40666666666667,103.40666666666667,133.40666666666667
stream,1402,131.0,118.40666666666667,103.40666666666667,133.40666666666667
stream,1403,131.0,118.40666666666667,103.40666666666667,133.40666666666667
stream,1404,131.0,118.40666666666667,103.40666666666667,133.40666666666667
stream,1405,131.0,118.40666666666667,103.40666666666667,133.40666666666667
stream,1406,131.0,118.40666666666667,103.40666666666667,133.40666666666667
stream,1407,131.0,118.40666666666667,103.40666666666667,133.40666666666667
stream,1408,131.0,118.40666666666667,103.40666666666667,133.40666666666667
stream,1409,130.0,118.40666666666667,103.40666666666667,133.40666666666667
stream,1410,131.0,118.40666666666667,103.40666666666667,133.40666666666667
stream,1411,131.0,118.40666666666667,103.40666666666667,133.40666666666667
stream,1412,130.0,118.40666666666667,103.40666666666667,133.40666666666667
stream,1413,131.0,118.40666666666667,103.40666666666667,133.40666666666667
stream,1414,131.0,118.40666666666667,103.40666666666667,133.40666666666667
stream,1415,131.0,118.40666666666667,103.40666666666667,133.40666666666667
stream,1416,130.0,118.40666666666667,103.40666666666667,133.40666666666667
stream,1417,131.0,118.40666666666667,103.40666666666667,133.40666666666667
stream,1418,131.0,118.40666666666667,103.40666666666667,133.40666666666667
stream,1419,131.0,118.40666666666667,103.40666666666667,133.40666666666667
stream,1420,131.0,118.40666666666667,103.40666666666667,133.40666666666667
stream,1421,131.0,118.40666666666667,103.40666666666667,133.40666666666667
stream,1422,132.0,118.40666666666667,103.40666666666667,133.40666666666667
stream,1423,131.0,118.40666666666667,103.40666666666667,133.40666666666667
stream,1424,131.0,118.40666666666667,103.40666666666667,133.40666666666667
stream,1425,132.0,118.40666666666667,103.40666666666667,133.40666666666667
stream,1426,132.0,118.40666666666667,103.40666666666667,133.40666666666667
stream,1427,131.0,118.40666666666667,103.40666666666667,133.40666666666667
stream,1428,132.0,118.40666666666667,103.40666666666667,133.40666666666667
stream,1429,131.0,118.40666666666667,103.40666666666667,133.40666666666667
stream,1430,132.0,118.40666666666667,103.40666666666667,133.40666666666667
stream,1431,131.0,118.40666666666667,103.40666666666667,133.40666666666667
stream,1432,132.0,118.40666666666667,103.40666666666667,133.40666666666667
stream,1433,132.0,118.40666666666667,103.40666666666667,133.40666666666667
stream,1434,132.0,118.40666666666667,103.40666666666667,133.40666666666667
stream,1435,132.0,118.40666666666667,103.40666666666667,133.40666666666667
stream,1436,131.0,118.40666666666667,103.40666666666667,133.40666666666667
stream,1437,132.0,118.40666666666667,103.40666666666667,133.40666666666667
stream,1438,132.0,118.40666666666667,103.40666666666667,133.40666666666667
stream,1439,131.0,118.40666666666667,103.40666666666667,133.40666666666667
stream,1440,132.0,118.40666666666667,103.40666666666667,133.40666666666667
stream,1441,132.0,118.40666666666667,103.40666666666667,133.40666666666667
stream,1442,132.0,118.40666666666667,103.40666666666667,133.40666666666667
stream,1443,132.0,118.40666666666667,103.40666666666667,133.40666666666667
stream,1444,132.0,118.40666666666667,103.40666666666667,133.40666666666667
stream,1445,132.0,118.40666666666667,103.40666666666667,133.40666666666667
stream,1446,132.0,118.40666666666667,103.40666666666667,133.40666666666667
stream,1447,132.0,118.40666666666667,103.40666666666667,133.40666666666667
stream,1448,132.0,118.40666666666667,103.40666666666667,133.40666666666667
stream,1449,133.0,118.40666666666667,103.40666666666667,133.40666666666667
stream,1450,132.0,118.40666666666667,103.40666666666667,133.40666666666667
stream,1451,133.0,118.40666666666667,103.40666666666667,133.40666666666667
stream,1452,132.0,118.40666666666667,103.40666666666667,133.40666666666667
stream,1453,133.0,118.40666666666667,103.40666666666667,133.40666666666667
stream,1454,133.0,118.40666666666667,103.40666666666667,133.40666666666667
stream,1455,133.0,118.40666666666667,103.40666666666667,133.40666666666667
stream,1456,132.0,118.40666666666667,103.40666666666667,133.40666666666667
stream,1457,133.0,118.40666666666667,103.40666666666667,133.40666666666667
stream,1458,133.0,118.40666666666667,103.40666666666667,133.40666666666667
stream,1459,133.0,118.40666666666667,103.40666666666667,133.40666666666667
stream,1460,133.0,118.40666666666667,103.40666666666667,133.40666666666667
stream,1461,133.0,118.40666666666667,103.40666666666667,133.40666666666667
stream,1462,133.0,118.40666666666667,103.40666666666667,133.40666666666667
stream,1463,133.0,118.40666666666667,103.40666666666667,133.40666666666667
stream,1464,133.0,118.40666666666667,103.40666666666667,133.40666666666667
stream,1465,133.0,118.40666666666667,103.40666666666667,133.40666666666667
stream,1466,133.0,118.40666666666667,103.40666666666667,133.40666666666667
stream,1467,133.0,118.40666666666667,103.40666666666667,133.40666666666667
stream,1468,132.0,118.40666666666667,103.40666666666667,133.40666666666667
stream,1469,133.0,118.40666666666667,103.40666666666667,133.40666666666667
stream,1470,133.0,118.40666666666667,103.40666666666667,133.40666666666667
stream,1471,132.0,118.40666666666667,103.40666666666667,133.40666666666667
stream,1472,133.0,118.40666666666667,103.40666666666667,133.40666666666667
stream,1473,133.0,118.40666666666667,103.40666666666667,133.40666666666667
stream,1474,133.0,118.40666666666667,103.40666666666667,133.40666666666667
stream,1475,133.0,118.40666666666667,103.40666666666667,133.40666666666667
stream,1476,132.0,118.40666666666667,103.40666666666667,133.40666666666667
stream,1477,133.0,118.40666666666667,103.40666666666667,133.40666666666667
stream,1478,133.0,118.40666666666667,103.40666666666667,133.40666666666667
stream,1479,133.0,118.40666666666667,103.40666666666667,133.40666666666667
stream,1480,133.0,118.40666666666667,103.40666666666667,133.40666666666667
stream,1481,133.0,118.40666666666667,103.40666666666667,133.40666666666667
stream,1482,133.0,118.40666666666667,103.40666666666667,133.40666666666667
stream,1483,133.0,118.40666666666667,103.40666666666667,133.40666666666667
stream,1484,133.0,118.40666666666667,103.40666666666667,133.40666666666667
stream,1485,132.0,118.40666666666667,103.40666666666667,133.40666666666667
stream,1486,133.0,118.40666666666667,103.40666666666667,133.40666666666667
stream,1487,133.0,118.40666666666667,103.40666666666667,133.40666666666667
stream,1488,132.0,118.40666666666667,103.40666666666667,133.40666666666667
stream,1489,133.0,118.40666666666667,103.40666666666667,133.40666666666667
stream,1490,132.0,118.40666666666667,103.40666666666667,133.40666666666667
stream,1491,133.0,118.40666666666667,103.40666666666667,133.40666666666667
stream,1492,132.0,118.40666666666667,103.40666666666667,133.40666666666667
stream,1493,132.0,118.40666666666667,103.40666666666667,133.40666666666667
stream,1494,133.0,118.40666666666667,103.40666666666667,133.40666666666667
stream,1495,132.0,118.40666666666667,103.40666666666667,133.40666666666667
stream,1496,132.0,118.40666666666667,103.40666666666667,133.40666666666667
stream,1497,132.0,118.40666666666667,103.40666666666667,133.40666666666667
stream,1498,132.0,118.40666666666667,103.40666666666667,133.40666666666667
stream,1499,132.0,118.40666666666667,103.40666666666667,133.40666666666667
stream,1500,133.0,118.40666666666667,103.40666666666667,133.40666666666667
stream,1501,132.0,118.40666666666667,103.40666666666667,133.40666666666667
stream,1502,132.0,118.40666666666667,103.40666666666667,133.40666666666667
stream,1503,132.0,118.40666666666667,103.40666666666667,133.40666666666667
stream,1504,132.0,118.40666666666667,103.40666666666667,133.40666666666667
stream,1505,132.0,118.40666666666667,103.40666666666667,133.40666666666667
stream,1506,132.0,118.40666666666667,103.40666666666667,133.40666666666667
stream,1507,133.0,118.40666666666667,103.40666666666667,133.40666666666667
stream,1508,132.0,118.40666666666667,103.40666666666667,133.40666666666667
stream,1509,132.0,118.40666666666667,103.40666666666667,133.40666666666667
stream,1510,132.0,118.40666666666667,103.40666666666667,133.40666666666667
stream,1511,132.0,118.40666666666667,103.40666666666667,133.40666666666667
stream,1512,132.0,118.40666666666667,103.40666666666667,133.40666666666667
stream,1513,133.0,118.40666666666667,103.40666666666667,133.40666666666667
stream,1514,132.0,118.40666666666667,103.40666666666667,133.40666666666667
stream,1515,132.0,118.40666666666667,103.40666666666667,133.40666666666667
stream,1516,132.0,118.40666666666667,103.40666666666667,133.40666666666667
stream,1517,132.0,118.40666666666667,103.40666666666667,133.40666666666667
stream,1518,132.0,118.40666666666667,103.40666666666667,133.40666666666667
stream,1519,132.0,118.40666666666667,103.40666666666667,133.40666666666667
stream,1520,132.0,118.40666666666667,103.40666666666667,133.40666666666667
stream,1521,132.0,118.40666666666667,103.40666666666667,133.40666666666667
stream,1522,132.0,118.40666666666667,103.40666666666667,133.40666666666667
stream,1523,132.0,118.40666666666667,103.40666666666667,133.40666666666667
stream,1524,132.0,118.40666666666667,103.40666666666667,133.40666666666667
stream,1525,132.0,118.40666666666667,103.40666666666667,133.40666666666667
stream,1526,132.0,118.40666666666667,103.40666666666667,133.40666666666667
stream,1527,132.0,118.40666666666667,103.40666666666667,133.40666666666667
stream,1528,132.0,118.40666666666667,103.40666666666667,133.40666666666667
stream,1529,132.0,118.40666666666667,103.40666666666667,133.40666666666667
stream,1530,132.0,118.40666666666667,103.40666666666667,133.40666666666667
stream,1531,132.0,118.40666666666667,103.40666666666667,133.40666666666667
stream,1532,132.0,118.40666666666667,103.40666666666667,133.40666666666667
stream,1533,131.0,118.40666666666667,103.40666666666667,133.40666666666667
stream,1534,132.0,118.40666666666667,103.40666666666667,133.40666666666667
stream,1535,132.0,118.40666666666667,103.40666666666667,133.40666666666667
stream,1536,132.0,118.40666666666667,103.40666666666667,133.40666666666667
stream,1537,132.0,118.40666666666667,103.40666666666667,133.40666666666667
stream,1538,132.0,118.40666666666667,103.40666666666667,133.40666666666667
stream,1539,132.0,118.40666666666667,103.40666666666667,133.40666666666667
stream,1540,131.0,118.40666666666667,103.40666666666667,133.40666666666667
stream,1541,132.0,118.40666666666667,103.40666666666667,133.40666666666667
stream,1542,132.0,118.40666666666667,103.40666666666667,133.40666666666667
stream,1543,131.0,118.40666666666667,103.40666666666667,133.40666666666667
stream,1544,132.0,118.40666666666667,103.40666666666667,133.40666666666667
stream,1545,132.0,118.40666666666667,103.40666666666667,133.40666666666667
stream,1546,131.0,118.40666666666667,103.40666666666667,133.40666666666667
stream,1547,132.0,118.40666666666667,103.40666666666667,133.40666666666667
stream,1548,131.0,118.40666666666667,103.40666666666667,133.40666666666667
stream,1549,132.0,118.40666666666667,103.40666666666667,133.40666666666667
stream,1550,131.0,118.40666666666667,103.40666666666667,133.40666666666667
stream,1551,132.0,118.40666666666667,103.40666666666667,133.40666666666667
stream,1552,131.0,118.40666666666667,103.40666666666667,133.40666666666667
stream,1553,132.0,118.40666666666667,103.40666666666667,133.40666666666667
stream,1554,131.0,118.40666666666667,103.40666666666667,133.40666666666667
stream,1555,132.0,118.40666666666667,103.40666666666667,133.40666666666667
stream,1556,132.0,118.40666666666667,103.40666666666667,133.40666666666667
stream,1557,131.0,118.40666666666667,103.40666666666667,133.40666666666667
stream,1558,132.0,118.40666666666667,103.40666666666667,133.40666666666667
stream,1559,131.0,118.40666666666667,103.40666666666667,133.40666666666667
stream,1560,132.0,118.40666666666667,103.40666666666667,133.40666666666667
stream,1561,131.0,118.40666666666667,103.40666666666667,133.40666666666667
stream,1562,132.0,118.40666666666667,103.40666666666667,133.40666666666667
stream,1563,131.0,118.40666666666667,103.40666666666667,133.40666666666667
stream,1564,132.0,118.40666666666667,103.40666666666667,133.40666666666667
stream,1565,131.0,118.40666666666667,103.40666666666667,133.40666666666667
stream,1566,132.0,118.40666666666667,103.40666666666667,133.40666666666667
stream,1567,131.0,118.40666666666667,103.40666666666667,133.40666666666667
stream,1568,131.0,118.40666666666667,103.40666666666667,133.40666666666667
stream,1569,131.0,118.40666666666667,103.40666666666667,133.40666666666667
stream,1570,132.0,118.40666666666667,103.40666666666667,133.40666666666667
stream,1571,131.0,118.40666666666667,103.40666666666667,133.40666666666667
stream,1572,131.0,118.40666666666667,103.40666666666667,133.40666666666667
stream,1573,131.0,118.40666666666667,103.40666666666667,133.40666666666667
stream,1574,131.0,118.40666666666667,103.40666666666667,133.40666666666667
stream,1575,131.0,118.40666666666667,103.40666666666667,133.40666666666667
stream,1576,131.0,118.40666666666667,103.40666666666667,133.40666666666667
stream,1577,131.0,118.40666666666667,103.40666666666667,133.40666666666667
stream,1578,131.0,118.40666666666667,103.40666666666667,133.40666666666667
stream,1579,131.0,118.40666666666667,103.40666666666667,133.40666666666667
stream,1580,131.0,118.40666666666667,103.40666666666667,133.40666666666667
stream,1581,131.0,118.40666666666667,103.40666666666667,133.40666666666667
stream,1582,131.0,118.40666666666667,103.40666666666667,133.40666666666667
stream,1583,132.0,118.40666666666667,103.40666666666667,133.40666666666667
stream,1584,131.0,118.40666666666667,103.40666666666667,133.40666666666667
stream,1585,131.0,118.40666666666667,103.40666666666667,133.40666666666667
stream,1586,131.0,118.40666666666667,103.40666666666667,133.40666666666667
stream,1587,132.0,118.40666666666667,103.40666666666667,133.40666666666667
stream,1588,131.0,118.40666666666667,103.40666666666667,133.40666666666667
stream,1589,131.0,118.40666666666667,103.40666666666667,133.40666666666667
stream,1590,131.0,118.40666666666667,103.40666666666667,133.40666666666667
stream,1591,131.0,118.40666666666667,103.40666666666667,133.40666666666667
stream,1592,131.0,118.40666666666667,103.40666666666667,133.40666666666667
stream,1593,131.0,118.40666666666667,103.40666666666667,133.40666666666667
stream,1594,131.0,118.40666666666667,103.40666666666667,133.40666666666667
stream,1595,130.0,118.40666666666667,103.40666666666667,133.40666666666667
stream,1596,131.0,118.40666666666667,103.40666666666667,133.40666666666667
stream,1597,131.0,118.40666666666667,103.40666666666667,133.40666666666667
stream,1598,131.0,118.40666666666667,103.40666666666667,133.40666666666667
stream,1599,131.0,118.40666666666667,103.40666666666667,133.40666666666667
stream,1600,131.0,118.40666666666667,103.40666666666667,133.40666666666667
stream,1601,131.0,118.40666666666667,103.40666666666667,133.40666666666667
stream,1602,130.0,118.40666666666667,103.40666666666667,133.40666666666667
stream,1603,131.0,118.40666666666667,103.40666666666667,133.40666666666667
stream,1604,131.0,118.40666666666667,103.40666666666667,133.40666666666667
stream,1605,131.0,118.40666666666667,103.40666666666667,133.40666666666667
stream,1606,131.0,118.40666666666667,103.40666666666667,133.40666666666667
stream,1607,130.0,118.40666666666667,103.40666666666667,133.40666666666667
stream,1608,131.0,118.40666666666667,103.40666666666667,133.40666666666667
stream,1609,131.0,118.40666666666667,103.40666666666667,133.40666666666667
stream,1610,131.0,118.40666666666667,103.40666666666667,133.40666666666667
stream,1611,131.0,118.40666666666667,103.40666666666667,133.40666666666667
stream,1612,130.0,118.40666666666667,103.40666666666667,133.40666666666667
stream,1613,131.0,118.40666666666667,103.40666666666667,133.40666666666667
stream,1614,130.0,118.40666666666667,103.40666666666667,133.40666666666667
stream,1615,131.0,118.40666666666667,103.40666666666667,133.40666666666667
stream,1616,131.0,118.40666666666667,103.40666666666667,133.40666666666667
stream,1617,131.0,118.40666666666667,103.40666666666667,133.40666666666667
stream,1618,130.0,118.40666666666667,103.40666666666667,133.40666666666667
stream,1619,131.0,118.40666666666667,103.40666666666667,133.40666666666667
stream,1620,130.0,118.40666666666667,103.40666666666667,133.40666666666667
stream,1621,131.0,118.40666666666667,103.40666666666667,133.40666666666667
stream,1622,130.0,118.40666666666667,103.40666666666667,133.40666666666667
stream,1623,131.0,118.40666666666667,103.40666666666667,133.40666666666667
stream,1624,131.0,118.40666666666667,103.40666666666667,133.40666666666667
stream,1625,130.0,118.40666666666667,103.40666666666667,133.40666666666667
stream,1626,131.0,118.40666666666667,103.40666666666667,133.40666666666667
stream,1627,131.0,118.40666666666667,103.40666666666667,133.40666666666667
stream,1628,131.0,118.40666666666667,103.40666666666667,133.40666666666667
stream,1629,131.0,118.40666666666667,103.40666666666667,133.40666666666667
stream,1630,131.0,118.40666666666667,103.40666666666667,133.40666666666667
stream,1631,131.0,118.40666666666667,103.40666666666667,133.40666666666667
stream,1632,131.0,118.40666666666667,103.40666666666667,133.40666666666667
stream,1633,130.0,118.40666666666667,103.40666666666667,133.40666666666667
stream,1634,131.0,118.40666666666667,103.40666666666667,133.40666666666667
stream,1635,131.0,118.40666666666667,103.40666666666667,133.40666666666667
stream,1636,131.0,118.40666666666667,103.40666666666667,133.40666666666667
stream,1637,130.0,118.40666666666667,103.40666666666667,133.40666666666667
stream,1638,131.0,118.40666666666667,103.40666666666667,133.40666666666667
stream,1639,131.0,118.40666666666667,103.40666666666667,133.40666666666667
stream,1640,130.0,118.40666666666667,103.40666666666667,133.40666666666667
stream,1641,131.0,118.40666666666667,103.40666666666667,133.40666666666667
stream,1642,131.0,118.40666666666667,103.40666666666667,133.40666666666667
stream,1643,131.0,118.40666666666667,103.40666666666667,133.40666666666667
stream,1644,130.0,118.40666666666667,103.40666666666667,133.40666666666667
stream,1645,130.0,118.40666666666667,103.40666666666667,133.40666666666667
stream,1646,131.0,118.40666666666667,103.40666666666667,133.40666666666667
stream,1647,130.0,118.40666666666667,103.40666666666667,133.40666666666667
stream,1648,131.0,118.40666666666667,103.40666666666667,133.40666666666667
stream,1649,130.0,118.40666666666667,103.40666666666667,133.40666666666667
stream,1650,131.0,118.40666666666667,103.40666666666667,133.40666666666667
stream,1651,130.0,118.40666666666667,103.40666666666667,133.40666666666667
stream,1652,131.0,118.40666666666667,103.40666666666667,133.40666666666667
stream,1653,131.0,118.40666666666667,103.40666666666667,133.40666666666667
stream,1654,130.0,118.40666666666667,103.40666666666667,133.40666666666667
stream,1655,131.0,118.40666666666667,103.40666666666667,133.40666666666667
stream,1656,131.0,118.40666666666667,103.40666666666667,133.40666666666667
stream,1657,131.0,118.40666666666667,103.40666666666667,133.40666666666667
stream,1658,130.0,118.40666666666667,103.40666666666667,133.40666666666667
stream,1659,131.0,118.40666666666667,103.40666666666667,133.40666666666667
stream,1660,131.0,118.40666666666667,103.40666666666667,133.40666666666667
stream,1661,130.0,118.40666666666667,103.40666666666667,133.40666666666667
stream,1662,131.0,118.40666666666667,103.40666666666667,133.40666666666667
stream,1663,130.0,118.40666666666667,103.40666666666667,133.40666666666667
stream,1664,131.0,118.40666666666667,103.40666666666667,133.40666666666667
stream,1665,130.0,118.40666666666667,103.40666666666667,133.40666666666667
stream,1666,131.0,118.40666666666667,103.40666666666667,133.40666666666667
stream,1667,130.0,118.40666666666667,103.40666666666667,133.40666666666667
stream,1668,131.0,118.40666666666667,103.40666666666667,133.40666666666667
stream,1669,130.0,118.40666666666667,103.40666666666667,133.40666666666667
stream,1670,130.0,118.40666666666667,103.40666666666667,133.40666666666667
stream,1671,131.0,118.40666666666667,103.40666666666667,133.40666666666667
stream,1672,130.0,118.40666666666667,103.40666666666667,133.40666666666667
stream,1673,130.0,118.40666666666667,103.40666666666667,133.40666666666667
stream,1674,131.0,118.40666666666667,103.40666666666667,133.40666666666667
stream,1675,130.0,118.40666666666667,103.40666666666667,133.40666666666667
stream,1676,131.0,118.40666666666667,103.40666666666667,133.40666666666667
stream,1677,130.0,118.40666666666667,103.40666666666667,133.40666666666667
stream,1678,131.0,118.40666666666667,103.40666666666667,133.40666666666667
stream,1679,131.0,118.40666666666667,103.40666666666667,133.40666666666667
stream,1680,130.0,118.40666666666667,103.40666666666667,133.40666666666667
stream,1681,131.0,118.40666666666667,103.40666666666667,133.40666666666667
stream,1682,130.0,118.40666666666667,103.40666666666667,133.40666666666667
stream,1683,131.0,118.40666666666667,103.40666666666667,133.40666666666667
stream,1684,130.0,118.40666666666667,103.40666666666667,133.40666666666667
stream,1685,131.0,118.40666666666667,103.40666666666667,133.40666666666667
stream,1686,130.0,118.40666666666667,103.40666666666667,133.40666666666667
stream,1687,131.0,118.40666666666667,103.40666666666667,133.40666666666667
stream,1688,130.0,118.40666666666667,103.40666666666667,133.40666666666667
stream,1689,131.0,118.40666666666667,103.40666666666667,133.40666666666667
stream,1690,130.0,118.40666666666667,103.40666666666667,133.40666666666667
stream,1691,131.0,118.40666666666667,103.40666666666667,133.40666666666667
stream,1692,130.0,118.40666666666667,103.40666666666667,133.40666666666667
stream,1693,130.0,118.40666666666667,103.40666666666667,133.40666666666667
stream,1694,130.0,118.40666666666667,103.40666666666667,133.40666666666667
stream,1695,131.0,118.40666666666667,103.40666666666667,133.40666666666667
stream,1696,130.0,118.40666666666667,103.40666666666667,133.40666666666667
stream,1697,130.0,118.40666666666667,103.40666666666667,133.40666666666667
stream,1698,130.0,118.40666666666667,103.40666666666667,133.40666666666667
stream,1699,130.0,118.40666666666667,103.40666666666667,133.40666666666667
stream,1700,131.0,118.40666666666667,103.40666666666667,133.40666666666667
stream,1701,130.0,118.40666666666667,103.40666666666667,133.40666666666667
stream,1702,130.0,118.40666666666667,103.40666666666667,133.40666666666667
stream,1703,131.0,118.40666666666667,103.40666666666667,133.40666666666667
stream,1704,130.0,118.40666666666667,103.40666666666667,133.40666666666667
stream,1705,130.0,118.40666666666667,103.40666666666667,133.40666666666667
stream,1706,131.0,118.40666666666667,103.40666666666667,133.40666666666667
stream,1707,130.0,118.40666666666667,103.40666666666667,133.40666666666667
stream,1708,131.0,118.40666666666667,103.40666666666667,133.40666666666667
stream,1709,130.0,118.40666666666667,103.40666666666667,133.40666666666667
stream,1710,131.0,118.40666666666667,103.40666666666667,133.40666666666667
stream,1711,130.0,118.40666666666667,103.40666666666667,133.40666666666667
stream,1712,131.0,118.40666666666667,103.40666666666667,133.40666666666667
stream,1713,130.0,118.40666666666667,103.40666666666667,133.40666666666667
stream,1714,130.0,118.40666666666667,103.40666666666667,133.40666666666667
stream,1715,131.0,118.40666666666667,103.40666666666667,133.40666666666667
stream,1716,130.0,118.40666666666667,103.40666666666667,133.40666666666667
stream,1717,130.0,118.40666666666667,103.40666666666667,133.40666666666667
stream,1718,131.0,118.40666666666667,103.40666666666667,133.40666666666667
stream,1719,130.0,118.40666666666667,103.40666666666667,133.40666666666667
stream,1720,130.0,118.40666666666667,103.40666666666667,133.40666666666667
stream,1721,130.0,118.40666666666667,103.40666666666667,133.40666666666667
stream,1722,130.0,118.40666666666667,103.40666666666667,133.40666666666667
stream,1723,130.0,118.40666666666667,103.40666666666667,133.40666666666667
stream,1724,130.0,118.40666666666667,103.40666666666667,133.40666666666667
stream,1725,130.0,118.40666666666667,103.40666666666667,133.40666666666667
stream,1726,130.0,118.40666666666667,103.40666666666667,133.40666666666667
stream,1727,130.0,118.40666666666667,103.40666666666667,133.40666666666667
stream,1728,130.0,118.40666666666667,103.40666666666667,133.40666666666667
stream,1729,130.0,118.40666666666667,103.40666666666667,133.40666666666667
stream,1730,130.0,118.40666666666667,103.40666666666667,133.40666666666667
stream,1731,131.0,118.40666666666667,103.40666666666667,133.40666666666667
stream,1732,130.0,118.40666666666667,103.40666666666667,133.40666666666667
stream,1733,130.0,118.40666666666667,103.40666666666667,133.40666666666667
stream,1734,130.0,118.40666666666667,103.40666666666667,133.40666666666667
stream,1735,130.0,118.40666666666667,103.40666666666667,133.40666666666667
stream,1736,131.0,118.40666666666667,103.40666666666667,133.40666666666667
stream,1737,130.0,118.40666666666667,103.40666666666667,133.40666666666667
stream,1738,131.0,118.40666666666667,103.40666666666667,133.40666666666667
stream,1739,130.0,118.40666666666667,103.40666666666667,133.40666666666667
stream,1740,130.0,118.40666666666667,103.40666666666667,133.40666666666667
stream,1741,130.0,118.40666666666667,103.40666666666667,133.40666666666667
stream,1742,130.0,118.40666666666667,103.40666666666667,133.40666666666667
stream,1743,130.0,118.40666666666667,103.40666666666667,133.40666666666667
stream,1744,131.0,118.40666666666667,103.40666666666667,133.40666666666667
stream,1745,130.0,118.40666666666667,103.40666666666667,133.40666666666667
stream,1746,130.0,118.40666666666667,103.40666666666667,133.40666666666667
stream,1747,131.0,118.40666666666667,103.40666666666667,133.40666666666667
stream,1748,130.0,118.40666666666667,103.40666666666667,133.40666666666667
stream,1749,130.0,118.40666666666667,103.40666666666667,133.40666666666667
stream,1750,130.0,118.40666666666667,103.40666666666667,133.40666666666667
stream,1751,131.0,118.40666666666667,103.40666666666667,133.40666666666667
stream,1752,130.0,118.40666666666667,103.40666666666667,133.40666666666667
stream,1753,130.0,118.40666666666667,103.40666666666667,133.40666666666667
stream,1754,131.0,118.40666666666667,103.40666666666667,133.40666666666667
stream,1755,131.0,118.40666666666667,103.40666666666667,133.40666666666667
stream,1756,130.0,118.40666666666667,103.40666666666667,133.40666666666667
stream,1757,131.0,118.40666666666667,103.40666666666667,133.40666666666667
stream,1758,130.0,118.40666666666667,103.40666666666667,133.40666666666667
stream,1759,131.0,118.40666666666667,103.40666666666667,133.40666666666667
stream,1760,130.0,118.40666666666667,103.40666666666667,133.40666666666667
stream,1761,131.0,118.40666666666667,103.40666666666667,133.40666666666667
stream,1762,130.0,118.40666666666667,103.40666666666667,133.40666666666667
stream,1763,131.0,118.40666666666667,103.40666666666667,133.40666666666667
stream,1764,131.0,118.40666666666667,103.40666666666667,133.40666666666667
stream,1765,130.0,118.40666666666667,103.40666666666667,133.40666666666667
stream,1766,131.0,118.40666666666667,103.40666666666667,133.40666666666667
stream,1767,130.0,118.40666666666667,103.40666666666667,133.40666666666667
stream,1768,131.0,118.40666666666667,103.40666666666667,133.40666666666667
stream,1769,130.0,118.40666666666667,103.40666666666667,133.40666666666667
stream,1770,130.0,118.40666666666667,103.40666666666667,133.40666666666667
stream,1771,131.0,118.40666666666667,103.40666666666667,133.40666666666667
stream,1772,130.0,118.40666666666667,103.40666666666667,133.40666666666667
stream,1773,131.0,118.40666666666667,103.40666666666667,133.40666666666667
stream,1774,130.0,118.40666666666667,103.40666666666667,133.40666666666667
stream,1775,130.0,118.40666666666667,103.40666666666667,133.40666666666667
stream,1776,131.0,118.40666666666667,103.40666666666667,133.40666666666667
stream,1777,130.0,118.40666666666667,103.40666666666667,133.40666666666667
stream,1778,131.0,118.40666666666667,103.40666666666667,133.40666666666667
stream,1779,131.0,118.40666666666667,103.40666666666667,133.40666666666667
stream,1780,130.0,118.40666666666667,103.40666666666667,133.40666666666667
stream,1781,131.0,118.40666666666667,103.40666666666667,133.40666666666667
stream,1782,130.0,118.40666666666667,103.40666666666667,133.40666666666667
stream,1783,131.0,118.40666666666667,103.40666666666667,133.40666666666667
stream,1784,131.0,118.40666666666667,103.40666666666667,133.40666666666667
stream,1785,130.0,118.40666666666667,103.40666666666667,133.40666666666667
stream,1786,131.0,118.40666666666667,103.40666666666667,133.40666666666667
stream,1787,130.0,118.40666666666667,103.40666666666667,133.40666666666667
stream,1788,131.0,118.40666666666667,103.40666666666667,133.40666666666667
stream,1789,130.0,118.40666666666667,103.40666666666667,133.40666666666667
stream,1790,131.0,118.40666666666667,103.40666666666667,133.40666666666667
stream,1791,130.0,118.40666666666667,103.40666666666667,133.40666666666667
stream,1792,130.0,118.40666666666667,103.40666666666667,133.40666666666667
stream,1793,130.0,118.40666666666667,103.40666666666667,133.40666666666667
stream,1794,131.0,118.40666666666667,103.40666666666667,133.40666666666667
stream,1795,130.0,118.40666666666667,103.40666666666667,133.40666666666667
stream,1796,130.0,118.40666666666667,103.40666666666667,133.40666666666667
stream,1797,130.0,118.40666666666667,103.40666666666667,133.40666666666667
stream,1798,130.0,118.40666666666667,103.40666666666667,133.40666666666667
stream,1799,130.0,118.40666666666667,103.40666666666667,133.40666666666667
