segment,end_index,DeltaClkB_nsps,Baseline_nsps,LowerBound_nsps,UpperBound_nsps
stream,0,,487.0133333333333,472.0133333333333,502.0133333333333
stream,1,489.0,487.0133333333333,472.0133333333333,502.0133333333333
stream,2,489.0,487.0133333333333,472.0133333333333,502.0133333333333
stream,3,489.0,487.0133333333333,472.0133333333333,502.0133333333333
stream,4,490.0,487.0133333333333,472.0133333333333,502.0133333333333
stream,5,489.0,487.0133333333333,472.0133333333333,502.0133333333333
stream,6,490.0,487.0133333333333,472.0133333333333,502.0133333333333
stream,7,489.0,487.0133333333333,472.0133333333333,502.0133333333333
stream,8,490.0,487.0133333333333,472.0133333333333,502.0133333333333
stream,9,489.0,487.0133333333333,472.0133333333333,502.0133333333333
stream,10,489.0,487.0133333333333,472.0133333333333,502.0133333333333
stream,11,489.0,487.0133333333333,472.0133333333333,502.0133333333333
stream,12,490.0,487.0133333333333,472.0133333333333,502.0133333333333
stream,13,489.0,487.0133333333333,472.0133333333333,502.0133333333333
stream,14,490.0,487.0133333333333,472.0133333333333,502.0133333333333
stream,15,489.0,487.0133333333333,472.0133333333333,502.0133333333333
stream,16,490.0,487.0133333333333,472.0133333333333,502.0133333333333
stream,17,489.0,487.0133333333333,472.0133333333333,502.0133333333333
stream,18,489.0,487.0133333333333,472.0133333333333,502.0133333333333
stream,19,489.0,487.0133333333333,472.0133333333333,502.0133333333333
stream,20,489.0,487.0133333333333,472.0133333333333,502.0133333333333
stream,21,489.0,487.0133333333333,472.0133333333333,502.0133333333333
stream,22,488.0,487.0133333333333,472.0133333333333,502.0133333333333
stream,23,489.0,487.0133333333333,472.0133333333333,502.0133333333333
stream,24,489.0,487.0133333333333,472.0133333333333,502.0133333333333
stream,25,489.0,487.0133333333333,472.0133333333333,502.0133333333333
stream,26,490.0,487.0133333333333,472.0133333333333,502.0133333333333
stream,27,489.0,487.0133333333333,472.0133333333333,502.0133333333333
stream,28,488.0,487.0133333333333,472.0133333333333,502.0133333333333
stream,29,489.0,487.0133333333333,472.0133333333333,502.0133333333333
stream,30,489.0,487.0133333333333,472.0133333333333,502.0133333333333
stream,31,488.0,487.0133333333333,472.0133333333333,502.0133333333333
stream,32,489.0,487.0133333333333,472.0133333333333,502.0133333333333
stream,33,488.0,487.0133333333333,472.0133333333333,502.0133333333333
stream,34,488.0,487.0133333333333,472.0133333333333,502.0133333333333
stream,35,488.0,487.0133333333333,472.0133333333333,502.0133333333333
stream,36,488.0,487.0133333333333,472.0133333333333,502.0133333333333
stream,37,488.0,487.0133333333333,472.0133333333333,502.0133333333333
stream,38,488.0,487.0133333333333,472.0133333333333,502.0133333333333
stream,39,488.0,487.0133333333333,472.0133333333333,502.0133333333333
stream,40,487.0,487.0133333333333,472.0133333333333,502.0133333333333
stream,41,487.0,487.0133333333333,472.0133333333333,502.0133333333333
stream,42,488.0,487.0133333333333,472.0133333333333,502.0133333333333
stream,43,488.0,487.0133333333333,472.0133333333333,502.0133333333333
stream,44,487.0,487.0133333333333,472.0133333333333,502.0133333333333
stream,45,488.0,487.0133333333333,472.0133333333333,502.0133333333333
stream,46,488.0,487.0133333333333,472.0133333333333,502.0133333333333
stream,47,488.0,487.0133333333333,472.0133333333333,502.0133333333333
stream,48,489.0,487.0133333333333,472.0133333333333,502.0133333333333
stream,49,489.0,487.0133333333333,472.0133333333333,502.0133333333333
stream,50,489.0,487.0133333333333,472.0133333333333,502.0133333333333
stream,51,490.0,487.0133333333333,472.0133333333333,502.0133333333333
stream,52,490.0,487.0133333333333,472.0133333333333,502.0133333333333
stream,53,490.0,487.0133333333333,472.0133333333333,502.0133333333333
stream,54,490.0,487.0133333333333,472.0133333333333,502.0133333333333
stream,55,489.0,487.0133333333333,472.0133333333333,502.0133333333333
stream,56,490.0,487.0133333333333,472.0133333333333,502.0133333333333
stream,57,489.0,487.0133333333333,472.0133333333333,502.0133333333333
stream,58,489.0,487.0133333333333,472.0133333333333,502.0133333333333
stream,59,488.0,487.0133333333333,472.0133333333333,502.0133333333333
stream,60,488.0,487.0133333333333,472.0133333333333,502.0133333333333
stream,61,487.0,487.0133333333333,472.0133333333333,502.0133333333333
stream,62,488.0,487.0133333333333,472.0133333333333,502.0133333333333
stream,63,488.0,487.0133333333333,472.0133333333333,502.0133333333333
stream,64,489.0,487.0133333333333,472.0133333333333,502.0133333333333
stream,65,489.0,487.0133333333333,472.0133333333333,502.0133333333333
stream,66,489.0,487.0133333333333,472.0133333333333,502.0133333333333
stream,67,489.0,487.0133333333333,472.0133333333333,502.0133333333333
stream,68,489.0,487.0133333333333,472.0133333333333,502.0133333333333
stream,69,489.0,487.0133333333333,472.0133333333333,502.0133333333333
stream,70,489.0,487.0133333333333,472.0133333333333,502.0133333333333
stream,71,489.0,487.0133333333333,472.0133333333333,502.0133333333333
stream,72,488.0,487.0133333333333,472.0133333333333,502.0133333333333
stream,73,489.0,487.0133333333333,472.0133333333333,502.0133333333333
stream,74,489.0,487.0133333333333,472.0133333333333,502.0133333333333
stream,75,489.0,487.0133333333333,472.0133333333333,502.0133333333333
stream,76,489.0,487.0133333333333,472.0133333333333,502.0133333333333
stream,77,489.0,487.0133333333333,472.0133333333333,502.0133333333333
stream,78,489.0,487.0133333333333,472.0133333333333,502.0133333333333
stream,79,489.0,487.0133333333333,472.0133333333333,502.0133333333333
stream,80,489.0,487.0133333333333,472.0133333333333,502.0133333333333
stream,81,489.0,487.0133333333333,472.0133333333333,502.0133333333333
stream,82,489.0,487.0133333333333,472.0133333333333,502.0133333333333
stream,83,488.0,487.0133333333333,472.0133333333333,502.0133333333333
stream,84,489.0,487.0133333333333,472.0133333333333,502.0133333333333
stream,85,489.0,487.0133333333333,472.0133333333333,502.0133333333333
stream,86,489.0,487.0133333333333,472.0133333333333,502.0133333333333
stream,87,489.0,487.0133333333333,472.0133333333333,502.0133333333333
stream,88,490.0,487.0133333333333,472.0133333333333,502.0133333333333
stream,89,489.0,487.0133333333333,472.0133333333333,502.0133333333333
stream,90,489.0,487.0133333333333,472.0133333333333,502.0133333333333
stream,91,489.0,487.0133333333333,472.0133333333333,502.0133333333333
stream,92,489.0,487.0133333333333,472.0133333333333,502.0133333333333
stream,93,488.0,487.0133333333333,472.0133333333333,502.0133333333333
stream,94,489.0,487.0133333333333,472.0133333333333,502.0133333333333
stream,95,489.0,487.0133333333333,472.0133333333333,502.0133333333333
stream,96,489.0,487.0133333333333,472.0133333333333,502.0133333333333
stream,97,489.0,487.0133333333333,472.0133333333333,502.0133333333333
stream,98,488.0,487.0133333333333,472.0133333333333,502.0133333333333
stream,99,488.0,487.0133333333333,472.0133333333333,502.0133333333333
stream,100,488.0,487.0133333333333,472.0133333333333,502.0133333333333
stream,101,488.0,487.0133333333333,472.0133333333333,502.0133333333333
stream,102,488.0,487.0133333333333,472.0133333333333,502.0133333333333
stream,103,488.0,487.0133333333333,472.0133333333333,502.0133333333333
stream,104,487.0,487.0133333333333,472.0133333333333,502.0133333333333
stream,105,488.0,487.0133333333333,472.0133333333333,502.0133333333333
stream,106,488.0,487.0133333333333,472.0133333333333,502.0133333333333
stream,107,487.0,487.0133333333333,472.0133333333333,502.0133333333333
stream,108,488.0,487.0133333333333,472.0133333333333,502.0133333333333
stream,109,488.0,487.0133333333333,472.0133333333333,502.0133333333333
stream,110,488.0,487.0133333333333,472.0133333333333,502.0133333333333
stream,111,488.0,487.0133333333333,472.0133333333333,502.0133333333333
stream,112,488.0,487.0133333333333,472.0133333333333,502.0133333333333
stream,113,488.0,487.0133333333333,472.0133333333333,502.0133333333333
stream,114,488.0,487.0133333333333,472.0133333333333,502.0133333333333
stream,115,488.0,487.0133333333333,472.0133333333333,502.0133333333333
stream,116,489.0,487.0133333333333,472.0133333333333,502.0133333333333
stream,117,488.0,487.0133333333333,472.0133333333333,502.0133333333333
stream,118,488.0,487.0133333333333,472.0133333333333,502.0133333333333
stream,119,489.0,487.0133333333333,472.0133333333333,502.0133333333333
stream,120,488.0,487.0133333333333,472.0133333333333,502.0133333333333
stream,121,489.0,487.0133333333333,472.0133333333333,502.0133333333333
stream,122,489.0,487.0133333333333,472.0133333333333,502.0133333333333
stream,123,489.0,487.0133333333333,472.0133333333333,502.0133333333333
stream,124,489.0,487.0133333333333,472.0133333333333,502.0133333333333
stream,125,488.0,487.0133333333333,472.0133333333333,502.0133333333333
stream,126,489.0,487.0133333333333,472.0133333333333,502.0133333333333
stream,127,488.0,487.0133333333333,472.0133333333333,502.0133333333333
stream,128,488.0,487.0133333333333,472.0133333333333,502.0133333333333
stream,129,488.0,487.0133333333333,472.0133333333333,502.0133333333333
stream,130,488.0,487.0133333333333,472.0133333333333,502.0133333333333
stream,131,488.0,487.0133333333333,472.0133333333333,502.0133333333333
stream,132,489.0,487.0133333333333,472.0133333333333,502.0133333333333
stream,133,488.0,487.0133333333333,472.0133333333333,502.0133333333333
stream,134,488.0,487.0133333333333,472.0133333333333,502.0133333333333
stream,135,488.0,487.0133333333333,472.0133333333333,502.0133333333333
stream,136,488.0,487.0133333333333,472.0133333333333,502.0133333333333
stream,137,489.0,487.0133333333333,472.0133333333333,502.0133333333333
stream,138,488.0,487.0133333333333,472.0133333333333,502.0133333333333
stream,139,488.0,487.0133333333333,472.0133333333333,502.0133333333333
stream,140,489.0,487.0133333333333,472.0133333333333,502.0133333333333
stream,141,488.0,487.0133333333333,472.0133333333333,502.0133333333333
stream,142,489.0,487.0133333333333,472.0133333333333,502.0133333333333
stream,143,489.0,487.0133333333333,472.0133333333333,502.0133333333333
stream,144,489.0,487.0133333333333,472.0133333333333,502.0133333333333
stream,145,488.0,487.0133333333333,472.0133333333333,502.0133333333333
stream,146,489.0,487.0133333333333,472.0133333333333,502.0133333333333
stream,147,488.0,487.0133333333333,472.0133333333333,502.0133333333333
stream,148,489.0,487.0133333333333,472.0133333333333,502.0133333333333
stream,149,489.0,487.0133333333333,472.0133333333333,502.0133333333333
stream,150,489.0,487.0133333333333,472.0133333333333,502.0133333333333
stream,151,488.0,487.0133333333333,472.0133333333333,502.0133333333333
stream,152,489.0,487.0133333333333,472.0133333333333,502.0133333333333
stream,153,489.0,487.0133333333333,472.0133333333333,502.0133333333333
stream,154,489.0,487.0133333333333,472.0133333333333,502.0133333333333
stream,155,489.0,487.0133333333333,472.0133333333333,502.0133333333333
stream,156,489.0,487.0133333333333,472.0133333333333,502.0133333333333
stream,157,488.0,487.0133333333333,472.0133333333333,502.0133333333333
stream,158,489.0,487.0133333333333,472.0133333333333,502.0133333333333
stream,159,489.0,487.0133333333333,472.0133333333333,502.0133333333333
stream,160,489.0,487.0133333333333,472.0133333333333,502.0133333333333
stream,161,488.0,487.0133333333333,472.0133333333333,502.0133333333333
stream,162,488.0,487.0133333333333,472.0133333333333,502.0133333333333
stream,163,489.0,487.0133333333333,472.0133333333333,502.0133333333333
stream,164,488.0,487.0133333333333,472.0133333333333,502.0133333333333
stream,165,489.0,487.0133333333333,472.0133333333333,502.0133333333333
stream,166,489.0,487.0133333333333,472.0133333333333,502.0133333333333
stream,167,489.0,487.0133333333333,472.0133333333333,502.0133333333333
stream,168,490.0,487.0133333333333,472.0133333333333,502.0133333333333
stream,169,488.0,487.0133333333333,472.0133333333333,502.0133333333333
stream,170,488.0,487.0133333333333,472.0133333333333,502.0133333333333
stream,171,489.0,487.0133333333333,472.0133333333333,502.0133333333333
stream,172,488.0,487.0133333333333,472.0133333333333,502.0133333333333
stream,173,489.0,487.0133333333333,472.0133333333333,502.0133333333333
stream,174,489.0,487.0133333333333,472.0133333333333,502.0133333333333
stream,175,489.0,487.0133333333333,472.0133333333333,502.0133333333333
stream,176,490.0,487.0133333333333,472.0133333333333,502.0133333333333
stream,177,489.0,487.0133333333333,472.0133333333333,502.0133333333333
stream,178,489.0,487.0133333333333,472.0133333333333,502.0133333333333
stream,179,489.0,487.0133333333333,472.0133333333333,502.0133333333333
stream,180,489.0,487.0133333333333,472.0133333333333,502.0133333333333
stream,181,489.0,487.0133333333333,472.0133333333333,502.0133333333333
stream,182,489.0,487.0133333333333,472.0133333333333,502.0133333333333
stream,183,489.0,487.0133333333333,472.0133333333333,502.0133333333333
stream,184,489.0,487.0133333333333,472.0133333333333,502.0133333333333
stream,185,489.0,487.0133333333333,472.0133333333333,502.0133333333333
stream,186,489.0,487.0133333333333,472.0133333333333,502.0133333333333
stream,187,490.0,487.0133333333333,472.0133333333333,502.0133333333333
stream,188,489.0,487.0133333333333,472.0133333333333,502.0133333333333
stream,189,489.0,487.0133333333333,472.0133333333333,502.0133333333333
stream,190,489.0,487.0133333333333,472.0133333333333,502.0133333333333
stream,191,489.0,487.0133333333333,472.0133333333333,502.0133333333333
stream,192,489.0,487.0133333333333,472.0133333333333,502.0133333333333
stream,193,490.0,487.0133333333333,472.0133333333333,502.0133333333333
stream,194,489.0,487.0133333333333,472.0133333333333,502.0133333333333
stream,195,489.0,487.0133333333333,472.0133333333333,502.0133333333333
stream,196,490.0,487.0133333333333,472.0133333333333,502.0133333333333
stream,197,489.0,487.0133333333333,472.0133333333333,502.0133333333333
stream,198,488.0,487.0133333333333,472.0133333333333,502.0133333333333
stream,199,489.0,487.0133333333333,472.0133333333333,502.0133333333333
stream,200,489.0,487.0133333333333,472.0133333333333,502.0133333333333
stream,201,489.0,487.0133333333333,472.0133333333333,502.0133333333333
stream,202,490.0,487.0133333333333,472.0133333333333,502.0133333333333
stream,203,489.0,487.0133333333333,472.0133333333333,502.0133333333333
stream,204,489.0,487.0133333333333,472.0133333333333,502.0133333333333
stream,205,489.0,487.0133333333333,472.0133333333333,502.0133333333333
stream,206,489.0,487.0133333333333,472.0133333333333,502.0133333333333
stream,207,489.0,487.0133333333333,472.0133333333333,502.0133333333333
stream,208,490.0,487.0133333333333,472.0133333333333,502.0133333333333
stream,209,489.0,487.0133333333333,472.0133333333333,502.0133333333333
stream,210,490.0,487.0133333333333,472.0133333333333,502.0133333333333
stream,211,489.0,487.0133333333333,472.0133333333333,502.0133333333333
stream,212,490.0,487.0133333333333,472.0133333333333,502.0133333333333
stream,213,489.0,487.0133333333333,472.0133333333333,502.0133333333333
stream,214,490.0,487.0133333333333,472.0133333333333,502.0133333333333
stream,215,489.0,487.0133333333333,472.0133333333333,502.0133333333333
stream,216,489.0,487.0133333333333,472.0133333333333,502.0133333333333
stream,217,489.0,487.0133333333333,472.0133333333333,502.0133333333333
stream,218,489.0,487.0133333333333,472.0133333333333,502.0133333333333
stream,219,490.0,487.0133333333333,472.0133333333333,502.0133333333333
stream,220,490.0,487.0133333333333,472.0133333333333,502.0133333333333
stream,221,489.0,487.0133333333333,472.0133333333333,502.0133333333333
stream,222,490.0,487.0133333333333,472.0133333333333,502.0133333333333
stream,223,490.0,487.0133333333333,472.0133333333333,502.0133333333333
stream,224,490.0,487.0133333333333,472.0133333333333,502.0133333333333
stream,225,490.0,487.0133333333333,472.0133333333333,502.0133333333333
stream,226,489.0,487.0133333333333,472.0133333333333,502.0133333333333
stream,227,489.0,487.0133333333333,472.0133333333333,502.0133333333333
stream,228,489.0,487.0133333333333,472.0133333333333,502.0133333333333
stream,229,489.0,487.0133333333333,472.0133333333333,502.0133333333333
stream,230,488.0,487.0133333333333,472.0133333333333,502.0133333333333
stream,231,489.0,487.0133333333333,472.0133333333333,502.0133333333333
stream,232,488.0,487.0133333333333,472.0133333333333,502.0133333333333
stream,233,488.0,487.0133333333333,472.0133333333333,502.0133333333333
stream,234,488.0,487.0133333333333,472.0133333333333,502.0133333333333
stream,235,488.0,487.0133333333333,472.0133333333333,502.0133333333333
stream,236,488.0,487.0133333333333,472.0133333333333,502.0133333333333
stream,237,487.0,487.0133333333333,472.0133333333333,502.0133333333333
stream,238,488.0,487.0133333333333,472.0133333333333,502.0133333333333
stream,239,488.0,487.0133333333333,472.0133333333333,502.0133333333333
stream,240,488.0,487.0133333333333,472.0133333333333,502.0133333333333
stream,241,488.0,487.0133333333333,472.0133333333333,502.0133333333333
stream,242,488.0,487.0133333333333,472.0133333333333,502.0133333333333
stream,243,489.0,487.0133333333333,472.0133333333333,502.0133333333333
stream,244,488.0,487.0133333333333,472.0133333333333,502.0133333333333
stream,245,488.0,487.0133333333333,472.0133333333333,502.0133333333333
stream,246,489.0,487.0133333333333,472.0133333333333,502.0133333333333
stream,247,488.0,487.0133333333333,472.0133333333333,502.0133333333333
stream,248,488.0,487.0133333333333,472.0133333333333,502.0133333333333
stream,249,488.0,487.0133333333333,472.0133333333333,502.0133333333333
stream,250,487.0,487.0133333333333,472.0133333333333,502.0133333333333
stream,251,488.0,487.0133333333333,472.0133333333333,502.0133333333333
stream,252,487.0,487.0133333333333,472.0133333333333,502.0133333333333
stream,253,487.0,487.0133333333333,472.0133333333333,502.0133333333333
stream,254,487.0,487.0133333333333,472.0133333333333,502.0133333333333
stream,255,488.0,487.0133333333333,472.0133333333333,502.0133333333333
stream,256,487.0,487.0133333333333,472.0133333333333,502.0133333333333
stream,257,486.0,487.0133333333333,472.0133333333333,502.0133333333333
stream,258,487.0,487.0133333333333,472.0133333333333,502.0133333333333
stream,259,486.0,487.0133333333333,472.0133333333333,502.0133333333333
stream,260,487.0,487.0133333333333,472.0133333333333,502.0133333333333
stream,261,488.0,487.0133333333333,472.0133333333333,502.0133333333333
stream,262,487.0,487.0133333333333,472.0133333333333,502.0133333333333
stream,263,487.0,487.0133333333333,472.0133333333333,502.0133333333333
stream,264,487.0,487.0133333333333,472.0133333333333,502.0133333333333
stream,265,486.0,487.0133333333333,472.0133333333333,502.0133333333333
stream,266,487.0,487.0133333333333,472.0133333333333,502.0133333333333
stream,267,487.0,487.0133333333333,472.0133333333333,502.0133333333333
stream,268,486.0,487.0133333333333,472.0133333333333,502.0133333333333
stream,269,487.0,487.0133333333333,472.0133333333333,502.0133333333333
stream,270,486.0,487.0133333333333,472.0133333333333,502.0133333333333
stream,271,487.0,487.0133333333333,472.0133333333333,502.0133333333333
stream,272,487.0,487.0133333333333,472.0133333333333,502.0133333333333
stream,273,486.0,487.0133333333333,472.0133333333333,502.0133333333333
stream,274,487.0,487.0133333333333,472.0133333333333,502.0133333333333
stream,275,487.0,487.0133333333333,472.0133333333333,502.0133333333333
stream,276,487.0,487.0133333333333,472.0133333333333,502.0133333333333
stream,277,487.0,487.0133333333333,472.0133333333333,502.0133333333333
stream,278,488.0,487.0133333333333,472.0133333333333,502.0133333333333
stream,279,487.0,487.0133333333333,472.0133333333333,502.0133333333333
stream,280,487.0,487.0133333333333,472.0133333333333,502.0133333333333
stream,281,487.0,487.0133333333333,472.0133333333333,502.0133333333333
stream,282,486.0,487.0133333333333,472.0133333333333,502.0133333333333
stream,283,487.0,487.0133333333333,472.0133333333333,502.0133333333333
stream,284,487.0,487.0133333333333,472.0133333333333,502.0133333333333
stream,285,486.0,487.0133333333333,472.0133333333333,502.0133333333333
stream,286,487.0,487.0133333333333,472.0133333333333,502.0133333333333
stream,287,487.0,487.0133333333333,472.0133333333333,502.0133333333333
stream,288,487.0,487.0133333333333,472.0133333333333,502.0133333333333
stream,289,487.0,487.0133333333333,472.0133333333333,502.0133333333333
stream,290,487.0,487.0133333333333,472.0133333333333,502.0133333333333
stream,291,487.0,487.0133333333333,472.0133333333333,502.0133333333333
stream,292,487.0,487.0133333333333,472.0133333333333,502.0133333333333
stream,293,487.0,487.0133333333333,472.0133333333333,502.0133333333333
stream,294,486.0,487.0133333333333,472.0133333333333,502.0133333333333
stream,295,487.0,487.0133333333333,472.0133333333333,502.0133333333333
stream,296,486.0,487.0133333333333,472.0133333333333,502.0133333333333
stream,297,487.0,487.0133333333333,472.0133333333333,502.0133333333333
stream,298,486.0,487.0133333333333,472.0133333333333,502.0133333333333
stream,299,486.0,487.0133333333333,472.0133333333333,502.0133333333333
stream,300,487.0,487.0133333333333,472.0133333333333,502.0133333333333
stream,301,486.0,487.0133333333333,472.0133333333333,502.0133333333333
stream,302,487.0,487.0133333333333,472.0133333333333,502.0133333333333
stream,303,486.0,487.0133333333333,472.0133333333333,502.0133333333333
stream,304,486.0,487.0133333333333,472.0133333333333,502.0133333333333
stream,305,485.0,487.0133333333333,472.0133333333333,502.0133333333333
stream,306,485.0,487.0133333333333,472.0133333333333,502.0133333333333
stream,307,486.0,487.0133333333333,472.0133333333333,502.0133333333333
stream,308,485.0,487.0133333333333,472.0133333333333,502.0133333333333
stream,309,485.0,487.0133333333333,472.0133333333333,502.0133333333333
stream,310,485.0,487.0133333333333,472.0133333333333,502.0133333333333
stream,311,485.0,487.0133333333333,472.0133333333333,502.0133333333333
stream,312,485.0,487.0133333333333,472.0133333333333,502.0133333333333
stream,313,485.0,487.0133333333333,472.0133333333333,502.0133333333333
stream,314,484.0,487.0133333333333,472.0133333333333,502.0133333333333
stream,315,485.0,487.0133333333333,472.0133333333333,502.0133333333333
stream,316,485.0,487.0133333333333,472.0133333333333,502.0133333333333
stream,317,485.0,487.0133333333333,472.0133333333333,502.0133333333333
stream,318,486.0,487.0133333333333,472.0133333333333,502.0133333333333
stream,319,486.0,487.0133333333333,472.0133333333333,502.0133333333333
stream,320,486.0,487.0133333333333,472.0133333333333,502.0133333333333
stream,321,485.0,487.0133333333333,472.0133333333333,502.0133333333333
stream,322,486.0,487.0133333333333,472.0133333333333,502.0133333333333
stream,323,486.0,487.0133333333333,472.0133333333333,502.0133333333333
stream,324,486.0,487.0133333333333,472.0133333333333,502.0133333333333
stream,325,486.0,487.0133333333333,472.0133333333333,502.0133333333333
stream,326,485.0,487.0133333333333,472.0133333333333,502.0133333333333
stream,327,486.0,487.0133333333333,472.0133333333333,502.0133333333333
stream,328,485.0,487.0133333333333,472.0133333333333,502.0133333333333
stream,329,485.0,487.0133333333333,472.0133333333333,502.0133333333333
stream,330,485.0,487.0133333333333,472.0133333333333,502.0133333333333
stream,331,486.0,487.0133333333333,472.0133333333333,502.0133333333333
stream,332,486.0,487.0133333333333,472.0133333333333,502.0133333333333
stream,333,485.0,487.0133333333333,472.0133333333333,502.0133333333333
stream,334,485.0,487.0133333333333,472.0133333333333,502.0133333333333
stream,335,485.0,487.0133333333333,472.0133333333333,502.0133333333333
stream,336,485.0,487.0133333333333,472.0133333333333,502.0133333333333
stream,337,484.0,487.0133333333333,472.0133333333333,502.0133333333333
stream,338,485.0,487.0133333333333,472.0133333333333,502.0133333333333
stream,339,484.0,487.0133333333333,472.0133333333333,502.0133333333333
stream,340,485.0,487.0133333333333,472.0133333333333,502.0133333333333
stream,341,484.0,487.0133333333333,472.0133333333333,502.0133333333333
stream,342,485.0,487.0133333333333,472.0133333333333,502.0133333333333
stream,343,485.0,487.0133333333333,472.0133333333333,502.0133333333333
stream,344,485.0,487.0133333333333,472.0133333333333,502.0133333333333
stream,345,484.0,487.0133333333333,472.0133333333333,502.0133333333333
stream,346,485.0,487.0133333333333,472.0133333333333,502.0133333333333
stream,347,486.0,487.0133333333333,472.0133333333333,502.0133333333333
stream,348,486.0,487.0133333333333,472.0133333333333,502.0133333333333
stream,349,485.0,487.0133333333333,472.0133333333333,502.0133333333333
stream,350,486.0,487.0133333333333,472.0133333333333,502.0133333333333
stream,351,486.0,487.0133333333333,472.0133333333333,502.0133333333333
stream,352,486.0,487.0133333333333,472.0133333333333,502.0133333333333
stream,353,485.0,487.0133333333333,472.0133333333333,502.0133333333333
stream,354,486.0,487.0133333333333,472.0133333333333,502.0133333333333
stream,355,486.0,487.0133333333333,472.0133333333333,502.0133333333333
stream,356,485.0,487.0133333333333,472.0133333333333,502.0133333333333
stream,357,486.0,487.0133333333333,472.0133333333333,502.0133333333333
stream,358,486.0,487.0133333333333,472.0133333333333,502.0133333333333
stream,359,486.0,487.0133333333333,472.0133333333333,502.0133333333333
stream,360,485.0,487.0133333333333,472.0133333333333,502.0133333333333
stream,361,485.0,487.0133333333333,472.0133333333333,502.0133333333333
stream,362,484.0,487.0133333333333,472.0133333333333,502.0133333333333
stream,363,484.0,487.0133333333333,472.0133333333333,502.0133333333333
stream,364,484.0,487.0133333333333,472.0133333333333,502.0133333333333
stream,365,484.0,487.0133333333333,472.0133333333333,502.0133333333333
stream,366,484.0,487.0133333333333,472.0133333333333,502.0133333333333
stream,367,483.0,487.0133333333333,472.0133333333333,502.0133333333333
stream,368,484.0,487.0133333333333,472.0133333333333,502.0133333333333
stream,369,484.0,487.0133333333333,472.0133333333333,502.0133333333333
stream,370,484.0,487.0133333333333,472.0133333333333,502.0133333333333
stream,371,484.0,487.0133333333333,472.0133333333333,502.0133333333333
stream,372,484.0,487.0133333333333,472.0133333333333,502.0133333333333
stream,373,484.0,487.0133333333333,472.0133333333333,502.0133333333333
stream,374,484.0,487.0133333333333,472.0133333333333,502.0133333333333
stream,375,483.0,487.0133333333333,472.0133333333333,502.0133333333333
stream,376,485.0,487.0133333333333,472.0133333333333,502.0133333333333
stream,377,484.0,487.0133333333333,472.0133333333333,502.0133333333333
stream,378,485.0,487.0133333333333,472.0133333333333,502.0133333333333
stream,379,484.0,487.0133333333333,472.0133333333333,502.0133333333333
stream,380,485.0,487.0133333333333,472.0133333333333,502.0133333333333
stream,381,484.0,487.0133333333333,472.0133333333333,502.0133333333333
stream,382,484.0,487.0133333333333,472.0133333333333,502.0133333333333
stream,383,485.0,487.0133333333333,472.0133333333333,502.0133333333333
stream,384,484.0,487.0133333333333,472.0133333333333,502.0133333333333
stream,385,484.0,487.0133333333333,472.0133333333333,502.0133333333333
stream,386,484.0,487.0133333333333,472.0133333333333,502.0133333333333
stream,387,485.0,487.0133333333333,472.0133333333333,502.0133333333333
stream,388,484.0,487.0133333333333,472.0133333333333,502.0133333333333
stream,389,484.0,487.0133333333333,472.0133333333333,502.0133333333333
stream,390,484.0,487.0133333333333,472.0133333333333,502.0133333333333
stream,391,484.0,487.0133333333333,472.0133333333333,502.0133333333333
stream,392,485.0,487.0133333333333,472.0133333333333,502.0133333333333
stream,393,484.0,487.0133333333333,472.0133333333333,502.0133333333333
stream,394,483.0,487.0133333333333,472.0133333333333,502.0133333333333
stream,395,484.0,487.0133333333333,472.0133333333333,502.0133333333333
stream,396,484.0,487.0133333333333,472.0133333333333,502.0133333333333
stream,397,484.0,487.0133333333333,472.0133333333333,502.0133333333333
stream,398,483.0,487.0133333333333,472.0133333333333,502.0133333333333
stream,399,484.0,487.0133333333333,472.0133333333333,502.0133333333333
stream,400,483.0,487.0133333333333,472.0133333333333,502.0133333333333
stream,401,483.0,487.0133333333333,472.0133333333333,502.0133333333333
stream,402,482.0,487.0133333333333,472.0133333333333,502.0133333333333
stream,403,483.0,487.0133333333333,472.0133333333333,502.0133333333333
stream,404,482.0,487.0133333333333,472.0133333333333,502.0133333333333
stream,405,483.0,487.0133333333333,472.0133333333333,502.0133333333333
stream,406,482.0,487.0133333333333,472.0133333333333,502.0133333333333
stream,407,483.0,487.0133333333333,472.0133333333333,502.0133333333333
stream,408,483.0,487.0133333333333,472.0133333333333,502.0133333333333
stream,409,484.0,487.0133333333333,472.0133333333333,502.0133333333333
stream,410,483.0,487.0133333333333,472.0133333333333,502.0133333333333
stream,411,483.0,487.0133333333333,472.0133333333333,502.0133333333333
stream,412,483.0,487.0133333333333,472.0133333333333,502.0133333333333
stream,413,483.0,487.0133333333333,472.0133333333333,502.0133333333333
stream,414,483.0,487.0133333333333,472.0133333333333,502.0133333333333
stream,415,484.0,487.0133333333333,472.0133333333333,502.0133333333333
stream,416,483.0,487.0133333333333,472.0133333333333,502.0133333333333
stream,417,482.0,487.0133333333333,472.0133333333333,502.0133333333333
stream,418,483.0,487.0133333333333,472.0133333333333,502.0133333333333
stream,419,484.0,487.0133333333333,472.0133333333333,502.0133333333333
stream,420,483.0,487.0133333333333,472.0133333333333,502.0133333333333
stream,421,483.0,487.0133333333333,472.0133333333333,502.0133333333333
stream,422,484.0,487.0133333333333,472.0133333333333,502.0133333333333
stream,423,483.0,487.0133333333333,472.0133333333333,502.0133333333333
stream,424,483.0,487.0133333333333,472.0133333333333,502.0133333333333
stream,425,484.0,487.0133333333333,472.0133333333333,502.0133333333333
stream,426,483.0,487.0133333333333,472.0133333333333,502.0133333333333
stream,427,484.0,487.0133333333333,472.0133333333333,502.0133333333333
stream,428,483.0,487.0133333333333,472.0133333333333,502.0133333333333
stream,429,484.0,487.0133333333333,472.0133333333333,502.0133333333333
stream,430,484.0,487.0133333333333,472.0133333333333,502.0133333333333
stream,431,483.0,487.0133333333333,472.0133333333333,502.0133333333333
stream,432,484.0,487.0133333333333,472.0133333333333,502.0133333333333
stream,433,484.0,487.0133333333333,472.0133333333333,502.0133333333333
stream,434,483.0,487.0133333333333,472.0133333333333,502.0133333333333
stream,435,484.0,487.0133333333333,472.0133333333333,502.0133333333333
stream,436,484.0,487.0133333333333,472.0133333333333,502.0133333333333
stream,437,483.0,487.0133333333333,472.0133333333333,502.0133333333333
stream,438,484.0,487.0133333333333,472.0133333333333,502.0133333333333
stream,439,484.0,487.0133333333333,472.0133333333333,502.0133333333333
stream,440,484.0,487.0133333333333,472.0133333333333,502.0133333333333
stream,441,483.0,487.0133333333333,472.0133333333333,502.0133333333333
stream,442,485.0,487.0133333333333,472.0133333333333,502.0133333333333
stream,443,485.0,487.0133333333333,472.0133333333333,502.0133333333333
stream,444,485.0,487.0133333333333,472.0133333333333,502.0133333333333
stream,445,485.0,487.0133333333333,472.0133333333333,502.0133333333333
stream,446,484.0,487.0133333333333,472.0133333333333,502.0133333333333
stream,447,485.0,487.0133333333333,472.0133333333333,502.0133333333333
stream,448,485.0,487.0133333333333,472.0133333333333,502.0133333333333
stream,449,484.0,487.0133333333333,472.0133333333333,502.0133333333333
stream,450,484.0,487.0133333333333,472.0133333333333,502.0133333333333
stream,451,485.0,487.0133333333333,472.0133333333333,502.0133333333333
stream,452,484.0,487.0133333333333,472.0133333333333,502.0133333333333
stream,453,484.0,487.0133333333333,472.0133333333333,502.0133333333333
stream,454,484.0,487.0133333333333,472.0133333333333,502.0133333333333
stream,455,484.0,487.0133333333333,472.0133333333333,502.0133333333333
stream,456,484.0,487.0133333333333,472.0133333333333,502.0133333333333
stream,457,484.0,487.0133333333333,472.0133333333333,502.0133333333333
stream,458,484.0,487.0133333333333,472.0133333333333,502.0133333333333
stream,459,484.0,487.0133333333333,472.0133333333333,502.0133333333333
stream,460,484.0,487.0133333333333,472.0133333333333,502.0133333333333
stream,461,483.0,487.0133333333333,472.0133333333333,502.0133333333333
stream,462,484.0,487.0133333333333,472.0133333333333,502.0133333333333
stream,463,485.0,487.0133333333333,472.0133333333333,502.0133333333333
stream,464,484.0,487.0133333333333,472.0133333333333,502.0133333333333
stream,465,485.0,487.0133333333333,472.0133333333333,502.0133333333333
stream,466,485.0,487.0133333333333,472.0133333333333,502.0133333333333
stream,467,485.0,487.0133333333333,472.0133333333333,502.0133333333333
stream,468,485.0,487.0133333333333,472.0133333333333,502.0133333333333
stream,469,485.0,487.0133333333333,472.0133333333333,502.0133333333333
stream,470,485.0,487.0133333333333,472.0133333333333,502.0133333333333
stream,471,485.0,487.0133333333333,472.0133333333333,502.0133333333333
stream,472,485.0,487.0133333333333,472.0133333333333,502.0133333333333
stream,473,484.0,487.0133333333333,472.0133333333333,502.0133333333333
stream,474,485.0,487.0133333333333,472.0133333333333,502.0133333333333
stream,475,484.0,487.0133333333333,472.0133333333333,502.0133333333333
stream,476,485.0,487.0133333333333,472.0133333333333,502.0133333333333
stream,477,484.0,487.0133333333333,472.0133333333333,502.0133333333333
stream,478,485.0,487.0133333333333,472.0133333333333,502.0133333333333
stream,479,486.0,487.0133333333333,472.0133333333333,502.0133333333333
stream,480,485.0,487.0133333333333,472.0133333333333,502.0133333333333
stream,481,485.0,487.0133333333333,472.0133333333333,502.0133333333333
stream,482,485.0,487.0133333333333,472.0133333333333,502.0133333333333
stream,483,485.0,487.0133333333333,472.0133333333333,502.0133333333333
stream,484,486.0,487.0133333333333,472.0133333333333,502.0133333333333
stream,485,485.0,487.0133333333333,472.0133333333333,502.0133333333333
stream,486,485.0,487.0133333333333,472.0133333333333,502.0133333333333
stream,487,485.0,487.0133333333333,472.0133333333333,502.0133333333333
stream,488,486.0,487.0133333333333,472.0133333333333,502.0133333333333
stream,489,485.0,487.0133333333333,472.0133333333333,502.0133333333333
stream,490,486.0,487.0133333333333,472.0133333333333,502.0133333333333
stream,491,485.0,487.0133333333333,472.0133333333333,502.0133333333333
stream,492,486.0,487.0133333333333,472.0133333333333,502.0133333333333
stream,493,486.0,487.0133333333333,472.0133333333333,502.0133333333333
stream,494,486.0,487.0133333333333,472.0133333333333,502.0133333333333
stream,495,486.0,487.0133333333333,472.0133333333333,502.0133333333333
stream,496,486.0,487.0133333333333,472.0133333333333,502.0133333333333
stream,497,486.0,487.0133333333333,472.0133333333333,502.0133333333333
stream,498,486.0,487.0133333333333,472.0133333333333,502.0133333333333
stream,499,485.0,487.0133333333333,472.0133333333333,502.0133333333333
stream,500,486.0,487.0133333333333,472.0133333333333,502.0133333333333
stream,501,486.0,487.0133333333333,472.0133333333333,502.0133333333333
stream,502,486.0,487.0133333333333,472.0133333333333,502.0133333333333
stream,503,486.0,487.0133333333333,472.0133333333333,502.0133333333333
stream,504,486.0,487.0133333333333,472.0133333333333,502.0133333333333
stream,505,486.0,487.0133333333333,472.0133333333333,502.0133333333333
stream,506,486.0,487.0133333333333,472.0133333333333,502.0133333333333
stream,507,486.0,487.0133333333333,472.0133333333333,502.0133333333333
stream,508,487.0,487.0133333333333,472.0133333333333,502.0133333333333
stream,509,487.0,487.0133333333333,472.0133333333333,502.0133333333333
stream,510,486.0,487.0133333333333,472.0133333333333,502.0133333333333
stream,511,487.0,487.0133333333333,472.0133333333333,502.0133333333333
stream,512,486.0,487.0133333333333,472.0133333333333,502.0133333333333
stream,513,486.0,487.0133333333333,472.0133333333333,502.0133333333333
stream,514,486.0,487.0133333333333,472.0133333333333,502.0133333333333
stream,515,485.0,487.0133333333333,472.0133333333333,502.0133333333333
stream,516,486.0,487.0133333333333,472.0133333333333,502.0133333333333
stream,517,486.0,487.0133333333333,472.0133333333333,502.0133333333333
stream,518,485.0,487.0133333333333,472.0133333333333,502.0133333333333
stream,519,486.0,487.0133333333333,472.0133333333333,502.0133333333333
stream,520,485.0,487.0133333333333,472.0133333333333,502.0133333333333
stream,521,485.0,487.0133333333333,472.0133333333333,502.0133333333333
stream,522,486.0,487.0133333333333,472.0133333333333,502.0133333333333
stream,523,486.0,487.0133333333333,472.0133333333333,502.0133333333333
stream,524,486.0,487.0133333333333,472.0133333333333,502.0133333333333
stream,525,486.0,487.0133333333333,472.0133333333333,502.0133333333333
stream,526,486.0,487.0133333333333,472.0133333333333,502.0133333333333
stream,527,486.0,487.0133333333333,472.0133333333333,502.0133333333333
stream,528,487.0,487.0133333333333,472.0133333333333,502.0133333333333
stream,529,487.0,487.0133333333333,472.0133333333333,502.0133333333333
stream,530,487.0,487.0133333333333,472.0133333333333,502.0133333333333
stream,531,487.0,487.0133333333333,472.0133333333333,502.0133333333333
stream,532,487.0,487.0133333333333,472.0133333333333,502.0133333333333
stream,533,487.0,487.0133333333333,472.0133333333333,502.0133333333333
stream,534,488.0,487.0133333333333,472.0133333333333,502.0133333333333
stream,535,487.0,487.0133333333333,472.0133333333333,502.0133333333333
stream,536,487.0,487.0133333333333,472.0133333333333,502.0133333333333
stream,537,488.0,487.0133333333333,472.0133333333333,502.0133333333333
stream,538,487.0,487.0133333333333,472.0133333333333,502.0133333333333
stream,539,486.0,487.0133333333333,472.0133333333333,502.0133333333333
stream,540,487.0,487.0133333333333,472.0133333333333,502.0133333333333
stream,541,486.0,487.0133333333333,472.0133333333333,502.0133333333333
stream,542,487.0,487.0133333333333,472.0133333333333,502.0133333333333
stream,543,487.0,487.0133333333333,472.0133333333333,502.0133333333333
stream,544,487.0,487.0133333333333,472.0133333333333,502.0133333333333
stream,545,486.0,487.0133333333333,472.0133333333333,502.0133333333333
stream,546,488.0,487.0133333333333,472.0133333333333,502.0133333333333
stream,547,487.0,487.0133333333333,472.0133333333333,502.0133333333333
stream,548,488.0,487.0133333333333,472.0133333333333,502.0133333333333
stream,549,488.0,487.0133333333333,472.0133333333333,502.0133333333333
stream,550,487.0,487.0133333333333,472.0133333333333,502.0133333333333
stream,551,488.0,487.0133333333333,472.0133333333333,502.0133333333333
stream,552,488.0,487.0133333333333,472.0133333333333,502.0133333333333
stream,553,489.0,487.0133333333333,472.0133333333333,502.0133333333333
stream,554,488.0,487.0133333333333,472.0133333333333,502.0133333333333
stream,555,488.0,487.0133333333333,472.0133333333333,502.0133333333333
stream,556,489.0,487.0133333333333,472.0133333333333,502.0133333333333
stream,557,488.0,487.0133333333333,472.0133333333333,502.0133333333333
stream,558,489.0,487.0133333333333,472.0133333333333,502.0133333333333
stream,559,488.0,487.0133333333333,472.0133333333333,502.0133333333333
stream,560,488.0,487.0133333333333,472.0133333333333,502.0133333333333
stream,561,489.0,487.0133333333333,472.0133333333333,502.0133333333333
stream,562,488.0,487.0133333333333,472.0133333333333,502.0133333333333
stream,563,489.0,487.0133333333333,472.0133333333333,502.0133333333333
stream,564,489.0,487.0133333333333,472.0133333333333,502.0133333333333
stream,565,488.0,487.0133333333333,472.0133333333333,502.0133333333333
stream,566,489.0,487.0133333333333,472.0133333333333,502.0133333333333
stream,567,489.0,487.0133333333333,472.0133333333333,502.0133333333333
stream,568,489.0,487.0133333333333,472.0133333333333,502.0133333333333
stream,569,489.0,487.0133333333333,472.0133333333333,502.0133333333333
stream,570,489.0,487.0133333333333,472.0133333333333,502.0133333333333
stream,571,489.0,487.0133333333333,472.0133333333333,502.0133333333333
stream,572,489.0,487.0133333333333,472.0133333333333,502.0133333333333
stream,573,489.0,487.0133333333333,472.0133333333333,502.0133333333333
stream,574,490.0,487.0133333333333,472.0133333333333,502.0133333333333
stream,575,489.0,487.0133333333333,472.0133333333333,502.0133333333333
stream,576,490.0,487.0133333333333,472.0133333333333,502.0133333333333
stream,577,490.0,487.0133333333333,472.0133333333333,502.0133333333333
stream,578,490.0,487.0133333333333,472.0133333333333,502.0133333333333
stream,579,490.0,487.0133333333333,472.0133333333333,502.0133333333333
stream,580,489.0,487.0133333333333,472.0133333333333,502.0133333333333
stream,581,490.0,487.0133333333333,472.0133333333333,502.0133333333333
stream,582,490.0,487.0133333333333,472.0133333333333,502.0133333333333
stream,583,490.0,487.0133333333333,472.0133333333333,502.0133333333333
stream,584,489.0,487.0133333333333,472.0133333333333,502.0133333333333
stream,585,489.0,487.0133333333333,472.0133333333333,502.0133333333333
stream,586,490.0,487.0133333333333,472.0133333333333,502.0133333333333
stream,587,489.0,487.0133333333333,472.0133333333333,502.0133333333333
stream,588,490.0,487.0133333333333,472.0133333333333,502.0133333333333
stream,589,490.0,487.0133333333333,472.0133333333333,502.0133333333333
stream,590,490.0,487.0133333333333,472.0133333333333,502.0133333333333
stream,591,490.0,487.0133333333333,472.0133333333333,502.0133333333333
stream,592,490.0,487.0133333333333,472.0133333333333,502.0133333333333
stream,593,489.0,487.0133333333333,472.0133333333333,502.0133333333333
stream,594,489.0,487.0133333333333,472.0133333333333,502.0133333333333
stream,595,489.0,487.0133333333333,472.0133333333333,502.0133333333333
stream,596,489.0,487.0133333333333,472.0133333333333,502.0133333333333
stream,597,489.0,487.0133333333333,472.0133333333333,502.0133333333333
stream,598,489.0,487.0133333333333,472.0133333333333,502.0133333333333
stream,599,489.0,487.0133333333333,472.0133333333333,502.0133333333333
stream,600,489.0,487.0133333333333,472.0133333333333,502.0133333333333
stream,601,489.0,487.0133333333333,472.0133333333333,502.0133333333333
stream,602,489.0,487.0133333333333,472.0133333333333,502.0133333333333
stream,603,489.0,487.0133333333333,472.0133333333333,502.0133333333333
stream,604,489.0,487.0133333333333,472.0133333333333,502.0133333333333
stream,605,489.0,487.0133333333333,472.0133333333333,502.0133333333333
stream,606,488.0,487.0133333333333,472.0133333333333,502.0133333333333
stream,607,489.0,487.0133333333333,472.0133333333333,502.0133333333333
stream,608,489.0,487.0133333333333,472.0133333333333,502.0133333333333
stream,609,489.0,487.0133333333333,472.0133333333333,502.0133333333333
stream,610,489.0,487.0133333333333,472.0133333333333,502.0133333333333
stream,611,489.0,487.0133333333333,472.0133333333333,502.0133333333333
stream,612,489.0,487.0133333333333,472.0133333333333,502.0133333333333
stream,613,488.0,487.0133333333333,472.0133333333333,502.0133333333333
stream,614,489.0,487.0133333333333,472.0133333333333,502.0133333333333
stream,615,489.0,487.0133333333333,472.0133333333333,502.0133333333333
stream,616,488.0,487.0133333333333,472.0133333333333,502.0133333333333
stream,617,489.0,487.0133333333333,472.0133333333333,502.0133333333333
stream,618,489.0,487.0133333333333,472.0133333333333,502.0133333333333
stream,619,489.0,487.0133333333333,472.0133333333333,502.0133333333333
stream,620,489.0,487.0133333333333,472.0133333333333,502.0133333333333
stream,621,489.0,487.0133333333333,472.0133333333333,502.0133333333333
stream,622,489.0,487.0133333333333,472.0133333333333,502.0133333333333
stream,623,489.0,487.0133333333333,472.0133333333333,502.0133333333333
stream,624,489.0,487.0133333333333,472.0133333333333,502.0133333333333
stream,625,490.0,487.0133333333333,472.0133333333333,502.0133333333333
stream,626,489.0,487.0133333333333,472.0133333333333,502.0133333333333
stream,627,489.0,487.0133333333333,472.0133333333333,502.0133333333333
stream,628,489.0,487.0133333333333,472.0133333333333,502.0133333333333
stream,629,489.0,487.0133333333333,472.0133333333333,502.0133333333333
stream,630,490.0,487.0133333333333,472.0133333333333,502.0133333333333
stream,631,489.0,487.0133333333333,472.0133333333333,502.0133333333333
stream,632,490.0,487.0133333333333,472.0133333333333,502.0133333333333
stream,633,489.0,487.0133333333333,472.0133333333333,502.0133333333333
stream,634,490.0,487.0133333333333,472.0133333333333,502.0133333333333
stream,635,489.0,487.0133333333333,472.0133333333333,502.0133333333333
stream,636,489.0,487.0133333333333,472.0133333333333,502.0133333333333
stream,637,490.0,487.0133333333333,472.0133333333333,502.0133333333333
stream,638,489.0,487.0133333333333,472.0133333333333,502.0133333333333
stream,639,488.0,487.0133333333333,472.0133333333333,502.0133333333333
stream,640,489.0,487.0133333333333,472.0133333333333,502.0133333333333
stream,641,489.0,487.0133333333333,472.0133333333333,502.0133333333333
stream,642,489.0,487.0133333333333,472.0133333333333,502.0133333333333
stream,643,488.0,487.0133333333333,472.0133333333333,502.0133333333333
stream,644,489.0,487.0133333333333,472.0133333333333,502.0133333333333
stream,645,488.0,487.0133333333333,472.0133333333333,502.0133333333333
stream,646,489.0,487.0133333333333,472.0133333333333,502.0133333333333
stream,647,489.0,487.0133333333333,472.0133333333333,502.0133333333333
stream,648,489.0,487.0133333333333,472.0133333333333,502.0133333333333
stream,649,489.0,487.0133333333333,472.0133333333333,502.0133333333333
stream,650,490.0,487.0133333333333,472.0133333333333,502.0133333333333
stream,651,488.0,487.0133333333333,472.0133333333333,502.0133333333333
stream,652,489.0,487.0133333333333,472.0133333333333,502.0133333333333
stream,653,490.0,487.0133333333333,472.0133333333333,502.0133333333333
stream,654,489.0,487.0133333333333,472.0133333333333,502.0133333333333
stream,655,489.0,487.0133333333333,472.0133333333333,502.0133333333333
stream,656,489.0,487.0133333333333,472.0133333333333,502.0133333333333
stream,657,489.0,487.0133333333333,472.0133333333333,502.0133333333333
stream,658,489.0,487.0133333333333,472.0133333333333,502.0133333333333
stream,659,489.0,487.0133333333333,472.0133333333333,502.0133333333333
stream,660,489.0,487.0133333333333,472.0133333333333,502.0133333333333
stream,661,489.0,487.0133333333333,472.0133333333333,502.0133333333333
stream,662,489.0,487.0133333333333,472.0133333333333,502.0133333333333
stream,663,489.0,487.0133333333333,472.0133333333333,502.0133333333333
stream,664,490.0,487.0133333333333,472.0133333333333,502.0133333333333
stream,665,489.0,487.0133333333333,472.0133333333333,502.0133333333333
stream,666,488.0,487.0133333333333,472.0133333333333,502.0133333333333
stream,667,489.0,487.0133333333333,472.0133333333333,502.0133333333333
stream,668,489.0,487.0133333333333,472.0133333333333,502.0133333333333
stream,669,490.0,487.0133333333333,472.0133333333333,502.0133333333333
stream,670,489.0,487.0133333333333,472.0133333333333,502.0133333333333
stream,671,488.0,487.0133333333333,472.0133333333333,502.0133333333333
stream,672,489.0,487.0133333333333,472.0133333333333,502.0133333333333
stream,673,489.0,487.0133333333333,472.0133333333333,502.0133333333333
stream,674,488.0,487.0133333333333,472.0133333333333,502.0133333333333
stream,675,489.0,487.0133333333333,472.0133333333333,502.0133333333333
stream,676,488.0,487.0133333333333,472.0133333333333,502.0133333333333
stream,677,489.0,487.0133333333333,472.0133333333333,502.0133333333333
stream,678,489.0,487.0133333333333,472.0133333333333,502.0133333333333
stream,679,489.0,487.0133333333333,472.0133333333333,502.0133333333333
stream,680,489.0,487.0133333333333,472.0133333333333,502.0133333333333
stream,681,489.0,487.0133333333333,472.0133333333333,502.0133333333333
stream,682,488.0,487.0133333333333,472.0133333333333,502.0133333333333
stream,683,488.0,487.0133333333333,472.0133333333333,502.0133333333333
stream,684,488.0,487.0133333333333,472.0133333333333,502.0133333333333
stream,685,488.0,487.0133333333333,472.0133333333333,502.0133333333333
stream,686,488.0,487.0133333333333,472.0133333333333,502.0133333333333
stream,687,488.0,487.0133333333333,472.0133333333333,502.0133333333333
stream,688,488.0,487.0133333333333,472.0133333333333,502.0133333333333
stream,689,487.0,487.0133333333333,472.0133333333333,502.0133333333333
stream,690,488.0,487.0133333333333,472.0133333333333,502.0133333333333
stream,691,488.0,487.0133333333333,472.0133333333333,502.0133333333333
stream,692,489.0,487.0133333333333,472.0133333333333,502.0133333333333
stream,693,488.0,487.0133333333333,472.0133333333333,502.0133333333333
stream,694,489.0,487.0133333333333,472.0133333333333,502.0133333333333
stream,695,488.0,487.0133333333333,472.0133333333333,502.0133333333333
stream,696,489.0,487.0133333333333,472.0133333333333,502.0133333333333
stream,697,489.0,487.0133333333333,472.0133333333333,502.0133333333333
stream,698,489.0,487.0133333333333,472.0133333333333,502.0133333333333
stream,699,489.0,487.0133333333333,472.0133333333333,502.0133333333333
stream,700,490.0,487.0133333333333,472.0133333333333,502.0133333333333
stream,701,489.0,487.0133333333333,472.0133333333333,502.0133333333333
stream,702,490.0,487.0133333333333,472.0133333333333,502.0133333333333
stream,703,490.0,487.0133333333333,472.0133333333333,502.0133333333333
stream,704,489.0,487.0133333333333,472.0133333333333,502.0133333333333
stream,705,489.0,487.0133333333333,472.0133333333333,502.0133333333333
stream,706,490.0,487.0133333333333,472.0133333333333,502.0133333333333
stream,707,489.0,487.0133333333333,472.0133333333333,502.0133333333333
stream,708,489.0,487.0133333333333,472.0133333333333,502.0133333333333
stream,709,488.0,487.0133333333333,472.0133333333333,502.0133333333333
stream,710,489.0,487.0133333333333,472.0133333333333,502.0133333333333
stream,711,489.0,487.0133333333333,472.0133333333333,502.0133333333333
stream,712,489.0,487.0133333333333,472.0133333333333,502.0133333333333
stream,713,489.0,487.0133333333333,472.0133333333333,502.0133333333333
stream,714,489.0,487.0133333333333,472.0133333333333,502.0133333333333
stream,715,488.0,487.0133333333333,472.0133333333333,502.0133333333333
stream,716,489.0,487.0133333333333,472.0133333333333,502.0133333333333
stream,717,488.0,487.0133333333333,472.0133333333333,502.0133333333333
stream,718,489.0,487.0133333333333,472.0133333333333,502.0133333333333
stream,719,488.0,487.0133333333333,472.0133333333333,502.0133333333333
stream,720,489.0,487.0133333333333,472.0133333333333,502.0133333333333
stream,721,488.0,487.0133333333333,472.0133333333333,502.0133333333333
stream,722,488.0,487.0133333333333,472.0133333333333,502.0133333333333
stream,723,489.0,487.0133333333333,472.0133333333333,502.0133333333333
stream,724,489.0,487.0133333333333,472.0133333333333,502.0133333333333
stream,725,488.0,487.0133333333333,472.0133333333333,502.0133333333333
stream,726,489.0,487.0133333333333,472.0133333333333,502.0133333333333
stream,727,488.0,487.0133333333333,472.0133333333333,502.0133333333333
stream,728,488.0,487.0133333333333,472.0133333333333,502.0133333333333
stream,729,489.0,487.0133333333333,472.0133333333333,502.0133333333333
stream,730,488.0,487.0133333333333,472.0133333333333,502.0133333333333
stream,731,489.0,487.0133333333333,472.0133333333333,502.0133333333333
stream,732,488.0,487.0133333333333,472.0133333333333,502.0133333333333
stream,733,489.0,487.0133333333333,472.0133333333333,502.0133333333333
stream,734,489.0,487.0133333333333,472.0133333333333,502.0133333333333
stream,735,488.0,487.0133333333333,472.0133333333333,502.0133333333333
stream,736,489.0,487.0133333333333,472.0133333333333,502.0133333333333
stream,737,488.0,487.0133333333333,472.0133333333333,502.0133333333333
stream,738,489.0,487.0133333333333,472.0133333333333,502.0133333333333
stream,739,489.0,487.0133333333333,472.0133333333333,502.0133333333333
stream,740,489.0,487.0133333333333,472.0133333333333,502.0133333333333
stream,741,489.0,487.0133333333333,472.0133333333333,502.0133333333333
stream,742,489.0,487.0133333333333,472.0133333333333,502.0133333333333
stream,743,489.0,487.0133333333333,472.0133333333333,502.0133333333333
stream,744,489.0,487.0133333333333,472.0133333333333,502.0133333333333
stream,745,488.0,487.0133333333333,472.0133333333333,502.0133333333333
stream,746,488.0,487.0133333333333,472.0133333333333,502.0133333333333
stream,747,488.0,487.0133333333333,472.0133333333333,502.0133333333333
stream,748,488.0,487.0133333333333,472.0133333333333,502.0133333333333
stream,749,487.0,487.0133333333333,472.0133333333333,502.0133333333333
stream,750,488.0,487.0133333333333,472.0133333333333,502.0133333333333
stream,751,488.0,487.0133333333333,472.0133333333333,502.0133333333333
stream,752,487.0,487.0133333333333,472.0133333333333,502.0133333333333
stream,753,489.0,487.0133333333333,472.0133333333333,502.0133333333333
stream,754,488.0,487.0133333333333,472.0133333333333,502.0133333333333
stream,755,488.0,487.0133333333333,472.0133333333333,502.0133333333333
stream,756,487.0,487.0133333333333,472.0133333333333,502.0133333333333
stream,757,488.0,487.0133333333333,472.0133333333333,502.0133333333333
stream,758,487.0,487.0133333333333,472.0133333333333,502.0133333333333
stream,759,487.0,487.0133333333333,472.0133333333333,502.0133333333333
stream,760,487.0,487.0133333333333,472.0133333333333,502.0133333333333
stream,761,488.0,487.0133333333333,472.0133333333333,502.0133333333333
stream,762,488.0,487.0133333333333,472.0133333333333,502.0133333333333
stream,763,487.0,487.0133333333333,472.0133333333333,502.0133333333333
stream,764,488.0,487.0133333333333,472.0133333333333,502.0133333333333
stream,765,487.0,487.0133333333333,472.0133333333333,502.0133333333333
stream,766,488.0,487.0133333333333,472.0133333333333,502.0133333333333
stream,767,487.0,487.0133333333333,472.0133333333333,502.0133333333333
stream,768,488.0,487.0133333333333,472.0133333333333,502.0133333333333
stream,769,488.0,487.0133333333333,472.0133333333333,502.0133333333333
stream,770,488.0,487.0133333333333,472.0133333333333,502.0133333333333
stream,771,488.0,487.0133333333333,472.0133333333333,502.0133333333333
stream,772,488.0,487.0133333333333,472.0133333333333,502.0133333333333
stream,773,488.0,487.0133333333333,472.0133333333333,502.0133333333333
stream,774,488.0,487.0133333333333,472.0133333333333,502.0133333333333
stream,775,488.0,487.0133333333333,472.0133333333333,502.0133333333333
stream,776,488.0,487.0133333333333,472.0133333333333,502.0133333333333
stream,777,488.0,487.0133333333333,472.0133333333333,502.0133333333333
stream,778,488.0,487.0133333333333,472.0133333333333,502.0133333333333
stream,779,488.0,487.0133333333333,472.0133333333333,502.0133333333333
stream,780,488.0,487.0133333333333,472.0133333333333,502.0133333333333
stream,781,488.0,487.0133333333333,472.0133333333333,502.0133333333333
stream,782,488.0,487.0133333333333,472.0133333333333,502.0133333333333
stream,783,488.0,487.0133333333333,472.0133333333333,502.0133333333333
stream,784,489.0,487.0133333333333,472.0133333333333,502.0133333333333
stream,785,488.0,487.0133333333333,472.0133333333333,502.0133333333333
stream,786,489.0,487.0133333333333,472.0133333333333,502.0133333333333
stream,787,488.0,487.0133333333333,472.0133333333333,502.0133333333333
stream,788,489.0,487.0133333333333,472.0133333333333,502.0133333333333
stream,789,489.0,487.0133333333333,472.0133333333333,502.0133333333333
stream,790,488.0,487.0133333333333,472.0133333333333,502.0133333333333
stream,791,489.0,487.0133333333333,472.0133333333333,502.0133333333333
stream,792,489.0,487.0133333333333,472.0133333333333,502.0133333333333
stream,793,489.0,487.0133333333333,472.0133333333333,502.0133333333333
stream,794,490.0,487.0133333333333,472.0133333333333,502.0133333333333
stream,795,489.0,487.0133333333333,472.0133333333333,502.0133333333333
stream,796,490.0,487.0133333333333,472.0133333333333,502.0133333333333
stream,797,489.0,487.0133333333333,472.0133333333333,502.0133333333333
stream,798,489.0,487.0133333333333,472.0133333333333,502.0133333333333
stream,799,489.0,487.0133333333333,472.0133333333333,502.0133333333333
stream,800,489.0,487.0133333333333,472.0133333333333,502.0133333333333
stream,801,489.0,487.0133333333333,472.0133333333333,502.0133333333333
stream,802,489.0,487.0133333333333,472.0133333333333,502.0133333333333
stream,803,489.0,487.0133333333333,472.0133333333333,502.0133333333333
stream,804,490.0,487.0133333333333,472.0133333333333,502.0133333333333
stream,805,489.0,487.0133333333333,472.0133333333333,502.0133333333333
stream,806,490.0,487.0133333333333,472.0133333333333,502.0133333333333
stream,807,490.0,487.0133333333333,472.0133333333333,502.0133333333333
stream,808,490.0,487.0133333333333,472.0133333333333,502.0133333333333
stream,809,489.0,487.0133333333333,472.0133333333333,502.0133333333333
stream,810,490.0,487.0133333333333,472.0133333333333,502.0133333333333
stream,811,490.0,487.0133333333333,472.0133333333333,502.0133333333333
stream,812,491.0,487.0133333333333,472.0133333333333,502.0133333333333
stream,813,489.0,487.0133333333333,472.0133333333333,502.0133333333333
stream,814,490.0,487.0133333333333,472.0133333333333,502.0133333333333
stream,815,490.0,487.0133333333333,472.0133333333333,502.0133333333333
stream,816,489.0,487.0133333333333,472.0133333333333,502.0133333333333
stream,817,490.0,487.0133333333333,472.0133333333333,502.0133333333333
stream,818,490.0,487.0133333333333,472.0133333333333,502.0133333333333
stream,819,490.0,487.0133333333333,472.0133333333333,502.0133333333333
stream,820,489.0,487.0133333333333,472.0133333333333,502.0133333333333
stream,821,490.0,487.0133333333333,472.0133333333333,502.0133333333333
stream,822,489.0,487.0133333333333,472.0133333333333,502.0133333333333
stream,823,490.0,487.0133333333333,472.0133333333333,502.0133333333333
stream,824,490.0,487.0133333333333,472.0133333333333,502.0133333333333
stream,825,490.0,487.0133333333333,472.0133333333333,502.0133333333333
stream,826,490.0,487.0133333333333,472.0133333333333,502.0133333333333
stream,827,489.0,487.0133333333333,472.0133333333333,502.0133333333333
stream,828,490.0,487.0133333333333,472.0133333333333,502.0133333333333
stream,829,489.0,487.0133333333333,472.0133333333333,502.0133333333333
stream,830,489.0,487.0133333333333,472.0133333333333,502.0133333333333
stream,831,489.0,487.0133333333333,472.0133333333333,502.0133333333333
stream,832,489.0,487.0133333333333,472.0133333333333,502.0133333333333
stream,833,489.0,487.0133333333333,472.0133333333333,502.0133333333333
stream,834,489.0,487.0133333333333,472.0133333333333,502.0133333333333
stream,835,489.0,487.0133333333333,472.0133333333333,502.0133333333333
stream,836,489.0,487.0133333333333,472.0133333333333,502.0133333333333
stream,837,489.0,487.0133333333333,472.0133333333333,502.0133333333333
stream,838,488.0,487.0133333333333,472.0133333333333,502.0133333333333
stream,839,489.0,487.0133333333333,472.0133333333333,502.0133333333333
stream,840,489.0,487.0133333333333,472.0133333333333,502.0133333333333
stream,841,489.0,487.0133333333333,472.0133333333333,502.0133333333333
stream,842,489.0,487.0133333333333,472.0133333333333,502.0133333333333
stream,843,490.0,487.0133333333333,472.0133333333333,502.0133333333333
stream,844,490.0,487.0133333333333,472.0133333333333,502.0133333333333
stream,845,490.0,487.0133333333333,472.0133333333333,502.0133333333333
stream,846,489.0,487.0133333333333,472.0133333333333,502.0133333333333
stream,847,490.0,487.0133333333333,472.0133333333333,502.0133333333333
stream,848,490.0,487.0133333333333,472.0133333333333,502.0133333333333
stream,849,490.0,487.0133333333333,472.0133333333333,502.0133333333333
stream,850,490.0,487.0133333333333,472.0133333333333,502.0133333333333
stream,851,490.0,487.0133333333333,472.0133333333333,502.0133333333333
stream,852,490.0,487.0133333333333,472.0133333333333,502.0133333333333
stream,853,489.0,487.0133333333333,472.0133333333333,502.0133333333333
stream,854,490.0,487.0133333333333,472.0133333333333,502.0133333333333
stream,855,490.0,487.0133333333333,472.0133333333333,502.0133333333333
stream,856,489.0,487.0133333333333,472.0133333333333,502.0133333333333
stream,857,490.0,487.0133333333333,472.0133333333333,502.0133333333333
stream,858,490.0,487.0133333333333,472.0133333333333,502.0133333333333
stream,859,490.0,487.0133333333333,472.0133333333333,502.0133333333333
stream,860,490.0,487.0133333333333,472.0133333333333,502.0133333333333
stream,861,489.0,487.0133333333333,472.0133333333333,502.0133333333333
stream,862,488.0,487.0133333333333,472.0133333333333,502.0133333333333
stream,863,490.0,487.0133333333333,472.0133333333333,502.0133333333333
stream,864,489.0,487.0133333333333,472.0133333333333,502.0133333333333
stream,865,489.0,487.0133333333333,472.0133333333333,502.0133333333333
stream,866,489.0,487.0133333333333,472.0133333333333,502.0133333333333
stream,867,489.0,487.0133333333333,472.0133333333333,502.0133333333333
stream,868,489.0,487.0133333333333,472.0133333333333,502.0133333333333
stream,869,489.0,487.0133333333333,472.0133333333333,502.0133333333333
stream,870,489.0,487.0133333333333,472.0133333333333,502.0133333333333
stream,871,489.0,487.0133333333333,472.0133333333333,502.0133333333333
stream,872,489.0,487.0133333333333,472.0133333333333,502.0133333333333
stream,873,489.0,487.0133333333333,472.0133333333333,502.0133333333333
stream,874,490.0,487.0133333333333,472.0133333333333,502.0133333333333
stream,875,490.0,487.0133333333333,472.0133333333333,502.0133333333333
stream,876,489.0,487.0133333333333,472.0133333333333,502.0133333333333
stream,877,489.0,487.0133333333333,472.0133333333333,502.0133333333333
stream,878,489.0,487.0133333333333,472.0133333333333,502.0133333333333
stream,879,490.0,487.0133333333333,472.0133333333333,502.0133333333333
stream,880,490.0,487.0133333333333,472.0133333333333,502.0133333333333
stream,881,490.0,487.0133333333333,472.0133333333333,502.0133333333333
stream,882,490.0,487.0133333333333,472.0133333333333,502.0133333333333
stream,883,490.0,487.0133333333333,472.0133333333333,502.0133333333333
stream,884,490.0,487.0133333333333,472.0133333333333,502.0133333333333
stream,885,491.0,487.0133333333333,472.0133333333333,502.0133333333333
stream,886,490.0,487.0133333333333,472.0133333333333,502.0133333333333
stream,887,491.0,487.0133333333333,472.0133333333333,502.0133333333333
stream,888,491.0,487.0133333333333,472.0133333333333,502.0133333333333
stream,889,491.0,487.0133333333333,472.0133333333333,502.0133333333333
stream,890,492.0,487.0133333333333,472.0133333333333,502.0133333333333
stream,891,491.0,487.0133333333333,472.0133333333333,502.0133333333333
stream,892,491.0,487.0133333333333,472.0133333333333,502.0133333333333
stream,893,492.0,487.0133333333333,472.0133333333333,502.0133333333333
stream,894,491.0,487.0133333333333,472.0133333333333,502.0133333333333
stream,895,491.0,487.0133333333333,472.0133333333333,502.0133333333333
stream,896,491.0,487.0133333333333,472.0133333333333,502.0133333333333
stream,897,492.0,487.0133333333333,472.0133333333333,502.0133333333333
stream,898,491.0,487.0133333333333,472.0133333333333,502.0133333333333
stream,899,491.0,487.0133333333333,472.0133333333333,502.0133333333333
stream,900,494.0,487.0133333333333,472.0133333333333,502.0133333333333
stream,901,501.0,487.0133333333333,472.0133333333333,502.0133333333333
stream,902,501.0,487.0133333333333,472.0133333333333,502.0133333333333
stream,903,500.0,487.0133333333333,472.0133333333333,502.0133333333333
stream,904,500.0,487.0133333333333,472.0133333333333,502.0133333333333
stream,905,497.0,487.0133333333333,472.0133333333333,502.0133333333333
stream,906,498.0,487.0133333333333,472.0133333333333,502.0133333333333
stream,907,500.0,487.0133333333333,472.0133333333333,502.0133333333333
stream,908,495.0,487.0133333333333,472.0133333333333,502.0133333333333
stream,909,493.0,487.0133333333333,472.0133333333333,502.0133333333333
stream,910,497.0,487.0133333333333,472.0133333333333,502.0133333333333
stream,911,495.0,487.0133333333333,472.0133333333333,502.0133333333333
stream,912,494.0,487.0133333333333,472.0133333333333,502.0133333333333
stream,913,494.0,487.0133333333333,472.0133333333333,502.0133333333333
stream,914,491.0,487.0133333333333,472.0133333333333,502.0133333333333
stream,915,494.0,487.0133333333333,472.0133333333333,502.0133333333333
stream,916,385.0,487.0133333333333,472.0133333333333,502.0133333333333
stream,917,483.0,487.0133333333333,472.0133333333333,502.0133333333333
stream,918,488.0,487.0133333333333,472.0133333333333,502.0133333333333
stream,919,489.0,487.0133333333333,472.0133333333333,502.0133333333333
stream,920,490.0,487.0133333333333,472.0133333333333,502.0133333333333
stream,921,491.0,487.0133333333333,472.0133333333333,502.0133333333333
stream,922,490.0,487.0133333333333,472.0133333333333,502.0133333333333
stream,923,491.0,487.0133333333333,472.0133333333333,502.0133333333333
stream,924,491.0,487.0133333333333,472.0133333333333,502.0133333333333
stream,925,492.0,487.0133333333333,472.0133333333333,502.0133333333333
stream,926,491.0,487.0133333333333,472.0133333333333,502.0133333333333
stream,927,491.0,487.0133333333333,472.0133333333333,502.0133333333333
stream,928,488.0,487.0133333333333,472.0133333333333,502.0133333333333
stream,929,493.0,487.0133333333333,472.0133333333333,502.0133333333333
stream,930,492.0,487.0133333333333,472.0133333333333,502.0133333333333
stream,931,492.0,487.0133333333333,472.0133333333333,502.0133333333333
stream,932,492.0,487.0133333333333,472.0133333333333,502.0133333333333
stream,933,492.0,487.0133333333333,472.0133333333333,502.0133333333333
stream,934,478.0,487.0133333333333,472.0133333333333,502.0133333333333
stream,935,459.0,487.0133333333333,472.0133333333333,502.0133333333333
stream,936,451.0,487.0133333333333,472.0133333333333,502.0133333333333
stream,937,459.0,487.0133333333333,472.0133333333333,502.0133333333333
stream,938,466.0,487.0133333333333,472.0133333333333,502.0133333333333
stream,939,465.0,487.0133333333333,472.0133333333333,502.0133333333333
stream,940,462.0,487.0133333333333,472.0133333333333,502.0133333333333
stream,941,460.0,487.0133333333333,472.0133333333333,502.0133333333333
stream,942,460.0,487.0133333333333,472.0133333333333,502.0133333333333
stream,943,462.0,487.0133333333333,472.0133333333333,502.0133333333333
stream,944,462.0,487.0133333333333,472.0133333333333,502.0133333333333
stream,945,462.0,487.0133333333333,472.0133333333333,502.0133333333333
stream,946,461.0,487.0133333333333,472.0133333333333,502.0133333333333
stream,947,461.0,487.0133333333333,472.0133333333333,502.0133333333333
stream,948,461.0,487.0133333333333,472.0133333333333,502.0133333333333
stream,949,461.0,487.0133333333333,472.0133333333333,502.0133333333333
stream,950,461.0,487.0133333333333,472.0133333333333,502.0133333333333
stream,951,462.0,487.0133333333333,472.0133333333333,502.0133333333333
stream,952,461.0,487.0133333333333,472.0133333333333,502.0133333333333
stream,953,461.0,487.0133333333333,472.0133333333333,502.0133333333333
stream,954,462.0,487.0133333333333,472.0133333333333,502.0133333333333
stream,955,461.0,487.0133333333333,472.0133333333333,502.0133333333333
stream,956,462.0,487.0133333333333,472.0133333333333,502.0133333333333
stream,957,462.0,487.0133333333333,472.0133333333333,502.0133333333333
stream,958,461.0,487.0133333333333,472.0133333333333,502.0133333333333
stream,959,462.0,487.0133333333333,472.0133333333333,502.0133333333333
stream,960,461.0,487.0133333333333,472.0133333333333,502.0133333333333
stream,961,462.0,487.0133333333333,472.0133333333333,502.0133333333333
stream,962,462.0,487.0133333333333,472.0133333333333,502.0133333333333
stream,963,461.0,487.0133333333333,472.0133333333333,502.0133333333333
stream,964,461.0,487.0133333333333,472.0133333333333,502.0133333333333
stream,965,461.0,487.0133333333333,472.0133333333333,502.0133333333333
stream,966,461.0,487.0133333333333,472.0133333333333,502.0133333333333
stream,967,461.0,487.0133333333333,472.0133333333333,502.0133333333333
stream,968,461.0,487.0133333333333,472.0133333333333,502.0133333333333
stream,969,461.0,487.0133333333333,472.0133333333333,502.0133333333333
stream,970,461.0,487.0133333333333,472.0133333333333,502.0133333333333
stream,971,461.0,487.0133333333333,472.0133333333333,502.0133333333333
stream,972,462.0,487.0133333333333,472.0133333333333,502.0133333333333
stream,973,462.0,487.0133333333333,472.0133333333333,502.0133333333333
stream,974,461.0,487.0133333333333,472.0133333333333,502.0133333333333
stream,975,462.0,487.0133333333333,472.0133333333333,502.0133333333333
stream,976,461.0,487.0133333333333,472.0133333333333,502.0133333333333
stream,977,461.0,487.0133333333333,472.0133333333333,502.0133333333333
stream,978,461.0,487.0133333333333,472.0133333333333,502.0133333333333
stream,979,461.0,487.0133333333333,472.0133333333333,502.0133333333333
stream,980,461.0,487.0133333333333,472.0133333333333,502.0133333333333
stream,981,461.0,487.0133333333333,472.0133333333333,502.0133333333333
stream,982,462.0,487.0133333333333,472.0133333333333,502.0133333333333
stream,983,461.0,487.0133333333333,472.0133333333333,502.0133333333333
stream,984,462.0,487.0133333333333,472.0133333333333,502.0133333333333
stream,985,462.0,487.0133333333333,472.0133333333333,502.0133333333333
stream,986,461.0,487.0133333333333,472.0133333333333,502.0133333333333
stream,987,462.0,487.0133333333333,472.0133333333333,502.0133333333333
stream,988,462.0,487.0133333333333,472.0133333333333,502.0133333333333
stream,989,461.0,487.0133333333333,472.0133333333333,502.0133333333333
stream,990,461.0,487.0133333333333,472.0133333333333,502.0133333333333
stream,991,462.0,487.0133333333333,472.0133333333333,502.0133333333333
stream,992,461.0,487.0133333333333,472.0133333333333,502.0133333333333
stream,993,462.0,487.0133333333333,472.0133333333333,502.0133333333333
stream,994,461.0,487.0133333333333,472.0133333333333,502.0133333333333
stream,995,461.0,487.0133333333333,472.0133333333333,502.0133333333333
stream,996,461.0,487.0133333333333,472.0133333333333,502.0133333333333
stream,997,461.0,487.0133333333333,472.0133333333333,502.0133333333333
stream,998,461.0,487.0133333333333,472.0133333333333,502.0133333333333
stream,999,460.0,487.0133333333333,472.0133333333333,502.0133333333333
stream,1000,460.0,487.0133333333333,472.0133333333333,502.0133333333333
stream,1001,460.0,487.0133333333333,472.0133333333333,502.0133333333333
stream,1002,461.0,487.0133333333333,472.0133333333333,502.0133333333333
stream,1003,460.0,487.0133333333333,472.0133333333333,502.0133333333333
stream,1004,460.0,487.0133333333333,472.0133333333333,502.0133333333333
stream,1005,461.0,487.0133333333333,472.0133333333333,502.0133333333333
stream,1006,460.0,487.0133333333333,472.0133333333333,502.0133333333333
stream,1007,460.0,487.0133333333333,472.0133333333333,502.0133333333333
stream,1008,460.0,487.0133333333333,472.0133333333333,502.0133333333333
stream,1009,460.0,487.0133333333333,472.0133333333333,502.0133333333333
stream,1010,459.0,487.0133333333333,472.0133333333333,502.0133333333333
stream,1011,460.0,487.0133333333333,472.0133333333333,502.0133333333333
stream,1012,460.0,487.0133333333333,472.0133333333333,502.0133333333333
stream,1013,460.0,487.0133333333333,472.0133333333333,502.0133333333333
stream,1014,460.0,487.0133333333333,472.0133333333333,502.0133333333333
stream,1015,460.0,487.0133333333333,472.0133333333333,502.0133333333333
stream,1016,460.0,487.0133333333333,472.0133333333333,502.0133333333333
stream,1017,460.0,487.0133333333333,472.0133333333333,502.0133333333333
stream,1018,460.0,487.0133333333333,472.0133333333333,502.0133333333333
stream,1019,459.0,487.0133333333333,472.0133333333333,502.0133333333333
stream,1020,460.0,487.0133333333333,472.0133333333333,502.0133333333333
stream,1021,459.0,487.0133333333333,472.0133333333333,502.0133333333333
stream,1022,459.0,487.0133333333333,472.0133333333333,502.0133333333333
stream,1023,460.0,487.0133333333333,472.0133333333333,502.0133333333333
stream,1024,459.0,487.0133333333333,472.0133333333333,502.0133333333333
stream,1025,460.0,487.0133333333333,472.0133333333333,502.0133333333333
stream,1026,460.0,487.0133333333333,472.0133333333333,502.0133333333333
stream,1027,459.0,487.0133333333333,472.0133333333333,502.0133333333333
stream,1028,459.0,487.0133333333333,472.0133333333333,502.0133333333333
stream,1029,460.0,487.0133333333333,472.0133333333333,502.0133333333333
stream,1030,459.0,487.0133333333333,472.0133333333333,502.0133333333333
stream,1031,459.0,487.0133333333333,472.0133333333333,502.0133333333333
stream,1032,459.0,487.0133333333333,472.0133333333333,502.0133333333333
stream,1033,460.0,487.0133333333333,472.0133333333333,502.0133333333333
stream,1034,460.0,487.0133333333333,472.0133333333333,502.0133333333333
stream,1035,459.0,487.0133333333333,472.0133333333333,502.0133333333333
stream,1036,460.0,487.0133333333333,472.0133333333333,502.0133333333333
stream,1037,459.0,487.0133333333333,472.0133333333333,502.0133333333333
stream,1038,460.0,487.0133333333333,472.0133333333333,502.0133333333333
stream,1039,459.0,487.0133333333333,472.0133333333333,502.0133333333333
stream,1040,459.0,487.0133333333333,472.0133333333333,502.0133333333333
stream,1041,459.0,487.0133333333333,472.0133333333333,502.0133333333333
stream,1042,459.0,487.0133333333333,472.0133333333333,502.0133333333333
stream,1043,458.0,487.0133333333333,472.0133333333333,502.0133333333333
stream,1044,459.0,487.0133333333333,472.0133333333333,502.0133333333333
stream,1045,459.0,487.0133333333333,472.0133333333333,502.0133333333333
stream,1046,460.0,487.0133333333333,472.0133333333333,502.0133333333333
stream,1047,459.0,487.0133333333333,472.0133333333333,502.0133333333333
stream,1048,458.0,487.0133333333333,472.0133333333333,502.0133333333333
stream,1049,459.0,487.0133333333333,472.0133333333333,502.0133333333333
stream,1050,459.0,487.0133333333333,472.0133333333333,502.0133333333333
stream,1051,459.0,487.0133333333333,472.0133333333333,502.0133333333333
stream,1052,459.0,487.0133333333333,472.0133333333333,502.0133333333333
stream,1053,459.0,487.0133333333333,472.0133333333333,502.0133333333333
stream,1054,459.0,487.0133333333333,472.0133333333333,502.0133333333333
stream,1055,459.0,487.0133333333333,472.0133333333333,502.0133333333333
stream,1056,459.0,487.0133333333333,472.0133333333333,502.0133333333333
stream,1057,459.0,487.0133333333333,472.0133333333333,502.0133333333333
stream,1058,458.0,487.0133333333333,472.0133333333333,502.0133333333333
stream,1059,459.0,487.0133333333333,472.0133333333333,502.0133333333333
stream,1060,458.0,487.0133333333333,472.0133333333333,502.0133333333333
stream,1061,459.0,487.0133333333333,472.0133333333333,502.0133333333333
stream,1062,459.0,487.0133333333333,472.0133333333333,502.0133333333333
stream,1063,458.0,487.0133333333333,472.0133333333333,502.0133333333333
stream,1064,459.0,487.0133333333333,472.0133333333333,502.0133333333333
stream,1065,459.0,487.0133333333333,472.0133333333333,502.0133333333333
stream,1066,459.0,487.0133333333333,472.0133333333333,502.0133333333333
stream,1067,459.0,487.0133333333333,472.0133333333333,502.0133333333333
stream,1068,459.0,487.0133333333333,472.0133333333333,502.0133333333333
stream,1069,458.0,487.0133333333333,472.0133333333333,502.0133333333333
stream,1070,458.0,487.0133333333333,472.0133333333333,502.0133333333333
stream,1071,458.0,487.0133333333333,472.0133333333333,502.0133333333333
stream,1072,459.0,487.0133333333333,472.0133333333333,502.0133333333333
stream,1073,458.0,487.0133333333333,472.0133333333333,502.0133333333333
stream,1074,459.0,487.0133333333333,472.0133333333333,502.0133333333333
stream,1075,459.0,487.0133333333333,472.0133333333333,502.0133333333333
stream,1076,459.0,487.0133333333333,472.0133333333333,502.0133333333333
stream,1077,459.0,487.0133333333333,472.0133333333333,502.0133333333333
stream,1078,458.0,487.0133333333333,472.0133333333333,502.0133333333333
stream,1079,458.0,487.0133333333333,472.0133333333333,502.0133333333333
stream,1080,458.0,487.0133333333333,472.0133333333333,502.0133333333333
stream,1081,457.0,487.0133333333333,472.0133333333333,502.0133333333333
stream,1082,457.0,487.0133333333333,472.0133333333333,502.0133333333333
stream,1083,457.0,487.0133333333333,472.0133333333333,502.0133333333333
stream,1084,457.0,487.0133333333333,472.0133333333333,502.0133333333333
stream,1085,458.0,487.0133333333333,472.0133333333333,502.0133333333333
stream,1086,457.0,487.0133333333333,472.0133333333333,502.0133333333333
stream,1087,457.0,487.0133333333333,472.0133333333333,502.0133333333333
stream,1088,456.0,487.0133333333333,472.0133333333333,502.0133333333333
stream,1089,457.0,487.0133333333333,472.0133333333333,502.0133333333333
stream,1090,457.0,487.0133333333333,472.0133333333333,502.0133333333333
stream,1091,457.0,487.0133333333333,472.0133333333333,502.0133333333333
stream,1092,456.0,487.0133333333333,472.0133333333333,502.0133333333333
stream,1093,456.0,487.0133333333333,472.0133333333333,502.0133333333333
stream,1094,457.0,487.0133333333333,472.0133333333333,502.0133333333333
stream,1095,457.0,487.0133333333333,472.0133333333333,502.0133333333333
stream,1096,456.0,487.0133333333333,472.0133333333333,502.0133333333333
stream,1097,457.0,487.0133333333333,472.0133333333333,502.0133333333333
stream,1098,456.0,487.0133333333333,472.0133333333333,502.0133333333333
stream,1099,456.0,487.0133333333333,472.0133333333333,502.0133333333333
stream,1100,456.0,487.0133333333333,472.0133333333333,502.0133333333333
stream,1101,457.0,487.0133333333333,472.0133333333333,502.0133333333333
stream,1102,456.0,487.0133333333333,472.0133333333333,502.0133333333333
stream,1103,457.0,487.0133333333333,472.0133333333333,502.0133333333333
stream,1104,456.0,487.0133333333333,472.0133333333333,502.0133333333333
stream,1105,456.0,487.0133333333333,472.0133333333333,502.0133333333333
stream,1106,456.0,487.0133333333333,472.0133333333333,502.0133333333333
stream,1107,456.0,487.0133333333333,472.0133333333333,502.0133333333333
stream,1108,456.0,487.0133333333333,472.0133333333333,502.0133333333333
stream,1109,455.0,487.0133333333333,472.0133333333333,502.0133333333333
stream,1110,456.0,487.0133333333333,472.0133333333333,502.0133333333333
stream,1111,456.0,487.0133333333333,472.0133333333333,502.0133333333333
stream,1112,457.0,487.0133333333333,472.0133333333333,502.0133333333333
stream,1113,456.0,487.0133333333333,472.0133333333333,502.0133333333333
stream,1114,456.0,487.0133333333333,472.0133333333333,502.0133333333333
stream,1115,456.0,487.0133333333333,472.0133333333333,502.0133333333333
stream,1116,457.0,487.0133333333333,472.0133333333333,502.0133333333333
stream,1117,456.0,487.0133333333333,472.0133333333333,502.0133333333333
stream,1118,456.0,487.0133333333333,472.0133333333333,502.0133333333333
stream,1119,456.0,487.0133333333333,472.0133333333333,502.0133333333333
stream,1120,456.0,487.0133333333333,472.0133333333333,502.0133333333333
stream,1121,456.0,487.0133333333333,472.0133333333333,502.0133333333333
stream,1122,456.0,487.0133333333333,472.0133333333333,502.0133333333333
stream,1123,457.0,487.0133333333333,472.0133333333333,502.0133333333333
stream,1124,456.0,487.0133333333333,472.0133333333333,502.0133333333333
stream,1125,456.0,487.0133333333333,472.0133333333333,502.0133333333333
stream,1126,456.0,487.0133333333333,472.0133333333333,502.0133333333333
stream,1127,456.0,487.0133333333333,472.0133333333333,502.0133333333333
stream,1128,456.0,487.0133333333333,472.0133333333333,502.0133333333333
stream,1129,456.0,487.0133333333333,472.0133333333333,502.0133333333333
stream,1130,456.0,487.0133333333333,472.0133333333333,502.0133333333333
stream,1131,456.0,487.0133333333333,472.0133333333333,502.0133333333333
stream,1132,456.0,487.0133333333333,472.0133333333333,502.0133333333333
stream,1133,457.0,487.0133333333333,472.0133333333333,502.0133333333333
stream,1134,456.0,487.0133333333333,472.0133333333333,502.0133333333333
stream,1135,457.0,487.0133333333333,472.0133333333333,502.0133333333333
stream,1136,456.0,487.0133333333333,472.0133333333333,502.0133333333333
stream,1137,457.0,487.0133333333333,472.0133333333333,502.0133333333333
stream,1138,457.0,487.0133333333333,472.0133333333333,502.0133333333333
stream,1139,456.0,487.0133333333333,472.0133333333333,502.0133333333333
stream,1140,457.0,487.0133333333333,472.0133333333333,502.0133333333333
stream,1141,456.0,487.0133333333333,472.0133333333333,502.0133333333333
stream,1142,456.0,487.0133333333333,472.0133333333333,502.0133333333333
stream,1143,456.0,487.0133333333333,472.0133333333333,502.0133333333333
stream,1144,457.0,487.0133333333333,472.0133333333333,502.0133333333333
stream,1145,457.0,487.0133333333333,472.0133333333333,502.0133333333333
stream,1146,456.0,487.0133333333333,472.0133333333333,502.0133333333333
stream,1147,457.0,487.0133333333333,472.0133333333333,502.0133333333333
stream,1148,456.0,487.0133333333333,472.0133333333333,502.0133333333333
stream,1149,456.0,487.0133333333333,472.0133333333333,502.0133333333333
stream,1150,457.0,487.0133333333333,472.0133333333333,502.0133333333333
stream,1151,456.0,487.0133333333333,472.0133333333333,502.0133333333333
stream,1152,456.0,487.0133333333333,472.0133333333333,502.0133333333333
stream,1153,456.0,487.0133333333333,472.0133333333333,502.0133333333333
stream,1154,456.0,487.0133333333333,472.0133333333333,502.0133333333333
stream,1155,457.0,487.0133333333333,472.0133333333333,502.0133333333333
stream,1156,456.0,487.0133333333333,472.0133333333333,502.0133333333333
stream,1157,457.0,487.0133333333333,472.0133333333333,502.0133333333333
stream,1158,456.0,487.0133333333333,472.0133333333333,502.0133333333333
stream,1159,457.0,487.0133333333333,472.0133333333333,502.0133333333333
stream,1160,457.0,487.0133333333333,472.0133333333333,502.0133333333333
stream,1161,456.0,487.0133333333333,472.0133333333333,502.0133333333333
stream,1162,457.0,487.0133333333333,472.0133333333333,502.0133333333333
stream,1163,456.0,487.0133333333333,472.0133333333333,502.0133333333333
stream,1164,456.0,487.0133333333333,472.0133333333333,502.0133333333333
stream,1165,457.0,487.0133333333333,472.0133333333333,502.0133333333333
stream,1166,457.0,487.0133333333333,472.0133333333333,502.0133333333333
stream,1167,457.0,487.0133333333333,472.0133333333333,502.0133333333333
stream,1168,458.0,487.0133333333333,472.0133333333333,502.0133333333333
stream,1169,457.0,487.0133333333333,472.0133333333333,502.0133333333333
stream,1170,457.0,487.0133333333333,472.0133333333333,502.0133333333333
stream,1171,457.0,487.0133333333333,472.0133333333333,502.0133333333333
stream,1172,457.0,487.0133333333333,472.0133333333333,502.0133333333333
stream,1173,456.0,487.0133333333333,472.0133333333333,502.0133333333333
stream,1174,457.0,487.0133333333333,472.0133333333333,502.0133333333333
stream,1175,457.0,487.0133333333333,472.0133333333333,502.0133333333333
stream,1176,457.0,487.0133333333333,472.0133333333333,502.0133333333333
stream,1177,458.0,487.0133333333333,472.0133333333333,502.0133333333333
stream,1178,457.0,487.0133333333333,472.0133333333333,502.0133333333333
stream,1179,458.0,487.0133333333333,472.0133333333333,502.0133333333333
stream,1180,457.0,487.0133333333333,472.0133333333333,502.0133333333333
stream,1181,458.0,487.0133333333333,472.0133333333333,502.0133333333333
stream,1182,457.0,487.0133333333333,472.0133333333333,502.0133333333333
stream,1183,457.0,487.0133333333333,472.0133333333333,502.0133333333333
stream,1184,458.0,487.0133333333333,472.0133333333333,502.0133333333333
stream,1185,457.0,487.0133333333333,472.0133333333333,502.0133333333333
stream,1186,457.0,487.0133333333333,472.0133333333333,502.0133333333333
stream,1187,458.0,487.0133333333333,472.0133333333333,502.0133333333333
stream,1188,458.0,487.0133333333333,472.0133333333333,502.0133333333333
stream,1189,458.0,487.0133333333333,472.0133333333333,502.0133333333333
stream,1190,458.0,487.0133333333333,472.0133333333333,502.0133333333333
stream,1191,458.0,487.0133333333333,472.0133333333333,502.0133333333333
stream,1192,458.0,487.0133333333333,472.0133333333333,502.0133333333333
stream,1193,458.0,487.0133333333333,472.0133333333333,502.0133333333333
stream,1194,457.0,487.0133333333333,472.0133333333333,502.0133333333333
stream,1195,458.0,487.0133333333333,472.0133333333333,502.0133333333333
stream,1196,458.0,487.0133333333333,472.0133333333333,502.0133333333333
stream,1197,459.0,487.0133333333333,472.0133333333333,502.0133333333333
stream,1198,458.0,487.0133333333333,472.0133333333333,502.0133333333333
stream,1199,458.0,487.0133333333333,472.0133333333333,502.0133333333333
stream,1200,458.0,487.0133333333333,472.0133333333333,502.0133333333333
stream,1201,458.0,487.0133333333333,472.0133333333333,502.0133333333333
stream,1202,458.0,487.0133333333333,472.0133333333333,502.0133333333333
stream,1203,458.0,487.0133333333333,472.0133333333333,502.0133333333333
stream,1204,458.0,487.0133333333333,472.0133333333333,502.0133333333333
stream,1205,457.0,487.0133333333333,472.0133333333333,502.0133333333333
stream,1206,458.0,487.0133333333333,472.0133333333333,502.0133333333333
stream,1207,458.0,487.0133333333333,472.0133333333333,502.0133333333333
stream,1208,458.0,487.0133333333333,472.0133333333333,502.0133333333333
stream,1209,457.0,487.0133333333333,472.0133333333333,502.0133333333333
stream,1210,457.0,487.0133333333333,472.0133333333333,502.0133333333333
stream,1211,457.0,487.0133333333333,472.0133333333333,502.0133333333333
stream,1212,457.0,487.0133333333333,472.0133333333333,502.0133333333333
stream,1213,456.0,487.0133333333333,472.0133333333333,502.0133333333333
stream,1214,456.0,487.0133333333333,472.0133333333333,502.0133333333333
stream,1215,457.0,487.0133333333333,472.0133333333333,502.0133333333333
stream,1216,456.0,487.0133333333333,472.0133333333333,502.0133333333333
stream,1217,457.0,487.0133333333333,472.0133333333333,502.0133333333333
stream,1218,456.0,487.0133333333333,472.0133333333333,502.0133333333333
stream,1219,457.0,487.0133333333333,472.0133333333333,502.0133333333333
stream,1220,456.0,487.0133333333333,472.0133333333333,502.0133333333333
stream,1221,457.0,487.0133333333333,472.0133333333333,502.0133333333333
stream,1222,456.0,487.0133333333333,472.0133333333333,502.0133333333333
stream,1223,456.0,487.0133333333333,472.0133333333333,502.0133333333333
stream,1224,456.0,487.0133333333333,472.0133333333333,502.0133333333333
stream,1225,455.0,487.0133333333333,472.0133333333333,502.0133333333333
stream,1226,456.0,487.0133333333333,472.0133333333333,502.0133333333333
stream,1227,457.0,487.0133333333333,472.0133333333333,502.0133333333333
stream,1228,456.0,487.0133333333333,472.0133333333333,502.0133333333333
stream,1229,456.0,487.0133333333333,472.0133333333333,502.0133333333333
stream,1230,456.0,487.0133333333333,472.0133333333333,502.0133333333333
stream,1231,456.0,487.0133333333333,472.0133333333333,502.0133333333333
stream,1232,457.0,487.0133333333333,472.0133333333333,502.0133333333333
stream,1233,456.0,487.0133333333333,472.0133333333333,502.0133333333333
stream,1234,456.0,487.0133333333333,472.0133333333333,502.0133333333333
stream,1235,456.0,487.0133333333333,472.0133333333333,502.0133333333333
stream,1236,456.0,487.0133333333333,472.0133333333333,502.0133333333333
stream,1237,456.0,487.0133333333333,472.0133333333333,502.0133333333333
stream,1238,456.0,487.0133333333333,472.0133333333333,502.0133333333333
stream,1239,456.0,487.0133333333333,472.0133333333333,502.0133333333333
stream,1240,456.0,487.0133333333333,472.0133333333333,502.0133333333333
stream,1241,456.0,487.0133333333333,472.0133333333333,502.0133333333333
stream,1242,456.0,487.0133333333333,472.0133333333333,502.0133333333333
stream,1243,457.0,487.0133333333333,472.0133333333333,502.0133333333333
stream,1244,456.0,487.0133333333333,472.0133333333333,502.0133333333333
stream,1245,456.0,487.0133333333333,472.0133333333333,502.0133333333333
stream,1246,455.0,487.0133333333333,472.0133333333333,502.0133333333333
stream,1247,456.0,487.0133333333333,472.0133333333333,502.0133333333333
stream,1248,456.0,487.0133333333333,472.0133333333333,502.0133333333333
stream,1249,457.0,487.0133333333333,472.0133333333333,502.0133333333333
stream,1250,456.0,487.0133333333333,472.0133333333333,502.0133333333333
stream,1251,456.0,487.0133333333333,472.0133333333333,502.0133333333333
stream,1252,456.0,487.0133333333333,472.0133333333333,502.0133333333333
stream,1253,456.0,487.0133333333333,472.0133333333333,502.0133333333333
stream,1254,456.0,487.0133333333333,472.0133333333333,502.0133333333333
stream,1255,456.0,487.0133333333333,472.0133333333333,502.0133333333333
stream,1256,456.0,487.0133333333333,472.0133333333333,502.0133333333333
stream,1257,456.0,487.0133333333333,472.0133333333333,502.0133333333333
stream,1258,455.0,487.0133333333333,472.0133333333333,502.0133333333333
stream,1259,456.0,487.0133333333333,472.0133333333333,502.0133333333333
stream,1260,456.0,487.0133333333333,472.0133333333333,502.0133333333333
stream,1261,456.0,487.0133333333333,472.0133333333333,502.0133333333333
stream,1262,455.0,487.0133333333333,472.0133333333333,502.0133333333333
stream,1263,455.0,487.0133333333333,472.0133333333333,502.0133333333333
stream,1264,455.0,487.0133333333333,472.0133333333333,502.0133333333333
stream,1265,455.0,487.0133333333333,472.0133333333333,502.0133333333333
stream,1266,455.0,487.0133333333333,472.0133333333333,502.0133333333333
stream,1267,455.0,487.0133333333333,472.0133333333333,502.0133333333333
stream,1268,455.0,487.0133333333333,472.0133333333333,502.0133333333333
stream,1269,454.0,487.0133333333333,472.0133333333333,502.0133333333333
stream,1270,455.0,487.0133333333333,472.0133333333333,502.0133333333333
stream,1271,455.0,487.0133333333333,472.0133333333333,502.0133333333333
stream,1272,455.0,487.0133333333333,472.0133333333333,502.0133333333333
stream,1273,455.0,487.0133333333333,472.0133333333333,502.0133333333333
stream,1274,455.0,487.0133333333333,472.0133333333333,502.0133333333333
stream,1275,455.0,487.0133333333333,472.0133333333333,502.0133333333333
stream,1276,455.0,487.0133333333333,472.0133333333333,502.0133333333333
stream,1277,455.0,487.0133333333333,472.0133333333333,502.0133333333333
stream,1278,455.0,487.0133333333333,472.0133333333333,502.0133333333333
stream,1279,455.0,487.0133333333333,472.0133333333333,502.0133333333333
stream,1280,455.0,487.0133333333333,472.0133333333333,502.0133333333333
stream,1281,455.0,487.0133333333333,472.0133333333333,502.0133333333333
stream,1282,455.0,487.0133333333333,472.0133333333333,502.0133333333333
stream,1283,454.0,487.0133333333333,472.0133333333333,502.0133333333333
stream,1284,454.0,487.0133333333333,472.0133333333333,502.0133333333333
stream,1285,455.0,487.0133333333333,472.0133333333333,502.0133333333333
stream,1286,455.0,487.0133333333333,472.0133333333333,502.0133333333333
stream,1287,455.0,487.0133333333333,472.0133333333333,502.0133333333333
stream,1288,455.0,487.0133333333333,472.0133333333333,502.0133333333333
stream,1289,454.0,487.0133333333333,472.0133333333333,502.0133333333333
stream,1290,455.0,487.0133333333333,472.0133333333333,502.0133333333333
stream,1291,455.0,487.0133333333333,472.0133333333333,502.0133333333333
stream,1292,455.0,487.0133333333333,472.0133333333333,502.0133333333333
stream,1293,454.0,487.0133333333333,472.0133333333333,502.0133333333333
stream,1294,455.0,487.0133333333333,472.0133333333333,502.0133333333333
stream,1295,454.0,487.0133333333333,472.0133333333333,502.0133333333333
stream,1296,455.0,487.0133333333333,472.0133333333333,502.0133333333333
stream,1297,455.0,487.0133333333333,472.0133333333333,502.0133333333333
stream,1298,455.0,487.0133333333333,472.0133333333333,502.0133333333333
stream,1299,455.0,487.0133333333333,472.0133333333333,502.0133333333333
stream,1300,455.0,487.0133333333333,472.0133333333333,502.0133333333333
stream,1301,454.0,487.0133333333333,472.0133333333333,502.0133333333333
stream,1302,455.0,487.0133333333333,472.0133333333333,502.0133333333333
stream,1303,455.0,487.0133333333333,472.0133333333333,502.0133333333333
stream,1304,454.0,487.0133333333333,472.0133333333333,502.0133333333333
stream,1305,454.0,487.0133333333333,472.0133333333333,502.0133333333333
stream,1306,455.0,487.0133333333333,472.0133333333333,502.0133333333333
stream,1307,454.0,487.0133333333333,472.0133333333333,502.0133333333333
stream,1308,455.0,487.0133333333333,472.0133333333333,502.0133333333333
stream,1309,455.0,487.0133333333333,472.0133333333333,502.0133333333333
stream,1310,455.0,487.0133333333333,472.0133333333333,502.0133333333333
stream,1311,455.0,487.0133333333333,472.0133333333333,502.0133333333333
stream,1312,454.0,487.0133333333333,472.0133333333333,502.0133333333333
stream,1313,455.0,487.0133333333333,472.0133333333333,502.0133333333333
stream,1314,454.0,487.0133333333333,472.0133333333333,502.0133333333333
stream,1315,454.0,487.0133333333333,472.0133333333333,502.0133333333333
stream,1316,455.0,487.0133333333333,472.0133333333333,502.0133333333333
stream,1317,454.0,487.0133333333333,472.0133333333333,502.0133333333333
stream,1318,455.0,487.0133333333333,472.0133333333333,502.0133333333333
stream,1319,455.0,487.0133333333333,472.0133333333333,502.0133333333333
stream,1320,454.0,487.0133333333333,472.0133333333333,502.0133333333333
stream,1321,455.0,487.0133333333333,472.0133333333333,502.0133333333333
stream,1322,455.0,487.0133333333333,472.0133333333333,502.0133333333333
stream,1323,455.0,487.0133333333333,472.0133333333333,502.0133333333333
stream,1324,454.0,487.0133333333333,472.0133333333333,502.0133333333333
stream,1325,455.0,487.0133333333333,472.0133333333333,502.0133333333333
stream,1326,454.0,487.0133333333333,472.0133333333333,502.0133333333333
stream,1327,455.0,487.0133333333333,472.0133333333333,502.0133333333333
stream,1328,454.0,487.0133333333333,472.0133333333333,502.0133333333333
stream,1329,455.0,487.0133333333333,472.0133333333333,502.0133333333333
stream,1330,454.0,487.0133333333333,472.0133333333333,502.0133333333333
stream,1331,455.0,487.0133333333333,472.0133333333333,502.0133333333333
stream,1332,455.0,487.0133333333333,472.0133333333333,502.0133333333333
stream,1333,455.0,487.0133333333333,472.0133333333333,502.0133333333333
stream,1334,455.0,487.0133333333333,472.0133333333333,502.0133333333333
stream,1335,455.0,487.0133333333333,472.0133333333333,502.0133333333333
stream,1336,455.0,487.0133333333333,472.0133333333333,502.0133333333333
stream,1337,455.0,487.0133333333333,472.0133333333333,502.0133333333333
stream,1338,454.0,487.0133333333333,472.0133333333333,502.0133333333333
stream,1339,455.0,487.0133333333333,472.0133333333333,502.0133333333333
stream,1340,456.0,487.0133333333333,472.0133333333333,502.0133333333333
stream,1341,455.0,487.0133333333333,472.0133333333333,502.0133333333333
stream,1342,455.0,487.0133333333333,472.0133333333333,502.0133333333333
stream,1343,455.0,487.0133333333333,472.0133333333333,502.0133333333333
stream,1344,454.0,487.0133333333333,472.0133333333333,502.0133333333333
stream,1345,455.0,487.0133333333333,472.0133333333333,502.0133333333333
stream,1346,455.0,487.0133333333333,472.0133333333333,502.0133333333333
stream,1347,455.0,487.0133333333333,472.0133333333333,502.0133333333333
stream,1348,454.0,487.0133333333333,472.0133333333333,502.0133333333333
stream,1349,455.0,487.0133333333333,472.0133333333333,502.0133333333333
stream,1350,455.0,487.0133333333333,472.0133333333333,502.0133333333333
stream,1351,455.0,487.0133333333333,472.0133333333333,502.0133333333333
stream,1352,455.0,487.0133333333333,472.0133333333333,502.0133333333333
stream,1353,454.0,487.0133333333333,472.0133333333333,502.0133333333333
stream,1354,455.0,487.0133333333333,472.0133333333333,502.0133333333333
stream,1355,455.0,487.0133333333333,472.0133333333333,502.0133333333333
stream,1356,455.0,487.0133333333333,472.0133333333333,502.0133333333333
stream,1357,455.0,487.0133333333333,472.0133333333333,502.0133333333333
stream,1358,454.0,487.0133333333333,472.0133333333333,502.0133333333333
stream,1359,455.0,487.0133333333333,472.0133333333333,502.0133333333333
stream,1360,455.0,487.0133333333333,472.0133333333333,502.0133333333333
stream,1361,455.0,487.0133333333333,472.0133333333333,502.0133333333333
stream,1362,455.0,487.0133333333333,472.0133333333333,502.0133333333333
stream,1363,455.0,487.0133333333333,472.0133333333333,502.0133333333333
stream,1364,455.0,487.0133333333333,472.0133333333333,502.0133333333333
stream,1365,455.0,487.0133333333333,472.0133333333333,502.0133333333333
stream,1366,455.0,487.0133333333333,472.0133333333333,502.0133333333333
stream,1367,455.0,487.0133333333333,472.0133333333333,502.0133333333333
stream,1368,455.0,487.0133333333333,472.0133333333333,502.0133333333333
stream,1369,455.0,487.0133333333333,472.0133333333333,502.0133333333333
stream,1370,455.0,487.0133333333333,472.0133333333333,502.0133333333333
stream,1371,455.0,487.0133333333333,472.0133333333333,502.0133333333333
stream,1372,456.0,487.0133333333333,472.0133333333333,502.0133333333333
stream,1373,455.0,487.0133333333333,472.0133333333333,502.0133333333333
stream,1374,456.0,487.0133333333333,472.0133333333333,502.0133333333333
stream,1375,455.0,487.0133333333333,472.0133333333333,502.0133333333333
stream,1376,456.0,487.0133333333333,472.0133333333333,502.0133333333333
stream,1377,455.0,487.0133333333333,472.0133333333333,502.0133333333333
stream,1378,455.0,487.0133333333333,472.0133333333333,502.0133333333333
stream,1379,455.0,487.0133333333333,472.0133333333333,502.0133333333333
stream,1380,455.0,487.0133333333333,472.0133333333333,502.0133333333333
stream,1381,456.0,487.0133333333333,472.0133333333333,502.0133333333333
stream,1382,455.0,487.0133333333333,472.0133333333333,502.0133333333333
stream,1383,456.0,487.0133333333333,472.0133333333333,502.0133333333333
stream,1384,455.0,487.0133333333333,472.0133333333333,502.0133333333333
stream,1385,456.0,487.0133333333333,472.0133333333333,502.0133333333333
stream,1386,455.0,487.0133333333333,472.0133333333333,502.0133333333333
stream,1387,456.0,487.0133333333333,472.0133333333333,502.0133333333333
stream,1388,456.0,487.0133333333333,472.0133333333333,502.0133333333333
stream,1389,455.0,487.0133333333333,472.0133333333333,502.0133333333333
stream,1390,455.0,487.0133333333333,472.0133333333333,502.0133333333333
stream,1391,456.0,487.0133333333333,472.0133333333333,502.0133333333333
stream,1392,456.0,487.0133333333333,472.0133333333333,502.0133333333333
stream,1393,457.0,487.0133333333333,472.0133333333333,502.0133333333333
stream,1394,456.0,487.0133333333333,472.0133333333333,502.0133333333333
stream,1395,456.0,487.0133333333333,472.0133333333333,502.0133333333333
stream,1396,456.0,487.0133333333333,472.0133333333333,502.0133333333333
stream,1397,455.0,487.0133333333333,472.0133333333333,502.0133333333333
stream,1398,456.0,487.0133333333333,472.0133333333333,502.0133333333333
stream,1399,456.0,487.0133333333333,472.0133333333333,502.0133333333333
stream,1400,455.0,487.0133333333333,472.0133333333333,502.0133333333333
stream,1401,456.0,487.0133333333333,472.0133333333333,502.0133333333333
stream,1402,455.0,487.0133333333333,472.0133333333333,502.0133333333333
stream,1403,456.0,487.0133333333333,472.0133333333333,502.0133333333333
stream,1404,456.0,487.0133333333333,472.0133333333333,502.0133333333333
stream,1405,456.0,487.0133333333333,472.0133333333333,502.0133333333333
stream,1406,456.0,487.0133333333333,472.0133333333333,502.0133333333333
stream,1407,456.0,487.0133333333333,472.0133333333333,502.0133333333333
stream,1408,456.0,487.0133333333333,472.0133333333333,502.0133333333333
stream,1409,455.0,487.0133333333333,472.0133333333333,502.0133333333333
stream,1410,457.0,487.0133333333333,472.0133333333333,502.0133333333333
stream,1411,456.0,487.0133333333333,472.0133333333333,502.0133333333333
stream,1412,457.0,487.0133333333333,472.0133333333333,502.0133333333333
stream,1413,457.0,487.0133333333333,472.0133333333333,502.0133333333333
stream,1414,456.0,487.0133333333333,472.0133333333333,502.0133333333333
stream,1415,457.0,487.0133333333333,472.0133333333333,502.0133333333333
stream,1416,456.0,487.0133333333333,472.0133333333333,502.0133333333333
stream,1417,457.0,487.0133333333333,472.0133333333333,502.0133333333333
stream,1418,456.0,487.0133333333333,472.0133333333333,502.0133333333333
stream,1419,457.0,487.0133333333333,472.0133333333333,502.0133333333333
stream,1420,456.0,487.0133333333333,472.0133333333333,502.0133333333333
stream,1421,457.0,487.0133333333333,472.0133333333333,502.0133333333333
stream,1422,457.0,487.0133333333333,472.0133333333333,502.0133333333333
stream,1423,457.0,487.0133333333333,472.0133333333333,502.0133333333333
stream,1424,457.0,487.0133333333333,472.0133333333333,502.0133333333333
stream,1425,457.0,487.0133333333333,472.0133333333333,502.0133333333333
stream,1426,457.0,487.0133333333333,472.0133333333333,502.0133333333333
stream,1427,457.0,487.0133333333333,472.0133333333333,502.0133333333333
stream,1428,457.0,487.0133333333333,472.0133333333333,502.0133333333333
stream,1429,457.0,487.0133333333333,472.0133333333333,502.0133333333333
stream,1430,457.0,487.0133333333333,472.0133333333333,502.0133333333333
stream,1431,457.0,487.0133333333333,472.0133333333333,502.0133333333333
stream,1432,457.0,487.0133333333333,472.0133333333333,502.0133333333333
stream,1433,457.0,487.0133333333333,472.0133333333333,502.0133333333333
stream,1434,457.0,487.0133333333333,472.0133333333333,502.0133333333333
stream,1435,457.0,487.0133333333333,472.0133333333333,502.0133333333333
stream,1436,457.0,487.0133333333333,472.0133333333333,502.0133333333333
stream,1437,457.0,487.0133333333333,472.0133333333333,502.0133333333333
stream,1438,457.0,487.0133333333333,472.0133333333333,502.0133333333333
stream,1439,457.0,487.0133333333333,472.0133333333333,502.0133333333333
stream,1440,457.0,487.0133333333333,472.0133333333333,502.0133333333333
stream,1441,457.0,487.0133333333333,472.0133333333333,502.0133333333333
stream,1442,457.0,487.0133333333333,472.0133333333333,502.0133333333333
stream,1443,458.0,487.0133333333333,472.0133333333333,502.0133333333333
stream,1444,457.0,487.0133333333333,472.0133333333333,502.0133333333333
stream,1445,457.0,487.0133333333333,472.0133333333333,502.0133333333333
stream,1446,458.0,487.0133333333333,472.0133333333333,502.0133333333333
stream,1447,457.0,487.0133333333333,472.0133333333333,502.0133333333333
stream,1448,458.0,487.0133333333333,472.0133333333333,502.0133333333333
stream,1449,457.0,487.0133333333333,472.0133333333333,502.0133333333333
stream,1450,457.0,487.0133333333333,472.0133333333333,502.0133333333333
stream,1451,456.0,487.0133333333333,472.0133333333333,502.0133333333333
stream,1452,458.0,487.0133333333333,472.0133333333333,502.0133333333333
stream,1453,457.0,487.0133333333333,472.0133333333333,502.0133333333333
stream,1454,457.0,487.0133333333333,472.0133333333333,502.0133333333333
stream,1455,458.0,487.0133333333333,472.0133333333333,502.0133333333333
stream,1456,457.0,487.0133333333333,472.0133333333333,502.0133333333333
stream,1457,457.0,487.0133333333333,472.0133333333333,502.0133333333333
stream,1458,457.0,487.0133333333333,472.0133333333333,502.0133333333333
stream,1459,457.0,487.0133333333333,472.0133333333333,502.0133333333333
stream,1460,456.0,487.0133333333333,472.0133333333333,502.0133333333333
stream,1461,457.0,487.0133333333333,472.0133333333333,502.0133333333333
stream,1462,457.0,487.0133333333333,472.0133333333333,502.0133333333333
stream,1463,457.0,487.0133333333333,472.0133333333333,502.0133333333333
stream,1464,457.0,487.0133333333333,472.0133333333333,502.0133333333333
stream,1465,457.0,487.0133333333333,472.0133333333333,502.0133333333333
stream,1466,457.0,487.0133333333333,472.0133333333333,502.0133333333333
stream,1467,458.0,487.0133333333333,472.0133333333333,502.0133333333333
stream,1468,457.0,487.0133333333333,472.0133333333333,502.0133333333333
stream,1469,457.0,487.0133333333333,472.0133333333333,502.0133333333333
stream,1470,456.0,487.0133333333333,472.0133333333333,502.0133333333333
stream,1471,457.0,487.0133333333333,472.0133333333333,502.0133333333333
stream,1472,457.0,487.0133333333333,472.0133333333333,502.0133333333333
stream,1473,457.0,487.0133333333333,472.0133333333333,502.0133333333333
stream,1474,457.0,487.0133333333333,472.0133333333333,502.0133333333333
stream,1475,457.0,487.0133333333333,472.0133333333333,502.0133333333333
stream,1476,457.0,487.0133333333333,472.0133333333333,502.0133333333333
stream,1477,457.0,487.0133333333333,472.0133333333333,502.0133333333333
stream,1478,458.0,487.0133333333333,472.0133333333333,502.0133333333333
stream,1479,457.0,487.0133333333333,472.0133333333333,502.0133333333333
stream,1480,457.0,487.0133333333333,472.0133333333333,502.0133333333333
stream,1481,458.0,487.0133333333333,472.0133333333333,502.0133333333333
stream,1482,457.0,487.0133333333333,472.0133333333333,502.0133333333333
stream,1483,458.0,487.0133333333333,472.0133333333333,502.0133333333333
stream,1484,457.0,487.0133333333333,472.0133333333333,502.0133333333333
stream,1485,457.0,487.0133333333333,472.0133333333333,502.0133333333333
stream,1486,457.0,487.0133333333333,472.0133333333333,502.0133333333333
stream,1487,457.0,487.0133333333333,472.0133333333333,502.0133333333333
stream,1488,457.0,487.0133333333333,472.0133333333333,502.0133333333333
stream,1489,457.0,487.0133333333333,472.0133333333333,502.0133333333333
stream,1490,456.0,487.0133333333333,472.0133333333333,502.0133333333333
stream,1491,457.0,487.0133333333333,472.0133333333333,502.0133333333333
stream,1492,457.0,487.0133333333333,472.0133333333333,502.0133333333333
stream,1493,456.0,487.0133333333333,472.0133333333333,502.0133333333333
stream,1494,457.0,487.0133333333333,472.0133333333333,502.0133333333333
stream,1495,457.0,487.0133333333333,472.0133333333333,502.0133333333333
stream,1496,457.0,487.0133333333333,472.0133333333333,502.0133333333333
stream,1497,457.0,487.0133333333333,472.0133333333333,502.0133333333333
stream,1498,457.0,487.0133333333333,472.0133333333333,502.0133333333333
stream,1499,456.0,487.0133333333333,472.0133333333333,502.0133333333333
stream,1500,457.0,487.0133333333333,472.0133333333333,502.0133333333333
stream,1501,457.0,487.0133333333333,472.0133333333333,502.0133333333333
stream,1502,457.0,487.0133333333333,472.0133333333333,502.0133333333333
stream,1503,457.0,487.0133333333333,472.0133333333333,502.0133333333333
stream,1504,457.0,487.0133333333333,472.0133333333333,502.0133333333333
stream,1505,457.0,487.0133333333333,472.0133333333333,502.0133333333333
stream,1506,457.0,487.0133333333333,472.0133333333333,502.0133333333333
stream,1507,457.0,487.0133333333333,472.0133333333333,502.0133333333333
stream,1508,456.0,487.0133333333333,472.0133333333333,502.0133333333333
stream,1509,457.0,487.0133333333333,472.0133333333333,502.0133333333333
stream,1510,456.0,487.0133333333333,472.0133333333333,502.0133333333333
stream,1511,457.0,487.0133333333333,472.0133333333333,502.0133333333333
stream,1512,456.0,487.0133333333333,472.0133333333333,502.0133333333333
stream,1513,456.0,487.0133333333333,472.0133333333333,502.0133333333333
stream,1514,457.0,487.0133333333333,472.0133333333333,502.0133333333333
stream,1515,457.0,487.0133333333333,472.0133333333333,502.0133333333333
stream,1516,456.0,487.0133333333333,472.0133333333333,502.0133333333333
stream,1517,457.0,487.0133333333333,472.0133333333333,502.0133333333333
stream,1518,456.0,487.0133333333333,472.0133333333333,502.0133333333333
stream,1519,457.0,487.0133333333333,472.0133333333333,502.0133333333333
stream,1520,456.0,487.0133333333333,472.0133333333333,502.0133333333333
stream,1521,456.0,487.0133333333333,472.0133333333333,502.0133333333333
stream,1522,456.0,487.0133333333333,472.0133333333333,502.0133333333333
stream,1523,457.0,487.0133333333333,472.0133333333333,502.0133333333333
stream,1524,456.0,487.0133333333333,472.0133333333333,502.0133333333333
stream,1525,457.0,487.0133333333333,472.0133333333333,502.0133333333333
stream,1526,457.0,487.0133333333333,472.0133333333333,502.0133333333333
stream,1527,456.0,487.0133333333333,472.0133333333333,502.0133333333333
stream,1528,457.0,487.0133333333333,472.0133333333333,502.0133333333333
stream,1529,456.0,487.0133333333333,472.0133333333333,502.0133333333333
stream,1530,456.0,487.0133333333333,472.0133333333333,502.0133333333333
stream,1531,456.0,487.0133333333333,472.0133333333333,502.0133333333333
stream,1532,456.0,487.0133333333333,472.0133333333333,502.0133333333333
stream,1533,457.0,487.0133333333333,472.0133333333333,502.0133333333333
stream,1534,456.0,487.0133333333333,472.0133333333333,502.0133333333333
stream,1535,457.0,487.0133333333333,472.0133333333333,502.0133333333333
stream,1536,456.0,487.0133333333333,472.0133333333333,502.0133333333333
stream,1537,457.0,487.0133333333333,472.0133333333333,502.0133333333333
stream,1538,456.0,487.0133333333333,472.0133333333333,502.0133333333333
stream,1539,456.0,487.0133333333333,472.0133333333333,502.0133333333333
stream,1540,457.0,487.0133333333333,472.0133333333333,502.0133333333333
stream,1541,456.0,487.0133333333333,472.0133333333333,502.0133333333333
stream,1542,456.0,487.0133333333333,472.0133333333333,502.0133333333333
stream,1543,456.0,487.0133333333333,472.0133333333333,502.0133333333333
stream,1544,456.0,487.0133333333333,472.0133333333333,502.0133333333333
stream,1545,456.0,487.0133333333333,472.0133333333333,502.0133333333333
stream,1546,456.0,487.0133333333333,472.0133333333333,502.0133333333333
stream,1547,456.0,487.0133333333333,472.0133333333333,502.0133333333333
stream,1548,456.0,487.0133333333333,472.0133333333333,502.0133333333333
stream,1549,457.0,487.0133333333333,472.0133333333333,502.0133333333333
stream,1550,456.0,487.0133333333333,472.0133333333333,502.0133333333333
stream,1551,457.0,487.0133333333333,472.0133333333333,502.0133333333333
stream,1552,456.0,487.0133333333333,472.0133333333333,502.0133333333333
stream,1553,456.0,487.0133333333333,472.0133333333333,502.0133333333333
stream,1554,456.0,487.0133333333333,472.0133333333333,502.0133333333333
stream,1555,456.0,487.0133333333333,472.0133333333333,502.0133333333333
stream,1556,455.0,487.0133333333333,472.0133333333333,502.0133333333333
stream,1557,456.0,487.0133333333333,472.0133333333333,502.0133333333333
stream,1558,456.0,487.0133333333333,472.0133333333333,502.0133333333333
stream,1559,457.0,487.0133333333333,472.0133333333333,502.0133333333333
stream,1560,456.0,487.0133333333333,472.0133333333333,502.0133333333333
stream,1561,456.0,487.0133333333333,472.0133333333333,502.0133333333333
stream,1562,456.0,487.0133333333333,472.0133333333333,502.0133333333333
stream,1563,456.0,487.0133333333333,472.0133333333333,502.0133333333333
stream,1564,456.0,487.0133333333333,472.0133333333333,502.0133333333333
stream,1565,456.0,487.0133333333333,472.0133333333333,502.0133333333333
stream,1566,456.0,487.0133333333333,472.0133333333333,502.0133333333333
stream,1567,455.0,487.0133333333333,472.0133333333333,502.0133333333333
stream,1568,456.0,487.0133333333333,472.0133333333333,502.0133333333333
stream,1569,457.0,487.0133333333333,472.0133333333333,502.0133333333333
stream,1570,456.0,487.0133333333333,472.0133333333333,502.0133333333333
stream,1571,456.0,487.0133333333333,472.0133333333333,502.0133333333333
stream,1572,456.0,487.0133333333333,472.0133333333333,502.0133333333333
stream,1573,456.0,487.0133333333333,472.0133333333333,502.0133333333333
stream,1574,457.0,487.0133333333333,472.0133333333333,502.0133333333333
stream,1575,455.0,487.0133333333333,472.0133333333333,502.0133333333333
stream,1576,456.0,487.0133333333333,472.0133333333333,502.0133333333333
stream,1577,455.0,487.0133333333333,472.0133333333333,502.0133333333333
stream,1578,456.0,487.0133333333333,472.0133333333333,502.0133333333333
stream,1579,455.0,487.0133333333333,472.0133333333333,502.0133333333333
stream,1580,456.0,487.0133333333333,472.0133333333333,502.0133333333333
stream,1581,456.0,487.0133333333333,472.0133333333333,502.0133333333333
stream,1582,455.0,487.0133333333333,472.0133333333333,502.0133333333333
stream,1583,456.0,487.0133333333333,472.0133333333333,502.0133333333333
stream,1584,456.0,487.0133333333333,472.0133333333333,502.0133333333333
stream,1585,455.0,487.0133333333333,472.0133333333333,502.0133333333333
stream,1586,455.0,487.0133333333333,472.0133333333333,502.0133333333333
stream,1587,455.0,487.0133333333333,472.0133333333333,502.0133333333333
stream,1588,455.0,487.0133333333333,472.0133333333333,502.0133333333333
stream,1589,455.0,487.0133333333333,472.0133333333333,502.0133333333333
stream,1590,456.0,487.0133333333333,472.0133333333333,502.0133333333333
stream,1591,455.0,487.0133333333333,472.0133333333333,502.0133333333333
stream,1592,455.0,487.0133333333333,472.0133333333333,502.0133333333333
stream,1593,455.0,487.0133333333333,472.0133333333333,502.0133333333333
stream,1594,455.0,487.0133333333333,472.0133333333333,502.0133333333333
stream,1595,455.0,487.0133333333333,472.0133333333333,502.0133333333333
stream,1596,455.0,487.0133333333333,472.0133333333333,502.0133333333333
stream,1597,454.0,487.0133333333333,472.0133333333333,502.0133333333333
stream,1598,455.0,487.0133333333333,472.0133333333333,502.0133333333333
stream,1599,455.0,487.0133333333333,472.0133333333333,502.0133333333333
stream,1600,454.0,487.0133333333333,472.0133333333333,502.0133333333333
stream,1601,455.0,487.0133333333333,472.0133333333333,502.0133333333333
stream,1602,455.0,487.0133333333333,472.0133333333333,502.0133333333333
stream,1603,454.0,487.0133333333333,472.0133333333333,502.0133333333333
stream,1604,454.0,487.0133333333333,472.0133333333333,502.0133333333333
stream,1605,454.0,487.0133333333333,472.0133333333333,502.0133333333333
stream,1606,455.0,487.0133333333333,472.0133333333333,502.0133333333333
stream,1607,453.0,487.0133333333333,472.0133333333333,502.0133333333333
stream,1608,454.0,487.0133333333333,472.0133333333333,502.0133333333333
stream,1609,454.0,487.0133333333333,472.0133333333333,502.0133333333333
stream,1610,454.0,487.0133333333333,472.0133333333333,502.0133333333333
stream,1611,455.0,487.0133333333333,472.0133333333333,502.0133333333333
stream,1612,454.0,487.0133333333333,472.0133333333333,502.0133333333333
stream,1613,454.0,487.0133333333333,472.0133333333333,502.0133333333333
stream,1614,454.0,487.0133333333333,472.0133333333333,502.0133333333333
stream,1615,454.0,487.0133333333333,472.0133333333333,502.0133333333333
stream,1616,454.0,487.0133333333333,472.0133333333333,502.0133333333333
stream,1617,453.0,487.0133333333333,472.0133333333333,502.0133333333333
stream,1618,454.0,487.0133333333333,472.0133333333333,502.0133333333333
stream,1619,454.0,487.0133333333333,472.0133333333333,502.0133333333333
stream,1620,454.0,487.0133333333333,472.0133333333333,502.0133333333333
stream,1621,454.0,487.0133333333333,472.0133333333333,502.0133333333333
stream,1622,455.0,487.0133333333333,472.0133333333333,502.0133333333333
stream,1623,454.0,487.0133333333333,472.0133333333333,502.0133333333333
stream,1624,454.0,487.0133333333333,472.0133333333333,502.0133333333333
stream,1625,453.0,487.0133333333333,472.0133333333333,502.0133333333333
stream,1626,454.0,487.0133333333333,472.0133333333333,502.0133333333333
stream,1627,454.0,487.0133333333333,472.0133333333333,502.0133333333333
stream,1628,454.0,487.0133333333333,472.0133333333333,502.0133333333333
stream,1629,453.0,487.0133333333333,472.0133333333333,502.0133333333333
stream,1630,454.0,487.0133333333333,472.0133333333333,502.0133333333333
stream,1631,454.0,487.0133333333333,472.0133333333333,502.0133333333333
stream,1632,454.0,487.0133333333333,472.0133333333333,502.0133333333333
stream,1633,454.0,487.0133333333333,472.0133333333333,502.0133333333333
stream,1634,454.0,487.0133333333333,472.0133333333333,502.0133333333333
stream,1635,454.0,487.0133333333333,472.0133333333333,502.0133333333333
stream,1636,454.0,487.0133333333333,472.0133333333333,502.0133333333333
stream,1637,454.0,487.0133333333333,472.0133333333333,502.0133333333333
stream,1638,454.0,487.0133333333333,472.0133333333333,502.0133333333333
stream,1639,453.0,487.0133333333333,472.0133333333333,502.0133333333333
stream,1640,454.0,487.0133333333333,472.0133333333333,502.0133333333333
stream,1641,454.0,487.0133333333333,472.0133333333333,502.0133333333333
stream,1642,453.0,487.0133333333333,472.0133333333333,502.0133333333333
stream,1643,454.0,487.0133333333333,472.0133333333333,502.0133333333333
stream,1644,454.0,487.0133333333333,472.0133333333333,502.0133333333333
stream,1645,453.0,487.0133333333333,472.0133333333333,502.0133333333333
stream,1646,453.0,487.0133333333333,472.0133333333333,502.0133333333333
stream,1647,453.0,487.0133333333333,472.0133333333333,502.0133333333333
stream,1648,454.0,487.0133333333333,472.0133333333333,502.0133333333333
stream,1649,453.0,487.0133333333333,472.0133333333333,502.0133333333333
stream,1650,453.0,487.0133333333333,472.0133333333333,502.0133333333333
stream,1651,454.0,487.0133333333333,472.0133333333333,502.0133333333333
stream,1652,453.0,487.0133333333333,472.0133333333333,502.0133333333333
stream,1653,454.0,487.0133333333333,472.0133333333333,502.0133333333333
stream,1654,453.0,487.0133333333333,472.0133333333333,502.0133333333333
stream,1655,453.0,487.0133333333333,472.0133333333333,502.0133333333333
stream,1656,453.0,487.0133333333333,472.0133333333333,502.0133333333333
stream,1657,453.0,487.0133333333333,472.0133333333333,502.0133333333333
stream,1658,452.0,487.0133333333333,472.0133333333333,502.0133333333333
stream,1659,452.0,487.0133333333333,472.0133333333333,502.0133333333333
stream,1660,453.0,487.0133333333333,472.0133333333333,502.0133333333333
stream,1661,452.0,487.0133333333333,472.0133333333333,502.0133333333333
stream,1662,453.0,487.0133333333333,472.0133333333333,502.0133333333333
stream,1663,453.0,487.0133333333333,472.0133333333333,502.0133333333333
stream,1664,453.0,487.0133333333333,472.0133333333333,502.0133333333333
stream,1665,453.0,487.0133333333333,472.0133333333333,502.0133333333333
stream,1666,452.0,487.0133333333333,472.0133333333333,502.0133333333333
stream,1667,453.0,487.0133333333333,472.0133333333333,502.0133333333333
stream,1668,452.0,487.0133333333333,472.0133333333333,502.0133333333333
stream,1669,452.0,487.0133333333333,472.0133333333333,502.0133333333333
stream,1670,453.0,487.0133333333333,472.0133333333333,502.0133333333333
stream,1671,452.0,487.0133333333333,472.0133333333333,502.0133333333333
stream,1672,453.0,487.0133333333333,472.0133333333333,502.0133333333333
stream,1673,453.0,487.0133333333333,472.0133333333333,502.0133333333333
stream,1674,452.0,487.0133333333333,472.0133333333333,502.0133333333333
stream,1675,452.0,487.0133333333333,472.0133333333333,502.0133333333333
stream,1676,453.0,487.0133333333333,472.0133333333333,502.0133333333333
stream,1677,452.0,487.0133333333333,472.0133333333333,502.0133333333333
stream,1678,452.0,487.0133333333333,472.0133333333333,502.0133333333333
stream,1679,452.0,487.0133333333333,472.0133333333333,502.0133333333333
stream,1680,452.0,487.0133333333333,472.0133333333333,502.0133333333333
stream,1681,452.0,487.0133333333333,472.0133333333333,502.0133333333333
stream,1682,453.0,487.0133333333333,472.0133333333333,502.0133333333333
stream,1683,452.0,487.0133333333333,472.0133333333333,502.0133333333333
stream,1684,453.0,487.0133333333333,472.0133333333333,502.0133333333333
stream,1685,452.0,487.0133333333333,472.0133333333333,502.0133333333333
stream,1686,453.0,487.0133333333333,472.0133333333333,502.0133333333333
stream,1687,452.0,487.0133333333333,472.0133333333333,502.0133333333333
stream,1688,452.0,487.0133333333333,472.0133333333333,502.0133333333333
stream,1689,452.0,487.0133333333333,472.0133333333333,502.0133333333333
stream,1690,452.0,487.0133333333333,472.0133333333333,502.0133333333333
stream,1691,452.0,487.0133333333333,472.0133333333333,502.0133333333333
stream,1692,452.0,487.0133333333333,472.0133333333333,502.0133333333333
stream,1693,452.0,487.0133333333333,472.0133333333333,502.0133333333333
stream,1694,452.0,487.0133333333333,472.0133333333333,502.0133333333333
stream,1695,452.0,487.0133333333333,472.0133333333333,502.0133333333333
stream,1696,451.0,487.0133333333333,472.0133333333333,502.0133333333333
stream,1697,452.0,487.0133333333333,472.0133333333333,502.0133333333333
stream,1698,452.0,487.0133333333333,472.0133333333333,502.0133333333333
stream,1699,452.0,487.0133333333333,472.0133333333333,502.0133333333333
stream,1700,451.0,487.0133333333333,472.0133333333333,502.0133333333333
stream,1701,452.0,487.0133333333333,472.0133333333333,502.0133333333333
stream,1702,451.0,487.0133333333333,472.0133333333333,502.0133333333333
stream,1703,452.0,487.0133333333333,472.0133333333333,502.0133333333333
stream,1704,452.0,487.0133333333333,472.0133333333333,502.0133333333333
stream,1705,452.0,487.0133333333333,472.0133333333333,502.0133333333333
stream,1706,451.0,487.0133333333333,472.0133333333333,502.0133333333333
stream,1707,452.0,487.0133333333333,472.0133333333333,502.0133333333333
stream,1708,452.0,487.0133333333333,472.0133333333333,502.0133333333333
stream,1709,451.0,487.0133333333333,472.0133333333333,502.0133333333333
stream,1710,451.0,487.0133333333333,472.0133333333333,502.0133333333333
stream,1711,451.0,487.0133333333333,472.0133333333333,502.0133333333333
stream,1712,452.0,487.0133333333333,472.0133333333333,502.0133333333333
stream,1713,451.0,487.0133333333333,472.0133333333333,502.0133333333333
stream,1714,452.0,487.0133333333333,472.0133333333333,502.0133333333333
stream,1715,452.0,487.0133333333333,472.0133333333333,502.0133333333333
stream,1716,452.0,487.0133333333333,472.0133333333333,502.0133333333333
stream,1717,451.0,487.0133333333333,472.0133333333333,502.0133333333333
stream,1718,452.0,487.0133333333333,472.0133333333333,502.0133333333333
stream,1719,451.0,487.0133333333333,472.0133333333333,502.0133333333333
stream,1720,452.0,487.0133333333333,472.0133333333333,502.0133333333333
stream,1721,451.0,487.0133333333333,472.0133333333333,502.0133333333333
stream,1722,451.0,487.0133333333333,472.0133333333333,502.0133333333333
stream,1723,451.0,487.0133333333333,472.0133333333333,502.0133333333333
stream,1724,452.0,487.0133333333333,472.0133333333333,502.0133333333333
stream,1725,452.0,487.0133333333333,472.0133333333333,502.0133333333333
stream,1726,451.0,487.0133333333333,472.0133333333333,502.0133333333333
stream,1727,451.0,487.0133333333333,472.0133333333333,502.0133333333333
stream,1728,452.0,487.0133333333333,472.0133333333333,502.0133333333333
stream,1729,452.0,487.0133333333333,472.0133333333333,502.0133333333333
stream,1730,452.0,487.0133333333333,472.0133333333333,502.0133333333333
stream,1731,451.0,487.0133333333333,472.0133333333333,502.0133333333333
stream,1732,452.0,487.0133333333333,472.0133333333333,502.0133333333333
stream,1733,452.0,487.0133333333333,472.0133333333333,502.0133333333333
stream,1734,451.0,487.0133333333333,472.0133333333333,502.0133333333333
stream,1735,452.0,487.0133333333333,472.0133333333333,502.0133333333333
stream,1736,452.0,487.0133333333333,472.0133333333333,502.0133333333333
stream,1737,452.0,487.0133333333333,472.0133333333333,502.0133333333333
stream,1738,451.0,487.0133333333333,472.0133333333333,502.0133333333333
stream,1739,452.0,487.0133333333333,472.0133333333333,502.0133333333333
stream,1740,452.0,487.0133333333333,472.0133333333333,502.0133333333333
stream,1741,452.0,487.0133333333333,472.0133333333333,502.0133333333333
stream,1742,452.0,487.0133333333333,472.0133333333333,502.0133333333333
stream,1743,451.0,487.0133333333333,472.0133333333333,502.0133333333333
stream,1744,452.0,487.0133333333333,472.0133333333333,502.0133333333333
stream,1745,451.0,487.0133333333333,472.0133333333333,502.0133333333333
stream,1746,452.0,487.0133333333333,472.0133333333333,502.0133333333333
stream,1747,452.0,487.0133333333333,472.0133333333333,502.0133333333333
stream,1748,451.0,487.0133333333333,472.0133333333333,502.0133333333333
stream,1749,451.0,487.0133333333333,472.0133333333333,502.0133333333333
stream,1750,452.0,487.0133333333333,472.0133333333333,502.0133333333333
stream,1751,452.0,487.0133333333333,472.0133333333333,502.0133333333333
stream,1752,452.0,487.0133333333333,472.0133333333333,502.0133333333333
stream,1753,451.0,487.0133333333333,472.0133333333333,502.0133333333333
stream,1754,452.0,487.0133333333333,472.0133333333333,502.0133333333333
stream,1755,452.0,487.0133333333333,472.0133333333333,502.0133333333333
stream,1756,451.0,487.0133333333333,472.0133333333333,502.0133333333333
stream,1757,452.0,487.0133333333333,472.0133333333333,502.0133333333333
stream,1758,452.0,487.0133333333333,472.0133333333333,502.0133333333333
stream,1759,451.0,487.0133333333333,472.0133333333333,502.0133333333333
stream,1760,452.0,487.0133333333333,472.0133333333333,502.0133333333333
stream,1761,452.0,487.0133333333333,472.0133333333333,502.0133333333333
stream,1762,452.0,487.0133333333333,472.0133333333333,502.0133333333333
stream,1763,452.0,487.0133333333333,472.0133333333333,502.0133333333333
stream,1764,451.0,487.0133333333333,472.0133333333333,502.0133333333333
stream,1765,452.0,487.0133333333333,472.0133333333333,502.0133333333333
stream,1766,451.0,487.0133333333333,472.0133333333333,502.0133333333333
stream,1767,452.0,487.0133333333333,472.0133333333333,502.0133333333333
stream,1768,452.0,487.0133333333333,472.0133333333333,502.0133333333333
stream,1769,451.0,487.0133333333333,472.0133333333333,502.0133333333333
stream,1770,452.0,487.0133333333333,472.0133333333333,502.0133333333333
stream,1771,451.0,487.0133333333333,472.0133333333333,502.0133333333333
stream,1772,452.0,487.0133333333333,472.0133333333333,502.0133333333333
stream,1773,451.0,487.0133333333333,472.0133333333333,502.0133333333333
stream,1774,452.0,487.0133333333333,472.0133333333333,502.0133333333333
stream,1775,452.0,487.0133333333333,472.0133333333333,502.0133333333333
stream,1776,451.0,487.0133333333333,472.0133333333333,502.0133333333333
stream,1777,452.0,487.0133333333333,472.0133333333333,502.0133333333333
stream,1778,451.0,487.0133333333333,472.0133333333333,502.0133333333333
stream,1779,452.0,487.0133333333333,472.0133333333333,502.0133333333333
stream,1780,451.0,487.0133333333333,472.0133333333333,502.0133333333333
stream,1781,451.0,487.0133333333333,472.0133333333333,502.0133333333333
stream,1782,452.0,487.0133333333333,472.0133333333333,502.0133333333333
stream,1783,451.0,487.0133333333333,472.0133333333333,502.0133333333333
stream,1784,452.0,487.0133333333333,472.0133333333333,502.0133333333333
stream,1785,452.0,487.0133333333333,472.0133333333333,502.0133333333333
stream,1786,451.0,487.0133333333333,472.0133333333333,502.0133333333333
stream,1787,452.0,487.0133333333333,472.0133333333333,502.0133333333333
stream,1788,451.0,487.0133333333333,472.0133333333333,502.0133333333333
stream,1789,451.0,487.0133333333333,472.0133333333333,502.0133333333333
stream,1790,451.0,487.0133333333333,472.0133333333333,502.0133333333333
stream,1791,452.0,487.0133333333333,472.0133333333333,502.0133333333333
stream,1792,451.0,487.0133333333333,472.0133333333333,502.0133333333333
stream,1793,452.0,487.0133333333333,472.0133333333333,502.0133333333333
stream,1794,451.0,487.0133333333333,472.0133333333333,502.0133333333333
stream,1795,452.0,487.0133333333333,472.0133333333333,502.0133333333333
stream,1796,452.0,487.0133333333333,472.0133333333333,502.0133333333333
stream,1797,451.0,487.0133333333333,472.0133333333333,502.0133333333333
stream,1798,452.0,487.0133333333333,472.0133333333333,502.0133333333333
stream,1799,451.0,487.0133333333333,472.0133333333333,502.0133333333333
