segment,end_index,DeltaClkB_nsps,Baseline_nsps,LowerBound_nsps,UpperBound_nsps
stream,0,,140.53333333333333,125.53333333333333,155.53333333333333
stream,1,142.0,140.53333333333333,125.53333333333333,155.53333333333333
stream,2,141.0,140.53333333333333,125.53333333333333,155.53333333333333
stream,3,141.0,140.53333333333333,125.53333333333333,155.53333333333333
stream,4,141.0,140.53333333333333,125.53333333333333,155.53333333333333
stream,5,142.0,140.53333333333333,125.53333333333333,155.53333333333333
stream,6,141.0,140.53333333333333,125.53333333333333,155.53333333333333
stream,7,141.0,140.53333333333333,125.53333333333333,155.53333333333333
stream,8,141.0,140.53333333333333,125.53333333333333,155.53333333333333
stream,9,141.0,140.53333333333333,125.53333333333333,155.53333333333333
stream,10,141.0,140.53333333333333,125.53333333333333,155.53333333333333
stream,11,141.0,140.53333333333333,125.53333333333333,155.53333333333333
stream,12,141.0,140.53333333333333,125.53333333333333,155.53333333333333
stream,13,141.0,140.53333333333333,125.53333333333333,155.53333333333333
stream,14,140.0,140.53333333333333,125.53333333333333,155.53333333333333
stream,15,141.0,140.53333333333333,125.53333333333333,155.53333333333333
stream,16,141.0,140.53333333333333,125.53333333333333,155.53333333333333
stream,17,141.0,140.53333333333333,125.53333333333333,155.53333333333333
stream,18,141.0,140.53333333333333,125.53333333333333,155.53333333333333
stream,19,141.0,140.53333333333333,125.53333333333333,155.53333333333333
stream,20,141.0,140.53333333333333,125.53333333333333,155.53333333333333
stream,21,141.0,140.53333333333333,125.53333333333333,155.53333333333333
stream,22,141.0,140.53333333333333,125.53333333333333,155.53333333333333
stream,23,142.0,140.53333333333333,125.53333333333333,155.53333333333333
stream,24,141.0,140.53333333333333,125.53333333333333,155.53333333333333
stream,25,141.0,140.53333333333333,125.53333333333333,155.53333333333333
stream,26,141.0,140.53333333333333,125.53333333333333,155.53333333333333
stream,27,142.0,140.53333333333333,125.53333333333333,155.53333333333333
stream,28,141.0,140.53333333333333,125.53333333333333,155.53333333333333
stream,29,141.0,140.53333333333333,125.53333333333333,155.53333333333333
stream,30,142.0,140.53333333333333,125.53333333333333,155.53333333333333
stream,31,141.0,140.53333333333333,125.53333333333333,155.53333333333333
stream,32,142.0,140.53333333333333,125.53333333333333,155.53333333333333
stream,33,141.0,140.53333333333333,125.53333333333333,155.53333333333333
stream,34,141.0,140.53333333333333,125.53333333333333,155.53333333333333
stream,35,141.0,140.53333333333333,125.53333333333333,155.53333333333333
stream,36,142.0,140.53333333333333,125.53333333333333,155.53333333333333
stream,37,141.0,140.53333333333333,125.53333333333333,155.53333333333333
stream,38,142.0,140.53333333333333,125.53333333333333,155.53333333333333
stream,39,141.0,140.53333333333333,125.53333333333333,155.53333333333333
stream,40,142.0,140.53333333333333,125.53333333333333,155.53333333333333
stream,41,141.0,140.53333333333333,125.53333333333333,155.53333333333333
stream,42,141.0,140.53333333333333,125.53333333333333,155.53333333333333
stream,43,142.0,140.53333333333333,125.53333333333333,155.53333333333333
stream,44,141.0,140.53333333333333,125.53333333333333,155.53333333333333
stream,45,142.0,140.53333333333333,125.53333333333333,155.53333333333333
stream,46,142.0,140.53333333333333,125.53333333333333,155.53333333333333
stream,47,141.0,140.53333333333333,125.53333333333333,155.53333333333333
stream,48,142.0,140.53333333333333,125.53333333333333,155.53333333333333
stream,49,141.0,140.53333333333333,125.53333333333333,155.53333333333333
stream,50,142.0,140.53333333333333,125.53333333333333,155.53333333333333
stream,51,141.0,140.53333333333333,125.53333333333333,155.53333333333333
stream,52,142.0,140.53333333333333,125.53333333333333,155.53333333333333
stream,53,142.0,140.53333333333333,125.53333333333333,155.53333333333333
stream,54,141.0,140.53333333333333,125.53333333333333,155.53333333333333
stream,55,142.0,140.53333333333333,125.53333333333333,155.53333333333333
stream,56,141.0,140.53333333333333,125.53333333333333,155.53333333333333
stream,57,142.0,140.53333333333333,125.53333333333333,155.53333333333333
stream,58,141.0,140.53333333333333,125.53333333333333,155.53333333333333
stream,59,141.0,140.53333333333333,125.53333333333333,155.53333333333333
stream,60,141.0,140.53333333333333,125.53333333333333,155.53333333333333
stream,61,141.0,140.53333333333333,125.53333333333333,155.53333333333333
stream,62,141.0,140.53333333333333,125.53333333333333,155.53333333333333
stream,63,141.0,140.53333333333333,125.53333333333333,155.53333333333333
stream,64,141.0,140.53333333333333,125.53333333333333,155.53333333333333
stream,65,141.0,140.53333333333333,125.53333333333333,155.53333333333333
stream,66,141.0,140.53333333333333,125.53333333333333,155.53333333333333
stream,67,141.0,140.53333333333333,125.53333333333333,155.53333333333333
stream,68,141.0,140.53333333333333,125.53333333333333,155.53333333333333
stream,69,141.0,140.53333333333333,125.53333333333333,155.53333333333333
stream,70,141.0,140.53333333333333,125.53333333333333,155.53333333333333
stream,71,140.0,140.53333333333333,125.53333333333333,155.53333333333333
stream,72,141.0,140.53333333333333,125.53333333333333,155.53333333333333
stream,73,141.0,140.53333333333333,125.53333333333333,155.53333333333333
stream,74,141.0,140.53333333333333,125.53333333333333,155.53333333333333
stream,75,141.0,140.53333333333333,125.53333333333333,155.53333333333333
stream,76,141.0,140.53333333333333,125.53333333333333,155.53333333333333
stream,77,141.0,140.53333333333333,125.53333333333333,155.53333333333333
stream,78,141.0,140.53333333333333,125.53333333333333,155.53333333333333
stream,79,141.0,140.53333333333333,125.53333333333333,155.53333333333333
stream,80,141.0,140.53333333333333,125.53333333333333,155.53333333333333
stream,81,141.0,140.53333333333333,125.53333333333333,155.53333333333333
stream,82,142.0,140.53333333333333,125.53333333333333,155.53333333333333
stream,83,141.0,140.53333333333333,125.53333333333333,155.53333333333333
stream,84,141.0,140.53333333333333,125.53333333333333,155.53333333333333
stream,85,141.0,140.53333333333333,125.53333333333333,155.53333333333333
stream,86,141.0,140.53333333333333,125.53333333333333,155.53333333333333
stream,87,141.0,140.53333333333333,125.53333333333333,155.53333333333333
stream,88,141.0,140.53333333333333,125.53333333333333,155.53333333333333
stream,89,141.0,140.53333333333333,125.53333333333333,155.53333333333333
stream,90,141.0,140.53333333333333,125.53333333333333,155.53333333333333
stream,91,141.0,140.53333333333333,125.53333333333333,155.53333333333333
stream,92,141.0,140.53333333333333,125.53333333333333,155.53333333333333
stream,93,141.0,140.53333333333333,125.53333333333333,155.53333333333333
stream,94,141.0,140.53333333333333,125.53333333333333,155.53333333333333
stream,95,141.0,140.53333333333333,125.53333333333333,155.53333333333333
stream,96,141.0,140.53333333333333,125.53333333333333,155.53333333333333
stream,97,141.0,140.53333333333333,125.53333333333333,155.53333333333333
stream,98,141.0,140.53333333333333,125.53333333333333,155.53333333333333
stream,99,141.0,140.53333333333333,125.53333333333333,155.53333333333333
stream,100,141.0,140.53333333333333,125.53333333333333,155.53333333333333
stream,101,141.0,140.53333333333333,125.53333333333333,155.53333333333333
stream,102,141.0,140.53333333333333,125.53333333333333,155.53333333333333
stream,103,141.0,140.53333333333333,125.53333333333333,155.53333333333333
stream,104,141.0,140.53333333333333,125.53333333333333,155.53333333333333
stream,105,141.0,140.53333333333333,125.53333333333333,155.53333333333333
stream,106,141.0,140.53333333333333,125.53333333333333,155.53333333333333
stream,107,141.0,140.53333333333333,125.53333333333333,155.53333333333333
stream,108,142.0,140.53333333333333,125.53333333333333,155.53333333333333
stream,109,141.0,140.53333333333333,125.53333333333333,155.53333333333333
stream,110,141.0,140.53333333333333,125.53333333333333,155.53333333333333
stream,111,141.0,140.53333333333333,125.53333333333333,155.53333333333333
stream,112,141.0,140.53333333333333,125.53333333333333,155.53333333333333
stream,113,141.0,140.53333333333333,125.53333333333333,155.53333333333333
stream,114,141.0,140.53333333333333,125.53333333333333,155.53333333333333
stream,115,141.0,140.53333333333333,125.53333333333333,155.53333333333333
stream,116,141.0,140.53333333333333,125.53333333333333,155.53333333333333
stream,117,141.0,140.53333333333333,125.53333333333333,155.53333333333333
stream,118,141.0,140.53333333333333,125.53333333333333,155.53333333333333
stream,119,141.0,140.53333333333333,125.53333333333333,155.53333333333333
stream,120,140.0,140.53333333333333,125.53333333333333,155.53333333333333
stream,121,141.0,140.53333333333333,125.53333333333333,155.53333333333333
stream,122,141.0,140.53333333333333,125.53333333333333,155.53333333333333
stream,123,140.0,140.53333333333333,125.53333333333333,155.53333333333333
stream,124,141.0,140.53333333333333,125.53333333333333,155.53333333333333
stream,125,141.0,140.53333333333333,125.53333333333333,155.53333333333333
stream,126,140.0,140.53333333333333,125.53333333333333,155.53333333333333
stream,127,141.0,140.53333333333333,125.53333333333333,155.53333333333333
stream,128,141.0,140.53333333333333,125.53333333333333,155.53333333333333
stream,129,140.0,140.53333333333333,125.53333333333333,155.53333333333333
stream,130,141.0,140.53333333333333,125.53333333333333,155.53333333333333
stream,131,141.0,140.53333333333333,125.53333333333333,155.53333333333333
stream,132,140.0,140.53333333333333,125.53333333333333,155.53333333333333
stream,133,141.0,140.53333333333333,125.53333333333333,155.53333333333333
stream,134,140.0,140.53333333333333,125.53333333333333,155.53333333333333
stream,135,141.0,140.53333333333333,125.53333333333333,155.53333333333333
stream,136,141.0,140.53333333333333,125.53333333333333,155.53333333333333
stream,137,140.0,140.53333333333333,125.53333333333333,155.53333333333333
stream,138,140.0,140.53333333333333,125.53333333333333,155.53333333333333
stream,139,141.0,140.53333333333333,125.53333333333333,155.53333333333333
stream,140,140.0,140.53333333333333,125.53333333333333,155.53333333333333
stream,141,140.0,140.53333333333333,125.53333333333333,155.53333333333333
stream,142,140.0,140.53333333333333,125.53333333333333,155.53333333333333
stream,143,141.0,140.53333333333333,125.53333333333333,155.53333333333333
stream,144,140.0,140.53333333333333,125.53333333333333,155.53333333333333
stream,145,140.0,140.53333333333333,125.53333333333333,155.53333333333333
stream,146,140.0,140.53333333333333,125.53333333333333,155.53333333333333
stream,147,140.0,140.53333333333333,125.53333333333333,155.53333333333333
stream,148,140.0,140.53333333333333,125.53333333333333,155.53333333333333
stream,149,140.0,140.53333333333333,125.53333333333333,155.53333333333333
stream,150,140.0,140.53333333333333,125.53333333333333,155.53333333333333
stream,151,139.0,140.53333333333333,125.53333333333333,155.53333333333333
stream,152,140.0,140.53333333333333,125.53333333333333,155.53333333333333
stream,153,140.0,140.53333333333333,125.53333333333333,155.53333333333333
stream,154,139.0,140.53333333333333,125.53333333333333,155.53333333333333
stream,155,140.0,140.53333333333333,125.53333333333333,155.53333333333333
stream,156,140.0,140.53333333333333,125.53333333333333,155.53333333333333
stream,157,139.0,140.53333333333333,125.53333333333333,155.53333333333333
stream,158,140.0,140.53333333333333,125.53333333333333,155.53333333333333
stream,159,139.0,140.53333333333333,125.53333333333333,155.53333333333333
stream,160,140.0,140.53333333333333,125.53333333333333,155.53333333333333
stream,161,139.0,140.53333333333333,125.53333333333333,155.53333333333333
stream,162,140.0,140.53333333333333,125.53333333333333,155.53333333333333
stream,163,139.0,140.53333333333333,125.53333333333333,155.53333333333333
stream,164,139.0,140.53333333333333,125.53333333333333,155.53333333333333
stream,165,140.0,140.53333333333333,125.53333333333333,155.53333333333333
stream,166,139.0,140.53333333333333,125.53333333333333,155.53333333333333
stream,167,140.0,140.53333333333333,125.53333333333333,155.53333333333333
stream,168,139.0,140.53333333333333,125.53333333333333,155.53333333333333
stream,169,140.0,140.53333333333333,125.53333333333333,155.53333333333333
stream,170,139.0,140.53333333333333,125.53333333333333,155.53333333333333
stream,171,140.0,140.53333333333333,125.53333333333333,155.53333333333333
stream,172,139.0,140.53333333333333,125.53333333333333,155.53333333333333
stream,173,140.0,140.53333333333333,125.53333333333333,155.53333333333333
stream,174,139.0,140.53333333333333,125.53333333333333,155.53333333333333
stream,175,140.0,140.53333333333333,125.53333333333333,155.53333333333333
stream,176,139.0,140.53333333333333,125.53333333333333,155.53333333333333
stream,177,139.0,140.53333333333333,125.53333333333333,155.53333333333333
stream,178,140.0,140.53333333333333,125.53333333333333,155.53333333333333
stream,179,139.0,140.53333333333333,125.53333333333333,155.53333333333333
stream,180,140.0,140.53333333333333,125.53333333333333,155.53333333333333
stream,181,140.0,140.53333333333333,125.53333333333333,155.53333333333333
stream,182,139.0,140.53333333333333,125.53333333333333,155.53333333333333
stream,183,140.0,140.53333333333333,125.53333333333333,155.53333333333333
stream,184,140.0,140.53333333333333,125.53333333333333,155.53333333333333
stream,185,139.0,140.53333333333333,125.53333333333333,155.53333333333333
stream,186,140.0,140.53333333333333,125.53333333333333,155.53333333333333
stream,187,140.0,140.53333333333333,125.53333333333333,155.53333333333333
stream,188,139.0,140.53333333333333,125.53333333333333,155.53333333333333
stream,189,140.0,140.53333333333333,125.53333333333333,155.53333333333333
stream,190,140.0,140.53333333333333,125.53333333333333,155.53333333333333
stream,191,139.0,140.53333333333333,125.53333333333333,155.53333333333333
stream,192,140.0,140.53333333333333,125.53333333333333,155.53333333333333
stream,193,139.0,140.53333333333333,125.53333333333333,155.53333333333333
stream,194,140.0,140.53333333333333,125.53333333333333,155.53333333333333
stream,195,139.0,140.53333333333333,125.53333333333333,155.53333333333333
stream,196,140.0,140.53333333333333,125.53333333333333,155.53333333333333
stream,197,140.0,140.53333333333333,125.53333333333333,155.53333333333333
stream,198,139.0,140.53333333333333,125.53333333333333,155.53333333333333
stream,199,140.0,140.53333333333333,125.53333333333333,155.53333333333333
stream,200,139.0,140.53333333333333,125.53333333333333,155.53333333333333
stream,201,140.0,140.53333333333333,125.53333333333333,155.53333333333333
stream,202,140.0,140.53333333333333,125.53333333333333,155.53333333333333
stream,203,139.0,140.53333333333333,125.53333333333333,155.53333333333333
stream,204,140.0,140.53333333333333,125.53333333333333,155.53333333333333
stream,205,140.0,140.53333333333333,125.53333333333333,155.53333333333333
stream,206,139.0,140.53333333333333,125.53333333333333,155.53333333333333
stream,207,140.0,140.53333333333333,125.53333333333333,155.53333333333333
stream,208,140.0,140.53333333333333,125.53333333333333,155.53333333333333
stream,209,140.0,140.53333333333333,125.53333333333333,155.53333333333333
stream,210,140.0,140.53333333333333,125.53333333333333,155.53333333333333
stream,211,139.0,140.53333333333333,125.53333333333333,155.53333333333333
stream,212,139.0,140.53333333333333,125.53333333333333,155.53333333333333
stream,213,140.0,140.53333333333333,125.53333333333333,155.53333333333333
stream,214,139.0,140.53333333333333,125.53333333333333,155.53333333333333
stream,215,139.0,140.53333333333333,125.53333333333333,155.53333333333333
stream,216,140.0,140.53333333333333,125.53333333333333,155.53333333333333
stream,217,139.0,140.53333333333333,125.53333333333333,155.53333333333333
stream,218,139.0,140.53333333333333,125.53333333333333,155.53333333333333
stream,219,140.0,140.53333333333333,125.53333333333333,155.53333333333333
stream,220,139.0,140.53333333333333,125.53333333333333,155.53333333333333
stream,221,140.0,140.53333333333333,125.53333333333333,155.53333333333333
stream,222,140.0,140.53333333333333,125.53333333333333,155.53333333333333
stream,223,139.0,140.53333333333333,125.53333333333333,155.53333333333333
stream,224,140.0,140.53333333333333,125.53333333333333,155.53333333333333
stream,225,139.0,140.53333333333333,125.53333333333333,155.53333333333333
stream,226,140.0,140.53333333333333,125.53333333333333,155.53333333333333
stream,227,140.0,140.53333333333333,125.53333333333333,155.53333333333333
stream,228,139.0,140.53333333333333,125.53333333333333,155.53333333333333
stream,229,140.0,140.53333333333333,125.53333333333333,155.53333333333333
stream,230,140.0,140.53333333333333,125.53333333333333,155.53333333333333
stream,231,139.0,140.53333333333333,125.53333333333333,155.53333333333333
stream,232,140.0,140.53333333333333,125.53333333333333,155.53333333333333
stream,233,139.0,140.53333333333333,125.53333333333333,155.53333333333333
stream,234,140.0,140.53333333333333,125.53333333333333,155.53333333333333
stream,235,140.0,140.53333333333333,125.53333333333333,155.53333333333333
stream,236,140.0,140.53333333333333,125.53333333333333,155.53333333333333
stream,237,140.0,140.53333333333333,125.53333333333333,155.53333333333333
stream,238,139.0,140.53333333333333,125.53333333333333,155.53333333333333
stream,239,140.0,140.53333333333333,125.53333333333333,155.53333333333333
stream,240,140.0,140.53333333333333,125.53333333333333,155.53333333333333
stream,241,140.0,140.53333333333333,125.53333333333333,155.53333333333333
stream,242,140.0,140.53333333333333,125.53333333333333,155.53333333333333
stream,243,140.0,140.53333333333333,125.53333333333333,155.53333333333333
stream,244,140.0,140.53333333333333,125.53333333333333,155.53333333333333
stream,245,140.0,140.53333333333333,125.53333333333333,155.53333333333333
stream,246,140.0,140.53333333333333,125.53333333333333,155.53333333333333
stream,247,139.0,140.53333333333333,125.53333333333333,155.53333333333333
stream,248,140.0,140.53333333333333,125.53333333333333,155.53333333333333
stream,249,140.0,140.53333333333333,125.53333333333333,155.53333333333333
stream,250,140.0,140.53333333333333,125.53333333333333,155.53333333333333
stream,251,139.0,140.53333333333333,125.53333333333333,155.53333333333333
stream,252,140.0,140.53333333333333,125.53333333333333,155.53333333333333
stream,253,140.0,140.53333333333333,125.53333333333333,155.53333333333333
stream,254,139.0,140.53333333333333,125.53333333333333,155.53333333333333
stream,255,140.0,140.53333333333333,125.53333333333333,155.53333333333333
stream,256,139.0,140.53333333333333,125.53333333333333,155.53333333333333
stream,257,140.0,140.53333333333333,125.53333333333333,155.53333333333333
stream,258,140.0,140.53333333333333,125.53333333333333,155.53333333333333
stream,259,139.0,140.53333333333333,125.53333333333333,155.53333333333333
stream,260,140.0,140.53333333333333,125.53333333333333,155.53333333333333
stream,261,140.0,140.53333333333333,125.53333333333333,155.53333333333333
stream,262,139.0,140.53333333333333,125.53333333333333,155.53333333333333
stream,263,140.0,140.53333333333333,125.53333333333333,155.53333333333333
stream,264,139.0,140.53333333333333,125.53333333333333,155.53333333333333
stream,265,140.0,140.53333333333333,125.53333333333333,155.53333333333333
stream,266,139.0,140.53333333333333,125.53333333333333,155.53333333333333
stream,267,140.0,140.53333333333333,125.53333333333333,155.53333333333333
stream,268,140.0,140.53333333333333,125.53333333333333,155.53333333333333
stream,269,140.0,140.53333333333333,125.53333333333333,155.53333333333333
stream,270,140.0,140.53333333333333,125.53333333333333,155.53333333333333
stream,271,139.0,140.53333333333333,125.53333333333333,155.53333333333333
stream,272,140.0,140.53333333333333,125.53333333333333,155.53333333333333
stream,273,139.0,140.53333333333333,125.53333333333333,155.53333333333333
stream,274,140.0,140.53333333333333,125.53333333333333,155.53333333333333
stream,275,139.0,140.53333333333333,125.53333333333333,155.53333333333333
stream,276,140.0,140.53333333333333,125.53333333333333,155.53333333333333
stream,277,139.0,140.53333333333333,125.53333333333333,155.53333333333333
stream,278,140.0,140.53333333333333,125.53333333333333,155.53333333333333
stream,279,139.0,140.53333333333333,125.53333333333333,155.53333333333333
stream,280,140.0,140.53333333333333,125.53333333333333,155.53333333333333
stream,281,139.0,140.53333333333333,125.53333333333333,155.53333333333333
stream,282,140.0,140.53333333333333,125.53333333333333,155.53333333333333
stream,283,139.0,140.53333333333333,125.53333333333333,155.53333333333333
stream,284,140.0,140.53333333333333,125.53333333333333,155.53333333333333
stream,285,139.0,140.53333333333333,125.53333333333333,155.53333333333333
stream,286,140.0,140.53333333333333,125.53333333333333,155.53333333333333
stream,287,139.0,140.53333333333333,125.53333333333333,155.53333333333333
stream,288,140.0,140.53333333333333,125.53333333333333,155.53333333333333
stream,289,139.0,140.53333333333333,125.53333333333333,155.53333333333333
stream,290,140.0,140.53333333333333,125.53333333333333,155.53333333333333
stream,291,139.0,140.53333333333333,125.53333333333333,155.53333333333333
stream,292,140.0,140.53333333333333,125.53333333333333,155.53333333333333
stream,293,139.0,140.53333333333333,125.53333333333333,155.53333333333333
stream,294,140.0,140.53333333333333,125.53333333333333,155.53333333333333
stream,295,140.0,140.53333333333333,125.53333333333333,155.53333333333333
stream,296,139.0,140.53333333333333,125.53333333333333,155.53333333333333
stream,297,140.0,140.53333333333333,125.53333333333333,155.53333333333333
stream,298,139.0,140.53333333333333,125.53333333333333,155.53333333333333
stream,299,139.0,140.53333333333333,125.53333333333333,155.53333333333333
stream,300,140.0,140.53333333333333,125.53333333333333,155.53333333333333
stream,301,139.0,140.53333333333333,125.53333333333333,155.53333333333333
stream,302,139.0,140.53333333333333,125.53333333333333,155.53333333333333
stream,303,139.0,140.53333333333333,125.53333333333333,155.53333333333333
stream,304,139.0,140.53333333333333,125.53333333333333,155.53333333333333
stream,305,140.0,140.53333333333333,125.53333333333333,155.53333333333333
stream,306,139.0,140.53333333333333,125.53333333333333,155.53333333333333
stream,307,139.0,140.53333333333333,125.53333333333333,155.53333333333333
stream,308,139.0,140.53333333333333,125.53333333333333,155.53333333333333
stream,309,139.0,140.53333333333333,125.53333333333333,155.53333333333333
stream,310,140.0,140.53333333333333,125.53333333333333,155.53333333333333
stream,311,139.0,140.53333333333333,125.53333333333333,155.53333333333333
stream,312,139.0,140.53333333333333,125.53333333333333,155.53333333333333
stream,313,140.0,140.53333333333333,125.53333333333333,155.53333333333333
stream,314,139.0,140.53333333333333,125.53333333333333,155.53333333333333
stream,315,139.0,140.53333333333333,125.53333333333333,155.53333333333333
stream,316,140.0,140.53333333333333,125.53333333333333,155.53333333333333
stream,317,139.0,140.53333333333333,125.53333333333333,155.53333333333333
stream,318,140.0,140.53333333333333,125.53333333333333,155.53333333333333
stream,319,139.0,140.53333333333333,125.53333333333333,155.53333333333333
stream,320,140.0,140.53333333333333,125.53333333333333,155.53333333333333
stream,321,139.0,140.53333333333333,125.53333333333333,155.53333333333333
stream,322,140.0,140.53333333333333,125.53333333333333,155.53333333333333
stream,323,140.0,140.53333333333333,125.53333333333333,155.53333333333333
stream,324,139.0,140.53333333333333,125.53333333333333,155.53333333333333
stream,325,140.0,140.53333333333333,125.53333333333333,155.53333333333333
stream,326,140.0,140.53333333333333,125.53333333333333,155.53333333333333
stream,327,140.0,140.53333333333333,125.53333333333333,155.53333333333333
stream,328,140.0,140.53333333333333,125.53333333333333,155.53333333333333
stream,329,140.0,140.53333333333333,125.53333333333333,155.53333333333333
stream,330,140.0,140.53333333333333,125.53333333333333,155.53333333333333
stream,331,140.0,140.53333333333333,125.53333333333333,155.53333333333333
stream,332,140.0,140.53333333333333,125.53333333333333,155.53333333333333
stream,333,140.0,140.53333333333333,125.53333333333333,155.53333333333333
stream,334,140.0,140.53333333333333,125.53333333333333,155.53333333333333
stream,335,141.0,140.53333333333333,125.53333333333333,155.53333333333333
stream,336,140.0,140.53333333333333,125.53333333333333,155.53333333333333
stream,337,141.0,140.53333333333333,125.53333333333333,155.53333333333333
stream,338,140.0,140.53333333333333,125.53333333333333,155.53333333333333
stream,339,140.0,140.53333333333333,125.53333333333333,155.53333333333333
stream,340,141.0,140.53333333333333,125.53333333333333,155.53333333333333
stream,341,140.0,140.53333333333333,125.53333333333333,155.53333333333333
stream,342,140.0,140.53333333333333,125.53333333333333,155.53333333333333
stream,343,141.0,140.53333333333333,125.53333333333333,155.53333333333333
stream,344,140.0,140.53333333333333,125.53333333333333,155.53333333333333
stream,345,141.0,140.53333333333333,125.53333333333333,155.53333333333333
stream,346,140.0,140.53333333333333,125.53333333333333,155.53333333333333
stream,347,141.0,140.53333333333333,125.53333333333333,155.53333333333333
stream,348,141.0,140.53333333333333,125.53333333333333,155.53333333333333
stream,349,140.0,140.53333333333333,125.53333333333333,155.53333333333333
stream,350,141.0,140.53333333333333,125.53333333333333,155.53333333333333
stream,351,140.0,140.53333333333333,125.53333333333333,155.53333333333333
stream,352,141.0,140.53333333333333,125.53333333333333,155.53333333333333
stream,353,140.0,140.53333333333333,125.53333333333333,155.53333333333333
stream,354,141.0,140.53333333333333,125.53333333333333,155.53333333333333
stream,355,140.0,140.53333333333333,125.53333333333333,155.53333333333333
stream,356,141.0,140.53333333333333,125.53333333333333,155.53333333333333
stream,357,140.0,140.53333333333333,125.53333333333333,155.53333333333333
stream,358,141.0,140.53333333333333,125.53333333333333,155.53333333333333
stream,359,140.0,140.53333333333333,125.53333333333333,155.53333333333333
stream,360,141.0,140.53333333333333,125.53333333333333,155.53333333333333
stream,361,140.0,140.53333333333333,125.53333333333333,155.53333333333333
stream,362,141.0,140.53333333333333,125.53333333333333,155.53333333333333
stream,363,140.0,140.53333333333333,125.53333333333333,155.53333333333333
stream,364,141.0,140.53333333333333,125.53333333333333,155.53333333333333
stream,365,140.0,140.53333333333333,125.53333333333333,155.53333333333333
stream,366,141.0,140.53333333333333,125.53333333333333,155.53333333333333
stream,367,140.0,140.53333333333333,125.53333333333333,155.53333333333333
stream,368,141.0,140.53333333333333,125.53333333333333,155.53333333333333
stream,369,141.0,140.53333333333333,125.53333333333333,155.53333333333333
stream,370,140.0,140.53333333333333,125.53333333333333,155.53333333333333
stream,371,141.0,140.53333333333333,125.53333333333333,155.53333333333333
stream,372,140.0,140.53333333333333,125.53333333333333,155.53333333333333
stream,373,141.0,140.53333333333333,125.53333333333333,155.53333333333333
stream,374,140.0,140.53333333333333,125.53333333333333,155.53333333333333
stream,375,141.0,140.53333333333333,125.53333333333333,155.53333333333333
stream,376,141.0,140.53333333333333,125.53333333333333,155.53333333333333
stream,377,140.0,140.53333333333333,125.53333333333333,155.53333333333333
stream,378,140.0,140.53333333333333,125.53333333333333,155.53333333333333
stream,379,141.0,140.53333333333333,125.53333333333333,155.53333333333333
stream,380,141.0,140.53333333333333,125.53333333333333,155.53333333333333
stream,381,140.0,140.53333333333333,125.53333333333333,155.53333333333333
stream,382,141.0,140.53333333333333,125.53333333333333,155.53333333333333
stream,383,141.0,140.53333333333333,125.53333333333333,155.53333333333333
stream,384,140.0,140.53333333333333,125.53333333333333,155.53333333333333
stream,385,141.0,140.53333333333333,125.53333333333333,155.53333333333333
stream,386,140.0,140.53333333333333,125.53333333333333,155.53333333333333
stream,387,141.0,140.53333333333333,125.53333333333333,155.53333333333333
stream,388,141.0,140.53333333333333,125.53333333333333,155.53333333333333
stream,389,140.0,140.53333333333333,125.53333333333333,155.53333333333333
stream,390,141.0,140.53333333333333,125.53333333333333,155.53333333333333
stream,391,141.0,140.53333333333333,125.53333333333333,155.53333333333333
stream,392,140.0,140.53333333333333,125.53333333333333,155.53333333333333
stream,393,141.0,140.53333333333333,125.53333333333333,155.53333333333333
stream,394,140.0,140.53333333333333,125.53333333333333,155.53333333333333
stream,395,141.0,140.53333333333333,125.53333333333333,155.53333333333333
stream,396,140.0,140.53333333333333,125.53333333333333,155.53333333333333
stream,397,141.0,140.53333333333333,125.53333333333333,155.53333333333333
stream,398,140.0,140.53333333333333,125.53333333333333,155.53333333333333
stream,399,140.0,140.53333333333333,125.53333333333333,155.53333333333333
stream,400,141.0,140.53333333333333,125.53333333333333,155.53333333333333
stream,401,140.0,140.53333333333333,125.53333333333333,155.53333333333333
stream,402,141.0,140.53333333333333,125.53333333333333,155.53333333333333
stream,403,140.0,140.53333333333333,125.53333333333333,155.53333333333333
stream,404,141.0,140.53333333333333,125.53333333333333,155.53333333333333
stream,405,141.0,140.53333333333333,125.53333333333333,155.53333333333333
stream,406,141.0,140.53333333333333,125.53333333333333,155.53333333333333
stream,407,140.0,140.53333333333333,125.53333333333333,155.53333333333333
stream,408,141.0,140.53333333333333,125.53333333333333,155.53333333333333
stream,409,140.0,140.53333333333333,125.53333333333333,155.53333333333333
stream,410,141.0,140.53333333333333,125.53333333333333,155.53333333333333
stream,411,141.0,140.53333333333333,125.53333333333333,155.53333333333333
stream,412,140.0,140.53333333333333,125.53333333333333,155.53333333333333
stream,413,141.0,140.53333333333333,125.53333333333333,155.53333333333333
stream,414,141.0,140.53333333333333,125.53333333333333,155.53333333333333
stream,415,140.0,140.53333333333333,125.53333333333333,155.53333333333333
stream,416,141.0,140.53333333333333,125.53333333333333,155.53333333333333
stream,417,141.0,140.53333333333333,125.53333333333333,155.53333333333333
stream,418,141.0,140.53333333333333,125.53333333333333,155.53333333333333
stream,419,141.0,140.53333333333333,125.53333333333333,155.53333333333333
stream,420,140.0,140.53333333333333,125.53333333333333,155.53333333333333
stream,421,141.0,140.53333333333333,125.53333333333333,155.53333333333333
stream,422,141.0,140.53333333333333,125.53333333333333,155.53333333333333
stream,423,141.0,140.53333333333333,125.53333333333333,155.53333333333333
stream,424,141.0,140.53333333333333,125.53333333333333,155.53333333333333
stream,425,140.0,140.53333333333333,125.53333333333333,155.53333333333333
stream,426,141.0,140.53333333333333,125.53333333333333,155.53333333333333
stream,427,141.0,140.53333333333333,125.53333333333333,155.53333333333333
stream,428,140.0,140.53333333333333,125.53333333333333,155.53333333333333
stream,429,141.0,140.53333333333333,125.53333333333333,155.53333333333333
stream,430,141.0,140.53333333333333,125.53333333333333,155.53333333333333
stream,431,140.0,140.53333333333333,125.53333333333333,155.53333333333333
stream,432,141.0,140.53333333333333,125.53333333333333,155.53333333333333
stream,433,140.0,140.53333333333333,125.53333333333333,155.53333333333333
stream,434,141.0,140.53333333333333,125.53333333333333,155.53333333333333
stream,435,141.0,140.53333333333333,125.53333333333333,155.53333333333333
stream,436,141.0,140.53333333333333,125.53333333333333,155.53333333333333
stream,437,141.0,140.53333333333333,125.53333333333333,155.53333333333333
stream,438,141.0,140.53333333333333,125.53333333333333,155.53333333333333
stream,439,141.0,140.53333333333333,125.53333333333333,155.53333333333333
stream,440,141.0,140.53333333333333,125.53333333333333,155.53333333333333
stream,441,142.0,140.53333333333333,125.53333333333333,155.53333333333333
stream,442,141.0,140.53333333333333,125.53333333333333,155.53333333333333
stream,443,141.0,140.53333333333333,125.53333333333333,155.53333333333333
stream,444,141.0,140.53333333333333,125.53333333333333,155.53333333333333
stream,445,141.0,140.53333333333333,125.53333333333333,155.53333333333333
stream,446,141.0,140.53333333333333,125.53333333333333,155.53333333333333
stream,447,141.0,140.53333333333333,125.53333333333333,155.53333333333333
stream,448,142.0,140.53333333333333,125.53333333333333,155.53333333333333
stream,449,141.0,140.53333333333333,125.53333333333333,155.53333333333333
stream,450,141.0,140.53333333333333,125.53333333333333,155.53333333333333
stream,451,141.0,140.53333333333333,125.53333333333333,155.53333333333333
stream,452,142.0,140.53333333333333,125.53333333333333,155.53333333333333
stream,453,141.0,140.53333333333333,125.53333333333333,155.53333333333333
stream,454,141.0,140.53333333333333,125.53333333333333,155.53333333333333
stream,455,142.0,140.53333333333333,125.53333333333333,155.53333333333333
stream,456,141.0,140.53333333333333,125.53333333333333,155.53333333333333
stream,457,142.0,140.53333333333333,125.53333333333333,155.53333333333333
stream,458,141.0,140.53333333333333,125.53333333333333,155.53333333333333
stream,459,142.0,140.53333333333333,125.53333333333333,155.53333333333333
stream,460,141.0,140.53333333333333,125.53333333333333,155.53333333333333
stream,461,142.0,140.53333333333333,125.53333333333333,155.53333333333333
stream,462,141.0,140.53333333333333,125.53333333333333,155.53333333333333
stream,463,142.0,140.53333333333333,125.53333333333333,155.53333333333333
stream,464,142.0,140.53333333333333,125.53333333333333,155.53333333333333
stream,465,141.0,140.53333333333333,125.53333333333333,155.53333333333333
stream,466,142.0,140.53333333333333,125.53333333333333,155.53333333333333
stream,467,141.0,140.53333333333333,125.53333333333333,155.53333333333333
stream,468,142.0,140.53333333333333,125.53333333333333,155.53333333333333
stream,469,141.0,140.53333333333333,125.53333333333333,155.53333333333333
stream,470,142.0,140.53333333333333,125.53333333333333,155.53333333333333
stream,471,142.0,140.53333333333333,125.53333333333333,155.53333333333333
stream,472,141.0,140.53333333333333,125.53333333333333,155.53333333333333
stream,473,142.0,140.53333333333333,125.53333333333333,155.53333333333333
stream,474,142.0,140.53333333333333,125.53333333333333,155.53333333333333
stream,475,142.0,140.53333333333333,125.53333333333333,155.53333333333333
stream,476,141.0,140.53333333333333,125.53333333333333,155.53333333333333
stream,477,142.0,140.53333333333333,125.53333333333333,155.53333333333333
stream,478,142.0,140.53333333333333,125.53333333333333,155.53333333333333
stream,479,141.0,140.53333333333333,125.53333333333333,155.53333333333333
stream,480,142.0,140.53333333333333,125.53333333333333,155.53333333333333
stream,481,142.0,140.53333333333333,125.53333333333333,155.53333333333333
stream,482,142.0,140.53333333333333,125.53333333333333,155.53333333333333
stream,483,141.0,140.53333333333333,125.53333333333333,155.53333333333333
stream,484,142.0,140.53333333333333,125.53333333333333,155.53333333333333
stream,485,142.0,140.53333333333333,125.53333333333333,155.53333333333333
stream,486,142.0,140.53333333333333,125.53333333333333,155.53333333333333
stream,487,141.0,140.53333333333333,125.53333333333333,155.53333333333333
stream,488,142.0,140.53333333333333,125.53333333333333,155.53333333333333
stream,489,142.0,140.53333333333333,125.53333333333333,155.53333333333333
stream,490,142.0,140.53333333333333,125.53333333333333,155.53333333333333
stream,491,141.0,140.53333333333333,125.53333333333333,155.53333333333333
stream,492,142.0,140.53333333333333,125.53333333333333,155.53333333333333
stream,493,142.0,140.53333333333333,125.53333333333333,155.53333333333333
stream,494,142.0,140.53333333333333,125.53333333333333,155.53333333333333
stream,495,142.0,140.53333333333333,125.53333333333333,155.53333333333333
stream,496,142.0,140.53333333333333,125.53333333333333,155.53333333333333
stream,497,141.0,140.53333333333333,125.53333333333333,155.53333333333333
stream,498,142.0,140.53333333333333,125.53333333333333,155.53333333333333
stream,499,142.0,140.53333333333333,125.53333333333333,155.53333333333333
stream,500,142.0,140.53333333333333,125.53333333333333,155.53333333333333
stream,501,142.0,140.53333333333333,125.53333333333333,155.53333333333333
stream,502,141.0,140.53333333333333,125.53333333333333,155.53333333333333
stream,503,142.0,140.53333333333333,125.53333333333333,155.53333333333333
stream,504,142.0,140.53333333333333,125.53333333333333,155.53333333333333
stream,505,142.0,140.53333333333333,125.53333333333333,155.53333333333333
stream,506,142.0,140.53333333333333,125.53333333333333,155.53333333333333
stream,507,142.0,140.53333333333333,125.53333333333333,155.53333333333333
stream,508,142.0,140.53333333333333,125.53333333333333,155.53333333333333
stream,509,142.0,140.53333333333333,125.53333333333333,155.53333333333333
stream,510,141.0,140.53333333333333,125.53333333333333,155.53333333333333
stream,511,142.0,140.53333333333333,125.53333333333333,155.53333333333333
stream,512,141.0,140.53333333333333,125.53333333333333,155.53333333333333
stream,513,142.0,140.53333333333333,125.53333333333333,155.53333333333333
stream,514,142.0,140.53333333333333,125.53333333333333,155.53333333333333
stream,515,141.0,140.53333333333333,125.53333333333333,155.53333333333333
stream,516,142.0,140.53333333333333,125.53333333333333,155.53333333333333
stream,517,142.0,140.53333333333333,125.53333333333333,155.53333333333333
stream,518,142.0,140.53333333333333,125.53333333333333,155.53333333333333
stream,519,141.0,140.53333333333333,125.53333333333333,155.53333333333333
stream,520,142.0,140.53333333333333,125.53333333333333,155.53333333333333
stream,521,141.0,140.53333333333333,125.53333333333333,155.53333333333333
stream,522,142.0,140.53333333333333,125.53333333333333,155.53333333333333
stream,523,142.0,140.53333333333333,125.53333333333333,155.53333333333333
stream,524,141.0,140.53333333333333,125.53333333333333,155.53333333333333
stream,525,141.0,140.53333333333333,125.53333333333333,155.53333333333333
stream,526,142.0,140.53333333333333,125.53333333333333,155.53333333333333
stream,527,141.0,140.53333333333333,125.53333333333333,155.53333333333333
stream,528,141.0,140.53333333333333,125.53333333333333,155.53333333333333
stream,529,141.0,140.53333333333333,125.53333333333333,155.53333333333333
stream,530,141.0,140.53333333333333,125.53333333333333,155.53333333333333
stream,531,141.0,140.53333333333333,125.53333333333333,155.53333333333333
stream,532,141.0,140.53333333333333,125.53333333333333,155.53333333333333
stream,533,141.0,140.53333333333333,125.53333333333333,155.53333333333333
stream,534,141.0,140.53333333333333,125.53333333333333,155.53333333333333
stream,535,141.0,140.53333333333333,125.53333333333333,155.53333333333333
stream,536,141.0,140.53333333333333,125.53333333333333,155.53333333333333
stream,537,141.0,140.53333333333333,125.53333333333333,155.53333333333333
stream,538,140.0,140.53333333333333,125.53333333333333,155.53333333333333
stream,539,141.0,140.53333333333333,125.53333333333333,155.53333333333333
stream,540,141.0,140.53333333333333,125.53333333333333,155.53333333333333
stream,541,141.0,140.53333333333333,125.53333333333333,155.53333333333333
stream,542,140.0,140.53333333333333,125.53333333333333,155.53333333333333
stream,543,141.0,140.53333333333333,125.53333333333333,155.53333333333333
stream,544,140.0,140.53333333333333,125.53333333333333,155.53333333333333
stream,545,141.0,140.53333333333333,125.53333333333333,155.53333333333333
stream,546,141.0,140.53333333333333,125.53333333333333,155.53333333333333
stream,547,140.0,140.53333333333333,125.53333333333333,155.53333333333333
stream,548,141.0,140.53333333333333,125.53333333333333,155.53333333333333
stream,549,140.0,140.53333333333333,125.53333333333333,155.53333333333333
stream,550,140.0,140.53333333333333,125.53333333333333,155.53333333333333
stream,551,141.0,140.53333333333333,125.53333333333333,155.53333333333333
stream,552,140.0,140.53333333333333,125.53333333333333,155.53333333333333
stream,553,141.0,140.53333333333333,125.53333333333333,155.53333333333333
stream,554,140.0,140.53333333333333,125.53333333333333,155.53333333333333
stream,555,141.0,140.53333333333333,125.53333333333333,155.53333333333333
stream,556,140.0,140.53333333333333,125.53333333333333,155.53333333333333
stream,557,141.0,140.53333333333333,125.53333333333333,155.53333333333333
stream,558,140.0,140.53333333333333,125.53333333333333,155.53333333333333
stream,559,141.0,140.53333333333333,125.53333333333333,155.53333333333333
stream,560,140.0,140.53333333333333,125.53333333333333,155.53333333333333
stream,561,140.0,140.53333333333333,125.53333333333333,155.53333333333333
stream,562,141.0,140.53333333333333,125.53333333333333,155.53333333333333
stream,563,140.0,140.53333333333333,125.53333333333333,155.53333333333333
stream,564,140.0,140.53333333333333,125.53333333333333,155.53333333333333
stream,565,141.0,140.53333333333333,125.53333333333333,155.53333333333333
stream,566,140.0,140.53333333333333,125.53333333333333,155.53333333333333
stream,567,141.0,140.53333333333333,125.53333333333333,155.53333333333333
stream,568,141.0,140.53333333333333,125.53333333333333,155.53333333333333
stream,569,141.0,140.53333333333333,125.53333333333333,155.53333333333333
stream,570,140.0,140.53333333333333,125.53333333333333,155.53333333333333
stream,571,141.0,140.53333333333333,125.53333333333333,155.53333333333333
stream,572,141.0,140.53333333333333,125.53333333333333,155.53333333333333
stream,573,140.0,140.53333333333333,125.53333333333333,155.53333333333333
stream,574,141.0,140.53333333333333,125.53333333333333,155.53333333333333
stream,575,141.0,140.53333333333333,125.53333333333333,155.53333333333333
stream,576,140.0,140.53333333333333,125.53333333333333,155.53333333333333
stream,577,141.0,140.53333333333333,125.53333333333333,155.53333333333333
stream,578,141.0,140.53333333333333,125.53333333333333,155.53333333333333
stream,579,140.0,140.53333333333333,125.53333333333333,155.53333333333333
stream,580,141.0,140.53333333333333,125.53333333333333,155.53333333333333
stream,581,141.0,140.53333333333333,125.53333333333333,155.53333333333333
stream,582,140.0,140.53333333333333,125.53333333333333,155.53333333333333
stream,583,141.0,140.53333333333333,125.53333333333333,155.53333333333333
stream,584,140.0,140.53333333333333,125.53333333333333,155.53333333333333
stream,585,141.0,140.53333333333333,125.53333333333333,155.53333333333333
stream,586,140.0,140.53333333333333,125.53333333333333,155.53333333333333
stream,587,141.0,140.53333333333333,125.53333333333333,155.53333333333333
stream,588,141.0,140.53333333333333,125.53333333333333,155.53333333333333
stream,589,140.0,140.53333333333333,125.53333333333333,155.53333333333333
stream,590,141.0,140.53333333333333,125.53333333333333,155.53333333333333
stream,591,140.0,140.53333333333333,125.53333333333333,155.53333333333333
stream,592,141.0,140.53333333333333,125.53333333333333,155.53333333333333
stream,593,140.0,140.53333333333333,125.53333333333333,155.53333333333333
stream,594,140.0,140.53333333333333,125.53333333333333,155.53333333333333
stream,595,141.0,140.53333333333333,125.53333333333333,155.53333333333333
stream,596,140.0,140.53333333333333,125.53333333333333,155.53333333333333
stream,597,140.0,140.53333333333333,125.53333333333333,155.53333333333333
stream,598,140.0,140.53333333333333,125.53333333333333,155.53333333333333
stream,599,141.0,140.53333333333333,125.53333333333333,155.53333333333333
stream,600,140.0,140.53333333333333,125.53333333333333,155.53333333333333
stream,601,140.0,140.53333333333333,125.53333333333333,155.53333333333333
stream,602,140.0,140.53333333333333,125.53333333333333,155.53333333333333
stream,603,141.0,140.53333333333333,125.53333333333333,155.53333333333333
stream,604,140.0,140.53333333333333,125.53333333333333,155.53333333333333
stream,605,140.0,140.53333333333333,125.53333333333333,155.53333333333333
stream,606,141.0,140.53333333333333,125.53333333333333,155.53333333333333
stream,607,140.0,140.53333333333333,125.53333333333333,155.53333333333333
stream,608,140.0,140.53333333333333,125.53333333333333,155.53333333333333
stream,609,140.0,140.53333333333333,125.53333333333333,155.53333333333333
stream,610,141.0,140.53333333333333,125.53333333333333,155.53333333333333
stream,611,140.0,140.53333333333333,125.53333333333333,155.53333333333333
stream,612,140.0,140.53333333333333,125.53333333333333,155.53333333333333
stream,613,141.0,140.53333333333333,125.53333333333333,155.53333333333333
stream,614,140.0,140.53333333333333,125.53333333333333,155.53333333333333
stream,615,140.0,140.53333333333333,125.53333333333333,155.53333333333333
stream,616,140.0,140.53333333333333,125.53333333333333,155.53333333333333
stream,617,140.0,140.53333333333333,125.53333333333333,155.53333333333333
stream,618,140.0,140.53333333333333,125.53333333333333,155.53333333333333
stream,619,139.0,140.53333333333333,125.53333333333333,155.53333333333333
stream,620,140.0,140.53333333333333,125.53333333333333,155.53333333333333
stream,621,140.0,140.53333333333333,125.53333333333333,155.53333333333333
stream,622,140.0,140.53333333333333,125.53333333333333,155.53333333333333
stream,623,139.0,140.53333333333333,125.53333333333333,155.53333333333333
stream,624,140.0,140.53333333333333,125.53333333333333,155.53333333333333
stream,625,140.0,140.53333333333333,125.53333333333333,155.53333333333333
stream,626,140.0,140.53333333333333,125.53333333333333,155.53333333333333
stream,627,140.0,140.53333333333333,125.53333333333333,155.53333333333333
stream,628,140.0,140.53333333333333,125.53333333333333,155.53333333333333
stream,629,140.0,140.53333333333333,125.53333333333333,155.53333333333333
stream,630,140.0,140.53333333333333,125.53333333333333,155.53333333333333
stream,631,140.0,140.53333333333333,125.53333333333333,155.53333333333333
stream,632,140.0,140.53333333333333,125.53333333333333,155.53333333333333
stream,633,140.0,140.53333333333333,125.53333333333333,155.53333333333333
stream,634,140.0,140.53333333333333,125.53333333333333,155.53333333333333
stream,635,140.0,140.53333333333333,125.53333333333333,155.53333333333333
stream,636,140.0,140.53333333333333,125.53333333333333,155.53333333333333
stream,637,140.0,140.53333333333333,125.53333333333333,155.53333333333333
stream,638,140.0,140.53333333333333,125.53333333333333,155.53333333333333
stream,639,140.0,140.53333333333333,125.53333333333333,155.53333333333333
stream,640,140.0,140.53333333333333,125.53333333333333,155.53333333333333
stream,641,140.0,140.53333333333333,125.53333333333333,155.53333333333333
stream,642,140.0,140.53333333333333,125.53333333333333,155.53333333333333
stream,643,139.0,140.53333333333333,125.53333333333333,155.53333333333333
stream,644,140.0,140.53333333333333,125.53333333333333,155.53333333333333
stream,645,140.0,140.53333333333333,125.53333333333333,155.53333333333333
stream,646,140.0,140.53333333333333,125.53333333333333,155.53333333333333
stream,647,140.0,140.53333333333333,125.53333333333333,155.53333333333333
stream,648,139.0,140.53333333333333,125.53333333333333,155.53333333333333
stream,649,140.0,140.53333333333333,125.53333333333333,155.53333333333333
stream,650,140.0,140.53333333333333,125.53333333333333,155.53333333333333
stream,651,139.0,140.53333333333333,125.53333333333333,155.53333333333333
stream,652,140.0,140.53333333333333,125.53333333333333,155.53333333333333
stream,653,139.0,140.53333333333333,125.53333333333333,155.53333333333333
stream,654,139.0,140.53333333333333,125.53333333333333,155.53333333333333
stream,655,140.0,140.53333333333333,125.53333333333333,155.53333333333333
stream,656,139.0,140.53333333333333,125.53333333333333,155.53333333333333
stream,657,139.0,140.53333333333333,125.53333333333333,155.53333333333333
stream,658,140.0,140.53333333333333,125.53333333333333,155.53333333333333
stream,659,139.0,140.53333333333333,125.53333333333333,155.53333333333333
stream,660,139.0,140.53333333333333,125.53333333333333,155.53333333333333
stream,661,140.0,140.53333333333333,125.53333333333333,155.53333333333333
stream,662,139.0,140.53333333333333,125.53333333333333,155.53333333333333
stream,663,139.0,140.53333333333333,125.53333333333333,155.53333333333333
stream,664,139.0,140.53333333333333,125.53333333333333,155.53333333333333
stream,665,139.0,140.53333333333333,125.53333333333333,155.53333333333333
stream,666,139.0,140.53333333333333,125.53333333333333,155.53333333333333
stream,667,139.0,140.53333333333333,125.53333333333333,155.53333333333333
stream,668,139.0,140.53333333333333,125.53333333333333,155.53333333333333
stream,669,139.0,140.53333333333333,125.53333333333333,155.53333333333333
stream,670,139.0,140.53333333333333,125.53333333333333,155.53333333333333
stream,671,139.0,140.53333333333333,125.53333333333333,155.53333333333333
stream,672,140.0,140.53333333333333,125.53333333333333,155.53333333333333
stream,673,139.0,140.53333333333333,125.53333333333333,155.53333333333333
stream,674,139.0,140.53333333333333,125.53333333333333,155.53333333333333
stream,675,139.0,140.53333333333333,125.53333333333333,155.53333333333333
stream,676,139.0,140.53333333333333,125.53333333333333,155.53333333333333
stream,677,139.0,140.53333333333333,125.53333333333333,155.53333333333333
stream,678,139.0,140.53333333333333,125.53333333333333,155.53333333333333
stream,679,139.0,140.53333333333333,125.53333333333333,155.53333333333333
stream,680,139.0,140.53333333333333,125.53333333333333,155.53333333333333
stream,681,139.0,140.53333333333333,125.53333333333333,155.53333333333333
stream,682,139.0,140.53333333333333,125.53333333333333,155.53333333333333
stream,683,139.0,140.53333333333333,125.53333333333333,155.53333333333333
stream,684,140.0,140.53333333333333,125.53333333333333,155.53333333333333
stream,685,139.0,140.53333333333333,125.53333333333333,155.53333333333333
stream,686,139.0,140.53333333333333,125.53333333333333,155.53333333333333
stream,687,139.0,140.53333333333333,125.53333333333333,155.53333333333333
stream,688,139.0,140.53333333333333,125.53333333333333,155.53333333333333
stream,689,139.0,140.53333333333333,125.53333333333333,155.53333333333333
stream,690,139.0,140.53333333333333,125.53333333333333,155.53333333333333
stream,691,139.0,140.53333333333333,125.53333333333333,155.53333333333333
stream,692,139.0,140.53333333333333,125.53333333333333,155.53333333333333
stream,693,139.0,140.53333333333333,125.53333333333333,155.53333333333333
stream,694,139.0,140.53333333333333,125.53333333333333,155.53333333333333
stream,695,139.0,140.53333333333333,125.53333333333333,155.53333333333333
stream,696,139.0,140.53333333333333,125.53333333333333,155.53333333333333
stream,697,139.0,140.53333333333333,125.53333333333333,155.53333333333333
stream,698,138.0,140.53333333333333,125.53333333333333,155.53333333333333
stream,699,139.0,140.53333333333333,125.53333333333333,155.53333333333333
stream,700,139.0,140.53333333333333,125.53333333333333,155.53333333333333
stream,701,139.0,140.53333333333333,125.53333333333333,155.53333333333333
stream,702,139.0,140.53333333333333,125.53333333333333,155.53333333333333
stream,703,139.0,140.53333333333333,125.53333333333333,155.53333333333333
stream,704,138.0,140.53333333333333,125.53333333333333,155.53333333333333
stream,705,139.0,140.53333333333333,125.53333333333333,155.53333333333333
stream,706,139.0,140.53333333333333,125.53333333333333,155.53333333333333
stream,707,139.0,140.53333333333333,125.53333333333333,155.53333333333333
stream,708,139.0,140.53333333333333,125.53333333333333,155.53333333333333
stream,709,139.0,140.53333333333333,125.53333333333333,155.53333333333333
stream,710,139.0,140.53333333333333,125.53333333333333,155.53333333333333
stream,711,139.0,140.53333333333333,125.53333333333333,155.53333333333333
stream,712,140.0,140.53333333333333,125.53333333333333,155.53333333333333
stream,713,139.0,140.53333333333333,125.53333333333333,155.53333333333333
stream,714,139.0,140.53333333333333,125.53333333333333,155.53333333333333
stream,715,140.0,140.53333333333333,125.53333333333333,155.53333333333333
stream,716,139.0,140.53333333333333,125.53333333333333,155.53333333333333
stream,717,140.0,140.53333333333333,125.53333333333333,155.53333333333333
stream,718,139.0,140.53333333333333,125.53333333333333,155.53333333333333
stream,719,140.0,140.53333333333333,125.53333333333333,155.53333333333333
stream,720,140.0,140.53333333333333,125.53333333333333,155.53333333333333
stream,721,140.0,140.53333333333333,125.53333333333333,155.53333333333333
stream,722,139.0,140.53333333333333,125.53333333333333,155.53333333333333
stream,723,140.0,140.53333333333333,125.53333333333333,155.53333333333333
stream,724,140.0,140.53333333333333,125.53333333333333,155.53333333333333
stream,725,140.0,140.53333333333333,125.53333333333333,155.53333333333333
stream,726,140.0,140.53333333333333,125.53333333333333,155.53333333333333
stream,727,141.0,140.53333333333333,125.53333333333333,155.53333333333333
stream,728,140.0,140.53333333333333,125.53333333333333,155.53333333333333
stream,729,140.0,140.53333333333333,125.53333333333333,155.53333333333333
stream,730,141.0,140.53333333333333,125.53333333333333,155.53333333333333
stream,731,140.0,140.53333333333333,125.53333333333333,155.53333333333333
stream,732,141.0,140.53333333333333,125.53333333333333,155.53333333333333
stream,733,140.0,140.53333333333333,125.53333333333333,155.53333333333333
stream,734,141.0,140.53333333333333,125.53333333333333,155.53333333333333
stream,735,141.0,140.53333333333333,125.53333333333333,155.53333333333333
stream,736,140.0,140.53333333333333,125.53333333333333,155.53333333333333
stream,737,141.0,140.53333333333333,125.53333333333333,155.53333333333333
stream,738,141.0,140.53333333333333,125.53333333333333,155.53333333333333
stream,739,141.0,140.53333333333333,125.53333333333333,155.53333333333333
stream,740,141.0,140.53333333333333,125.53333333333333,155.53333333333333
stream,741,141.0,140.53333333333333,125.53333333333333,155.53333333333333
stream,742,140.0,140.53333333333333,125.53333333333333,155.53333333333333
stream,743,141.0,140.53333333333333,125.53333333333333,155.53333333333333
stream,744,141.0,140.53333333333333,125.53333333333333,155.53333333333333
stream,745,141.0,140.53333333333333,125.53333333333333,155.53333333333333
stream,746,141.0,140.53333333333333,125.53333333333333,155.53333333333333
stream,747,141.0,140.53333333333333,125.53333333333333,155.53333333333333
stream,748,142.0,140.53333333333333,125.53333333333333,155.53333333333333
stream,749,141.0,140.53333333333333,125.53333333333333,155.53333333333333
stream,750,141.0,140.53333333333333,125.53333333333333,155.53333333333333
stream,751,142.0,140.53333333333333,125.53333333333333,155.53333333333333
stream,752,141.0,140.53333333333333,125.53333333333333,155.53333333333333
stream,753,142.0,140.53333333333333,125.53333333333333,155.53333333333333
stream,754,141.0,140.53333333333333,125.53333333333333,155.53333333333333
stream,755,142.0,140.53333333333333,125.53333333333333,155.53333333333333
stream,756,141.0,140.53333333333333,125.53333333333333,155.53333333333333
stream,757,142.0,140.53333333333333,125.53333333333333,155.53333333333333
stream,758,142.0,140.53333333333333,125.53333333333333,155.53333333333333
stream,759,142.0,140.53333333333333,125.53333333333333,155.53333333333333
stream,760,142.0,140.53333333333333,125.53333333333333,155.53333333333333
stream,761,142.0,140.53333333333333,125.53333333333333,155.53333333333333
stream,762,142.0,140.53333333333333,125.53333333333333,155.53333333333333
stream,763,142.0,140.53333333333333,125.53333333333333,155.53333333333333
stream,764,143.0,140.53333333333333,125.53333333333333,155.53333333333333
stream,765,142.0,140.53333333333333,125.53333333333333,155.53333333333333
stream,766,142.0,140.53333333333333,125.53333333333333,155.53333333333333
stream,767,142.0,140.53333333333333,125.53333333333333,155.53333333333333
stream,768,142.0,140.53333333333333,125.53333333333333,155.53333333333333
stream,769,142.0,140.53333333333333,125.53333333333333,155.53333333333333
stream,770,142.0,140.53333333333333,125.53333333333333,155.53333333333333
stream,771,143.0,140.53333333333333,125.53333333333333,155.53333333333333
stream,772,142.0,140.53333333333333,125.53333333333333,155.53333333333333
stream,773,142.0,140.53333333333333,125.53333333333333,155.53333333333333
stream,774,142.0,140.53333333333333,125.53333333333333,155.53333333333333
stream,775,143.0,140.53333333333333,125.53333333333333,155.53333333333333
stream,776,142.0,140.53333333333333,125.53333333333333,155.53333333333333
stream,777,142.0,140.53333333333333,125.53333333333333,155.53333333333333
stream,778,143.0,140.53333333333333,125.53333333333333,155.53333333333333
stream,779,142.0,140.53333333333333,125.53333333333333,155.53333333333333
stream,780,142.0,140.53333333333333,125.53333333333333,155.53333333333333
stream,781,143.0,140.53333333333333,125.53333333333333,155.53333333333333
stream,782,142.0,140.53333333333333,125.53333333333333,155.53333333333333
stream,783,143.0,140.53333333333333,125.53333333333333,155.53333333333333
stream,784,142.0,140.53333333333333,125.53333333333333,155.53333333333333
stream,785,143.0,140.53333333333333,125.53333333333333,155.53333333333333
stream,786,142.0,140.53333333333333,125.53333333333333,155.53333333333333
stream,787,143.0,140.53333333333333,125.53333333333333,155.53333333333333
stream,788,142.0,140.53333333333333,125.53333333333333,155.53333333333333
stream,789,143.0,140.53333333333333,125.53333333333333,155.53333333333333
stream,790,143.0,140.53333333333333,125.53333333333333,155.53333333333333
stream,791,143.0,140.53333333333333,125.53333333333333,155.53333333333333
stream,792,142.0,140.53333333333333,125.53333333333333,155.53333333333333
stream,793,143.0,140.53333333333333,125.53333333333333,155.53333333333333
stream,794,142.0,140.53333333333333,125.53333333333333,155.53333333333333
stream,795,143.0,140.53333333333333,125.53333333333333,155.53333333333333
stream,796,143.0,140.53333333333333,125.53333333333333,155.53333333333333
stream,797,143.0,140.53333333333333,125.53333333333333,155.53333333333333
stream,798,143.0,140.53333333333333,125.53333333333333,155.53333333333333
stream,799,143.0,140.53333333333333,125.53333333333333,155.53333333333333
stream,800,143.0,140.53333333333333,125.53333333333333,155.53333333333333
stream,801,142.0,140.53333333333333,125.53333333333333,155.53333333333333
stream,802,143.0,140.53333333333333,125.53333333333333,155.53333333333333
stream,803,143.0,140.53333333333333,125.53333333333333,155.53333333333333
stream,804,143.0,140.53333333333333,125.53333333333333,155.53333333333333
stream,805,143.0,140.53333333333333,125.53333333333333,155.53333333333333
stream,806,143.0,140.53333333333333,125.53333333333333,155.53333333333333
stream,807,143.0,140.53333333333333,125.53333333333333,155.53333333333333
stream,808,143.0,140.53333333333333,125.53333333333333,155.53333333333333
stream,809,143.0,140.53333333333333,125.53333333333333,155.53333333333333
stream,810,143.0,140.53333333333333,125.53333333333333,155.53333333333333
stream,811,143.0,140.53333333333333,125.53333333333333,155.53333333333333
stream,812,143.0,140.53333333333333,125.53333333333333,155.53333333333333
stream,813,143.0,140.53333333333333,125.53333333333333,155.53333333333333
stream,814,144.0,140.53333333333333,125.53333333333333,155.53333333333333
stream,815,143.0,140.53333333333333,125.53333333333333,155.53333333333333
stream,816,143.0,140.53333333333333,125.53333333333333,155.53333333333333
stream,817,144.0,140.53333333333333,125.53333333333333,155.53333333333333
stream,818,144.0,140.53333333333333,125.53333333333333,155.53333333333333
stream,819,143.0,140.53333333333333,125.53333333333333,155.53333333333333
stream,820,144.0,140.53333333333333,125.53333333333333,155.53333333333333
stream,821,144.0,140.53333333333333,125.53333333333333,155.53333333333333
stream,822,144.0,140.53333333333333,125.53333333333333,155.53333333333333
stream,823,144.0,140.53333333333333,125.53333333333333,155.53333333333333
stream,824,144.0,140.53333333333333,125.53333333333333,155.53333333333333
stream,825,144.0,140.53333333333333,125.53333333333333,155.53333333333333
stream,826,144.0,140.53333333333333,125.53333333333333,155.53333333333333
stream,827,144.0,140.53333333333333,125.53333333333333,155.53333333333333
stream,828,144.0,140.53333333333333,125.53333333333333,155.53333333333333
stream,829,144.0,140.53333333333333,125.53333333333333,155.53333333333333
stream,830,144.0,140.53333333333333,125.53333333333333,155.53333333333333
stream,831,144.0,140.53333333333333,125.53333333333333,155.53333333333333
stream,832,144.0,140.53333333333333,125.53333333333333,155.53333333333333
stream,833,144.0,140.53333333333333,125.53333333333333,155.53333333333333
stream,834,144.0,140.53333333333333,125.53333333333333,155.53333333333333
stream,835,144.0,140.53333333333333,125.53333333333333,155.53333333333333
stream,836,144.0,140.53333333333333,125.53333333333333,155.53333333333333
stream,837,144.0,140.53333333333333,125.53333333333333,155.53333333333333
stream,838,144.0,140.53333333333333,125.53333333333333,155.53333333333333
stream,839,144.0,140.53333333333333,125.53333333333333,155.53333333333333
stream,840,143.0,140.53333333333333,125.53333333333333,155.53333333333333
stream,841,144.0,140.53333333333333,125.53333333333333,155.53333333333333
stream,842,144.0,140.53333333333333,125.53333333333333,155.53333333333333
stream,843,143.0,140.53333333333333,125.53333333333333,155.53333333333333
stream,844,144.0,140.53333333333333,125.53333333333333,155.53333333333333
stream,845,144.0,140.53333333333333,125.53333333333333,155.53333333333333
stream,846,143.0,140.53333333333333,125.53333333333333,155.53333333333333
stream,847,144.0,140.53333333333333,125.53333333333333,155.53333333333333
stream,848,144.0,140.53333333333333,125.53333333333333,155.53333333333333
stream,849,143.0,140.53333333333333,125.53333333333333,155.53333333333333
stream,850,144.0,140.53333333333333,125.53333333333333,155.53333333333333
stream,851,143.0,140.53333333333333,125.53333333333333,155.53333333333333
stream,852,143.0,140.53333333333333,125.53333333333333,155.53333333333333
stream,853,143.0,140.53333333333333,125.53333333333333,155.53333333333333
stream,854,144.0,140.53333333333333,125.53333333333333,155.53333333333333
stream,855,143.0,140.53333333333333,125.53333333333333,155.53333333333333
stream,856,143.0,140.53333333333333,125.53333333333333,155.53333333333333
stream,857,144.0,140.53333333333333,125.53333333333333,155.53333333333333
stream,858,143.0,140.53333333333333,125.53333333333333,155.53333333333333
stream,859,143.0,140.53333333333333,125.53333333333333,155.53333333333333
stream,860,143.0,140.53333333333333,125.53333333333333,155.53333333333333
stream,861,143.0,140.53333333333333,125.53333333333333,155.53333333333333
stream,862,143.0,140.53333333333333,125.53333333333333,155.53333333333333
stream,863,143.0,140.53333333333333,125.53333333333333,155.53333333333333
stream,864,143.0,140.53333333333333,125.53333333333333,155.53333333333333
stream,865,143.0,140.53333333333333,125.53333333333333,155.53333333333333
stream,866,143.0,140.53333333333333,125.53333333333333,155.53333333333333
stream,867,143.0,140.53333333333333,125.53333333333333,155.53333333333333
stream,868,143.0,140.53333333333333,125.53333333333333,155.53333333333333
stream,869,142.0,140.53333333333333,125.53333333333333,155.53333333333333
stream,870,143.0,140.53333333333333,125.53333333333333,155.53333333333333
stream,871,143.0,140.53333333333333,125.53333333333333,155.53333333333333
stream,872,142.0,140.53333333333333,125.53333333333333,155.53333333333333
stream,873,143.0,140.53333333333333,125.53333333333333,155.53333333333333
stream,874,143.0,140.53333333333333,125.53333333333333,155.53333333333333
stream,875,142.0,140.53333333333333,125.53333333333333,155.53333333333333
stream,876,143.0,140.53333333333333,125.53333333333333,155.53333333333333
stream,877,143.0,140.53333333333333,125.53333333333333,155.53333333333333
stream,878,143.0,140.53333333333333,125.53333333333333,155.53333333333333
stream,879,142.0,140.53333333333333,125.53333333333333,155.53333333333333
stream,880,143.0,140.53333333333333,125.53333333333333,155.53333333333333
stream,881,143.0,140.53333333333333,125.53333333333333,155.53333333333333
stream,882,142.0,140.53333333333333,125.53333333333333,155.53333333333333
stream,883,143.0,140.53333333333333,125.53333333333333,155.53333333333333
stream,884,142.0,140.53333333333333,125.53333333333333,155.53333333333333
stream,885,143.0,140.53333333333333,125.53333333333333,155.53333333333333
stream,886,142.0,140.53333333333333,125.53333333333333,155.53333333333333
stream,887,143.0,140.53333333333333,125.53333333333333,155.53333333333333
stream,888,142.0,140.53333333333333,125.53333333333333,155.53333333333333
stream,889,143.0,140.53333333333333,125.53333333333333,155.53333333333333
stream,890,142.0,140.53333333333333,125.53333333333333,155.53333333333333
stream,891,143.0,140.53333333333333,125.53333333333333,155.53333333333333
stream,892,142.0,140.53333333333333,125.53333333333333,155.53333333333333
stream,893,142.0,140.53333333333333,125.53333333333333,155.53333333333333
stream,894,142.0,140.53333333333333,125.53333333333333,155.53333333333333
stream,895,143.0,140.53333333333333,125.53333333333333,155.53333333333333
stream,896,142.0,140.53333333333333,125.53333333333333,155.53333333333333
stream,897,142.0,140.53333333333333,125.53333333333333,155.53333333333333
stream,898,142.0,140.53333333333333,125.53333333333333,155.53333333333333
stream,899,142.0,140.53333333333333,125.53333333333333,155.53333333333333
stream,900,142.0,140.53333333333333,125.53333333333333,155.53333333333333
stream,901,143.0,140.53333333333333,125.53333333333333,155.53333333333333
stream,902,143.0,140.53333333333333,125.53333333333333,155.53333333333333
stream,903,145.0,140.53333333333333,125.53333333333333,155.53333333333333
stream,904,145.0,140.53333333333333,125.53333333333333,155.53333333333333
stream,905,146.0,140.53333333333333,125.53333333333333,155.53333333333333
stream,906,146.0,140.53333333333333,125.53333333333333,155.53333333333333
stream,907,146.0,140.53333333333333,125.53333333333333,155.53333333333333
stream,908,148.0,140.53333333333333,125.53333333333333,155.53333333333333
stream,909,147.0,140.53333333333333,125.53333333333333,155.53333333333333
stream,910,149.0,140.53333333333333,125.53333333333333,155.53333333333333
stream,911,152.0,140.53333333333333,125.53333333333333,155.53333333333333
stream,912,150.0,140.53333333333333,125.53333333333333,155.53333333333333
stream,913,149.0,140.53333333333333,125.53333333333333,155.53333333333333
stream,914,149.0,140.53333333333333,125.53333333333333,155.53333333333333
stream,915,149.0,140.53333333333333,125.53333333333333,155.53333333333333
stream,916,149.0,140.53333333333333,125.53333333333333,155.53333333333333
stream,917,150.0,140.53333333333333,125.53333333333333,155.53333333333333
stream,918,149.0,140.53333333333333,125.53333333333333,155.53333333333333
stream,919,148.0,140.53333333333333,125.53333333333333,155.53333333333333
stream,920,149.0,140.53333333333333,125.53333333333333,155.53333333333333
stream,921,148.0,140.53333333333333,125.53333333333333,155.53333333333333
stream,922,148.0,140.53333333333333,125.53333333333333,155.53333333333333
stream,923,264.0,140.53333333333333,125.53333333333333,155.53333333333333
stream,924,146.0,140.53333333333333,125.53333333333333,155.53333333333333
stream,925,144.0,140.53333333333333,125.53333333333333,155.53333333333333
stream,926,145.0,140.53333333333333,125.53333333333333,155.53333333333333
stream,927,143.0,140.53333333333333,125.53333333333333,155.53333333333333
stream,928,143.0,140.53333333333333,125.53333333333333,155.53333333333333
stream,929,143.0,140.53333333333333,125.53333333333333,155.53333333333333
stream,930,126.0,140.53333333333333,125.53333333333333,155.53333333333333
stream,931,105.0,140.53333333333333,125.53333333333333,155.53333333333333
stream,932,102.0,140.53333333333333,125.53333333333333,155.53333333333333
stream,933,111.0,140.53333333333333,125.53333333333333,155.53333333333333
stream,934,117.0,140.53333333333333,125.53333333333333,155.53333333333333
stream,935,115.0,140.53333333333333,125.53333333333333,155.53333333333333
stream,936,112.0,140.53333333333333,125.53333333333333,155.53333333333333
stream,937,111.0,140.53333333333333,125.53333333333333,155.53333333333333
stream,938,112.0,140.53333333333333,125.53333333333333,155.53333333333333
stream,939,113.0,140.53333333333333,125.53333333333333,155.53333333333333
stream,940,113.0,140.53333333333333,125.53333333333333,155.53333333333333
stream,941,112.0,140.53333333333333,125.53333333333333,155.53333333333333
stream,942,112.0,140.53333333333333,125.53333333333333,155.53333333333333
stream,943,112.0,140.53333333333333,125.53333333333333,155.53333333333333
stream,944,113.0,140.53333333333333,125.53333333333333,155.53333333333333
stream,945,112.0,140.53333333333333,125.53333333333333,155.53333333333333
stream,946,112.0,140.53333333333333,125.53333333333333,155.53333333333333
stream,947,112.0,140.53333333333333,125.53333333333333,155.53333333333333
stream,948,112.0,140.53333333333333,125.53333333333333,155.53333333333333
stream,949,112.0,140.53333333333333,125.53333333333333,155.53333333333333
stream,950,113.0,140.53333333333333,125.53333333333333,155.53333333333333
stream,951,112.0,140.53333333333333,125.53333333333333,155.53333333333333
stream,952,112.0,140.53333333333333,125.53333333333333,155.53333333333333
stream,953,112.0,140.53333333333333,125.53333333333333,155.53333333333333
stream,954,112.0,140.53333333333333,125.53333333333333,155.53333333333333
stream,955,112.0,140.53333333333333,125.53333333333333,155.53333333333333
stream,956,112.0,140.53333333333333,125.53333333333333,155.53333333333333
stream,957,112.0,140.53333333333333,125.53333333333333,155.53333333333333
stream,958,112.0,140.53333333333333,125.53333333333333,155.53333333333333
stream,959,112.0,140.53333333333333,125.53333333333333,155.53333333333333
stream,960,111.0,140.53333333333333,125.53333333333333,155.53333333333333
stream,961,112.0,140.53333333333333,125.53333333333333,155.53333333333333
stream,962,112.0,140.53333333333333,125.53333333333333,155.53333333333333
stream,963,112.0,140.53333333333333,125.53333333333333,155.53333333333333
stream,964,112.0,140.53333333333333,125.53333333333333,155.53333333333333
stream,965,113.0,140.53333333333333,125.53333333333333,155.53333333333333
stream,966,111.0,140.53333333333333,125.53333333333333,155.53333333333333
stream,967,112.0,140.53333333333333,125.53333333333333,155.53333333333333
stream,968,113.0,140.53333333333333,125.53333333333333,155.53333333333333
stream,969,112.0,140.53333333333333,125.53333333333333,155.53333333333333
stream,970,112.0,140.53333333333333,125.53333333333333,155.53333333333333
stream,971,112.0,140.53333333333333,125.53333333333333,155.53333333333333
stream,972,112.0,140.53333333333333,125.53333333333333,155.53333333333333
stream,973,113.0,140.53333333333333,125.53333333333333,155.53333333333333
stream,974,112.0,140.53333333333333,125.53333333333333,155.53333333333333
stream,975,112.0,140.53333333333333,125.53333333333333,155.53333333333333
stream,976,113.0,140.53333333333333,125.53333333333333,155.53333333333333
stream,977,112.0,140.53333333333333,125.53333333333333,155.53333333333333
stream,978,112.0,140.53333333333333,125.53333333333333,155.53333333333333
stream,979,112.0,140.53333333333333,125.53333333333333,155.53333333333333
stream,980,113.0,140.53333333333333,125.53333333333333,155.53333333333333
stream,981,112.0,140.53333333333333,125.53333333333333,155.53333333333333
stream,982,112.0,140.53333333333333,125.53333333333333,155.53333333333333
stream,983,113.0,140.53333333333333,125.53333333333333,155.53333333333333
stream,984,112.0,140.53333333333333,125.53333333333333,155.53333333333333
stream,985,112.0,140.53333333333333,125.53333333333333,155.53333333333333
stream,986,113.0,140.53333333333333,125.53333333333333,155.53333333333333
stream,987,112.0,140.53333333333333,125.53333333333333,155.53333333333333
stream,988,113.0,140.53333333333333,125.53333333333333,155.53333333333333
stream,989,112.0,140.53333333333333,125.53333333333333,155.53333333333333
stream,990,113.0,140.53333333333333,125.53333333333333,155.53333333333333
stream,991,112.0,140.53333333333333,125.53333333333333,155.53333333333333
stream,992,113.0,140.53333333333333,125.53333333333333,155.53333333333333
stream,993,113.0,140.53333333333333,125.53333333333333,155.53333333333333
stream,994,113.0,140.53333333333333,125.53333333333333,155.53333333333333
stream,995,113.0,140.53333333333333,125.53333333333333,155.53333333333333
stream,996,112.0,140.53333333333333,125.53333333333333,155.53333333333333
stream,997,113.0,140.53333333333333,125.53333333333333,155.53333333333333
stream,998,113.0,140.53333333333333,125.53333333333333,155.53333333333333
stream,999,113.0,140.53333333333333,125.53333333333333,155.53333333333333
stream,1000,113.0,140.53333333333333,125.53333333333333,155.53333333333333
stream,1001,113.0,140.53333333333333,125.53333333333333,155.53333333333333
stream,1002,113.0,140.53333333333333,125.53333333333333,155.53333333333333
stream,1003,113.0,140.53333333333333,125.53333333333333,155.53333333333333
stream,1004,114.0,140.53333333333333,125.53333333333333,155.53333333333333
stream,1005,113.0,140.53333333333333,125.53333333333333,155.53333333333333
stream,1006,113.0,140.53333333333333,125.53333333333333,155.53333333333333
stream,1007,113.0,140.53333333333333,125.53333333333333,155.53333333333333
stream,1008,114.0,140.53333333333333,125.53333333333333,155.53333333333333
stream,1009,113.0,140.53333333333333,125.53333333333333,155.53333333333333
stream,1010,113.0,140.53333333333333,125.53333333333333,155.53333333333333
stream,1011,113.0,140.53333333333333,125.53333333333333,155.53333333333333
stream,1012,113.0,140.53333333333333,125.53333333333333,155.53333333333333
stream,1013,114.0,140.53333333333333,125.53333333333333,155.53333333333333
stream,1014,113.0,140.53333333333333,125.53333333333333,155.53333333333333
stream,1015,113.0,140.53333333333333,125.53333333333333,155.53333333333333
stream,1016,114.0,140.53333333333333,125.53333333333333,155.53333333333333
stream,1017,113.0,140.53333333333333,125.53333333333333,155.53333333333333
stream,1018,114.0,140.53333333333333,125.53333333333333,155.53333333333333
stream,1019,113.0,140.53333333333333,125.53333333333333,155.53333333333333
stream,1020,113.0,140.53333333333333,125.53333333333333,155.53333333333333
stream,1021,114.0,140.53333333333333,125.53333333333333,155.53333333333333
stream,1022,113.0,140.53333333333333,125.53333333333333,155.53333333333333
stream,1023,114.0,140.53333333333333,125.53333333333333,155.53333333333333
stream,1024,113.0,140.53333333333333,125.53333333333333,155.53333333333333
stream,1025,113.0,140.53333333333333,125.53333333333333,155.53333333333333
stream,1026,114.0,140.53333333333333,125.53333333333333,155.53333333333333
stream,1027,113.0,140.53333333333333,125.53333333333333,155.53333333333333
stream,1028,113.0,140.53333333333333,125.53333333333333,155.53333333333333
stream,1029,114.0,140.53333333333333,125.53333333333333,155.53333333333333
stream,1030,113.0,140.53333333333333,125.53333333333333,155.53333333333333
stream,1031,114.0,140.53333333333333,125.53333333333333,155.53333333333333
stream,1032,113.0,140.53333333333333,125.53333333333333,155.53333333333333
stream,1033,114.0,140.53333333333333,125.53333333333333,155.53333333333333
stream,1034,113.0,140.53333333333333,125.53333333333333,155.53333333333333
stream,1035,114.0,140.53333333333333,125.53333333333333,155.53333333333333
stream,1036,114.0,140.53333333333333,125.53333333333333,155.53333333333333
stream,1037,113.0,140.53333333333333,125.53333333333333,155.53333333333333
stream,1038,114.0,140.53333333333333,125.53333333333333,155.53333333333333
stream,1039,114.0,140.53333333333333,125.53333333333333,155.53333333333333
stream,1040,114.0,140.53333333333333,125.53333333333333,155.53333333333333
stream,1041,113.0,140.53333333333333,125.53333333333333,155.53333333333333
stream,1042,114.0,140.53333333333333,125.53333333333333,155.53333333333333
stream,1043,113.0,140.53333333333333,125.53333333333333,155.53333333333333
stream,1044,114.0,140.53333333333333,125.53333333333333,155.53333333333333
stream,1045,114.0,140.53333333333333,125.53333333333333,155.53333333333333
stream,1046,113.0,140.53333333333333,125.53333333333333,155.53333333333333
stream,1047,114.0,140.53333333333333,125.53333333333333,155.53333333333333
stream,1048,114.0,140.53333333333333,125.53333333333333,155.53333333333333
stream,1049,114.0,140.53333333333333,125.53333333333333,155.53333333333333
stream,1050,114.0,140.53333333333333,125.53333333333333,155.53333333333333
stream,1051,114.0,140.53333333333333,125.53333333333333,155.53333333333333
stream,1052,114.0,140.53333333333333,125.53333333333333,155.53333333333333
stream,1053,113.0,140.53333333333333,125.53333333333333,155.53333333333333
stream,1054,114.0,140.53333333333333,125.53333333333333,155.53333333333333
stream,1055,114.0,140.53333333333333,125.53333333333333,155.53333333333333
stream,1056,114.0,140.53333333333333,125.53333333333333,155.53333333333333
stream,1057,114.0,140.53333333333333,125.53333333333333,155.53333333333333
stream,1058,114.0,140.53333333333333,125.53333333333333,155.53333333333333
stream,1059,114.0,140.53333333333333,125.53333333333333,155.53333333333333
stream,1060,114.0,140.53333333333333,125.53333333333333,155.53333333333333
stream,1061,114.0,140.53333333333333,125.53333333333333,155.53333333333333
stream,1062,114.0,140.53333333333333,125.53333333333333,155.53333333333333
stream,1063,114.0,140.53333333333333,125.53333333333333,155.53333333333333
stream,1064,115.0,140.53333333333333,125.53333333333333,155.53333333333333
stream,1065,114.0,140.53333333333333,125.53333333333333,155.53333333333333
stream,1066,114.0,140.53333333333333,125.53333333333333,155.53333333333333
stream,1067,114.0,140.53333333333333,125.53333333333333,155.53333333333333
stream,1068,114.0,140.53333333333333,125.53333333333333,155.53333333333333
stream,1069,114.0,140.53333333333333,125.53333333333333,155.53333333333333
stream,1070,115.0,140.53333333333333,125.53333333333333,155.53333333333333
stream,1071,114.0,140.53333333333333,125.53333333333333,155.53333333333333
stream,1072,114.0,140.53333333333333,125.53333333333333,155.53333333333333
stream,1073,115.0,140.53333333333333,125.53333333333333,155.53333333333333
stream,1074,114.0,140.53333333333333,125.53333333333333,155.53333333333333
stream,1075,114.0,140.53333333333333,125.53333333333333,155.53333333333333
stream,1076,115.0,140.53333333333333,125.53333333333333,155.53333333333333
stream,1077,114.0,140.53333333333333,125.53333333333333,155.53333333333333
stream,1078,114.0,140.53333333333333,125.53333333333333,155.53333333333333
stream,1079,115.0,140.53333333333333,125.53333333333333,155.53333333333333
stream,1080,114.0,140.53333333333333,125.53333333333333,155.53333333333333
stream,1081,115.0,140.53333333333333,125.53333333333333,155.53333333333333
stream,1082,114.0,140.53333333333333,125.53333333333333,155.53333333333333
stream,1083,114.0,140.53333333333333,125.53333333333333,155.53333333333333
stream,1084,115.0,140.53333333333333,125.53333333333333,155.53333333333333
stream,1085,114.0,140.53333333333333,125.53333333333333,155.53333333333333
stream,1086,115.0,140.53333333333333,125.53333333333333,155.53333333333333
stream,1087,114.0,140.53333333333333,125.53333333333333,155.53333333333333
stream,1088,115.0,140.53333333333333,125.53333333333333,155.53333333333333
stream,1089,114.0,140.53333333333333,125.53333333333333,155.53333333333333
stream,1090,115.0,140.53333333333333,125.53333333333333,155.53333333333333
stream,1091,114.0,140.53333333333333,125.53333333333333,155.53333333333333
stream,1092,115.0,140.53333333333333,125.53333333333333,155.53333333333333
stream,1093,114.0,140.53333333333333,125.53333333333333,155.53333333333333
stream,1094,115.0,140.53333333333333,125.53333333333333,155.53333333333333
stream,1095,114.0,140.53333333333333,125.53333333333333,155.53333333333333
stream,1096,114.0,140.53333333333333,125.53333333333333,155.53333333333333
stream,1097,115.0,140.53333333333333,125.53333333333333,155.53333333333333
stream,1098,115.0,140.53333333333333,125.53333333333333,155.53333333333333
stream,1099,114.0,140.53333333333333,125.53333333333333,155.53333333333333
stream,1100,115.0,140.53333333333333,125.53333333333333,155.53333333333333
stream,1101,115.0,140.53333333333333,125.53333333333333,155.53333333333333
stream,1102,115.0,140.53333333333333,125.53333333333333,155.53333333333333
stream,1103,114.0,140.53333333333333,125.53333333333333,155.53333333333333
stream,1104,115.0,140.53333333333333,125.53333333333333,155.53333333333333
stream,1105,115.0,140.53333333333333,125.53333333333333,155.53333333333333
stream,1106,114.0,140.53333333333333,125.53333333333333,155.53333333333333
stream,1107,115.0,140.53333333333333,125.53333333333333,155.53333333333333
stream,1108,115.0,140.53333333333333,125.53333333333333,155.53333333333333
stream,1109,115.0,140.53333333333333,125.53333333333333,155.53333333333333
stream,1110,114.0,140.53333333333333,125.53333333333333,155.53333333333333
stream,1111,115.0,140.53333333333333,125.53333333333333,155.53333333333333
stream,1112,115.0,140.53333333333333,125.53333333333333,155.53333333333333
stream,1113,115.0,140.53333333333333,125.53333333333333,155.53333333333333
stream,1114,115.0,140.53333333333333,125.53333333333333,155.53333333333333
stream,1115,115.0,140.53333333333333,125.53333333333333,155.53333333333333
stream,1116,114.0,140.53333333333333,125.53333333333333,155.53333333333333
stream,1117,115.0,140.53333333333333,125.53333333333333,155.53333333333333
stream,1118,115.0,140.53333333333333,125.53333333333333,155.53333333333333
stream,1119,115.0,140.53333333333333,125.53333333333333,155.53333333333333
stream,1120,115.0,140.53333333333333,125.53333333333333,155.53333333333333
stream,1121,115.0,140.53333333333333,125.53333333333333,155.53333333333333
stream,1122,115.0,140.53333333333333,125.53333333333333,155.53333333333333
stream,1123,114.0,140.53333333333333,125.53333333333333,155.53333333333333
stream,1124,115.0,140.53333333333333,125.53333333333333,155.53333333333333
stream,1125,115.0,140.53333333333333,125.53333333333333,155.53333333333333
stream,1126,115.0,140.53333333333333,125.53333333333333,155.53333333333333
stream,1127,115.0,140.53333333333333,125.53333333333333,155.53333333333333
stream,1128,115.0,140.53333333333333,125.53333333333333,155.53333333333333
stream,1129,115.0,140.53333333333333,125.53333333333333,155.53333333333333
stream,1130,115.0,140.53333333333333,125.53333333333333,155.53333333333333
stream,1131,115.0,140.53333333333333,125.53333333333333,155.53333333333333
stream,1132,115.0,140.53333333333333,125.53333333333333,155.53333333333333
stream,1133,115.0,140.53333333333333,125.53333333333333,155.53333333333333
stream,1134,114.0,140.53333333333333,125.53333333333333,155.53333333333333
stream,1135,115.0,140.53333333333333,125.53333333333333,155.53333333333333
stream,1136,115.0,140.53333333333333,125.53333333333333,155.53333333333333
stream,1137,115.0,140.53333333333333,125.53333333333333,155.53333333333333
stream,1138,115.0,140.53333333333333,125.53333333333333,155.53333333333333
stream,1139,115.0,140.53333333333333,125.53333333333333,155.53333333333333
stream,1140,115.0,140.53333333333333,125.53333333333333,155.53333333333333
stream,1141,115.0,140.53333333333333,125.53333333333333,155.53333333333333
stream,1142,116.0,140.53333333333333,125.53333333333333,155.53333333333333
stream,1143,115.0,140.53333333333333,125.53333333333333,155.53333333333333
stream,1144,115.0,140.53333333333333,125.53333333333333,155.53333333333333
stream,1145,115.0,140.53333333333333,125.53333333333333,155.53333333333333
stream,1146,115.0,140.53333333333333,125.53333333333333,155.53333333333333
stream,1147,115.0,140.53333333333333,125.53333333333333,155.53333333333333
stream,1148,115.0,140.53333333333333,125.53333333333333,155.53333333333333
stream,1149,115.0,140.53333333333333,125.53333333333333,155.53333333333333
stream,1150,115.0,140.53333333333333,125.53333333333333,155.53333333333333
stream,1151,115.0,140.53333333333333,125.53333333333333,155.53333333333333
stream,1152,115.0,140.53333333333333,125.53333333333333,155.53333333333333
stream,1153,115.0,140.53333333333333,125.53333333333333,155.53333333333333
stream,1154,115.0,140.53333333333333,125.53333333333333,155.53333333333333
stream,1155,115.0,140.53333333333333,125.53333333333333,155.53333333333333
stream,1156,115.0,140.53333333333333,125.53333333333333,155.53333333333333
stream,1157,114.0,140.53333333333333,125.53333333333333,155.53333333333333
stream,1158,115.0,140.53333333333333,125.53333333333333,155.53333333333333
stream,1159,115.0,140.53333333333333,125.53333333333333,155.53333333333333
stream,1160,115.0,140.53333333333333,125.53333333333333,155.53333333333333
stream,1161,115.0,140.53333333333333,125.53333333333333,155.53333333333333
stream,1162,115.0,140.53333333333333,125.53333333333333,155.53333333333333
stream,1163,114.0,140.53333333333333,125.53333333333333,155.53333333333333
stream,1164,115.0,140.53333333333333,125.53333333333333,155.53333333333333
stream,1165,115.0,140.53333333333333,125.53333333333333,155.53333333333333
stream,1166,114.0,140.53333333333333,125.53333333333333,155.53333333333333
stream,1167,115.0,140.53333333333333,125.53333333333333,155.53333333333333
stream,1168,115.0,140.53333333333333,125.53333333333333,155.53333333333333
stream,1169,114.0,140.53333333333333,125.53333333333333,155.53333333333333
stream,1170,115.0,140.53333333333333,125.53333333333333,155.53333333333333
stream,1171,115.0,140.53333333333333,125.53333333333333,155.53333333333333
stream,1172,114.0,140.53333333333333,125.53333333333333,155.53333333333333
stream,1173,115.0,140.53333333333333,125.53333333333333,155.53333333333333
stream,1174,115.0,140.53333333333333,125.53333333333333,155.53333333333333
stream,1175,115.0,140.53333333333333,125.53333333333333,155.53333333333333
stream,1176,115.0,140.53333333333333,125.53333333333333,155.53333333333333
stream,1177,115.0,140.53333333333333,125.53333333333333,155.53333333333333
stream,1178,114.0,140.53333333333333,125.53333333333333,155.53333333333333
stream,1179,115.0,140.53333333333333,125.53333333333333,155.53333333333333
stream,1180,115.0,140.53333333333333,125.53333333333333,155.53333333333333
stream,1181,115.0,140.53333333333333,125.53333333333333,155.53333333333333
stream,1182,115.0,140.53333333333333,125.53333333333333,155.53333333333333
stream,1183,115.0,140.53333333333333,125.53333333333333,155.53333333333333
stream,1184,115.0,140.53333333333333,125.53333333333333,155.53333333333333
stream,1185,115.0,140.53333333333333,125.53333333333333,155.53333333333333
stream,1186,115.0,140.53333333333333,125.53333333333333,155.53333333333333
stream,1187,115.0,140.53333333333333,125.53333333333333,155.53333333333333
stream,1188,115.0,140.53333333333333,125.53333333333333,155.53333333333333
stream,1189,114.0,140.53333333333333,125.53333333333333,155.53333333333333
stream,1190,115.0,140.53333333333333,125.53333333333333,155.53333333333333
stream,1191,115.0,140.53333333333333,125.53333333333333,155.53333333333333
stream,1192,115.0,140.53333333333333,125.53333333333333,155.53333333333333
stream,1193,115.0,140.53333333333333,125.53333333333333,155.53333333333333
stream,1194,115.0,140.53333333333333,125.53333333333333,155.53333333333333
stream,1195,114.0,140.53333333333333,125.53333333333333,155.53333333333333
stream,1196,115.0,140.53333333333333,125.53333333333333,155.53333333333333
stream,1197,115.0,140.53333333333333,125.53333333333333,155.53333333333333
stream,1198,115.0,140.53333333333333,125.53333333333333,155.53333333333333
stream,1199,115.0,140.53333333333333,125.53333333333333,155.53333333333333
stream,1200,115.0,140.53333333333333,125.53333333333333,155.53333333333333
stream,1201,115.0,140.53333333333333,125.53333333333333,155.53333333333333
stream,1202,115.0,140.53333333333333,125.53333333333333,155.53333333333333
stream,1203,115.0,140.53333333333333,125.53333333333333,155.53333333333333
stream,1204,115.0,140.53333333333333,125.53333333333333,155.53333333333333
stream,1205,115.0,140.53333333333333,125.53333333333333,155.53333333333333
stream,1206,115.0,140.53333333333333,125.53333333333333,155.53333333333333
stream,1207,115.0,140.53333333333333,125.53333333333333,155.53333333333333
stream,1208,115.0,140.53333333333333,125.53333333333333,155.53333333333333
stream,1209,115.0,140.53333333333333,125.53333333333333,155.53333333333333
stream,1210,115.0,140.53333333333333,125.53333333333333,155.53333333333333
stream,1211,115.0,140.53333333333333,125.53333333333333,155.53333333333333
stream,1212,115.0,140.53333333333333,125.53333333333333,155.53333333333333
stream,1213,115.0,140.53333333333333,125.53333333333333,155.53333333333333
stream,1214,115.0,140.53333333333333,125.53333333333333,155.53333333333333
stream,1215,115.0,140.53333333333333,125.53333333333333,155.53333333333333
stream,1216,115.0,140.53333333333333,125.53333333333333,155.53333333333333
stream,1217,114.0,140.53333333333333,125.53333333333333,155.53333333333333
stream,1218,115.0,140.53333333333333,125.53333333333333,155.53333333333333
stream,1219,115.0,140.53333333333333,125.53333333333333,155.53333333333333
stream,1220,115.0,140.53333333333333,125.53333333333333,155.53333333333333
stream,1221,115.0,140.53333333333333,125.53333333333333,155.53333333333333
stream,1222,115.0,140.53333333333333,125.53333333333333,155.53333333333333
stream,1223,115.0,140.53333333333333,125.53333333333333,155.53333333333333
stream,1224,115.0,140.53333333333333,125.53333333333333,155.53333333333333
stream,1225,115.0,140.53333333333333,125.53333333333333,155.53333333333333
stream,1226,115.0,140.53333333333333,125.53333333333333,155.53333333333333
stream,1227,115.0,140.53333333333333,125.53333333333333,155.53333333333333
stream,1228,116.0,140.53333333333333,125.53333333333333,155.53333333333333
stream,1229,115.0,140.53333333333333,125.53333333333333,155.53333333333333
stream,1230,115.0,140.53333333333333,125.53333333333333,155.53333333333333
stream,1231,115.0,140.53333333333333,125.53333333333333,155.53333333333333
stream,1232,115.0,140.53333333333333,125.53333333333333,155.53333333333333
stream,1233,115.0,140.53333333333333,125.53333333333333,155.53333333333333
stream,1234,115.0,140.53333333333333,125.53333333333333,155.53333333333333
stream,1235,115.0,140.53333333333333,125.53333333333333,155.53333333333333
stream,1236,115.0,140.53333333333333,125.53333333333333,155.53333333333333
stream,1237,115.0,140.53333333333333,125.53333333333333,155.53333333333333
stream,1238,116.0,140.53333333333333,125.53333333333333,155.53333333333333
stream,1239,115.0,140.53333333333333,125.53333333333333,155.53333333333333
stream,1240,115.0,140.53333333333333,125.53333333333333,155.53333333333333
stream,1241,116.0,140.53333333333333,125.53333333333333,155.53333333333333
stream,1242,115.0,140.53333333333333,125.53333333333333,155.53333333333333
stream,1243,116.0,140.53333333333333,125.53333333333333,155.53333333333333
stream,1244,115.0,140.53333333333333,125.53333333333333,155.53333333333333
stream,1245,116.0,140.53333333333333,125.53333333333333,155.53333333333333
stream,1246,115.0,140.53333333333333,125.53333333333333,155.53333333333333
stream,1247,115.0,140.53333333333333,125.53333333333333,155.53333333333333
stream,1248,116.0,140.53333333333333,125.53333333333333,155.53333333333333
stream,1249,115.0,140.53333333333333,125.53333333333333,155.53333333333333
stream,1250,116.0,140.53333333333333,125.53333333333333,155.53333333333333
stream,1251,115.0,140.53333333333333,125.53333333333333,155.53333333333333
stream,1252,116.0,140.53333333333333,125.53333333333333,155.53333333333333
stream,1253,115.0,140.53333333333333,125.53333333333333,155.53333333333333
stream,1254,116.0,140.53333333333333,125.53333333333333,155.53333333333333
stream,1255,115.0,140.53333333333333,125.53333333333333,155.53333333333333
stream,1256,116.0,140.53333333333333,125.53333333333333,155.53333333333333
stream,1257,115.0,140.53333333333333,125.53333333333333,155.53333333333333
stream,1258,116.0,140.53333333333333,125.53333333333333,155.53333333333333
stream,1259,115.0,140.53333333333333,125.53333333333333,155.53333333333333
stream,1260,116.0,140.53333333333333,125.53333333333333,155.53333333333333
stream,1261,115.0,140.53333333333333,125.53333333333333,155.53333333333333
stream,1262,115.0,140.53333333333333,125.53333333333333,155.53333333333333
stream,1263,116.0,140.53333333333333,125.53333333333333,155.53333333333333
stream,1264,116.0,140.53333333333333,125.53333333333333,155.53333333333333
stream,1265,115.0,140.53333333333333,125.53333333333333,155.53333333333333
stream,1266,116.0,140.53333333333333,125.53333333333333,155.53333333333333
stream,1267,116.0,140.53333333333333,125.53333333333333,155.53333333333333
stream,1268,116.0,140.53333333333333,125.53333333333333,155.53333333333333
stream,1269,115.0,140.53333333333333,125.53333333333333,155.53333333333333
stream,1270,116.0,140.53333333333333,125.53333333333333,155.53333333333333
stream,1271,116.0,140.53333333333333,125.53333333333333,155.53333333333333
stream,1272,115.0,140.53333333333333,125.53333333333333,155.53333333333333
stream,1273,115.0,140.53333333333333,125.53333333333333,155.53333333333333
stream,1274,116.0,140.53333333333333,125.53333333333333,155.53333333333333
stream,1275,115.0,140.53333333333333,125.53333333333333,155.53333333333333
stream,1276,116.0,140.53333333333333,125.53333333333333,155.53333333333333
stream,1277,115.0,140.53333333333333,125.53333333333333,155.53333333333333
stream,1278,116.0,140.53333333333333,125.53333333333333,155.53333333333333
stream,1279,115.0,140.53333333333333,125.53333333333333,155.53333333333333
stream,1280,116.0,140.53333333333333,125.53333333333333,155.53333333333333
stream,1281,116.0,140.53333333333333,125.53333333333333,155.53333333333333
stream,1282,115.0,140.53333333333333,125.53333333333333,155.53333333333333
stream,1283,116.0,140.53333333333333,125.53333333333333,155.53333333333333
stream,1284,115.0,140.53333333333333,125.53333333333333,155.53333333333333
stream,1285,116.0,140.53333333333333,125.53333333333333,155.53333333333333
stream,1286,115.0,140.53333333333333,125.53333333333333,155.53333333333333
stream,1287,116.0,140.53333333333333,125.53333333333333,155.53333333333333
stream,1288,116.0,140.53333333333333,125.53333333333333,155.53333333333333
stream,1289,115.0,140.53333333333333,125.53333333333333,155.53333333333333
stream,1290,116.0,140.53333333333333,125.53333333333333,155.53333333333333
stream,1291,115.0,140.53333333333333,125.53333333333333,155.53333333333333
stream,1292,116.0,140.53333333333333,125.53333333333333,155.53333333333333
stream,1293,115.0,140.53333333333333,125.53333333333333,155.53333333333333
stream,1294,116.0,140.53333333333333,125.53333333333333,155.53333333333333
stream,1295,115.0,140.53333333333333,125.53333333333333,155.53333333333333
stream,1296,115.0,140.53333333333333,125.53333333333333,155.53333333333333
stream,1297,116.0,140.53333333333333,125.53333333333333,155.53333333333333
stream,1298,115.0,140.53333333333333,125.53333333333333,155.53333333333333
stream,1299,116.0,140.53333333333333,125.53333333333333,155.53333333333333
stream,1300,115.0,140.53333333333333,125.53333333333333,155.53333333333333
stream,1301,116.0,140.53333333333333,125.53333333333333,155.53333333333333
stream,1302,115.0,140.53333333333333,125.53333333333333,155.53333333333333
stream,1303,116.0,140.53333333333333,125.53333333333333,155.53333333333333
stream,1304,115.0,140.53333333333333,125.53333333333333,155.53333333333333
stream,1305,116.0,140.53333333333333,125.53333333333333,155.53333333333333
stream,1306,115.0,140.53333333333333,125.53333333333333,155.53333333333333
stream,1307,116.0,140.53333333333333,125.53333333333333,155.53333333333333
stream,1308,115.0,140.53333333333333,125.53333333333333,155.53333333333333
stream,1309,116.0,140.53333333333333,125.53333333333333,155.53333333333333
stream,1310,116.0,140.53333333333333,125.53333333333333,155.53333333333333
stream,1311,115.0,140.53333333333333,125.53333333333333,155.53333333333333
stream,1312,116.0,140.53333333333333,125.53333333333333,155.53333333333333
stream,1313,115.0,140.53333333333333,125.53333333333333,155.53333333333333
stream,1314,116.0,140.53333333333333,125.53333333333333,155.53333333333333
stream,1315,116.0,140.53333333333333,125.53333333333333,155.53333333333333
stream,1316,116.0,140.53333333333333,125.53333333333333,155.53333333333333
stream,1317,115.0,140.53333333333333,125.53333333333333,155.53333333333333
stream,1318,116.0,140.53333333333333,125.53333333333333,155.53333333333333
stream,1319,116.0,140.53333333333333,125.53333333333333,155.53333333333333
stream,1320,116.0,140.53333333333333,125.53333333333333,155.53333333333333
stream,1321,115.0,140.53333333333333,125.53333333333333,155.53333333333333
stream,1322,116.0,140.53333333333333,125.53333333333333,155.53333333333333
stream,1323,116.0,140.53333333333333,125.53333333333333,155.53333333333333
stream,1324,116.0,140.53333333333333,125.53333333333333,155.53333333333333
stream,1325,115.0,140.53333333333333,125.53333333333333,155.53333333333333
stream,1326,116.0,140.53333333333333,125.53333333333333,155.53333333333333
stream,1327,116.0,140.53333333333333,125.53333333333333,155.53333333333333
stream,1328,116.0,140.53333333333333,125.53333333333333,155.53333333333333
stream,1329,116.0,140.53333333333333,125.53333333333333,155.53333333333333
stream,1330,116.0,140.53333333333333,125.53333333333333,155.53333333333333
stream,1331,116.0,140.53333333333333,125.53333333333333,155.53333333333333
stream,1332,115.0,140.53333333333333,125.53333333333333,155.53333333333333
stream,1333,116.0,140.53333333333333,125.53333333333333,155.53333333333333
stream,1334,116.0,140.53333333333333,125.53333333333333,155.53333333333333
stream,1335,116.0,140.53333333333333,125.53333333333333,155.53333333333333
stream,1336,116.0,140.53333333333333,125.53333333333333,155.53333333333333
stream,1337,116.0,140.53333333333333,125.53333333333333,155.53333333333333
stream,1338,116.0,140.53333333333333,125.53333333333333,155.53333333333333
stream,1339,115.0,140.53333333333333,125.53333333333333,155.53333333333333
stream,1340,116.0,140.53333333333333,125.53333333333333,155.53333333333333
stream,1341,116.0,140.53333333333333,125.53333333333333,155.53333333333333
stream,1342,116.0,140.53333333333333,125.53333333333333,155.53333333333333
stream,1343,116.0,140.53333333333333,125.53333333333333,155.53333333333333
stream,1344,116.0,140.53333333333333,125.53333333333333,155.53333333333333
stream,1345,116.0,140.53333333333333,125.53333333333333,155.53333333333333
stream,1346,116.0,140.53333333333333,125.53333333333333,155.53333333333333
stream,1347,116.0,140.53333333333333,125.53333333333333,155.53333333333333
stream,1348,116.0,140.53333333333333,125.53333333333333,155.53333333333333
stream,1349,116.0,140.53333333333333,125.53333333333333,155.53333333333333
stream,1350,116.0,140.53333333333333,125.53333333333333,155.53333333333333
stream,1351,116.0,140.53333333333333,125.53333333333333,155.53333333333333
stream,1352,116.0,140.53333333333333,125.53333333333333,155.53333333333333
stream,1353,116.0,140.53333333333333,125.53333333333333,155.53333333333333
stream,1354,116.0,140.53333333333333,125.53333333333333,155.53333333333333
stream,1355,116.0,140.53333333333333,125.53333333333333,155.53333333333333
stream,1356,116.0,140.53333333333333,125.53333333333333,155.53333333333333
stream,1357,116.0,140.53333333333333,125.53333333333333,155.53333333333333
stream,1358,116.0,140.53333333333333,125.53333333333333,155.53333333333333
stream,1359,116.0,140.53333333333333,125.53333333333333,155.53333333333333
stream,1360,116.0,140.53333333333333,125.53333333333333,155.53333333333333
stream,1361,117.0,140.53333333333333,125.53333333333333,155.53333333333333
stream,1362,116.0,140.53333333333333,125.53333333333333,155.53333333333333
stream,1363,116.0,140.53333333333333,125.53333333333333,155.53333333333333
stream,1364,116.0,140.53333333333333,125.53333333333333,155.53333333333333
stream,1365,116.0,140.53333333333333,125.53333333333333,155.53333333333333
stream,1366,116.0,140.53333333333333,125.53333333333333,155.53333333333333
stream,1367,116.0,140.53333333333333,125.53333333333333,155.53333333333333
stream,1368,116.0,140.53333333333333,125.53333333333333,155.53333333333333
stream,1369,116.0,140.53333333333333,125.53333333333333,155.53333333333333
stream,1370,116.0,140.53333333333333,125.53333333333333,155.53333333333333
stream,1371,116.0,140.53333333333333,125.53333333333333,155.53333333333333
stream,1372,116.0,140.53333333333333,125.53333333333333,155.53333333333333
stream,1373,117.0,140.53333333333333,125.53333333333333,155.53333333333333
stream,1374,116.0,140.53333333333333,125.53333333333333,155.53333333333333
stream,1375,116.0,140.53333333333333,125.53333333333333,155.53333333333333
stream,1376,116.0,140.53333333333333,125.53333333333333,155.53333333333333
stream,1377,116.0,140.53333333333333,125.53333333333333,155.53333333333333
stream,1378,117.0,140.53333333333333,125.53333333333333,155.53333333333333
stream,1379,116.0,140.53333333333333,125.53333333333333,155.53333333333333
stream,1380,116.0,140.53333333333333,125.53333333333333,155.53333333333333
stream,1381,116.0,140.53333333333333,125.53333333333333,155.53333333333333
stream,1382,117.0,140.53333333333333,125.53333333333333,155.53333333333333
stream,1383,116.0,140.53333333333333,125.53333333333333,155.53333333333333
stream,1384,117.0,140.53333333333333,125.53333333333333,155.53333333333333
stream,1385,116.0,140.53333333333333,125.53333333333333,155.53333333333333
stream,1386,116.0,140.53333333333333,125.53333333333333,155.53333333333333
stream,1387,117.0,140.53333333333333,125.53333333333333,155.53333333333333
stream,1388,116.0,140.53333333333333,125.53333333333333,155.53333333333333
stream,1389,116.0,140.53333333333333,125.53333333333333,155.53333333333333
stream,1390,117.0,140.53333333333333,125.53333333333333,155.53333333333333
stream,1391,116.0,140.53333333333333,125.53333333333333,155.53333333333333
stream,1392,117.0,140.53333333333333,125.53333333333333,155.53333333333333
stream,1393,116.0,140.53333333333333,125.53333333333333,155.53333333333333
stream,1394,117.0,140.53333333333333,125.53333333333333,155.53333333333333
stream,1395,116.0,140.53333333333333,125.53333333333333,155.53333333333333
stream,1396,116.0,140.53333333333333,125.53333333333333,155.53333333333333
stream,1397,117.0,140.53333333333333,125.53333333333333,155.53333333333333
stream,1398,117.0,140.53333333333333,125.53333333333333,155.53333333333333
stream,1399,116.0,140.53333333333333,125.53333333333333,155.53333333333333
stream,1400,116.0,140.53333333333333,125.53333333333333,155.53333333333333
stream,1401,117.0,140.53333333333333,125.53333333333333,155.53333333333333
stream,1402,116.0,140.53333333333333,125.53333333333333,155.53333333333333
stream,1403,117.0,140.53333333333333,125.53333333333333,155.53333333333333
stream,1404,117.0,140.53333333333333,125.53333333333333,155.53333333333333
stream,1405,116.0,140.53333333333333,125.53333333333333,155.53333333333333
stream,1406,117.0,140.53333333333333,125.53333333333333,155.53333333333333
stream,1407,116.0,140.53333333333333,125.53333333333333,155.53333333333333
stream,1408,117.0,140.53333333333333,125.53333333333333,155.53333333333333
stream,1409,116.0,140.53333333333333,125.53333333333333,155.53333333333333
stream,1410,117.0,140.53333333333333,125.53333333333333,155.53333333333333
stream,1411,116.0,140.53333333333333,125.53333333333333,155.53333333333333
stream,1412,117.0,140.53333333333333,125.53333333333333,155.53333333333333
stream,1413,117.0,140.53333333333333,125.53333333333333,155.53333333333333
stream,1414,116.0,140.53333333333333,125.53333333333333,155.53333333333333
stream,1415,117.0,140.53333333333333,125.53333333333333,155.53333333333333
stream,1416,116.0,140.53333333333333,125.53333333333333,155.53333333333333
stream,1417,117.0,140.53333333333333,125.53333333333333,155.53333333333333
stream,1418,116.0,140.53333333333333,125.53333333333333,155.53333333333333
stream,1419,117.0,140.53333333333333,125.53333333333333,155.53333333333333
stream,1420,116.0,140.53333333333333,125.53333333333333,155.53333333333333
stream,1421,117.0,140.53333333333333,125.53333333333333,155.53333333333333
stream,1422,116.0,140.53333333333333,125.53333333333333,155.53333333333333
stream,1423,117.0,140.53333333333333,125.53333333333333,155.53333333333333
stream,1424,116.0,140.53333333333333,125.53333333333333,155.53333333333333
stream,1425,117.0,140.53333333333333,125.53333333333333,155.53333333333333
stream,1426,116.0,140.53333333333333,125.53333333333333,155.53333333333333
stream,1427,117.0,140.53333333333333,125.53333333333333,155.53333333333333
stream,1428,116.0,140.53333333333333,125.53333333333333,155.53333333333333
stream,1429,117.0,140.53333333333333,125.53333333333333,155.53333333333333
stream,1430,116.0,140.53333333333333,125.53333333333333,155.53333333333333
stream,1431,116.0,140.53333333333333,125.53333333333333,155.53333333333333
stream,1432,116.0,140.53333333333333,125.53333333333333,155.53333333333333
stream,1433,117.0,140.53333333333333,125.53333333333333,155.53333333333333
stream,1434,116.0,140.53333333333333,125.53333333333333,155.53333333333333
stream,1435,117.0,140.53333333333333,125.53333333333333,155.53333333333333
stream,1436,116.0,140.53333333333333,125.53333333333333,155.53333333333333
stream,1437,116.0,140.53333333333333,125.53333333333333,155.53333333333333
stream,1438,117.0,140.53333333333333,125.53333333333333,155.53333333333333
stream,1439,116.0,140.53333333333333,125.53333333333333,155.53333333333333
stream,1440,117.0,140.53333333333333,125.53333333333333,155.53333333333333
stream,1441,116.0,140.53333333333333,125.53333333333333,155.53333333333333
stream,1442,116.0,140.53333333333333,125.53333333333333,155.53333333333333
stream,1443,117.0,140.53333333333333,125.53333333333333,155.53333333333333
stream,1444,116.0,140.53333333333333,125.53333333333333,155.53333333333333
stream,1445,117.0,140.53333333333333,125.53333333333333,155.53333333333333
stream,1446,116.0,140.53333333333333,125.53333333333333,155.53333333333333
stream,1447,117.0,140.53333333333333,125.53333333333333,155.53333333333333
stream,1448,116.0,140.53333333333333,125.53333333333333,155.53333333333333
stream,1449,117.0,140.53333333333333,125.53333333333333,155.53333333333333
stream,1450,116.0,140.53333333333333,125.53333333333333,155.53333333333333
stream,1451,117.0,140.53333333333333,125.53333333333333,155.53333333333333
stream,1452,116.0,140.53333333333333,125.53333333333333,155.53333333333333
stream,1453,117.0,140.53333333333333,125.53333333333333,155.53333333333333
stream,1454,116.0,140.53333333333333,125.53333333333333,155.53333333333333
stream,1455,117.0,140.53333333333333,125.53333333333333,155.53333333333333
stream,1456,116.0,140.53333333333333,125.53333333333333,155.53333333333333
stream,1457,117.0,140.53333333333333,125.53333333333333,155.53333333333333
stream,1458,116.0,140.53333333333333,125.53333333333333,155.53333333333333
stream,1459,116.0,140.53333333333333,125.53333333333333,155.53333333333333
stream,1460,117.0,140.53333333333333,125.53333333333333,155.53333333333333
stream,1461,116.0,140.53333333333333,125.53333333333333,155.53333333333333
stream,1462,116.0,140.53333333333333,125.53333333333333,155.53333333333333
stream,1463,117.0,140.53333333333333,125.53333333333333,155.53333333333333
stream,1464,116.0,140.53333333333333,125.53333333333333,155.53333333333333
stream,1465,117.0,140.53333333333333,125.53333333333333,155.53333333333333
stream,1466,116.0,140.53333333333333,125.53333333333333,155.53333333333333
stream,1467,117.0,140.53333333333333,125.53333333333333,155.53333333333333
stream,1468,116.0,140.53333333333333,125.53333333333333,155.53333333333333
stream,1469,117.0,140.53333333333333,125.53333333333333,155.53333333333333
stream,1470,116.0,140.53333333333333,125.53333333333333,155.53333333333333
stream,1471,116.0,140.53333333333333,125.53333333333333,155.53333333333333
stream,1472,117.0,140.53333333333333,125.53333333333333,155.53333333333333
stream,1473,116.0,140.53333333333333,125.53333333333333,155.53333333333333
stream,1474,117.0,140.53333333333333,125.53333333333333,155.53333333333333
stream,1475,116.0,140.53333333333333,125.53333333333333,155.53333333333333
stream,1476,116.0,140.53333333333333,125.53333333333333,155.53333333333333
stream,1477,117.0,140.53333333333333,125.53333333333333,155.53333333333333
stream,1478,116.0,140.53333333333333,125.53333333333333,155.53333333333333
stream,1479,116.0,140.53333333333333,125.53333333333333,155.53333333333333
stream,1480,116.0,140.53333333333333,125.53333333333333,155.53333333333333
stream,1481,117.0,140.53333333333333,125.53333333333333,155.53333333333333
stream,1482,116.0,140.53333333333333,125.53333333333333,155.53333333333333
stream,1483,116.0,140.53333333333333,125.53333333333333,155.53333333333333
stream,1484,117.0,140.53333333333333,125.53333333333333,155.53333333333333
stream,1485,116.0,140.53333333333333,125.53333333333333,155.53333333333333
stream,1486,116.0,140.53333333333333,125.53333333333333,155.53333333333333
stream,1487,116.0,140.53333333333333,125.53333333333333,155.53333333333333
stream,1488,116.0,140.53333333333333,125.53333333333333,155.53333333333333
stream,1489,116.0,140.53333333333333,125.53333333333333,155.53333333333333
stream,1490,117.0,140.53333333333333,125.53333333333333,155.53333333333333
stream,1491,116.0,140.53333333333333,125.53333333333333,155.53333333333333
stream,1492,116.0,140.53333333333333,125.53333333333333,155.53333333333333
stream,1493,117.0,140.53333333333333,125.53333333333333,155.53333333333333
stream,1494,116.0,140.53333333333333,125.53333333333333,155.53333333333333
stream,1495,116.0,140.53333333333333,125.53333333333333,155.53333333333333
stream,1496,116.0,140.53333333333333,125.53333333333333,155.53333333333333
stream,1497,117.0,140.53333333333333,125.53333333333333,155.53333333333333
stream,1498,116.0,140.53333333333333,125.53333333333333,155.53333333333333
stream,1499,116.0,140.53333333333333,125.53333333333333,155.53333333333333
stream,1500,117.0,140.53333333333333,125.53333333333333,155.53333333333333
stream,1501,116.0,140.53333333333333,125.53333333333333,155.53333333333333
stream,1502,116.0,140.53333333333333,125.53333333333333,155.53333333333333
stream,1503,117.0,140.53333333333333,125.53333333333333,155.53333333333333
stream,1504,116.0,140.53333333333333,125.53333333333333,155.53333333333333
stream,1505,116.0,140.53333333333333,125.53333333333333,155.53333333333333
stream,1506,116.0,140.53333333333333,125.53333333333333,155.53333333333333
stream,1507,117.0,140.53333333333333,125.53333333333333,155.53333333333333
stream,1508,116.0,140.53333333333333,125.53333333333333,155.53333333333333
stream,1509,116.0,140.53333333333333,125.53333333333333,155.53333333333333
stream,1510,116.0,140.53333333333333,125.53333333333333,155.53333333333333
stream,1511,117.0,140.53333333333333,125.53333333333333,155.53333333333333
stream,1512,116.0,140.53333333333333,125.53333333333333,155.53333333333333
stream,1513,117.0,140.53333333333333,125.53333333333333,155.53333333333333
stream,1514,116.0,140.53333333333333,125.53333333333333,155.53333333333333
stream,1515,116.0,140.53333333333333,125.53333333333333,155.53333333333333
stream,1516,117.0,140.53333333333333,125.53333333333333,155.53333333333333
stream,1517,116.0,140.53333333333333,125.53333333333333,155.53333333333333
stream,1518,116.0,140.53333333333333,125.53333333333333,155.53333333333333
stream,1519,116.0,140.53333333333333,125.53333333333333,155.53333333333333
stream,1520,116.0,140.53333333333333,125.53333333333333,155.53333333333333
stream,1521,117.0,140.53333333333333,125.53333333333333,155.53333333333333
stream,1522,116.0,140.53333333333333,125.53333333333333,155.53333333333333
stream,1523,116.0,140.53333333333333,125.53333333333333,155.53333333333333
stream,1524,116.0,140.53333333333333,125.53333333333333,155.53333333333333
stream,1525,116.0,140.53333333333333,125.53333333333333,155.53333333333333
stream,1526,116.0,140.53333333333333,125.53333333333333,155.53333333333333
stream,1527,116.0,140.53333333333333,125.53333333333333,155.53333333333333
stream,1528,117.0,140.53333333333333,125.53333333333333,155.53333333333333
stream,1529,116.0,140.53333333333333,125.53333333333333,155.53333333333333
stream,1530,116.0,140.53333333333333,125.53333333333333,155.53333333333333
stream,1531,116.0,140.53333333333333,125.53333333333333,155.53333333333333
stream,1532,116.0,140.53333333333333,125.53333333333333,155.53333333333333
stream,1533,116.0,140.53333333333333,125.53333333333333,155.53333333333333
stream,1534,116.0,140.53333333333333,125.53333333333333,155.53333333333333
stream,1535,116.0,140.53333333333333,125.53333333333333,155.53333333333333
stream,1536,116.0,140.53333333333333,125.53333333333333,155.53333333333333
stream,1537,117.0,140.53333333333333,125.53333333333333,155.53333333333333
stream,1538,116.0,140.53333333333333,125.53333333333333,155.53333333333333
stream,1539,116.0,140.53333333333333,125.53333333333333,155.53333333333333
stream,1540,116.0,140.53333333333333,125.53333333333333,155.53333333333333
stream,1541,116.0,140.53333333333333,125.53333333333333,155.53333333333333
stream,1542,116.0,140.53333333333333,125.53333333333333,155.53333333333333
stream,1543,116.0,140.53333333333333,125.53333333333333,155.53333333333333
stream,1544,117.0,140.53333333333333,125.53333333333333,155.53333333333333
stream,1545,116.0,140.53333333333333,125.53333333333333,155.53333333333333
stream,1546,116.0,140.53333333333333,125.53333333333333,155.53333333333333
stream,1547,116.0,140.53333333333333,125.53333333333333,155.53333333333333
stream,1548,116.0,140.53333333333333,125.53333333333333,155.53333333333333
stream,1549,117.0,140.53333333333333,125.53333333333333,155.53333333333333
stream,1550,116.0,140.53333333333333,125.53333333333333,155.53333333333333
stream,1551,116.0,140.53333333333333,125.53333333333333,155.53333333333333
stream,1552,116.0,140.53333333333333,125.53333333333333,155.53333333333333
stream,1553,117.0,140.53333333333333,125.53333333333333,155.53333333333333
stream,1554,116.0,140.53333333333333,125.53333333333333,155.53333333333333
stream,1555,116.0,140.53333333333333,125.53333333333333,155.53333333333333
stream,1556,116.0,140.53333333333333,125.53333333333333,155.53333333333333
stream,1557,117.0,140.53333333333333,125.53333333333333,155.53333333333333
stream,1558,116.0,140.53333333333333,125.53333333333333,155.53333333333333
stream,1559,116.0,140.53333333333333,125.53333333333333,155.53333333333333
stream,1560,117.0,140.53333333333333,125.53333333333333,155.53333333333333
stream,1561,116.0,140.53333333333333,125.53333333333333,155.53333333333333
stream,1562,117.0,140.53333333333333,125.53333333333333,155.53333333333333
stream,1563,116.0,140.53333333333333,125.53333333333333,155.53333333333333
stream,1564,117.0,140.53333333333333,125.53333333333333,155.53333333333333
stream,1565,116.0,140.53333333333333,125.53333333333333,155.53333333333333
stream,1566,116.0,140.53333333333333,125.53333333333333,155.53333333333333
stream,1567,117.0,140.53333333333333,125.53333333333333,155.53333333333333
stream,1568,116.0,140.53333333333333,125.53333333333333,155.53333333333333
stream,1569,117.0,140.53333333333333,125.53333333333333,155.53333333333333
stream,1570,116.0,140.53333333333333,125.53333333333333,155.53333333333333
stream,1571,116.0,140.53333333333333,125.53333333333333,155.53333333333333
stream,1572,117.0,140.53333333333333,125.53333333333333,155.53333333333333
stream,1573,116.0,140.53333333333333,125.53333333333333,155.53333333333333
stream,1574,117.0,140.53333333333333,125.53333333333333,155.53333333333333
stream,1575,116.0,140.53333333333333,125.53333333333333,155.53333333333333
stream,1576,116.0,140.53333333333333,125.53333333333333,155.53333333333333
stream,1577,117.0,140.53333333333333,125.53333333333333,155.53333333333333
stream,1578,116.0,140.53333333333333,125.53333333333333,155.53333333333333
stream,1579,117.0,140.53333333333333,125.53333333333333,155.53333333333333
stream,1580,116.0,140.53333333333333,125.53333333333333,155.53333333333333
stream,1581,117.0,140.53333333333333,125.53333333333333,155.53333333333333
stream,1582,116.0,140.53333333333333,125.53333333333333,155.53333333333333
stream,1583,117.0,140.53333333333333,125.53333333333333,155.53333333333333
stream,1584,117.0,140.53333333333333,125.53333333333333,155.53333333333333
stream,1585,117.0,140.53333333333333,125.53333333333333,155.53333333333333
stream,1586,116.0,140.53333333333333,125.53333333333333,155.53333333333333
stream,1587,117.0,140.53333333333333,125.53333333333333,155.53333333333333
stream,1588,117.0,140.53333333333333,125.53333333333333,155.53333333333333
stream,1589,117.0,140.53333333333333,125.53333333333333,155.53333333333333
stream,1590,117.0,140.53333333333333,125.53333333333333,155.53333333333333
stream,1591,117.0,140.53333333333333,125.53333333333333,155.53333333333333
stream,1592,117.0,140.53333333333333,125.53333333333333,155.53333333333333
stream,1593,117.0,140.53333333333333,125.53333333333333,155.53333333333333
stream,1594,116.0,140.53333333333333,125.53333333333333,155.53333333333333
stream,1595,118.0,140.53333333333333,125.53333333333333,155.53333333333333
stream,1596,117.0,140.53333333333333,125.53333333333333,155.53333333333333
stream,1597,117.0,140.53333333333333,125.53333333333333,155.53333333333333
stream,1598,117.0,140.53333333333333,125.53333333333333,155.53333333333333
stream,1599,117.0,140.53333333333333,125.53333333333333,155.53333333333333
stream,1600,117.0,140.53333333333333,125.53333333333333,155.53333333333333
stream,1601,118.0,140.53333333333333,125.53333333333333,155.53333333333333
stream,1602,117.0,140.53333333333333,125.53333333333333,155.53333333333333
stream,1603,117.0,140.53333333333333,125.53333333333333,155.53333333333333
stream,1604,117.0,140.53333333333333,125.53333333333333,155.53333333333333
stream,1605,118.0,140.53333333333333,125.53333333333333,155.53333333333333
stream,1606,117.0,140.53333333333333,125.53333333333333,155.53333333333333
stream,1607,118.0,140.53333333333333,125.53333333333333,155.53333333333333
stream,1608,117.0,140.53333333333333,125.53333333333333,155.53333333333333
stream,1609,117.0,140.53333333333333,125.53333333333333,155.53333333333333
stream,1610,118.0,140.53333333333333,125.53333333333333,155.53333333333333
stream,1611,117.0,140.53333333333333,125.53333333333333,155.53333333333333
stream,1612,117.0,140.53333333333333,125.53333333333333,155.53333333333333
stream,1613,118.0,140.53333333333333,125.53333333333333,155.53333333333333
stream,1614,117.0,140.53333333333333,125.53333333333333,155.53333333333333
stream,1615,117.0,140.53333333333333,125.53333333333333,155.53333333333333
stream,1616,117.0,140.53333333333333,125.53333333333333,155.53333333333333
stream,1617,118.0,140.53333333333333,125.53333333333333,155.53333333333333
stream,1618,117.0,140.53333333333333,125.53333333333333,155.53333333333333
stream,1619,117.0,140.53333333333333,125.53333333333333,155.53333333333333
stream,1620,118.0,140.53333333333333,125.53333333333333,155.53333333333333
stream,1621,117.0,140.53333333333333,125.53333333333333,155.53333333333333
stream,1622,118.0,140.53333333333333,125.53333333333333,155.53333333333333
stream,1623,117.0,140.53333333333333,125.53333333333333,155.53333333333333
stream,1624,118.0,140.53333333333333,125.53333333333333,155.53333333333333
stream,1625,117.0,140.53333333333333,125.53333333333333,155.53333333333333
stream,1626,118.0,140.53333333333333,125.53333333333333,155.53333333333333
stream,1627,117.0,140.53333333333333,125.53333333333333,155.53333333333333
stream,1628,117.0,140.53333333333333,125.53333333333333,155.53333333333333
stream,1629,118.0,140.53333333333333,125.53333333333333,155.53333333333333
stream,1630,117.0,140.53333333333333,125.53333333333333,155.53333333333333
stream,1631,118.0,140.53333333333333,125.53333333333333,155.53333333333333
stream,1632,117.0,140.53333333333333,125.53333333333333,155.53333333333333
stream,1633,117.0,140.53333333333333,125.53333333333333,155.53333333333333
stream,1634,118.0,140.53333333333333,125.53333333333333,155.53333333333333
stream,1635,117.0,140.53333333333333,125.53333333333333,155.53333333333333
stream,1636,117.0,140.53333333333333,125.53333333333333,155.53333333333333
stream,1637,118.0,140.53333333333333,125.53333333333333,155.53333333333333
stream,1638,117.0,140.53333333333333,125.53333333333333,155.53333333333333
stream,1639,117.0,140.53333333333333,125.53333333333333,155.53333333333333
stream,1640,117.0,140.53333333333333,125.53333333333333,155.53333333333333
stream,1641,117.0,140.53333333333333,125.53333333333333,155.53333333333333
stream,1642,117.0,140.53333333333333,125.53333333333333,155.53333333333333
stream,1643,117.0,140.53333333333333,125.53333333333333,155.53333333333333
stream,1644,117.0,140.53333333333333,125.53333333333333,155.53333333333333
stream,1645,117.0,140.53333333333333,125.53333333333333,155.53333333333333
stream,1646,117.0,140.53333333333333,125.53333333333333,155.53333333333333
stream,1647,117.0,140.53333333333333,125.53333333333333,155.53333333333333
stream,1648,117.0,140.53333333333333,125.53333333333333,155.53333333333333
stream,1649,117.0,140.53333333333333,125.53333333333333,155.53333333333333
stream,1650,117.0,140.53333333333333,125.53333333333333,155.53333333333333
stream,1651,117.0,140.53333333333333,125.53333333333333,155.53333333333333
stream,1652,117.0,140.53333333333333,125.53333333333333,155.53333333333333
stream,1653,117.0,140.53333333333333,125.53333333333333,155.53333333333333
stream,1654,117.0,140.53333333333333,125.53333333333333,155.53333333333333
stream,1655,116.0,140.53333333333333,125.53333333333333,155.53333333333333
stream,1656,117.0,140.53333333333333,125.53333333333333,155.53333333333333
stream,1657,117.0,140.53333333333333,125.53333333333333,155.53333333333333
stream,1658,117.0,140.53333333333333,125.53333333333333,155.53333333333333
stream,1659,118.0,140.53333333333333,125.53333333333333,155.53333333333333
stream,1660,117.0,140.53333333333333,125.53333333333333,155.53333333333333
stream,1661,117.0,140.53333333333333,125.53333333333333,155.53333333333333
stream,1662,117.0,140.53333333333333,125.53333333333333,155.53333333333333
stream,1663,117.0,140.53333333333333,125.53333333333333,155.53333333333333
stream,1664,117.0,140.53333333333333,125.53333333333333,155.53333333333333
stream,1665,117.0,140.53333333333333,125.53333333333333,155.53333333333333
stream,1666,117.0,140.53333333333333,125.53333333333333,155.53333333333333
stream,1667,117.0,140.53333333333333,125.53333333333333,155.53333333333333
stream,1668,117.0,140.53333333333333,125.53333333333333,155.53333333333333
stream,1669,118.0,140.53333333333333,125.53333333333333,155.53333333333333
stream,1670,117.0,140.53333333333333,125.53333333333333,155.53333333333333
stream,1671,117.0,140.53333333333333,125.53333333333333,155.53333333333333
stream,1672,117.0,140.53333333333333,125.53333333333333,155.53333333333333
stream,1673,118.0,140.53333333333333,125.53333333333333,155.53333333333333
stream,1674,117.0,140.53333333333333,125.53333333333333,155.53333333333333
stream,1675,117.0,140.53333333333333,125.53333333333333,155.53333333333333
stream,1676,118.0,140.53333333333333,125.53333333333333,155.53333333333333
stream,1677,117.0,140.53333333333333,125.53333333333333,155.53333333333333
stream,1678,117.0,140.53333333333333,125.53333333333333,155.53333333333333
stream,1679,118.0,140.53333333333333,125.53333333333333,155.53333333333333
stream,1680,117.0,140.53333333333333,125.53333333333333,155.53333333333333
stream,1681,118.0,140.53333333333333,125.53333333333333,155.53333333333333
stream,1682,117.0,140.53333333333333,125.53333333333333,155.53333333333333
stream,1683,118.0,140.53333333333333,125.53333333333333,155.53333333333333
stream,1684,118.0,140.53333333333333,125.53333333333333,155.53333333333333
stream,1685,117.0,140.53333333333333,125.53333333333333,155.53333333333333
stream,1686,118.0,140.53333333333333,125.53333333333333,155.53333333333333
stream,1687,118.0,140.53333333333333,125.53333333333333,155.53333333333333
stream,1688,118.0,140.53333333333333,125.53333333333333,155.53333333333333
stream,1689,117.0,140.53333333333333,125.53333333333333,155.53333333333333
stream,1690,118.0,140.53333333333333,125.53333333333333,155.53333333333333
stream,1691,118.0,140.53333333333333,125.53333333333333,155.53333333333333
stream,1692,118.0,140.53333333333333,125.53333333333333,155.53333333333333
stream,1693,118.0,140.53333333333333,125.53333333333333,155.53333333333333
stream,1694,118.0,140.53333333333333,125.53333333333333,155.53333333333333
stream,1695,118.0,140.53333333333333,125.53333333333333,155.53333333333333
stream,1696,117.0,140.53333333333333,125.53333333333333,155.53333333333333
stream,1697,118.0,140.53333333333333,125.53333333333333,155.53333333333333
stream,1698,119.0,140.53333333333333,125.53333333333333,155.53333333333333
stream,1699,118.0,140.53333333333333,125.53333333333333,155.53333333333333
stream,1700,117.0,140.53333333333333,125.53333333333333,155.53333333333333
stream,1701,118.0,140.53333333333333,125.53333333333333,155.53333333333333
stream,1702,118.0,140.53333333333333,125.53333333333333,155.53333333333333
stream,1703,118.0,140.53333333333333,125.53333333333333,155.53333333333333
stream,1704,118.0,140.53333333333333,125.53333333333333,155.53333333333333
stream,1705,118.0,140.53333333333333,125.53333333333333,155.53333333333333
stream,1706,118.0,140.53333333333333,125.53333333333333,155.53333333333333
stream,1707,118.0,140.53333333333333,125.53333333333333,155.53333333333333
stream,1708,118.0,140.53333333333333,125.53333333333333,155.53333333333333
stream,1709,118.0,140.53333333333333,125.53333333333333,155.53333333333333
stream,1710,118.0,140.53333333333333,125.53333333333333,155.53333333333333
stream,1711,118.0,140.53333333333333,125.53333333333333,155.53333333333333
stream,1712,118.0,140.53333333333333,125.53333333333333,155.53333333333333
stream,1713,118.0,140.53333333333333,125.53333333333333,155.53333333333333
stream,1714,118.0,140.53333333333333,125.53333333333333,155.53333333333333
stream,1715,118.0,140.53333333333333,125.53333333333333,155.53333333333333
stream,1716,118.0,140.53333333333333,125.53333333333333,155.53333333333333
stream,1717,118.0,140.53333333333333,125.53333333333333,155.53333333333333
stream,1718,118.0,140.53333333333333,125.53333333333333,155.53333333333333
stream,1719,118.0,140.53333333333333,125.53333333333333,155.53333333333333
stream,1720,118.0,140.53333333333333,125.53333333333333,155.53333333333333
stream,1721,118.0,140.53333333333333,125.53333333333333,155.53333333333333
stream,1722,118.0,140.53333333333333,125.53333333333333,155.53333333333333
stream,1723,118.0,140.53333333333333,125.53333333333333,155.53333333333333
stream,1724,118.0,140.53333333333333,125.53333333333333,155.53333333333333
stream,1725,118.0,140.53333333333333,125.53333333333333,155.53333333333333
stream,1726,117.0,140.53333333333333,125.53333333333333,155.53333333333333
stream,1727,118.0,140.53333333333333,125.53333333333333,155.53333333333333
stream,1728,118.0,140.53333333333333,125.53333333333333,155.53333333333333
stream,1729,118.0,140.53333333333333,125.53333333333333,155.53333333333333
stream,1730,117.0,140.53333333333333,125.53333333333333,155.53333333333333
stream,1731,118.0,140.53333333333333,125.53333333333333,155.53333333333333
stream,1732,118.0,140.53333333333333,125.53333333333333,155.53333333333333
stream,1733,117.0,140.53333333333333,125.53333333333333,155.53333333333333
stream,1734,118.0,140.53333333333333,125.53333333333333,155.53333333333333
stream,1735,118.0,140.53333333333333,125.53333333333333,155.53333333333333
stream,1736,118.0,140.53333333333333,125.53333333333333,155.53333333333333
stream,1737,118.0,140.53333333333333,125.53333333333333,155.53333333333333
stream,1738,117.0,140.53333333333333,125.53333333333333,155.53333333333333
stream,1739,118.0,140.53333333333333,125.53333333333333,155.53333333333333
stream,1740,118.0,140.53333333333333,125.53333333333333,155.53333333333333
stream,1741,118.0,140.53333333333333,125.53333333333333,155.53333333333333
stream,1742,117.0,140.53333333333333,125.53333333333333,155.53333333333333
stream,1743,118.0,140.53333333333333,125.53333333333333,155.53333333333333
stream,1744,118.0,140.53333333333333,125.53333333333333,155.53333333333333
stream,1745,118.0,140.53333333333333,125.53333333333333,155.53333333333333
stream,1746,117.0,140.53333333333333,125.53333333333333,155.53333333333333
stream,1747,118.0,140.53333333333333,125.53333333333333,155.53333333333333
stream,1748,117.0,140.53333333333333,125.53333333333333,155.53333333333333
stream,1749,118.0,140.53333333333333,125.53333333333333,155.53333333333333
stream,1750,117.0,140.53333333333333,125.53333333333333,155.53333333333333
stream,1751,118.0,140.53333333333333,125.53333333333333,155.53333333333333
stream,1752,117.0,140.53333333333333,125.53333333333333,155.53333333333333
stream,1753,118.0,140.53333333333333,125.53333333333333,155.53333333333333
stream,1754,117.0,140.53333333333333,125.53333333333333,155.53333333333333
stream,1755,117.0,140.53333333333333,125.53333333333333,155.53333333333333
stream,1756,118.0,140.53333333333333,125.53333333333333,155.53333333333333
stream,1757,117.0,140.53333333333333,125.53333333333333,155.53333333333333
stream,1758,118.0,140.53333333333333,125.53333333333333,155.53333333333333
stream,1759,117.0,140.53333333333333,125.53333333333333,155.53333333333333
stream,1760,117.0,140.53333333333333,125.53333333333333,155.53333333333333
stream,1761,118.0,140.53333333333333,125.53333333333333,155.53333333333333
stream,1762,117.0,140.53333333333333,125.53333333333333,155.53333333333333
stream,1763,118.0,140.53333333333333,125.53333333333333,155.53333333333333
stream,1764,117.0,140.53333333333333,125.53333333333333,155.53333333333333
stream,1765,118.0,140.53333333333333,125.53333333333333,155.53333333333333
stream,1766,117.0,140.53333333333333,125.53333333333333,155.53333333333333
stream,1767,117.0,140.53333333333333,125.53333333333333,155.53333333333333
stream,1768,118.0,140.53333333333333,125.53333333333333,155.53333333333333
stream,1769,117.0,140.53333333333333,125.53333333333333,155.53333333333333
stream,1770,117.0,140.53333333333333,125.53333333333333,155.53333333333333
stream,1771,118.0,140.53333333333333,125.53333333333333,155.53333333333333
stream,1772,117.0,140.53333333333333,125.53333333333333,155.53333333333333
stream,1773,117.0,140.53333333333333,125.53333333333333,155.53333333333333
stream,1774,117.0,140.53333333333333,125.53333333333333,155.53333333333333
stream,1775,118.0,140.53333333333333,125.53333333333333,155.53333333333333
stream,1776,117.0,140.53333333333333,125.53333333333333,155.53333333333333
stream,1777,117.0,140.53333333333333,125.53333333333333,155.53333333333333
stream,1778,117.0,140.53333333333333,125.53333333333333,155.53333333333333
stream,1779,118.0,140.53333333333333,125.53333333333333,155.53333333333333
stream,1780,117.0,140.53333333333333,125.53333333333333,155.53333333333333
stream,1781,118.0,140.53333333333333,125.53333333333333,155.53333333333333
stream,1782,117.0,140.53333333333333,125.53333333333333,155.53333333333333
stream,1783,117.0,140.53333333333333,125.53333333333333,155.53333333333333
stream,1784,118.0,140.53333333333333,125.53333333333333,155.53333333333333
stream,1785,117.0,140.53333333333333,125.53333333333333,155.53333333333333
stream,1786,118.0,140.53333333333333,125.53333333333333,155.53333333333333
stream,1787,117.0,140.53333333333333,125.53333333333333,155.53333333333333
stream,1788,117.0,140.53333333333333,125.53333333333333,155.53333333333333
stream,1789,117.0,140.53333333333333,125.53333333333333,155.53333333333333
stream,1790,118.0,140.53333333333333,125.53333333333333,155.53333333333333
stream,1791,117.0,140.53333333333333,125.53333333333333,155.53333333333333
stream,1792,117.0,140.53333333333333,125.53333333333333,155.53333333333333
stream,1793,118.0,140.53333333333333,125.53333333333333,155.53333333333333
stream,1794,117.0,140.53333333333333,125.53333333333333,155.53333333333333
stream,1795,117.0,140.53333333333333,125.53333333333333,155.53333333333333
stream,1796,117.0,140.53333333333333,125.53333333333333,155.53333333333333
stream,1797,118.0,140.53333333333333,125.53333333333333,155.53333333333333
stream,1798,117.0,140.53333333333333,125.53333333333333,155.53333333333333
stream,1799,117.0,140.53333333333333,125.53333333333333,155.53333333333333
