segment,end_index,PW_WTC,E_CCDC,CD2_P
stream,0,,,
stream,1,,,
stream,2,,,
stream,3,,,
stream,4,,,
stream,5,,,
stream,6,,,
stream,7,,,
stream,8,,,
stream,9,,,
stream,10,,,
stream,11,,,
stream,12,,,
stream,13,,,
stream,14,,,
stream,15,,,
stream,16,,,
stream,17,,,
stream,18,,,
stream,19,,,
stream,20,,63.39329195844832,
stream,21,,62.70386969502614,1.189979275838834
stream,22,,73.5336415688159,1.1936294056153804
stream,23,,68.44751938107001,1.304258585452756
stream,24,,70.97229442191639,1.259609918561549
stream,25,,69.08649748982458,1.4085503413375977
stream,26,,62.460853471182844,1.4019842657211112
stream,27,,66.03263742245322,1.487246280317247
stream,28,,66.48667028416844,1.5360659854967635
stream,29,,67.58914014872765,1.4562988765665055
stream,30,,71.64764468492568,1.4770541170753904
stream,31,,78.30146377296032,1.429501011442304
stream,32,,84.87763438673116,1.3633016162592724
stream,33,,85.22603385298017,1.7958363749166553
stream,34,,86.87818558420125,1.9216830048152636
stream,35,,92.479898000187,1.9530301679724646
stream,36,,92.54701923363305,2.21396406314544
stream,37,,95.2841750119685,2.35661875135901
stream,38,,97.35530771829573,2.309961536991753
stream,39,,103.63666748029992,2.2956652387052925
stream,40,,98.57249155622776,2.071945355715856
stream,41,,99.27006366586251,2.0319301912939873
stream,42,,94.02936424020795,1.9884089087804642
stream,43,,103.99925406683926,1.841842391055925
stream,44,,111.00290068784041,1.8298450785531146
stream,45,,124.58667482094069,1.682685591836955
stream,46,,131.85832367052151,3.2091982676073627
stream,47,,121.71610273718251,4.125857566696387
stream,48,,122.4189337153923,4.027036513970286
stream,49,,131.77877515084597,4.005496475980748
stream,50,,133.10709321095655,4.00655920183819
stream,51,,139.50646606755407,4.057155173173477
stream,52,,129.24240529307127,4.36224151420814
stream,53,,130.52910701556777,3.798532684671703
stream,54,,129.85215660967282,3.868814181339412
stream,55,,125.63895586179454,3.8337301432408384
stream,56,,126.82706932887926,3.5668109368307572
stream,57,,128.2753654829699,3.4413070157517014
stream,58,,126.0606745963099,3.648032014187549
stream,59,,122.8727378116004,3.7812780715331478
stream,60,,119.99164123857919,3.7817506232849736
stream,61,,114.0038936465167,3.909004554476566
stream,62,,112.64959823524102,4.118964707410419
stream,63,,105.06841849685746,4.087060180166841
stream,64,,108.16597786228971,4.202187173589432
stream,65,,94.45540231509239,4.746566037108393
stream,66,,102.31981609138747,3.841861672139159
stream,67,,109.20409125641349,2.8718121732063158
stream,68,,108.17169739634582,2.921813517375899
stream,69,,116.45958259967401,3.080411336745862
stream,70,,120.11486777052754,3.0857030493179862
stream,71,,110.0335494574313,3.0655490016842744
stream,72,,114.85953368056,2.751338050435925
stream,73,,122.756684573632,2.766739765668446
stream,74,,121.36866115846243,2.9732573759399346
stream,75,,123.13386579078046,3.127572127003077
stream,76,,123.860184541665,3.1349649462220226
stream,77,,125.60863071894182,3.1600423455498206
stream,78,,130.90333964731224,2.94890365242838
stream,79,,132.9907159419317,2.781139124222227
stream,80,,142.1301444988833,2.829188263559195
stream,81,,157.9922066843181,2.7108250498443756
stream,82,,153.3677416167867,2.8505325285769594
stream,83,,156.12201988408734,2.9763165338350985
stream,84,,141.46890345181515,3.0301455923639127
stream,85,,141.45955484514158,2.49016632246859
stream,86,,122.36116526147363,1.7461893380784024
stream,87,,112.11849930080456,1.7553375935144513
stream,88,,111.87530301600363,1.9737231811978115
stream,89,,94.41107760848398,1.8266751750680121
stream,90,,85.06269915151927,1.848536400910409
stream,91,,83.56244260081759,1.8968475021108253
stream,92,,81.59901542517356,1.9013127998235744
stream,93,,76.05040509406824,1.8835485780399126
stream,94,,77.55747547936573,1.847129642093383
stream,95,,77.73197565958483,2.0322482516067275
stream,96,,76.16644141638139,2.066239264816136
stream,97,,70.61032873689561,2.1101767518607226
stream,98,,65.46248157851264,2.118692188024978
stream,99,,61.72384730822185,2.1574165723215986
stream,100,,48.80468067301878,2.1536442730119574
stream,101,,35.90734927914264,2.1959904995120363
stream,102,,39.89219943178758,1.8538358205815466
stream,103,,33.691181954189915,1.7768630743803073
stream,104,,33.68243744721649,1.6147423146058113
stream,105,,34.049433898997904,1.6512995679370301
stream,106,,34.09737399073705,1.674741544596432
stream,107,,39.910495259079845,1.7981047815738402
stream,108,,40.25175579581908,1.535634904239893
stream,109,,45.32381668298997,1.510103448504417
stream,110,,49.33307217424288,1.4566833227056852
stream,111,,54.00849833596013,1.3784384436299284
stream,112,,61.714228413960385,1.3906928963211815
stream,113,,57.7500273138856,1.9117209578645076
stream,114,,57.75680540574071,1.5801708216267187
stream,115,,54.8999858503369,1.2447465294452271
stream,116,,54.86754998956159,1.203192105378444
stream,117,,55.31043445266518,1.114860715660201
stream,118,,64.9554857276049,1.2332239055873688
stream,119,,69.6684189247594,1.2088891686567214
stream,120,,72.75932890619069,1.1769426360830917
stream,121,,76.7240127284843,1.1461713478162088
stream,122,,71.96432795356672,1.4108767047179211
stream,123,,72.04146874741457,1.4208476237932368
stream,124,,71.94721130074845,1.4818285394806983
stream,125,,71.79014216511389,1.4428242137893093
stream,126,,72.8546931906379,1.424117919590991
stream,127,,67.52260796589567,1.2621890264224789
stream,128,,62.9115965380404,1.2845302058213461
stream,129,,56.575634640502095,1.280774953070424
stream,130,,52.564221142625115,1.268989431926031
stream,131,,45.85463759467873,1.2558417463490374
stream,132,,34.46053517802623,1.244021260852906
stream,133,,35.066223230124194,0.7798695906788295
stream,134,,34.735062161818355,0.840549086409154
stream,135,,34.45465705523678,0.8483646133088136
stream,136,,44.96381101608628,1.1199861172347931
stream,137,,45.33298181069431,1.2397706749259938
stream,138,,35.91186523627822,1.2592856011167903
stream,139,,29.34040157268377,1.2457012020875073
stream,140,,26.619218519811614,1.2359750471848014
stream,141,,19.690551742520473,1.2244001097333757
stream,142,,19.98655329754343,0.9605682338842706
stream,143,,18.926025895635515,0.921785624086801
stream,144,,22.330082598598995,0.9412900340282433
stream,145,,25.909869964646198,0.9372637315343494
stream,146,,26.862495114471024,0.9418339982221774
stream,147,,33.46315553212129,0.9959767068483883
stream,148,,34.426429496152025,1.0834844817847191
stream,149,,35.640075581619065,1.083790960484998
stream,150,,35.817108738999025,1.1072897685078549
stream,151,,41.999923464643594,1.2822036117966458
stream,152,,42.16084803145591,1.4209781105020123
stream,153,,47.96725444546876,1.5011882085673527
stream,154,,51.93691161123842,1.3825385548690576
stream,155,,51.992132137015716,1.4705861533223763
stream,156,,42.374128216369385,1.2074102690572635
stream,157,,42.00056965137803,1.073367202803681
stream,158,,51.75528679426342,1.0822619053197666
stream,159,,59.55462648737925,1.0863367505067039
stream,160,,62.05722325189504,1.1190732580124312
stream,161,,65.37447120277083,1.1080693010732798
stream,162,,66.01372601818471,1.118265896198315
stream,163,,65.90236559102772,1.1151193022303507
stream,164,,64.35676519226384,1.076584284263167
stream,165,,60.786069655922745,1.1116855932287804
stream,166,,62.22295677740555,1.17194468410028
stream,167,,56.70927008636757,1.1192805344358685
stream,168,,55.83856100566062,1.0459110194647285
stream,169,,57.52639789841867,1.1250571458092278
stream,170,,57.79017889295597,1.1527359934812205
stream,171,,51.65234635988153,0.9839818701950714
stream,172,,51.632048396357135,0.8380925044851675
stream,173,,47.86516999524409,0.8867554769185162
stream,174,,46.38408001224755,0.8827061604229485
stream,175,,48.820633805728804,0.7858113558060966
stream,176,,50.14892856895716,0.7770515383684808
stream,177,,49.083317922132984,0.9435374840229513
stream,178,,39.78748662875993,0.8518885408964655
stream,179,,33.29026938156041,0.8479457006052946
stream,180,,31.228582799082126,0.8172324678178345
stream,181,,31.697581373407886,0.850716124980695
stream,182,,32.746156691885,0.8384900623491293
stream,183,,41.86983216011101,0.9455541406166267
stream,184,,43.307453388600486,0.9557460723480194
stream,185,,44.68321524590978,0.9345684966287924
stream,186,,44.06989626577036,0.8661664190422823
stream,187,,47.15179660898261,0.8755064558017307
stream,188,,48.53049664963185,0.8721139557846169
stream,189,,45.78694950708981,0.8810134833283327
stream,190,,45.450803481502184,0.8415108187392136
stream,191,,47.6198155513153,0.8860374172809091
stream,192,,47.65323039339985,0.9166941812909675
stream,193,,45.70231367983473,0.735198759281042
stream,194,,42.83318336012697,0.7353262336984694
stream,195,,48.84398114027451,0.9057148569118572
stream,196,,46.63433646751125,1.107747161913174
stream,197,,46.78984788909906,1.003128254085683
stream,198,,46.50926692642844,0.9372347030271514
stream,199,,46.204734530059596,0.9412446358842019
stream,200,,46.50658497023093,0.9362568740298355
stream,201,,42.719459597994906,0.9429481589530838
stream,202,,41.1090504136442,0.951583134881848
stream,203,,34.58647575880421,0.8697217869350604
stream,204,,33.149300787388555,1.124440138982923
stream,205,,36.49903381128668,1.582311540775257
stream,206,,33.92555453792406,1.6641752262123544
stream,207,,31.0400209793613,1.6690907962455426
stream,208,,29.9721407124275,1.654856144250463
stream,209,,30.64295465967008,1.6497136528107958
stream,210,,30.721910606623183,1.6466935170956838
stream,211,,28.636872328532505,1.6272455669350847
stream,212,,28.474533188507728,1.5944073321396464
stream,213,,28.561608928835366,1.6548140020416753
stream,214,,28.056018529837687,1.659689246504794
stream,215,,19.329751849975857,1.505124435890233
stream,216,,19.30320386786783,1.3091428690301885
stream,217,,19.3999582219653,1.3193004489866489
stream,218,,19.20520142654576,1.3195263345346597
stream,219,,20.995212936759035,1.3484527929922199
stream,220,,20.802062839873575,1.3636289873053244
stream,221,,21.585983555562738,1.3259425665985134
stream,222,,27.36416575947399,1.406309822448169
stream,223,,25.84347851425356,1.4412910943840143
stream,224,,26.109653111811753,1.132980134000841
stream,225,,22.101417237924426,0.6725567930684683
stream,226,,22.27138770173051,0.5871558587430077
stream,227,,20.308825418745815,0.5757604446474528
stream,228,,26.70493232122581,0.7363596600735804
stream,229,,28.488196380468803,0.6871697969271273
stream,230,,29.33706130172748,0.6935526642726041
stream,231,,34.42189387760991,0.7257787130274572
stream,232,,37.46545311389289,0.7382746364661857
stream,233,,38.79112809435292,0.6762180948913388
stream,234,,42.4089869497445,0.6744541480536841
stream,235,,43.482343331409865,0.6837659564882955
stream,236,,43.67400609255254,0.6834291096920859
stream,237,,43.198395810722324,0.6209149319922925
stream,238,,43.256639307729245,0.6430336391206508
stream,239,,40.562002166616594,0.6662534493606785
stream,240,,39.55428969730686,0.6626966211117015
stream,241,,38.77929514724281,0.6610192732486333
stream,242,,32.61351061224259,0.5637478974860239
stream,243,,32.342253564180474,0.5228522017689462
stream,244,,30.571101187522668,0.5189315096408398
stream,245,,30.123351052594174,0.5671293963449957
stream,246,,30.37438257744989,0.5676373374197878
stream,247,,30.22020883674635,0.5862315486885624
stream,248,,25.931260162465286,0.4860855652545899
stream,249,,25.394661931425226,0.4513747233238551
stream,250,,24.63694266686375,0.582383371771182
stream,251,,20.013610224506156,0.5843791935782409
stream,252,,17.610521270718284,0.6825965542569628
stream,253,,16.502434512416848,0.8056594461781821
stream,254,,13.18217607411469,0.9297614650277031
stream,255,,16.62439055885001,1.2131930198023937
stream,256,,16.441788023294034,1.4659343013692507
stream,257,,16.83832819108786,1.4566561902391335
stream,258,,16.38307226795659,1.4454470960503765
stream,259,,17.319808908096242,1.4290104843961215
stream,260,,18.439930881039313,1.5745882772668984
stream,261,,18.551543432414014,1.585715626793189
stream,262,,20.223635515346885,1.6129573552175291
stream,263,,19.714240600193676,1.6875551487485243
stream,264,,19.58684125004609,1.7220328850579862
stream,265,,22.673159730721476,1.7366794134416594
stream,266,,23.680077079437854,1.7465628303272827
stream,267,,24.14355022431678,1.737756286387243
stream,268,,21.920726759240555,1.6519923565837462
stream,269,,20.182790515327472,1.6528003318191522
stream,270,,21.44679413671661,1.5154088168372526
stream,271,,20.840522620570702,1.5008401225788015
stream,272,,21.172890886056205,1.4387112524606909
stream,273,,20.085235635844835,1.3620601990893648
stream,274,,19.495937999045044,1.2350134783236035
stream,275,,18.429927193392054,1.0826070693186838
stream,276,,18.114514183785978,0.9161376911821904
stream,277,,17.792208182006313,0.9313401729107904
stream,278,,20.935928911081717,1.0756619229659143
stream,279,,19.74364208710692,1.1688732400415198
stream,280,,19.91881167844377,1.0608511382903614
stream,281,,21.030127843450728,1.0489126152478416
stream,282,,19.362154536572728,1.0618677928578122
stream,283,,19.873446106391157,0.9864363213217608
stream,284,,19.695314832609935,0.958029037155143
stream,285,,16.12025899074592,0.8947240587483967
stream,286,,14.261315598315868,0.8846332713730892
stream,287,,14.095667173192995,0.8804383910681192
stream,288,,16.265054969868252,0.9199836989627592
stream,289,,16.500573400266408,0.9514772075642048
stream,290,,17.14128999307102,0.9664691906156584
stream,291,,17.892187765527638,0.9361967985310393
stream,292,,17.3924394167807,0.8868353223223936
stream,293,,17.548549407975987,0.8765437058725196
stream,294,,17.755235028767054,0.9067553026779668
stream,295,,14.718017614797823,0.8029865275476875
stream,296,,15.200381737222893,0.7927014327539131
stream,297,,16.959126792088878,0.9451668287915078
stream,298,,13.893691229282377,0.8215430218558167
stream,299,,14.664322854246484,0.708380692949162
stream,300,,17.01939058891602,0.9175146508069685
stream,301,,15.791793237915815,1.0406813788633706
stream,302,,16.172791325802102,1.0113288297605703
stream,303,,15.354657435880021,0.9861449601623389
stream,304,,16.97362595546033,1.0293581546898845
stream,305,,17.610589171726087,1.1973227274922882
stream,306,,17.62100152095173,1.2266292308118671
stream,307,,17.61885388414987,1.2285420225448371
stream,308,,15.188812135802404,1.1907194429086185
stream,309,,19.232355833190475,1.3299739855194908
stream,310,,17.465512464971923,1.3761726733874948
stream,311,,18.318304058272705,1.3649934757465205
stream,312,,20.196223622421385,1.365650600692136
stream,313,,22.82763165561898,1.326463527770058
stream,314,,23.990145532277328,1.3035182151403384
stream,315,,23.76797795971555,1.3728361540710439
stream,316,,23.583359365390184,1.2921111262175136
stream,317,,22.096794226820336,1.1699230986261162
stream,318,,22.289966579274633,1.1383155427279152
stream,319,,21.71939717334517,1.1170269131656323
stream,320,,18.15576239212349,0.8810762406817627
stream,321,,18.528914104900544,0.7907632790167045
stream,322,,18.53073458656596,0.7797993393414256
stream,323,,21.920892485814097,0.8319219200192791
stream,324,,20.14611533060679,0.8989791204821076
stream,325,,19.905746592626492,0.7383280422702153
stream,326,,25.633330732302646,1.013358112637166
stream,327,,27.09669896042993,1.5105773157211893
stream,328,,27.07894528583775,1.5657176390814198
stream,329,,22.636210514343194,1.3977401838467274
stream,330,,22.281125067340042,1.3247096559597349
stream,331,,22.78076001958065,1.365956019542466
stream,332,,20.88601619348051,1.5390230406116696
stream,333,,18.166050731976913,1.5790798425781174
stream,334,,16.783781787011055,1.5715451301257888
stream,335,,16.505599099107364,1.447014012668256
stream,336,,16.279013238355603,1.448675182586103
stream,337,,16.60237303786409,1.461615414693815
stream,338,,16.66397922318527,1.5401996077680271
stream,339,,16.688725419537786,1.5408928273708784
stream,340,,16.97378063043795,1.5187741848873197
stream,341,,17.25298052004503,1.4942662867613978
stream,342,,17.597845348217845,1.4942415088291552
stream,343,,14.555747360256468,1.5068657651023178
stream,344,,14.607196247035366,1.3987077344526768
stream,345,,14.547272847614284,1.3885178450732059
stream,346,,9.79524244000305,1.1741899881836344
stream,347,,8.249046351568765,0.6736418805691007
stream,348,,9.699074223293684,0.6378956526624139
stream,349,,10.145392532104086,0.6431776502296392
stream,350,,10.601587855451877,0.7164528143909965
stream,351,,8.48737851621587,0.6821627000896169
stream,352,,8.040597594045112,0.5093450635225569
stream,353,,8.040910740871208,0.4714455205480899
stream,354,,8.039392362519724,0.4723274864283715
stream,355,,8.144236292888996,0.48352582143533374
stream,356,,8.167597121099334,0.48186465151748664
stream,357,,8.483122177949026,0.43644501327522384
stream,358,,8.265117252310617,0.3658293794025667
stream,359,,15.242821150002758,0.5260366750843903
stream,360,,16.28466862734906,0.5965087301326863
stream,361,,19.582319887894293,0.6127513772528623
stream,362,,19.99838189338984,0.6440272811416713
stream,363,,23.521361039247704,0.8853296240814452
stream,364,,23.91487519026612,0.9292340953084031
stream,365,,23.579264464752264,0.9330410672820667
stream,366,,26.304464297189394,0.9982637914541971
stream,367,,26.73482295210361,1.0378330446691355
stream,368,,25.748982235457927,1.0167162213830867
stream,369,,25.143224020990356,1.047823607855181
stream,370,,24.624024056719275,0.9779846331997188
stream,371,,25.03198785424432,0.9828488683110632
stream,372,,24.93445193167217,1.000849051118052
stream,373,,25.2241964149237,1.025257528483837
stream,374,,25.226646427950413,1.03503088236462
stream,375,,25.18860824938815,1.0295184008540108
stream,376,,25.417844192825928,1.0322205101641475
stream,377,,24.658111029601834,1.0195809697470664
stream,378,,25.01050092218524,1.0595828790342403
stream,379,,17.911349329043393,0.9307520782225658
stream,380,,17.882457278981178,0.9364300802903471
stream,381,,14.925555694093418,1.0874231388773978
stream,382,,13.778956240983966,1.087263404649449
stream,383,,10.025213634227189,0.7803216894573456
stream,384,,9.627001906221528,0.7260672576787671
stream,385,,9.714627458157596,0.7286687951005967
stream,386,,6.298769460729047,0.577001479006484
stream,387,,5.726172859824502,0.5306750951070353
stream,388,,5.941796342427308,0.5674582537138085
stream,389,,7.748546839126707,0.717612218172866
stream,390,,8.098436650819739,0.8515079477635632
stream,391,,7.820291815263793,0.8300598668778353
stream,392,,7.872189286360406,0.8111170850802238
stream,393,,8.064261155656554,0.8165009881101417
stream,394,,9.760393282093979,0.8126809720257308
stream,395,,9.677296413193782,0.8622083461544133
stream,396,,9.291980221891057,0.8592417608028137
stream,397,,9.612881560637616,0.8799930979273772
stream,398,,10.363542183049839,0.9413349163902122
stream,399,,12.312297980167674,1.131462342566471
stream,400,,11.078227467294786,1.1675343677102776
stream,401,,11.390870158469424,1.0775133490826996
stream,402,,13.073727374887698,1.0466885775152888
stream,403,,15.153971090114124,1.037151774278904
stream,404,,15.7407261653618,1.0583302169213515
stream,405,,15.739594976432109,1.0547980812980178
stream,406,,15.851591042385836,1.0517143908644495
stream,407,,15.8798799442523,1.0520036442384089
stream,408,,15.665720472410259,1.0213115588718662
stream,409,,17.182727535072342,0.8833556272180306
stream,410,,17.74261564399295,0.7819452303843965
stream,411,,17.626373534725648,0.810330123950794
stream,412,,17.55474792002025,0.8140289672515749
stream,413,,17.244867208242503,0.7953728791797665
stream,414,,16.719071244301883,0.8006374896694581
stream,415,,17.463402202445913,0.7486889643698945
stream,416,,19.995417842195636,0.7608145254079898
stream,417,,19.430274550122835,0.8100870730414911
stream,418,,18.21610709516355,0.700312626195364
stream,419,,16.17007386320632,0.4793139652667396
stream,420,,16.14422600067474,0.3780981848402649
stream,421,,15.402554974253803,0.2931184503973313
stream,422,,13.85497929472805,0.3502690062827647
stream,423,,11.922988184638758,0.35250023611715
stream,424,,12.339835892221817,0.4105123479228422
stream,425,,13.265317747536841,0.5605015735010228
stream,426,,13.242804082590533,0.652949484018199
stream,427,,13.157142839283384,0.6736908454831996
stream,428,,12.728166447350423,0.6700248889376645
stream,429,,9.838939757858988,0.6448716856342278
stream,430,,9.640701102731418,0.691977537965629
stream,431,,10.5317522330105,0.7728851957422844
stream,432,,14.288040464454031,0.7944657648364886
stream,433,,15.686176431412381,0.7960245717412086
stream,434,,14.748173900853999,0.8975708614873597
stream,435,,15.770067074720558,1.0363595051637247
stream,436,,13.492103586017976,1.0468257623967854
stream,437,,13.580098351192637,0.9969194395639166
stream,438,,13.952342916320202,1.0280528066385441
stream,439,,13.951006831189586,1.0311623127497214
stream,440,,18.976964720934394,1.2233600297722684
stream,441,,20.47411464686645,1.2533034153600278
stream,442,,21.632942972603054,1.198165011682701
stream,443,,22.25164189295225,1.1955719998285779
stream,444,,22.019584671544,1.1171861789578295
stream,445,,22.0007389114524,0.957200722710342
stream,446,,22.39362586565826,0.8638522231568132
stream,447,,22.391169692379755,0.8581208475613203
stream,448,,22.45904221076774,0.8613559694010731
stream,449,,27.657302082994192,1.0184065959598687
stream,450,,28.399919380387615,0.990976936706712
stream,451,,28.7828343429825,0.8812197270863116
stream,452,,25.290174024874556,0.9575013800849077
stream,453,,23.84940355128422,0.9426391531441781
stream,454,,24.77306015603567,0.9147568251668714
stream,455,,23.345392530364645,0.87409117257698
stream,456,,23.15859346073915,0.8590597144766793
stream,457,,24.099450899863438,0.856619687812417
stream,458,,23.878525286381127,0.8997025839642071
stream,459,,24.02050508684941,0.9114538707214704
stream,460,,18.87130569439615,0.7191594383731931
stream,461,,17.167736027296,0.7041443472194915
stream,462,,16.192669294296465,0.7018655735387235
stream,463,,15.350978141730003,0.7352310553447882
stream,464,,14.537305603224448,0.738070185525827
stream,465,,13.555755948224046,0.7379427056753513
stream,466,,12.843058906339794,0.7447299507626228
stream,467,,13.243594412907646,0.7572516285857671
stream,468,,14.481846928076907,0.8881120585591042
stream,469,,8.955794476486039,0.8010911754353615
stream,470,,8.095457076492208,0.7805927967458307
stream,471,,7.10170856472278,0.8372087741404587
stream,472,,7.314913745661715,0.7361295975266621
stream,473,,9.765895514245846,0.762143236788674
stream,474,,9.00150835198109,0.7114896733488413
stream,475,,9.509290408542354,0.6111585965176587
stream,476,,9.448953802767793,0.6234675661245285
stream,477,,11.691150177324051,0.6881498436365682
stream,478,,13.978601798919222,0.6160073520388638
stream,479,,16.374067588113796,0.5999480794497885
stream,480,,16.55443825877856,0.6370089147766488
stream,481,,16.193222099856442,0.6302491312506079
stream,482,,16.02611845573894,0.6344559209309043
stream,483,,16.173348663743887,0.6307389607953606
stream,484,,16.93778441028174,0.6321950776685277
stream,485,,16.935853122197475,0.6610203536970943
stream,486,,16.864635531023705,0.6552430734392158
stream,487,,16.588480039903448,0.6277114092444437
stream,488,,15.749843392182736,0.532508004336209
stream,489,,18.526565775396705,0.46793071240648204
stream,490,,26.00263336752498,0.47768908387955816
stream,491,,25.914516266184258,0.6346850784216621
stream,492,,26.114446062791778,0.6397331590272598
stream,493,,23.472404509421963,0.6512055458350876
stream,494,,24.71526795123078,0.6816446616963083
stream,495,,23.91272255625157,0.7327638112078826
stream,496,,24.302047999585188,0.736018123659319
stream,497,,21.25650980213452,0.6542188361129059
stream,498,,18.948773436389608,0.6761962489574594
stream,499,,16.68202062809142,0.6761962481999814
stream,500,,16.519815225281693,0.6320124747805195
stream,501,,19.630878039479484,0.7755309722170474
stream,502,,19.764187934424065,0.8376448509966871
stream,503,,19.892084734794942,0.8086637165806302
stream,504,,19.545613417966845,0.8036150875972227
stream,505,,19.570083768107878,0.7994257807311319
stream,506,,19.822085895403852,0.8132357957572652
stream,507,,25.248326866779365,0.9476529812333515
stream,508,,24.87088055331137,1.0497426758724733
stream,509,,22.16858940753953,1.0174480224754883
stream,510,,15.379768056884895,0.9914067769426648
stream,511,,17.869622244770458,0.784972206476542
stream,512,,20.5872516649092,0.7821553809458932
stream,513,,20.63884162740371,0.9093456297478004
stream,514,,18.991798366767537,0.8494564450759012
stream,515,,18.984685185298147,0.7986272946757285
stream,516,,18.61400861161675,0.7754093688479715
stream,517,,18.421848659947266,0.7741755370706587
stream,518,,18.93828280515056,0.7639415499665936
stream,519,,19.67320276915605,0.7651400304447065
stream,520,,21.289062176889058,0.7636043619543991
stream,521,,21.201620154885145,0.6161713808694635
stream,522,,21.696180703331777,0.5780909281150619
stream,523,,21.44749120617845,0.5845749922525149
stream,524,,22.729828567563878,0.6281643551343703
stream,525,,23.565457088046763,0.6067671896879275
stream,526,,23.787276530631747,0.6879812086280707
stream,527,,18.225215382312506,0.5628431680472833
stream,528,,20.407960740018154,0.4979239703460739
stream,529,,21.49471381388995,0.7621262548707928
stream,530,,20.27973019437432,0.7989075568126227
stream,531,,17.683188329597627,0.7978399469076084
stream,532,,14.916685576975437,0.8320555450150359
stream,533,,15.03466502761891,0.7236871472127236
stream,534,,15.288187600979532,0.748506964198235
stream,535,,18.327687995429844,0.7995433139100839
stream,536,,20.905034022224452,0.8002046067662282
stream,537,,22.729662184372806,0.8059985868306487
stream,538,,22.11899485309251,0.8359323469590528
stream,539,,23.072473420276243,0.8893096426616225
stream,540,,21.446327429868195,0.9731735229366925
stream,541,,18.499981620978307,0.9692516806327124
stream,542,,22.351988424244915,1.0799247702358687
stream,543,,24.167637447140315,1.506893178776443
stream,544,,22.946355036157108,1.4714900427541682
stream,545,,22.21440756065713,1.5149410801329821
stream,546,,31.27170089877293,1.8445237576462925
stream,547,,31.39694528676074,2.1326043454093675
stream,548,,29.08565255551245,2.05601657658611
stream,549,,28.377005000642967,1.815985803109862
stream,550,,28.829758760044903,1.7604544762934058
stream,551,,28.818878905342793,1.758296512927643
stream,552,,30.459813109488888,1.776967506694791
stream,553,,31.70773660260336,1.7217478669538642
stream,554,,34.68124017845686,1.7001301643029552
stream,555,,34.98866118163604,1.6475737624431288
stream,556,,32.572211808460686,1.724043783851029
stream,557,,31.9658360152361,1.7343128481526187
stream,558,,32.73544660956125,1.6916138586713083
stream,559,,30.791077171564492,1.6659048685976026
stream,560,,35.01863120341427,1.7105984763329303
stream,561,,35.53411779443858,2.0188152684519323
stream,562,,32.78245586702107,2.059118664038986
stream,563,,34.62134199321529,1.630408677981421
stream,564,,34.20987962152892,1.7794805545833992
stream,565,,35.22436294455028,1.7950370253891497
stream,566,,25.91911113205956,1.3821887859737827
stream,567,,25.85920329622536,1.1022210363266378
stream,568,,26.176690138240545,1.1235591385928672
stream,569,,25.7652579428281,1.1425775403046783
stream,570,,25.26853529318191,1.1471083549150802
stream,571,,25.980461528254843,1.1727520664654758
stream,572,,23.725909644588793,1.144705558998464
stream,573,,22.366148769871653,1.1435033074992094
stream,574,,19.9396514119308,1.1466382726390747
stream,575,,20.787775779585367,1.1950709046806058
stream,576,,20.721277479365675,1.2230213129759169
stream,577,,19.519842451584477,1.2184304838055944
stream,578,,19.93950228071735,1.2927879470945458
stream,579,,20.313959337263615,1.27011924306856
stream,580,,17.73382916223607,1.15888315305
stream,581,,17.20379653770429,0.877304643006778
stream,582,,15.97960676379118,0.7358178285713203
stream,583,,12.249704926928082,0.7541989208094827
stream,584,,14.617847249917423,0.7008480529044052
stream,585,,15.124323626112728,0.6385074569989173
stream,586,,15.631198512121427,0.6309072217938233
stream,587,,16.370889407905196,0.6093499274261552
stream,588,,16.869271639324545,0.5853749821566875
stream,589,,16.671410607987823,0.5663565816166902
stream,590,,16.673212458307624,0.5638311368095066
stream,591,,15.924677004215335,0.5343384756393321
stream,592,,17.09007665719351,0.5327631688477497
stream,593,,17.878803744699507,0.5328870540610765
stream,594,,17.591717006857902,0.5933536675569542
stream,595,,15.59715927360082,0.7545365349366804
stream,596,,18.023431168750975,1.0355051455769773
stream,597,,18.981517967751458,1.2541016329115249
stream,598,,19.318470895158857,1.182130352685085
stream,599,0.9728887775437972,18.955276895694137,1.2154190281940345
stream,600,0.9720402597156763,17.603290789323705,1.2026560659273091
stream,601,0.9719749618194002,20.586134970476714,1.2145895593789522
stream,602,0.971598808603949,20.325459938977794,1.398588653022752
stream,603,0.9714055314381227,21.284951342531862,1.3783764187277616
stream,604,0.971147366870252,19.682791915799474,1.2747894757622613
stream,605,0.9710777175327628,18.058312256786575,1.2880199946419708
stream,606,0.9706988340465911,17.711057571458976,1.2879548754039016
stream,607,0.9701606673349873,17.006034997269094,1.3071301460451896
stream,608,0.9697508863853471,16.41072864425526,1.3108079534243615
stream,609,0.9694533644257676,16.956775405869,1.2868885059122686
stream,610,0.9695831782009636,17.80915474536104,1.2860447713071783
stream,611,0.9697594850363048,18.359086081705208,1.2901734445494397
stream,612,0.9696376873786634,19.03639016587005,1.4467806068781182
stream,613,0.9695979983056439,20.83442208573283,1.7912135383246364
stream,614,0.9694515531966232,20.359301323103306,1.858522711375204
stream,615,0.969902415927542,21.8310149422952,1.80842364372669
stream,616,0.9706042317169739,22.084521149103676,1.4227320701670965
stream,617,0.9713123601476171,21.62851401093497,1.2294222643319153
stream,618,0.9721393371249797,20.799685239819368,1.2263746170591325
stream,619,0.9730066980364495,27.301484534807813,1.2750216355345358
stream,620,0.9737074592010843,27.912668149909425,1.3608643037770194
stream,621,0.9742626497386934,28.687729764599663,1.3475014002476624
stream,622,0.9747472863947569,29.930867256630194,1.1463872108145536
stream,623,0.9751779130064896,29.35676929638122,1.167278916597876
stream,624,0.9755610028314602,28.701845256265937,1.1692875220555734
stream,625,0.9759229126933765,28.670617553672244,1.167685191143187
stream,626,0.9762694830953489,29.444003382874644,1.2286698727230174
stream,627,0.9765594701118433,29.428861649294543,1.2374040519914116
stream,628,0.9768278336674038,29.67592010271102,1.245971323444541
stream,629,0.9771177919697043,30.025671513069963,1.252727689112214
stream,630,0.9774229062980057,30.706969634266034,1.2560357079120497
stream,631,0.9776002958910552,38.19177636444495,1.8151619353546973
stream,632,0.9777731393624847,36.48655474084092,1.8584759268940636
stream,633,0.9779452160417748,33.944406887054704,1.5406086625369422
stream,634,0.9780624863552427,34.06803038117296,1.4008099109812997
stream,635,0.9780951279450231,30.364300748940366,1.2423750540971092
stream,636,0.9780155937429185,30.1381752898086,1.3231000776893025
stream,637,0.9777699904775091,29.906573870285044,1.461549620245284
stream,638,0.9772190665220237,29.50424597100115,1.5078859157399471
stream,639,0.9763873368283269,23.75775864435115,1.4214847452633415
stream,640,0.9754619019714952,23.912472624458175,1.328953286137426
stream,641,0.974494313197781,24.005527014334902,1.3296632817223013
stream,642,0.9735440833315943,23.42423474736249,1.3491834349076786
stream,643,0.9729088576226915,29.10016652754782,1.395527105255199
stream,644,0.9724552408364999,29.381927569526,1.5255630305213
stream,645,0.9723204735677594,29.686272222906105,1.5144401212200156
stream,646,0.9720170609134391,29.06463719408652,1.449865926450609
stream,647,0.9720244258600389,29.890478016190983,1.4217038452405313
stream,648,0.9726598766126631,30.136529366059946,1.4116598453015328
stream,649,0.9731361680720314,29.485507545094354,1.4647295735198977
stream,650,0.973862007734692,30.053267596350516,1.4898043179937044
stream,651,0.9751431702358553,21.96481287472016,0.9927919819632616
stream,652,0.9763563880530507,22.07710583569346,0.7807101031323604
stream,653,0.977375101937168,21.971491716132032,0.7654927660270099
stream,654,0.9784199928787846,21.959867237423612,0.7735413997227808
stream,655,0.9795301546840488,23.126780896733706,0.7808905634683737
stream,656,0.9805333749652774,21.5587321706709,0.8743181519399489
stream,657,0.9813964274271452,21.298826155761795,0.7140859310040977
stream,658,0.9820575670207975,22.87882899240195,0.7075360462610308
stream,659,0.9823619561486274,22.56796956343103,0.7172719063951213
stream,660,0.9823351967599618,21.581051635298373,0.7207154199081099
stream,661,0.9818775272755038,19.096609720740688,0.7306367388966621
stream,662,0.9811065541849878,20.10761993773506,0.6938979357131634
stream,663,0.9801045805235613,14.23047389069086,0.6519843887106034
stream,664,0.9790440143052309,13.799952051931335,0.5278887067927247
stream,665,0.9776853595456607,13.486787765588854,0.5268518123184934
stream,666,0.976539283733005,13.923700958100076,0.5756680731051129
stream,667,0.9755152020269025,13.482306342798324,0.5831963786335427
stream,668,0.9746925528071347,13.404491468421663,0.5827986702518458
stream,669,0.9744476475170832,18.499483819515376,0.6166098076506125
stream,670,0.9745045590489484,16.3758651013875,0.7852022413102441
stream,671,0.9748003313622673,17.2343097850127,0.7507475035351489
stream,672,0.9751730218800323,17.679949702292312,0.839886524563229
stream,673,0.9755349261120638,18.651842165184952,0.8319095231166604
stream,674,0.9757223903262009,19.98930259339007,0.824992522344609
stream,675,0.9760812672897452,18.862958446637748,0.8956080825933258
stream,676,0.9762478398215757,19.434049674993787,0.8137940690078462
stream,677,0.9763662329330295,20.458198066654386,0.7993827142589836
stream,678,0.9764136840064588,19.25964057296509,0.9030827062218774
stream,679,0.9764133540267725,18.94803933552681,0.9431753205242077
stream,680,0.9765319703116804,19.435138679728503,1.0041616444181314
stream,681,0.9768573851073872,19.237823448400242,0.9746011157451098
stream,682,0.9770061634238215,17.16883297905532,1.0352968662989588
stream,683,0.9772997910153386,17.370073673980666,1.016829166458376
stream,684,0.9775581817495942,17.34290635023114,1.0184171452973276
stream,685,0.9777449904580865,21.980199505489743,1.227871141187417
stream,686,0.9779380752872615,21.67515973528642,1.2427428565381173
stream,687,0.9779099000547036,21.29808701002298,1.241998667665616
stream,688,0.9779146442430562,20.929112347995623,1.2662429096572578
stream,689,0.9779967486103793,15.656955776242038,1.1747378380579858
stream,690,0.9780273033366113,16.096062561337124,1.0132876830347175
stream,691,0.9780321586210585,18.653768319269485,1.0420190359327621
stream,692,0.9780372145723225,19.503649499347954,0.9463343967056611
stream,693,0.9780503371797776,18.52642305934751,0.9953994023484083
stream,694,0.9774427477846187,26.162962638541217,1.3324039811816721
stream,695,0.9763561128908724,26.1235771345746,1.5902712626393554
stream,696,0.9750267832236424,24.927747651520964,1.5151053852844354
stream,697,0.9738401654707373,23.93324523809169,1.5406681751491875
stream,698,0.972912667216273,23.288385270561196,1.3970998996330588
stream,699,0.9722140169421152,23.205019138749645,1.345649064826418
stream,700,0.9715683906226058,22.63346809070547,1.2821564902160403
stream,701,0.9710230877285463,21.406169676785407,1.274997943563657
stream,702,0.9707744527211205,21.414482461542878,1.211236786805877
stream,703,0.9710209067352213,23.74953616877452,1.2824607593214992
stream,704,0.9709309533667357,23.781163071081355,1.395610743439325
stream,705,0.9711666855183202,23.359096775050638,1.3507816631083054
stream,706,0.9712982223097341,22.976238755309858,1.3773259713591999
stream,707,0.9716255444804982,23.41136821688964,1.3705418545373844
stream,708,0.9719253313736027,24.00873646415246,1.3452310990730516
stream,709,0.9729667840960274,25.8383337424197,1.351536859880343
stream,710,0.9738910126717817,26.04241137475914,1.3330064957170173
stream,711,0.9746811556496855,22.639718473942665,1.2990529831119433
stream,712,0.9752747926156136,21.06079035574785,1.2920742528093898
stream,713,0.9755317801889214,22.097398602355867,1.2990875307103462
stream,714,0.9758044305553232,12.973681566160513,0.9785108848358565
stream,715,0.9759772768114269,13.20449283487733,0.6500280061794389
stream,716,0.9760661141346056,13.139778618463437,0.6719802253030132
stream,717,0.9759818104241882,13.710548592698894,0.6516465366239337
stream,718,0.9758375982251316,13.619759315709695,0.667397127202513
stream,719,0.9755579075757813,14.007922394929047,0.6812106627115825
stream,720,0.9752340418383613,14.016759440860724,0.7063764586886608
stream,721,0.9748908981582498,14.110434358117809,0.7075704290991044
stream,722,0.974531858976491,14.308792321522494,0.7368104942253876
stream,723,0.9741382086685277,12.162564017034832,0.7096093702541201
stream,724,0.9737441250717843,13.750754641811335,0.761645256100652
stream,725,0.9732492145767275,9.94746111975763,0.6065342458828846
stream,726,0.9728688026105469,11.089948666499641,0.5335648458810829
stream,727,0.9725510642048655,10.589274197544544,0.5712166721963472
stream,728,0.9724328595383966,12.096690845388244,0.6595669271984759
stream,729,0.9724046594979924,10.710329965873298,0.8186632641726118
stream,730,0.9723502246288089,10.341127111916965,0.8036255024923944
stream,731,0.9723139036708349,10.343032846222135,0.7845092378784033
stream,732,0.9722810525804362,10.711289032666265,0.7966384096706883
stream,733,0.9721782080610334,10.109014691539958,0.7372911481227172
stream,734,0.9720706299274822,10.523483550491227,0.719166538917714
stream,735,0.971963876980359,11.286260052933432,0.7142272681173765
stream,736,0.9718285526795456,11.023348707435073,0.6934720985019219
stream,737,0.9717234322717622,10.618974265304136,0.6879181796117022
stream,738,0.9716956347579049,10.703291100294832,0.6776491657345282
stream,739,0.9716263709190935,12.199440241069984,0.7023499914511596
stream,740,0.9714900760085072,12.786005302423424,0.6933046156420216
stream,741,0.9713560562131699,13.987780446712115,0.6982726357916581
stream,742,0.9712448650921869,14.350245834707067,0.673804931962053
stream,743,0.9711338084840336,14.106462961815096,0.622667250136798
stream,744,0.9709909420000484,12.633424438300732,0.45171147609282575
stream,745,0.970893754983806,12.22828075717456,0.44718107738313123
stream,746,0.9707381195350874,10.94091010245883,0.42905583403955233
stream,747,0.9706119116636841,10.918984465589752,0.41131844183570276
stream,748,0.9704203771487954,8.539881385809736,0.3221550289527733
stream,749,0.9702704438061036,9.488285884481204,0.2081722476226402
stream,750,0.9701518151469763,9.485342330162295,0.2164537299050948
stream,751,0.9700915467648731,9.487422594679686,0.21409443862919955
stream,752,0.9700090049731467,9.245901688784917,0.20621048400044534
stream,753,0.9698899632221991,8.849755102277795,0.21890112508039442
stream,754,0.9698873717082221,8.99109443677032,0.2642737594335726
stream,755,0.9698644247289597,8.35513703839901,0.2608243370479406
stream,756,0.9698900244856236,9.521928051603362,0.2537239498806132
stream,757,0.969869531094592,9.313058903917284,0.3090873623325309
stream,758,0.9698757097121167,9.237010142809456,0.30557452436056126
stream,759,0.9697986570598018,8.358882417165635,0.289014079950604
stream,760,0.9695792689786911,8.03617449601125,0.2836950115726736
stream,761,0.9694434131658672,7.462460641287737,0.35052932353113736
stream,762,0.9692511240654538,6.981831469790545,0.38574263852207313
stream,763,0.9691123835029044,6.692298842470321,0.4005291971283219
stream,764,0.9689905186555071,7.038008136309854,0.42240430136261875
stream,765,0.9688931869070798,7.05059860087517,0.4583153995641559
stream,766,0.9687006863377672,8.070962833789924,0.5043489774692405
stream,767,0.9683878331960275,10.02369607163659,0.4873090579214964
stream,768,0.9681518678211382,10.456529791626263,0.5092390631312385
stream,769,0.9679212566209616,8.99952323786622,0.4730991309038134
stream,770,0.9675649252924697,15.37365983777277,0.7027211825614839
stream,771,0.9672523763624198,15.466379520076275,1.0139622507871737
stream,772,0.966967741175184,15.713299164689712,1.0166187870922896
stream,773,0.9667234526292017,16.516210566305826,1.093139317912653
stream,774,0.9665418604951007,18.699387395068975,1.0641611961661162
stream,775,0.9665165785202922,19.75780806656983,1.3732509543524662
stream,776,0.9665705270836558,18.53863360162166,1.4076563507811932
stream,777,0.9665595634152118,18.46696836922261,1.352726198824917
stream,778,0.9665470134426881,19.116333803769148,1.3815821619832842
stream,779,0.9662941281534254,18.48776314278414,1.4425472902864527
stream,780,0.9659613340571753,18.219110393625733,1.4583561322321632
stream,781,0.9657976186342205,18.31894769640702,1.4085649851769269
stream,782,0.9653164230368462,18.233176829399447,1.3915859418124494
stream,783,0.9646739369015948,18.19969146497247,1.3733745323053301
stream,784,0.964233386426281,21.959498101022756,1.5064059281925615
stream,785,0.9639846502476012,22.222365881659286,1.5398125991233842
stream,786,0.9638289964805908,21.340723724860343,1.5221064721251167
stream,787,0.9638038289403843,19.951118995363796,1.5734765250908007
stream,788,0.9636540340491357,20.179842059315412,1.6248236069509505
stream,789,0.9635990687306044,20.60976607949587,1.608478590560827
stream,790,0.9635583498719923,14.182614092933918,1.4148653514764218
stream,791,0.9634556711327189,14.113337048270854,1.1080895626381044
stream,792,0.9631029720653406,14.863367273853392,1.1249461745400418
stream,793,0.9625440533803357,14.026243339222242,1.0774574611864844
stream,794,0.961847116666686,11.377982502375424,1.0621949952914251
stream,795,0.9610251809382091,9.956348169087905,0.7535451175866801
stream,796,0.9603495586502311,10.492403704521966,0.749661524699495
stream,797,0.9598531228817088,11.207425606859479,0.7569459022795347
stream,798,0.9597428633951408,10.983812684764684,0.7258298014435858
stream,799,0.9597858829954776,10.539412205468324,0.6538064819409312
stream,800,0.9597702616305211,10.630997591586057,0.625912510912549
stream,801,0.9597119532590856,11.769477832439295,0.703944415251986
stream,802,0.9596595506048295,14.263461843800329,0.6845340886055434
stream,803,0.9595107857973507,14.333040371548783,0.7390965725941516
stream,804,0.9591863681342153,10.11274475247241,0.5861393256088723
stream,805,0.9587590067404969,10.426373190145554,0.5165764183253271
stream,806,0.9583879511595661,10.14834743756857,0.5142415622246057
stream,807,0.9581227979719444,9.594621010204586,0.4598731141267931
stream,808,0.9580053692102549,8.935278434917471,0.3957602730484878
stream,809,0.9580386292388852,8.538370336067018,0.39540064548294634
stream,810,0.9580645247002509,8.317688495918803,0.3479594795066716
stream,811,0.9580606204334733,9.451411647276405,0.3840724568105315
stream,812,0.958044425395863,9.13417133287574,0.364270055778705
stream,813,0.9580237699712153,9.45554834497762,0.32337710105280426
stream,814,0.9579277329114221,13.234932755951535,0.3765984124503191
stream,815,0.9574603492451805,14.128261275186743,0.4180614875509516
stream,816,0.9569654444732298,13.630384980631886,0.4380252058704911
stream,817,0.9564409446751644,14.214061018818594,0.5106054645372355
stream,818,0.9562862277180336,14.422529383943914,0.5201749557764108
stream,819,0.9564141917794574,14.43875154625451,0.5655871511744185
stream,820,0.9566743858867828,14.83449413423338,0.5791680515842145
stream,821,0.956899984182093,13.60293239368095,0.48159375637307017
stream,822,0.9574303198480607,14.286500826783474,0.6936954922526606
stream,823,0.9578725703444557,14.701101342097369,0.682870718343522
stream,824,0.9581840340786613,17.42567537749259,0.7127677908525462
stream,825,0.9582451475531284,17.068042428291026,0.9358449784042091
stream,826,0.9581581360896851,20.97855013224024,0.9970246218415284
stream,827,0.9580976473540955,23.617513654771308,0.9991435955265936
stream,828,0.9579202270610364,24.362358782902266,1.2080828001276536
stream,829,0.9578362624121866,24.608131432073613,1.2795951407431827
stream,830,0.9576948798724894,24.634745497485174,1.294531495555883
stream,831,0.9576104173480308,23.721629751302995,1.2706730179579908
stream,832,0.9573807726791861,23.127874451245102,1.2865870138310367
stream,833,0.9573376766430165,23.344233431705323,1.3440447200757881
stream,834,0.9574356115333077,20.414268339760902,1.29290706359527
stream,835,0.9574074038821268,19.828586931638878,1.3390959924190724
stream,836,0.957489163676244,19.942519420871132,1.2794760860661674
stream,837,0.9577121710070488,18.758286135151856,1.1989381435057889
stream,838,0.9577942758341208,19.140653087753627,1.2012918725678994
stream,839,0.9579942977670062,19.120250938699282,1.180797128872554
stream,840,0.9580901552713541,22.689196080464,1.2904662924610644
stream,841,0.9584024629581086,23.00567415857545,1.3269443140212778
stream,842,0.9585348101730145,22.15945594426624,1.1209829979109216
stream,843,0.958920019903195,21.672828742057632,1.198874433707026
stream,844,0.9593630423428982,22.387726900782255,1.3240429062794548
stream,845,0.9596516019087147,24.88886074831325,1.0971177258923264
stream,846,0.9599428420383854,21.506969208707076,1.0606080770731618
stream,847,0.9602516013486927,24.90248209865498,1.1427840279699775
stream,848,0.9604712129851903,24.484640520992837,1.263604176551736
stream,849,0.9606183931766163,24.405872196492297,1.1905737564271321
stream,850,0.9605198456568141,24.418235421656252,1.1885144175420896
stream,851,0.9603055721319658,24.5791611869895,1.1969527278530943
stream,852,0.9602585642620827,24.55632222770702,1.177271808414792
stream,853,0.9602743138059854,24.31021986300791,1.118764107835948
stream,854,0.9600834126121937,23.38966059068583,1.1218723156649992
stream,855,0.9598019366379341,23.080621189837384,1.0337517094449302
stream,856,0.9596409841160762,23.240752215789016,1.0410249625797494
stream,857,0.9595414190277745,26.5161400384967,1.101667977903347
stream,858,0.9595997945148039,25.53446534631605,1.216299100642756
stream,859,0.9593662535075071,27.197677542992942,1.2093963508384948
stream,860,0.9584143120734466,23.13965007816875,1.154302633301471
stream,861,0.9576804238096887,23.08301341871897,1.154484219774315
stream,862,0.9573842874475665,20.970038410896603,1.2470409525782449
stream,863,0.9573910453651898,21.858407132662325,1.1367702898479184
stream,864,0.9571455348096167,19.80983237775584,1.1438541677738747
stream,865,0.9572491356976851,20.020128165774747,1.1474014050805323
stream,866,0.9578092402282221,19.489727916575088,1.2131661119776522
stream,867,0.9584015131064177,18.350007572705415,1.3118467323976213
stream,868,0.9591573301484446,18.094555558079975,1.1184596020331359
stream,869,0.9604433304257959,18.67874380248117,1.1688295164155416
stream,870,0.9612615409097398,19.027617022513503,1.203590997590429
stream,871,0.9616487747417127,19.9725722378687,1.1909835034526968
stream,872,0.961587332675638,19.785942838899654,1.2809724350520266
stream,873,0.961323136046775,23.62958188088294,1.4335933318769145
stream,874,0.9610014485292254,24.636921348641536,1.815943836458234
stream,875,0.9606049190877679,24.87416598847523,1.9027739120081932
stream,876,0.960319455874032,24.86266922446046,1.8957518239928952
stream,877,0.9603840668137127,21.625249169942904,1.8352228248634512
stream,878,0.9603722248886485,21.58658232607868,1.7280729947086828
stream,879,0.9607147284908462,19.913851287611827,1.6992747865888225
stream,880,0.960932681392162,22.819629053527226,1.7650015343779588
stream,881,0.9613435481901961,23.749114524845425,1.7276376836854843
stream,882,0.9619888232365146,23.85332522751809,1.6532537073253089
stream,883,0.9627874869228534,28.67311643917575,1.7841087211300564
stream,884,0.9639393560111654,32.86387850545037,1.6164307724419236
stream,885,0.9651109982559608,30.093912003618385,1.7415262995204142
stream,886,0.9656789024946757,30.521963687561225,1.6257602906662205
stream,887,0.965118735000923,26.383798716638555,1.5114179335587812
stream,888,0.9646046143391535,26.32887352118275,1.419233713205358
stream,889,0.9642305529437188,25.646466809092495,1.3721001067402003
stream,890,0.9638890280989687,25.536881653647946,1.353292305439343
stream,891,0.9637575105482633,25.601333599493305,1.4316074938300343
stream,892,0.963702258436818,25.59143838401181,1.4095292395536871
stream,893,0.9638943217885632,22.613247333677027,1.2776934369669513
stream,894,0.9639752878206338,21.602470157384964,0.9255517270135926
stream,895,0.9640230998678289,22.70188828300322,0.9304961695984942
stream,896,0.9641143325117925,23.09762852595404,0.9273666620686446
stream,897,0.9642406162964181,22.94507385943042,0.9562770895833039
stream,898,0.9643044179972093,22.960453272183496,0.936868630946519
stream,899,0.9642868302853984,23.322757575380436,0.9377277347421219
stream,900,0.9642008577720406,21.895935962522913,0.9314131769103254
stream,901,0.9639341465268044,21.348495480160576,0.9302982447700486
stream,902,0.9637749017987164,21.264999405629563,0.9253953359593963
stream,903,0.9635758197921086,15.921890151674722,0.8079011489355463
stream,904,0.963138097916532,11.560788054467011,0.9429535167751137
stream,905,0.9626998046205506,11.775996287932239,0.8175667903154062
stream,906,0.9626252252875376,11.865366368156597,0.8718119713423054
stream,907,0.962365484040727,11.815929425018854,0.9129569329668049
stream,908,0.9618782528225899,11.800317680885724,0.8745771551336978
stream,909,0.9614165954979197,11.690651489271577,0.8718010306383941
stream,910,0.9611573050189265,11.448863064431428,0.8466331118054392
stream,911,0.9608076963715986,10.041361237346448,0.7507933809467393
stream,912,0.9604640827651251,10.264496296214617,0.6924195320145246
stream,913,0.9603656600391813,10.695170753078582,0.7677085349680403
stream,914,0.960150497094633,10.686814804865005,0.7959660474499128
stream,915,0.9598242550569155,9.392905844058275,0.713342489321335
stream,916,0.9597118837066537,9.873215961621767,0.7760677193353213
stream,917,0.9593997757347158,10.33472830054011,0.8686894785899419
stream,918,0.9592247960996103,11.746541391307433,0.9846163406576741
stream,919,0.9588847784342808,17.66686916258043,1.0443969566468285
stream,920,0.9580989509597433,16.767579563637693,1.0397608491852526
stream,921,0.9571820007663461,16.408832564433375,1.0396137746346719
stream,922,0.9564053887011197,16.836073658894847,1.1617709253715969
stream,923,0.9560191316085379,22.334008118734097,1.2397044635120287
stream,924,0.9557063860794853,21.07355308142143,1.306091166419886
stream,925,0.9554944206281356,21.231030030638728,1.3263736408724354
stream,926,0.955511776808194,20.739410640586343,1.2897167066866384
stream,927,0.9554770170835106,21.944367721659695,1.2185669346330892
stream,928,0.9555684595570952,22.390647434295857,1.373363670772004
stream,929,0.9556215270696299,23.228526634770002,1.3816528196624187
stream,930,0.9555452734610002,23.192072039624463,1.399374822687747
stream,931,0.9553575740995766,26.420547748176546,1.5413654032149677
stream,932,0.9552541754341376,27.220288446027077,1.5423526357956694
stream,933,0.9550481316663575,27.305121359052194,1.4497147153684713
stream,934,0.9546967926421355,29.958242873055667,1.3892400900859394
stream,935,0.9543096802422945,29.939640788079775,1.4695096021777583
stream,936,0.9536393134865,28.9460448163984,1.4271325982532135
stream,937,0.9533847365962034,29.063578488843795,1.353164800491381
stream,938,0.9530535921227355,27.627528375971977,1.2572591960596347
stream,939,0.9525853574521835,22.97174981625971,1.2431238117342926
stream,940,0.9516225852434621,22.96726331911299,1.1332642069786727
stream,941,0.9505086433219421,21.951621321955272,1.1568110157270928
stream,942,0.948973067359667,21.623431235215374,1.0140350514476884
stream,943,0.9478506443596105,15.763822798074855,0.9222801680313406
stream,944,0.9470756177286145,15.868048782790694,0.7204078349161706
stream,945,0.9464048299815858,15.880562769349341,0.6981381307215488
stream,946,0.9467086519526867,15.867780470154136,0.6980138111358911
stream,947,0.9466404672580717,14.025652772031295,0.6677370639037871
stream,948,0.9467827984987284,13.601122039861956,0.4983583576420531
stream,949,0.9463634740478248,13.148123859605127,0.5061075495866376
stream,950,0.9461338557785803,13.772836151285246,0.5402864619438149
stream,951,0.9467793694282044,13.281220860284758,0.41760758466902703
stream,952,0.9472771240140183,12.269616274515762,0.491899736880719
stream,953,0.9487705794362679,10.674501846926647,0.48885209063011353
stream,954,0.9502633374824446,9.224892931416433,0.5683427949493995
stream,955,0.951774127447933,10.542285361556706,0.4792817804019847
stream,956,0.9527813570255783,12.704225890265528,0.46408781576028457
stream,957,0.9532497941592992,12.762969956926936,0.42883520292089117
stream,958,0.9532254731428563,14.392098940849014,0.4188193753896126
stream,959,0.9530688319731588,14.212625914398185,0.3721058632264043
stream,960,0.952394912221254,13.6353183704969,0.3991552255424343
stream,961,0.9517818239699164,14.779194945424608,0.42230839936700154
stream,962,0.9515825865192759,16.865213491587266,0.4349465543088456
stream,963,0.9518107040821296,17.42750595210043,0.4374489416946473
stream,964,0.9522115108795239,17.500948225055296,0.43790588366797095
stream,965,0.9525313583271993,17.022324827287896,0.4358213785921791
stream,966,0.9526620599436116,17.013897868481752,0.4199975555921171
stream,967,0.9522214505914967,22.996139951438767,0.5799971092006722
stream,968,0.9515340643346188,23.694143634846746,0.6767574554099975
stream,969,0.9501840324018154,23.613542529707345,0.6627474623371993
stream,970,0.9494365573115569,23.138277197926946,0.6081996537395322
stream,971,0.9491599282176751,20.521269002512735,0.6105816469890619
stream,972,0.9496343624903939,20.614589054674678,0.5392072775150238
stream,973,0.9499114914526581,23.94503869623118,0.6040602789587914
stream,974,0.9491185016443121,27.34264033810316,0.5280663584338275
stream,975,0.9481647441587767,27.18117562570898,0.5841117340247534
stream,976,0.9466501232094903,25.58717127454847,0.5820870037109709
stream,977,0.9459859061226639,25.01029726200053,0.6292346613163882
stream,978,0.9459296831098427,23.74083096813497,0.6260451834619044
stream,979,0.9452049587201619,24.070651703333194,0.7620872249209197
stream,980,0.9454536776660585,24.88614025998919,0.9156699992976172
stream,981,0.9451721389532772,23.743048877261504,0.8867854498775574
stream,982,0.9457104699990694,23.145557298632642,0.9363994168872729
stream,983,0.9458752413511061,22.92733061246441,0.9463650934528334
stream,984,0.9460602278822261,22.97811755362716,0.9458453101383203
stream,985,0.9463570868576757,24.43038461892492,0.9798977440073676
stream,986,0.9463461663186566,26.507269464095383,0.9837323704395398
stream,987,0.9457607048097235,20.853893204786214,0.9731637238021431
stream,988,0.9454318959150106,21.926706233788327,1.0351681899375647
stream,989,0.94536229371686,21.684427854646685,1.0663290022417427
stream,990,0.9443285763354564,21.59701110301008,1.0729254767016116
stream,991,0.9435794837392522,22.619495984973796,1.1084546414489085
stream,992,0.9434209563525529,23.89223045980306,1.0974761987404158
stream,993,0.9436003911161908,20.778481187878985,1.049416779126771
stream,994,0.9435584834463233,17.19682009062137,1.0562438826063483
stream,995,0.9445573110898737,21.27049115011033,1.0825946871595582
stream,996,0.9452997928486939,20.66529414884349,1.3159818636405385
stream,997,0.9459527167780699,20.690654289173757,1.2564805926563685
stream,998,0.9465973954780171,22.72312569036401,1.2900097743890275
stream,999,0.9469765929991574,21.645965362383393,1.1771956908312071
stream,1000,0.9471992465210032,20.889265720386017,0.9981163951253452
stream,1001,0.9472156516942737,20.936156047076057,0.9796203314664027
stream,1002,0.9470342879730735,19.1094624356016,0.9153952095153339
stream,1003,0.9464829549383473,20.122789043163433,0.9406478751024281
stream,1004,0.9457152581966407,27.806657865823784,1.029908135039837
stream,1005,0.9449059428697374,28.751027320976924,1.0499840965826497
stream,1006,0.9444066024070119,27.90065488629263,1.0580168225441207
stream,1007,0.9439280634021361,27.49659285740257,0.9556247208349924
stream,1008,0.9432637576753545,27.020905242229,0.8413290894456026
stream,1009,0.9431261794139798,27.434153229858577,0.9482641023154559
stream,1010,0.9430774775067964,28.078507971770435,1.0223927108644124
stream,1011,0.943561748868556,27.30671495009434,1.073267389806123
stream,1012,0.9445417031850207,26.718196056064375,1.073267389401514
stream,1013,0.9451490131058816,26.42136510042749,1.082207186461304
stream,1014,0.9453652849731713,28.86322086505542,1.174247821633051
stream,1015,0.9452580718665858,23.792373066737916,1.270737526042503
stream,1016,0.9449475335701153,24.152453999611335,1.0776631855731256
stream,1017,0.944394433543648,24.27419306272745,1.138457057546464
stream,1018,0.9441129479824568,26.622356383205698,1.191489210047167
stream,1019,0.9434858745181494,26.13304714352118,1.2765817801653816
stream,1020,0.9423996739252591,29.1320905911026,1.3258538434419722
stream,1021,0.9410791755158698,29.941227139176664,1.62192468217378
stream,1022,0.9399639075166168,30.04450957750423,1.6350609113897114
stream,1023,0.9387676310474439,29.443257975403476,1.6276686493222594
stream,1024,0.9375698001740091,21.599465127020302,1.5547354993068963
stream,1025,0.9365269822365178,20.38811982671661,1.6044395909072944
stream,1026,0.9358598250232836,20.985939528441083,1.596406866177588
stream,1027,0.9352878052311654,21.424155892248574,1.5539332863393376
stream,1028,0.9349421039055111,20.913777906201325,1.517421464397685
stream,1029,0.9352945425657364,20.555282368894332,1.3873880882872582
stream,1030,0.9354117634744563,19.99256163335561,1.3216703033001713
stream,1031,0.9351920886252699,20.2234796510574,1.2185466963227571
stream,1032,0.9351350898805928,19.485350023733712,1.2251881105565194
stream,1033,0.9350670348287512,19.580930596474243,1.199077515682229
stream,1034,0.9348423311021302,16.26801939418072,1.1160860194165017
stream,1035,0.9345973096745935,16.51200012139745,0.9673535361207406
stream,1036,0.9343015791731757,16.005249407347943,0.9475136163825228
stream,1037,0.9338024010442655,16.243932180724112,0.9048760607733806
stream,1038,0.9332596981706581,12.585431447783334,0.8163222946216342
stream,1039,0.9325536337395702,13.393916332027706,0.7114266414713908
stream,1040,0.9317157477665363,10.460272820333973,0.6612163950357206
stream,1041,0.9309537626894413,10.39607933508287,0.41565466124634803
stream,1042,0.9301931016691761,10.403974793401733,0.41767577190400784
stream,1043,0.9294217881323129,9.983036329266273,0.41072472587895664
stream,1044,0.92890644138874,10.556027726799536,0.3952761607270173
stream,1045,0.928789923064161,9.372279006356985,0.29276297562709935
stream,1046,0.9285183639259232,8.872973755957162,0.31784167534121643
stream,1047,0.9281166923430723,8.549864931658808,0.3276456180164459
stream,1048,0.9278611365401565,7.801791310587388,0.329850689678032
stream,1049,0.9273851172561,7.763293483038311,0.32975794253864343
stream,1050,0.9269541283492286,7.731926408315152,0.315813881116256
stream,1051,0.9275791575544643,11.634932110097182,0.428033996465355
stream,1052,0.928091683988099,11.712982001771705,0.5416159907834157
stream,1053,0.9284574705529776,14.973167956502616,0.6079653270624024
stream,1054,0.9285222717270828,15.253019006613798,0.6490669242652419
stream,1055,0.9282916350250755,15.547275664375237,0.6192339936252587
stream,1056,0.9280230842614521,15.664048043036782,0.6592279120256274
stream,1057,0.9276838795977157,17.195816740564208,0.6933524792421587
stream,1058,0.9277552974216629,16.137220664507215,0.7254444875764694
stream,1059,0.9279503267349918,17.8365933845142,0.8246725881035208
stream,1060,0.9284511735625058,17.849143586280906,0.8663486132821477
stream,1061,0.9292665113195472,17.057574295292017,0.81854162998167
stream,1062,0.929903763264876,16.944750207648063,0.8027583794615102
stream,1063,0.9301349540865268,18.7834962345309,0.840327962010557
stream,1064,0.9300195037229994,18.220496823389816,0.8805157012233988
stream,1065,0.9296667545290987,18.17338201155374,0.8791217204626984
stream,1066,0.9291618568797362,17.475389894142708,0.8637143036469356
stream,1067,0.9284567500758623,17.47803482645987,0.8442355574186435
stream,1068,0.9279262937072817,17.58681508710202,0.8352026781144793
stream,1069,0.9278037983139449,18.00171821257733,0.8315717282212509
stream,1070,0.927730957561869,17.98587284380985,0.8850562510269944
stream,1071,0.927613985370019,13.467818660443488,0.7699033040321047
stream,1072,0.9273537109006345,13.392916406928938,0.6471967660136057
stream,1073,0.926729598344845,10.067691992419519,0.5908528387817904
stream,1074,0.9257307935334051,9.892526227950443,0.5338749818251457
stream,1075,0.9247076381315343,9.39290457646036,0.5347018191204619
stream,1076,0.9236475418141377,10.956311038394134,0.4874137708878211
stream,1077,0.922486318320772,8.980670538292335,0.5203626429492023
stream,1078,0.9203286232198492,9.741061439637992,0.5081663953754505
stream,1079,0.9193628898488944,7.357450853428306,0.4933655312391252
stream,1080,0.9186191964384456,8.291371167577688,0.53794130510745
stream,1081,0.9190870019080262,9.088773472421554,0.665130263230385
stream,1082,0.919192319693447,9.512334842940408,0.7721671727152657
stream,1083,0.919018289746467,7.408193456225874,0.7034958784718717
stream,1084,0.9184550118188956,7.330786849081624,0.6702100692285381
stream,1085,0.9176013405269211,7.62114681989418,0.6796352129248467
stream,1086,0.9177768298175829,12.267022275763342,0.8004685111003941
stream,1087,0.9179818900139775,12.913387084552697,0.8468290329186203
stream,1088,0.9189277510371116,14.79772055150193,0.860170969868634
stream,1089,0.9195663454049751,14.314304328857691,0.9197043945952516
stream,1090,0.9205543904550131,14.510484422786108,0.8873459068120021
stream,1091,0.921997966262578,16.291855934067087,0.9325457829779629
stream,1092,0.9236637775805072,16.68494078888038,0.9421930923807103
stream,1093,0.9249091595199364,16.651626818018034,0.9387207988017832
stream,1094,0.9254337185621803,16.709485935867846,0.934712269226763
stream,1095,0.9253253890262998,16.513273245322406,0.94002147202609
stream,1096,0.9246068499669788,14.869504908040078,0.9235246346760259
stream,1097,0.9227685129781478,16.956475383734542,0.8768510789346623
stream,1098,0.9192129718211938,17.662753015261064,0.8543959004868283
stream,1099,0.9150999108970443,19.626111294705385,0.7677605547472839
stream,1100,0.908800659535641,23.628399343452934,0.6853458461838526
stream,1101,0.9009342762290108,29.89349148711459,0.5593027451673925
stream,1102,0.8929747509312915,37.16025855898884,0.4522243532061401
stream,1103,0.8911161218577174,46.36883072581593,0.44973060553614463
stream,1104,0.895396035915963,46.42407939512916,0.8279578580983897
stream,1105,0.9014088073465781,46.52152366997729,0.8444949673638481
stream,1106,0.9069608387512,41.50313394753454,0.7083596198492712
stream,1107,0.9111907080770045,40.7387679620972,0.6813417148139438
stream,1108,0.9144679566927327,39.38025901013118,0.6991716804960663
stream,1109,0.9174175453390387,40.11841407626667,0.6385992236032466
stream,1110,0.9186957054296075,43.53643813610935,0.6582011387450125
stream,1111,0.9190381854353804,43.276661975829164,0.6195600207259832
stream,1112,0.9199236829193809,43.38052198015229,0.7487433080821365
stream,1113,0.9203299749152662,46.115619831900844,0.9380640617690303
stream,1114,0.9201895238701067,47.08537720081435,0.9363585653701395
stream,1115,0.9192751429261128,48.78534569111586,0.931603082090695
stream,1116,0.9182449117090229,49.24127649413246,0.9448966101047817
stream,1117,0.9166605352936394,47.63901824101059,0.9070595014470648
stream,1118,0.9145654971240009,46.34129275184159,0.9085362207815971
stream,1119,0.9118941397871428,44.09523566360671,0.9073481762431799
stream,1120,0.9082397574485886,40.373554652178406,0.9246886000471741
stream,1121,0.9039990745826494,34.58165342850906,0.9197848751510744
stream,1122,0.9000620669119597,26.889843217689354,0.9591515194736221
stream,1123,0.8964796047768162,19.734657396582385,1.0291517778081758
stream,1124,0.892395316531768,19.74748074506029,0.7337137539641069
stream,1125,0.8856486004545243,20.664281019822216,0.7351431640743253
stream,1126,0.8784792145692962,24.19043508735933,0.7449506410802013
stream,1127,0.8717166095613988,26.489682939786505,0.7337415158651943
stream,1128,0.8656397321428929,28.29504822662307,0.7010515342441246
stream,1129,0.8611068794607706,33.083113540428,0.7148093471119085
stream,1130,0.8573700925295314,33.735406356847484,0.6759352609625345
stream,1131,0.8533960632866774,32.251340895430296,0.8827495980638267
stream,1132,0.8517660520567355,34.75402770443833,0.8860250878962539
stream,1133,0.8522334282352092,33.844283092644,0.706658426997768
stream,1134,0.8516224996652133,32.68498510306143,0.833706916141853
stream,1135,0.8550232815389696,32.39304171591145,0.9060960721445509
stream,1136,0.8610681827016219,32.345781874340794,0.9031426800286434
stream,1137,0.867134563608451,32.8488745339241,1.0008705267266984
stream,1138,0.8710969377579012,36.812319706771284,1.047488391750871
stream,1139,0.8741453365963502,39.49573076702348,1.0491789965203615
stream,1140,0.8756022262166965,43.753009196870025,1.0347345829800436
stream,1141,0.8761575143847534,44.98114936690386,1.0452913070340888
stream,1142,0.8761984831067773,49.9008150882855,1.0234449986012657
stream,1143,0.8769180825814051,50.39440764118759,0.9628610158728806
stream,1144,0.8777328002530419,53.809695648351784,0.8766559424975147
stream,1145,0.878680369490573,53.78983848286898,0.8605711466044415
stream,1146,0.8787146065986274,53.58875057742443,0.8776954770735166
stream,1147,0.8774547774565552,51.38614264872974,1.0275873965273699
stream,1148,0.8756059475940138,53.12583576530412,1.1131479518545044
stream,1149,0.8731265445318422,50.90254676321135,1.1036186316326744
stream,1150,0.8691167129583705,46.80272931087958,1.177474089557417
stream,1151,0.8637665379526838,50.07257814853722,1.007612056775068
stream,1152,0.8593944779989131,55.4334110839917,0.9011389850702708
stream,1153,0.8553704102165104,65.39012309944225,0.8915427138218545
stream,1154,0.8526305241924215,71.69291394013787,0.8050166350821614
stream,1155,0.8537126265170697,81.84417123626017,0.7546049223082141
stream,1156,0.8561514470988649,83.7168342930542,0.9032999877643424
stream,1157,0.859598415400983,83.21034294935234,0.8522619415737838
stream,1158,0.8635851522052042,82.3156668280574,0.8239541594111188
stream,1159,0.8667907743231045,85.31387374584696,1.4909374179935484
stream,1160,0.8710752517299721,81.81052312009668,1.970069125145107
stream,1161,0.8752120938377423,79.7473743955477,1.9814461755376045
stream,1162,0.8790684384267752,74.83584718147583,1.9934185044227044
stream,1163,0.8822413893029927,74.53757957170583,2.0505654531434865
stream,1164,0.8842297345723955,72.10877386743074,2.048348179895536
stream,1165,0.8851150266020841,72.24279992825235,2.0423426059162835
stream,1166,0.8842999245428526,68.74780794407302,2.0382635090282273
stream,1167,0.8821693591950499,69.11260317269782,1.8903088928720264
stream,1168,0.8791414943319227,68.09831593505464,1.8622054555006715
stream,1169,0.8758257299995155,65.78683216878899,1.872973778508581
stream,1170,0.8726171651889318,66.32317312754962,1.7952255458654018
stream,1171,0.8709994208521767,65.75344812824213,1.7676617736935023
stream,1172,0.8694125994463567,57.783800942198425,1.8928302094605831
stream,1173,0.8676824203223769,50.04740949143732,1.9384824303749915
stream,1174,0.8670282969027103,46.11645749304183,1.907481056512781
stream,1175,0.8691791428144651,34.532325625999704,2.0081343955295163
stream,1176,0.8725226874575907,33.37502537700554,1.877999753769323
stream,1177,0.8741132239453214,37.09854776319755,1.8717620946486886
stream,1178,0.8756807242257001,34.96427995128845,1.8916427863272691
stream,1179,0.8799177014054324,31.636789515197165,1.2358399978730106
stream,1180,0.8849823409754526,30.279919615360104,0.765664208266693
stream,1181,0.8906345085885747,30.75839214298876,0.7437514385338877
stream,1182,0.8954475109661945,32.37666182460046,0.7160578089538836
stream,1183,0.8992480986948528,31.198951683960754,0.6533394090013099
stream,1184,0.9020698910791375,31.25694950759548,0.6542055889519245
stream,1185,0.9046251686357631,30.035441721698184,0.6700313560840593
stream,1186,0.9066454521678485,31.515759987274002,0.7616124160980972
stream,1187,0.9075611221844587,32.44299002474626,0.9350263185434077
stream,1188,0.9083642405059661,30.08086084830828,1.0792694235713183
stream,1189,0.9082869136928359,29.934503818582037,1.0589445402904685
stream,1190,0.9072883793504952,29.142189205950544,1.0743793276496054
stream,1191,0.9058545699581266,28.686995896826215,1.1453180730840347
stream,1192,0.9043190841457353,28.637292535333813,1.005475334419673
stream,1193,0.9016717207638272,28.867136392837537,1.0473692118016487
stream,1194,0.8986967625022139,26.478585602195416,1.1136044976006745
stream,1195,0.8958548927848039,26.602406531194234,0.9895694838520765
stream,1196,0.8937038906910971,25.46190215975116,0.9622814099047717
stream,1197,0.8915077456010188,23.412691603681463,1.0168375681463457
stream,1198,0.8886115721239339,22.41729023366081,1.0938227786783432
stream,1199,0.8865814085044267,20.832926925592925,1.0861199062930809
stream,1200,0.8847597257784829,20.65880688882999,1.0568798757863613
stream,1201,0.8849138105792611,22.940056090829348,1.094634578000148
stream,1202,0.8857991836152145,24.08128179785294,1.0952059356882413
stream,1203,0.8878751383966753,23.498890735567237,1.1299751175936983
stream,1204,0.8907344252817091,22.476687869104236,1.1347420748227222
stream,1205,0.893061113568506,22.39971419432176,1.1141229504869485
stream,1206,0.8944663891212496,27.166161118288663,1.1313467456082025
stream,1207,0.8943901786542069,25.818570967181248,1.1463259634596987
stream,1208,0.8947756746669497,41.900218057164565,1.450599596182576
stream,1209,0.8948625643679323,41.21821482049922,1.971094984746137
stream,1210,0.8959094981318007,42.82305006185853,1.967524370467062
stream,1211,0.8982121677016339,40.55002616335237,1.9400792844849837
stream,1212,0.9016398495735893,40.33924812875998,1.9194715643387728
stream,1213,0.9051014895959497,36.190451329712616,1.859309952351856
stream,1214,0.9075170517190039,37.58370379600032,1.825901107300593
stream,1215,0.9094882379534769,38.191456563568465,1.8275523507270865
stream,1216,0.9111650225408653,39.18889463231609,1.829518584574605
stream,1217,0.9122190341573652,38.38055693381007,1.7343923314734702
stream,1218,0.9125342099058228,39.71884306913472,1.6191610809497576
stream,1219,0.9128299326026034,38.90845618214649,1.6534376256552463
stream,1220,0.9118911000148507,42.68685009923789,1.8122201911342077
stream,1221,0.9099824737362223,44.11349968213312,1.7746098548052194
stream,1222,0.9073813223318719,43.96651352103836,1.7801542048382257
stream,1223,0.9048525396558577,43.578020436983095,1.875297871310554
stream,1224,0.902096245061283,43.53375409987253,1.8680134810053757
stream,1225,0.8994864820526964,44.44193647985471,1.8828550852891828
stream,1226,0.8976881289320633,40.91330130816105,1.7677598389172344
stream,1227,0.8960877601824104,43.78412262648219,1.5681314147332082
stream,1228,0.8955258881122753,33.03795539851129,1.076079319890815
stream,1229,0.894611648217684,33.44224453909491,0.6798262610619189
stream,1230,0.8942826127422377,34.291673945727446,0.6807988476873734
stream,1231,0.8933753047696468,34.272343528207315,0.7069459791919923
stream,1232,0.8917452269834342,34.33812173816902,0.7209947904471679
stream,1233,0.8898617317344434,34.25633312549804,0.6986465518742251
stream,1234,0.8883346576917581,34.591983775786765,0.6997667649372087
stream,1235,0.8872686407401532,33.97830903195989,0.7376228962823369
stream,1236,0.886196986911605,33.44403725653565,0.7374154843023175
stream,1237,0.8861050740036128,32.880107457891825,0.7392818293796448
stream,1238,0.886245715795475,31.411918357387158,0.7682749756848348
stream,1239,0.8859981679097001,35.47942373367239,0.8677436101769407
stream,1240,0.8861843057613855,32.69287801088624,0.7287511099589009
stream,1241,0.8868558354539297,28.795515000130987,0.7295321097149913
stream,1242,0.886962136761336,32.449672136009156,0.8255660202148322
stream,1243,0.8863447967904422,38.45460541648652,0.6914878769372819
stream,1244,0.8854518559663651,40.6042925480025,0.7176521195939258
stream,1245,0.8851923663120169,50.15786378135769,0.8192614994004108
stream,1246,0.8861516373829323,47.51667946333059,1.0850082656555602
stream,1247,0.8880752878465392,45.10304272397837,1.0880796140986373
stream,1248,0.8902682125042745,39.070047791966935,1.075711459781391
stream,1249,0.8922322493749656,38.547865688657005,0.952562538392555
stream,1250,0.8940026863439751,36.33277365376471,0.9630288551622548
stream,1251,0.8956869000384049,37.50802098330221,0.9723143620025196
stream,1252,0.8970540046403321,37.42378705754155,1.0430149856707673
stream,1253,0.8974296018452982,45.54820502173695,1.2312266819897337
stream,1254,0.8969806654484607,47.209243448386346,1.2319695954963372
stream,1255,0.8951601559985497,50.952835860694464,1.192101311943102
stream,1256,0.8925951132701043,58.678044271857836,1.225538633846852
stream,1257,0.8897422789815209,60.09795101729186,1.2996149668571852
stream,1258,0.8871609095609652,65.5430856548472,1.2889871688651302
stream,1259,0.8848972658976221,61.46954836059617,1.3307574642715723
stream,1260,0.8830538167988289,66.14048416295746,1.5146693131735396
stream,1261,0.881604073986268,65.4184758988577,1.7396255952138842
stream,1262,0.8804972951992276,59.18944546936776,1.6427514505756198
stream,1263,0.8795175834341206,53.03813336515205,1.643934278111325
stream,1264,0.8780544021645367,51.04957409293005,1.617683289042331
stream,1265,0.8760702295500133,42.019862052217874,1.6299319850860312
stream,1266,0.8733131673018375,42.33004422312936,1.3519544271583939
stream,1267,0.8700015516250422,42.10301609704894,1.346805535585847
stream,1268,0.8662028470477725,41.937742963388324,1.3484882254060013
stream,1269,0.8638250594205796,47.94365596430228,1.6027929620663064
stream,1270,0.8630988281346849,53.637823267523615,1.5795751787294674
stream,1271,0.8617307358905859,52.961232580517354,1.5867849659748487
stream,1272,0.860142376253315,53.089012241449595,1.5599510927324167
stream,1273,0.8590370623121869,45.21338770598883,1.4026420865577067
stream,1274,0.8592624169007359,41.709913845381365,1.3586465704669204
stream,1275,0.8591202417097858,39.14246250190481,1.3896311105323236
stream,1276,0.8590996929933854,31.933854296161588,1.353371904582485
stream,1277,0.8580558985935712,34.183477516675666,1.312854857685405
stream,1278,0.8565185309431496,30.776186574581974,1.320403474384147
stream,1279,0.853998197755429,33.10912899732572,1.1397461998667864
stream,1280,0.8534613293471964,27.199821194452454,0.9776164230018304
stream,1281,0.8543847783426273,29.07791669270589,0.7627234921805363
stream,1282,0.8553806388531638,37.79153225198857,0.8253059596206701
stream,1283,0.8564377307850867,42.865337094678715,0.8665936325367866
stream,1284,0.8574646818443856,44.070131618940735,0.9144434265528175
stream,1285,0.8610610955522584,43.268985488626114,0.7896122639530233
stream,1286,0.8641738216066495,45.196840413434614,0.8055031059833097
stream,1287,0.8668702235112238,44.917336413879006,0.9053963665968777
stream,1288,0.8695151973441171,45.04052698093247,0.9144794795026857
stream,1289,0.8712248618617242,39.33204142711663,0.6840426146688372
stream,1290,0.8730674789423349,37.985934733374904,0.964590808624809
stream,1291,0.8751149982589984,41.125657686489596,0.8602472881020391
stream,1292,0.8763582858142248,40.854794301714215,0.9115928339165563
stream,1293,0.8767066420323546,42.57242445306838,0.9618639211392674
stream,1294,0.8770690737728749,45.45172484925188,0.9665226757816884
stream,1295,0.8778456674447855,48.29289858792372,0.9417028955835816
stream,1296,0.8779409991131479,51.48019820689885,0.9414061011146404
stream,1297,0.8772218323865022,47.268186642064464,0.9934447002112536
stream,1298,0.8755843707872043,45.80282429635753,0.9699589344404933
stream,1299,0.8739400569415052,43.55057267262155,0.9744897494930632
stream,1300,0.8721743065754911,43.72678745790311,0.940114384738412
stream,1301,0.8712143822905493,47.80846029726653,1.2510000173100262
stream,1302,0.8706665949598056,41.15952648997704,1.229655561740427
stream,1303,0.869642055977314,36.16172660112163,1.242198979091967
stream,1304,0.8682763665738633,36.119759897384434,1.203017444367152
stream,1305,0.8671970390700213,39.0894931174238,1.215096365688862
stream,1306,0.8653273119730989,36.76592855730829,1.303450031810807
stream,1307,0.8636377069236536,36.97523942367951,1.2037339817929642
stream,1308,0.8631473151690603,42.45535153283555,1.3211072662792858
stream,1309,0.8640551326822019,43.589752908092976,1.3618135524946466
stream,1310,0.8655999252606877,39.77531240551835,1.0894516417758422
stream,1311,0.8673099437494254,36.135402668229695,1.130490529949405
stream,1312,0.8693424820035077,36.35719711352531,1.0253162242971454
stream,1313,0.8706018533555137,34.5275752686323,0.968125432698918
stream,1314,0.8729086794060181,32.678905818728836,1.0144921720782363
stream,1315,0.874523527732649,28.688430091626216,1.1163525301504078
stream,1316,0.8765906067743778,24.746617769442864,1.1189250798192834
stream,1317,0.8779106452599607,26.191212963659595,1.0736345074826912
stream,1318,0.8784891982000512,29.24357286255315,1.0863259285372953
stream,1319,0.877943200239728,38.07337728484081,1.1571361299794092
stream,1320,0.8771018883050831,38.013552486422135,1.2971193111040047
stream,1321,0.8761218575623209,34.20717032068156,1.0079196815590088
stream,1322,0.8753204728401242,32.93508857688579,0.9627253072985199
stream,1323,0.8747449614175787,36.78968736583425,0.9827480766551748
stream,1324,0.8744667881839899,37.56384492727712,0.9796950894570321
stream,1325,0.8742883486164218,35.950472740271564,1.2559532932039377
stream,1326,0.8742583544150553,36.0898396510381,1.2111914088321314
stream,1327,0.8742604320834549,36.265459448024316,1.2110942704586427
stream,1328,0.8741949379998396,31.978378529434146,1.0898303417811201
stream,1329,0.8744836819067898,31.886316184254085,1.0237690305307394
stream,1330,0.874824898810159,32.123485102472884,1.0202579608622162
stream,1331,0.8750310183330665,32.521677011940056,0.9892205754381379
stream,1332,0.8747253697931836,34.119213665285294,0.9948736146468672
stream,1333,0.8740852753077416,34.551326908085905,0.979607040970172
stream,1334,0.8723914323630036,33.86067214220724,0.9990780063693763
stream,1335,0.8707515279736211,34.041228745297765,0.9346846122006854
stream,1336,0.8700189708139708,35.151199925393335,0.9363385340521718
stream,1337,0.8695340239464844,33.51581483448773,0.9839660931924525
stream,1338,0.8696799380558137,30.208736583332616,0.9706105510298665
stream,1339,0.8711127223811747,21.672015841387378,0.9264943660627919
stream,1340,0.8727467284833607,21.788277551104496,0.872056095813636
stream,1341,0.8735988721284048,24.66245121550704,0.9285274976949147
stream,1342,0.8749489806862012,24.265545678662452,0.9950663294931538
stream,1343,0.8760959655429522,20.30273809147098,0.9297663465057626
stream,1344,0.8769868777540419,19.20566884124798,0.9720008667889761
stream,1345,0.8778190783584577,17.273102077985534,0.6846556745099257
stream,1346,0.8787507624465449,21.633000928554303,0.7458930471191062
stream,1347,0.8794637380697407,21.251302772736576,0.8867425657602293
stream,1348,0.8801537632094726,20.242735738826056,0.8983463721304595
stream,1349,0.8809563192958386,18.87073535883301,0.8983199711336672
stream,1350,0.8827256338177867,19.32478088291935,0.9419157940011132
stream,1351,0.884883895998327,18.966181555130063,0.9514450662510325
stream,1352,0.886727355700022,17.129599989885474,0.9410023179079241
stream,1353,0.8877960290128883,19.509834813018934,1.0219066267005465
stream,1354,0.8886866099341107,19.21392294925992,1.0367397471955073
stream,1355,0.8889325726647831,23.015131710799587,1.0943605195349098
stream,1356,0.8888352907600107,25.005364635152233,1.0989255342542361
stream,1357,0.8884897723263432,25.889242953766946,1.0351406183955099
stream,1358,0.8878524971241322,25.858885346263293,1.0424881682632285
stream,1359,0.8869940816593902,25.781836302508488,1.0112633348992708
stream,1360,0.8855909134528639,26.69509171621753,0.9257973388951252
stream,1361,0.8841387614450364,21.763915876853165,0.887005868930005
stream,1362,0.883179327775793,21.628840758396276,0.8197646600505315
stream,1363,0.8838643647938869,23.2711734508645,0.8189062830333808
stream,1364,0.8854674659398082,24.171719276829656,0.772751076269464
stream,1365,0.8870508333130241,23.975770858865555,0.871289855810298
stream,1366,0.8878138539159729,21.05622346033488,0.8111696861724084
stream,1367,0.8883129428886686,23.28404760045693,0.6820856743494962
stream,1368,0.8883221237969433,26.873797868128722,0.6791168701904235
stream,1369,0.8877864767124262,26.870170192924828,0.8135258245770387
stream,1370,0.8875695036213629,29.063885475469718,0.9533134899608042
stream,1371,0.8875675341727414,31.801956943099434,0.9338074906932853
stream,1372,0.8874049953870299,31.949020459720852,0.974055705453139
stream,1373,0.8878929021055348,29.636432055664805,0.8868293217068883
stream,1374,0.8886245552816334,30.600419561442056,0.8057931166543638
stream,1375,0.8892016191403627,26.838999122567312,0.70699248270862
stream,1376,0.89035059830979,24.021373990672785,0.7026650630091787
stream,1377,0.8914675086362416,25.379622128398736,0.8354955678193782
stream,1378,0.8927213515954061,25.19491103141658,0.8844033757405437
stream,1379,0.8941544628153033,25.179012708709113,0.8853869411690851
stream,1380,0.8954119910267441,23.815258714271053,0.8819873225702025
stream,1381,0.8967042073913882,23.73536442373734,0.8345607272519773
stream,1382,0.8979852202716466,24.57561090302392,0.8497856658241368
stream,1383,0.8983125739221777,30.00157171096988,0.9080258595282187
stream,1384,0.8986828123592296,28.133398579697484,1.148539864527328
stream,1385,0.8985175504819486,29.425665570108393,1.059982213889538
stream,1386,0.8979286883017482,30.09797796266832,0.9954079578217623
stream,1387,0.8978215900720934,27.926095058582156,1.0991984598268325
stream,1388,0.898046194903908,24.25223856493694,1.0889619752289774
stream,1389,0.8976257125298577,25.82912040185951,1.0325881824158267
stream,1390,0.896794791915935,22.983456431373625,0.8562097371870405
stream,1391,0.8952784080191237,21.941826003364255,0.8575557886921243
stream,1392,0.8937331345615243,21.93786327400776,0.9513167688659017
stream,1393,0.8921494039640332,21.794792560976642,0.9529267795014381
stream,1394,0.8900171929964603,21.29305996314729,0.9479772120913883
stream,1395,0.8882694340012586,26.475066930341182,1.05211928859616
stream,1396,0.8865312349317558,27.688041904370817,1.0674452615950805
stream,1397,0.8859347453490154,26.646177462074977,0.9080052145965661
stream,1398,0.8848712569432012,26.680873469124002,0.8572928644705909
stream,1399,0.8837266763121369,27.784880008527516,0.8905296000674979
stream,1400,0.8825152988756363,27.93944418314339,0.8963902767786754
stream,1401,0.8825511319876655,28.406584979622735,0.898907894060633
stream,1402,0.8829220943750851,27.7562089828578,0.8823455546151387
stream,1403,0.8853198595300289,22.36226501918195,0.8429845348244537
stream,1404,0.8884733580372434,23.07946413264778,0.6023083523882315
stream,1405,0.8904058667307037,23.444396579007503,0.7326789654480957
stream,1406,0.8926028419589532,21.17271091744613,0.7939302739915147
stream,1407,0.8936709828711977,25.62354218245324,0.7927573146865925
stream,1408,0.8939820281137871,33.173653649386615,0.7978685338450591
stream,1409,0.8942985831752183,32.56718969874636,0.8587466775802852
stream,1410,0.8940912103948789,37.52157105540877,0.9077671066113815
stream,1411,0.8931727757386383,39.685656457571945,0.9151303491590967
stream,1412,0.8918423472469666,40.951123265522206,0.8177660346825448
stream,1413,0.890941628182277,52.58723652280596,0.9648415200275126
stream,1414,0.8917134245288812,55.088525620756066,1.1118459757295596
stream,1415,0.8937349066446489,49.57750136367418,1.160636852347354
stream,1416,0.8961341603261002,48.302238280156715,1.1588211154804051
stream,1417,0.8988790501696671,52.158257849323654,1.2228787103019978
stream,1418,0.9012470865548842,54.65477526075157,1.828146758591279
stream,1419,0.9034138468233338,54.93010357137448,1.794339941718183
stream,1420,0.9050772423599118,55.62239150340973,1.7844667262609353
stream,1421,0.9062150660304005,56.241968010383005,1.7812812082118283
stream,1422,0.9065322005275944,64.75008231445834,1.9375023515402807
stream,1423,0.906619565569598,63.081748114929226,2.188252893663314
stream,1424,0.9062121257787429,62.62776425884117,2.210728210351039
stream,1425,0.9055609680063067,65.9329795217333,2.173180168681625
stream,1426,0.9045502460923187,66.98385493859145,2.1432290279085606
stream,1427,0.9035292408302111,63.28634781897713,2.0303252493950414
stream,1428,0.9018817720427578,55.55314146939018,2.0249311622089525
stream,1429,0.9000071732289259,56.053998597881446,1.9523385253601977
stream,1430,0.8988006637026802,50.63799354505376,2.059452755053365
stream,1431,0.8977102915979412,47.27284966606303,2.0867965908601778
stream,1432,0.8961610762682909,46.35607058029291,2.052115236906135
stream,1433,0.8959629595756325,34.6204544940393,1.9681412882312217
stream,1434,0.8965652433357768,32.39915862325534,1.8833910474001068
stream,1435,0.8981289417122559,33.69991068835629,1.727817712123469
stream,1436,0.8997967202267285,35.28418076432786,1.7110262407409957
stream,1437,0.900879420563013,36.94207687736244,1.6846642769599927
stream,1438,0.9017343051990772,36.32336059927992,1.143799784544095
stream,1439,0.902486064060222,34.71388328316007,1.214011366495811
stream,1440,0.9031641414774421,36.31152914006005,1.2624070301888866
stream,1441,0.9037005928657772,37.040238777095325,1.263828508909362
stream,1442,0.9045249191643399,28.345332119759394,1.151077111882795
stream,1443,0.9047763542449825,30.68795406891332,1.0401727479457357
stream,1444,0.9051504543356379,30.371999426804322,1.0586128153910428
stream,1445,0.9055533490282608,27.226416932934132,1.0256885021779913
stream,1446,0.9059218971565949,26.416274919652206,1.0078052080152498
stream,1447,0.906287455422233,30.984446043504263,1.1403690050646695
stream,1448,0.906391024758266,32.85456407080202,1.1487950644315352
stream,1449,0.9063647176183598,33.04808541074386,1.0824684760152417
stream,1450,0.9066976543963013,38.31486512607219,0.974061645332906
stream,1451,0.9071297130537356,37.93013314109163,1.0395276354305791
stream,1452,0.9077464617935765,43.9226439150853,1.2430936376822808
stream,1453,0.9081140275244921,45.22183540123834,1.6334699572292255
stream,1454,0.9088715629525909,44.47111119448226,1.6706090759239531
stream,1455,0.9097832029425136,43.82584419152879,1.6986192451149655
stream,1456,0.9104961453482743,42.22173996698502,1.697225267219369
stream,1457,0.9109799071951562,35.86646899853381,1.660240836056936
stream,1458,0.9112110330342926,33.848508421071806,1.5913777543895007
stream,1459,0.9116864689403802,35.033809632780724,1.5489664708076034
stream,1460,0.9127579307666482,37.11256985111956,1.527168347221677
stream,1461,0.9124909583228563,35.28643171764076,1.6986741473666451
stream,1462,0.9115667093665044,37.451321651621534,1.724940194159599
stream,1463,0.9085266210758922,35.85792463645025,1.5850940497155834
stream,1464,0.9068186482812259,47.247825185813554,1.7441721650049633
stream,1465,0.9047488331024001,46.956662421285934,1.8665654769270965
stream,1466,0.9037036808383891,51.84231946592512,1.8946236611858236
stream,1467,0.9012657757989868,46.64827452307572,2.048191136067225
stream,1468,0.8992378312952459,44.82445041205097,2.0346067508583174
stream,1469,0.8980320324821619,43.314926396051845,2.0372838156087933
stream,1470,0.8964180926211506,39.661861506624675,2.0280860220683135
stream,1471,0.8954843686715858,39.63101956651144,1.9555455632711118
stream,1472,0.8955425054377195,33.641842115191636,1.756735028625505
stream,1473,0.8970970078658884,31.95495934767656,1.3028234406559376
stream,1474,0.8987936601759124,32.70353154800927,1.2538996675135832
stream,1475,0.8987093033526384,36.42612427466292,1.272300782112425
stream,1476,0.9007885618094469,37.25152766414784,1.2916871974205466
stream,1477,0.9026090276074875,38.7184025998944,1.2920981801737885
stream,1478,0.9036071459684472,40.42850540279899,1.2861128641554005
stream,1479,0.9040439051610824,45.275475158556524,1.309186481960335
stream,1480,0.9041517509676775,43.271372122294814,1.2957663068946939
stream,1481,0.9042449911714048,43.40641004343385,1.251832268586244
stream,1482,0.9041271579984581,43.411518308946796,1.2195225651072183
stream,1483,0.9046650071231566,43.943989260216576,1.1968551784715864
stream,1484,0.9046718012566999,33.10793624568777,1.0070678576082945
stream,1485,0.904569624472876,31.56879632299301,0.8305538315305439
stream,1486,0.9030809367156113,26.55312798301845,0.7915494919958936
stream,1487,0.9009688509059888,26.702518161846875,0.5039046581596388
stream,1488,0.8995998139047688,28.27045195284193,0.5202774167311267
stream,1489,0.8968311752899591,28.55530350913751,0.5401450990357953
stream,1490,0.894418180169708,30.920847224945355,0.5495639034138382
stream,1491,0.8922810577901187,34.99779075043188,0.5209159765780984
stream,1492,0.8922177884794208,39.51402364940943,0.5142601713220802
stream,1493,0.8920382483181146,41.004080355098,0.9410544931670297
stream,1494,0.893360395915922,41.56789867883072,1.0908139459406545
stream,1495,0.8950678488113193,37.15144765716372,1.1081875967880104
stream,1496,0.8975087941414541,35.88805931324349,1.08922238154287
stream,1497,0.8996908982585644,34.03850282376689,1.098042591132399
stream,1498,0.9011519371497668,33.71474585399575,1.1440129441233087
stream,1499,0.9025905941536061,28.587123860221094,1.0927334371633146
stream,1500,0.9033572569407684,26.511550237048723,1.0842197651976766
stream,1501,0.9024837875096177,26.52283770511551,0.9996758902501585
stream,1502,0.9001101689496532,25.085169577298224,1.059566790307759
stream,1503,0.8966448415249706,26.34741702827737,1.0766847357375302
stream,1504,0.8936033078499384,31.00473321130113,1.0831817891149385
stream,1505,0.8898901872700968,31.04445935248108,1.2620452070013684
stream,1506,0.8871257162800055,31.051404775840513,1.2768373520847889
stream,1507,0.8849156008099985,31.509497539657794,1.3216550252442247
stream,1508,0.8846566751298064,29.93090918637701,1.3700240325182398
stream,1509,0.883898522044158,32.48959853388722,1.4818941570740831
stream,1510,0.8852049514822338,28.249711569571947,1.5074016287184049
stream,1511,0.8861838638526807,26.71889685612512,1.5406802358576626
stream,1512,0.8873152483031024,27.40793057300564,1.552928823172603
stream,1513,0.88960304096599,26.850488872356358,1.1909010508385105
stream,1514,0.8924277827486703,25.55363728929502,1.0247158464802342
stream,1515,0.8949870655286688,27.551047790999004,0.9936666126226056
stream,1516,0.8973703683761032,28.262311612917895,1.005405222336894
stream,1517,0.8982093045720676,30.919444108702148,1.0149345348652645
stream,1518,0.899514253901611,29.983650073226602,1.18203239128778
stream,1519,0.9014761060137315,29.06444085172092,1.185710196866274
stream,1520,0.9022091407918353,28.53637014405198,1.1811030775835178
stream,1521,0.9022235983128382,28.389179968880217,1.1346849579402263
stream,1522,0.90147100861924,27.365636441148332,1.0361867208069524
stream,1523,0.9010573756319067,25.2217153162555,1.041009105158574
stream,1524,0.9004122681573444,22.939051482541235,1.0828300161612299
stream,1525,0.9002298337443984,26.102224110402105,0.8835929126919045
stream,1526,0.8995743927021602,26.3929239709135,0.9069048552876345
stream,1527,0.8977932715451372,33.13229560687695,1.0126172703073082
stream,1528,0.8951124155366279,33.60558867291089,1.0730589466743852
stream,1529,0.8922253250563197,30.602100824469225,0.9470387052684082
stream,1530,0.8904903118138188,32.10391529991819,0.9140897450312293
stream,1531,0.8905906183219043,29.52375767598697,0.9573011698402978
stream,1532,0.89114801402541,23.81505649495845,0.9500242395536346
stream,1533,0.8916912615038276,23.423636925535337,0.9065017662078066
stream,1534,0.8929092202051705,23.419328955571576,0.8751775080030868
stream,1535,0.8941420945289851,21.45740643881425,0.8424319427241601
stream,1536,0.8958647636675753,21.497851859243543,0.8583927634399547
stream,1537,0.896421624968224,20.486316435901372,0.8434439667635358
stream,1538,0.896571971408581,29.27097739603294,0.7341755500175923
stream,1539,0.8965584259473509,34.556869051858015,0.7543325504268519
stream,1540,0.8961131623941087,36.10250620368496,0.7942166559515449
stream,1541,0.8957371231309884,36.218505318932046,0.8395030767848941
stream,1542,0.8962709611432249,36.40917696961732,0.8400469362176795
stream,1543,0.8968694569602438,36.11120236299318,0.8155890152107764
stream,1544,0.898234417016076,33.724673332015826,0.7601598958803294
stream,1545,0.8994871335004606,30.51437488772062,0.7968412311036506
stream,1546,0.9012771882191107,30.500646371204528,0.7712113502265591
stream,1547,0.9047420346594772,24.139076884853015,0.6329606550074006
stream,1548,0.9075585454683766,23.591032949652643,0.5416601658188309
stream,1549,0.9083169941055206,24.95726413535939,0.5760726088970675
stream,1550,0.9068974511751289,26.891602053683172,0.5476345477786007
stream,1551,0.9044108211907272,31.469620269019416,0.4737170617400545
stream,1552,0.9013631222570689,34.397634962350175,0.4711078614956222
stream,1553,0.8990514069219079,38.274418236978,0.44572446847352953
stream,1554,0.8983195405500862,40.76253570314203,0.44665521495488375
stream,1555,0.8987642212991336,40.729024541233805,0.5095788293261521
stream,1556,0.8997773545743654,40.21829842449259,0.4868265896773977
stream,1557,0.901012037319836,39.623630118664735,0.4932333077470061
stream,1558,0.9020225110667509,32.74138397400494,0.3899540022819521
stream,1559,0.9006041975865302,38.79901889307598,0.49261447179261053
stream,1560,0.9021815245711858,41.031573208425186,1.548196576115969
stream,1561,0.9039907051518388,41.237348392156235,1.5512334551994635
stream,1562,0.905703036954258,41.15766870867084,1.5789545902691453
stream,1563,0.9052935206908274,48.48594892222896,1.7515926701509583
stream,1564,0.9052594551585956,48.25253610166347,1.9441850427299294
stream,1565,0.9064088322546927,48.25685008483683,1.9219873934293774
stream,1566,0.9076037297126958,51.40518292594661,2.017013469909596
stream,1567,0.9087891544098252,53.54184438861829,2.00525315924318
stream,1568,0.9090069085203867,53.5795029849837,2.079756586813351
stream,1569,0.9085019792980221,55.62276674850012,2.132989492277077
stream,1570,0.9080247526581493,53.33306989757687,2.1394466656564304
stream,1571,0.907470066354924,49.0691327656353,2.1474126066843677
stream,1572,0.9072116198989364,48.247746727787096,2.3200813840604693
stream,1573,0.9064941126462625,44.558900672026326,2.312201042246349
stream,1574,0.9057682272970983,44.46545855537091,2.320488230200366
stream,1575,0.9048029500568072,47.528197787743906,2.260167524027895
stream,1576,0.9032737042897445,47.8143422849005,2.2899085918133832
stream,1577,0.9017754155192746,51.52372146583371,2.366768121857914
stream,1578,0.8997197716602575,53.2790804621175,2.3668850342620344
stream,1579,0.8970302382322479,46.01963535228848,2.24054973381718
stream,1580,0.8958371099112219,47.61480527623519,1.1548094126550663
stream,1581,0.8954075668893494,47.58226124396887,1.1782784521616172
stream,1582,0.8972350979816865,49.30195566033115,1.1788630110062175
stream,1583,0.8991845498175807,42.12851207319587,1.1020792584088943
stream,1584,0.9002436180876613,42.388638446923835,0.9044500941702559
stream,1585,0.902602774541955,44.28387404568828,1.058820728342126
stream,1586,0.9052229459876073,43.18342757457804,1.2472950547994206
stream,1587,0.9069336202904755,42.61531849316701,1.2471067110735294
stream,1588,0.9079861769106683,46.32332941930845,1.139653061716889
stream,1589,0.9084456528428165,46.44734313094299,1.0449315006467161
stream,1590,0.9077316814549609,46.75822319094616,1.0299618220342175
stream,1591,0.9066871873401459,46.996483212593006,1.0313719936816672
stream,1592,0.9051273024386954,47.055697728412405,0.863438921675034
stream,1593,0.903395085915519,47.22294628647135,0.8737647108774709
stream,1594,0.9009954627678124,45.093564193383685,0.8675170552260942
stream,1595,0.8997136573189061,42.05165168344708,0.87761436965878
stream,1596,0.8980215327609501,42.15015614628033,0.876631990193105
stream,1597,0.8974538985424482,37.49983372459371,0.8177871651068928
stream,1598,0.8985682416865326,34.047426057974526,0.8208966918984891
stream,1599,0.9001058364301432,31.601510354943116,1.01077826363168
stream,1600,0.901440362281287,28.754799388642834,1.0087134199538332
stream,1601,0.9030113179689987,30.47450537993344,0.9373056551330177
stream,1602,0.904682054698025,28.962083585913536,1.0365672341695766
stream,1603,0.9046184803585732,31.666432750429003,1.1615977389791101
stream,1604,0.903266486426162,42.204309866839075,1.2572201012823045
stream,1605,0.9016409568082226,45.564814680986665,1.1235459101264753
stream,1606,0.8996267312498385,43.3868808227235,0.9336193344666597
stream,1607,0.8989493556002526,46.425366264389474,1.110281941440768
stream,1608,0.8998135652834685,43.446716556979304,1.1860382096522404
stream,1609,0.902054167031519,39.90549625857804,1.2007429494787993
stream,1610,0.9043671041535323,40.31866616355109,1.2721877957875731
stream,1611,0.9068417606832804,40.39126451203448,1.2786848554527304
stream,1612,0.9098074231361534,38.22840954172133,1.3033211988854345
stream,1613,0.912361232887568,37.366040075020166,1.2896240929556337
stream,1614,0.9140475476052073,37.07369706019294,1.2854927377699616
stream,1615,0.9140208156019561,54.05841542542417,1.7911470819179174
stream,1616,0.9134167772625934,53.53900222005026,2.342695004597153
stream,1617,0.9122962197807398,54.31151341428497,2.3275981010414624
stream,1618,0.9112283553493479,60.116037801337406,2.398948158399477
stream,1619,0.9098851462337285,62.4803773062999,2.22886482377378
stream,1620,0.9091428271527927,62.19864336283696,2.2337214008925974
stream,1621,0.9080019935944603,61.703682087177576,2.5277776309274977
stream,1622,0.9065308964789867,61.64675353769086,2.40932477056303
stream,1623,0.9066623897416503,58.89730495434694,2.185507924542387
stream,1624,0.9057933627464761,51.03655291748541,2.1814999331814575
stream,1625,0.9041961536059573,48.42452080849203,2.145440922857308
stream,1626,0.9041330063938379,48.76714951208859,2.0477886423920904
stream,1627,0.9046796035380146,44.41411496703435,1.8803400106644683
stream,1628,0.9071026926957568,43.730667965366514,1.8249799461171898
stream,1629,0.908931278212195,49.02717558990707,1.9733401803246278
stream,1630,0.9106848956945544,47.93754181404351,1.9390531475031796
stream,1631,0.9119888612162973,50.37690469816415,1.9529266745348264
stream,1632,0.9134275618306238,51.05562339409552,1.9450699201224901
stream,1633,0.9152070137865692,52.04048967406328,1.9478950860313127
stream,1634,0.9163035104232833,52.7609729312747,2.0648961561526162
stream,1635,0.9169005459139237,38.18221480137015,1.7892226240488083
stream,1636,0.9178339600169181,38.39734005097264,1.3526193707233758
stream,1637,0.9194562804401338,37.56444372011067,1.3788725521924574
stream,1638,0.9211397064332979,31.300539812908745,1.3161275409271553
stream,1639,0.9224718906130165,29.17501370383681,1.316255808269098
stream,1640,0.9230946766272241,27.01590288228639,1.3557945421529556
stream,1641,0.9223837029323124,30.00642764415802,1.1531071411354488
stream,1642,0.9211267353111379,33.05579047091803,1.1474006996157837
stream,1643,0.9192507650395022,34.5022967824543,1.1668091303904964
stream,1644,0.9173500834758092,33.19988023394463,1.0756041148125548
stream,1645,0.9168664537795765,31.621916537857988,1.0820413980483055
stream,1646,0.916995171117964,31.705540486394607,1.0708178347156427
stream,1647,0.9171209000566816,31.160614682255357,1.2118032842500563
stream,1648,0.9170781617233652,31.073516635550522,1.2074333297934443
stream,1649,0.9169974576683999,25.9067185757595,1.0558243404261782
stream,1650,0.916856755894987,25.29504117145646,1.0093949185651714
stream,1651,0.9170426071327532,25.157975541626296,1.0462412970065265
stream,1652,0.9170002783109822,26.120625807506276,1.0239227257326293
stream,1653,0.9168883140547376,26.537778363478637,1.0210194560183365
stream,1654,0.9164138191223306,29.668357347746976,0.9356815711710663
stream,1655,0.9155756634586454,31.921816181801685,0.6986805129982676
stream,1656,0.9153852849579934,41.583525697258054,0.5950421818351594
stream,1657,0.9159640010414695,43.32457391841771,0.6495937074291853
stream,1658,0.9162343534047871,43.192324245727946,0.7172148760238272
stream,1659,0.9157824636753978,44.35670578057474,0.7589953842126292
stream,1660,0.915323059423588,44.28936119028949,0.8024419761396481
stream,1661,0.9157858069080128,44.13426589448895,0.8278101950035253
stream,1662,0.9161604163857974,41.536325511217484,0.8888537567051544
stream,1663,0.9157655345184389,41.680883608799455,0.8740312503794783
stream,1664,0.915769636805909,40.160570632771545,0.8941052617198801
stream,1665,0.9158846371726712,41.316557756696085,0.8995723611664928
stream,1666,0.9158034371707091,46.495518402500004,0.9128172260823443
stream,1667,0.9163118074163564,47.32268983843093,0.8218147332909745
stream,1668,0.916833055974812,47.323224458524635,0.8741612180241284
stream,1669,0.9159165741939289,47.6405839936925,0.8732912224335357
stream,1670,0.9150618356462442,48.06697273063602,0.867240497076057
stream,1671,0.9148774377923017,45.05982555356279,0.8510542863466368
stream,1672,0.915203855796136,43.4314024379232,0.8498827649220863
stream,1673,0.9163449581976433,41.994513608054014,0.8515358586596219
stream,1674,0.9179613474722348,40.974707112594174,0.9163240637323922
stream,1675,0.9192820338173734,45.5187336920263,1.0063296987791581
stream,1676,0.920270334091737,35.986355590419855,1.136318237499406
stream,1677,0.9208083080109045,34.23507906359905,1.042402944616022
stream,1678,0.9214147238246179,36.12030079308863,1.0065369865563292
stream,1679,0.9221666677449477,35.450119940353034,0.949430502734134
stream,1680,0.9236624824695073,38.46469603055324,0.8578835197493053
stream,1681,0.9250586360090178,37.65964012104502,0.7418077699573487
stream,1682,0.926224024387384,38.49474258650534,0.9962163258472583
stream,1683,0.9281143960284624,36.688998600714314,1.0588735532274929
stream,1684,0.9292910084942149,37.429484718603604,1.0702864688175542
stream,1685,0.9302979007350973,36.418494803216305,1.0588081551834858
stream,1686,0.9305589864561333,32.11750730670173,1.0446576549600586
stream,1687,0.9304907772432987,31.700288269839124,0.9893367872520742
stream,1688,0.9304103996832493,31.700391623720932,0.9771528861168916
stream,1689,0.9306920711429906,31.844698115120668,0.9859994284606862
stream,1690,0.9307975405381261,31.176818912491342,1.0078531031024596
stream,1691,0.9304378957704131,34.70654538669051,1.0465630454711492
stream,1692,0.9299376987163145,34.692091269837455,1.1785284491314854
stream,1693,0.9285850506390415,34.64105582991182,1.178187853114393
stream,1694,0.9270191340251137,34.1517104761352,1.1613275903263287
stream,1695,0.9236038047726575,25.279877679777915,1.1031280411609785
stream,1696,0.9198566616837877,25.124192548416463,0.9307314421513011
stream,1697,0.9179710756053406,26.351845491432243,1.0500439787306484
stream,1698,0.9159373575432787,26.425584346674047,1.0108386006579424
stream,1699,0.9153416408534886,24.082497096548877,1.0420969339304305
stream,1700,0.9159276346734855,21.7890743678219,1.0667148735342127
stream,1701,0.9174372539413529,18.93756826456861,1.0654706107285177
stream,1702,0.9194586585632901,17.70677719423194,0.7469920293964681
stream,1703,0.9215695943650668,21.384441355082817,0.7688989428186748
stream,1704,0.9227766777650562,20.88056028251991,0.7651113845972863
stream,1705,0.922806967718598,21.14246738742391,0.9023185797485622
stream,1706,0.9212666216159681,22.253230980010798,1.253767257613196
stream,1707,0.9191740727506555,21.313452199573316,1.274941911735936
stream,1708,0.9179084554619276,21.324444930844884,1.224080735390707
stream,1709,0.9174521720562646,20.734174392757506,1.2044921831416062
stream,1710,0.917853508561153,21.459170541002596,1.195475291135026
stream,1711,0.9195873327868235,17.963870748717518,1.1462563547749764
stream,1712,0.9231038708052286,18.251130284681583,1.0275470567090228
stream,1713,0.9254096909100481,22.441304817821297,1.2302673052286994
stream,1714,0.9266567430756691,20.410190620671504,1.2275157130192198
stream,1715,0.9271944937511368,20.195927090395735,1.1947562242344534
stream,1716,0.92597413871967,24.996670518740025,1.3181408487748767
stream,1717,0.9233759697033136,31.9043759950995,1.2026143911808198
stream,1718,0.9210001199816544,31.889275469094173,1.2916018822207163
stream,1719,0.9186253577399474,34.15487365695549,1.2556268560836297
stream,1720,0.9175407231484359,33.423038493610704,1.3379847546684844
stream,1721,0.9179616130748096,36.219378486872166,1.4613609164797918
stream,1722,0.9198890645628427,35.946878863129754,1.5658992291393667
stream,1723,0.9224532942894359,32.3297495040803,1.488107627142666
stream,1724,0.9242847164237655,31.646896023763208,1.4598674777411398
stream,1725,0.9253420506107131,36.09914593473819,1.562844528428773
stream,1726,0.9247460692438568,34.014463715580554,1.2656787815742845
stream,1727,0.9237278804452349,38.186555452903015,1.3097936316161516
stream,1728,0.9222002678222329,46.53173213159572,1.3192108951299923
stream,1729,0.9198832335694097,48.600368132695266,1.3705688545992347
stream,1730,0.9172487508882465,47.85270295361114,1.4092168068466424
stream,1731,0.9137228957053469,48.97180623922125,1.3911062113858066
stream,1732,0.9097994846743144,48.683395112121936,1.4266864919857145
stream,1733,0.9067281912472416,45.442449634647694,1.25016496322478
stream,1734,0.9038330487560017,45.11185997095912,1.218319894252167
stream,1735,0.9024682766267003,44.97561645588438,1.218021126237393
stream,1736,0.9002630112688522,40.22942782117271,1.096349517764859
stream,1737,0.8998577867100307,32.73099149711187,1.0921407931120404
stream,1738,0.900370069973645,32.53759511343155,0.9992459816893093
stream,1739,0.9007472961895767,32.50659772452885,0.9992459794498096
stream,1740,0.902895483432815,32.72644816290691,0.9308645314015362
stream,1741,0.905559496508307,30.726838780596257,0.8154129610381904
stream,1742,0.9069302649698388,31.655773191460824,0.717885979058308
stream,1743,0.9055540586611944,31.67490642008752,0.7441105375348851
stream,1744,0.9053191614112006,31.891696209747845,0.7445306892595991
stream,1745,0.9058088925998012,26.771058148794292,0.5073757140311688
stream,1746,0.9087199074177593,27.378470550858303,0.45283602815082846
stream,1747,0.9120090430749268,23.546272635622472,0.530503260957995
stream,1748,0.9152810491294076,15.55842402574726,0.5753808865866621
stream,1749,0.9178278202609987,13.871462362340022,0.5856314192956485
stream,1750,0.9200603130692178,13.906475112161214,0.5524174268003604
stream,1751,0.9212507939938346,13.047440553149217,0.5627861689921176
stream,1752,0.9215734859651257,13.09988100036037,0.5142018427606102
stream,1753,0.9209972116776882,12.743848716726916,0.5092294826117892
stream,1754,0.9190477160340247,19.607384533859488,0.6378322907591527
stream,1755,0.9171898249319461,21.094396580291374,0.6920229051311849
stream,1756,0.9152935156978895,21.58692544876942,0.6911492407016203
stream,1757,0.913399707844799,22.220348976525774,0.6975879957788041
stream,1758,0.9119747000023821,20.478124636454265,0.7094461092444336
stream,1759,0.910384982517251,18.670626172480244,0.7354498473527116
stream,1760,0.9080984479641857,23.140535934472304,1.0443481666591312
stream,1761,0.9067194724657853,22.17064475854736,1.1072475497283891
stream,1762,0.9075366805476169,22.26848777587296,1.1737564398362779
stream,1763,0.9082141763547165,22.57830025516428,1.151558765049664
stream,1764,0.9078934559692946,26.413152080970438,1.2108873434034921
stream,1765,0.9068043335892871,25.61284657032566,1.3899809934996115
stream,1766,0.9064422776392351,25.665643052218936,1.4338852993547238
stream,1767,0.905784366217522,28.31880574060854,1.2986202235811086
stream,1768,0.9043053498957102,28.39831599009156,1.5014400459116959
stream,1769,0.903639030214206,28.183175790754284,1.4747281684808846
stream,1770,0.9046836978426471,32.41779797708579,1.5432245446545838
stream,1771,0.9063379746333499,32.21455078073697,1.7574062503792096
stream,1772,0.9076588929405005,32.16242744687335,1.757175896887531
stream,1773,0.9078871703798272,32.73845289392221,1.7869442765183847
stream,1774,0.9092181071008822,26.596853953461427,1.722896973539557
stream,1775,0.9103329422732654,25.234515954656466,1.7269752352523424
stream,1776,0.9109143365645275,28.111661889768058,1.8619042478979217
stream,1777,0.9112499741220446,29.05664346399092,1.8609342674539584
stream,1778,0.9111371447110035,30.319710571899442,1.8478292136059962
stream,1779,0.9099907537376769,30.45132253373367,1.8240261566760583
stream,1780,0.9081193479847036,26.187511188745457,1.4722846340050497
stream,1781,0.905377048321211,26.21237090448771,1.4462100961039694
stream,1782,0.902803014481187,25.771955988436158,1.487379585774702
stream,1783,0.9009744077492585,25.559259691882243,1.4730625256805434
stream,1784,0.9002706231086997,22.64505906667391,1.4796344136001314
stream,1785,0.9012456995182743,22.636487211501876,1.3504015810621512
stream,1786,0.9009225706068829,25.978408199811522,1.4607933315270425
stream,1787,0.9014603800049035,22.99308812498515,1.5529216897291283
stream,1788,0.903875492004675,22.66242174961035,1.3328267975109156
stream,1789,0.9082431007898539,22.542320592629313,1.3025909556775532
stream,1790,0.9116450766901557,20.58620870874724,1.2615360610932722
stream,1791,0.9119441636412883,36.60660190701836,1.2323984874100877
stream,1792,0.9120124553659597,37.12752161428358,1.6683374520018441
stream,1793,0.9123711424749864,37.24854521126818,1.618524095216857
stream,1794,0.9130174046202997,40.739000113013866,1.5309594293063071
stream,1795,0.9133107644521359,40.89248917229939,1.5653033474379576
stream,1796,0.9143801809239894,37.46429775722052,1.4817346927926267
stream,1797,0.9155250299788883,35.221558496454946,1.4774309812007989
stream,1798,0.9169195284729879,35.30020107138591,1.5217905759460226
stream,1799,0.917477440996695,34.72282568162695,1.5499959275650008
