segment,end_index,PW_WTC,E_CCDC,CD2_P
stream,0,,,
stream,1,,,
stream,2,,,
stream,3,,,
stream,4,,,
stream,5,,,
stream,6,,,
stream,7,,,
stream,8,,,
stream,9,,,
stream,10,,,
stream,11,,,
stream,12,,,
stream,13,,,
stream,14,,,
stream,15,,,
stream,16,,,
stream,17,,,
stream,18,,,
stream,19,,,
stream,20,,14.45934387374496,
stream,21,,14.170665595044113,1.103387776926626
stream,22,,13.569402036907416,1.098345347237043
stream,23,,13.594497100269379,1.0610872696751599
stream,24,,12.077282401528786,1.0205544388300116
stream,25,,10.23727687696606,0.7552482174327955
stream,26,,8.058205418922379,0.8083500116079979
stream,27,,7.556395866993885,0.6211653976780539
stream,28,,7.324661269734324,0.5344338998407222
stream,29,,7.644118564039745,0.5508087216574257
stream,30,,7.620139207627713,0.5868365949881846
stream,31,,6.356142947901201,0.46547135742625023
stream,32,,5.835658472164516,0.4577550320676881
stream,33,,5.5956289619887105,0.3870980050998061
stream,34,,5.583428675037909,0.4117613416501311
stream,35,,5.11811718145667,0.38827395088989447
stream,36,,4.882408901862782,0.4019253563711864
stream,37,,4.324755612271012,0.41102463426611574
stream,38,,3.7494554928660433,0.42308391125793343
stream,39,,3.9849279044638024,0.4112943774330797
stream,40,,3.8343718884356135,0.4152767230184371
stream,41,,4.738992798620573,0.4480098776448016
stream,42,,6.240714147139933,0.6008242120269576
stream,43,,6.827307725510495,0.6074003170107551
stream,44,,6.98007407698283,0.6578334856089374
stream,45,,7.033943275683263,0.6769660226762462
stream,46,,7.49496465059143,0.6252742542257986
stream,47,,6.937241217196658,0.5467524397886898
stream,48,,6.972254914615462,0.5295559686364562
stream,49,,6.454604312977018,0.5170411835306434
stream,50,,6.504870632193455,0.4603210633303057
stream,51,,7.20301184888615,0.554044338138179
stream,52,,7.133286260817355,0.5740167528705041
stream,53,,6.90140973447354,0.5722543557199745
stream,54,,6.855390585973124,0.5444178668648793
stream,55,,6.772288337913847,0.5183276538980978
stream,56,,6.704616923618883,0.5026979522803242
stream,57,,6.664592192245687,0.4916668320992666
stream,58,,6.591107172724878,0.4801871077900224
stream,59,,6.425161760459853,0.4641401970434261
stream,60,,6.97616143774263,0.4617540020578728
stream,61,,6.435264311272155,0.4979102256234492
stream,62,,5.334553880853587,0.4004122824964539
stream,63,,5.5588082821127704,0.47802431166431536
stream,64,,5.5069957754733245,0.4693186563710427
stream,65,,5.291479171567674,0.4460762447130817
stream,66,,4.514369829198287,0.46212562079853914
stream,67,,4.731237974724094,0.44491431352091393
stream,68,,4.712995483462322,0.4488301761596677
stream,69,,7.022821297060181,0.511509330758301
stream,70,,6.91744240384328,0.5316528234222422
stream,71,,6.705400432118897,0.44095174253180003
stream,72,,8.511669281296138,0.42653458958321133
stream,73,,8.659311741135266,0.5453037159258145
stream,74,,9.534749984990913,0.5676455155918938
stream,75,,9.637571834171139,0.5829521611191187
stream,76,,12.549067199758912,0.736559496350401
stream,77,,12.665318212437747,0.8775656118270835
stream,78,,14.487283428947409,0.9684726299674109
stream,79,,15.18267450825203,0.9736527368451743
stream,80,,16.470778950069974,1.163895670275838
stream,81,,16.565167853004912,1.1125869126076058
stream,82,,16.51917046284172,1.1133351591353102
stream,83,,16.31966119461879,1.0247890122442875
stream,84,,16.40997063984073,1.032489338553274
stream,85,,16.484829679850694,1.0451601064070053
stream,86,,16.537500322867086,1.0302849774504197
stream,87,,16.20421568085076,1.0571526716378479
stream,88,,16.48796967383712,1.0567182590547437
stream,89,,17.197125511970597,1.0411222261340811
stream,90,,17.378750556188514,1.0356683696684692
stream,91,,17.253288927096534,1.1049592067767111
stream,92,,16.829552560247514,1.2289528982534887
stream,93,,17.929521140272204,1.1084422674234058
stream,94,,17.189210404428596,1.0966580455966242
stream,95,,18.00134806947214,1.0909803190296121
stream,96,,15.51624524495271,0.9419062534172655
stream,97,,15.607261324107153,0.801460097637472
stream,98,,13.779676884545264,0.7184662715182828
stream,99,,14.879845685747965,0.7921371575909353
stream,100,,13.867547962649667,0.5986637012113647
stream,101,,13.63082158174414,0.6651426978960497
stream,102,,14.763502168633675,0.7250640832874318
stream,103,,14.197386804205335,0.8097463701337644
stream,104,,14.188911070886384,0.7571612826831552
stream,105,,14.575808635468979,0.7440556215104642
stream,106,,15.942305586872346,0.7634836977535624
stream,107,,16.07878656998087,0.8571267042035519
stream,108,,16.96968769421716,0.9326695624845157
stream,109,,13.97875883780931,0.9419747669367786
stream,110,,13.575371310737811,0.9154813102019439
stream,111,,13.134598991803234,0.8428162868374911
stream,112,,16.279336135171217,0.9146585305061775
stream,113,,16.39774835296891,1.3042478487282907
stream,114,,18.68821888260186,1.6206728406506596
stream,115,,17.713820464270565,1.733006718235736
stream,116,,18.132833454287066,1.7602904010059726
stream,117,,17.970103239063423,1.793985029549026
stream,118,,17.97879344463578,1.7868164918952312
stream,119,,16.325348079378635,1.709230169903679
stream,120,,15.501249733930035,1.7044742407097073
stream,121,,15.323325448456307,1.6127916892156464
stream,122,,14.345903792270336,1.504726167810973
stream,123,,14.381237541529044,1.4553723604875775
stream,124,,14.340732075884889,1.455397582428896
stream,125,,13.932391028486384,1.453238037857844
stream,126,,12.181676498186997,1.4534442515845203
stream,127,,12.15193336820651,1.3332461907772053
stream,128,,11.221580533398205,1.2494033929697346
stream,129,,11.257193323723637,1.2072812105500392
stream,130,,12.127618571227952,1.2659004383524128
stream,131,,12.58611003914962,1.3586401940479302
stream,132,,8.6463393286901,1.241380096533256
stream,133,,7.687448090728526,0.8518259775389639
stream,134,,6.90009068269852,0.6461993372043178
stream,135,,8.07483589873184,0.5274197747270013
stream,136,,7.914027708722336,0.6330585330227264
stream,137,,8.28463603413853,0.6840461959104271
stream,138,,9.454081926053677,0.6864387349318043
stream,139,,9.242214424553268,0.7340540438577323
stream,140,,11.632558888225565,0.8247920204760527
stream,141,,11.740146570068033,0.8648845740037014
stream,142,,11.827019669385704,0.8998726012315237
stream,143,,13.102545773467241,0.8653348577832285
stream,144,,13.033068309186799,0.8936080306791554
stream,145,,13.029189726632207,0.8944488534478311
stream,146,,16.784072615876124,1.067980161021136
stream,147,,17.245840586202547,1.1189774091085147
stream,148,,17.785452788267452,1.1195098372755585
stream,149,,18.38906317875256,1.2133351866248525
stream,150,,17.675242819462987,1.232691217642811
stream,151,,17.338388837651287,1.1401954522772415
stream,152,,18.258475278386644,1.0856488621300948
stream,153,,17.867391472121856,1.1159467920942474
stream,154,,16.386101285615393,1.0082230179208727
stream,155,,15.26373275417809,1.0090123631061152
stream,156,,15.315443367137721,0.8840546549749145
stream,157,,14.903020075838361,0.8301454226372539
stream,158,,13.989878139585114,0.8384879543841728
stream,159,,14.725642591062428,0.8576978755900752
stream,160,,12.347465231741037,0.8087962916267318
stream,161,,12.438084402482454,0.7707248181589328
stream,162,,11.772545088519129,0.736228344455477
stream,163,,10.658652099740538,0.7574315512632669
stream,164,,10.60202399106656,0.7512095088728116
stream,165,,10.652984280336712,0.7560352890171956
stream,166,,7.184856890925316,0.5947072958931752
stream,167,,9.9566010145218,0.7882425352097547
stream,168,,9.153494429910143,0.9083439772188322
stream,169,,9.109205578915011,0.8196077696088099
stream,170,,8.936542927442014,0.787305759787357
stream,171,,9.1037123445493,0.7960202406773749
stream,172,,7.596465171473289,0.783829666600171
stream,173,,8.184607055557084,0.7667824307597724
stream,174,,8.672661386637262,0.7520733983883734
stream,175,,8.642556645218333,0.7641192707190887
stream,176,,7.9892768162858125,0.7614619815265832
stream,177,,8.663194770299585,0.7402626898579632
stream,178,,8.435674741106897,0.7744513253567386
stream,179,,7.7029664350383955,0.7065484104834673
stream,180,,7.846608061177596,0.6674165850427347
stream,181,,8.98756477624011,0.7597396845682204
stream,182,,9.164278231465152,0.8498251485347441
stream,183,,9.056071210721019,0.8395736803464251
stream,184,,9.454743281252226,0.8527885593205827
stream,185,,9.601265567317208,0.8482052994209812
stream,186,,11.407503192206855,0.8381045375219041
stream,187,,8.714242756177379,0.7647467480176351
stream,188,,8.814769400186318,0.6876201770501078
stream,189,,8.189340449798149,0.665805087308157
stream,190,,8.231653754061318,0.6239290512122225
stream,191,,7.978744980882732,0.6275946235757346
stream,192,,8.038786084134248,0.6208711966627258
stream,193,,7.474787069560138,0.607588167411884
stream,194,,6.740004017680776,0.6094701117017255
stream,195,,7.681496657831699,0.6082220341082583
stream,196,,7.938652348177493,0.686286381080034
stream,197,,7.2769872580228405,0.684092076487264
stream,198,,7.3613765024776345,0.6437157671250461
stream,199,,10.594173251708439,0.7979190206414661
stream,200,,12.1202735682057,1.1139425701817007
stream,201,,10.801600725373515,1.0548643986423618
stream,202,,10.634538027852035,0.9628699757935538
stream,203,,10.958577116270803,0.9645191154359303
stream,204,,12.9428717140256,1.0953196303438542
stream,205,,13.304667531192441,1.2847297700315545
stream,206,,11.623683121340257,1.2578587485938952
stream,207,,13.558831076234906,1.2899458451865702
stream,208,,14.888413612267284,1.2502678291960194
stream,209,,14.924238231915226,1.2886028766472188
stream,210,,15.024728929161471,1.3024347296810532
stream,211,,15.495745753221728,1.2975515663278552
stream,212,,16.756547228180224,1.4337886479662396
stream,213,,16.961695480112766,1.5368079160473973
stream,214,,16.954243231463135,1.5507359994765373
stream,215,,16.066823255450522,1.5381665809725142
stream,216,,15.776041612011507,1.4507911829115863
stream,217,,15.793089895664348,1.4477697379261705
stream,218,,15.83894560175807,1.4512254082115177
stream,219,,14.16169172256504,1.3144873043564262
stream,220,,12.683330683499792,1.0973187789887546
stream,221,,12.619089612332408,1.0654355378958271
stream,222,,12.896732906807879,1.066706897695894
stream,223,,12.686977206200805,1.0529351990866629
stream,224,,12.20978900150964,1.0278276756744273
stream,225,,13.260660827455641,0.8373341909241326
stream,226,,13.683480292971682,1.0428850996960617
stream,227,,12.137914560744461,0.9954423468852271
stream,228,,10.783909179452792,1.055177907468872
stream,229,,10.750414159278073,1.0165194913065094
stream,230,,11.071264484109093,1.0087297134863704
stream,231,,10.507450450992557,1.018464649688965
stream,232,,9.30438626380691,0.8786266652615764
stream,233,,9.026997511363861,0.7827822287403168
stream,234,,10.107352769587589,0.8293930909518835
stream,235,,10.868239121478956,0.8276816927083814
stream,236,,11.550442096336587,0.9365694943033396
stream,237,,11.542064701292777,0.9512318028177269
stream,238,,15.06223272783453,1.081034123837024
stream,239,,13.720005209915408,1.2751756980206483
stream,240,,15.795336217410515,1.2046467732823913
stream,241,,16.884323007398038,1.2061348928324058
stream,242,,17.004355494086933,1.2982629360638926
stream,243,,16.730614224211006,1.316877231789105
stream,244,,14.989489236865952,1.18198587663502
stream,245,,13.621184522845033,1.1833898881985072
stream,246,,13.016269520489567,0.9783004572833445
stream,247,,13.018681529723098,0.9294345977981909
stream,248,,12.943112793067426,0.9072749804641164
stream,249,,13.198077711886208,0.9127111539588153
stream,250,,12.707558511833561,0.9103791905943626
stream,251,,15.051705330090956,0.9833958394873817
stream,252,,15.857559527935338,0.9909438895042169
stream,253,,16.82313353258538,1.1275660495439324
stream,254,,16.230208129391286,1.0664090316792572
stream,255,,15.73321493708462,1.066551412645251
stream,256,,17.557406886671842,1.1474460796520702
stream,257,,17.53482585609002,1.2304702348440253
stream,258,,14.520907009876616,1.10929830654752
stream,259,,14.350920512533122,0.9263252954034947
stream,260,,12.055514228603311,0.8994634286330924
stream,261,,12.21179462536192,0.9241267831119444
stream,262,,11.96658926693587,0.8336478579829105
stream,263,,12.490940466952107,0.8725826490119689
stream,264,,12.368876962082798,0.8792589449570836
stream,265,,12.221210798050322,0.8802930416463908
stream,266,,13.089019621712522,0.9612954292763966
stream,267,,13.207978780866194,1.0296990255296736
stream,268,,13.365341134027233,1.0671179104112853
stream,269,,13.10815016700948,1.0687959661094413
stream,270,,13.110789148980817,1.0613490601934925
stream,271,,10.769214237590583,0.9706524169647223
stream,272,,10.37970505076833,0.9936270299254868
stream,273,,10.057333127239115,0.8499057055523866
stream,274,,9.548700534651903,0.8732245761052149
stream,275,,9.205201759392375,0.8726483500376085
stream,276,,7.235558142356086,0.704597040723654
stream,277,,7.31274808262234,0.6092853372361815
stream,278,,6.6370767771200585,0.5928293484547003
stream,279,,6.680495393607363,0.563355822403667
stream,280,,10.473959813223367,0.7360697898333732
stream,281,,9.549857566236064,0.9412982046787319
stream,282,,10.598585372105543,1.029951130241215
stream,283,,10.53684516882004,1.086754387500591
stream,284,,11.044412821902728,1.0740451857626254
stream,285,,11.263220047039203,1.071718405396401
stream,286,,10.355928995205952,1.0286652363046478
stream,287,,9.30378784610634,0.8851025370129029
stream,288,,9.150474228794085,0.8085691732091743
stream,289,,9.20741104984921,0.8046280906167151
stream,290,,9.419963334726164,0.8045310906684319
stream,291,,9.47724283679161,0.8044896983478564
stream,292,,9.80770301543521,0.7801153524897746
stream,293,,9.168358547045528,0.8119086126108582
stream,294,,9.177048575201054,0.7891419501288317
stream,295,,9.694215897355264,0.8008391292088157
stream,296,,9.81081319819774,0.8613771029368219
stream,297,,9.735340456028784,0.8800330039800295
stream,298,,9.819619573504776,0.8789561273660815
stream,299,,9.849874671210191,0.8792635045920795
stream,300,,6.266129566292931,0.7023488650368117
stream,301,,6.410435361078176,0.516219826368707
stream,302,,5.234484967441685,0.44471638717135986
stream,303,,4.872098641625489,0.3302545606034877
stream,304,,4.970704949322628,0.33772819371978324
stream,305,,5.224939307791577,0.3379952016741606
stream,306,,6.974804097633774,0.3123755880071975
stream,307,,7.349146633568995,0.434681629553808
stream,308,,7.437350400995261,0.4569401888610602
stream,309,,7.479824288119883,0.4709968244725063
stream,310,,7.578446679337107,0.47211167014322836
stream,311,,7.896434322070023,0.5148458942299049
stream,312,,7.866343119986739,0.5020728186183804
stream,313,,7.868970028599022,0.4956574856395579
stream,314,,7.864698499362086,0.49319533915496155
stream,315,,7.731244169345653,0.48748681411971717
stream,316,,7.175803639689386,0.4521179025398815
stream,317,,7.921389279633688,0.47456068182565914
stream,318,,7.933655949112496,0.48585923349417937
stream,319,,7.826288985954456,0.48485812431673
stream,320,,8.444600685817118,0.5269956536923577
stream,321,,8.15437908158221,0.5466578135930478
stream,322,,8.144141054103684,0.5300283618831475
stream,323,,8.06462946358173,0.5386938708560938
stream,324,,7.72884445369025,0.5507186935764173
stream,325,,8.273300286523803,0.5608062473797398
stream,326,,6.735178858705366,0.6478438470731461
stream,327,,6.269776938681975,0.5202987489713786
stream,328,,7.584899457182661,0.5330185086795349
stream,329,,8.071650256608587,0.6561974801117294
stream,330,,7.852109621061606,0.6704968190097214
stream,331,,8.898955413462183,0.7082880951816279
stream,332,,8.85164182128921,0.8615206066742966
stream,333,,9.573707307440735,0.9491213841190094
stream,334,,9.945318481680475,0.9509740318867153
stream,335,,10.099012424294498,1.0214186993941052
stream,336,,12.275960201202857,1.1681292503390053
stream,337,,11.527953197893783,1.2168286955603023
stream,338,,12.050713374205358,1.2310227611451676
stream,339,,12.86452905520488,1.3374638779135626
stream,340,,13.809520552167113,1.476488840078905
stream,341,,13.634205849311106,1.449164458147857
stream,342,,13.686062431639233,1.4364376929815525
stream,343,,13.666305375015716,1.4297699856857053
stream,344,,13.582145447848182,1.4241412749005347
stream,345,,12.699474058699685,1.4629194650643822
stream,346,,12.78784882453217,1.4261796343476787
stream,347,,12.86937200009081,1.4439374428956426
stream,348,,11.598163378915903,1.4230607395330785
stream,349,,11.184078875087236,1.2810189448048586
stream,350,,11.12038624957597,1.274214535942897
stream,351,,10.449071251804604,1.2357946513404405
stream,352,,9.822438603396897,1.1293306241730663
stream,353,,9.487074961589,1.016493180315
stream,354,,9.423485584581936,1.0713042139084474
stream,355,,9.199567773176678,0.9949879461665077
stream,356,,6.869781022223924,0.8109974790271202
stream,357,,7.062015450430618,0.7240403435861814
stream,358,,6.560771703237768,0.7121938508641708
stream,359,,9.055056719641284,0.7107727017405958
stream,360,,8.25759947997838,0.8417565533903703
stream,361,,8.263238161346942,0.8318390694690188
stream,362,,9.584177484831361,0.8750008787417516
stream,363,,12.051199658252713,1.1353549153823554
stream,364,,12.888986149233055,1.3562128962153825
stream,365,,13.693219257016567,1.4694334860889962
stream,366,,13.145772705307518,1.4339354835043157
stream,367,,15.219865942956513,1.486807238323179
stream,368,,15.35316417775119,1.5049039616873794
stream,369,,15.939179508494512,1.5063595320625836
stream,370,,15.908530467044198,1.5195271051706314
stream,371,,15.663158175789626,1.49064030965539
stream,372,,16.314477992506426,1.4433665588362863
stream,373,,15.916499617236305,1.4792810988475904
stream,374,,16.091343700280735,1.4336266438747602
stream,375,,15.861061870480848,1.4676380714041948
stream,376,,16.06559323320051,1.4587108534026654
stream,377,,16.02813498856302,1.4489754095098906
stream,378,,16.083742963802408,1.4350338266232456
stream,379,,12.773025447918316,1.335494205129079
stream,380,,12.46567682048635,1.0458632427762198
stream,381,,12.512397425160698,1.0257933541454187
stream,382,,11.38072481786672,1.0010821702972237
stream,383,,8.914784175320406,0.7465993391291056
stream,384,,7.8318830322163,0.5133571076640383
stream,385,,7.4952257319913835,0.38343940851765423
stream,386,,7.9936433249686605,0.3558485593975766
stream,387,,8.345837968355927,0.2815618169407473
stream,388,,8.084179780900138,0.34046852644871295
stream,389,,7.720751612249144,0.3655573493463742
stream,390,,7.721000451215261,0.3576054434699806
stream,391,,7.619172186937857,0.3547592482109195
stream,392,,6.828034588333646,0.36429588890291675
stream,393,,7.031273597035376,0.34773854406677784
stream,394,,6.663172678239165,0.35550159805443715
stream,395,,6.894745752597501,0.322937419794648
stream,396,,7.088865614893664,0.3214601389777941
stream,397,,7.323707655476793,0.3798437288656371
stream,398,,8.375235310320063,0.5056521820593751
stream,399,,8.439078928403097,0.5266445031835495
stream,400,,7.855927574381505,0.5044631005379412
stream,401,,7.816984677494666,0.49931059295046254
stream,402,,7.697530337315088,0.4870545428278282
stream,403,,7.695541909701219,0.48640785880677856
stream,404,,8.59299069564394,0.5122136863487052
stream,405,,7.9161119502406745,0.4991352136202173
stream,406,,7.372584354659814,0.5031782037237537
stream,407,,5.158610433750231,0.4871454160139203
stream,408,,5.304107827788151,0.39259339280833516
stream,409,,7.039164786528543,0.41242837059715576
stream,410,,7.845407384110287,0.6166794400831783
stream,411,,8.476303767828707,0.6074773668225197
stream,412,,8.474867136020157,0.6500842869732668
stream,413,,9.003526409689353,0.644818060238819
stream,414,,9.762248136506853,0.7390845139930116
stream,415,,10.613924167563917,0.7391389313639976
stream,416,,11.177817712216994,0.7391004060934695
stream,417,,11.062473207081348,0.7668391422289212
stream,418,,9.870560199624379,0.6449833172357253
stream,419,,10.430883144415864,0.6471715783807458
stream,420,,11.863397616972579,0.6500526950916216
stream,421,,14.247102157160933,0.655205161204909
stream,422,,16.43318879159648,0.6479680747970866
stream,423,,17.201349825987162,0.6524986867001394
stream,424,,16.31358597341977,0.6562265018749429
stream,425,,16.998319698870198,0.6548470984325654
stream,426,,17.065467090924002,0.6637441459265571
stream,427,,16.929738655602446,0.6793146517779606
stream,428,,16.793398070132636,0.6820094086769721
stream,429,,20.10553679743265,0.7986247186459752
stream,430,,19.96865298799691,0.6606456066356295
stream,431,,19.425605089150707,0.6607553636204487
stream,432,,22.480295097102577,0.6375082894507536
stream,433,,22.164972275515836,0.8327198581535131
stream,434,,22.451421677517835,0.82408973394004
stream,435,,21.36060564650566,0.8756536700192025
stream,436,,20.387454214502828,0.8777820149334372
stream,437,,20.34306730983921,0.7960877310622313
stream,438,,20.42980123178833,0.8119581005577868
stream,439,,19.801891516088297,0.7829692815122871
stream,440,,19.05246925221199,0.811048681511027
stream,441,,16.74280106713097,0.817060343943328
stream,442,,14.427730677180131,0.8164284053394617
stream,443,,14.411267512063617,0.8388596983252756
stream,444,,16.408741497504653,1.0280037654053986
stream,445,,15.64693645552589,1.0804457918723933
stream,446,,15.894168961820007,1.0762416419683727
stream,447,,15.998034079665066,1.0536699920331996
stream,448,,16.07772543309584,1.055960774041318
stream,449,,10.661708456058815,0.8974710933599596
stream,450,,10.06055224749908,0.8185982816573971
stream,451,,9.835036985930394,0.8191221257433563
stream,452,,6.927102522195123,0.8206285599580591
stream,453,,6.955199056595448,0.6575940250613731
stream,454,,6.383696606414356,0.6253230475988996
stream,455,,6.673016817998073,0.5732094134238438
stream,456,,6.696816328167207,0.5747712006609657
stream,457,,7.030839389980587,0.5966010899830582
stream,458,,6.972473839818666,0.6085156684047682
stream,459,,7.184708459047924,0.6212363762989055
stream,460,,6.542061681352377,0.5934105956744886
stream,461,,6.459787910369003,0.579875048181695
stream,462,,9.168646410901307,0.6998631494550425
stream,463,,8.58524484386955,0.7354432742695924
stream,464,,6.743918639153813,0.5152143800345065
stream,465,,6.770285779449307,0.4507893582282948
stream,466,,6.4490792543782005,0.44287618361666636
stream,467,,6.460973082202989,0.452395643129841
stream,468,,7.848215558231415,0.5469956169482089
stream,469,,9.21905503615837,0.5424492247796865
stream,470,,10.442578490306905,0.5424492318993737
stream,471,,12.07739688155519,0.7817691624378679
stream,472,,12.007671930372869,0.8538079848160067
stream,473,,11.583695095851857,0.8087162616215405
stream,474,,10.987670753208201,0.7376487539035198
stream,475,,10.858310158926448,0.7436346093896543
stream,476,,12.592346041478876,0.7710455768814214
stream,477,,13.389781352187313,0.74871451963218
stream,478,,13.639495759339784,0.728570954353197
stream,479,,14.104447200655287,0.7182638703605515
stream,480,,14.374009223895461,0.786916102648547
stream,481,,16.102598620015304,0.9158647734007663
stream,482,,13.35487357485348,0.8599956624525995
stream,483,,13.451624423024334,0.7942039017276039
stream,484,,13.90414939116047,0.7976949611072495
stream,485,,13.97890691097614,0.8249289891106177
stream,486,,14.563993293089323,0.8316617490551206
stream,487,,14.37904420820299,0.8281802976781849
stream,488,,13.8928196007727,0.7465524697583784
stream,489,,12.598794075685332,0.8140301598723437
stream,490,,11.355024912327499,0.8133474190281377
stream,491,,10.73901977177909,0.6360099898373305
stream,492,,10.746984204667552,0.5536010236256041
stream,493,,10.794973730502837,0.5682905276628646
stream,494,,11.599106772471357,0.6155899272988741
stream,495,,12.703401642465854,0.7750582459543454
stream,496,,12.667327727163029,0.9760246323895316
stream,497,,12.120048123757224,1.1383486951779278
stream,498,,11.844811248724165,1.1417591998186445
stream,499,,12.15891288341049,1.1820797600106463
stream,500,,12.458955454227958,1.222980852590485
stream,501,,11.020840109604405,1.1489889789200447
stream,502,,11.983911112738403,1.153486226797774
stream,503,,12.500025442867155,1.149446562810322
stream,504,,11.881326448955015,1.1755206983995772
stream,505,,11.79522580906005,1.1423119476312176
stream,506,,12.416622892038761,1.197515907034474
stream,507,,12.321838973955678,1.232582933797192
stream,508,,11.35662566942648,1.216716432345429
stream,509,,12.837376807101093,1.188699441602148
stream,510,,13.154470008323592,1.1998547853089412
stream,511,,12.614322897596672,1.1364878505559193
stream,512,,14.633214149594588,1.131832649314136
stream,513,,14.561859669844194,1.1972076689438471
stream,514,,14.665032011398711,1.175472400195414
stream,515,,13.382572452812262,1.027201522271697
stream,516,,11.745473816025147,0.7966498428609419
stream,517,,12.949065871166455,0.7247957527654715
stream,518,,16.887559031436343,0.7213852709457271
stream,519,,16.746883507250477,0.9973790899614856
stream,520,,17.741847797869564,1.0636673300076407
stream,521,,18.502145931513542,1.2268818803404087
stream,522,,18.826773270199563,1.3177970301722455
stream,523,,18.064147230567517,1.3451669159371615
stream,524,,18.336552706710265,1.3293824493262967
stream,525,,19.686716606136358,1.433569791132379
stream,526,,18.52420222273797,1.4449745564971852
stream,527,,18.53842513435701,1.4060239967099863
stream,528,,20.194908744133926,1.4543145177787025
stream,529,,19.03206847314661,1.4307061809009716
stream,530,,18.672733385065758,1.4253435525179416
stream,531,,18.539321842604,1.4676580172397136
stream,532,,16.461386926091723,1.496104671246254
stream,533,,16.50668387912592,1.421821772131435
stream,534,,15.599161358820648,1.3961182329458388
stream,535,,17.723385143781773,1.4555110444350357
stream,536,,18.102659387851045,1.4794549901350866
stream,537,,16.133616579335893,1.4207975540639883
stream,538,,12.571350887735761,1.438412377857296
stream,539,,11.951885938427244,1.1196201672833703
stream,540,,10.553408111819266,0.9402746884726279
stream,541,,9.87601839854007,0.7616728383256739
stream,542,,9.63008799586703,0.6938006643304995
stream,543,,10.117425666639356,0.778025871315956
stream,544,,9.855053352548774,0.8034994399578124
stream,545,,8.532862097092258,0.7033940928868669
stream,546,,8.887477692762381,0.6544806006692682
stream,547,,10.444479061058862,0.661716681161015
stream,548,,8.814959557546477,0.6455898418098611
stream,549,,8.402288597668592,0.6296704073738514
stream,550,,8.555831459339721,0.6277377285684022
stream,551,,9.834177123637735,0.6295619864291142
stream,552,,10.554597602605652,0.5928677815960083
stream,553,,10.5076583165622,0.6029013932406145
stream,554,,10.741525773487723,0.6091298030380587
stream,555,,8.57238515179919,0.5369074773744316
stream,556,,8.198824306557615,0.5183726463141389
stream,557,,8.523397447976242,0.4857421900906727
stream,558,,8.594682818679452,0.45616415505495406
stream,559,,8.845630349573508,0.5178292918277426
stream,560,,8.567881354790327,0.5412402620618917
stream,561,,8.230432887504705,0.5013426927939656
stream,562,,7.5528380457855535,0.41876150314663546
stream,563,,7.750932715728534,0.3966616323970224
stream,564,,7.966703865098468,0.43516240573091547
stream,565,,9.168075616787133,0.5190354241146624
stream,566,,8.897935684404201,0.5169985301799279
stream,567,,7.376223460534391,0.5077211501341732
stream,568,,7.537540211018097,0.4743151485790198
stream,569,,10.141698633561207,0.6231209054318125
stream,570,,9.98216639323537,0.7029471749436697
stream,571,,8.167365872633251,0.6596690416805616
stream,572,,7.810349984951693,0.6632699452472055
stream,573,,8.548169691963055,0.7147419457763223
stream,574,,9.025169330374878,0.8216491482829884
stream,575,,9.094505182793865,0.8253746748132805
stream,576,,9.838362144908723,0.8343724872550145
stream,577,,9.503264785160582,0.8498398325485994
stream,578,,11.753535247344299,0.9764845250477499
stream,579,,12.6552710012411,0.9216293011909212
stream,580,,15.103414868586698,1.165125941021647
stream,581,,15.230953720557606,1.2207287190799188
stream,582,,14.917731497112491,1.2271205695090137
stream,583,,15.014234351046813,1.1850585121643353
stream,584,,14.95156667210821,1.1748353602163355
stream,585,,14.672196544336009,1.1021774559672743
stream,586,,16.945642341576303,1.0904576824650518
stream,587,,21.604342918150177,1.1068116511986625
stream,588,,21.73380446174059,1.4099101897252755
stream,589,,19.695139605640446,1.2621501728280233
stream,590,,19.72278975474145,1.2156112443339806
stream,591,,19.735751446809186,1.22910130718422
stream,592,,19.928376273839405,1.2291013274028633
stream,593,,22.629387524239732,1.4235102853990298
stream,594,,22.035335271702124,1.372181544055824
stream,595,,24.01516724347635,1.4175343065491484
stream,596,,24.317099090004938,1.666273402435137
stream,597,,24.806977791522584,1.7447993702997293
stream,598,,22.081996839510552,1.64136516227861
stream,599,0.8515091193544069,20.694198797407093,1.6345961767119388
stream,600,0.8520578344132859,18.948729306232305,1.4144599017705
stream,601,0.8526815270718409,19.751738168554617,1.3578063261321867
stream,602,0.8536617806633172,19.801043999592878,1.3555552962685775
stream,603,0.8545870765334748,18.99998950877261,1.313570327076595
stream,604,0.8555740907254937,20.091041312197923,1.2829939859701027
stream,605,0.8568489580694625,19.46805758489535,1.3672823324251522
stream,606,0.8590548519086433,17.114569510547714,1.358122656694753
stream,607,0.8610544524120379,13.48801650606561,1.4171935913172349
stream,608,0.8635071284318402,13.778017987066871,1.265196715510279
stream,609,0.8655919302230471,14.072779713262692,1.3831518829726552
stream,610,0.8676349574580875,14.106090272680436,1.3665991285090446
stream,611,0.8703710028795305,14.151308921452248,1.3585744442692238
stream,612,0.8734638745283336,13.639693756859254,1.3478069119030296
stream,613,0.8766552978792286,10.311894788705043,1.0850838275658754
stream,614,0.8796882073995459,10.564722279084256,1.0241988879344892
stream,615,0.8824374958883628,9.265363954866334,0.9720557170416609
stream,616,0.8856400969936434,9.238939606566925,0.826398120461987
stream,617,0.8888653226686983,8.719198881962997,0.7753886021876982
stream,618,0.891895495593987,8.929675725200623,0.7623085203706722
stream,619,0.8947119886051609,8.930230607048806,0.7694424239312105
stream,620,0.8974697962049363,8.90256487391213,0.7495387833679616
stream,621,0.9002515674145417,7.991087591590494,0.7565588586574717
stream,622,0.9027762308252585,7.932686615453944,0.7432696161143506
stream,623,0.904698400455669,8.682263998375475,0.7712700106758859
stream,624,0.9064926051327287,7.656926295310216,0.8018462510891723
stream,625,0.9079306464213471,7.494942889559714,0.7196346568690469
stream,626,0.9091683363722641,7.453582745104665,0.7302403320570848
stream,627,0.9103203871101073,6.463151594389584,0.6552247062252682
stream,628,0.911296697631426,5.8931135945042055,0.5113639167580261
stream,629,0.9119349255563777,5.080559269545793,0.3936006342684428
stream,630,0.9127519833798887,6.020899674923356,0.42798969876280846
stream,631,0.9136233194734278,5.888436412526416,0.44573580444032734
stream,632,0.9138961218600423,7.1300974086005136,0.49891841218001
stream,633,0.9142105870193149,7.027746720160229,0.5594621864963515
stream,634,0.9140814781800329,7.3698561413772925,0.5871689364504293
stream,635,0.9138622328623002,7.4645515634441715,0.5846849041309587
stream,636,0.9136989261236368,6.353891782635727,0.5078567241916389
stream,637,0.9136655759862041,7.068409637877378,0.4841172203983068
stream,638,0.9138109260476989,7.068759851794843,0.47880981842520437
stream,639,0.9142742789116903,7.254022445505594,0.47166732382782167
stream,640,0.91456104743427,7.141324199672021,0.49911704886216185
stream,641,0.9148368168164818,7.168119824100029,0.5330453790797466
stream,642,0.9148371599042169,8.607255915739765,0.6108166708130308
stream,643,0.9146009153946371,8.882983298790757,0.5787641597804373
stream,644,0.9137730757035288,13.304216316887306,0.5522346886407645
stream,645,0.9129067698628135,13.150411485867075,0.675623855083604
stream,646,0.9124501466350688,14.225461857749501,0.7104066731379324
stream,647,0.9122432175187893,14.72942554632943,0.7104898173473677
stream,648,0.9117430465061419,15.452729804717809,0.7938865811779514
stream,649,0.9108308639030926,19.868865342462403,0.8587266226661612
stream,650,0.9099010467309346,19.202019811480074,0.8799981929680056
stream,651,0.9090938837913027,19.24738507585547,0.8823069893238606
stream,652,0.9083094241600548,17.922920711644284,0.8338246102060232
stream,653,0.9077122711027314,18.84780627833823,0.8058048774224386
stream,654,0.9070874102868797,18.794853699387527,0.8993244205597236
stream,655,0.906365091843443,18.11412816449199,0.9094581898147222
stream,656,0.9058513211388985,18.592944550053293,0.9169300915226375
stream,657,0.9052319092345108,22.9856958646563,1.2056302224501774
stream,658,0.9045684389320034,24.008991770101634,1.240334991208092
stream,659,0.9044539210213539,24.73526851856861,1.4069456888768974
stream,660,0.9045373498662329,24.589361603523663,1.4456806096642905
stream,661,0.9042046439593875,24.87938612563099,1.4029198246208803
stream,662,0.9039655657378954,23.50590441183372,1.3596466064027686
stream,663,0.9042863024973905,22.488301186773338,1.3636987228738269
stream,664,0.9054123832636063,20.01563409957897,1.4229241825328816
stream,665,0.9063110676201284,21.832595794284064,1.6031843667813201
stream,666,0.9073401201528398,21.250208691920786,1.720334641377013
stream,667,0.909110672478782,20.764830548303472,1.7748914989009374
stream,668,0.9105916122725093,20.198745921658972,1.7100328488219667
stream,669,0.9122946710525786,16.189839430587128,1.6885806962701808
stream,670,0.9141031868992988,15.949412414440662,1.6159826169597358
stream,671,0.9153213637360524,15.948887550330788,1.5964043485130823
stream,672,0.9161440200895943,16.115681251465862,1.5935098419883413
stream,673,0.9179410486314216,16.43881357944856,1.5679060129760312
stream,674,0.9205003079728314,16.466092376527982,1.4490443871895518
stream,675,0.9230502879843325,16.29949126340755,1.4707857341175514
stream,676,0.9255075103742672,16.198084832214267,1.4399319561123898
stream,677,0.927143847604792,13.503686061779133,1.1703871252574618
stream,678,0.9282353046107108,12.595095053857746,1.2992910250873426
stream,679,0.9289164899968241,12.327905045330402,1.1349761727544807
stream,680,0.9294470459925115,12.733334224264881,1.0436653375164153
stream,681,0.9299942002733207,12.361308417076575,1.0679115650634539
stream,682,0.9304991300348902,12.774769220740518,1.039631377262671
stream,683,0.9309711123692723,12.830630467797457,1.0421192787533173
stream,684,0.9312431761518054,11.430245203719103,0.9529064050679187
stream,685,0.9314796820728072,9.734981461992277,0.6374184061155616
stream,686,0.931860289476398,9.961261675966753,0.47842389480575365
stream,687,0.9321159275878784,10.820299443508981,0.4239042814782344
stream,688,0.9325156246242239,10.811158820098203,0.409335699479423
stream,689,0.9331197370899099,12.226775396912851,0.4940062859631479
stream,690,0.9331365301304242,12.136302383532087,0.553870526454028
stream,691,0.9330634599097666,15.38893610239415,0.6827121737604573
stream,692,0.9331352896593232,15.215412304645163,0.805416447158684
stream,693,0.9332606868054466,13.96899204976312,0.798194126292999
stream,694,0.9330523138510965,13.843309295156358,0.8208259042558776
stream,695,0.932694036843771,13.832315103888698,0.8089601255204701
stream,696,0.9323099609617447,14.264039567621294,0.8163265929911361
stream,697,0.9313859622961245,11.861435735151662,0.8119802047810356
stream,698,0.9298029154422277,12.07015388157026,0.6625198211507373
stream,699,0.9279011059150849,11.485010833629493,0.670628494032894
stream,700,0.926342006545452,10.77701404320571,0.6882806464068263
stream,701,0.9254874555551625,13.889699619933747,0.7343613117345763
stream,702,0.9244491935586477,13.373189018070775,0.8412039202947625
stream,703,0.9232789978663734,15.093559508882416,0.9042568807350329
stream,704,0.9230774415180062,15.118051134772486,1.0851646859409738
stream,705,0.9227138873695883,16.70968066007913,1.0842126492174808
stream,706,0.9234247566559527,17.577815909330035,1.0785771968380617
stream,707,0.9241136844555621,17.00969901994501,1.0944014746477162
stream,708,0.9247655035459607,17.38035884469847,1.0827669983969836
stream,709,0.9253736763566561,16.38400753529517,0.9564054994049884
stream,710,0.9254868892728083,16.64478262510783,0.9753080769296024
stream,711,0.9244921355088658,13.914631686191164,0.8437904998682367
stream,712,0.9234966136969259,14.622213841378727,0.8135456311735833
stream,713,0.921958701429125,14.709924530273671,0.829015504430896
stream,714,0.9203173697297357,14.667852211635408,0.8034952166674163
stream,715,0.9184921302161254,14.725434760738391,0.8148188994607157
stream,716,0.9171126302475933,16.89529081483036,0.9408520324837567
stream,717,0.9158540073241358,16.97842548898904,0.9838874903308451
stream,718,0.9141327784589394,16.567249770458666,0.9649514039319628
stream,719,0.9135098988262222,16.99158131524953,0.9567797119974377
stream,720,0.9133449374596817,17.385037848513253,0.9384747556340083
stream,721,0.9134716267450904,14.52946422843376,0.9204389243405332
stream,722,0.9135937258611803,14.665102372485872,0.8075411257315094
stream,723,0.9141202566599195,14.097160094663522,0.823069409744707
stream,724,0.9143774521832715,15.512504394783871,0.8897697265142815
stream,725,0.9145461274378707,13.772346710133872,0.9579243796570818
stream,726,0.9142709371480126,12.305376972680445,0.9603874395393475
stream,727,0.9137213821002655,11.950546332947733,0.9538742103550392
stream,728,0.913007725038773,12.216203685049404,0.9779746551292684
stream,729,0.912372216933886,11.361433814390429,0.9944336843250158
stream,730,0.912049583264904,11.135901460235399,0.9115848843143888
stream,731,0.9116252658993131,12.691840579215608,0.9626197011386326
stream,732,0.9114336282867893,11.99381991054281,0.9472210782027842
stream,733,0.9111474867587765,12.742821551134952,0.9557674443540962
stream,734,0.9109966064696331,12.292709480615724,0.9692575624296789
stream,735,0.9106104911179557,12.268724343575169,0.9383860116253394
stream,736,0.9100167716995352,9.375816728490333,0.7861984239425355
stream,737,0.9094824867115346,9.381966462405174,0.7068434821294506
stream,738,0.9089252125878444,9.250833401572176,0.7095111840698137
stream,739,0.9080982414270578,11.749441540762191,0.8188383194369043
stream,740,0.9077327387993983,11.58495532021774,0.8623751321334983
stream,741,0.9083975371296432,13.181668015269175,0.9688456067707198
stream,742,0.9088803509392773,13.145701430562257,1.064825933208094
stream,743,0.90918779827029,13.299919673184661,1.0081129253192234
stream,744,0.9094786389606196,11.814768165352326,0.8867356549450284
stream,745,0.9096618983630735,11.920602707781807,0.8643795362637541
stream,746,0.9099372172318628,11.857766661330505,0.8616794994390597
stream,747,0.9096644848640213,14.82175082055061,0.9559762996911356
stream,748,0.9098874566475542,13.997435722190279,1.060507316261842
stream,749,0.9103338246418653,14.300547909269762,1.04866581560777
stream,750,0.9103983486495009,14.391373473627297,1.082920686838317
stream,751,0.9112396958241217,12.553998649277684,1.0607209967845814
stream,752,0.9128680894009359,12.678300832779836,1.0154209171633237
stream,753,0.9132675525204123,11.83242014943974,0.9977949621005436
stream,754,0.9111068848529933,13.014188665218846,1.0326021911226801
stream,755,0.9085882794571355,13.173008536425634,1.1148545734291364
stream,756,0.9073366555024694,13.4908126353662,1.1163641898868193
stream,757,0.9078000706060292,13.426261663412047,1.1248225876650784
stream,758,0.9096643034294285,17.354032130370395,1.2347358570012006
stream,759,0.9114340522038585,14.56071900866715,1.3454345753446317
stream,760,0.9122767091884854,14.876985485686344,1.3063546344224615
stream,761,0.9134285052138637,14.660748454288036,1.311617462806159
stream,762,0.914503935059091,15.638318862912776,1.2180243565494528
stream,763,0.916767653736335,14.620128387288412,1.2001832118381135
stream,764,0.9191248974226008,14.155117804026206,1.1069081842549224
stream,765,0.9212058419650273,14.396054595392666,1.0573753367005914
stream,766,0.9246183439400263,14.910689869582159,1.1158331067661564
stream,767,0.9276333191644772,13.662131011735061,1.0267795338922314
stream,768,0.9298441624363972,14.00494577735272,1.032009594089342
stream,769,0.9308140771256106,14.791846914135295,1.0333132178660955
stream,770,0.932001510287226,14.892956800486266,1.0188245183748135
stream,771,0.9338328708077837,14.604346193649354,0.9929280750181467
stream,772,0.9352929014785601,14.702154479779718,0.9664165597346612
stream,773,0.936457720545676,15.427573816407058,1.013568279532721
stream,774,0.9371630794047507,14.730073464092678,1.055649962958932
stream,775,0.9379285153752827,14.537640333869343,0.9919107506641368
stream,776,0.9387431993846327,14.236951092648834,0.9934044734531363
stream,777,0.9393626496958116,14.207443202723503,0.9888392830546382
stream,778,0.9404509790871302,10.805431558261448,0.9052789688413346
stream,779,0.94117314958526,10.644059443907574,0.7172363507225059
stream,780,0.9423917422560127,10.157722285295042,0.7272277477642531
stream,781,0.9431517489127902,8.516988762833083,0.5761766599785977
stream,782,0.9430875034182269,7.732011599500443,0.5800874264298987
stream,783,0.9432277397803748,7.912610325950498,0.6248064869931099
stream,784,0.9427609137141854,7.846923137476425,0.6403431302268058
stream,785,0.9430724477704707,9.05730540990797,0.7436816114132276
stream,786,0.9443742352170748,8.47846039075047,0.7345734757803889
stream,787,0.9457353740105503,6.960545243285255,0.7329933983248346
stream,788,0.9463005985341025,7.935781486171126,0.611753134168867
stream,789,0.9470615215427265,8.680737960568722,0.8334948772738897
stream,790,0.9476183082519485,8.594620306280309,0.9320372508938239
stream,791,0.9479958129702493,8.615028884708224,0.938953412088643
stream,792,0.94830660483793,8.414977580446111,0.9385884768713566
stream,793,0.9484491507546418,7.705642582816937,0.8850464727900135
stream,794,0.9484990462558137,7.176945734675204,0.7948841093120078
stream,795,0.9478844592556276,7.265811832352343,0.7798694017161809
stream,796,0.9472726258584104,7.678851440043189,0.7780549982193983
stream,797,0.9466005176098957,7.682985319177373,0.8178275308006655
stream,798,0.9461777111819504,7.490036856470128,0.8030824590280873
stream,799,0.945790992790078,7.471342311409,0.7832995046921878
stream,800,0.9454108214778842,7.395761220687396,0.7694496298368578
stream,801,0.9450314235998315,7.432149808863995,0.756207507375024
stream,802,0.9446532069650995,7.324171378264549,0.768125226105528
stream,803,0.9442636078359712,9.613185273633391,0.8775532898104996
stream,804,0.9440197186486671,9.439064904506278,0.9400629193883603
stream,805,0.9434138672701312,9.788061236613839,0.9009318481096681
stream,806,0.9428543646892189,9.792791658087832,0.9100400323830575
stream,807,0.9426376188667043,9.673265281237123,0.9027037659253899
stream,808,0.9423713793937986,8.64629733875654,0.938095193763669
stream,809,0.9416609006514471,6.9617242095427665,0.7082798514316813
stream,810,0.9409172030209972,6.837368850933224,0.5906406453687755
stream,811,0.940645103012721,7.722115131687217,0.6274823172719968
stream,812,0.9413049123619189,11.472416364366197,0.6510026866519989
stream,813,0.9422777098810718,11.768314834337357,0.6986552293559347
stream,814,0.9431039458197737,11.748333143150347,0.7085819221175402
stream,815,0.9439330585676224,11.89658465511958,0.7151996664833586
stream,816,0.9449255062555505,12.833368101250851,0.808395839485443
stream,817,0.9458685689731532,12.85034066231723,0.8141139707232874
stream,818,0.9470808097006241,13.962312901098736,0.8636569642433991
stream,819,0.9481818874440864,13.999925106098058,0.9007965011419503
stream,820,0.9490128491633483,14.196450899747699,0.9205605330537292
stream,821,0.9495300614448227,14.371369078900461,0.952388565007255
stream,822,0.9495410642871422,15.91108259015911,0.9534071212114684
stream,823,0.9492676482891937,14.945931435579128,1.0327918782918601
stream,824,0.9488922163779393,14.959127635970804,1.0119703871978496
stream,825,0.948343435419268,13.586991612079718,0.9972957343199531
stream,826,0.9475538978952475,14.01055153356456,1.0094746380665982
stream,827,0.9467277702611319,14.453541278433221,1.0032371019621946
stream,828,0.9460717930806581,16.00834743859892,1.1159058653551448
stream,829,0.9463146058589018,20.216815540183944,1.1295919968300465
stream,830,0.9473782750901317,22.94820836095631,1.1366189172578045
stream,831,0.9476489541602178,22.11628492703776,1.2146050337974779
stream,832,0.9478803259831537,20.85510252603994,1.3302320135421377
stream,833,0.948396876105092,21.775972084948023,1.2920795055367618
stream,834,0.9484950890830184,21.819591078262214,1.344442596186113
stream,835,0.9483360444006582,21.759141553606707,1.3435642754672248
stream,836,0.9478465326087971,20.346905101745563,1.2619640589660583
stream,837,0.9477579465373094,22.242342246547583,1.2894770695644509
stream,838,0.9473168124268088,21.292084069007057,1.3812364928830883
stream,839,0.9479902783250957,23.999642550202005,1.529872566302672
stream,840,0.9478415128532308,23.94948677766333,1.6817201534095818
stream,841,0.9472560665717745,23.834227221868865,1.6506677262112246
stream,842,0.94666085582448,22.103811512548234,1.6323627822472764
stream,843,0.9459455928977418,20.271171711361568,1.3914812172086373
stream,844,0.9455303011139434,20.411995134764833,1.290269511505657
stream,845,0.9448615712682021,21.295277078437092,1.3493551126284342
stream,846,0.944053996110554,20.883556959809205,1.3593080429205513
stream,847,0.943835872820608,22.259192188407237,1.4289196230939296
stream,848,0.944300308395739,21.166530590510842,1.278923889555407
stream,849,0.944020351521453,17.663329565740366,1.384510918836285
stream,850,0.9435735493578202,16.3717977841182,1.3802616272789712
stream,851,0.9431657135010252,17.261027576201712,1.252894028965336
stream,852,0.9427364362278629,14.732081728289206,1.1430682889212855
stream,853,0.9422817653664451,13.507428048410807,1.134165821984504
stream,854,0.9419219012333341,15.064466922752107,1.1480799085402964
stream,855,0.9415043668002182,17.06544594591843,1.1397312535290027
stream,856,0.9410427577135823,18.120651373948988,1.3451425176286054
stream,857,0.940462185194323,17.953909912769873,1.4825638708673607
stream,858,0.9400962929057863,22.608474838080788,1.8238041139053491
stream,859,0.9398422945229136,20.156145926471893,1.7192931928717088
stream,860,0.939451464860882,20.04565268081881,1.577092180462502
stream,861,0.9390278449233644,19.964488955066138,1.5765126190467464
stream,862,0.938766057598913,20.053887983403953,1.5755323930550909
stream,863,0.938506635858165,20.041264321565134,1.5767942126517493
stream,864,0.9383397144908238,20.91771066651633,1.6008807899882866
stream,865,0.9377679588797595,19.718342652824486,1.5618133173400528
stream,866,0.9371574922112513,19.752129264843482,1.482784843018461
stream,867,0.935987233440096,17.810212355140724,1.4145175075729828
stream,868,0.9350144718356491,17.027199202235973,1.4046796369097723
stream,869,0.93444195150067,16.380792900717914,1.297561009930151
stream,870,0.9344501808194501,15.562453518445134,1.2966458531683016
stream,871,0.9341881339743408,14.98561102590902,1.3676950169445483
stream,872,0.9333290156222348,14.98799832330194,1.362122900828906
stream,873,0.932948279943124,15.538452894368879,1.3748959724898242
stream,874,0.9328201026297243,13.958813219120499,1.3054576405634621
stream,875,0.932254876324087,12.25895906241539,1.3121638078614832
stream,876,0.9312360539175017,12.082856522840926,1.1856911321717722
stream,877,0.9312147527040135,10.860045267432502,1.0788346830862363
stream,878,0.9323210522773059,6.685163427689797,0.5872066067001779
stream,879,0.9325575073293295,6.803710211510776,0.5899253284428357
stream,880,0.9331165587530649,10.167537988993285,0.5998428134831135
stream,881,0.9331255147099605,10.826327100903757,0.8538205665127829
stream,882,0.9346906623702311,11.11789591735952,0.8588429592215528
stream,883,0.9356582201790957,11.178624206816037,0.8768475068434874
stream,884,0.9360061643863808,10.13672972657173,0.8608177799050071
stream,885,0.9354045225976767,12.082002901191409,0.8913866398445333
stream,886,0.9343939629303717,12.438476084751755,0.9081976728333793
stream,887,0.9332651393067668,12.466901380451699,0.9349506384244667
stream,888,0.9327943282107375,12.79511237054157,0.9431341676658801
stream,889,0.9321356230772798,12.69363569002642,0.9311066683367226
stream,890,0.9327037361943575,12.94400540970999,0.9384654415855522
stream,891,0.9312979937854637,14.677803722725862,1.0750102035041234
stream,892,0.9303732796012677,15.958749301712981,1.294285303995187
stream,893,0.9297101994178502,15.887909236158794,1.2818933244424522
stream,894,0.929707352333865,16.183626238406564,1.2749111267496622
stream,895,0.9304274005894789,15.730332733422955,1.2675222208014085
stream,896,0.9302445015793123,14.955242329988069,1.1833480060466077
stream,897,0.9305310948474264,14.738959103614015,1.0794716026133409
stream,898,0.931252231568233,13.772446104571785,1.0983295158939685
stream,899,0.9316858807399327,14.346509089642234,1.0365941353614496
stream,900,0.9309992159554417,11.920459076126377,0.9955917911591328
stream,901,0.9286126203251596,11.66610630742187,0.7519485523959479
stream,902,0.9284656713074436,14.726124588547588,0.9490185906761144
stream,903,0.9271119675307553,16.012673679758024,1.241475322280484
stream,904,0.9273466638084396,16.74423721505551,1.4072674635272262
stream,905,0.9287470002888587,15.400986671960649,1.30637165737805
stream,906,0.9312951289351592,15.626461507423212,1.2882163685076944
stream,907,0.9332499839511131,15.65603399952024,1.2698980437257998
stream,908,0.9341447935094025,17.337691417172916,1.3506118419329023
stream,909,0.9335555951573056,18.391022462727094,1.3559172142850222
stream,910,0.9330730157170429,17.587783652367733,1.4156182144802694
stream,911,0.9325429398297677,16.975020978985704,1.3045475111248621
stream,912,0.9327719462079196,16.57710035699946,1.2377696686883326
stream,913,0.9341135444414971,17.111578629333877,1.2369637762809222
stream,914,0.934594767629634,17.36524378948629,1.341031324044989
stream,915,0.9352319698442165,18.29723485790392,1.3407358696216143
stream,916,0.9355634061290126,18.163230491458986,1.3533759143299167
stream,917,0.9366830975398207,19.537408048192088,1.418384324510007
stream,918,0.93769096918206,19.728530757690457,1.5128494260687833
stream,919,0.9385683497366244,18.751813624102798,1.4784641340906952
stream,920,0.9391280588943209,17.66283946573272,1.4795399857881852
stream,921,0.9406282780892906,19.428790590054373,1.5376489946584673
stream,922,0.94184914864211,16.085530558019915,1.4408631628785258
stream,923,0.9430267827735143,15.017451078248333,1.1472747933993783
stream,924,0.9439449143085645,14.273647407933758,0.9893485872807752
stream,925,0.9444678492132742,14.110008292838302,1.0166235373712422
stream,926,0.9449034878474517,13.483917416325292,1.0312412203884205
stream,927,0.9446214973249211,13.72193599175986,1.0341792336658853
stream,928,0.9444577228102231,13.194588412172173,1.0593326352600676
stream,929,0.9443253009661459,12.005228612976328,1.1151125818881766
stream,930,0.9443693777451607,12.101673703303605,1.0558555096569289
stream,931,0.9437259512602131,12.272114378220785,0.9872080867500171
stream,932,0.9440164074935997,12.731107263900817,0.996084063630388
stream,933,0.9443617920332092,11.721067427553876,1.0303389317233123
stream,934,0.9446202361064154,11.695024924785253,0.9443176590413775
stream,935,0.9447836598751629,11.256976592243605,1.0374019068033973
stream,936,0.9444605938920645,11.900220958076076,1.0176965207641364
stream,937,0.9444228718530079,11.291071501363586,1.0787345926672398
stream,938,0.943319257110133,11.512994085431801,1.0458088603045335
stream,939,0.9425454165977577,12.203028463912476,1.0458088603045332
stream,940,0.9431577863246496,18.46701180368384,1.4444468565238626
stream,941,0.942428795434263,16.9450862539944,1.7518566627944476
stream,942,0.9424778502001302,18.558540032459533,1.7741737440308583
stream,943,0.9421831120536913,18.515894097065896,1.7722424175894234
stream,944,0.9418339481272816,18.549390280901317,1.7606447776588465
stream,945,0.9415094274506299,17.89366191338323,1.7360633905906482
stream,946,0.9408707222275959,17.888492366759635,1.72122259548429
stream,947,0.9404673552475031,17.603390261424465,1.7094777139570723
stream,948,0.9404603741900159,16.72133571960409,1.6145423542168935
stream,949,0.9401945983885909,16.744674206348368,1.592075616174094
stream,950,0.9401482923640131,18.014854615758217,1.6420906784966944
stream,951,0.9398519119296012,17.472883919695782,1.8047977203559382
stream,952,0.9396492948009963,16.175242805327308,1.6463108577410697
stream,953,0.9400676149022072,20.066441986209238,1.7924552656911694
stream,954,0.9398373890369854,21.40612765874756,2.1875430001922314
stream,955,0.939683585732796,21.242501813612826,2.2479867187314055
stream,956,0.9395609661387565,20.96764944418691,2.2952195464377794
stream,957,0.9395510497571197,19.90640168663345,2.1849779298295733
stream,958,0.9395576037894954,19.71423006817904,2.104178279495367
stream,959,0.9391366318332502,19.881928218628744,2.1109923282712915
stream,960,0.938233154869107,13.617039863533503,1.7490776943158002
stream,961,0.9367713167896392,13.39214971212083,1.3869327572929515
stream,962,0.9357966949190549,11.721906203127867,1.2653120533423685
stream,963,0.935040098566715,11.686453495915389,1.2500407188196427
stream,964,0.9353846394523008,13.791904220128947,1.283530917797488
stream,965,0.9348732552220369,13.799489531515144,1.3523285273823755
stream,966,0.9335942405256944,14.12156691886901,1.369945578656179
stream,967,0.9331430591755929,14.483673534935175,1.3690664121759542
stream,968,0.9324668698804922,14.877344319498652,1.3563746597520339
stream,969,0.9328771449825584,15.164321400210058,1.389003040121035
stream,970,0.9332677124562601,14.002012160601494,1.3290782634180196
stream,971,0.9335679153946059,13.170183291047802,1.1859194211768116
stream,972,0.9333194730018591,13.532770485784203,1.2040785969412184
stream,973,0.931811953548045,11.548578959663358,1.1756299286344356
stream,974,0.9296512567976684,10.12877715575385,0.7695984264138408
stream,975,0.9287877138920929,10.927212360208605,0.7362119768416503
stream,976,0.9284939964263642,10.556641455713894,0.7407953340338242
stream,977,0.9297308463435384,10.655737608642186,0.7213592537686324
stream,978,0.930438934771794,10.965668934743515,0.756064023044158
stream,979,0.9307821587085947,10.168659306543493,0.7573586456690315
stream,980,0.9300275012596633,10.172057609017687,0.7256580429910691
stream,981,0.9293209697805086,10.066398055022093,0.7272467837413353
stream,982,0.9291186953547091,10.03640370546206,0.7443458316119892
stream,983,0.928784593795253,10.091718225669045,0.7471298375765184
stream,984,0.9285464730351402,9.818764446185869,0.7443813092122613
stream,985,0.9283460493792232,9.839671570882574,0.768717315289572
stream,986,0.928482368648417,9.623466655580296,0.7548706024008552
stream,987,0.9270958423612868,9.970961244654852,0.8173140689714893
stream,988,0.925374084427342,9.1060122685927,0.8186491057390883
stream,989,0.9236650650742904,8.797041456885369,0.7523682488331094
stream,990,0.9230150153212285,13.371752635629413,0.9113020726790392
stream,991,0.9212811838384621,14.225574106215422,1.295459540941423
stream,992,0.9189021401183257,13.831007934469561,1.3005339447450468
stream,993,0.9155558532516996,12.283250726653378,1.176439927851196
stream,994,0.91153588014941,12.127778316957452,1.1681665951726972
stream,995,0.9074727661145499,11.549731591828932,1.0476910975260219
stream,996,0.9018687529429408,11.834911992141173,1.0531138135830989
stream,997,0.8957001257007379,11.7650270005064,1.0594741612249903
stream,998,0.8913758225289451,12.128677836980868,1.0600827783825413
stream,999,0.8896255186910149,13.734524511874856,1.0564558030825277
stream,1000,0.8901923241689441,13.860546516466375,1.079400170356624
stream,1001,0.8935579279495621,15.738130123735502,1.107571804293008
stream,1002,0.8996696109506648,16.85051046715473,1.08736753256816
stream,1003,0.9092812759763681,19.154390776364664,1.0978288022445544
stream,1004,0.9185447804103576,17.573870822565095,1.1049380392198587
stream,1005,0.9246932584104343,20.163249382139558,1.156429906078195
stream,1006,0.9292316638152495,20.22424320537691,1.2069803597606494
stream,1007,0.9325288903745326,19.504491794025952,1.1479110834752566
stream,1008,0.935430868408532,19.395024447366534,1.1413428293446644
stream,1009,0.9370577989017912,19.500027841317927,1.1451635269525289
stream,1010,0.9379897757677073,14.907270311110175,0.9860518644499714
stream,1011,0.9388709863929068,14.121319718886966,0.5909492685339864
stream,1012,0.9390195155754751,14.917800978629504,0.6099817497142815
stream,1013,0.9385886171875226,14.685418093917649,0.6000828466990163
stream,1014,0.9385509903134373,14.632391297083068,0.6383136194321268
stream,1015,0.9382029603015554,14.295314877343301,0.6383868803544103
stream,1016,0.9372782833063836,14.890562356822203,0.6383867854768983
stream,1017,0.9347515883636432,17.73553374336626,0.6409650816419367
stream,1018,0.9310867195471537,16.83271936429358,0.7034298723783973
stream,1019,0.9268450953856426,15.493776161325417,0.7039065409828048
stream,1020,0.9216924413279411,16.24998141628204,0.6764147542813258
stream,1021,0.9165082754154944,14.295402941779699,0.6381543448959079
stream,1022,0.9130891678667876,13.818646757269644,0.636236831789145
stream,1023,0.9109919071683793,11.2503784289394,0.6433913270868623
stream,1024,0.9114955401714401,10.961913996044427,0.6013413836926467
stream,1025,0.9141393039223255,8.417084802160861,0.45832317571352116
stream,1026,0.9178974623011744,8.394254548600708,0.4063367560665686
stream,1027,0.92115069854909,8.384519240816742,0.4098276215842434
stream,1028,0.9249438411196961,9.458477499721113,0.45774619928038873
stream,1029,0.9286156840139975,9.606275655841124,0.463423877804297
stream,1030,0.9310852234859912,9.434767371516537,0.4895899045203497
stream,1031,0.9329527797470328,9.158630233426974,0.4514023261827741
stream,1032,0.9351066527744288,8.353920321497178,0.37708371144594977
stream,1033,0.9356211704362051,9.51564587966884,0.41320355530962316
stream,1034,0.9362371631753503,9.26421241692215,0.41432395676002576
stream,1035,0.9364511323843214,9.385148074639595,0.4251057936225897
stream,1036,0.9371385770768661,9.101978541865066,0.4455147690218632
stream,1037,0.9373144473658597,7.284146616653787,0.5678368881374991
stream,1038,0.9368504474810158,8.265445966635218,0.46545549692643845
stream,1039,0.9362822999711508,8.359863461307029,0.5848106377314484
stream,1040,0.9366646339510241,9.077518741668229,0.5916965109216324
stream,1041,0.9377051281474612,8.83397421051714,0.6365748186781353
stream,1042,0.9383486548738846,9.643606455377832,0.7004470799756681
stream,1043,0.9384100895448997,10.436623657046972,0.6764302437371801
stream,1044,0.9389018848556082,11.075718391628335,0.6764159233362332
stream,1045,0.939163481707331,11.789033897760469,0.7893031402256595
stream,1046,0.9394396790525822,11.645537177094841,0.8158045166757835
stream,1047,0.9391300566048854,11.96220068746008,0.8159162150289657
stream,1048,0.9385834888869299,12.952701214272334,0.920908038196025
stream,1049,0.9386547370575266,12.715784431146925,0.9848931815822047
stream,1050,0.9381510112023771,14.623724345425375,1.0243180238074499
stream,1051,0.9378988884622732,14.691355314122289,1.0569914196424783
stream,1052,0.938017773501898,15.083091621195013,1.089284557479147
stream,1053,0.9388001045027945,15.407271473046194,1.1706142002349662
stream,1054,0.940219812068732,15.446040749306635,1.1769190439000903
stream,1055,0.941696034869225,15.101545327355202,1.1660725384833184
stream,1056,0.9427404688946982,14.561429631009553,1.0922597750984484
stream,1057,0.9435559888566489,13.487764062126338,0.9634940307153272
stream,1058,0.9444685517288435,12.634526757912587,0.9640563990656004
stream,1059,0.9455260835828934,12.254602163243288,0.8383611331607672
stream,1060,0.9459755788516884,11.016888003546985,0.8507281625851916
stream,1061,0.9469574694465812,12.37397649213246,0.9281338760039927
stream,1062,0.9484044662263191,13.406927316381513,0.8707250602747159
stream,1063,0.9496484670643904,12.743490094241146,0.9091964730857636
stream,1064,0.9503393342176525,13.00865950936055,0.9710825154223623
stream,1065,0.9506721781529777,12.460747046280801,0.8603945809235144
stream,1066,0.951190326365961,13.085185548348873,0.896523121991358
stream,1067,0.9511984203407945,12.863532705957146,0.9360050643672064
stream,1068,0.9506991003318237,11.956738857561584,0.805156896006547
stream,1069,0.9505733006657919,12.082842213868267,0.8110370109222794
stream,1070,0.9505937335536673,10.131516864560407,0.7492811639054404
stream,1071,0.9500508161838971,10.237442789030311,0.7172073635222855
stream,1072,0.9494419985449792,10.748859950168718,0.6950089090512426
stream,1073,0.9480738408194902,11.709360122837783,0.5733101237352977
stream,1074,0.9462617111713044,11.956456520127317,0.6779708173340737
stream,1075,0.9459427842890502,15.451376811629368,0.7385163398077714
stream,1076,0.9461723358223703,15.606823620236911,0.8051835369436575
stream,1077,0.9458890843103278,16.75594066023762,0.8976364128124504
stream,1078,0.9450026414551662,17.183446574807036,0.9010901292203815
stream,1079,0.9437423756444295,17.364349331212516,0.9035674137890468
stream,1080,0.9433035608691741,17.89641703847061,0.9771383899708096
stream,1081,0.9431179557779839,16.66476771539431,0.8980835392648459
stream,1082,0.9434233246438521,14.66758215805725,0.9600162108214949
stream,1083,0.9430975318956923,15.253837759518227,0.9871610015231096
stream,1084,0.9424907894924871,14.379464683853335,0.9416411603103403
stream,1085,0.9422975963445196,14.141490813327207,0.9382549715965446
stream,1086,0.942646257992588,14.229891278909946,0.8926876668387648
stream,1087,0.9430483331975194,14.465265252039147,0.8502381504698545
stream,1088,0.943328934213742,14.468579206274512,0.9202647810977549
stream,1089,0.9433882585872272,14.32597693774119,0.8700892671355609
stream,1090,0.9431460844763645,14.266241978333674,0.86583452136806
stream,1091,0.9428722647356131,14.008403008081002,0.8658345211543412
stream,1092,0.9429162162650565,13.247239583334313,0.8620104768004014
stream,1093,0.9422913814190981,11.988272118786574,0.8763792112587322
stream,1094,0.9413378217168376,11.710696993061253,0.756219035893178
stream,1095,0.9410568028178522,11.286288269894747,0.8394295791452414
stream,1096,0.9414709879462697,12.003040042706834,0.7856518830138252
stream,1097,0.9413448229351228,10.869370082172598,0.7391568645335085
stream,1098,0.9404739886649564,10.314297681044883,0.7376238839806998
stream,1099,0.9400423485470731,10.070976280967608,0.7343566805114523
stream,1100,0.9395173093987861,9.252941947350935,0.6431445954058207
stream,1101,0.9383606509894085,9.477245361220984,0.6146594061964692
stream,1102,0.9372239130061112,9.336942075729395,0.602585135987604
stream,1103,0.93592370807766,8.896175757485441,0.5799437536239012
stream,1104,0.9338170492227627,8.873508869876865,0.583475099504393
stream,1105,0.9319533435242163,8.933333553848557,0.5817900325824678
stream,1106,0.9297813912851973,9.262440631304788,0.5784819494252803
stream,1107,0.928183522926757,8.931163288248621,0.6052578334119594
stream,1108,0.9249247577052082,8.039734881764653,0.5229112929212197
stream,1109,0.9201795669776678,8.767769309458902,0.49842220974334284
stream,1110,0.9157493096937128,8.886249864624517,0.5106542701725969
stream,1111,0.9102158576479646,8.874184304310708,0.5130106887973147
stream,1112,0.9035476169977635,8.771635743536432,0.5054667601425619
stream,1113,0.895796092041642,8.17124776282714,0.48520333827026085
stream,1114,0.8895754285535483,8.154871519928294,0.4748762567965162
stream,1115,0.8859962775158153,5.071178213572802,0.33144557588103124
stream,1116,0.884088978348379,4.159819109400861,0.3165022952912436
stream,1117,0.8823421192324299,4.139646210054861,0.26878612781891525
stream,1118,0.8817318497797838,4.446552516048022,0.2913306170326961
stream,1119,0.8795479172779569,4.667853162336089,0.33424471790702875
stream,1120,0.8730085568243828,7.261008089571843,0.3723503948701071
stream,1121,0.8661534793478646,8.796758601902074,0.35639408893444974
stream,1122,0.8614549325612146,8.572279548503133,0.3426922313746516
stream,1123,0.8586799254998173,8.295499672172468,0.3073560102961479
stream,1124,0.8587997255672912,8.340529517211806,0.2887460788801595
stream,1125,0.857998577140941,9.72342253046553,0.3138722359430467
stream,1126,0.8594562654582374,8.978413914907772,0.3976120139183675
stream,1127,0.8637692127903147,9.740500756755873,0.4386704577519529
stream,1128,0.8671872707897027,9.7115806112526,0.5027813048318148
stream,1129,0.8694419023789204,8.982215094241052,0.49842153490235913
stream,1130,0.8707061243552667,8.888602449804226,0.4879936274250778
stream,1131,0.8710329122363675,8.930485744799768,0.48497718603683027
stream,1132,0.8741908426324844,9.743217423840859,0.5136868983601448
stream,1133,0.8766002460612364,12.559538928876895,0.8227091219982712
stream,1134,0.8788646524397705,12.608915786478741,0.8970910830008335
stream,1135,0.8776712847781234,13.088725610939033,0.9036435174418883
stream,1136,0.8772725124096437,13.222044001892222,0.9536784212334455
stream,1137,0.8784154938000165,13.295744129492386,0.9614459237509116
stream,1138,0.8824051707347559,14.850381141934847,1.0346502000528721
stream,1139,0.8859561111397957,14.677304177296199,1.0837011196157806
stream,1140,0.889793070299351,12.329490784143369,1.0449662051096535
stream,1141,0.8935330510726842,10.710951638504689,1.0782874127593296
stream,1142,0.8966331520124913,10.679268816607888,1.0356674165088617
stream,1143,0.8991668478188685,10.825948234018266,1.039538044555344
stream,1144,0.9002469549621295,12.968123466382405,1.1674381379677143
stream,1145,0.9003663468515836,13.14796714515893,1.412689578869739
stream,1146,0.9005247428070778,13.243333507600095,1.3271750093683625
stream,1147,0.9010816375584808,13.931409785001003,1.265593192523692
stream,1148,0.9014774055818178,13.95723430103008,1.2916381937868988
stream,1149,0.9013854585630948,15.085867528730635,1.2915350864045303
stream,1150,0.9019132712743873,15.547699678649037,1.4101744884229097
stream,1151,0.9028624322757903,15.926106199915125,1.4100151239059369
stream,1152,0.9040564029687884,15.067694423168309,1.3987963277686635
stream,1153,0.9061104985764347,12.561236195403524,1.113827280756217
stream,1154,0.908331423639804,12.616504493661932,1.0342768029588105
stream,1155,0.910384602208533,12.15482463826498,1.037794908796116
stream,1156,0.9123070104961669,11.994960654131381,0.9868880566444707
stream,1157,0.9129218173482594,12.635864582226263,0.9942314816502891
stream,1158,0.9131704277178424,11.001313168421438,0.9068075996752104
stream,1159,0.9141784392565713,11.209482487012396,0.846789929725925
stream,1160,0.9157310700449723,12.450537593234689,0.863214625177769
stream,1161,0.9188263164404831,14.877490268681946,0.8282041267851403
stream,1162,0.9219038127572258,15.125441855479195,0.8681306192899676
stream,1163,0.9239917588235839,15.598347684227733,0.9451026911638223
stream,1164,0.9260113855521269,13.98760183864374,0.910598328390212
stream,1165,0.9277270106319458,12.39117479826931,0.6480463341582999
stream,1166,0.9288713898904817,12.251383065007742,0.6519330790990973
stream,1167,0.9294207682669358,11.027978710546249,0.6415985887759933
stream,1168,0.9297831385340296,10.98434726437351,0.5734922480465544
stream,1169,0.9294845804346578,12.087024558636333,0.7247197272060502
stream,1170,0.9290870628122975,11.770442037199183,0.6387038091124593
stream,1171,0.9286503457387532,12.162883855468648,0.655743219171557
stream,1172,0.9279609514858046,15.461628359008557,0.6654994081587576
stream,1173,0.9269542725695566,14.855038957120529,0.6870017198565207
stream,1174,0.9258517565502195,15.02793249898317,0.7198837972374165
stream,1175,0.9247232024956475,15.592747866217083,0.7647829928455163
stream,1176,0.9236011608495703,15.832481154735506,0.8309316239052033
stream,1177,0.9225221993027161,15.52340633221137,0.8141119807105958
stream,1178,0.921449176214711,17.945772725277845,1.0066586377965645
stream,1179,0.9204613492849298,17.87740790171788,1.0082411276935852
stream,1180,0.9191891223120199,16.393459653845643,1.0113647638923615
stream,1181,0.9169724308179145,16.007978202105996,1.1349958864678305
stream,1182,0.9150654684329318,16.74252567294523,1.3224879945622614
stream,1183,0.9143082820856383,17.26646440932524,1.2320748607313858
stream,1184,0.913345430110265,16.763332718907748,1.1526567433456723
stream,1185,0.9118562022519355,16.827834137139067,1.1535293342903232
stream,1186,0.9115959875949907,16.77999609367065,1.1519754497040529
stream,1187,0.9117811389595498,16.599728499029034,1.1682102734791222
stream,1188,0.911058302075566,16.901494175923933,1.1405283231410812
stream,1189,0.911670660429981,18.135116157885385,1.226527845790457
stream,1190,0.9125391359565934,18.21383967247153,1.2581108534101861
stream,1191,0.9125635086142959,18.688516029788737,1.3341237220083866
stream,1192,0.9116154898149754,15.453676154535806,1.330164774476845
stream,1193,0.9110616936272262,15.023324752801807,1.2798060489905418
stream,1194,0.909847432749009,15.217625855943663,1.2434368709361603
stream,1195,0.90811667661054,16.216704330275853,1.2024087179363447
stream,1196,0.9073941135766751,16.515596467309464,1.256893876650689
stream,1197,0.9080306473282763,18.461909920235723,1.2895672737257442
stream,1198,0.9087015778840376,15.958507671426961,1.2416061264363443
stream,1199,0.9096657589865963,16.908615206650907,1.222754387124697
stream,1200,0.9116273671846263,19.211834089062513,1.414801977372591
stream,1201,0.9123743687447995,17.316158309600322,1.4921988035875169
stream,1202,0.9127086654834393,16.426876239847942,1.2652555508161858
stream,1203,0.9131904258153011,15.299080672898276,1.2680305049560752
stream,1204,0.9140876774766382,15.651783204383486,1.2681937842731914
stream,1205,0.9141972262567304,16.2600028128104,1.3260937078688573
stream,1206,0.9136784809537974,18.933969721396288,1.3353953734216804
stream,1207,0.9130879853667981,19.07692466820756,1.4699237799457776
stream,1208,0.9123281055087195,18.948446698127054,1.5050144843103275
stream,1209,0.9115397573803818,15.490197602576687,1.271372039939474
stream,1210,0.9105994218506566,15.246153648153138,1.2076253589379187
stream,1211,0.9095661457772481,15.309110454787033,1.16040565489006
stream,1212,0.9084463621211031,15.282724657378669,1.1704433054496297
stream,1213,0.9076971645488479,17.833738376942275,1.2405257561070175
stream,1214,0.9072989107593799,21.329234671564336,1.237228922639342
stream,1215,0.9066333758831562,19.75958276306632,1.3890284778963413
stream,1216,0.9060001973830714,20.139334489879996,1.3082801144942442
stream,1217,0.9057193213180291,18.54688210344851,1.2772581340571036
stream,1218,0.9055319401901163,18.430143692736237,1.154300354877202
stream,1219,0.9050387285442969,18.54266007437075,1.1770199632464888
stream,1220,0.9042427818814754,16.65943555913144,0.9669171142815572
stream,1221,0.9034510335889425,16.9781208486018,0.8402624867122567
stream,1222,0.9031218264267229,19.71382876827155,0.8582754030089902
stream,1223,0.9029100718366407,20.127106858630007,0.8992124229772508
stream,1224,0.901949903198832,20.40103501524911,0.9905116595444313
stream,1225,0.9014132212391012,20.592251931935753,1.039672869320386
stream,1226,0.9008854050506544,17.814924181545308,1.0939478001152878
stream,1227,0.90017495331786,18.08965473894184,0.9448159553681031
stream,1228,0.8995915966989856,18.955745272355195,1.0204133259710808
stream,1229,0.8979008165412293,20.30747987067735,1.204568937297072
stream,1230,0.8956832879704907,20.352876078473653,1.235927108106438
stream,1231,0.8945183115739849,20.93685291825033,1.2731831151897242
stream,1232,0.8946299664767586,22.554432799085806,1.240780264878299
stream,1233,0.8949043051864431,20.004975101341525,1.2238174815230831
stream,1234,0.8944745083635093,18.55674952663287,1.334312234707126
stream,1235,0.8948929998538399,19.28555621809353,1.3704027274597295
stream,1236,0.8952685152217899,18.380813500478816,1.3728298303384467
stream,1237,0.8954676930467645,17.616489687606176,1.3712483485401041
stream,1238,0.8953522922070183,17.671805985422825,1.3461449916937172
stream,1239,0.8945326984425718,17.749918510008108,1.3469952445662448
stream,1240,0.8943595329145877,17.302607024902677,1.3644067375588256
stream,1241,0.8934952997917674,16.95177400128549,1.2909133959678738
stream,1242,0.8930315384756032,14.207969840761757,1.2715129894051342
stream,1243,0.8935825204191956,14.325834668927804,1.2745756776879351
stream,1244,0.894536212687547,13.697932816062568,1.2070065297608348
stream,1245,0.894478292558202,14.587037488630385,1.138858281654928
stream,1246,0.8943121313826508,14.594955547238666,1.1429889895545158
stream,1247,0.8932656801266965,16.05142919443792,1.2581688052386233
stream,1248,0.8917845652336932,17.157077988872306,1.1423550655355155
stream,1249,0.8913379877013964,15.798832287943625,1.0115890200845634
stream,1250,0.8910231639475891,16.290620149078574,1.0097716771163505
stream,1251,0.8898669444153217,17.345235967927454,0.9713085648442729
stream,1252,0.8892950063172141,16.147159359706244,0.997130487949483
stream,1253,0.8889725281700903,16.983001375892,0.9444473337954775
stream,1254,0.8900717962830107,14.535119979881085,0.8775068193334703
stream,1255,0.891674732723552,15.641911843968378,0.7938543244577566
stream,1256,0.8935127016758463,15.628922466591273,0.7969170113457295
stream,1257,0.8952411874105871,15.70365097966988,0.802402335850705
stream,1258,0.8970040767255356,16.019899503526858,0.8020278825758703
stream,1259,0.8985629396975637,14.899265281395826,0.7636557523422812
stream,1260,0.8998212259017766,16.620643844365876,0.7756532226546301
stream,1261,0.9017711024640609,18.13870418003922,1.0177219361735852
stream,1262,0.9035636836848127,17.99375035387446,1.1066482277614667
stream,1263,0.9050244555984603,17.45146716870617,1.0606962842228127
stream,1264,0.9062746522397355,18.065586911467136,1.0439798053306977
stream,1265,0.9077347191207965,17.441499360461993,1.1275581577274867
stream,1266,0.9090106993119497,17.37459854423418,1.0691525538383813
stream,1267,0.9098285412266629,15.455327939204585,0.9543695290569859
stream,1268,0.9108141919845187,13.60316966865751,0.9809993643893515
stream,1269,0.9117405470132111,13.803779795854318,0.921340358819875
stream,1270,0.9123128390031101,13.431508898000157,0.8898376719645821
stream,1271,0.9119726773733734,10.82643544233677,0.8936002946883599
stream,1272,0.9113744413154321,10.467534920132723,0.8672194291792217
stream,1273,0.9109221329562498,9.671706810306842,0.8636919803731696
stream,1274,0.9103597242244225,9.645473541382593,0.8222145831430063
stream,1275,0.9097548990801648,8.552795014131483,0.7226375828955899
stream,1276,0.9093909955391002,8.746323952365739,0.689152204084537
stream,1277,0.9097533472225658,8.80735516764573,0.6840417883454396
stream,1278,0.9102915223175154,8.845594610184426,0.6817787580979942
stream,1279,0.9102431573453404,10.772917535821858,0.7019357351889991
stream,1280,0.9115104468331583,10.539786221874316,0.6703583175347032
stream,1281,0.9124055206669295,8.925291510206561,0.5331299890830901
stream,1282,0.913754206437025,8.888651820326,0.4550549199207416
stream,1283,0.9151143404438435,12.894656446089027,0.6354333035164965
stream,1284,0.9158997118315698,12.289134480743527,0.724039541364526
stream,1285,0.9163605294893638,12.237467737076823,0.6688765747356823
stream,1286,0.9166341807917753,12.197227666724013,0.6690885152141772
stream,1287,0.9164906360623614,12.572433149069377,0.6748740398074161
stream,1288,0.9160421191935834,12.064197346752062,0.6653479305999815
stream,1289,0.9157032590687612,12.338466142705395,0.6737413454275635
stream,1290,0.9157013526630121,13.170270608795082,0.6801849440937854
stream,1291,0.9155406786300576,13.011795820992024,0.6428246477488755
stream,1292,0.9155149788462308,13.816486257829517,0.6566486121858203
stream,1293,0.9155658876071686,14.091565143867292,0.6679799763223567
stream,1294,0.9152445522447126,14.736873330662695,0.7276809455766553
stream,1295,0.9144684543502718,13.980689567559256,0.7375420563964166
stream,1296,0.9138405888661674,14.221037768856945,0.7442621520962066
stream,1297,0.9130404996078543,14.849626056348844,0.8066829933703448
stream,1298,0.9114842039538296,14.886778437420839,0.8029601219059708
stream,1299,0.9096386113892408,13.547635982746787,0.7833560889829718
stream,1300,0.9090015455936993,15.309719279072876,1.0714068799568586
stream,1301,0.9091368463386948,15.220980791644092,1.0306846449878977
stream,1302,0.9095072594605296,15.2280144519758,1.0306846653337174
stream,1303,0.9095757727096673,12.542908275776286,0.8847966533303266
stream,1304,0.9101954941915177,12.502195000827832,0.8269452297804508
stream,1305,0.9106567804488914,12.633007659655144,0.8090183286388342
stream,1306,0.9117727965600304,13.192052263155825,0.7911906417097871
stream,1307,0.9123083895923583,13.334406948432585,0.783356889039212
stream,1308,0.9127106825134953,13.527016135022818,0.7706775050254412
stream,1309,0.9129312533061466,13.145668402624542,0.7596396740426901
stream,1310,0.9138019530883172,14.32540473053243,0.8654429981638432
stream,1311,0.9152267981644363,19.859155847406974,0.8894786924948612
stream,1312,0.9161991278563792,19.196126701845643,1.1728958636039781
stream,1313,0.9158303934089771,21.467541384229524,1.2009328608563659
stream,1314,0.9150261333332871,21.25208093768449,1.1577543475560765
stream,1315,0.9142795780481792,21.28144755570969,1.148315552508586
stream,1316,0.9134061183285968,21.16764334960655,1.148501716432187
stream,1317,0.9123542575742557,20.449701259231926,1.08748110377388
stream,1318,0.9118796660634888,22.525040994798704,1.2140215247054194
stream,1319,0.9113805377272568,21.73136948360419,1.3235759773168267
stream,1320,0.9110236867617766,19.10967409960944,1.0706223575124638
stream,1321,0.9107953661753364,19.18037161444777,1.0748814625588092
stream,1322,0.9110115317964055,19.17674193937312,1.0822287706087965
stream,1323,0.9112863123363415,18.844047223291305,1.0899924309340898
stream,1324,0.910764707948095,20.390290015626967,1.0384285482956674
stream,1325,0.9103806678086874,19.272621992291313,1.0811886569171654
stream,1326,0.9097345361002845,18.727898329588637,1.087327366957787
stream,1327,0.9094236592890736,18.89001422678251,1.125514867989132
stream,1328,0.9088986927214909,18.88393746074272,1.1671229571969024
stream,1329,0.9085248787469394,19.197862645665555,1.1665806434796988
stream,1330,0.9085151856681113,18.18855425264564,1.1551729913154827
stream,1331,0.9087917962070439,13.055637955727693,1.1218510143730467
stream,1332,0.9077513979905093,13.741479107424865,0.9401330847097076
stream,1333,0.9063741020729953,11.305861106629308,0.9655662645850029
stream,1334,0.9057922256238085,10.833389818220189,0.9406549108686542
stream,1335,0.9053969735464534,11.71612081933544,0.9613976265479207
stream,1336,0.904633281967671,13.286533552267267,1.151329328667968
stream,1337,0.9028023385228529,14.691760442881455,1.3898111010447953
stream,1338,0.9008960359769451,13.832573301528024,1.263950113975006
stream,1339,0.899144192636372,13.854053862205893,1.239430231678922
stream,1340,0.8982384658458449,14.385454442710259,1.254764734499273
stream,1341,0.8969881242908606,14.201317067947782,1.2460464438699475
stream,1342,0.8959233853067975,14.440090124286481,1.25155127342365
stream,1343,0.8946305074396759,13.732041192845932,1.2437876102981598
stream,1344,0.8936652152481314,12.620172838162624,1.3005066842486248
stream,1345,0.8945292006403125,17.863927819194576,1.2949931719464447
stream,1346,0.8958150900383144,18.42861993321204,1.3713299740841345
stream,1347,0.8966218171027747,18.668950955623313,1.4290624401689906
stream,1348,0.8985902481717982,19.572134914781508,1.515387980094391
stream,1349,0.9004967675374348,19.274340176616754,1.5464779046983448
stream,1350,0.9025352286098903,18.10493292104821,1.4460888434017292
stream,1351,0.9036417574934403,17.486574802204427,1.4468938993517295
stream,1352,0.9045148442682829,16.590979682138975,1.3310604534922015
stream,1353,0.9056352696813404,17.685540229127174,1.3299533207436298
stream,1354,0.9063916335786624,17.706628849356665,1.3749831094499938
stream,1355,0.9066452936784165,16.794729634549245,1.3360385639983134
stream,1356,0.9066252263972853,15.08624091004776,1.1301505700993153
stream,1357,0.906537294144719,14.72602221892755,0.9102317851576683
stream,1358,0.9066578080496533,13.436158203118724,1.009987159762858
stream,1359,0.9063334230373772,15.873948165440666,1.1299120253981139
stream,1360,0.9059506995126174,14.787478608103811,1.218612004888305
stream,1361,0.9053123163315999,15.15441152858441,1.1881819842288894
stream,1362,0.9049755963543766,17.15173804850408,1.3069478662353418
stream,1363,0.9056203392401528,16.878968984831264,1.3388419888325156
stream,1364,0.9061983684895549,16.824855219030344,1.3005735783565116
stream,1365,0.9074075248948275,11.467196949363434,1.2172794830251616
stream,1366,0.9091560507524888,10.941689135281726,1.1275630725829227
stream,1367,0.9102348374908467,10.518141950230703,1.050816973588763
stream,1368,0.9118007706752809,10.12826315733864,1.0049667557098556
stream,1369,0.9139801957285275,10.193145942674052,1.0310475844582025
stream,1370,0.9160880479981108,10.222855122317839,1.0446965062451503
stream,1371,0.9181356674367903,10.59197643215555,1.0627778156714676
stream,1372,0.9194974363890628,11.50785372244111,1.0662880648519029
stream,1373,0.9205819349093884,10.476927030052403,1.0117053820480237
stream,1374,0.9220083598694079,10.454837497935877,0.9764248228711434
stream,1375,0.9232654510184688,10.454979382076258,0.9756022009543491
stream,1376,0.9241134828238223,10.396400992851758,0.9779296452274532
stream,1377,0.924616755711314,9.456412291255912,0.9572984674022318
stream,1378,0.9252103605595647,9.05494310516814,0.864404445350956
stream,1379,0.9255533346120136,6.625788783233734,0.6589353972180333
stream,1380,0.9258700476470353,6.577640971160057,0.518978274046507
stream,1381,0.9258603008840935,6.977271455853925,0.5350001348044652
stream,1382,0.9252458524357869,5.257745390267884,0.3934000540267159
stream,1383,0.9242415373209039,6.468373765110117,0.33241074594975795
stream,1384,0.9234899849091637,7.8795558328991415,0.5298048649334167
stream,1385,0.9227191459025763,8.220888191532248,0.6603095003773553
stream,1386,0.9225079720241941,8.980430500446904,0.7419313233497166
stream,1387,0.9220250337084546,9.252335278405978,0.8173295330773361
stream,1388,0.9216221229233397,8.537812553846786,0.767542053569036
stream,1389,0.9222588838811746,10.905298748478213,0.7750924234330422
stream,1390,0.9221722849674667,11.666303789454814,0.9849796454151698
stream,1391,0.9221532068085784,11.444055344044548,1.0196907276577791
stream,1392,0.922045181495403,10.747409132581206,1.0161632885052665
stream,1393,0.9222688254482088,10.620133069844137,1.0103960939798209
stream,1394,0.9227815001074968,10.731066074422458,0.9989020342752435
stream,1395,0.9229557304968643,10.77721400103352,1.0065863985300112
stream,1396,0.9231217631289554,11.422427998209841,1.019600057960853
stream,1397,0.9234205561284069,11.467212717695329,1.0812713867046189
stream,1398,0.923516641803528,11.485805417645631,1.075310446338679
stream,1399,0.9235495978080929,12.09273621285814,1.1042877714161976
stream,1400,0.9229000707915921,13.492599851014361,1.1094565926028825
stream,1401,0.9228253476476472,13.927060015933673,1.2663267236168851
stream,1402,0.9222121959335912,14.042259234960449,1.3998071507765204
stream,1403,0.9211026746918672,12.830333953675547,1.405412581166261
stream,1404,0.9191162331915647,12.254692401811432,1.2215155303201062
stream,1405,0.9164029842048205,11.9154904181437,1.1265698198791159
stream,1406,0.9141993591240385,11.99109863322799,1.0851408434591745
stream,1407,0.9122882568387093,11.690962641788778,1.0971851894797164
stream,1408,0.9106300625594604,13.6800711899001,1.083336718178241
stream,1409,0.9094689622121356,11.268956938361734,1.0579035636426002
stream,1410,0.9104461050195057,13.672320902441884,0.9187869579877787
stream,1411,0.9105299277220542,13.547816822638753,0.9854778678990722
stream,1412,0.9108413746842072,13.413138733879372,0.9868825346751259
stream,1413,0.9107410524646945,13.956831862869285,0.9914321763095483
stream,1414,0.9116301780054629,15.46036127887985,1.1368943267535736
stream,1415,0.912270563192852,17.137870607805247,1.357347983383835
stream,1416,0.9123798980750853,16.40204209720069,1.3842587020990413
stream,1417,0.912418650732202,16.204077888847046,1.323372853654391
stream,1418,0.9126005855227828,16.271591233055638,1.322666079307355
stream,1419,0.9137419710672682,18.958338696118695,1.3738304642370287
stream,1420,0.915186738740775,17.994716269277696,1.413448521627929
stream,1421,0.9160675977850447,17.074440984775904,1.2081408673565568
stream,1422,0.9163445861308308,16.47805459393264,1.0963628794090166
stream,1423,0.9167803828238102,16.494725208265763,1.0874774738534203
stream,1424,0.9170133733734271,15.334707562349468,1.0610776233645944
stream,1425,0.916953166216492,15.428776355570328,1.0120943062379617
stream,1426,0.9163254066285681,16.554497650005697,1.0776489696080336
stream,1427,0.9152742767965446,16.230769484640035,1.0629372686964185
stream,1428,0.9143585046956041,14.7451789188845,1.0432930357373205
stream,1429,0.9139552381979623,15.468962506142427,1.1149221149003163
stream,1430,0.9135572690863402,12.290180530166356,1.0602454437850015
stream,1431,0.912086533284118,13.785818315101402,0.9693132744324119
stream,1432,0.9111684364387522,17.21383155076804,1.317564057851609
stream,1433,0.9106889310721327,16.73316224307147,1.5130849498117451
stream,1434,0.9095601047532584,15.209072563847672,1.3684455126608719
stream,1435,0.9069994239457048,14.431074598308202,1.1564129778013383
stream,1436,0.9052143397861416,14.739000607839282,1.1856399002953468
stream,1437,0.9043612471817408,15.19496488718793,1.2509353584277174
stream,1438,0.9039760966312979,17.417700350415128,1.4394723457333451
stream,1439,0.9045723127289272,14.287858590491398,1.496510578150484
stream,1440,0.9050020562286325,14.641653623430193,1.459410558362991
stream,1441,0.9060281872454301,15.326448402945108,1.5842676166187266
stream,1442,0.9068797799342238,15.365135532100657,1.61482488286115
stream,1443,0.9080171377038502,16.846392817239458,1.6817217042481984
stream,1444,0.907361257993173,21.61694399506793,2.079694345981439
stream,1445,0.9065605543513617,21.55062464599131,2.2286377889310067
stream,1446,0.9063787564894303,22.564099849735552,2.25632780973718
stream,1447,0.9065322937353094,22.667491046195895,2.35233540775121
stream,1448,0.906845567256726,22.77012969552865,2.4161041036344466
stream,1449,0.9063879511853253,22.92401746206629,2.434243384647422
stream,1450,0.906499505933833,22.911257740622588,2.4389909286136415
stream,1451,0.9065232565900964,21.712006421523252,2.425104535516898
stream,1452,0.9064772409237438,19.763988123719102,2.187905891370145
stream,1453,0.9062176438621672,19.71362418037575,2.0196412578660117
stream,1454,0.9061689056634317,19.638075001121436,2.0199105647329096
stream,1455,0.90572407639285,19.053704311126094,2.0113719985006773
stream,1456,0.9057181801131297,18.978656438060174,1.9882610730755954
stream,1457,0.9054490078787457,18.5291229201181,1.9370209298189573
stream,1458,0.9052547411955985,16.720729776718926,1.761256570897147
stream,1459,0.9054460376465501,16.5237122633789,1.648081410926099
stream,1460,0.9058166087517447,15.733978348295068,1.6405864373289878
stream,1461,0.9059223430529745,14.674633994161379,1.518424128493644
stream,1462,0.9057043619904777,16.371162105768413,1.5441080364313942
stream,1463,0.9056566048681782,14.886862031229121,1.5536354244022899
stream,1464,0.9058447152932065,10.146321254623748,1.1487683469984746
stream,1465,0.9059963176995299,10.457419138075899,1.0297888218905409
stream,1466,0.90639539633705,7.43981150811166,0.9021841859098026
stream,1467,0.9065830237779984,9.520920683534843,0.7771376502464833
stream,1468,0.9078065125588136,9.061498516343727,0.7802581560613001
stream,1469,0.9092664351129284,8.052037301197316,0.6574193433103159
stream,1470,0.9107242366317397,10.812507527945844,0.7169014144587756
stream,1471,0.9114554914581424,10.776116145896234,0.8784799536776837
stream,1472,0.9106503235465772,9.978463473019715,0.7741933604100383
stream,1473,0.9089208157548501,9.948053377182429,0.7955658085763533
stream,1474,0.9062460300370202,10.04578907479484,0.7945855776608152
stream,1475,0.9026904461633706,11.504913143516577,0.8044379124416309
stream,1476,0.8986020304206256,11.252598937144555,0.8011867041630386
stream,1477,0.8951335089762903,11.947430695406943,0.7940159444571275
stream,1478,0.8923625107453038,11.45354492827151,0.8010785853821489
stream,1479,0.888178639717917,11.561807751591706,0.7897830292384856
stream,1480,0.8846616720164108,11.668012240313262,0.8126286885802639
stream,1481,0.8833949353000902,11.782462195723634,0.8115653160019257
stream,1482,0.8817356956466247,10.03720283897177,0.7430156881789804
stream,1483,0.8819322625907109,11.424563971445798,0.7085602052323865
stream,1484,0.8824842875955461,11.38425819508369,0.7369977052524566
stream,1485,0.8824937889267993,11.59045918259061,0.7560171045374557
stream,1486,0.8834669453365123,11.614428807010801,0.7705466664651882
stream,1487,0.8846912560892707,9.81095831998771,0.7126864456143321
stream,1488,0.8850544931978406,9.846970746889037,0.6993432129235072
stream,1489,0.8846146762791924,9.948431168020615,0.6929296487771534
stream,1490,0.881842175528402,7.69201190679726,0.6064673593662442
stream,1491,0.8805510761123532,7.568007433696652,0.4638118425156527
stream,1492,0.8804245761194661,6.770775272779522,0.46548091720136875
stream,1493,0.8795774687374245,6.733704558572417,0.4136216828801233
stream,1494,0.8794239124896152,6.648230640877252,0.4140698533985441
stream,1495,0.8801845270659083,4.8952688420355654,0.40060324137881004
stream,1496,0.8806568425423789,5.077150539631295,0.38082878298672646
stream,1497,0.879364845512925,4.920702850826946,0.3754301005896221
stream,1498,0.8792828753721128,5.667782911222425,0.4404340219939365
stream,1499,0.8786549101782583,5.639011619646799,0.4850568603515242
stream,1500,0.8783628270826358,6.829108489191632,0.5096509439212012
stream,1501,0.8791589789611763,8.199702622194353,0.508825453211972
stream,1502,0.8795372368414465,8.17972530602988,0.5411870719376783
stream,1503,0.8792754994445545,7.603630510555696,0.5355508445164299
stream,1504,0.8790340212778013,7.510457106200137,0.5281695423004535
stream,1505,0.8788359818011177,7.122390507530439,0.4867531441593868
stream,1506,0.8790951812659832,7.55125577118479,0.4981951748119213
stream,1507,0.8800684180310843,8.195191420920318,0.49851540887168794
stream,1508,0.8812904913654138,8.018882508191954,0.4743060733515078
stream,1509,0.8825008348972092,8.061395266034888,0.4748504236824641
stream,1510,0.883558458627087,7.558507788642881,0.4716516829351143
stream,1511,0.884559212733088,8.085067151531815,0.4623850147444737
stream,1512,0.8852248380074029,8.301384771377096,0.45783455538060536
stream,1513,0.8856826166492636,8.295873789509374,0.4591229778771395
stream,1514,0.8856160036141126,8.42202794607507,0.46945664310741203
stream,1515,0.8855156956016532,8.362014348996755,0.47483083417669675
stream,1516,0.8852161197203225,8.244241615303102,0.44525279784572686
stream,1517,0.8860219919675966,9.293460335530668,0.5498209203776305
stream,1518,0.8866396511731409,9.634899305242982,0.6422623468966122
stream,1519,0.8867425369226316,10.907287760177256,0.5850915915266441
stream,1520,0.8868854642819127,11.730088085720494,0.538155736887726
stream,1521,0.8866607649796744,10.279311444073182,0.6711550736745285
stream,1522,0.8869233669592821,11.051768299494878,0.645393172633587
stream,1523,0.8875052355873239,11.397948037579653,0.6098128905685967
stream,1524,0.8868758164201637,15.90947434532427,0.9591231798174216
stream,1525,0.8853919267704172,15.822738450194036,1.0884457059650297
stream,1526,0.8831641559293794,15.3725148700378,1.060077196065989
stream,1527,0.8803144692210597,14.201656326580759,1.0593546086950847
stream,1528,0.8780800118210614,14.38651476732405,1.0303286640441376
stream,1529,0.8760663120217845,14.243896242573504,1.0415605048335514
stream,1530,0.8756617464955132,15.661430368618758,1.099185772225952
stream,1531,0.8760441246820512,14.99047254583418,1.1052112949539805
stream,1532,0.8752508503216376,16.651593157089884,1.167307813136698
stream,1533,0.8760778604387064,17.17910153145253,1.172546771451324
stream,1534,0.877783058591927,17.041644508261403,1.1927541396738528
stream,1535,0.8795787013974561,17.075778181348795,1.184622154692902
stream,1536,0.8821503991094762,17.76493042889479,1.2292476256875267
stream,1537,0.8861001472797417,17.116681192268594,1.1248921719420204
stream,1538,0.8904351948051731,16.478036496044627,0.946245689845891
stream,1539,0.8941519286552639,15.164074361965776,0.9661980807122236
stream,1540,0.8963635415102763,12.970828590385185,0.9684131734514398
stream,1541,0.8970275259553973,13.779021704495515,0.8591332527447351
stream,1542,0.8970608899748249,15.591218058774142,0.8604688904266762
stream,1543,0.8966174200595035,15.06837215995227,1.0805160034382688
stream,1544,0.8956767094505091,10.8558951775149,0.7101495162366386
stream,1545,0.8938947006406275,10.838455139484022,0.5763948061623537
stream,1546,0.8927288852603614,13.244269706573341,0.6666619354278402
stream,1547,0.8909194462157466,13.558825354580522,0.8279493299363833
stream,1548,0.8886913884709791,13.476675120231915,0.8227425477396186
stream,1549,0.8878561717912737,16.806386488746014,0.9422675750519182
stream,1550,0.8879262941821796,16.65476506142264,0.9014116342987477
stream,1551,0.8878694335940862,16.665304264459316,0.9537572590145834
stream,1552,0.8865922772797218,15.335161274356837,0.899000324362313
stream,1553,0.8875576241878294,16.99799878063481,1.056081595105666
stream,1554,0.8866600676873257,17.32299034147893,1.18755713995744
stream,1555,0.8853036712516713,17.287794631824738,1.200990971303165
stream,1556,0.8846614375601235,16.55267132867144,1.1563683644141654
stream,1557,0.8856184840766391,15.752614549169119,1.1538905326953528
stream,1558,0.8869189249063177,15.301536802306595,1.1545389078675818
stream,1559,0.8887061957552085,15.302020907281507,1.1352558652052964
stream,1560,0.8906686772985076,15.423156987288065,1.144585176428468
stream,1561,0.8913109559503364,14.618618885784649,1.1210576651984927
stream,1562,0.8920670401069893,12.083878461309817,1.1048076008188494
stream,1563,0.8922244240410695,11.427094968846143,0.8853095407991953
stream,1564,0.8920091960435976,11.346988162519368,0.891727359640059
stream,1565,0.8914126745076899,11.360041338878816,0.9043090230617319
stream,1566,0.8906767718819062,8.962979750305472,0.8218163503330045
stream,1567,0.8892855999940842,9.431048768896785,0.6852839573723264
stream,1568,0.8878782803141366,9.313484496084202,0.7036404873482388
stream,1569,0.8868134415330642,6.602755074025115,0.5895067570781339
stream,1570,0.8856724286631402,5.585618264012869,0.6359461593150173
stream,1571,0.8847078171522709,5.881210953127987,0.5520547238338394
stream,1572,0.8839908149760188,5.394122305635973,0.557642020224982
stream,1573,0.8835452599504383,3.314648329794189,0.4024962473310271
stream,1574,0.8837772505133098,6.0259430334927035,0.3383747565985687
stream,1575,0.8839878108924999,10.913908467723878,0.8482914743102056
stream,1576,0.8847134289469226,11.224131339603657,1.167083680677366
stream,1577,0.8858937628265633,11.266116944701038,1.167124609339188
stream,1578,0.8871300419450869,11.445393136728756,1.1661721928367281
stream,1579,0.8883346731983474,12.077567852761232,1.1806366971654159
stream,1580,0.8895438705533033,12.333238411019327,1.1680497852824712
stream,1581,0.8901736775315947,12.858499926129136,1.2511631027928567
stream,1582,0.8905648417518296,13.506025394720327,1.2490380931834317
stream,1583,0.8904958409588111,13.668120924768726,1.2527383188646395
stream,1584,0.8896829373949351,14.863859594951661,1.2655024998688942
stream,1585,0.8887761280544227,15.464744495100026,1.4227155476191526
stream,1586,0.887899978751394,15.446209925167766,1.4312333487032738
stream,1587,0.8873945223211668,17.157425498201683,1.5056587054151154
stream,1588,0.886636891971164,17.83686022311964,1.6647863760467319
stream,1589,0.8862474588686275,17.468811072686314,1.7253430047672977
stream,1590,0.8863732159956857,17.524705126961962,1.6838710663398184
stream,1591,0.8865711560696583,17.856286389092702,1.7566846184935294
stream,1592,0.8865976514671541,18.34632160526822,1.7383880747265863
stream,1593,0.8858641084341115,19.785516505226205,1.8548708566976972
stream,1594,0.8847144052671314,16.738256006661672,1.8224967516222152
stream,1595,0.8833475358968326,12.176994740720115,1.3342985534698344
stream,1596,0.8812123096168748,13.655585418633203,1.1682065982324845
stream,1597,0.8790171202534209,15.984879167634254,1.4723500552794144
stream,1598,0.8768631795638809,15.799773618093553,1.5452879639410335
stream,1599,0.8744412332993583,15.443043797550121,1.5409420236253728
stream,1600,0.8722729602151854,15.82448477010812,1.625481828870817
stream,1601,0.8714642025237572,16.031019281216768,1.6372705781160788
stream,1602,0.8707524919288278,15.708750128829921,1.643382016441253
stream,1603,0.8696968486084158,15.970268873545193,1.6982020262738096
stream,1604,0.868048097243141,14.609293326569933,1.6805535675584418
stream,1605,0.867869652898391,15.39190616153201,1.5618788626580962
stream,1606,0.8675508596996818,16.21232002443147,1.7426728194643846
stream,1607,0.86839782561515,13.7396197594408,1.6692317502561993
stream,1608,0.8689280090450632,13.66120214985485,1.5156089113397728
stream,1609,0.8698779879991259,13.408897130123407,1.4562161029960832
stream,1610,0.8707035428258431,13.216713308664504,1.4463879088735783
stream,1611,0.8715888094695268,13.535753907469587,1.4342214879577948
stream,1612,0.8712519691438263,13.79025121492096,1.5762931361743677
stream,1613,0.8707064723161437,12.227316877237376,1.4802136697968293
stream,1614,0.8703819983891181,12.917197313013997,1.452543384504038
stream,1615,0.870424562816318,13.25205364184058,1.4158236815547258
stream,1616,0.8702878528537271,11.537834798394332,1.3089530994556053
stream,1617,0.8699493974530773,9.077697007369464,1.0253937292571182
stream,1618,0.868364110982038,10.982932677364035,1.032653490864877
stream,1619,0.8670820706884368,11.823331294708428,1.239212029964128
stream,1620,0.8667329592014552,12.524813798068477,1.1571490486642153
stream,1621,0.8655535910576425,12.376285441637974,1.190778167826544
stream,1622,0.8655702655618122,12.528404490359717,1.2724721252673832
stream,1623,0.8653198596300209,12.124532892800698,1.2159305955899353
stream,1624,0.8675691454396375,13.384151503966404,1.2474507240880435
stream,1625,0.8698871494255386,11.970702421413863,1.2241564980045245
stream,1626,0.8706933518816734,11.186789908201368,1.0277709887257747
stream,1627,0.871187003255289,11.166033814682576,0.9996894053596068
stream,1628,0.8698497995104293,13.000457481269077,1.049142282717692
stream,1629,0.8681258029458239,13.006613492126743,1.1448520770802197
stream,1630,0.8675309128236787,13.045472169020831,1.1326356564091578
stream,1631,0.8674181602273763,12.205582034793622,1.071197779751441
stream,1632,0.8680661414996274,11.799547106116837,0.9330042055937358
stream,1633,0.8681822944632401,12.350908303158967,0.952924027361975
stream,1634,0.8679013005572679,11.720932871808355,0.9293541646599465
stream,1635,0.8678545719078177,11.105296435403886,0.9421452245705035
stream,1636,0.8679136957872553,11.013473077086298,0.8963155550349873
stream,1637,0.8670326529636461,11.999059591860906,0.918761101701625
stream,1638,0.8661751861929239,10.257910812112245,0.8563659745986454
stream,1639,0.865423209399417,9.407936839792578,0.6390923224505427
stream,1640,0.8657068183775403,9.722368081541024,0.7731750420598771
stream,1641,0.8657042099147377,9.0996559108358,0.7064917483177815
stream,1642,0.8658513693226431,11.155723780818457,0.6851019815709778
stream,1643,0.8667557177147238,11.33002299242245,0.7301972961406475
stream,1644,0.8695102439679824,13.466830707583917,0.7483564674870156
stream,1645,0.8720389974761827,13.428424186328199,0.8658323759211988
stream,1646,0.8738231352026467,13.78418333066775,0.8658323468284344
stream,1647,0.8755080205328936,14.371223031859046,0.9351554554065703
stream,1648,0.8776039017880575,18.76983457522409,0.9880004214117442
stream,1649,0.8791544994042689,19.893197476882705,1.3646380666968494
stream,1650,0.880657254743799,20.020208334029522,1.368960167223273
stream,1651,0.8820929963988351,21.60194019544775,1.500856024600834
stream,1652,0.8833796762791443,21.245970129556927,1.5787352677983115
stream,1653,0.8845263851090063,21.969195684085143,1.5440974950476263
stream,1654,0.8858742335807062,22.484266312660374,1.5343908519372493
stream,1655,0.8871479752662047,23.156553575906095,1.5217258994273497
stream,1656,0.8879506940383683,23.574540893475767,1.5254098532827878
stream,1657,0.8885745287574911,24.384400303543146,1.6345268782838622
stream,1658,0.8887189728882525,24.44471009709646,1.6377805341615845
stream,1659,0.8888432914951865,24.24058511370541,1.6377805377380095
stream,1660,0.8893422963875565,24.166759673413907,1.5798808019786614
stream,1661,0.8898904382348971,25.207658333153166,1.5243474420099623
stream,1662,0.8898338941401791,24.062491161443592,1.661506163271417
stream,1663,0.8897823390061108,25.523645275277598,1.8223246211452162
stream,1664,0.8895878744961274,22.313418493333582,1.8041653762128675
stream,1665,0.889434450781531,22.45181278041068,1.6834562389096315
stream,1666,0.8890946759630447,22.125380946102933,1.6796269707428257
stream,1667,0.8883827033311786,21.540888407001706,1.609948165918469
stream,1668,0.8874873001688837,14.905854783370545,1.4855118943505385
stream,1669,0.8864269972632668,13.938552079601989,0.9958350802207818
stream,1670,0.8853113429018105,14.076853275257482,1.0370164661935026
stream,1671,0.8843495235799246,14.030217696386778,0.9168630920288067
stream,1672,0.8835590463744414,13.997203960754089,0.8906755702943817
stream,1673,0.8830034279167948,13.391559181444482,0.9118406959772247
stream,1674,0.88218115893897,13.936631919013607,1.0272204990653
stream,1675,0.8830114446199973,14.536629759903414,1.1932080303171215
stream,1676,0.8838599305949834,14.311951952652253,1.271357059231788
stream,1677,0.884973684296243,12.984867687235093,1.167554700073915
stream,1678,0.884706032822832,18.07974226500024,1.4250925546643716
stream,1679,0.8841766928179043,17.983830272438652,1.6148089542193829
stream,1680,0.883907224627,16.535817910354638,1.5400636196926216
stream,1681,0.8837324663911936,15.51009386239764,1.5443314623823838
stream,1682,0.8841910486315194,14.281234338296539,1.3577965221470107
stream,1683,0.8851531988499807,14.610478621015222,1.1823845513944184
stream,1684,0.8858820055722284,14.599743437396876,1.1716842009176864
stream,1685,0.8859312255821106,17.545385118416522,1.214227376464263
stream,1686,0.8855047904298116,19.784802020472153,1.6078856833075925
stream,1687,0.8848592744562865,19.991343567252066,1.6513125687062282
stream,1688,0.8834218083294875,19.787017161839234,1.6623588197916395
stream,1689,0.8813314596725619,19.777549264251878,1.6627091713409357
stream,1690,0.8801537652104714,19.817320538798484,1.61394669625986
stream,1691,0.8771462541414027,18.916278764926066,1.7014728769041219
stream,1692,0.8731569057152985,19.016956976008967,1.6787177731485317
stream,1693,0.8701567870455985,19.39599304195822,1.655792670414301
stream,1694,0.8678844994088295,18.312116364014326,1.6130500099804752
stream,1695,0.864891361690013,18.559803349215848,1.4992425800585019
stream,1696,0.8613790606643518,18.370317209734942,1.4860900415081473
stream,1697,0.8596303002065531,17.96519651906108,1.4380969073957306
stream,1698,0.8590337971407894,15.777981553842817,1.2189489643125695
stream,1699,0.8593281194431832,16.124365944414993,1.246506216804672
stream,1700,0.8582126142198016,16.6002605827909,1.243957594117068
stream,1701,0.8610207278175062,19.715713590967646,1.4544314644770777
stream,1702,0.861616245162279,19.88226839688444,1.6673594574461368
stream,1703,0.8627611452396592,17.93623254197939,1.6527380318880414
stream,1704,0.8639445402040117,17.96994599399861,1.6506177366714134
stream,1705,0.865194711499792,15.021461074499017,1.599555084368026
stream,1706,0.8651013473021804,13.947284899219571,1.2834899815777072
stream,1707,0.8651014954191605,14.327059677101111,1.3614967133071232
stream,1708,0.8660161990966825,15.512620692266573,1.3527486082603226
stream,1709,0.8654301538601953,15.359830209868377,1.4036554570039852
stream,1710,0.8644478586664864,14.980317643432288,1.4069144316104147
stream,1711,0.8633583226285828,14.685638745649058,1.3305001086389263
stream,1712,0.8625425247519528,14.904409362871888,1.356067522895975
stream,1713,0.8622347880748078,15.450241427074259,1.4578571516138532
stream,1714,0.8615149043797216,15.475963827789267,1.4344066047899506
stream,1715,0.8605155781561669,14.411986990743245,1.4249050192920567
stream,1716,0.8594508841854438,14.500377531057508,1.3809868238569243
stream,1717,0.8585554136554604,14.847300926234935,1.4173082456805977
stream,1718,0.8576410153369249,12.39402969845693,1.429623326777085
stream,1719,0.8570102851767214,12.065246770681732,1.2613895278203864
stream,1720,0.8567857059433492,12.445101812921525,1.2954590046478045
stream,1721,0.8569209344120454,9.37466793710694,1.1381260898414078
stream,1722,0.8566539653024506,9.286345517111988,0.9215964218913859
stream,1723,0.856542985674351,9.320315983695947,0.9345649591520437
stream,1724,0.8562198495626039,9.162169690649506,0.9268737622052372
stream,1725,0.8559514961711246,9.39705494157904,0.9081161620545081
stream,1726,0.8554352196715838,9.244203051868437,0.9156442131697684
stream,1727,0.855254302071429,9.444958066754488,0.7920822604694339
stream,1728,0.85498885736296,8.332448587171905,0.7908142377707154
stream,1729,0.8552389536122923,9.015318724597666,0.7815847385330872
stream,1730,0.8538149022492826,9.7551147758875,0.7773498808972773
stream,1731,0.8520792906213974,9.4898788815051,0.828099892368868
stream,1732,0.8485019949210031,9.291444737471894,0.7868505633684864
stream,1733,0.8444162804420757,7.753786222653457,0.6910601393801172
stream,1734,0.8419745526778772,8.353453891867597,0.6510534548232717
stream,1735,0.8405809940957236,9.163280212856055,0.6109550587403987
stream,1736,0.840650275395892,9.058662012387904,0.6397989787796985
stream,1737,0.8415931713148017,8.592619770565674,0.6035407507656868
stream,1738,0.8432789918598718,7.9184171554349945,0.531493062119789
stream,1739,0.8456988277451014,9.283239410438078,0.5406012030108662
stream,1740,0.8476330723486528,8.336473328162613,0.5174035596561042
stream,1741,0.8490514812114611,8.703817907191421,0.49372414315090707
stream,1742,0.8492922936046722,9.02864732195238,0.5592757000870003
stream,1743,0.8491693672628469,9.00008030635595,0.5691155405092823
stream,1744,0.850289740783344,9.358749364944023,0.5850112885415453
stream,1745,0.8516031079602325,9.752784351520773,0.5881484941205032
stream,1746,0.8525125007391249,8.673132247472406,0.5257144656279957
stream,1747,0.8533645798294319,7.899207865094558,0.5257306345322011
stream,1748,0.8534812560521867,8.522182514601948,0.536396764807907
stream,1749,0.8535267663940942,8.08526132218017,0.5772933615402758
stream,1750,0.8535989914339599,7.267820059873609,0.5794768677935667
stream,1751,0.853869906729288,10.824607870555528,0.6314936601530174
stream,1752,0.8540931079608538,14.478136803464576,0.6147405037257041
stream,1753,0.8548251691339356,15.768672398428546,0.9465245470639276
stream,1754,0.8553633204118182,15.456998134053777,1.03342231826996
stream,1755,0.8562399476795878,14.398904189038928,1.0307546162832875
stream,1756,0.8572457773525183,14.84155956306883,1.00473313914066
stream,1757,0.8579725305550406,15.684484742448081,1.1027266431627
stream,1758,0.8590543743552475,16.07694216006137,1.1921133411976657
stream,1759,0.8609186144839563,14.911587023144886,1.187970123163874
stream,1760,0.8627495980660081,16.306957533396297,1.1989133674545576
stream,1761,0.8650821002085116,16.013706924079436,1.1748431555521925
stream,1762,0.867524141699304,17.9643219676109,1.1442420015739596
stream,1763,0.8701127416720214,18.098957177477672,1.1470582852943385
stream,1764,0.8727377113169744,17.728474279952216,1.1182386678232152
stream,1765,0.874954191947183,17.411168764392162,1.1390472180498306
stream,1766,0.876944551584911,17.48559025043632,1.1241090007567907
stream,1767,0.878836322756749,17.839882439960554,1.1625035281815603
stream,1768,0.8806129361831404,17.49438043339726,1.1491328412887973
stream,1769,0.8823847313504277,17.643309253993927,1.0666752895338651
stream,1770,0.8842530078962995,17.763002844122905,1.064602639725627
stream,1771,0.8860184340716921,14.232518291292164,0.9397722404287364
stream,1772,0.8876035583826971,11.834367152193753,0.9599419393270202
stream,1773,0.8888602385183129,12.101184472522267,0.7993774901619392
stream,1774,0.8899782738417726,12.178518586380333,0.7169598047496146
stream,1775,0.8909684757311565,12.07352629290366,0.7672510632532724
stream,1776,0.8918668618567762,12.068296065601766,0.7407092407966994
stream,1777,0.8928559609593706,11.318904373401612,0.6630744925805488
stream,1778,0.8935317812493384,11.133998671567674,0.5741674767911864
stream,1779,0.8941243317239601,11.095254469704113,0.5565664374112947
stream,1780,0.8947212918517826,9.893001028685449,0.5372111954353963
stream,1781,0.8951735676263073,10.50905426385096,0.5213472361593678
stream,1782,0.8961630484104751,10.57221709268574,0.4948592626820695
stream,1783,0.8975945392711115,10.988260851781734,0.4692345702668576
stream,1784,0.8993019802607305,13.088689390129874,0.49378059538177277
stream,1785,0.9008073606666583,12.650327157564139,0.5435344435423654
stream,1786,0.902344292285979,12.640754180043333,0.5435344428297326
stream,1787,0.9043250846244013,13.405061145210123,0.5369989024601276
stream,1788,0.9057000150770881,13.501338402472026,0.6357959816795329
stream,1789,0.9071071491919881,13.310232832990312,0.6374593261024124
stream,1790,0.908395467883019,13.408553883691797,0.6777755129974667
stream,1791,0.9091773596583895,13.185250805920392,0.6823034469347224
stream,1792,0.9095191059040959,12.339771945200601,0.6713716270829619
stream,1793,0.9093162729211567,10.734412678547594,0.49513907677452823
stream,1794,0.9084316097953792,14.53847381290322,0.5850476721584627
stream,1795,0.907428065350286,16.929624939715797,0.5485148060396545
stream,1796,0.9053632751047284,16.5187449482386,0.6736467781089217
stream,1797,0.9039529136900898,23.966740546554366,0.9318188822766594
stream,1798,0.9031665610361612,26.221825911381103,0.993986893792105
stream,1799,0.903131795506497,28.52799312128301,0.9586178886196032
