segment,end_index,PW_WTC,E_CCDC,CD2_P
stream,0,,,
stream,1,,,
stream,2,,,
stream,3,,,
stream,4,,,
stream,5,,,
stream,6,,,
stream,7,,,
stream,8,,,
stream,9,,,
stream,10,,,
stream,11,,,
stream,12,,,
stream,13,,,
stream,14,,,
stream,15,,,
stream,16,,,
stream,17,,,
stream,18,,,
stream,19,,,
stream,20,,15.960559834288707,
stream,21,,16.123753837120038,1.117715367818857
stream,22,,15.5118322921558,1.1494603771535516
stream,23,,15.686965434364843,1.2146381307924203
stream,24,,15.899941857932104,1.296218302268261
stream,25,,15.848989439291811,1.3205108419502294
stream,26,,15.066103829899838,1.4058753845743566
stream,27,,14.461763431499762,1.4619556749184934
stream,28,,15.776566234123042,1.512788861107163
stream,29,,16.160193718162592,1.4947018139308557
stream,30,,13.867294198273376,1.4742550608954068
stream,31,,16.004643066653216,1.4151499957077986
stream,32,,17.913938030250137,1.4152487180042608
stream,33,,18.595343864934257,1.3440818349217132
stream,34,,18.944933807800027,1.345476880662446
stream,35,,15.433316103733343,1.1506664609725297
stream,36,,15.460572028691317,1.0891022189617503
stream,37,,16.417577942384625,1.112910153897494
stream,38,,19.426302607437414,1.0288719143058394
stream,39,,19.352182373792672,0.9746418021022767
stream,40,,19.93307875345304,1.0182111811735213
stream,41,,20.941947015297966,1.0155251093096254
stream,42,,21.017192078135082,1.0908220723589201
stream,43,,19.757469508986418,1.0170678000286169
stream,44,,19.614299873422638,0.911203437595609
stream,45,,19.173046362827005,0.8675359581362653
stream,46,,20.181708026628897,0.8232494453744383
stream,47,,21.746562540089457,0.7608415479974653
stream,48,,20.325886384052737,0.6584974909191877
stream,49,,19.810707357620725,0.6514426373906902
stream,50,,20.600921746769156,0.669922267164717
stream,51,,19.024670772240214,0.5830498113035006
stream,52,,18.126987641944105,0.58371456677217
stream,53,,21.11948083705649,0.6314785288330262
stream,54,,25.266364937738523,0.630291745722479
stream,55,,24.85617785860022,0.7308068694678325
stream,56,,28.59877363296678,0.8246321625695145
stream,57,,32.63363934249206,0.7991135137167081
stream,58,,32.65174255373754,0.7794033419114196
stream,59,,34.95747171853538,0.7154715364619205
stream,60,,35.27256675826499,0.6667613316990165
stream,61,,33.95068237658042,0.684775675940424
stream,62,,34.56732281407721,0.6063396117637573
stream,63,,35.30200083577404,0.7319947565199021
stream,64,,36.18689375875393,0.863053117542316
stream,65,,36.21922768089731,0.8838464870459863
stream,66,,34.84340737128341,0.8515086914922918
stream,67,,33.215386500028586,0.8862661962277232
stream,68,,33.56730801948621,0.8828414313019607
stream,69,,33.967273315732385,0.8735563694648835
stream,70,,34.57916754743205,0.8411189493699469
stream,71,,33.7268998145265,0.886786868517414
stream,72,,32.5526002080195,0.8861283377461515
stream,73,,28.203510005810728,0.8493038270826184
stream,74,,24.422442831510377,0.8822345841253533
stream,75,,25.315157345617997,0.6889983563697204
stream,76,,22.872631269373517,0.7085789741418458
stream,77,,17.677183172316546,0.7261580900176483
stream,78,,13.584793785595355,0.7427266146348803
stream,79,,12.597155264470151,0.830519208886328
stream,80,,13.419772769783354,0.811748713892784
stream,81,,14.564048911660693,0.9730494513142132
stream,82,,13.735926850631776,0.9769971848166975
stream,83,,12.96814013784368,0.8524602730092152
stream,84,,13.315400135301378,0.7371471266734718
stream,85,,13.268343692257211,0.7472468063605198
stream,86,,12.88418852087869,0.7290760462118437
stream,87,,18.53046162684898,0.8971520753429274
stream,88,,18.243461347000565,0.9956769044053609
stream,89,,18.430783862748243,0.993241132239617
stream,90,,17.51358496891581,0.9802338240772888
stream,91,,17.61894463306991,0.9411070743450828
stream,92,,17.66000313732815,0.9490803023790237
stream,93,,17.532125948092006,0.9472851502120501
stream,94,,17.006463082625142,0.924811144093408
stream,95,,17.031829362118685,0.9209552437344061
stream,96,,16.188755253793104,0.7722447374971775
stream,97,,16.172066528824132,0.7601051280375513
stream,98,,18.16752530086731,0.7807128457160412
stream,99,,16.37343142215947,0.760459084049503
stream,100,,17.060132620010613,0.8279397333236883
stream,101,,16.197900828591894,0.6673243599899662
stream,102,,16.606471604451507,0.6326228651161947
stream,103,,16.72845587149393,0.6334806440987948
stream,104,,15.984743578494236,0.6066115352259674
stream,105,,16.050647649372674,0.5792323377948548
stream,106,,18.551879665806613,0.6597944996935429
stream,107,,12.921048565867526,0.5969485970942711
stream,108,,13.602049994819577,0.5045619572674904
stream,109,,13.592914260638153,0.5055875129392443
stream,110,,15.633688206746598,0.52196653982178
stream,111,,17.371776169959457,0.5163560313530323
stream,112,,17.611397899501632,0.5294106970942689
stream,113,,17.515314992408886,0.5362679255325306
stream,114,,18.045518310403875,0.564539016442482
stream,115,,20.368863686189552,0.5888812563327556
stream,116,,19.81787702450852,0.6843119581099704
stream,117,,19.79260771095109,0.6829215501307891
stream,118,,17.985254780308413,0.643314147147075
stream,119,,18.02766888558918,0.5906480497429287
stream,120,,15.742525883398946,0.547078719991482
stream,121,,15.681609493822373,0.5484378563523046
stream,122,,18.829468294339566,0.753297058600257
stream,123,,19.978431047791375,0.7648960098591817
stream,124,,19.827113077415454,0.7705803248373413
stream,125,,19.82418605587135,0.7728381726816258
stream,126,,27.24049896148022,1.055676392457947
stream,127,,27.322329059425584,1.1795019898895054
stream,128,,26.382172841203328,1.1626427929176066
stream,129,,26.49829323745059,1.1723954635359508
stream,130,,26.82859464438464,1.1829815338766783
stream,131,,25.054421656407875,1.2483097303975752
stream,132,,32.76217860802728,1.4686545329901604
stream,133,,34.80089818042513,1.5147345912884127
stream,134,,40.15686850855068,1.5392448857231371
stream,135,,37.09452486272262,1.8327700137938412
stream,136,,37.09327295161443,1.7473971020747343
stream,137,,39.395559724232626,1.8155079291013245
stream,138,,40.906917114208994,1.8163015817360906
stream,139,,41.070624280487635,1.8143896977582843
stream,140,,41.140609964355534,1.7900477287251801
stream,141,,40.95910244365836,1.76400139810764
stream,142,,37.67825140109107,1.5638144691266882
stream,143,,36.556274413845465,1.5506424231055917
stream,144,,36.38651372534553,1.577911939890103
stream,145,,37.00171485141945,1.6407648008910547
stream,146,,27.325333546678024,1.2779288773073367
stream,147,,28.597793417432317,1.0321268018677534
stream,148,,28.639341476307397,1.1194463800266683
stream,149,,28.199152558948384,1.1088674495602495
stream,150,,30.26947858417988,1.1600262039150833
stream,151,,30.42468913610203,1.330977320639927
stream,152,,22.534374676516858,1.1041455836671927
stream,153,,21.94337951143585,1.066787893438271
stream,154,,15.74823108053767,1.163545365245586
stream,155,,15.587932701095474,0.872064703782958
stream,156,,15.858284950613303,0.8665134548000417
stream,157,,13.608654556511237,0.7933624660447842
stream,158,,12.510632180454621,0.7986949478981481
stream,159,,12.331612843728816,0.7945985452523144
stream,160,,12.549265761844989,0.8044351016627012
stream,161,,12.51391023108747,0.8291223595700861
stream,162,,13.479531080159887,0.8583886511275326
stream,163,,13.648866039626856,0.9804796384513892
stream,164,,13.4309312086982,0.9591626019602685
stream,165,,12.75914506490544,0.8850601717895701
stream,166,,12.714943917840273,0.8957353726575958
stream,167,,11.493591327087888,0.9166674317747052
stream,168,,11.427119496479131,0.8298739385927081
stream,169,,11.196811712920816,0.8296797846131565
stream,170,,6.290586357287076,0.7515559170757198
stream,171,,6.098352148710449,0.5140269994006725
stream,172,,6.174228456017695,0.5010472491702083
stream,173,,5.615898815074115,0.553438951547609
stream,174,,5.7825336284900075,0.5250343208999351
stream,175,,6.01155468004652,0.5654912422708064
stream,176,,5.788794151284591,0.5772364156194187
stream,177,,6.383884350840454,0.6246879966043628
stream,178,,5.708274413244807,0.646183254443932
stream,179,,5.781421516485689,0.6308887645344428
stream,180,,7.016483635677543,0.6503918941411618
stream,181,,7.274295015033206,0.7448511364091831
stream,182,,7.50796540209479,0.823005195252963
stream,183,,8.036916404531866,0.8260784063845464
stream,184,,8.717869446353244,0.9184093034905827
stream,185,,13.594302550954929,1.2604787756444211
stream,186,,17.0265628646678,1.8334199695297655
stream,187,,16.910387359333324,1.8779717001739242
stream,188,,17.121458092975665,1.8805450489095095
stream,189,,18.643958230765143,1.9024571827725933
stream,190,,20.141912053429976,1.901345496127541
stream,191,,21.65421678420916,1.9012019407219796
stream,192,,21.481624866425083,1.9581305490329861
stream,193,,22.03777675625146,1.9420734625676288
stream,194,,22.967510812868795,1.8124220639359208
stream,195,,22.732190113319653,1.7836656689999517
stream,196,,23.205475424972512,1.779899621743809
stream,197,,23.23209302756661,1.7328199771685149
stream,198,,23.235900632274085,1.7218240934439528
stream,199,,23.83941994210366,1.7623898773641067
stream,200,,22.227613631984664,1.7850353181014618
stream,201,,22.0302670233104,1.6749572653172486
stream,202,,20.68316512471859,1.5802390083118791
stream,203,,20.63727665536419,1.501720983800413
stream,204,,20.245972220492284,1.484151037299136
stream,205,,15.549312325951387,1.176787715277055
stream,206,,13.640700730959125,0.6178587253042954
stream,207,,13.64176177095805,0.5691675316225959
stream,208,,14.406015097298022,0.5883738388768781
stream,209,,12.86488005824529,0.5976553957001347
stream,210,,15.75129292457278,0.7196567077483237
stream,211,,14.21976206460413,0.8887097932944115
stream,212,,14.323250705341284,0.8329360811048051
stream,213,,13.152454851782029,0.7987131518042289
stream,214,,11.861604675633885,0.8505028953269669
stream,215,,12.283357179204488,0.8885186484096258
stream,216,,11.766841149569935,0.9049787350864469
stream,217,,11.005814802594532,0.9040336852919297
stream,218,,11.70564805970614,0.9236099591993348
stream,219,,11.606692307158367,0.8831871868780032
stream,220,,11.934974547305908,0.8969221989076399
stream,221,,11.871238442088943,0.8956954795372317
stream,222,,12.16173065864396,0.8934677200344454
stream,223,,11.869305350763508,0.8472603559007885
stream,224,,12.46294224406112,0.7622809725851714
stream,225,,13.048532459317828,0.8402361087853372
stream,226,,12.447579034247253,0.8178863876462142
stream,227,,12.49842644986928,0.8629087416996389
stream,228,,11.499158613627987,0.8580006843752854
stream,229,,12.507015271204416,0.8432033300522741
stream,230,,10.358563796012556,0.9669965509675891
stream,231,,10.361509840415243,0.8985722865984764
stream,232,,10.26283157599246,0.896371130165167
stream,233,,10.462540457164017,0.8823699047006616
stream,234,,10.35834737090661,0.83198062913148
stream,235,,10.454667759688032,0.7567400759249229
stream,236,,10.449525843068185,0.7545125778532823
stream,237,,10.448999077422163,0.7548853187821855
stream,238,,10.054229965611464,0.7455819480724786
stream,239,,9.44979009303068,0.7511356846402926
stream,240,,9.275886312441084,0.6878168552776533
stream,241,,9.352951949043321,0.6800656432466603
stream,242,,10.317480685244744,0.7386450336884968
stream,243,,10.055497141870179,0.7551731987940482
stream,244,,9.362532984177193,0.7875172262392106
stream,245,,8.614937529799592,0.6838476405150414
stream,246,,8.004227398446346,0.7120951051882175
stream,247,,7.906444679874906,0.670404405405105
stream,248,,10.048393028676951,0.7111313678577731
stream,249,,9.11428993705273,0.809309976096072
stream,250,,8.069707247407552,0.5866229459644453
stream,251,,8.581958474391561,0.4922835664184097
stream,252,,9.217478152166827,0.4919997466457658
stream,253,,8.766931620978792,0.4915330145658414
stream,254,,9.077971721512387,0.5031007013811611
stream,255,,8.824211280084254,0.5048711564859988
stream,256,,9.65190937084904,0.48009257297407043
stream,257,,9.602756635130797,0.5075261147197876
stream,258,,9.29471373843207,0.48045398226732744
stream,259,,10.358770935566971,0.5153229770057058
stream,260,,10.18308384539308,0.5639168582374441
stream,261,,10.60975820051339,0.5826530057315972
stream,262,,10.521909010302853,0.5191450205010695
stream,263,,11.496201555764753,0.5024928820272918
stream,264,,11.657794824204096,0.47408272477911534
stream,265,,13.379939021804946,0.47782423800779744
stream,266,,13.57244971405571,0.6189620008560329
stream,267,,13.55064723294396,0.5982242523890122
stream,268,,11.373165280175153,0.5454288421182444
stream,269,,12.009952999075843,0.4394134327285256
stream,270,,10.79864498956118,0.447409877345818
stream,271,,12.119215215882743,0.49010648101633214
stream,272,,11.485069429533365,0.5264847067949492
stream,273,,11.457214525927245,0.5145915142867963
stream,274,,10.91296306515105,0.5012326615702769
stream,275,,11.573602339274307,0.5190293552901989
stream,276,,10.851161559938621,0.5729620512316747
stream,277,,11.645055879544152,0.5581965049963695
stream,278,,11.64899669213883,0.5937912053776844
stream,279,,10.691774577709133,0.5523187380487339
stream,280,,13.344889081335209,0.6363660586375794
stream,281,,12.872105850680375,0.697025306112451
stream,282,,11.57543095729564,0.6878972514566086
stream,283,,10.48427574824183,0.6945633859282045
stream,284,,10.908217489852149,0.6963978852506435
stream,285,,9.170079205612394,0.7106594007869902
stream,286,,10.997831270011226,0.6058527266555143
stream,287,,11.224363436042696,0.634643441629992
stream,288,,11.25036207036923,0.6510096038304426
stream,289,,10.51091969880123,0.6433089802607275
stream,290,,10.944559311463804,0.6238310030836876
stream,291,,9.17974735797691,0.5958086946180378
stream,292,,9.170540313031793,0.5597142883596995
stream,293,,9.267006790259055,0.5607887271978292
stream,294,,9.888131708225824,0.5675798433528273
stream,295,,9.430340153951287,0.5476709339445179
stream,296,,9.448125472899429,0.495668087730005
stream,297,,9.397591270547208,0.49377317974823665
stream,298,,9.7905373881682,0.4585762584254533
stream,299,,10.285138459066928,0.46382740124030203
stream,300,,10.257673545873443,0.35963816623829725
stream,301,,10.319993950750437,0.33999843891538173
stream,302,,11.976255338754079,0.3736562540376441
stream,303,,12.394166661449514,0.514417028435778
stream,304,,12.148834478676958,0.592343045658975
stream,305,,12.140797605961044,0.5770829094775929
stream,306,,9.990805009590815,0.5222985939110294
stream,307,,11.875236634484509,0.5004521928275769
stream,308,,12.165397889193434,0.4985324069924523
stream,309,,12.170803711928201,0.508420307289045
stream,310,,11.892423358498743,0.5026212897131503
stream,311,,12.019064463886128,0.4824691089138425
stream,312,,12.772600792975929,0.49299342758246895
stream,313,,15.416639564295119,0.5169025747515338
stream,314,,14.761110415639775,0.6338931530232264
stream,315,,14.64379152448718,0.6364584047249694
stream,316,,14.53244557883811,0.6445699528093285
stream,317,,13.80277524424746,0.6338923004212772
stream,318,,14.546210177089932,0.6658271314033971
stream,319,,15.879661415699875,0.8693636940810782
stream,320,,13.417787122002094,0.9535159477585902
stream,321,,14.489722755378033,0.9101565921579848
stream,322,,12.849250387851384,0.9273379382214654
stream,323,,12.24596102929113,0.7799042635727483
stream,324,,11.722581860485233,0.6941411332550939
stream,325,,12.781015606162002,0.7305260433460659
stream,326,,12.386685267246538,0.7654815206453174
stream,327,,10.528486890394358,0.7501297212854426
stream,328,,10.178437050040857,0.7345013885243746
stream,329,,10.599147892432613,0.745666711562381
stream,330,,10.46735832217107,0.7424050155767452
stream,331,,10.26194080731735,0.7435282132149379
stream,332,,9.559973994710807,0.7324827260958819
stream,333,,6.9614176952275555,0.7209062169094463
stream,334,,6.9256308853980855,0.6012966812216812
stream,335,,6.873498721674509,0.6072247441594448
stream,336,,8.370319247054134,0.6139082023196958
stream,337,,8.369327841847625,0.6882861375521406
stream,338,,7.224621111215525,0.6560220330261094
stream,339,,5.824154270861932,0.4721654819541551
stream,340,,6.76978716869858,0.36050707286177275
stream,341,,6.216142391860985,0.3436801071162607
stream,342,,6.232009199720994,0.30967286754808443
stream,343,,6.2406752804134165,0.31178215496703376
stream,344,,6.760021848223399,0.3521714766489854
stream,345,,5.701459069927992,0.33323123637230595
stream,346,,6.600233443298372,0.3207711583530297
stream,347,,6.624706854867919,0.318108612901761
stream,348,,7.323920397644634,0.317308465938959
stream,349,,7.01770818948586,0.355151996935266
stream,350,,7.138924997845014,0.35226780323718565
stream,351,,7.771362807204378,0.3562604576232577
stream,352,,7.727112521318572,0.384232879654326
stream,353,,13.07910048195254,0.5319984050682195
stream,354,,13.330358293181455,0.6532472804479563
stream,355,,14.496938986579133,0.7638059975696642
stream,356,,17.33236803185377,1.1076768807118398
stream,357,,18.11329347442168,1.0827876729806605
stream,358,,18.105856924816425,1.1279469572170235
stream,359,,20.774343222143656,1.2596073883679202
stream,360,,23.541811134369627,1.256458209216132
stream,361,,23.640706213883117,1.3055021601215362
stream,362,,26.326494769496623,1.3139107063891822
stream,363,,26.32513232948403,1.4398576480626262
stream,364,,26.118088597844604,1.4227514588139207
stream,365,,26.430486675305122,1.392702732285892
stream,366,,27.21401167402794,1.3733461096762392
stream,367,,29.552655618813013,1.3720339771885037
stream,368,,29.1716461866904,1.4026814977271729
stream,369,,29.334137940028555,1.3426362941456513
stream,370,,29.196286117336637,1.361636006739444
stream,371,,34.16363215100731,1.5604535929358985
stream,372,,34.18716080266103,1.7935604212670646
stream,373,,29.58399142231062,1.675015798087425
stream,374,,29.398303943355366,1.5604135410867814
stream,375,,28.016863570231493,1.4529874306592512
stream,376,,23.783020682667523,1.104478037558576
stream,377,,24.563657256657816,1.0830185054861332
stream,378,,24.66962425962658,1.1213295814193012
stream,379,,21.852138837340224,0.9931970020783669
stream,380,,19.505133866407753,1.0092648765593466
stream,381,,18.79372595370343,1.0112161617437925
stream,382,,16.36611772425132,0.9955507117981254
stream,383,,16.370973053562555,0.8910976959977719
stream,384,,16.031645211034764,0.8676109442994451
stream,385,,15.835126599485774,0.8720274661217315
stream,386,,14.165859452616246,0.856192301378273
stream,387,,12.268356381048697,0.8685744923037083
stream,388,,12.622095227450304,0.9298821567789464
stream,389,,12.340099300001512,0.9661442790735622
stream,390,,12.349409706795953,0.9482415957143384
stream,391,,6.777963758750947,0.7440697262628683
stream,392,,6.764331712226237,0.48521367994671705
stream,393,,6.656229086741994,0.4908908438055405
stream,394,,7.393880889814408,0.5859860225868754
stream,395,,7.56057726587278,0.6476218200466604
stream,396,,10.84833211360978,0.6992930816934317
stream,397,,9.402447204518479,0.8415450259894918
stream,398,,9.317405660291493,0.7627067232003052
stream,399,,11.378318509549986,0.8103225528732652
stream,400,,10.76622628008431,0.8103225519229978
stream,401,,12.945719281291584,0.7691885004490744
stream,402,,12.732846717036287,0.8064957181025771
stream,403,,13.112680422394732,0.7885011453609412
stream,404,,23.694884557616156,1.0456195541408073
stream,405,,28.262359464596024,1.0776061968601705
stream,406,,28.499589852084153,1.1632107878188052
stream,407,,29.186651447860807,1.165014304382902
stream,408,,28.55669312258992,1.1069523689416583
stream,409,,28.57445561190373,1.0718386886699847
stream,410,,28.563231296596175,1.0707416539182997
stream,411,,33.77277335984026,1.255753327159242
stream,412,,33.8817945406473,1.389555837826447
stream,413,,33.859632923127364,1.3924405867148657
stream,414,,33.404104055337406,1.28757474619049
stream,415,,33.26844368202141,1.2510808709897057
stream,416,,29.957781810119243,1.184439079090205
stream,417,,30.301475588030332,1.0552006044324005
stream,418,,30.391530826076316,1.0558196737125214
stream,419,,27.946778250226494,0.980394087932814
stream,420,,28.07985645103344,0.9997506716236789
stream,421,,26.089851944671683,1.042817057066864
stream,422,,26.73500147467226,0.9976368642810258
stream,423,,26.335571227181344,1.0260932848546134
stream,424,,16.97272287196481,0.8112967869400383
stream,425,,12.747015987459298,0.8990345615707684
stream,426,,12.54272467422627,0.8415545686010772
stream,427,,11.216029661998885,0.8359850292517816
stream,428,,12.939779667936936,0.8939703760040435
stream,429,,12.928435175156693,0.9561832311928373
stream,430,,13.994255710355066,0.9966657624325271
stream,431,,9.349578600554961,0.9145772146049184
stream,432,,9.225342354786513,0.803609243312297
stream,433,,8.591743653067333,0.7576659490870971
stream,434,,8.700988844797124,0.7598201534777175
stream,435,,8.624358922090769,0.7361635692607922
stream,436,,11.747991647962078,0.8245756052569579
stream,437,,12.499204349429377,0.8047023126715301
stream,438,,12.950276592279732,0.9144445770855836
stream,439,,12.950559685098469,0.9203785180488743
stream,440,,13.09018603397595,0.926324826492589
stream,441,,14.478738341732251,0.8755895022081597
stream,442,,15.064704731982152,0.8733725226731707
stream,443,,17.052595134732645,0.8393074615491791
stream,444,,15.927175339215665,0.9272098768607974
stream,445,,15.563447791631631,0.8031651779385967
stream,446,,15.670796480368283,0.7752409578064687
stream,447,,15.76381759344406,0.7620399514685731
stream,448,,13.98784752055201,0.6679518086235051
stream,449,,21.409220167281543,0.89597051118873
stream,450,,22.62762107995748,0.9187265205899582
stream,451,,22.029352645708435,0.8974114002022489
stream,452,,23.96345235075945,0.9408469727958749
stream,453,,24.610523438655825,0.9451356595672517
stream,454,,24.497831617947053,1.0186488896142836
stream,455,,24.489642194740632,1.0094502594549475
stream,456,,22.43094348689759,0.9934385709697963
stream,457,,22.11425480230604,1.1149204821903251
stream,458,,22.407005702152553,1.1224395062334522
stream,459,,23.85283250207036,1.121764575842522
stream,460,,22.674975551760713,1.1331233922736437
stream,461,,21.10804604306459,1.1322296430496233
stream,462,,22.290400068697945,1.2018684997921343
stream,463,,20.344322803146323,1.29770644874887
stream,464,,20.864651126418387,1.1819803908338913
stream,465,,21.031844060885877,1.1900884620818968
stream,466,,21.058142320006265,1.2203107109547535
stream,467,,21.208843587572723,1.2204061376041417
stream,468,,21.21100353112527,1.2231241686670624
stream,469,,14.694195019461235,0.9502044447168256
stream,470,,12.786176890220874,1.004747891642784
stream,471,,12.907568783823294,0.9623672030431729
stream,472,,11.343138909483173,0.92560939003362
stream,473,,10.571729306070917,0.9279673208039078
stream,474,,10.928889730472257,0.8724006610256421
stream,475,,10.900562459494877,0.9078259818927235
stream,476,,9.771846731399636,0.8353179854177792
stream,477,,8.865783773080116,0.6922847098787429
stream,478,,8.922792069157618,0.6086192254418716
stream,479,,11.068648031158265,0.6326634497320152
stream,480,,11.033044510849297,0.706970120458683
stream,481,,11.495367294890928,0.7224986147830228
stream,482,,11.154982981138389,0.8124885331999685
stream,483,,11.43664706386456,0.8813529324650975
stream,484,,13.349049618405935,0.9022891238340199
stream,485,,14.257049617839698,0.9087542123767521
stream,486,,14.685018027566365,0.8817719925618445
stream,487,,14.358867283958215,0.8959153374445411
stream,488,,14.501056041825231,0.8956491834632431
stream,489,,13.615083637562071,0.8801472474096512
stream,490,,15.150525652659951,0.8212845995038902
stream,491,,15.269568500727324,0.8138311458001043
stream,492,,15.118563104107833,0.7815646396720696
stream,493,,15.792796793433425,0.7715526240542472
stream,494,,15.117031147487907,0.764335879817802
stream,495,,17.4091008200155,0.7804589340117702
stream,496,,17.39699832557063,0.8406123391313739
stream,497,,17.466243282159116,0.841605832359506
stream,498,,16.551264932254988,0.8065337031252154
stream,499,,16.109760104732576,0.9052800037708654
stream,500,,16.440463653405217,0.8361105470768272
stream,501,,16.461021887882627,0.8692429757144583
stream,502,,14.535115233018429,0.7488415182811569
stream,503,,14.592091237710308,0.5854042118404054
stream,504,,12.086242169950527,0.5748168186934864
stream,505,,10.919344528963803,0.5605780725844483
stream,506,,10.311890510488109,0.5567630289333435
stream,507,,10.435532628367932,0.5495265756031118
stream,508,,10.360824382439704,0.5651039127298917
stream,509,,10.66156497261809,0.5648524795401642
stream,510,,8.742024190036725,0.5220291399530542
stream,511,,8.68786849244092,0.492723690094022
stream,512,,9.142861369706477,0.5475837859677958
stream,513,,8.678301410640492,0.6010039561695526
stream,514,,8.791622267293048,0.6038262662751117
stream,515,,7.300114428829214,0.5581188653699665
stream,516,,8.142256822303663,0.49916122411316827
stream,517,,9.54921506114049,0.5018792674179143
stream,518,,10.249799864839728,0.6429355683425413
stream,519,,8.473035180985839,0.5182878091724574
stream,520,,8.407161322222205,0.5679502534616202
stream,521,,7.930049274550344,0.5199946007604603
stream,522,,7.8373706764760245,0.48232848783811233
stream,523,,7.888243118402508,0.5265130501862019
stream,524,,9.344282968749882,0.5136712127371296
stream,525,,11.351669976131744,0.5150537335865707
stream,526,,12.496368154306973,0.5200132120190496
stream,527,,13.680658793087463,0.5126079767226248
stream,528,,15.406165730210073,0.4949017160277887
stream,529,,15.163552000359834,0.5886303645120824
stream,530,,15.551532745871107,0.5734704898285723
stream,531,,15.566087392468997,0.5975117484931259
stream,532,,15.212084951450779,0.5437038176315906
stream,533,,16.25603836361278,0.5002956630476564
stream,534,,18.087734798085865,0.48354121539582834
stream,535,,17.713039392632886,0.49243401080891375
stream,536,,16.86970299916799,0.4997257081771285
stream,537,,20.687297647665996,0.6796378543287015
stream,538,,20.130940491774396,0.6746054624110568
stream,539,,18.920674257976565,0.6705142071902007
stream,540,,18.678312696792077,0.5749060796970837
stream,541,,20.129232155899132,0.6342250631583641
stream,542,,20.08725467023535,0.7069367380800755
stream,543,,21.071407660700697,0.7443150160703069
stream,544,,20.813152996787416,0.7357581221690082
stream,545,,19.07398657814646,0.745122432797221
stream,546,,18.000950961675173,0.7425082513773783
stream,547,,16.69258048821867,0.7451004226375724
stream,548,,15.012480089270372,0.746041192599819
stream,549,,15.05707422363916,0.6504596438375384
stream,550,,14.665512722505039,0.6529264119581378
stream,551,,17.235677645790325,0.7106181593714829
stream,552,,17.38654158915135,0.9162540685322657
stream,553,,23.19537761063528,1.0708425141973306
stream,554,,22.12129951854002,1.1797218239787985
stream,555,,21.992335167420496,1.2441216862981088
stream,556,,22.123307191772906,1.2663501541023607
stream,557,,16.833514532920947,1.0861867025177108
stream,558,,17.03651712138338,0.9594187885046447
stream,559,,17.009567165403112,0.9901725145651475
stream,560,,18.749578536984718,1.0104137716414134
stream,561,,17.361051338457127,1.0498565035116456
stream,562,,17.420911296171546,0.9749803269051214
stream,563,,16.045869628917806,0.8992057176067697
stream,564,,16.042570572850334,0.9328566084134503
stream,565,,16.266692661904386,1.0352935657170153
stream,566,,18.926207878479914,1.2396742223986557
stream,567,,19.31933725811027,1.2726767121851823
stream,568,,19.19594611428344,1.2819456980173896
stream,569,,19.209016268037804,1.2833518954309802
stream,570,,19.289914814933464,1.2797573337860935
stream,571,,16.867858003940754,1.1969175350637768
stream,572,,17.263705080892525,0.9995443003193328
stream,573,,15.249261448801168,0.9072277755217103
stream,574,,14.452336941846083,1.019609184110605
stream,575,,14.55020761348481,0.9716180985126376
stream,576,,15.244145681948106,0.9443978001197298
stream,577,,16.704456990808282,1.1063354183039862
stream,578,,16.41470222107708,1.1669231108020883
stream,579,,17.301075149377397,1.155888930148272
stream,580,,16.95114745522926,1.1242673478951946
stream,581,,16.952444700341402,1.1174620894029619
stream,582,,16.98722057067931,1.1360019422872647
stream,583,,17.25977210612866,1.1287303420555759
stream,584,,16.075324651850202,1.0971611695361096
stream,585,,15.58669999034343,0.9855504845248872
stream,586,,12.87606505552215,0.778862324225076
stream,587,,14.612203603274132,0.8055858495183532
stream,588,,14.969438056900719,0.8162583728481988
stream,589,,15.484119885293556,0.816476960903235
stream,590,,15.45993652496638,0.8674624091666284
stream,591,,16.314399354296057,0.9477089114890634
stream,592,,15.448051181024043,0.9731040547226024
stream,593,,10.424125356717257,0.8983413156936217
stream,594,,15.133845351023451,0.9108755596049187
stream,595,,14.733803575211637,1.0389714219331478
stream,596,,14.40172988067973,1.0470522557305861
stream,597,,12.946611944875489,0.9123200154780385
stream,598,,14.097522360604003,0.8946452796470912
stream,599,0.9558751582214849,13.462528710472585,0.8838598933693987
stream,600,0.956138080625526,12.71734097420972,0.8891256808208183
stream,601,0.9563009164172177,13.215834224074728,0.7954337937306115
stream,602,0.9564926533564604,13.108978091972592,0.7839069424578097
stream,603,0.9567769046561195,13.033042520499466,0.8090691285034479
stream,604,0.9567586773135652,13.10483255995745,0.803599419135805
stream,605,0.956692812326329,13.144471979551506,0.8142275956751476
stream,606,0.9565200132852985,13.421703684085498,0.8157658807545467
stream,607,0.9563685980560398,11.301175187955254,0.7552225693373626
stream,608,0.9561579860109609,10.98951727214273,0.7440572579799147
stream,609,0.9559527119775774,10.333419341533567,0.7436412153921669
stream,610,0.9555898282750772,11.326305424073006,0.7307329430695084
stream,611,0.9554061804025874,10.852746579131653,0.8001403095291804
stream,612,0.9550007932160014,10.932168193621187,0.8124133502960692
stream,613,0.9546162351426445,12.2656557630789,0.8454221054992548
stream,614,0.9545416616510168,8.952352107420193,0.8247222934191539
stream,615,0.9545159265239083,8.960646857988186,0.7244907984568741
stream,616,0.9543724129391684,10.122186907055731,0.7740818869611155
stream,617,0.9544084237115219,10.521708631983492,0.8832598887065983
stream,618,0.9540524869797465,13.68362310489237,1.1023556471252323
stream,619,0.9538513496431863,13.697617621800328,1.3778628427622146
stream,620,0.9534254362346248,13.100450237166967,1.4042186027158121
stream,621,0.9534378087692831,12.581183981468286,1.4180960627528374
stream,622,0.9535204538550035,12.78745653268803,1.4146596377732104
stream,623,0.9538401305924714,15.018363681663784,1.4351654249002104
stream,624,0.9541318733215626,15.633539833708124,1.4506781206805472
stream,625,0.9543232791587096,16.692755007171222,1.5387329127379714
stream,626,0.9542694446739316,16.643924706265388,1.5502278599272643
stream,627,0.9542643993062905,16.639677812985322,1.5587244212491855
stream,628,0.9541280394232793,16.660146435483625,1.5503949361369644
stream,629,0.9539484204771372,17.033774417224674,1.5880493808246694
stream,630,0.9536608612170123,16.275488285994555,1.550103532275825
stream,631,0.9532892062752106,15.801720164458319,1.4292667472272362
stream,632,0.952905395883423,16.60900697580543,1.455972035706328
stream,633,0.9524931749673109,15.728596456872491,1.4241117440303959
stream,634,0.9520223221044185,15.335661073766099,1.2145508106815863
stream,635,0.9516006985672462,15.834772260536585,1.1531035363432
stream,636,0.9511152881687833,14.311577551437558,1.1234224064550553
stream,637,0.9506668269201576,14.027698446430744,0.9834907169500339
stream,638,0.9503323287051942,9.926039128565249,0.7369521612884302
stream,639,0.9499823624928507,9.544740532686713,0.46872061047581964
stream,640,0.9497340557483374,9.51550353660646,0.43655827248281676
stream,641,0.9495276936350201,11.212118458602497,0.5110997339048176
stream,642,0.9494415938595795,11.037834072278235,0.5375441482030353
stream,643,0.9494319630362413,9.670923923976934,0.5627206390815337
stream,644,0.9494697159218134,9.423790029107908,0.6680923039583203
stream,645,0.9496560800623545,8.502493939523301,0.5704912309705142
stream,646,0.9499485340332293,9.431617651066249,0.5715099891223151
stream,647,0.9503360544179011,9.42202334627674,0.5912595763035828
stream,648,0.9507896088041615,9.421881484261425,0.5912728380479233
stream,649,0.9513720250131116,9.070495945958237,0.553407198481431
stream,650,0.9520409760116503,9.084889113288204,0.5566132174199806
stream,651,0.9527305538603076,9.042209634110659,0.525812456270881
stream,652,0.9534545084658183,8.196474662581501,0.4538329597488386
stream,653,0.954138287379454,7.7830483594797055,0.4699410630420243
stream,654,0.9549158263880894,7.574595912007671,0.48316124206211325
stream,655,0.9555004798033987,11.763368618765869,0.8772617445795722
stream,656,0.955943012714729,12.48892587534405,0.8986090353034092
stream,657,0.9560117653344209,14.34064111038917,0.9067573498678986
stream,658,0.9559812069293674,14.230941565978137,0.9206231787110436
stream,659,0.9556889396298461,16.158029592465038,0.9450914984883138
stream,660,0.9557172027062757,16.813835544114177,1.121152741438962
stream,661,0.9559427877331849,15.938795358811133,1.0325214977253232
stream,662,0.9565982759173836,16.15519802712187,1.0860394339111115
stream,663,0.9571019999729279,16.791354104555417,1.0370173614294151
stream,664,0.9573533383521982,18.62267918381953,0.9195358770281147
stream,665,0.9575484353640095,18.823471726356342,0.9553933981056184
stream,666,0.95790317420751,18.50745551664566,1.0210036071805924
stream,667,0.9585467503420491,18.98077215487231,0.9910989401917019
stream,668,0.9591805350642447,19.240939441696817,0.9889831411731966
stream,669,0.9596305647466953,19.219214573977798,1.0001175093747254
stream,670,0.9603574075872483,20.128789034840928,1.039233322240877
stream,671,0.9608920850734659,20.001954941108888,1.1005470478346684
stream,672,0.9610747976945118,19.975274769295,1.099264825186143
stream,673,0.9610545455047423,19.958912029281194,1.0828622649952337
stream,674,0.961091128844711,19.286467288534805,1.0840702587602102
stream,675,0.9611160633415307,15.916849547777325,0.7042429005936215
stream,676,0.9609811927607612,20.529153378237062,0.7226801897734506
stream,677,0.9607694099584042,21.177445743552457,0.7276028772095284
stream,678,0.9605125251952609,21.01802414007198,0.7791000764310192
stream,679,0.9602019479615349,19.18490981456604,0.7443704571679329
stream,680,0.9597140219889824,22.679619803669365,0.7555310696766799
stream,681,0.959318145506804,22.02825802047448,0.8467798247300815
stream,682,0.959161713270982,25.19694828121396,0.9234730501865824
stream,683,0.9591162802320345,23.849143201647248,0.9550662146594374
stream,684,0.9591680986363673,23.385207827098018,1.1064276542987055
stream,685,0.9592344215402835,23.001340714756385,1.1412665982891192
stream,686,0.959264774618948,22.565988533900263,1.0789082477672407
stream,687,0.9591992186104623,22.092355996330227,1.0913960654408983
stream,688,0.9591264369355175,24.631354091759523,1.1941249018425708
stream,689,0.9591364140553134,24.721255205816725,1.2512677523863835
stream,690,0.9591209241045792,23.72687411235451,1.230500234710556
stream,691,0.9590946940533902,23.75399013885616,1.189571363586646
stream,692,0.9591155413750714,23.87831769560023,1.1891472067260431
stream,693,0.9591014174545558,24.03039875664209,1.209209695298422
stream,694,0.9589582917682913,23.82758723783246,1.192054047390976
stream,695,0.9587597782599763,22.57689516196648,1.1764192651882779
stream,696,0.9585574742982669,18.446949564917183,1.1872936619612997
stream,697,0.9583485826078216,15.848791958024883,1.214025034359459
stream,698,0.9581391237287838,15.853182976177234,1.1202089014024101
stream,699,0.9578838547013211,15.72678501585451,1.1144023301972419
stream,700,0.9576003762524988,11.875340198400968,0.9461493360582237
stream,701,0.9572940149572757,12.214666246405208,0.8557067345709672
stream,702,0.9571117430974462,10.817173696533711,0.7090495480916414
stream,703,0.9568337395382844,10.486274560754172,0.7544990471712386
stream,704,0.9566004916498523,9.386633871700694,0.648522325350009
stream,705,0.9564406715262994,10.210747885260927,0.6988811435185105
stream,706,0.9562633539647237,9.91844722868194,0.7406042804950749
stream,707,0.9559730289939781,11.027703347286014,0.7426117783842802
stream,708,0.9554735123767409,9.432948907347159,0.8191840041090539
stream,709,0.9548192808073458,9.735354658218041,0.7630304111235885
stream,710,0.9538352795995739,11.867952174094842,0.9032462296343708
stream,711,0.9523260841520697,11.93295812325499,0.9368459544875218
stream,712,0.9503914427312659,12.45466706085035,0.941765205610711
stream,713,0.9479951617455927,12.443047655592691,0.9875509477290358
stream,714,0.9452969085543264,12.768504041753664,0.989964123334682
stream,715,0.9423050518521017,12.69108618256722,1.0005105985096192
stream,716,0.9392278636104472,11.359976191955763,0.9184154809543194
stream,717,0.9361395663107507,11.452367924367723,0.8801891995219353
stream,718,0.933618283514806,14.27471800851307,0.948021037634898
stream,719,0.9316868414581447,15.20384366656377,0.961939366100565
stream,720,0.9305328839502777,15.974188597257262,0.9454051833859176
stream,721,0.9301916420433285,16.80953814893472,0.9450691006704512
stream,722,0.9304846550575893,17.16879597442955,0.9385279741427589
stream,723,0.9312692576073386,19.517233986240278,0.8393404608054449
stream,724,0.9324723651284779,22.139813615887686,0.7960225760992264
stream,725,0.9337098785589537,21.736859654872173,0.7180166507215682
stream,726,0.9348912789816028,27.105848411959872,0.772510235780145
stream,727,0.9356127134932588,26.31772556919539,0.8758542691741913
stream,728,0.9356351489640693,25.245403499465354,0.6958166977081242
stream,729,0.9348951894358144,25.17321858647891,0.6825698768669817
stream,730,0.9336418562202368,24.0828145458633,0.5348044033620957
stream,731,0.932208419158924,24.146052038402875,0.49707666343856555
stream,732,0.9311016609190482,24.656936113710106,0.49912274778105736
stream,733,0.9302805617378718,24.681521897525855,0.44255339785207404
stream,734,0.9296685299946759,24.36990999906607,0.4543472802811633
stream,735,0.9292625274554369,25.89001773969275,0.5146008371836738
stream,736,0.9288441862373357,26.041430105340893,0.6250666799436527
stream,737,0.9283903121214654,26.46636984243885,0.6836816892062133
stream,738,0.927868160640155,24.547299977118094,0.6198530500300251
stream,739,0.9272602326560399,23.773516078568917,0.6713934167846216
stream,740,0.9264949417662485,23.008740976661137,0.7027554482284645
stream,741,0.9256315094477273,22.508912180087105,0.7974550251953562
stream,742,0.9247372619258271,20.15140332099565,0.8011401270643949
stream,743,0.9240305918536003,20.39529347252356,0.8569235040763168
stream,744,0.9234465672828551,17.274697273785016,1.0276156377054086
stream,745,0.9227503677647876,16.852743353465822,0.9904707971559902
stream,746,0.9220503567040583,11.632110262412468,0.8835358504665921
stream,747,0.9212391724675405,13.640864306069822,0.7865740537920425
stream,748,0.920846962835977,16.520324321012634,0.7885577395447546
stream,749,0.9205323725644282,16.214971624268017,0.8789930337411141
stream,750,0.9203163269966893,14.95193463995463,0.8659932234839028
stream,751,0.9200210452591736,15.601131512873557,0.8853029847001528
stream,752,0.9196279964584073,14.533686065470361,0.9395641557252442
stream,753,0.9190941943480387,14.568601602390252,0.9585874144643747
stream,754,0.9191595823000716,17.80658951804729,0.9946879724972433
stream,755,0.9187547068296558,17.382683121924074,1.226674214659371
stream,756,0.9186473503716486,17.922527948072133,1.243209976843913
stream,757,0.9189079399596994,18.943939097497722,1.1873793819559124
stream,758,0.919613585824157,18.165398956345005,1.214085400317215
stream,759,0.9203053102194388,20.69981130316351,1.3034920788011584
stream,760,0.9214592570613688,20.765237605329045,1.4607134977434557
stream,761,0.9230444412811828,20.185403220565,1.3656319285974943
stream,762,0.9245705887274276,20.133571493877994,1.3605564205044645
stream,763,0.9257708505392309,17.99666283569466,1.3453092427529127
stream,764,0.9275000459504307,23.127656237033488,1.5017419698365944
stream,765,0.9295764787713157,24.929958169191156,1.534371157390755
stream,766,0.9312585691755615,24.85138059191303,1.560886724164667
stream,767,0.9328254274625478,22.55220146165572,1.5520114238772835
stream,768,0.9344286124925443,19.48353043030899,1.554435270835492
stream,769,0.9359311221311819,19.490817344873456,1.463226741420871
stream,770,0.9372765471554905,19.49654685109978,1.4625062904006527
stream,771,0.9386183684884758,18.920764620904926,1.435112581326979
stream,772,0.9399566399343589,18.86631227004764,1.3995121384471578
stream,773,0.9411015826354207,18.999187423602674,1.373561997302723
stream,774,0.9423654862554441,19.751352648687025,1.5711744487499164
stream,775,0.9435616460477708,19.505002103828573,1.3084911962379657
stream,776,0.9446024878175364,18.9018825682072,1.2363575884098916
stream,777,0.9452478428704478,18.86197443998071,1.3141802192837542
stream,778,0.9455309074062083,18.798595693808657,1.370719773214253
stream,779,0.9454765503005543,16.779304351209284,1.261791467526415
stream,780,0.9448627633279482,16.617160813316456,1.0750084178824042
stream,781,0.9438306374613662,16.988125694149552,1.1288578773595277
stream,782,0.9422600323992549,18.266771221904634,1.2550419602547391
stream,783,0.9406136671630813,18.142390494150092,1.3250003674272146
stream,784,0.9386766419177139,12.870346625896172,1.0337731268234125
stream,785,0.9366661506397931,11.249249758391382,0.9923517104577363
stream,786,0.9343834705229503,11.069885671642112,0.9760159101679012
stream,787,0.9322143787170412,12.651767594182283,0.9986732757129191
stream,788,0.9299517841969307,12.693936989847263,1.0679714438193442
stream,789,0.927732607397087,12.825861694104473,1.08150686375768
stream,790,0.9262431886626638,16.928336869960173,1.1710725775954955
stream,791,0.9246614976754205,16.61358767380756,1.293166644180645
stream,792,0.9234108129658987,16.562093968097233,1.267708624035916
stream,793,0.9218660910142912,16.176798149265963,1.2649863055067325
stream,794,0.920050623884195,12.167904911846357,1.0158973976539392
stream,795,0.9183724184184608,12.196699913710074,1.028147972565053
stream,796,0.91736744306514,14.547006326853621,0.9995626144181577
stream,797,0.9166994619614023,13.798633482664213,0.9240028924502889
stream,798,0.9158147109127822,14.877110556488779,0.8399571602874122
stream,799,0.9146331302643322,14.57955592394977,0.7979534594666368
stream,800,0.9139668999062268,16.112868713384735,0.8152158700386765
stream,801,0.9138810797811963,16.25788833436595,0.7723998256064118
stream,802,0.9140180729407528,16.02547181205161,0.6427484485734387
stream,803,0.9144189487464917,17.52174610168528,0.5351553367097172
stream,804,0.9148528577904487,17.429212239888834,0.5708974728733127
stream,805,0.9153168111587594,17.74478172505143,0.579689701684828
stream,806,0.916365376354522,19.074059392199285,0.6947758792344483
stream,807,0.9175688499840721,17.605556573123373,0.744732471915236
stream,808,0.9194923442601745,19.267411687229934,0.811005426865077
stream,809,0.9209812454261131,19.276104865334926,0.9138634619549696
stream,810,0.9223420879238677,15.235200289803235,0.8510129403114501
stream,811,0.923083347977131,15.234472520539185,0.7267223088006065
stream,812,0.9233052133996726,15.241896317254948,0.7264871138759715
stream,813,0.922465602732046,16.999864028699548,0.8056182625362138
stream,814,0.9209644106624425,17.201616505383615,0.9298499338161503
stream,815,0.9188922804309289,16.345332981432787,0.8801980937009445
stream,816,0.9164746623262288,15.781771318402113,0.9161791648679757
stream,817,0.913421972854522,15.339618235849173,0.9484428688292832
stream,818,0.9096942568202872,16.515922535997518,0.9840878554997856
stream,819,0.9054723199103899,16.15119233550729,1.0524915527977603
stream,820,0.9010457399513985,15.280312898817256,1.0715302184242372
stream,821,0.8967480693919658,14.561080164297596,1.1173710478314414
stream,822,0.8929341807526693,13.799397864062131,1.156786531204233
stream,823,0.8894534554386697,11.920311990982746,1.1658061525050798
stream,824,0.8857825103056883,12.847288367545161,1.1346302379016526
stream,825,0.8839517881101,14.907615061957578,1.407815460530271
stream,826,0.8826187733427564,13.575169385832558,1.385033983051583
stream,827,0.8820056154909754,13.720469770428274,1.3188750981277206
stream,828,0.8821748832240707,12.004946858368504,1.193526850961629
stream,829,0.8826058711219578,11.908634765415941,1.0794506247911995
stream,830,0.8831837757935092,13.494929214529458,1.1435396019056208
stream,831,0.885262653858171,13.542068398782193,1.224947105162834
stream,832,0.8875060211465224,13.665705779510752,1.2319587866441664
stream,833,0.8892614434648038,14.09318299971003,1.1992796617067445
stream,834,0.8913209681625636,13.92135054566061,1.1757520171641835
stream,835,0.8930883305212626,14.003760996399963,1.1865355484870892
stream,836,0.8951868012569474,12.106409973188287,1.1267603756608962
stream,837,0.8975449648861099,11.835844079657718,1.0891157377538414
stream,838,0.8997534887914405,9.54504936264237,1.0554528690163043
stream,839,0.9024812940770298,10.018308031307807,1.0079452226145826
stream,840,0.9044567869744005,9.86592902838335,1.051971433503576
stream,841,0.9060733444571452,10.093422339939334,0.9964136432332261
stream,842,0.9082045894415597,10.429733473784212,1.0205144259934893
stream,843,0.9097453589465766,11.755610735933475,1.133990220901429
stream,844,0.9103129900885614,15.545335059763396,1.143836569784117
stream,845,0.9113889196403451,15.061804178420832,1.2971257242358023
stream,846,0.9118008026925272,17.460109802672797,1.4676932886315102
stream,847,0.9113139828784028,23.907846681689296,1.4814521446015385
stream,848,0.9110383803573912,23.92859909041825,1.7262897916846756
stream,849,0.9102407345578055,25.710010396677962,1.8011872484233165
stream,850,0.9091142703340833,24.448988356536667,1.7273879722033547
stream,851,0.9077351615048974,24.50695533190947,1.6424086457886429
stream,852,0.905881028294439,24.96763635965587,1.6416954673043256
stream,853,0.9038671048424829,22.782208744095442,1.6072505526757137
stream,854,0.9019084566625486,23.027538427394227,1.511099990459646
stream,855,0.8999982576518492,23.202457856942146,1.4969926460621377
stream,856,0.8983969232061936,24.156649849751407,1.5014216107536935
stream,857,0.8971696955982741,25.26374660525941,1.500132900322127
stream,858,0.895845208154228,25.25288303480547,1.5184315178920564
stream,859,0.8945823260388883,25.136292106573002,1.5032652999388805
stream,860,0.8937778434906161,25.91200984353046,1.434802474695152
stream,861,0.8926598517063091,25.60920279989419,1.5299185360240777
stream,862,0.8914697078199779,25.073313413874743,1.4822095205906534
stream,863,0.8902921978513667,24.017341147033324,1.3576176296150786
stream,864,0.8889173115951705,19.290926544964165,1.3196141354115136
stream,865,0.8875573079539616,17.948997587585524,0.9231417095991425
stream,866,0.8855770818591785,21.126149338546092,1.0311550147354243
stream,867,0.8836062423597307,14.79251425041415,1.0954485461490073
stream,868,0.881276599450092,16.59145210069682,0.8582772848639308
stream,869,0.8791440481154329,14.820384042219525,0.8859292281738962
stream,870,0.8767327528040445,17.207689783929766,1.0133317148899865
stream,871,0.8744428938907975,17.707521128084114,1.0410099583474106
stream,872,0.871933645327692,17.86979279601748,1.035427862560078
stream,873,0.8691727985819172,18.897634893028922,1.024085523844032
stream,874,0.8670065008491974,18.982712478341757,1.0266852292020758
stream,875,0.8662697442526904,20.230210161357206,1.1462488208030939
stream,876,0.8653726052024073,24.26813755774603,1.5773712652413794
stream,877,0.866063492950281,23.097356010477572,1.782276696002256
stream,878,0.8687836129982022,23.56141048891604,1.7809916169780668
stream,879,0.8725541338043977,23.368070934978057,1.7744632604707382
stream,880,0.8773159227853732,22.84799034940003,1.7811654459469564
stream,881,0.8825111034779511,24.075949686540945,1.8645301910227332
stream,882,0.8880015258226769,24.05776433083621,1.907841863997213
stream,883,0.8930772352884394,23.782257335430863,1.9088315753693335
stream,884,0.8978753493700542,23.972173023227214,1.899867425061799
stream,885,0.9024077242775221,23.420966441137114,1.8611395868422576
stream,886,0.9066337485144828,18.927894238077176,1.5633116777518032
stream,887,0.9107103494894868,18.537075516869137,1.5216699108310507
stream,888,0.9147898616471917,16.718347750290977,1.499632484090716
stream,889,0.9182084000991058,17.019946798211773,1.4093090236901555
stream,890,0.9212534866270353,14.481178818060705,1.3034682526771348
stream,891,0.9234451542255813,15.042670667339987,1.2865035462943157
stream,892,0.9254834079607078,15.44979882584946,1.4494294082787875
stream,893,0.927273610599769,14.461233163740843,1.496222394599071
stream,894,0.9290641657841308,15.400994521143623,1.5240213984214255
stream,895,0.9308633479409376,14.645839264832968,1.4143099966898172
stream,896,0.9325397989190686,9.764161888373593,0.9918712390059896
stream,897,0.9339805552795346,10.606330159284399,0.8294701582494902
stream,898,0.9354433051949311,10.333356671814416,0.8631087295479574
stream,899,0.9367393525933436,10.816466167748608,0.8621772610506608
stream,900,0.940501808565519,1003.8703543321266,26.614950832289463
stream,901,0.9413296780659679,1809.5963896352005,26.698950178618745
stream,902,0.9436871048463226,2930.676504504271,27.51953803601157
stream,903,0.9289526677656667,5396.432356608149,37.11865767746048
stream,904,0.9244152304498521,8747.409492748378,39.64883702887632
stream,905,0.9192744132038597,18514.302370756006,100.5104147699915
stream,906,0.9430495917032785,26684.19061496382,102.99417082744813
stream,907,0.9461521453621781,28749.010109208073,176.14425604410448
stream,908,0.9454877047878443,29056.80141344222,204.1577945997685
stream,909,0.9422084870654877,29118.974412050655,207.44046947959575
stream,910,0.9320223341837824,29273.497595619985,208.1420667133486
stream,911,0.9206622102532843,29301.454209212134,219.7446538915337
stream,912,0.9075789948161209,29302.666750996363,220.12625178233318
stream,913,0.895709904440775,29321.639898073605,220.35559807863243
stream,914,0.8823033120357298,29320.335881425082,221.0081565741218
stream,915,0.8688209261695389,29319.92335544232,221.0042807252114
stream,916,0.8548280581094874,29324.123883633252,221.22203084106883
stream,917,0.8400260035157022,29329.2126668464,221.18518787421394
stream,918,0.8278290240081595,29331.88519344465,221.7787119252329
stream,919,0.8138182367054283,29339.07996553337,222.50567990878184
stream,920,0.7954009872899791,28380.203351856144,197.0832880182725
stream,921,0.7824116603666867,27602.035650746537,201.51539453093415
stream,922,0.7719682166250558,26488.12716211235,200.91104333953663
stream,923,0.764438695355574,24025.466544405965,191.33495842261507
stream,924,0.7597473023996827,20674.297237919458,188.91085498644213
stream,925,0.7595527959088818,10916.779265352852,128.4074516597615
stream,926,0.7581215370322067,2749.820749264428,126.80382254442459
stream,927,0.7557091218282984,686.2531591986251,53.61612297277177
stream,928,0.7487206230382524,388.18704214318694,25.739058342772122
stream,929,0.7362808214041211,341.25743889396466,22.477366453397835
stream,930,0.7264777154770363,189.6879697007175,22.914268805714684
stream,931,0.7220555022310645,174.42069566448987,11.421076323571624
stream,932,0.722400652829373,182.51698314002263,10.892104554027224
stream,933,0.7206999812899901,164.94466231820033,11.292816885360669
stream,934,0.7145320491882423,173.1046856216043,10.689963077630843
stream,935,0.7088556651613906,173.24178972861054,11.093759256756377
stream,936,0.7060127755451627,178.0341840348437,11.051479926256853
stream,937,0.6979545016295995,180.26676343390406,12.271389680100974
stream,938,0.693457196091003,190.92991333299912,13.236134284076824
stream,939,0.689140176161431,183.3587027017713,12.875877848725175
stream,940,0.6895565691024402,165.33074162297655,12.987056166970637
stream,941,0.6759198826754284,271.8452558814031,17.202067762182867
stream,942,0.6651003723503641,269.85572801959324,23.712999701584188
stream,943,0.6566422066110904,269.3203862757303,23.70317487595555
stream,944,0.6506794796427263,273.0115505948722,23.59117088730536
stream,945,0.6466050865041256,265.1103244293535,23.253161471465923
stream,946,0.6420214173550925,261.3493884077993,22.4103518663583
stream,947,0.6325870537965155,279.3210728468013,22.912756346338814
stream,948,0.6277963148105389,283.78808417616125,25.211615313438813
stream,949,0.6228197383054949,268.5694489886595,25.909092780468225
stream,950,0.6139076078805729,285.71864611892335,25.283332108823878
stream,951,0.6090747962436965,282.29385212878765,27.286928288248674
stream,952,0.6083993476050309,289.3688934742592,27.312199559047446
stream,953,0.6061024666348208,295.6027650129435,28.355663948297348
stream,954,0.6037902650629641,287.8085548682508,28.426243768372984
stream,955,0.6021621468640528,288.23575635596364,28.125626103365732
stream,956,0.5997825959892465,284.32358001512677,28.308842911660463
stream,957,0.598375336127452,277.50223347277,27.507125743540914
stream,958,0.5978897594071491,265.82906571484443,25.895277047651017
stream,959,0.5983582158409114,267.215902890333,25.526222087051934
stream,960,0.5977295553439683,259.7802629447955,25.78731085056989
stream,961,0.5986395116391435,144.36194859692787,18.996013481491996
stream,962,0.5990071742839224,144.0743760903618,13.889292141205011
stream,963,0.5985798763404219,146.33672233933123,13.874185814326541
stream,964,0.5982238421194174,143.48836586456383,13.926054070766599
stream,965,0.5971909274684505,167.9437059718517,14.534403132668075
stream,966,0.5969631501681868,170.96710128280645,14.808615316943936
stream,967,0.5977194227903906,193.29119953731984,16.704032456367415
stream,968,0.5986415501835669,185.22020532141076,17.11534365505942
stream,969,0.6001623498844213,185.5353150643281,16.82332043575128
stream,970,0.6017487476924646,171.9573063654219,16.675962458602005
stream,971,0.6038375731176797,169.29856643565665,15.602989008474522
stream,972,0.6055219294271592,157.01137798291762,15.566767626169087
stream,973,0.6068182164362818,156.02533342149437,13.846964669568054
stream,974,0.6080471273938944,156.97624417877978,14.140254516910426
stream,975,0.6076999386112951,170.93627610965504,14.92098030032016
stream,976,0.6088838367987331,192.406763531615,17.48247512067637
stream,977,0.6117383049854006,205.1556571323495,17.12205130993314
stream,978,0.6133895717066976,211.6060012489032,18.756147424655474
stream,979,0.6166389724410235,218.89325659434962,19.98650485719399
stream,980,0.621636224907473,220.90168931399987,19.26588949823399
stream,981,0.6249302942155451,221.11385912062497,19.40137172106417
stream,982,0.6253825137672079,256.79036939423924,17.861133022512295
stream,983,0.6267474499821963,258.5099284222984,20.671263507311295
stream,984,0.6283979946277447,258.33503117550856,20.729840353570662
stream,985,0.6303992614858042,232.7062304952793,20.101155817921963
stream,986,0.6318255393900578,229.69458838090603,19.740393465234806
stream,987,0.6348327393979408,195.00933128356505,17.663166688453877
stream,988,0.6371748798282897,189.17907559288483,15.179935634431951
stream,989,0.6361735963152754,205.24091647214206,15.203418784325898
stream,990,0.6345246591827658,198.47539627294978,15.383657232048705
stream,991,0.6324690169625973,190.71586104961415,14.330521766821569
stream,992,0.632373708253654,194.65446884515532,14.643181416963552
stream,993,0.6299831000807462,193.27819709642012,15.72155669744244
stream,994,0.6281998006148672,193.0568928002918,15.673182853687042
stream,995,0.6277400792272403,181.52977139532024,14.818096948729043
stream,996,0.6220541076626203,188.10584547595346,14.008286853041207
stream,997,0.6200032200313843,193.7383192456813,17.633843759153624
stream,998,0.6136304155190938,207.17307439029597,18.932848512297387
stream,999,0.6062417403276359,199.2404318675135,18.16716171744161
stream,1000,0.5965020542605048,193.1458236933961,18.233493403912057
stream,1001,0.5924971449032036,215.17708012957374,18.884353085104397
stream,1002,0.5876827725823757,174.90860274329876,20.700657462764106
stream,1003,0.5802349772456424,174.78856530274754,18.033608107369133
stream,1004,0.5737341150968552,174.36394683753426,18.25553846956226
stream,1005,0.568853568068261,176.03101283697137,18.27911068895919
stream,1006,0.5673541292558906,187.82723983021515,18.381697869951488
stream,1007,0.5626739398068824,192.4715378530555,19.736486673794605
stream,1008,0.5588501102306511,192.7007020668654,19.970835188242685
stream,1009,0.5586155080069863,188.132548411513,19.802526417619394
stream,1010,0.5537905847495341,207.8117389533272,21.53914930720612
stream,1011,0.5557411327555186,247.64658554035427,25.81089337407912
stream,1012,0.5628058414195195,264.11513094975675,25.558542998012182
stream,1013,0.5653241517789693,276.5657644653814,27.736189906056325
stream,1014,0.5691609641165091,277.613019150547,28.465478152664023
stream,1015,0.5620394453366884,393.51254220953683,34.09889181165208
stream,1016,0.5514028570346915,370.05882527859166,34.10562045951884
stream,1017,0.5444709419339012,366.9508329206512,32.2017702264008
stream,1018,0.5418809818929132,362.886695100186,29.266612774583656
stream,1019,0.540187370943902,362.49953418998143,29.266443894131992
stream,1020,0.5348919494403025,369.8732733946935,29.916805214006114
stream,1021,0.5326803562406048,335.3920986613664,28.48435763110999
stream,1022,0.5286481299745304,339.1309669064493,27.404108458297504
stream,1023,0.52741225193059,339.5641212111969,28.047257612020886
stream,1024,0.5311840565198803,358.85881147161683,27.828370839102913
stream,1025,0.5326473926749667,362.45084759693117,29.435625852112395
stream,1026,0.5327725892281467,352.6443163213084,29.330490048644027
stream,1027,0.5375267262382168,359.727363351755,28.85846475755465
stream,1028,0.5375143184471751,380.10356007909763,31.0483503801051
stream,1029,0.5354272794132621,373.0689472614814,30.9248173876926
stream,1030,0.5290531159572891,373.9193473569019,28.796711340114054
stream,1031,0.5268951752719477,347.8053468501102,26.967760570532256
stream,1032,0.5256398999281006,322.24051086375306,27.3786336848926
stream,1033,0.5232011819456306,306.4736034402111,24.22569124053395
stream,1034,0.521870679894211,305.1543032399237,23.297744280922743
stream,1035,0.5243083098655856,206.23515003622077,18.079504509148997
stream,1036,0.5262629006323452,196.44594616959594,16.65363573041779
stream,1037,0.5242186289932934,192.78867079386256,15.363259081624616
stream,1038,0.5275876804584884,219.13028098149897,19.060295094610073
stream,1039,0.5283921065041333,223.91601945051656,21.347349269597938
stream,1040,0.5234110357542522,254.53972291362516,21.339956021561676
stream,1041,0.5196305548903968,248.67253928565972,22.168013884756792
stream,1042,0.5191552070779583,264.0374354329529,21.625888305389296
stream,1043,0.5156517031255454,275.8021734213108,23.693421016785297
stream,1044,0.51341667855262,257.84130336102584,24.67549708532957
stream,1045,0.5107835681323654,255.4610705870406,23.374860107030024
stream,1046,0.5095733202596381,255.76424380356053,23.7808685635577
stream,1047,0.5090124724319594,238.36045710542768,22.575284560672532
stream,1048,0.5085960743482864,221.6852893970194,20.161650087226782
stream,1049,0.5089216786188452,222.90872317979426,20.718301535113465
stream,1050,0.5097107973903422,203.4651902400497,20.937752127386233
stream,1051,0.5104999409315822,218.78412710023176,19.968605379242955
stream,1052,0.5115960911043612,242.3213027171522,23.35006957604126
stream,1053,0.5131681284136255,246.33546425835561,23.45807777249655
stream,1054,0.5151874683401135,245.5057932476339,23.494994979219012
stream,1055,0.5173504486388931,225.87402977154537,23.063028535234857
stream,1056,0.5186074669482917,233.195246987301,22.475623566107767
stream,1057,0.5205853806958659,228.31420656495976,23.070118351925863
stream,1058,0.5209794822383421,201.02432586002024,21.17541330075709
stream,1059,0.5210562829863147,196.39536026991019,18.787480837392902
stream,1060,0.5179097021738207,182.77125022835168,18.806247875974545
stream,1061,0.5179129496415494,245.76393358313996,23.270311943879616
stream,1062,0.5194151598655244,230.75411947729432,24.204284006074133
stream,1063,0.5213055066666156,212.16612032542722,21.46699917472384
stream,1064,0.5246705382576877,214.59349811371197,20.49394369311013
stream,1065,0.528059517258501,211.4552607197995,20.392957908956397
stream,1066,0.5329729914028072,211.96312372450797,20.134349851538413
stream,1067,0.5364597908949368,215.8427636054508,20.70378917246513
stream,1068,0.5401879683262301,211.67667680500566,20.53431112085979
stream,1069,0.5430876278674501,206.62300901553525,19.86844410333225
stream,1070,0.5381562752030699,268.3658343666675,20.96146765216649
stream,1071,0.5373451655557453,260.9594138931931,25.291856501303503
stream,1072,0.5424049764453812,269.23877768027944,21.463159777314083
stream,1073,0.545288377009668,267.28394123713963,23.395876430307077
stream,1074,0.5473838536910887,267.56987846623446,23.23332511170431
stream,1075,0.5481040688591808,268.0192117883843,23.23217313126341
stream,1076,0.5529582512139657,275.22668550422753,23.99427863963758
stream,1077,0.5563598915406639,268.39178478127013,23.811677569280423
stream,1078,0.5543368673657411,271.16801349646846,22.416153631283134
stream,1079,0.55118663885401,270.90210889145476,22.565825284493933
stream,1080,0.5484641212020772,241.2966081466149,21.917485721669454
stream,1081,0.5497768853357492,191.30980087254855,15.57557178089612
stream,1082,0.5491232318191449,187.84285900677435,15.061821602897284
stream,1083,0.5499570719753801,190.1822398734833,15.211305836865261
stream,1084,0.5502902259603187,186.2085300022332,15.149213278512873
stream,1085,0.5452372430460495,204.26096948217295,15.608876897629928
stream,1086,0.5401147399987277,201.198116397472,16.09769082738545
stream,1087,0.5286525268858167,268.27237409212495,18.257872136500257
stream,1088,0.5228417555475459,295.8294796854121,24.93279764818615
stream,1089,0.519436996265325,322.9116643113717,24.869294913503108
stream,1090,0.5164547416680266,273.28679255930757,23.472938195520904
stream,1091,0.513534895609825,251.8497911574059,18.104358241363666
stream,1092,0.5068118095692657,299.90592448200107,21.21628379656218
stream,1093,0.5013049170260786,297.2972033279459,21.158799408308077
stream,1094,0.4972742598472462,298.5533269214605,21.08235795585826
stream,1095,0.49626976085133256,315.31698848494295,21.3617496963789
stream,1096,0.4937669571185131,347.7729195620984,24.988945958219535
stream,1097,0.4919052521171987,347.7718623131445,26.357597331532315
stream,1098,0.4874922363640143,346.056449848051,26.968078741606515
stream,1099,0.486516122783458,367.8193416161859,29.257644202638375
stream,1100,0.4909522018637155,422.7539760986985,29.4301435261906
stream,1101,0.48967692358014064,489.14279538549283,38.92003352490727
stream,1102,0.4825708431365341,559.8571921672253,38.17216451542909
stream,1103,0.4754444108772265,557.5268596604157,40.65089923378707
stream,1104,0.46846695004994143,557.4986903853792,40.59443764144705
stream,1105,0.459775321945797,544.9455227786132,40.10439863056762
stream,1106,0.449390362678457,551.8890342065285,39.43637649030796
stream,1107,0.4460006934176168,557.939788242403,41.56951892173708
stream,1108,0.44330754319603516,530.9296760228976,37.004382583455644
stream,1109,0.4402574068960397,503.13418962586985,37.070039442492224
stream,1110,0.4370425109239899,491.08390841812246,36.96580916391816
stream,1111,0.43511810435661324,491.8675179712676,36.69060455467101
stream,1112,0.43772359365853364,440.42974071033115,34.195575820007484
stream,1113,0.44113545498528733,439.71642903457507,32.89355966230674
stream,1114,0.4415874256358722,451.94901495624254,33.62557759476292
stream,1115,0.44317465155578867,437.42596986004446,34.44173767036897
stream,1116,0.44513275616864223,397.50287484438616,29.94806597141674
stream,1117,0.44354820454928384,435.50694030564847,30.497206330301868
stream,1118,0.44372329342629396,442.2083300571757,33.87849076190867
stream,1119,0.44464927960145667,423.5694413724776,31.410889664489204
stream,1120,0.44840841716385277,387.19533021690887,31.36052486095845
stream,1121,0.4577644078614721,306.22304634770904,22.03119289902438
stream,1122,0.46301456245208683,262.2094555483522,23.22944513059803
stream,1123,0.4712787385239744,265.1651747405256,22.13825325934229
stream,1124,0.48108718710695836,267.07996392415083,22.135629024188752
stream,1125,0.4822400257798027,291.7845501905749,23.715697678671518
stream,1126,0.48723786493028165,296.1535850514971,26.608041477544425
stream,1127,0.49260470095014114,219.75800084395146,21.87328375126692
stream,1128,0.4973624864484777,219.72910715525663,19.57666944993096
stream,1129,0.5002234434416925,219.11369229569732,19.5449618096252
stream,1130,0.4995285772289514,224.04864976332314,19.738869121281994
stream,1131,0.4974621726743911,223.8150195318482,19.662175973374747
stream,1132,0.49615552618391096,203.1116555318141,19.46012565009952
stream,1133,0.49336436435688225,203.49358458298826,19.162670677339186
stream,1134,0.4907842316196619,197.58108873919065,18.978278432766917
stream,1135,0.48534054247543024,239.9952445932042,21.202909135441757
stream,1136,0.47851690852844736,253.9157331097746,21.34449247798214
stream,1137,0.4727509027558797,220.2704224994873,20.196154590062804
stream,1138,0.46650139305963795,199.75986526940974,16.496897172639205
stream,1139,0.46158038536107776,204.75600887974227,17.055824034616975
stream,1140,0.45617896894575866,192.76464458417806,17.979557345072177
stream,1141,0.4515903308825396,194.26532270889373,17.45974210183786
stream,1142,0.4487319191757529,177.48744889854046,17.013156055094566
stream,1143,0.44733600331597545,176.1359873366083,16.14566105089702
stream,1144,0.4471026880486769,179.95974460599012,16.620962301892753
stream,1145,0.4500604844991063,203.2416952985055,18.2753301595852
stream,1146,0.45495675407385305,196.59680367370567,18.64281030597178
stream,1147,0.45969313740806905,207.98268597511347,18.575804121598658
stream,1148,0.46760065871416334,231.25711179943056,21.166611369446514
stream,1149,0.4751964580648903,232.3846027023547,22.48195749316
stream,1150,0.4838038429934252,235.8085368811071,22.89103501582919
stream,1151,0.49118270643134987,235.48335110149463,23.35273745342872
stream,1152,0.4963900311980216,238.02408324599725,23.11350894085591
stream,1153,0.5006138023893124,237.28656055250173,22.866739003446614
stream,1154,0.5034139272882676,229.63803236302454,22.318508117522278
stream,1155,0.5055752220058048,269.3130675892596,21.72625913010905
stream,1156,0.5072514064700172,297.1467491204439,31.021703717940134
stream,1157,0.5082203888785671,306.5025405248022,29.728070316717204
stream,1158,0.5082324041078874,302.8257407174144,29.818609598612603
stream,1159,0.5072093288651507,294.1824479089449,28.939537331204125
stream,1160,0.5070027155890827,343.8872657210094,29.82861523813977
stream,1161,0.505404788627558,363.032742305763,35.16539664902444
stream,1162,0.5023925153453344,363.21447561955864,34.4589012296088
stream,1163,0.5002316533177817,385.2737659716398,35.98776444424628
stream,1164,0.4978412640040724,379.5499028846236,36.28259214544703
stream,1165,0.494974967657102,326.32540401792164,32.86839957377885
stream,1166,0.4921414921534944,323.0225624706936,29.6129690031516
stream,1167,0.4890235991745211,318.6189914261726,29.644525059424886
stream,1168,0.4856388137306201,297.6619641573297,27.09598711281486
stream,1169,0.4828610333019213,299.25854545554455,26.12379919078759
stream,1170,0.4809721973548731,293.01425513528665,25.51582795331119
stream,1171,0.48006447875861075,293.7139844302308,24.99694532155747
stream,1172,0.47933789509150665,287.9510253316,25.166311024576324
stream,1173,0.47887167801257036,290.1398451023562,24.935175943831585
stream,1174,0.4790049027442813,290.0775027950081,25.081504514194013
stream,1175,0.4816450728790439,220.2767530983717,22.810405271632604
stream,1176,0.4861391208675739,182.43517409465565,13.36935223714708
stream,1177,0.4901881295875862,167.68034009761303,13.32471650257305
stream,1178,0.494269303908348,167.45046913367864,12.558820302899678
stream,1179,0.4982667168515809,178.1962954973848,12.94802124493743
stream,1180,0.5003836414414373,142.7594555513527,11.002097324587329
stream,1181,0.5019888674709744,181.33803011832714,11.20678006728545
stream,1182,0.5041907284224919,178.88426492824055,11.999220084322975
stream,1183,0.5069263771301212,164.38632318383526,9.684989117138183
stream,1184,0.5091600052343377,164.85477639705198,9.439724575377078
stream,1185,0.5108067494476929,164.38453825192946,9.440951547934745
stream,1186,0.5112123009081477,172.89053564859955,9.78881762354468
stream,1187,0.5086498109168589,192.8387137495397,9.859290545614986
stream,1188,0.5043700155811747,191.01264108904383,10.452069464904982
stream,1189,0.49791401264336926,188.98446009953602,10.076251887476218
stream,1190,0.4887240930313185,186.4225296218834,10.076222798651948
stream,1191,0.48133959034632684,195.59134518999824,10.637597821352827
stream,1192,0.48160393886022956,251.02212748335157,11.026386850967311
stream,1193,0.4804625704622843,250.28619167645272,14.08001857682413
stream,1194,0.4741882563483068,267.88720435495884,14.234444830509561
stream,1195,0.4673590398890759,252.30175080678225,14.302621388729904
stream,1196,0.4692372009018423,286.7581187395656,16.158787284498658
stream,1197,0.46716772094214337,300.17182686287424,19.879033328537332
stream,1198,0.46076969363501524,310.61941704933844,19.868332763854323
stream,1199,0.4470639743649657,325.31135571007854,19.58656842099881
stream,1200,0.4307026171827441,305.82857047199985,20.06109799214684
stream,1201,0.4238772183182628,281.1189589585485,16.443503047605862
stream,1202,0.4177252097323439,272.4273251229351,16.9071377311281
stream,1203,0.41359115893642784,263.64997570299505,16.931387122784397
stream,1204,0.4070661139105653,267.05893381272676,16.641968423603274
stream,1205,0.4041341982475116,269.3395540389223,17.04543850032383
stream,1206,0.40288465903754384,259.55072507824104,16.742891544687918
stream,1207,0.3918395500489493,266.41147424940266,17.949692085196087
stream,1208,0.38980181689859683,285.10979339187554,21.21487556202294
stream,1209,0.3881132169868541,284.46446508864693,21.996048548997305
stream,1210,0.39903898995468395,324.0023135246138,23.533632375364384
stream,1211,0.39868807488506514,355.91205233870653,29.00550800462653
stream,1212,0.40315261750707104,300.78633027526377,31.066893462074358
stream,1213,0.40881505233503956,299.0397154543242,28.152467528992638
stream,1214,0.4142885212495146,281.45764977938705,27.877170701650897
stream,1215,0.4127869867887278,301.0862125114933,27.893531855672094
stream,1216,0.41084286688013855,256.4117652727906,26.499711459267566
stream,1217,0.41514502582264107,255.9324189520224,23.197084372543745
stream,1218,0.41556703890297797,252.9849674910299,24.667748607082434
stream,1219,0.41333582408913777,231.38581443724865,24.568767980713524
stream,1220,0.4237667078238154,299.3515506416987,27.895606702213694
stream,1221,0.4248191607861409,309.46507673407814,33.92990479823313
stream,1222,0.4137420457386586,395.2309027173504,32.84598469678353
stream,1223,0.4160742185395545,475.0977330513995,44.99335503492315
stream,1224,0.4172270299788896,472.49761028536506,48.3426269610805
stream,1225,0.42548607898809243,499.92821110582435,49.50541869236484
stream,1226,0.43672671882926456,507.820701218712,49.6582625544514
stream,1227,0.4482997106369942,474.1983226308117,48.36065465117088
stream,1228,0.4545110653886097,476.3843489854965,45.812086319808714
stream,1229,0.4612001865250887,478.77961628614355,46.51890733999512
stream,1230,0.46553525984718097,445.0632970571358,45.65587704394355
stream,1231,0.4709422160398079,419.74984390845555,41.32898646630528
stream,1232,0.47446047860579454,416.3146032775383,39.54454051392072
stream,1233,0.47636186216379717,428.4846848692065,39.57835573454327
stream,1234,0.47843502822177864,449.6954243644461,39.588255894774186
stream,1235,0.4813489235942009,435.33586176897427,39.24079336325934
stream,1236,0.483169262008806,502.79517629013355,42.87776262369925
stream,1237,0.4849136529684439,494.68601831180337,45.878629771238316
stream,1238,0.4845331603046,500.70187748874775,45.71815375862035
stream,1239,0.48254351216471786,496.9789550390774,46.066293910602305
stream,1240,0.4726799971577553,487.92946273233616,44.27296670786568
stream,1241,0.4746151453264138,650.7862839091781,54.11169070362903
stream,1242,0.4751327719471021,569.2447981110298,63.78657509658364
stream,1243,0.47331419161970156,493.8957035392121,51.61601924050326
stream,1244,0.46941616614747284,494.418420029608,48.05191240127601
stream,1245,0.46127687124075634,481.6836401898862,46.761372774610614
stream,1246,0.4524479229832335,474.2323115322245,46.94584123593639
stream,1247,0.4502185062719477,502.0547635454857,48.197627417653386
stream,1248,0.44278487403974753,501.4234170612954,50.524890556973695
stream,1249,0.4360317602971559,499.2454130081646,49.91751800413544
stream,1250,0.440999372509035,584.281497355241,52.045882964403184
stream,1251,0.44307363192981797,575.8330284030413,56.043843048741614
stream,1252,0.4395606711586939,594.7428372982291,55.12483308411014
stream,1253,0.43680937004764697,583.116050915793,55.91541051453723
stream,1254,0.4303458403502261,569.1902755534636,56.29799033080552
stream,1255,0.42814491092737195,573.4917517373619,57.2181137043757
stream,1256,0.42812063720412824,507.4928463840153,53.22411131216719
stream,1257,0.4278216068676248,502.48448700385876,49.57984236356891
stream,1258,0.4256444180352828,490.8385439990963,48.32396284469901
stream,1259,0.4246432843609132,491.25148131980586,48.08893700398947
stream,1260,0.4229897793341342,431.07080550693183,46.08935294637148
stream,1261,0.4229468724253633,224.96173594088495,28.353537909184652
stream,1262,0.42260761642660183,220.9184165196301,18.558396773214646
stream,1263,0.42851818799593316,258.29383165642355,20.31850206122315
stream,1264,0.43161987892075404,260.2649552305663,22.888186488567264
stream,1265,0.42700699708290546,338.39527098477913,24.79520680255747
stream,1266,0.42435665413037515,342.24810237778587,29.484226028436403
stream,1267,0.42289794906416994,313.5955876347114,28.181450245456034
stream,1268,0.41853134891760213,325.9994271149834,26.149066183978317
stream,1269,0.4189205716951273,371.8676334000027,30.998455356447213
stream,1270,0.41813086184927856,290.974708827307,31.91764762812658
stream,1271,0.42038963307278526,318.4758325764544,29.17542698681791
stream,1272,0.4218488430919318,299.15049570088223,30.903929388800623
stream,1273,0.42291284643457583,299.3490437656204,29.929725382305826
stream,1274,0.4239923041919021,291.9048430123336,29.5365504945915
stream,1275,0.4250641110383054,290.67914499796024,28.76163797837362
stream,1276,0.42612884413668245,299.0753419606425,30.081668480577697
stream,1277,0.4278210479368617,305.29444241226645,29.984805526461884
stream,1278,0.42810583821997,347.41756808708845,33.027264480426204
stream,1279,0.42708787722611274,347.71754177515317,34.11582844119178
stream,1280,0.42734963806714926,361.21648437746666,34.81583253062002
stream,1281,0.42516873710096936,374.5815704442688,36.84855654489832
stream,1282,0.4170550309130384,416.1124471490498,36.99872569417769
stream,1283,0.41280786782152523,425.6918293530424,41.79988171642832
stream,1284,0.4103526716239193,428.091810379635,39.99536941426199
stream,1285,0.4084048768627945,333.50340983981283,37.884860829706454
stream,1286,0.41147814079592315,355.77645548639356,33.600242332892456
stream,1287,0.41088825796807193,370.4603601450824,36.54478850676784
stream,1288,0.4064334695762793,353.9618186679844,34.88227195545129
stream,1289,0.4033421328267894,309.5559855120563,30.258525265345707
stream,1290,0.39690780905589923,311.4955365213273,27.34220250345715
stream,1291,0.39848750165341196,336.1914572513777,28.927669109038536
stream,1292,0.39767192738802015,342.2286464021298,30.902447639605732
stream,1293,0.39623228377083536,342.08729510930294,31.007189015168933
stream,1294,0.3994880996450835,368.89736517893033,32.26610180442997
stream,1295,0.4019806330581747,361.48952837900805,33.274662435443275
stream,1296,0.402259458057715,358.72857927163835,31.934795904199262
stream,1297,0.4025260379431388,352.5068251098616,32.20628969810604
stream,1298,0.40277055477102247,308.46055922777504,29.09601558243255
stream,1299,0.40421545156003896,310.4090427533194,28.00415350631301
stream,1300,0.4031932757626573,308.2293600851054,28.12442448775749
stream,1301,0.4035080526940748,296.9895591268904,26.99247145561178
stream,1302,0.40349431048354906,255.2769988927892,26.86936519435427
stream,1303,0.4035856495085291,204.78145435558088,20.361255226449842
stream,1304,0.4028453128740076,200.94246127154398,19.88416148554917
stream,1305,0.40094354340297667,226.9595648322529,20.24444271615107
stream,1306,0.39982030169640354,204.5577893139649,21.398426081640146
stream,1307,0.39909921907964874,195.32585047040405,18.429120207641557
stream,1308,0.39854128598669913,210.02990287548943,20.782083384825228
stream,1309,0.39828414492052594,223.39094286701555,22.963927458214553
stream,1310,0.39706255001452684,237.84808404510704,22.220485328772654
stream,1311,0.3957772560716528,195.02672127489205,20.857727974474006
stream,1312,0.3950760971512489,226.3765059519161,17.171807751927815
stream,1313,0.3935066111327027,258.1732309347627,22.287353399897206
stream,1314,0.39152992000802256,232.07342770480017,21.914235717564136
stream,1315,0.3880166708239476,248.07468340434784,20.923976755043046
stream,1316,0.3838357425373526,240.40603190160684,21.57921817353989
stream,1317,0.38156184130013404,276.20870228478157,22.484528674247063
stream,1318,0.3791615277710839,279.0127696732262,24.681098392128455
stream,1319,0.37441862848201213,314.4814872978381,25.22200413357338
stream,1320,0.37034825558160406,303.7285901945674,26.271572552443615
stream,1321,0.36918753820038885,333.4260870686009,26.058758034785217
stream,1322,0.36731282744255817,345.1209994525725,28.929971438337507
stream,1323,0.3653470456311117,350.66896815648084,28.90664183706852
stream,1324,0.3641370260622863,348.39648780180437,28.79845133989843
stream,1325,0.3635711590208041,322.18224200248443,28.367237825549616
stream,1326,0.364080768170206,317.9835283116243,26.417902640044318
stream,1327,0.3662024989284923,327.8453267319479,26.922921169302548
stream,1328,0.3685659387458477,296.12791739014244,25.07197312611259
stream,1329,0.37113655530527084,281.0189724147281,21.796178221017
stream,1330,0.3752463325100656,278.2689747323864,22.64049565113308
stream,1331,0.3781241442686799,291.91224460596055,23.43433991141697
stream,1332,0.38225629869227845,272.7113018315257,26.901662433636584
stream,1333,0.38633948282059294,241.2935251337333,22.738860535111844
stream,1334,0.3902582449042178,241.8259908587294,21.97463091590796
stream,1335,0.3939944040623696,260.5121801119609,22.413988650854026
stream,1336,0.39598177654533445,338.23950563026534,29.53657616876472
stream,1337,0.39850335583353874,318.4511546287928,29.181990214914915
stream,1338,0.4001052141074255,334.44773115395384,29.434949784244598
stream,1339,0.4013639235498157,296.8314798032013,29.687913262296508
stream,1340,0.40422987505845626,316.8445218896761,28.233674139205903
stream,1341,0.4061654974659396,288.70889408911813,29.113139070353284
stream,1342,0.4056211270224176,304.49048810692693,26.427987196547114
stream,1343,0.40740596262606205,325.0909378368808,30.480363636058595
stream,1344,0.4094963359476985,325.2567347253313,31.136993960262757
stream,1345,0.4103394947789992,329.5198319126842,31.34669060690261
stream,1346,0.41035667526400854,330.6233371648411,31.382376284594475
stream,1347,0.40730174112856743,330.96642438791963,31.17153937978983
stream,1348,0.40363969060677934,330.75799332069744,31.219067356162547
stream,1349,0.3973187259757213,337.34610060802424,31.469405275579454
stream,1350,0.39718981071390325,357.95351549966506,33.78914590153244
stream,1351,0.39883043013572483,329.96486381168904,30.699096776513276
stream,1352,0.399970174410985,310.8512335632012,27.260735933289116
stream,1353,0.4051955261989213,339.9233195621414,27.433250034067505
stream,1354,0.40584351219953707,370.4924144358534,31.630847250301194
stream,1355,0.4086410342036917,356.4642150644354,34.66663850524719
stream,1356,0.40685624540364984,339.37307282908387,32.52345596452652
stream,1357,0.4073979854358344,345.7045910497614,37.500593885104536
stream,1358,0.40766595167541736,326.9161588751283,35.94109208007832
stream,1359,0.4079102629050945,327.74962487483333,35.10500850432207
stream,1360,0.40841518934413823,321.6063657330994,34.8598933814873
stream,1361,0.406365468200571,389.42176170122184,38.794125367966856
stream,1362,0.4042463597120627,373.9508136832901,43.83702669815671
stream,1363,0.40130948555016005,356.58464010013904,41.35100419815853
stream,1364,0.3982420030168044,357.45342653772,40.624501236139345
stream,1365,0.3945297006513185,422.8459465118766,43.619513451039396
stream,1366,0.3913616658947464,477.07358989912944,52.636312487016426
stream,1367,0.3884821444873903,462.73180759982,53.465759264230854
stream,1368,0.38483724346941933,466.61277792002943,53.39074188529169
stream,1369,0.3821981464309523,461.9966983963562,53.56226571821746
stream,1370,0.3759273509656589,478.34042504733134,53.384552179405915
stream,1371,0.37121535111955467,487.75582721471807,57.166146812547254
stream,1372,0.3731356186748543,587.1506582237728,58.51515229147412
stream,1373,0.37308203408924034,576.6639474904716,64.80847873078979
stream,1374,0.3730972096598675,547.5487320365919,60.77253113759659
stream,1375,0.3685448669790025,552.2578825977322,57.39963059762375
stream,1376,0.36426421864415404,492.7374342208105,53.1261411387544
stream,1377,0.3645598209569691,488.53199238558557,47.66237511634746
stream,1378,0.3639838337839698,489.81741758691015,47.85696775986664
stream,1379,0.37300670166614397,552.7269915536965,50.94573891006775
stream,1380,0.37340435981913206,603.9331526410822,60.21242165537666
stream,1381,0.3736866992930262,530.833755220349,56.880184563799396
stream,1382,0.3754536412893034,519.3022130057024,51.549368122198885
stream,1383,0.3745666185266699,512.319619531499,50.17848566426116
stream,1384,0.3708300458723922,516.4091801814074,50.050483851313075
stream,1385,0.3720017556660052,459.4808539515046,48.06905503367885
stream,1386,0.36964280847841585,410.6137308294914,40.332945011990184
stream,1387,0.3712799693972318,416.9280254386449,40.198026790497536
stream,1388,0.3714917101641555,414.22558542719884,40.322713241405
stream,1389,0.36799255358954597,420.4724099273097,39.990723130788666
stream,1390,0.35702359282175,383.73174835154066,37.09528590530216
stream,1391,0.35174254807959265,391.0617352119026,35.712329602737775
stream,1392,0.35369844719058424,308.6183006464896,34.2016547731076
stream,1393,0.3587468066271034,293.1880034175827,26.81004324625035
stream,1394,0.3598947869178913,296.3694609177758,27.223527019159192
stream,1395,0.36630620242446027,279.8220242959256,27.831972432075478
stream,1396,0.3621461396102387,325.0973345169837,29.864339115406395
stream,1397,0.36451945688916526,322.9054303782016,33.66888688777609
stream,1398,0.36679653602312934,321.6011996708658,33.091291220284106
stream,1399,0.3706393848326453,259.78214069830443,29.980408499237267
stream,1400,0.3708984771257078,199.3882728878108,21.03545681319399
stream,1401,0.372099922893429,199.91856262159533,19.083441861994128
stream,1402,0.383217208173841,253.1003626353643,20.645818053122508
stream,1403,0.3833315398217355,300.31506548612435,27.918275198070482
stream,1404,0.3765250156853676,316.3318711244078,28.148964808915473
stream,1405,0.37432835366516104,314.31334898611414,29.133473843947765
stream,1406,0.372992814916095,309.00538396162443,27.97660907585449
stream,1407,0.37005153310227196,302.8248847160495,27.265292357424876
stream,1408,0.36717956315628264,301.724689367355,26.721153980939707
stream,1409,0.3650619254489842,296.0032161141083,26.744913784835525
stream,1410,0.36322370112384667,274.8237432478872,26.59280659159143
stream,1411,0.3603993604485749,257.33896698231973,23.761749657951608
stream,1412,0.3575036570389252,240.61299652109057,23.797716492545838
stream,1413,0.35443700046211357,241.6044619891559,23.97896684163271
stream,1414,0.35108484474360196,240.52114543325655,23.97157325267528
stream,1415,0.34803527105833626,230.66766344199888,23.06479822122637
stream,1416,0.34443858588941917,200.8854956518545,20.155901413847502
stream,1417,0.34244036205454986,226.07067353647608,19.988157953186864
stream,1418,0.3425779876320194,226.15360335729474,20.845577374085885
stream,1419,0.3422011554172383,228.37463285303684,21.01206727322011
stream,1420,0.34582510261437555,236.78247800269241,21.711680819788484
stream,1421,0.34396178636369695,272.80551327971426,24.79433653060138
stream,1422,0.3466469158501898,235.1054119583998,26.823665637161344
stream,1423,0.3470596086480696,190.16251746952418,20.808379111372656
stream,1424,0.3518160776653526,178.73633265686271,21.65082642172671
stream,1425,0.35725109047249975,167.79997869218138,19.828493803376098
stream,1426,0.35669414184802006,185.60080764236764,20.237927622608368
stream,1427,0.3621034515965859,198.10187081340908,22.487688334125174
stream,1428,0.36011219016284574,218.9306442692096,25.032753938284433
stream,1429,0.3618200038873246,222.27676544293283,26.702010284230788
stream,1430,0.36963106950566876,230.11361927582118,26.729419629241193
stream,1431,0.3729630054892027,232.41847072647926,27.491823563318185
stream,1432,0.3849247022474998,255.2135178943077,29.27605028879448
stream,1433,0.3896793351950936,263.7893037343707,31.53002051152094
stream,1434,0.39627541584853243,261.6058427569559,31.846566322046577
stream,1435,0.4000108775197993,263.2408752253531,31.98391770693388
stream,1436,0.40218399437208235,246.62191803390667,31.44072405154304
stream,1437,0.401038893835853,208.7222886002034,27.524558020285053
stream,1438,0.40088070789645025,210.85271629775048,26.531634715022946
stream,1439,0.3937130689623272,221.94901489139139,27.376461778636603
stream,1440,0.39003822439100294,218.18868519049144,27.95189037123265
stream,1441,0.3863481050482978,181.99489737406455,24.743085926189337
stream,1442,0.37586905672753734,175.31125894895843,21.641091283965764
stream,1443,0.36329972827516965,169.9178497496705,20.460105574977412
stream,1444,0.3614135459177105,185.30675007894706,20.354028274026653
stream,1445,0.3628215188008047,194.25611116999812,20.096828861445516
stream,1446,0.35200070765870406,226.09846978762437,23.172704629048642
stream,1447,0.34562328398118003,218.08939007073525,24.08345224348933
stream,1448,0.33761149080277447,197.95097433342988,21.952004853642485
stream,1449,0.3285369680800626,193.40003760604674,20.156660354174267
stream,1450,0.3223253813359008,184.97151394517968,20.403240797376302
stream,1451,0.31308322607169464,188.69741637091425,19.936873381864014
stream,1452,0.30856190785531296,173.86305854318672,19.302763040132966
stream,1453,0.30420371322632045,160.19977392861026,17.120874043493394
stream,1454,0.3002637086116501,157.71767046363098,16.09000536175732
stream,1455,0.29962084240960923,163.615722448438,16.119952334636032
stream,1456,0.2960766377400739,188.76670504733713,18.291850998786096
stream,1457,0.2947970285745554,194.75655494874513,20.568316526946603
stream,1458,0.29429986732854957,205.54551033317546,21.78916794901696
stream,1459,0.2948874580890113,192.64064077484926,21.704480783899992
stream,1460,0.295453074349881,193.97628485130414,19.97146888161808
stream,1461,0.29688782421971094,194.44694221769615,20.44349519339129
stream,1462,0.2980579528539038,185.38503704065945,20.009727867526784
stream,1463,0.3007446344021267,192.80629038744954,20.080879876765202
stream,1464,0.3035242347170221,169.50564284242557,19.74927228297601
stream,1465,0.3062696111662933,160.49837226623833,19.651304936864378
stream,1466,0.31024365799819453,109.65870190985115,16.0049535760782
stream,1467,0.31852971049653545,107.88997688626833,12.703676227698363
stream,1468,0.3263269258783315,107.84245662384399,12.651182821182665
stream,1469,0.33007800662743425,110.83546185025075,12.712382726376479
stream,1470,0.33017996567704333,109.19273793294376,12.477105320397555
stream,1471,0.34275209970371345,129.9943679819262,13.193412216506996
stream,1472,0.34391210971452657,143.72045791953659,15.774457764158118
stream,1473,0.3426123064591158,143.76185968733816,16.06741212401742
stream,1474,0.34224712364544974,144.02977478294892,16.099026682129818
stream,1475,0.3309374764147694,149.10194657299746,16.478965384365136
stream,1476,0.3311633993429632,133.47312398429165,15.883545059856916
stream,1477,0.3323883062500238,124.26095370234688,13.99428026447264
stream,1478,0.33384805410357005,111.87288019605687,12.418638991400519
stream,1479,0.33891799353726326,116.24681839256677,11.830042728189555
stream,1480,0.343349159320027,104.74980475921753,12.074608140296103
stream,1481,0.3563274784166503,143.1736572280342,12.983624464386356
stream,1482,0.36468792278195933,155.76484304261817,16.445050696135535
stream,1483,0.36575051993958113,161.98657861006848,16.07420740190049
stream,1484,0.36729044766666324,160.21386915145345,16.03651095527165
stream,1485,0.37407886922676215,176.939578104537,16.458219420789042
stream,1486,0.37569072692516636,184.95638611104687,18.289095708142543
stream,1487,0.3764664121107619,179.64390823471896,18.420690386767067
stream,1488,0.37558118893736,181.00119175107073,18.10042521203321
stream,1489,0.374966870014611,178.93286557433396,18.32724983392309
stream,1490,0.3702647423327041,201.3513502949558,18.686235054671023
stream,1491,0.363845414829871,186.82204483381213,20.052553424772583
stream,1492,0.3600773735911202,170.97754731609405,16.341094882341444
stream,1493,0.351528318278588,178.2405765700227,16.598928300384422
stream,1494,0.33773524518679254,181.90904096765638,16.598884224566998
stream,1495,0.3236462306058035,169.54687115346667,16.115328724853796
stream,1496,0.31734624185919974,175.18491851457142,14.974286388641769
stream,1497,0.30824889831283986,176.71526091963904,15.48569833422028
stream,1498,0.3005595868133538,176.75555667325847,15.639678757180848
stream,1499,0.2931003301774637,169.55789773371686,15.238531525527145
stream,1500,0.2611028485913211,169.32616948571598,14.883147590259185
stream,1501,0.24057815681843409,130.0638536430073,13.285197278504551
stream,1502,0.23949494724730888,122.12638782250006,9.8962541902304
stream,1503,0.2592811376373489,113.19537630109758,9.892673714135855
stream,1504,0.24760629015909563,113.63991215954482,9.635944780425937
stream,1505,0.236903332657412,96.92917398364199,9.193104462695345
stream,1506,0.20348025792879468,106.75123813214904,8.124428658764117
stream,1507,0.18603207888331047,122.40717573803713,10.22638801171514
stream,1508,0.17911011041267325,120.59211877301308,10.842783636720563
stream,1509,0.17726364095822258,122.59068467611523,10.65991318526409
stream,1510,0.1808174006153646,102.19722137046179,10.774600308316598
stream,1511,0.18178244143198866,90.69895669735986,7.915780252466697
stream,1512,0.18267735926002765,85.13787276816853,8.127309889938797
stream,1513,0.1821666266172399,80.98788589583575,7.2294222458907
stream,1514,0.181808309502188,76.9541688269499,7.281408583959178
stream,1515,0.18132874733517712,81.69363950582586,7.2646662510478155
stream,1516,0.18249499856904924,86.08322119109124,8.489605419815051
stream,1517,0.1846977981116775,94.13995628759741,9.483854166098522
stream,1518,0.18648001832481695,93.50659714457242,9.63337825431423
stream,1519,0.18996926625507188,93.36432531727412,9.632084971516512
stream,1520,0.1982855658554277,109.17555109553521,10.200873099678505
stream,1521,0.20502833106041335,113.59157075974665,11.426426508962813
stream,1522,0.22055861927723097,120.8134353222542,12.403180137898781
stream,1523,0.2298570923070247,126.81601339776529,14.017736472751524
stream,1524,0.24592582776985683,131.73094436871,14.814256196541965
stream,1525,0.25128667141970096,143.01033084441391,15.900419727709746
stream,1526,0.25654947653619686,125.15833518441327,15.558378017230469
stream,1527,0.25645722862174974,112.91667551530648,13.263948852123262
stream,1528,0.26634754541191313,122.66699421879966,13.510842226548869
stream,1529,0.2770297432302218,118.47256913002892,13.710367426783744
stream,1530,0.2859122387882535,115.35383153832434,13.198135220551988
stream,1531,0.2899329451072545,113.45147785049731,13.233010007714093
stream,1532,0.2934861263522627,112.89252749478189,13.067884867495671
stream,1533,0.30036515261811464,112.70558292581931,13.102332972066069
stream,1534,0.3062629688967297,112.90663636993523,13.196966615809716
stream,1535,0.3129986414140192,108.38385503787714,13.033088751049881
stream,1536,0.31407473391511015,95.32036514597178,11.701093870521056
stream,1537,0.3216088900740954,110.14849551428594,11.812334702040145
stream,1538,0.32485896816719867,112.0677754845296,12.851451997838371
stream,1539,0.32453985568657223,124.68655715857298,13.000091067873266
stream,1540,0.3237061038585235,108.89978651618688,12.887222839046583
stream,1541,0.32354851143562546,105.00698458546422,11.671502877847285
stream,1542,0.3219251598530672,96.82016254588383,10.592271025705443
stream,1543,0.32278689357601104,116.01902610860031,11.034426972875405
stream,1544,0.32273701215050543,110.57129492182514,10.96122515968439
stream,1545,0.32228969041455674,123.45917041677734,10.677641784564603
stream,1546,0.32208164688003654,137.79325100838685,13.095751647649985
stream,1547,0.32153670318258054,134.4281709771023,13.589639309040374
stream,1548,0.32182416813986636,128.63094580291,12.722373275547707
stream,1549,0.3215026253820801,132.78269989592346,13.119862094139805
stream,1550,0.3214610532632767,135.04397583494787,13.562707599321056
stream,1551,0.3212109204194882,133.9231169903374,13.742239354274133
stream,1552,0.3189310658031627,142.22872252810305,13.818173519772705
stream,1553,0.3164221890318544,140.53506852802917,14.350434798097325
stream,1554,0.31462279296840406,141.46728927559536,14.173524120286174
stream,1555,0.31501518555118435,144.92043106935702,14.13940346141758
stream,1556,0.310168753233757,156.60118434651116,15.225185497101746
stream,1557,0.3030316101637099,132.67760124514712,13.556804014179253
stream,1558,0.2962462751348745,131.40027873482995,12.298120726933837
stream,1559,0.2890198948124952,118.80629224738196,12.177130719485895
stream,1560,0.28444303512277297,120.26178130102188,11.756273746774385
stream,1561,0.2816087439070264,120.18483789142161,11.759016620313332
stream,1562,0.27308247047627116,120.71753691635749,12.018388916555603
stream,1563,0.26905898202838846,93.03833799194115,10.435361397206476
stream,1564,0.2702236631251049,95.35594200374852,9.364003807487874
stream,1565,0.27256598460204656,71.15294708725907,8.605474340181393
stream,1566,0.25918354789695025,78.05147392046106,6.623607400027676
stream,1567,0.2666833446719783,113.59950526433023,9.926559099011167
stream,1568,0.2662121010052797,114.87667989036312,12.343668262699044
stream,1569,0.26325364666764367,111.25937419454964,11.706074391291601
stream,1570,0.27302671453649435,122.52265600205284,11.954517840223023
stream,1571,0.27893178684296194,123.08649724566794,12.594968972014948
stream,1572,0.2776300345107668,119.73432687482686,12.475851045550838
stream,1573,0.2788152919201312,118.82860016103153,12.1940007458381
stream,1574,0.27536731394030994,119.47602946661941,12.403479636935625
stream,1575,0.2628815410693638,127.50099135387458,12.550771394969045
stream,1576,0.26915063715558757,155.67024309703703,14.762425502253754
stream,1577,0.267145262696987,160.71238291274116,17.488329872391184
stream,1578,0.2638031853114745,160.66746537253974,17.49394528831492
stream,1579,0.26510314707427535,171.0742220856501,17.984537509002003
stream,1580,0.26084165031806256,171.18564264249042,18.69548365739501
stream,1581,0.2545605709073928,174.50470507587383,18.693600584611534
stream,1582,0.25519574833631525,184.76525100546243,19.55121927125959
stream,1583,0.25081867976425587,193.69075387221676,20.992865361130413
stream,1584,0.2464067745141559,191.8355465778701,21.58749872767291
stream,1585,0.24084163003413975,193.6785114902729,21.68885394760368
stream,1586,0.23578492707592294,172.70526902942058,20.844709843997478
stream,1587,0.23048436657188548,139.74658279932527,17.13501353989168
stream,1588,0.2259888709097756,135.81426655618458,14.984999435152684
stream,1589,0.2284996469084322,145.8332626511356,15.077698719482225
stream,1590,0.22856884336553226,145.434600074521,15.999676586079712
stream,1591,0.23008241907707805,144.7164045449836,15.791910993047292
stream,1592,0.2345796786312027,146.12000576995067,15.867262460790277
stream,1593,0.23706764925039175,147.26324032870588,16.036196796137357
stream,1594,0.23621595217407443,152.47060313098314,15.882505845769817
stream,1595,0.2374730409877036,153.72537887324188,17.305738261715014
stream,1596,0.23625139655379226,140.68629096633174,16.915876222662412
stream,1597,0.2354407441547216,142.7102399500582,16.363496113490385
stream,1598,0.23659849258277657,142.38686733590288,16.395475406863287
stream,1599,0.2356907075815037,136.51869421796792,16.136463471036684
stream,1600,0.23330296764248354,135.6498074403696,15.44932676257465
stream,1601,0.22752524520056833,132.27351460525583,15.443935026635483
stream,1602,0.2158100883115793,125.11470740834496,14.409264266871068
stream,1603,0.2152129539005709,143.52064433172094,14.936339503089371
stream,1604,0.21647382129844303,144.38918855083858,14.92963015631587
stream,1605,0.21200642080030288,154.35090585219388,15.467913544308455
stream,1606,0.21644142786521114,179.6595674674337,18.2064006559797
stream,1607,0.21571054187412667,185.16303945995864,20.400240386107814
stream,1608,0.21169344312826363,190.5738907368097,20.045170481639467
stream,1609,0.21663189569678937,214.82545728116776,22.609494582198224
stream,1610,0.2159398734931297,210.39306395794955,23.667922042802125
stream,1611,0.2174522187878317,210.13136119384595,23.28222979203981
stream,1612,0.22356393204847708,224.70869755371334,24.052920307645106
stream,1613,0.22443421411778744,224.43253743577313,24.76259195117984
stream,1614,0.22449195638191485,217.5730408282919,24.80898888870525
stream,1615,0.22223336798896173,212.03696215054063,23.56991129575716
stream,1616,0.21789895161157308,179.7481803136677,20.840955965274365
stream,1617,0.2153601011431265,174.79663264633967,18.280055402110374
stream,1618,0.21593679898673246,176.54525383643252,18.462167040704895
stream,1619,0.2177361637201942,173.16570786083824,18.43160194236009
stream,1620,0.21808097809510904,172.45263620609077,18.394922596712536
stream,1621,0.21946427702897967,203.68768043066348,19.50200433523394
stream,1622,0.22017145396240959,196.25808022747694,20.65253250890242
stream,1623,0.22296360265817422,166.67548179159587,18.21546481391872
stream,1624,0.2286045739750103,166.02125694131342,17.663916260351108
stream,1625,0.23260479410963453,156.95074551120322,16.977928968939885
stream,1626,0.23444311515250568,135.14144221948027,14.700008394880594
stream,1627,0.2377544817170775,127.53154778310932,12.620669764438405
stream,1628,0.24042439101322255,126.92434409426137,12.746539769915323
stream,1629,0.2374115036126501,98.57367899830372,10.947151901382266
stream,1630,0.2343840446039323,93.55165380363636,9.029626305898736
stream,1631,0.23260546134908242,93.72278080566387,8.960972898704759
stream,1632,0.22361338391000643,82.71581489124331,8.281779414248229
stream,1633,0.2226861442644771,96.79199585129564,8.983510386770018
stream,1634,0.22168215987297638,96.75045415476778,9.491636472219634
stream,1635,0.21954106738535106,93.774194654604,9.240857833404647
stream,1636,0.2279363525543595,113.37430635114455,10.371568086857929
stream,1637,0.22308285789037505,134.31419999886126,13.516253225224418
stream,1638,0.22114719901987967,133.500541434789,13.734444635777422
stream,1639,0.22412249140905915,139.94676661506077,14.04293900837072
stream,1640,0.2188764963444254,147.8214700053609,15.086459936182095
stream,1641,0.21845619047123704,119.23719674674378,14.740934391090066
stream,1642,0.22010571347358043,119.5611399687883,13.637688570186254
stream,1643,0.2231851538444866,124.68131250895532,13.970189472656225
stream,1644,0.22623450721951174,124.44782888149787,14.211345738128456
stream,1645,0.2335383838875158,138.70570944336117,15.085069151204117
stream,1646,0.23968048763642755,137.92187177848223,15.746911655298586
stream,1647,0.24510986485640662,137.41918372557254,15.535185617946643
stream,1648,0.248164127458161,131.58554132598022,15.439733535654955
stream,1649,0.24834556872740127,127.8071072567629,14.727260318668906
stream,1650,0.24372767046169208,127.33610883505129,14.409977042616314
stream,1651,0.24341451007757084,141.85344647602918,15.345708914706211
stream,1652,0.2386826404538995,135.82607780482704,16.344457047126472
stream,1653,0.22992390977182878,123.51699426209264,14.44118383805393
stream,1654,0.2229167015865878,124.43175852515687,14.109446023508637
stream,1655,0.21533251399144973,120.25476374401845,14.110801209519076
stream,1656,0.21094153576936667,101.71930350098611,12.59701603945999
stream,1657,0.20745555163998683,78.65280884772544,9.461110597639774
stream,1658,0.20337048313274728,77.85204351499986,9.00468644946233
stream,1659,0.20300440774259143,79.96106867867061,8.98576896017846
stream,1660,0.1974069995241932,80.30405144136846,9.30423089042295
stream,1661,0.19500572585447737,79.76832520115187,9.219084119774774
stream,1662,0.19656538009875774,81.48175462677229,9.036527153814221
stream,1663,0.19053727369952866,88.87510982641675,9.621796157964113
stream,1664,0.18766997090237714,89.6023935817028,10.062471591228618
stream,1665,0.1851780192393582,72.60899441764255,9.191773127991125
stream,1666,0.17962675566017428,71.6469266623317,8.13847617725382
stream,1667,0.1814862084257441,80.44340525492784,8.73214048185191
stream,1668,0.190363034813087,80.07324422224012,8.97316609357692
stream,1669,0.18346113648582324,87.24558550712362,9.23580642756584
stream,1670,0.20633905295783883,99.5374539450467,10.53644343427423
stream,1671,0.2166687469285993,88.75095527670457,10.664894631130553
stream,1672,0.24122028319464434,86.55738470457959,9.80652250474264
stream,1673,0.24814447602473338,86.01170514815476,10.15715848015319
stream,1674,0.2671786757871687,87.32392291559646,10.228088477313808
stream,1675,0.26607341590804967,91.626037889085,10.589450324714228
stream,1676,0.266386491236309,89.4040516311322,10.592981315483117
stream,1677,0.26057581317529316,89.33883365544183,10.585447649983292
stream,1678,0.24608851090562955,89.8078003185778,10.514386062443144
stream,1679,0.25395268591369435,87.5661111191437,10.471151477212548
stream,1680,0.24788227463707682,82.33666425916697,9.821680594626459
stream,1681,0.2569337356059289,83.61285752243168,9.572532493750199
stream,1682,0.25599041737001255,83.09615325785458,9.951777639895658
stream,1683,0.24784010141350465,71.51660378476356,9.030120896386325
stream,1684,0.2496536844849201,72.22603332431599,8.486422029361938
stream,1685,0.2546405992297531,72.37266363949432,8.496410588918133
stream,1686,0.2643961542544693,70.93918210247398,8.42087116614005
stream,1687,0.2689388972440644,63.20248868663018,7.884938521176437
stream,1688,0.26684305292493815,64.06596323683105,7.607935181345607
stream,1689,0.2608868221134111,54.3742848033311,7.140083524982105
stream,1690,0.2787453101413653,57.906751439033556,6.210971490669028
stream,1691,0.29152922585816293,54.02375876291653,5.82106054210625
stream,1692,0.29279799207181223,58.02212125150008,5.644342864531762
stream,1693,0.28572187799691595,57.559612317431096,5.329319461099838
stream,1694,0.2780165392647283,55.207589772721256,5.040934593217721
stream,1695,0.26630704541322003,50.97747499708932,4.611092944330744
stream,1696,0.26237027833431326,53.15521467092667,4.6311934662711
stream,1697,0.25652597387162623,54.2114790544631,4.892215335037889
stream,1698,0.2576321684977778,59.978587251335206,5.360755484750195
stream,1699,0.25653700035067223,72.04833668385037,6.683380508219861
stream,1700,0.2542742823496927,96.06025754955566,9.328490358751754
stream,1701,0.2544015716211118,98.32779653091511,11.09256602329333
stream,1702,0.2543480530925039,98.22774882232942,11.171994754649834
stream,1703,0.2550983876774288,97.83877567282596,11.332445463052972
stream,1704,0.25980257336688645,99.02268895187031,11.19266693339252
stream,1705,0.26877585744690585,100.27696374259641,11.158159734333502
stream,1706,0.27542298013593675,99.68564112727596,11.205453558833248
stream,1707,0.27923214581544176,99.0227861241836,11.091432590740345
stream,1708,0.27870261431223364,107.29454406030075,11.595202013777547
stream,1709,0.2775394838057823,111.89897349455812,12.620409516612177
stream,1710,0.2753576087042011,104.49111888967043,12.932333205749229
stream,1711,0.2727642542181423,106.56931972809478,13.024127345225105
stream,1712,0.2710507730340321,100.78073400294198,12.910140375450474
stream,1713,0.268663689623083,102.6769465625197,13.029581496918803
stream,1714,0.26655838517363384,107.51416601068902,13.696331388536061
stream,1715,0.2643289105430335,112.06994453565132,13.656642475328693
stream,1716,0.26243875826054197,119.8984426882556,14.441043645767468
stream,1717,0.2598802467877726,125.43921659632387,15.374667404505132
stream,1718,0.25628778431034444,119.11814061261029,15.026895122088284
stream,1719,0.2534846091812136,100.07104761298436,13.26980782858252
stream,1720,0.24995357090984163,75.93440197442308,10.137050407202327
stream,1721,0.2479664983234378,69.87335097311906,8.037037976891792
stream,1722,0.24777450970959836,71.46763262360632,7.676043865010207
stream,1723,0.24842427427805985,71.22451236079863,7.753873346668094
stream,1724,0.25003988693980017,69.23270333892269,7.826924351950085
stream,1725,0.2508758675156621,71.76949878965408,7.840292069833042
stream,1726,0.25179753602005767,72.96082743055553,8.094403341084531
stream,1727,0.2523463936774334,72.81349458164077,8.149552853387723
stream,1728,0.2525720772923948,63.79649639675331,7.650069167388325
stream,1729,0.2532321949638336,59.0116052482914,6.6281806642604355
stream,1730,0.25395430718284084,48.194809156692266,5.538128372334793
stream,1731,0.2544107631148413,46.02534902115788,4.593761363291366
stream,1732,0.2544901033728131,46.87820344507355,4.540520836915022
stream,1733,0.2552437780634053,43.90724809701357,4.502031759885155
stream,1734,0.2528373066896453,48.928984747305,4.411874699052637
stream,1735,0.2530219720940393,49.86967630945283,5.54641547199683
stream,1736,0.2536985693572587,39.896461789854065,4.750804052986581
stream,1737,0.2553040211392586,33.775343962547,3.5472831765341346
stream,1738,0.25552838779153286,35.22245856292166,3.6065538698381565
stream,1739,0.25658965141512075,37.319924531183915,3.8504686235549044
stream,1740,0.25875029967169655,34.56931667931749,3.6750509542987797
stream,1741,0.26076267777534246,34.570970184522174,3.585437901964124
stream,1742,0.26076034380968727,31.83736630077805,3.4958499696441465
stream,1743,0.2609096269375709,31.668344789388033,3.258522726494683
stream,1744,0.26004460073635527,30.5780521199015,3.1581472049182673
stream,1745,0.2623378332283827,27.94848820670986,3.1979042165438076
stream,1746,0.2640528314982615,26.984983022739602,2.9933535533746247
stream,1747,0.2637569453399168,35.103956549745725,3.0917184552804966
stream,1748,0.26598894222910335,39.82424501800058,4.0654182890713315
stream,1749,0.26562396278225875,44.01120472529094,4.671445352600002
stream,1750,0.267432523403386,44.74389239387812,5.069428271703529
stream,1751,0.266115606904807,46.38357173541126,5.277708233949165
stream,1752,0.2637958548187718,46.034835717041226,5.410045900801423
stream,1753,0.26069519065492014,44.993937064947744,5.313900752583373
stream,1754,0.2622882767761179,38.80974012006806,4.797421855406391
stream,1755,0.26170140933500713,33.48113158700579,3.694290898906643
stream,1756,0.25387795840135724,46.524171121192545,4.138301795826959
stream,1757,0.25198409861711185,48.14960939341019,5.1088863219520695
stream,1758,0.24461722311708284,48.21593250880725,5.230775858976511
stream,1759,0.24808345573812002,54.61726755045605,5.674492993015547
stream,1760,0.23525336017118853,63.553795511547435,6.876464320812605
stream,1761,0.2292131182563843,65.10867954400327,7.580073965939759
stream,1762,0.2278801451513049,65.30845112249423,7.580100197459966
stream,1763,0.2201399901758905,65.7567489322654,7.670314485775852
stream,1764,0.2258355124399708,74.30154718270312,8.198347906589417
stream,1765,0.20873598937125296,97.23029589744853,10.226642737991277
stream,1766,0.17846140470606575,113.25604628017658,10.15466887856263
stream,1767,0.16558081319136983,112.09594848886063,11.74171110323204
stream,1768,0.1571319116525393,109.15998598559825,11.392078358881562
stream,1769,0.15760823860506562,140.10308927977093,12.86518336963815
stream,1770,0.16132625078642884,147.98792137114634,12.7201176474964
stream,1771,0.1599937093233408,162.82651710586543,14.285958471839464
stream,1772,0.16452280887625034,166.74588741975776,15.536293301972202
stream,1773,0.174664750722181,167.84274425545158,15.548268942411166
stream,1774,0.18857039762193703,164.26702588881582,15.439892930620733
stream,1775,0.20549447313232272,163.8052969553147,15.411343614838689
stream,1776,0.2289112826603001,150.9902187001394,14.793101801584273
stream,1777,0.2200483287792734,178.11656631800193,15.002377805686628
stream,1778,0.21865549303930656,177.48242276554816,16.248570547242064
stream,1779,0.20687738733687314,173.7372108388,15.914526832497728
stream,1780,0.20783811901615082,174.47282424246558,15.775169553434404
stream,1781,0.19523405691983578,194.61829494840998,17.287494710369774
stream,1782,0.19681731475282965,204.3292316719023,19.53809092117774
stream,1783,0.20082942861347772,203.69596734437204,19.849836083712887
stream,1784,0.20866796083466674,200.3861248353636,19.551979173414523
stream,1785,0.21485746949687795,176.20735831686028,17.6723818742367
stream,1786,0.2172697484375142,163.28064368452667,17.709919696708464
stream,1787,0.21988111753510373,157.05904310739953,16.25887236921365
stream,1788,0.22174231220312457,159.32829751735463,15.938336504566506
stream,1789,0.22501926722678134,131.14113720390216,14.651868691489577
stream,1790,0.22843199586762925,126.78544116223469,15.15757086325986
stream,1791,0.23288734694680313,115.46758471783838,14.156570149659844
stream,1792,0.23679906170645074,129.7734722353493,12.918689917626937
stream,1793,0.2396820120724302,130.24123460787823,13.989512690687947
stream,1794,0.24264105385389367,161.0139260253095,14.57677513189331
stream,1795,0.24419193107986736,173.91316644891307,17.76805519219521
stream,1796,0.24427523681562538,173.9700205737808,18.396631925590675
stream,1797,0.24472919480966893,145.64559168378537,17.212829357797673
stream,1798,0.2443945093756578,145.45414729066033,15.860312981248594
stream,1799,0.2456529313981447,140.2070821137052,15.49791984800854
