segment,end_index,PW_WTC,E_CCDC,CD2_P
stream,0,,,
stream,1,,,
stream,2,,,
stream,3,,,
stream,4,,,
stream,5,,,
stream,6,,,
stream,7,,,
stream,8,,,
stream,9,,,
stream,10,,,
stream,11,,,
stream,12,,,
stream,13,,,
stream,14,,,
stream,15,,,
stream,16,,,
stream,17,,,
stream,18,,,
stream,19,,,
stream,20,,9.585790916949854,
stream,21,,11.091406187524054,0.7323010085874978
stream,22,,10.779359482084503,0.705326114593355
stream,23,,10.689978147973669,0.6491899768556355
stream,24,,10.709901218779628,0.6300315340201641
stream,25,,10.62397823916421,0.6029077963499299
stream,26,,9.394657585546799,0.5777573223025536
stream,27,,11.16662072434269,0.5991094257931355
stream,28,,11.163748639763364,0.6968013936422278
stream,29,,11.172593496522452,0.7126010702838989
stream,30,,11.172085643055748,0.7126010795538258
stream,31,,11.878270795746031,0.7281243057847443
stream,32,,11.982325625089533,0.8809026186112691
stream,33,,12.162569513176667,0.876101023228704
stream,34,,11.710014535546176,0.8860257623113192
stream,35,,12.130887442523232,0.8949213338486924
stream,36,,12.107470069291704,0.9034562455677533
stream,37,,12.778696428235502,0.9425616442376782
stream,38,,14.709066359751349,1.2492452116697472
stream,39,,14.96863885597464,1.4177361038846272
stream,40,,14.840964972020776,1.2958974012871574
stream,41,,14.17337485082726,1.3650340423784466
stream,42,,14.114724187247141,1.3762965762628048
stream,43,,14.420798185040104,1.3937772278159695
stream,44,,15.554059126089184,1.3915850207832683
stream,45,,15.599973869572738,1.399987482285936
stream,46,,15.544309429757572,1.3994948194269707
stream,47,,15.115754279501532,1.3946355124395464
stream,48,,16.096585145186378,1.2982909239192482
stream,49,,16.10361308778952,1.353738620912369
stream,50,,16.481106756679864,1.3577169448502255
stream,51,,15.880690514959028,1.3795802273526312
stream,52,,14.645488123027878,1.247572562561992
stream,53,,14.304849195477528,1.2400947740113961
stream,54,,14.772279028179948,1.2611215468086987
stream,55,,14.710258636091925,1.2406551050614574
stream,56,,14.8960524058036,1.2293909132112013
stream,57,,13.143124926935625,1.1670529646094991
stream,58,,12.679282794441134,0.9209970583697864
stream,59,,10.31923040528166,0.6550366756890487
stream,60,,10.117819509780652,0.6220105933407645
stream,61,,8.970338540160604,0.5382754703057198
stream,62,,9.294594076517171,0.49555662381677973
stream,63,,9.776226904739424,0.5617614861033435
stream,64,,10.264978458807722,0.7817861454254618
stream,65,,10.269191225023121,0.8151956936573331
stream,66,,10.270559170040833,0.8154860692670368
stream,67,,9.215762297428764,0.7850305855529989
stream,68,,12.747838800053811,0.861838327553105
stream,69,,12.673698530428968,0.9373508823861009
stream,70,,13.81993621371657,0.9961172367016055
stream,71,,13.583757802982717,1.0364218434107848
stream,72,,13.471961270750883,1.0051042366052847
stream,73,,15.203713459606996,1.0872645612721261
stream,74,,15.020933833456276,1.1469393605825464
stream,75,,16.931094143115484,1.183233670170264
stream,76,,16.743497102404685,1.2810534592538065
stream,77,,17.199598899175815,1.2903911666481174
stream,78,,15.249982188079942,1.2353213131606178
stream,79,,15.962792295814042,1.1983533141777134
stream,80,,16.030507590378853,1.2136195132264467
stream,81,,16.233030493103723,1.2246250011652082
stream,82,,16.620182692492204,1.270110161792645
stream,83,,16.055596353073547,1.1905925497116572
stream,84,,15.173427434130813,0.9623192260345386
stream,85,,15.218361501619292,0.9195924095451529
stream,86,,16.243212414707653,0.9342707321635401
stream,87,,16.296042197804532,0.9282926037858069
stream,88,,12.149880287021189,0.9058423516475058
stream,89,,12.415831306397354,0.807014151204375
stream,90,,11.300311972338017,0.8126822664545202
stream,91,,13.269202588423989,0.7453201775421107
stream,92,,14.389761471959941,0.9638948028484635
stream,93,,12.720048525465165,0.9019507655504934
stream,94,,13.411408658044255,0.8785865669418681
stream,95,,11.184190528733161,0.8601860276230742
stream,96,,11.850056718005188,0.7737517250080206
stream,97,,11.683085778639619,0.8189479353215519
stream,98,,11.750179322388517,0.8310850872237584
stream,99,,12.626026496034987,0.8793171907878606
stream,100,,13.85980616312288,0.8644245590844761
stream,101,,14.065650486953393,0.8543711738284486
stream,102,,13.44296905430292,0.8066182481959264
stream,103,,13.725051470887058,0.8423885160313511
stream,104,,12.504765536470758,0.8793064639982006
stream,105,,12.402790172878445,0.85755681016615
stream,106,,11.432473262510143,0.8431961980812879
stream,107,,11.71392513771798,0.8670800786123823
stream,108,,12.296945933922933,0.81206966926826
stream,109,,12.4373272848542,0.7692015634789945
stream,110,,12.05309961320949,0.7186877524628762
stream,111,,11.322285032250386,0.7544804703889632
stream,112,,10.242171235149561,0.6056313231755484
stream,113,,10.145654210526319,0.5895269336897747
stream,114,,9.612517412993014,0.5433760406620926
stream,115,,9.952848943827453,0.5272887143669336
stream,116,,9.349388009444574,0.5242160164977056
stream,117,,9.091561213575512,0.4689520344212839
stream,118,,9.176682837809647,0.4546938430541419
stream,119,,7.740074003150334,0.3788014746446424
stream,120,,6.7886282815722225,0.38424885550077215
stream,121,,6.73398065096654,0.432953889532251
stream,122,,6.799615379619198,0.42829051609906205
stream,123,,7.048719650289936,0.4575780329148258
stream,124,,6.477278244449351,0.41801953012175763
stream,125,,6.7231720027468835,0.3998902364467046
stream,126,,6.691815179202391,0.399643182370252
stream,127,,6.223235084185608,0.37067139814378997
stream,128,,6.28684207564458,0.44448158004652694
stream,129,,5.950525362317474,0.5145091438859125
stream,130,,6.0091698954518185,0.49469831148797777
stream,131,,5.289977163664577,0.4490345850424942
stream,132,,5.238264266969232,0.39190383095718295
stream,133,,5.482994214779163,0.39876645182505976
stream,134,,5.530784904696687,0.3784297188825472
stream,135,,5.515849617212265,0.3765984035601027
stream,136,,5.5806992065631205,0.36992668616034885
stream,137,,5.791316826578583,0.39675814306037294
stream,138,,7.341637207167715,0.4052021633731272
stream,139,,8.966926508578684,0.4051441283899967
stream,140,,9.003344839007799,0.42073944769800803
stream,141,,8.945773409481752,0.37038785985392075
stream,142,,9.439825327873523,0.36907568649857636
stream,143,,9.571423680753478,0.4335371298545433
stream,144,,9.572153406975657,0.447435674865419
stream,145,,9.398156002951724,0.44413712014440093
stream,146,,9.427743210218285,0.4449410009596928
stream,147,,10.775741470615294,0.47472990301820683
stream,148,,9.789765310965835,0.43869373170219755
stream,149,,9.794686622032282,0.3753196027890373
stream,150,,10.819017349764145,0.4251198235046827
stream,151,,11.351772291568306,0.4142017831271659
stream,152,,11.903708761470453,0.40416711725805843
stream,153,,14.511015340666516,0.41994487766435284
stream,154,,18.091791088768094,0.9488257084938683
stream,155,,17.716000963995647,1.093491516335161
stream,156,,25.132570058739717,1.3462237211498458
stream,157,,24.98203407451534,1.54102319083733
stream,158,,23.34605848335691,1.5231044686966426
stream,159,,21.834542487765905,1.5248570022171142
stream,160,,22.439985583289058,1.584226867015073
stream,161,,22.565869481013596,1.5853470897569601
stream,162,,23.388481971224845,1.7191060047262876
stream,163,,24.452543468531736,1.5882359626550646
stream,164,,26.128353456392457,1.8421487100751088
stream,165,,27.02903933759204,1.8437897815467124
stream,166,,28.68760606086078,1.8472338983098997
stream,167,,27.280916152051766,1.9295740050702428
stream,168,,28.775082137522503,1.9891516462106045
stream,169,,28.67505802183909,2.029262948169786
stream,170,,27.62463509945007,1.9838636314976645
stream,171,,26.679655828760506,1.9861866501055097
stream,172,,26.26076797866751,1.9796428645079585
stream,173,,23.421866082403678,1.9579123609067683
stream,174,,19.5870838193915,1.4310846695591215
stream,175,,20.826789665527677,1.3043375312623915
stream,176,,13.845667571708839,1.0571029314552491
stream,177,,13.755937286105961,0.8596147223384936
stream,178,,13.99817103559118,0.8787204454677162
stream,179,,14.79277862363302,0.9683733807924388
stream,180,,13.806177199213547,0.9418152166246208
stream,181,,13.43546408597934,0.9431159875724501
stream,182,,11.992551304278368,0.808245505192481
stream,183,,16.44221732171087,1.0159885453022266
stream,184,,15.57295055748455,0.8128191524909213
stream,185,,14.99060563787015,0.8932818260875202
stream,186,,13.752118607614978,0.8885309942637591
stream,187,,15.071780523249084,0.8900332359968699
stream,188,,14.960015286009137,0.7905103611787724
stream,189,,15.34657287845905,0.756169718208732
stream,190,,16.534940450152725,0.8498593236042176
stream,191,,16.364412317925023,0.8787066973833824
stream,192,,18.39704823231101,0.9696125326145407
stream,193,,19.307594867582583,1.1917377758904295
stream,194,,19.06985033683494,1.2073808145248544
stream,195,,19.33235922232815,1.232737184362246
stream,196,,20.042454774718856,1.422552729611332
stream,197,,20.44346805852368,1.5072246458371046
stream,198,,21.386288095106487,1.6093565480354923
stream,199,,20.780930330757908,1.526868257617693
stream,200,,22.12178421621217,1.5785739596650974
stream,201,,22.091176126644974,1.6361067854663844
stream,202,,22.257810001418253,1.6411596640701205
stream,203,,17.88078426048187,1.4768744094946233
stream,204,,17.121062733896423,1.4376198937245956
stream,205,,16.7306473385215,1.356968132775579
stream,206,,16.42663379098942,1.3660158381821614
stream,207,,15.31849808627437,1.2471201875910538
stream,208,,14.457920149871567,1.248280478498296
stream,209,,14.068640834751363,1.2481321772112544
stream,210,,12.902577317308598,1.1512542392352338
stream,211,,13.990089386399346,1.1972534920008553
stream,212,,12.037867786341922,1.1240750983755987
stream,213,,12.233639539453934,0.9787660613794887
stream,214,,12.402101997297065,1.038359557482644
stream,215,,10.895853059653229,1.0044501578936176
stream,216,,10.426246760711813,0.8436980153536393
stream,217,,10.616101411971485,0.7345074376604148
stream,218,,9.602018858778107,0.6145431465413288
stream,219,,9.423384549530173,0.6063519163178338
stream,220,,8.374926954950832,0.5438781542085389
stream,221,,8.808908563003374,0.5505371640407436
stream,222,,8.727578040982024,0.5834746143051497
stream,223,,6.732292877220037,0.5379496232547838
stream,224,,7.72982705408602,0.5556856212087555
stream,225,,8.229071342269334,0.5567262417231189
stream,226,,8.442731066179691,0.5487937815668621
stream,227,,11.105493834796402,0.5984667328202404
stream,228,,13.209592068690256,1.0180501552181365
stream,229,,13.23308060852652,1.081898263642105
stream,230,,13.790501372668778,1.0904175595273449
stream,231,,12.722897638620394,1.0241659326237005
stream,232,,14.429193880800481,1.112770403379885
stream,233,,13.806172850462263,1.045774985779711
stream,234,,14.427680665352012,1.038182903669747
stream,235,,17.68218400696363,1.2929822300289269
stream,236,,17.055181900933363,1.425277193602585
stream,237,,17.396533351322123,1.4346790307625787
stream,238,,18.468904703593296,1.5801657046658086
stream,239,,18.65481108010185,1.7048480515135078
stream,240,,20.312788576289947,1.8362853996955646
stream,241,,19.910117231757482,1.825109018578918
stream,242,,21.296608747193012,1.8642967191303748
stream,243,,21.516422831540254,1.9658342659617833
stream,244,,20.788005809095516,1.9013240994695155
stream,245,,23.076049369535333,1.9358722509293456
stream,246,,23.217111390419014,1.9702424899464488
stream,247,,20.69565535506314,1.9204826648375204
stream,248,,17.998818007152877,1.5159484093860893
stream,249,,18.845514436062963,1.4702534353470644
stream,250,,18.401412249109715,1.5274168152182228
stream,251,,18.47661968614101,1.5163026357567762
stream,252,,16.654719611277258,1.428885194946023
stream,253,,19.0069726576509,1.5522901132709406
stream,254,,18.383333409631504,1.537708594041324
stream,255,,15.133141513503729,1.2824917875376105
stream,256,,17.06019633204984,1.2104525157841033
stream,257,,16.253886268523132,1.2458178252814762
stream,258,,15.316449752121333,1.127538659786205
stream,259,,15.342981176958611,1.0040719766848873
stream,260,,13.511817236228092,0.8304096315699699
stream,261,,13.620054600793473,0.8067706902668571
stream,262,,13.108308753745124,0.8092138028598032
stream,263,,13.310760140429531,0.7136543632595876
stream,264,,13.843738585498386,0.7172751333484632
stream,265,,11.662258367451779,0.6821267531613532
stream,266,,11.162126036531644,0.6783358497201789
stream,267,,11.106134034867132,0.6883265896930676
stream,268,,12.160632563243379,0.7782740255655024
stream,269,,12.91056622250571,0.7431974363739938
stream,270,,13.477839694843784,0.6809993023898817
stream,271,,13.643823690339744,0.7433805550696777
stream,272,,15.243404747774534,0.8153718557836913
stream,273,,12.430589998284468,0.7194531905909023
stream,274,,14.795486901429552,0.766962554124506
stream,275,,15.093436789447463,0.9128072762412652
stream,276,,13.673379339542713,0.8875655020626725
stream,277,,13.675281348171344,0.8953588075765445
stream,278,,13.439904993052066,0.8843656818202481
stream,279,,13.660570935526172,0.8860231732284367
stream,280,,13.542121165717026,0.9131113628983648
stream,281,,14.127390666626264,0.8989427792862571
stream,282,,15.115494566228994,1.0070270891747906
stream,283,,16.70153745535882,1.0002920341821218
stream,284,,16.08809086114371,1.0303318372376842
stream,285,,16.50760286789943,1.040788539874733
stream,286,,16.7172961531146,1.0746308738787738
stream,287,,16.283765156666195,1.0733425508515197
stream,288,,15.465011327585643,0.9762404097768511
stream,289,,13.960136070370329,0.9758232245785367
stream,290,,13.952388807876947,0.977447061734122
stream,291,,14.708222264825633,1.0225133638438888
stream,292,,13.604040924200921,1.0379394990771613
stream,293,,13.837966003036371,1.0003196386501474
stream,294,,11.757680798118447,0.947630157780089
stream,295,,11.48873055574717,0.8207739960458378
stream,296,,11.337322053819001,0.7815074796460317
stream,297,,11.291767556662041,0.7363180416007825
stream,298,,11.22431110666414,0.7194718595860873
stream,299,,10.864439734134685,0.7163516602788941
stream,300,,11.671199189747055,0.6876526172928581
stream,301,,14.690015469658281,0.7057022908360239
stream,302,,13.270699834076723,0.7776855952217032
stream,303,,12.685947673751437,0.9109693541989743
stream,304,,13.108085433845268,1.0306228200626368
stream,305,,12.08354413520121,1.037655744601797
stream,306,,11.865664938433774,0.9734255448320746
stream,307,,11.926605440025797,0.9706630516003842
stream,308,,12.103322910648794,0.9998287189643653
stream,309,,12.026571703773596,1.0177486136603089
stream,310,,11.602861525621714,1.0288545569928573
stream,311,,12.316778188989788,1.039104201726511
stream,312,,11.721809132977546,1.0100822372150795
stream,313,,11.44610280427851,1.005450630552165
stream,314,,11.047884814327535,0.9544410382646245
stream,315,,11.362486104047274,0.9281082633947231
stream,316,,11.75088630282441,0.898206584451552
stream,317,,12.359847105357266,0.891585082242446
stream,318,,13.116767204723688,1.0017810826592068
stream,319,,13.430756600121487,1.1176109078485086
stream,320,,13.462967011167985,1.2315751289642927
stream,321,,9.85837710741644,1.2050949186286861
stream,322,,9.511703377181234,0.9731446856453798
stream,323,,12.928777973187724,1.0778042157959864
stream,324,,12.362985790705846,1.055978867728447
stream,325,,12.442440850062027,1.0362760585465582
stream,326,,12.735555169786092,1.040341139849309
stream,327,,12.722141873131056,1.053154565215133
stream,328,,14.813140597626772,1.1272289939404552
stream,329,,16.100776015955613,1.1166837586875709
stream,330,,15.775601238609882,1.129928496499927
stream,331,,15.717970338491801,1.068239066965072
stream,332,,15.719961818516227,1.0540670630518754
stream,333,,16.34096845173108,1.0809269958034327
stream,334,,16.29368744717121,1.1051301145853756
stream,335,,15.953205539080061,1.1036750339210477
stream,336,,16.471857026347603,1.155129475634714
stream,337,,15.778575216638913,1.2032188207201877
stream,338,,15.304698795309662,1.1064450455918018
stream,339,,15.928385107015643,1.0980571100425311
stream,340,,15.11130367612658,1.0166873117451112
stream,341,,15.53981052077465,1.03180415683898
stream,342,,15.521883952019655,1.066290964145301
stream,343,,10.90323836230326,0.8665680557141608
stream,344,,10.814305686891908,0.7415153314506532
stream,345,,11.980937497495038,0.7913655798267657
stream,346,,11.67122958730567,0.8294958128702243
stream,347,,11.692831809295322,0.8127694500787694
stream,348,,9.523689007306347,0.7262666030006555
stream,349,,9.803499248593127,0.8569978074406295
stream,350,,9.905607917540168,0.9313695170124029
stream,351,,9.602329825826722,0.9024386706548508
stream,352,,9.694112183295614,0.8576168897432954
stream,353,,9.093501211269233,0.830403354925713
stream,354,,9.087243804998058,0.8039894286873067
stream,355,,9.08354613326996,0.8039013343855164
stream,356,,7.65982084328416,0.7536976580294841
stream,357,,8.19440521784411,0.7313347602523718
stream,358,,8.215335469107135,0.7199255878309939
stream,359,,7.037643544242526,0.6120738538726441
stream,360,,7.4945792050563895,0.6254313046171268
stream,361,,6.904624944493504,0.6142252184907019
stream,362,,7.705892708899771,0.5943614282958856
stream,363,,7.434705335845738,0.6082255175638572
stream,364,,7.4460163392260394,0.6048893892101582
stream,365,,7.0231553482118105,0.5792628906999233
stream,366,,7.287111082719677,0.6169413195995951
stream,367,,7.262338895118392,0.6374572028015428
stream,368,,7.377241280520388,0.6218943511208755
stream,369,,5.844228719038968,0.48667391085239636
stream,370,,6.064287651350442,0.3831737444124101
stream,371,,5.165457948450516,0.3559863057879416
stream,372,,5.7645782622252675,0.33748596028017297
stream,373,,5.807209831775752,0.3506638477123771
stream,374,,5.898201392326038,0.35056039679441425
stream,375,,7.7206897149385645,0.45002250141762934
stream,376,,8.55355992393707,0.6393279563343465
stream,377,,8.251282182149145,0.6202229932224751
stream,378,,7.952305774974854,0.6179207823158236
stream,379,,8.071015804915202,0.6443181391169426
stream,380,,7.592066820890838,0.6138626100668593
stream,381,,7.724750018035074,0.6018736968380201
stream,382,,6.90030536924562,0.5799927557558682
stream,383,,7.586628350200867,0.5748896373826821
stream,384,,7.5877554987664135,0.6009967737828338
stream,385,,7.453724845371797,0.6032596974639757
stream,386,,7.300891652851183,0.5821505581963463
stream,387,,7.359179690980762,0.5594041799175201
stream,388,,6.907377162834539,0.5533499982300069
stream,389,,7.017179837646688,0.5650517173995514
stream,390,,6.707226324255405,0.573790845631823
stream,391,,6.240364656149185,0.5741183502756323
stream,392,,10.07683128809293,0.7242328277074899
stream,393,,10.236993127703261,0.9338058623355057
stream,394,,10.3801666072838,0.9334448323353062
stream,395,,8.572141091210797,0.8476042201153542
stream,396,,8.73568634222776,0.6840828419890034
stream,397,,8.569523699390047,0.6951520290002768
stream,398,,8.54922352022845,0.7093855938582702
stream,399,,8.43982496151622,0.6832197227373755
stream,400,,9.49794145381641,0.7300623034911187
stream,401,,9.895528804047236,0.7310280294013252
stream,402,,9.731803326398792,0.7321306530495487
stream,403,,9.390754653338389,0.6925227363997752
stream,404,,9.57509669140664,0.707532437820444
stream,405,,8.944187466684516,0.6818838172627453
stream,406,,9.754207555102989,0.6483028481214917
stream,407,,9.850476258048783,0.7182416776699517
stream,408,,9.905580001333677,0.7287886475735136
stream,409,,9.80407820082469,0.7287886475735135
stream,410,,12.188297780621497,0.7673372411537759
stream,411,,12.166632147431661,0.8597453457367857
stream,412,,7.67113500392882,0.7108971444346689
stream,413,,8.169475412071785,0.5016986135371505
stream,414,,7.957608247755977,0.5190374651810178
stream,415,,7.989572440568159,0.5053800749720422
stream,416,,7.9184315557414475,0.5363199841131522
stream,417,,8.893409964466635,0.5166374591013309
stream,418,,8.862183843530868,0.5528915231551658
stream,419,,10.61230516099369,0.6158891213923967
stream,420,,9.544657761358971,0.6115639415651831
stream,421,,9.05415708749243,0.6080012124166579
stream,422,,9.08799567805999,0.5869428752713768
stream,423,,8.801390275263085,0.5922500666779295
stream,424,,10.328596486017165,0.5922500258478053
stream,425,,14.04261752929712,0.9680866434330493
stream,426,,14.560736562063008,0.961460803848627
stream,427,,16.226650804420686,1.1488541397193366
stream,428,,16.931258521987395,1.3176055214051678
stream,429,,18.314197729112575,1.308638697617013
stream,430,,15.973876266754807,1.2938218100663148
stream,431,,16.949029469818726,1.249239408145758
stream,432,,16.960972311619066,1.3169035434207343
stream,433,,16.60477915477684,1.327762134752399
stream,434,,16.961738829884766,1.3651252010044432
stream,435,,16.915092592721617,1.3881658424832954
stream,436,,17.801903380510534,1.390328433336489
stream,437,,17.097015917953566,1.4094031294195826
stream,438,,17.08179271298172,1.3770705871816107
stream,439,,16.29674811240186,1.3373015556524273
stream,440,,18.698306358800757,1.2821171435994207
stream,441,,20.847024942800374,1.5930298375361451
stream,442,,21.175085376185468,1.6174126316010038
stream,443,,21.476593860960417,1.60508437868839
stream,444,,20.302860631618994,1.6124889194419108
stream,445,,16.53194287324594,1.2569241038636698
stream,446,,15.166663897251693,1.2415142028179145
stream,447,,15.45613035752054,1.088773337204102
stream,448,,14.729265839605882,1.0265375780572197
stream,449,,13.357066471821392,1.0240417980458947
stream,450,,14.294975728091472,1.0600546577367906
stream,451,,13.624172740441592,1.0197286515335082
stream,452,,13.624875248077926,0.9700524983396316
stream,453,,17.187610549157345,1.1291160639150313
stream,454,,16.808326962511646,1.2144161775305553
stream,455,,17.888704386192725,1.2262356056935497
stream,456,,16.07318547142692,1.185312909629766
stream,457,,15.86484485801601,1.1728503637620993
stream,458,,15.907387767284659,1.1544429593722678
stream,459,,15.424955682329202,1.1375259816326666
stream,460,,14.571582792131661,1.135395924341617
stream,461,,12.917087851301993,0.8289448904400116
stream,462,,12.60176446057842,0.8107615241840402
stream,463,,13.615659891986004,0.8339692910186131
stream,464,,13.080963139414141,0.8170258349736856
stream,465,,13.464336159084798,0.7994679432810867
stream,466,,13.405139731711804,0.8161268676562551
stream,467,,11.447546248685265,0.713821186681098
stream,468,,11.412166335234613,0.5958906237386002
stream,469,,12.272446557422048,0.6360423926859876
stream,470,,11.409170850253197,0.6076628670226102
stream,471,,11.158228287371278,0.6000020492645918
stream,472,,11.140775805975629,0.5807655979147901
stream,473,,7.814723576693401,0.41097451390547973
stream,474,,7.843321120943078,0.2843747615137361
stream,475,,7.356027001834347,0.26528952046499177
stream,476,,7.7002544240258874,0.3245632132243522
stream,477,,7.612892296960636,0.3561404441908099
stream,478,,7.673560798555474,0.3562475706792219
stream,479,,7.371935202471007,0.37808524568202756
stream,480,,6.401212203258741,0.378085246013096
stream,481,,8.186617915584282,0.563234612495204
stream,482,,8.155006715323276,0.6612397205917133
stream,483,,7.907248541306821,0.6793876919618254
stream,484,,7.8992272585454995,0.6914841404774779
stream,485,,8.980620956922262,0.764212815050816
stream,486,,9.4541058306747,0.8763759781243748
stream,487,,9.771585699374333,0.8740305273388546
stream,488,,10.51757043865321,0.9569594537825891
stream,489,,11.634553883228715,1.0990312110410274
stream,490,,11.616855454578895,1.1667130352294388
stream,491,,14.650373409508301,1.2416129655213293
stream,492,,17.21927487300699,1.673726988549215
stream,493,,16.683453030447176,1.733945203857824
stream,494,,16.818058532584345,1.7213748549236298
stream,495,,16.223992648575198,1.7138186114068248
stream,496,,16.615405109544895,1.6573606799481415
stream,497,,17.36764233632352,1.6191924931959647
stream,498,,17.361079462376335,1.6292144776816357
stream,499,,17.04613729734972,1.602706279585345
stream,500,,16.524932196048734,1.6042963742569152
stream,501,,16.309878142262736,1.5344085638207134
stream,502,,16.614076265255314,1.469389344422071
stream,503,,15.665086959937373,1.4584136684831455
stream,504,,16.475010880597452,1.471786465902488
stream,505,,18.506492658773208,1.4264247089567543
stream,506,,18.32278478253442,1.524202576507501
stream,507,,17.848353832146945,1.5485233014660058
stream,508,,17.131954193101482,1.4624227670060403
stream,509,,15.968128105711195,1.2975672688606676
stream,510,,15.853157855379614,1.2204583605842985
stream,511,,12.76634993879191,1.1455025642980035
stream,512,,12.125924077349165,0.7884549100711774
stream,513,,12.253909340219085,0.7542754793020996
stream,514,,12.206315498120556,0.7533054264660951
stream,515,,12.237044536734736,0.754854606543739
stream,516,,13.398920835740988,0.7948766758990558
stream,517,,13.011035428187194,0.8090218360502147
stream,518,,14.853215963022524,0.820386691482155
stream,519,,15.094064603848965,0.8463508704173619
stream,520,,15.163196248413236,0.867197889484418
stream,521,,13.291370941098723,0.7854757038983792
stream,522,,13.47795442178648,0.7479259907690203
stream,523,,14.153284705700075,0.8280311575789239
stream,524,,14.752363594190243,0.9294116207978883
stream,525,,11.359975703136543,0.9256943096134206
stream,526,,13.296610911521343,0.7494834191437815
stream,527,,13.275653641191578,0.807508955345952
stream,528,,13.84330727219675,0.8351228339143625
stream,529,,13.127103825919466,0.8637718329845588
stream,530,,13.604693080766056,0.8678100260353387
stream,531,,13.847278768295716,0.9025596158618555
stream,532,,11.959780416974423,0.8431272037450146
stream,533,,12.68559916615861,0.8544998025544657
stream,534,,12.586800267975255,0.8815163678841186
stream,535,,13.589767850439635,0.8996605188663619
stream,536,,11.872484642991829,0.8459038697931234
stream,537,,11.9199537457004,0.8697075871366506
stream,538,,10.437456872762558,0.8482025959055749
stream,539,,10.196702231104432,0.8310573980349332
stream,540,,13.680143333312408,0.9403418739168656
stream,541,,13.570827738372074,0.9974309314338109
stream,542,,13.06088920884041,0.9999403955531084
stream,543,,12.287154938085365,0.8938606898467489
stream,544,,11.25350889172881,0.7810177014680554
stream,545,,11.395926772449064,0.8000872847102827
stream,546,,9.449451966929693,0.7823919528201804
stream,547,,9.470172986331276,0.7066917141006029
stream,548,,9.024551899064328,0.6811136678029754
stream,549,,8.835258994532197,0.6344078101659608
stream,550,,8.356546949257263,0.5985045520580534
stream,551,,10.23988705831015,0.6560381643966029
stream,552,,10.173143240465846,0.7050966829630659
stream,553,,9.506305437647642,0.667554204164501
stream,554,,9.834967625312888,0.6406622844100479
stream,555,,9.858905641166631,0.7095147529417084
stream,556,,12.641476743840915,0.9714624990568743
stream,557,,13.803636087009654,0.9401964501989796
stream,558,,14.093827358197434,1.0936285588988262
stream,559,,14.608809744848934,1.1662048665179894
stream,560,,12.221114083226494,1.039514217132118
stream,561,,13.836481462703116,0.9452729182936781
stream,562,,14.159645596774762,0.9547895525148526
stream,563,,14.07339394319039,0.9637138947860256
stream,564,,13.731244043025029,0.915463800953591
stream,565,,14.44087757893888,0.9240326424533544
stream,566,,16.59639906304957,0.9019948256883991
stream,567,,16.857243792544907,0.9343377800548976
stream,568,,16.83188152462413,0.9593789022437835
stream,569,,17.65058803361387,0.9696250460940544
stream,570,,17.921537635656133,1.0589941802516614
stream,571,,17.36539487633438,0.9801267319246953
stream,572,,17.728375843595174,0.9214473019256738
stream,573,,18.33596617660359,0.984187647791772
stream,574,,18.582785010482617,0.9864316199439576
stream,575,,18.383765683907068,1.0030251219765678
stream,576,,15.586248203029877,0.7918327851436239
stream,577,,14.266421989584414,0.7856333909691229
stream,578,,13.660264533464524,0.6329610373952643
stream,579,,14.903269753857174,0.5836679527598577
stream,580,,14.705128727804592,0.5794885542298992
stream,581,,13.765972666205451,0.694979630809447
stream,582,,13.63871480975048,0.6875173562889321
stream,583,,13.97096724513442,0.6745614351476877
stream,584,,15.521223570700041,0.6885058218720407
stream,585,,15.769108725198848,0.8467471034629964
stream,586,,14.002308642222069,0.8342265073581927
stream,587,,13.804081469013873,0.8421298479755894
stream,588,,14.657232934192704,0.8660110789963218
stream,589,,13.884059006456548,0.9071642436535043
stream,590,,13.654852143881355,0.8260235016997859
stream,591,,12.335395652044857,0.8409531670152138
stream,592,,12.016937820066628,0.8362290294059708
stream,593,,12.115559762373252,0.820291590081585
stream,594,,11.778635315742529,0.8812414205805006
stream,595,,11.160814831312766,0.8132068016183702
stream,596,,11.051270096899923,0.7848458518242517
stream,597,,10.762637936546477,0.7856239967030195
stream,598,,10.815421865764298,0.7950043562749233
stream,599,0.9188851454084423,9.717552845207209,0.7659135256516203
stream,600,0.9184663838632527,9.156387578610456,0.869612598809219
stream,601,0.9178635990630235,8.432060286391197,0.7571006739342091
stream,602,0.9167110830600584,8.647350595054764,0.7574634920505033
stream,603,0.9158820813952797,8.452569567947503,0.8037185660810953
stream,604,0.9138723071719755,7.6197301321954445,0.8363578981300009
stream,605,0.9101931599045244,7.26305979576725,0.6234730655751883
stream,606,0.906127338845681,6.663452113689619,0.684205314138955
stream,607,0.9022557505270938,6.578574579436177,0.6411217663503057
stream,608,0.8987996628580169,5.832837933271436,0.6016239751758291
stream,609,0.8967520421059713,6.706267565390507,0.5537411279596348
stream,610,0.893908363412565,6.665217519026976,0.5708888057198768
stream,611,0.8912679831865308,7.135450285388021,0.5806284168035386
stream,612,0.8888577291763077,7.087334811196244,0.6063419757956193
stream,613,0.8858782203107831,6.336047666334365,0.5507458085536766
stream,614,0.8842631890902642,8.291865955057466,0.6128557705837931
stream,615,0.8826770394130841,8.075722642035302,0.6278617318660684
stream,616,0.8828314272397616,8.991317546934498,0.6270731611428837
stream,617,0.8836539451198171,9.050410232228431,0.6450207116064542
stream,618,0.8858893189063876,8.866241886413698,0.6395494591728483
stream,619,0.886614823342729,9.156268525569239,0.6632361885310581
stream,620,0.886285259254171,8.738474916083113,0.6105467526077649
stream,621,0.8868711385527822,9.142635294242389,0.6416037145297089
stream,622,0.8883008754062968,8.95094743804755,0.6814871924007342
stream,623,0.8879184445492826,10.95783838964423,0.7863223508499829
stream,624,0.8873419695413489,10.671245187303786,0.7600547782992281
stream,625,0.8871916718328575,12.017738745690528,0.9045133207334979
stream,626,0.886634574593193,12.039634954117231,0.9764782665952
stream,627,0.8857595061622014,12.159574262159062,0.9731938148220127
stream,628,0.884594566869479,11.96814037838493,0.9616229031269939
stream,629,0.8837015095614141,11.1115815694177,0.9597746400007914
stream,630,0.8837603312174318,11.115920173192851,0.9378803961106509
stream,631,0.8828272339097452,10.427456327226002,0.9013092611809542
stream,632,0.881924932483185,10.692213868518676,0.8916213909735159
stream,633,0.8810891343570245,10.576819121071601,0.8885128016201758
stream,634,0.8800770649027918,8.908876815290215,0.8038955447473816
stream,635,0.8796830262060601,8.883361713967421,0.7570925869539757
stream,636,0.8799131026169894,8.056357344622693,0.7278723498565666
stream,637,0.8791657696274136,9.320122687945156,0.7861122240524419
stream,638,0.8786711815078038,9.303321586533656,0.8264634711030532
stream,639,0.8795407625834869,11.230641446097813,0.9068115282414189
stream,640,0.8798016967828693,11.408632539567495,1.0186974273075236
stream,641,0.8804233703281529,10.942661633963938,0.9881994612582736
stream,642,0.8805984170592889,11.9983258588182,0.9829262608696144
stream,643,0.8806885288713125,10.06481594884234,0.8490284059418296
stream,644,0.8805070533964839,10.51938361197631,0.8397878086392488
stream,645,0.8804811747641711,8.879734571703041,0.696905604713321
stream,646,0.8807430559325355,9.427919557294821,0.6580514938937867
stream,647,0.8808959014014361,9.309032274903217,0.6956584848468825
stream,648,0.8810819184856075,9.98113933277389,0.7193665369102509
stream,649,0.8812584095522354,9.920100958415457,0.7549848790237998
stream,650,0.881518697877138,9.915102612982773,0.7512224788086631
stream,651,0.8822856764461448,10.2004034434848,0.7627499040580343
stream,652,0.8832352368760098,9.954640248230378,0.7651239587121145
stream,653,0.8838537009273687,11.120214978783928,0.8104560183455846
stream,654,0.8838144441800289,11.977474812537642,0.7702474733355015
stream,655,0.8831199551171502,12.510602384455424,0.7679458752637447
stream,656,0.881752876315383,13.031704217357351,0.7648838204940003
stream,657,0.879559968217546,12.02114612633468,0.7543385879193515
stream,658,0.8783647548809336,12.592582881709651,0.7097650724705996
stream,659,0.8772847527867101,9.876650672667733,0.6051332263902339
stream,660,0.875155664703111,10.425835140643953,0.49632680290597797
stream,661,0.8730293408714616,10.628628299050002,0.4994100910025468
stream,662,0.8712207298737216,9.731388726416178,0.4586827344920716
stream,663,0.8716971274267883,9.667660884275726,0.4789844197018327
stream,664,0.8729798086733015,8.748834005542571,0.47321828596640403
stream,665,0.8732172664249593,8.848638446055144,0.49918402726298944
stream,666,0.8728657128608007,8.368045744392862,0.4113883051664739
stream,667,0.8713636479324124,9.383461739744643,0.39808638509419964
stream,668,0.8704095380315571,9.078782594813108,0.3807351657500731
stream,669,0.8703963052264827,9.137047272472067,0.37271585825233516
stream,670,0.8701498506951592,10.03937567546657,0.38783652991147466
stream,671,0.86912741200935,12.027103159865579,0.6099346989305718
stream,672,0.867523881006303,12.115312502372976,0.6433060562740074
stream,673,0.8661420309921855,11.534656752770594,0.6242614579785375
stream,674,0.8648145722165519,10.311862770690343,0.6314009421300805
stream,675,0.8629369136625797,11.806135489473222,0.7440502423601991
stream,676,0.8608731361086414,11.47172683890585,0.7577337058748826
stream,677,0.8591816279758377,11.453991261234464,0.7248525925334496
stream,678,0.85748699884726,13.976203174834517,0.7774017968842083
stream,679,0.8559021059700057,13.817261926788445,0.8849334499211785
stream,680,0.8539526942358527,14.002865602396763,0.8706240268572845
stream,681,0.8513551779158002,13.79880765578047,0.9046327601076889
stream,682,0.848904689461256,13.569168728749691,0.9053012341627662
stream,683,0.8463312263646335,14.351104155648231,0.9293168746023015
stream,684,0.8445066088810422,18.44077431581072,1.2246245660152304
stream,685,0.841797874600109,17.860837357818703,1.3766303866191396
stream,686,0.838367591974324,18.70411809411786,1.3915461416262704
stream,687,0.8351664851672206,18.252388041209592,1.481865410246945
stream,688,0.8325173605220417,18.542153234198068,1.4754907712906575
stream,689,0.8297540451345583,18.54959021833365,1.4917207848285674
stream,690,0.8265960768162215,17.75412002267427,1.4766001107252367
stream,691,0.8234506590632719,15.509801164629053,1.254501895519327
stream,692,0.8210706385402856,15.676686211133399,1.204540339784684
stream,693,0.8207199178779219,19.399787549969094,1.264125342380171
stream,694,0.8221350771617064,19.8786382443254,1.3164509888091145
stream,695,0.8241728811590632,17.864262930075434,1.2093217952705675
stream,696,0.8272393485092218,17.627953054973023,1.2067702803287172
stream,697,0.8298847788791186,17.42275963146055,1.1728442928066247
stream,698,0.8329542013070917,14.333672272413267,1.119859521445862
stream,699,0.8346004419220605,14.590445694167748,1.0160827096378715
stream,700,0.8369043153156946,13.643240174261889,0.975501728704367
stream,701,0.8387032940165207,13.916475113701223,0.939973714384277
stream,702,0.83886679687184,15.154698967313774,0.9508788563738232
stream,703,0.8405465776327808,15.723026997126693,1.089823027851303
stream,704,0.8426142911297841,11.626724905341208,0.8575018192720726
stream,705,0.8440622427930566,12.068289593145954,0.6907947502076913
stream,706,0.8444587976264788,13.337624797791385,0.6894745322169812
stream,707,0.8451571897113982,12.754943308293827,0.6604727687371632
stream,708,0.845485172516408,12.558597941249408,0.678535097667404
stream,709,0.845646115616448,12.766439301072701,0.6341660858703322
stream,710,0.84683171988387,12.685958770517676,0.6370915274860834
stream,711,0.8473496952128835,12.92344743066343,0.639032452534818
stream,712,0.84847690451543,12.703040884267905,0.6387933043047876
stream,713,0.850113308623288,9.85500645164861,0.6440320284630324
stream,714,0.8515306549535312,9.819248835411921,0.7063215398764174
stream,715,0.8529177181757863,9.845026887810594,0.7204815097956232
stream,716,0.8548005310812444,11.347718168083677,0.745884454240641
stream,717,0.8561523536880922,11.342221684811744,0.8278487136643472
stream,718,0.8573410603591584,13.255671070674216,0.8710237335083899
stream,719,0.8588337912928367,13.180686171412683,0.9002542348801079
stream,720,0.8606172517005878,14.257696504588585,0.9048745071190403
stream,721,0.8620097173094246,14.033284840025082,0.9571531363581105
stream,722,0.8629604384007068,12.901386231956021,0.9637044479963226
stream,723,0.8640973201401544,11.427119741210053,0.775700941779189
stream,724,0.8656464803932317,14.108953748788442,0.7929993811038456
stream,725,0.8670181472878429,13.70106371424551,0.9164395734656421
stream,726,0.8685345218011223,11.50344619412019,0.9134610305224173
stream,727,0.870287009944352,12.06990475226751,0.8316867783346362
stream,728,0.8717473958758554,12.704149742796067,0.8203524058234055
stream,729,0.8729846464972808,13.08319591997681,0.8189609100238745
stream,730,0.8746421925074056,13.06470774855507,0.8443808584830401
stream,731,0.8762014938090597,13.541426013685866,0.8633380855451814
stream,732,0.877834933268382,13.653727268478814,0.8761126883530685
stream,733,0.8796723407615338,12.741106543872696,0.7897339439522018
stream,734,0.8816112458735632,12.283096090702404,0.6733168969316025
stream,735,0.8838595589543127,12.380061670432802,0.64247630738861
stream,736,0.8863648028459897,11.878713821613058,0.6162857324885647
stream,737,0.8883726965391129,12.034154592855865,0.539791701854155
stream,738,0.8904725381007444,10.118847708646678,0.5015006043579137
stream,739,0.8924087141308428,10.584585126133177,0.48278892336953255
stream,740,0.8944383368296575,9.711938889569472,0.4802484580444321
stream,741,0.8959086398771261,10.817721629421426,0.429870959613342
stream,742,0.897044875545665,10.892162498212821,0.5212290919494637
stream,743,0.8978680708167602,11.36129321549632,0.5083090509951449
stream,744,0.8989003634989976,8.734410036215008,0.4315478857374239
stream,745,0.8995836693731486,8.64282652137609,0.30012329713638386
stream,746,0.9001864747128232,9.56531035853543,0.3133451707156627
stream,747,0.9004615817765511,9.784507194870853,0.41362365836798953
stream,748,0.900944831857149,8.65733038208902,0.44510901502674827
stream,749,0.9013561873295233,9.166294395041778,0.5030162262958229
stream,750,0.9017457777276451,9.285307964165215,0.5544847211516855
stream,751,0.9025962483199536,9.962369990694816,0.6168500472928176
stream,752,0.9031531115110395,9.884282524788711,0.6321209251709745
stream,753,0.903774841075471,9.961007208405668,0.6408567771143662
stream,754,0.9044988856021993,10.281988791045013,0.7289996609764521
stream,755,0.9053054170271708,10.639523786330537,0.7289213702102256
stream,756,0.9055704889839521,11.182960777805144,0.8615894440896678
stream,757,0.9045557998001734,11.829180583752928,0.8620082539687776
stream,758,0.9028317172664178,11.839190809262494,0.8978462437440347
stream,759,0.9004222287359976,11.251840861222904,0.8830135981376124
stream,760,0.8965451367476988,13.855624953260813,0.9573164749376093
stream,761,0.8941060833369214,14.614831617877767,1.282655432535013
stream,762,0.892902074948597,14.306659183771922,1.2555595397398895
stream,763,0.8922393997668263,14.012614545595259,1.2572755137510978
stream,764,0.8925702283456148,14.013744660011906,1.2658702317792947
stream,765,0.8930069062426907,14.380235860842582,1.2824006363762364
stream,766,0.8949388135575093,15.527160098351075,1.4156371054107215
stream,767,0.896974019832078,15.213935167146959,1.494370352762573
stream,768,0.8994010192300147,16.732332787955162,1.5866729517390894
stream,769,0.9025278237566312,17.34259344434728,1.5272360482404634
stream,770,0.9045332889685783,17.58617283150341,1.6125493019544144
stream,771,0.9061987275467414,16.85724183728697,1.591200343576958
stream,772,0.9075084156509365,16.78194076297861,1.5764801941732915
stream,773,0.9086077446604737,17.154467429076778,1.583770347750397
stream,774,0.9090681486272214,16.670731110992914,1.53115551954727
stream,775,0.9090400782493225,16.175453449012295,1.5312338103134964
stream,776,0.9088647277826991,18.027983425636624,1.5167712321676674
stream,777,0.9085673706466288,17.25836830757595,1.5982551460125272
stream,778,0.9083184909287495,17.73294739182295,1.5609958899065857
stream,779,0.9080421847235667,18.071751544424963,1.6112627068060705
stream,780,0.907878692607877,15.768349641752957,1.5961863514746542
stream,781,0.9075200778637567,14.294491845172372,1.321224939054116
stream,782,0.9069680597035766,14.562948884428684,1.2380482355093743
stream,783,0.9069024209592051,14.8873120373125,1.2994048098885265
stream,784,0.906882556417127,14.826916487192143,1.2935294746883343
stream,785,0.9069922328196006,14.876203294234225,1.2870530390399537
stream,786,0.9072137515032491,12.724830340775895,1.1450662402959488
stream,787,0.907553988621147,12.4085618331159,0.9756566161945288
stream,788,0.9080017945814253,11.230671987695365,0.8850788344375956
stream,789,0.9085478891956791,9.619080953415251,0.9224383368312061
stream,790,0.9084265250441028,11.291164924829559,0.8665657481053104
stream,791,0.9077816156645514,10.976883376538172,0.9344858011991746
stream,792,0.9074153812255275,11.897606219281865,0.9242272227398648
stream,793,0.9063972496416837,11.007723546779383,0.9071983560562703
stream,794,0.9053985694760691,11.186198935137176,0.8662292497012053
stream,795,0.9052127164500001,12.043634796767613,0.9473276809236868
stream,796,0.9042012516015799,9.23759607184929,0.9046853242678204
stream,797,0.9047344539691903,9.325547672242049,0.8983509732157053
stream,798,0.9048973035894113,8.870995186270905,0.9054634128074848
stream,799,0.905262051757537,8.489531860817136,0.8592207465838846
stream,800,0.9052414566915203,8.382887152589912,0.8181314179332959
stream,801,0.9042438579557407,9.950447171024603,0.8951959890795314
stream,802,0.9045045509268935,11.138189846490471,0.8959855317065221
stream,803,0.9049619209283142,12.00844402725244,0.8328475935532039
stream,804,0.9051122643782781,12.030886477112519,0.859509796614685
stream,805,0.9051272444997618,12.15421707448903,0.867952347905203
stream,806,0.9048973441980755,12.170126426593987,0.857901740574813
stream,807,0.9059561225495789,13.126976735881673,0.8949314869043743
stream,808,0.9063884526167872,13.177428505676666,0.9321749527248847
stream,809,0.9072802682930243,13.093981300699499,0.9221106430333861
stream,810,0.9075087452451681,14.317110881270667,0.9492088438916582
stream,811,0.9077312976007452,14.950051994607273,1.0703625767564202
stream,812,0.9068175596739235,15.475605036882989,1.2332402415413868
stream,813,0.9056311539315579,16.171253518704454,1.2278684310235262
stream,814,0.9052769682059604,17.64248607341443,1.4207878622832575
stream,815,0.9049941453045706,16.796613001203905,1.3934341453359438
stream,816,0.9040892615370651,16.51096830373563,1.324867355786114
stream,817,0.9035222009164351,16.59003963678059,1.2746095827431558
stream,818,0.9032725020321872,16.733269058963625,1.2640234602781184
stream,819,0.9021712301042332,19.002325267085197,1.3666352211444326
stream,820,0.9009625411434677,18.835198768314342,1.3792802641798267
stream,821,0.9001527195350074,19.359631829220586,1.411486404215929
stream,822,0.8996433211518661,19.114001830192198,1.4158023914764772
stream,823,0.8990925251965217,18.06942468022326,1.4286591540623441
stream,824,0.8981736394229841,18.23262083591186,1.3926270090486472
stream,825,0.896979883232603,17.825528823372405,1.3702271522023195
stream,826,0.8965304639034959,18.307090524462527,1.4007321786795623
stream,827,0.8961752493303355,17.273084427365536,1.3837134249577407
stream,828,0.8959950937467167,17.463874147844283,1.348897002719981
stream,829,0.8958538572487876,17.628966559677288,1.3218421616018359
stream,830,0.8957864333859965,14.72385108222171,1.2227262906807923
stream,831,0.8959498060533615,13.682058397034956,0.9711157756744409
stream,832,0.8958018280583363,12.241150941140843,0.8051713796805082
stream,833,0.8958995204453776,11.4004974245439,0.8051953125016618
stream,834,0.895686503209936,9.777055568630772,0.6173850800310273
stream,835,0.8958440561210408,10.119204547897208,0.5746820351707882
stream,836,0.8958299858234459,9.870912847134502,0.5938761822161159
stream,837,0.8956825064025341,11.462861602290612,0.6994346247471386
stream,838,0.8954634362939123,12.063405752635777,0.8889565294028492
stream,839,0.89519309751691,10.733825596686687,0.9117763627029077
stream,840,0.8950240327183884,10.614407796193932,0.8900681454873479
stream,841,0.8947726664524442,8.094679592274966,0.7293028539709626
stream,842,0.8941277153668137,6.923085760845439,0.724006065701725
stream,843,0.8933340393310287,6.894621151929401,0.7300637420045668
stream,844,0.8922027620097304,6.718646087544456,0.7287163625661954
stream,845,0.8916486560786101,7.947492770970939,0.7824068167770625
stream,846,0.8912824004109059,8.285704605986226,0.9240502177935161
stream,847,0.8907496076023959,8.470227613728287,0.956641037014403
stream,848,0.8903344105094364,9.54070469236837,0.9398806954786275
stream,849,0.8897904948046365,9.29898521044379,0.9951420173855856
stream,850,0.8894252046625191,9.87640127270869,0.992445144053796
stream,851,0.8886583186844678,9.900067249654958,1.0215988007088086
stream,852,0.8880284372165881,10.423454595115949,1.0304316803674862
stream,853,0.8880593185010048,10.666905033622033,1.0363516265917632
stream,854,0.8880582956736365,10.640594183303065,1.0463913120303674
stream,855,0.887692529586276,10.318204061110176,1.0356998569873495
stream,856,0.8876426708705404,10.19108436485342,1.0051171967138923
stream,857,0.8882571382092405,11.81500404281025,0.9834856508800157
stream,858,0.8884611261638967,12.373256254441316,1.1475157626196806
stream,859,0.8886232087486731,12.018749033831021,1.0177947829329383
stream,860,0.8885669368214139,12.056089423158687,1.009602093104016
stream,861,0.8880571854070145,12.041057154794245,1.0202064437349438
stream,862,0.8875189788736135,12.12350711694438,1.0216403329807084
stream,863,0.8870669378347683,11.801353422447225,1.0085725566427344
stream,864,0.8864878868620383,13.141646589910795,1.042800339910527
stream,865,0.8860638658311578,11.79512028197147,1.0469635125070813
stream,866,0.8854569866427359,11.420000057783508,0.8722634788990312
stream,867,0.8850884608062148,12.444230386386199,0.8186459240157626
stream,868,0.8850477832707363,11.443647894634049,0.7948653325476901
stream,869,0.8854918659124227,11.790481098104605,0.7413767172154371
stream,870,0.88628368231146,11.218832494306243,0.7069579655871926
stream,871,0.8867857906912973,12.599676213725337,0.6768456380412259
stream,872,0.8872826408530706,12.44106671705461,0.6856199018130664
stream,873,0.8879231177243493,12.505986688282057,0.7307625341377517
stream,874,0.8885953905650449,12.756377457828892,0.7151927880966114
stream,875,0.8896148427717149,12.801334289564434,0.718316258071223
stream,876,0.8902137987361488,12.949453325080386,0.7285747877762726
stream,877,0.8911549497651489,11.443864848659327,0.6475859913736556
stream,878,0.8918047153380556,10.572621701962195,0.3197369421104545
stream,879,0.8930979019131855,9.968469556192373,0.3319739129037671
stream,880,0.8939616555813278,10.810481049794806,0.3732718526897069
stream,881,0.8961995091998792,11.710776486443974,0.3564423570301173
stream,882,0.8964523006158067,11.728364130785586,0.4409148176037473
stream,883,0.8972602435859618,13.272061301110067,0.5371713939665536
stream,884,0.897168369966118,12.48221656390748,0.508840264823233
stream,885,0.896111397586235,12.471308066632693,0.46603586253852364
stream,886,0.8951466925541403,12.679842181205201,0.46437990419915987
stream,887,0.8926792631824148,11.741225628311348,0.5146611028097956
stream,888,0.8895640607437927,11.519253354800618,0.5764420557881885
stream,889,0.8869710969183717,11.261026001527917,0.5776154089537293
stream,890,0.8861624458780679,11.177490178298877,0.5782406425025085
stream,891,0.8850896862139266,9.92026521907643,0.5973772248822292
stream,892,0.8849040409768294,10.102800499338201,0.6222339786900766
stream,893,0.884763406459552,10.807765012252894,0.5823899694203761
stream,894,0.8845243280624432,11.207886696996443,0.7171821616777992
stream,895,0.886212978593,11.95057844586824,0.8505229971477088
stream,896,0.8888380952832783,12.371568819369369,0.8343657323344967
stream,897,0.8912862595188924,10.40463450156396,0.8493896041526069
stream,898,0.8926875491851776,10.196495696135337,0.8466631763323152
stream,899,0.893430719110525,10.252053589614432,0.8476332300929874
stream,900,0.8932251741493572,10.38351623083828,0.824911371396779
stream,901,0.8933418780327005,9.520640054653112,0.8568846623014302
stream,902,0.8936094222840795,10.087397766334835,0.7996490614461715
stream,903,0.8935904457664768,8.543894283144468,0.7146940091889289
stream,904,0.893558163724045,8.799542169048664,0.7350698909093124
stream,905,0.8934275863959158,9.055316488763467,0.7988096499679735
stream,906,0.8928900064306148,9.715032493769332,0.8926680071151618
stream,907,0.892709023405185,9.463540171275104,0.8551307369691138
stream,908,0.8921675470737152,9.534950550800414,0.7950811828004822
stream,909,0.8912460130382738,13.081172143092724,0.8382346336120682
stream,910,0.8897572263251647,16.112650366662166,0.8376277844155458
stream,911,0.8884189926585654,16.07045697247948,0.9503317259510833
stream,912,0.8875160258406581,20.892453191762385,1.0585047763991673
stream,913,0.8863053739168673,19.84564921683154,1.2215041868017926
stream,914,0.885195745188085,19.22805175556565,1.0868301478126188
stream,915,0.8844064697498383,18.901169128549725,0.9631032586767995
stream,916,0.8835819853469269,18.35129178959853,0.9766021840174697
stream,917,0.882285826216991,18.61082675433471,0.9301450026845948
stream,918,0.8819527401440016,19.019142382345223,0.9794960494621308
stream,919,0.8806271066454457,20.44023577731334,1.0996298742556003
stream,920,0.8791207811808495,19.368912297299797,1.109139431668187
stream,921,0.8790176859291674,20.729150819401546,1.1651388727018146
stream,922,0.8792732955274207,20.009058455326073,1.1856084597670589
stream,923,0.8800671473384875,20.016146526951058,1.1687082645824238
stream,924,0.8807381729646842,20.54321531912513,1.208755743130524
stream,925,0.8805957756390742,21.11598251147779,1.285765358072536
stream,926,0.880421648884032,19.968947420807734,1.2425107582226596
stream,927,0.880288900577984,20.29702506161617,1.217332133271187
stream,928,0.8798996669285521,21.319812090498324,1.3380640861314295
stream,929,0.8801624627257307,19.108585411943512,1.4859392783847756
stream,930,0.8801016367659819,16.896693458017417,1.6714949621273658
stream,931,0.8802178271836814,16.7913624523182,1.5603396483861052
stream,932,0.8797926348377617,11.595301812037526,1.415462839741666
stream,933,0.8794543290546217,11.632703540514173,1.2438108549146554
stream,934,0.8787325678232378,12.347343056933934,1.2526584393405689
stream,935,0.8780936639620684,12.463312209986471,1.3241141411104964
stream,936,0.8770259016401761,13.60029159086238,1.437952845623421
stream,937,0.8764932564991893,14.037311831568193,1.43962104342072
stream,938,0.8759777279309819,13.374923874291436,1.4060606725978793
stream,939,0.8759577827948052,12.056369234339575,1.277009191603261
stream,940,0.8757401869250053,12.839031054268895,1.30726874576062
stream,941,0.8760301648809397,12.048714334629594,1.3102225830435414
stream,942,0.876406497245731,13.126896268680543,1.3521793328904415
stream,943,0.8766713108202558,13.943120794608438,1.3517710852970108
stream,944,0.8767891608925754,12.626360996474773,1.329322403074563
stream,945,0.8772587042426438,12.127085630409187,1.17946139433187
stream,946,0.877260308579419,12.248696374505265,1.1673146433723502
stream,947,0.8766017039226046,12.354093478567451,1.1683052429337133
stream,948,0.8750358406594824,11.272601656871084,1.0443421331412526
stream,949,0.8746297094611308,11.801145068015703,1.0187762091061838
stream,950,0.8732265900804224,11.215028460154105,0.9894596401365563
stream,951,0.8713613624185417,11.451946420684399,1.0122928461752807
stream,952,0.8697085057532672,11.540155013327348,1.0040644687170313
stream,953,0.8696571444371137,14.559917679296284,1.0515796755303664
stream,954,0.8691910085127192,13.840654818353633,1.1790131176710188
stream,955,0.8703045992223705,13.533798425776771,1.1085780827225857
stream,956,0.871108712509418,12.423469739307084,1.0119206253437694
stream,957,0.871611435841494,11.693872383619013,1.0107021319082135
stream,958,0.8718786211783368,11.694120823009522,0.9718529482632707
stream,959,0.8718847973004177,11.985612762901859,0.9868960570952813
stream,960,0.8719607332117106,11.22523707952549,0.9626448763717634
stream,961,0.8722572463779282,11.054043952004486,0.9100646622822068
stream,962,0.8729320948189722,10.001465773785746,0.845464991294948
stream,963,0.8728488693795122,10.323428381042113,0.8924153853178446
stream,964,0.873449958724994,15.892856096383877,1.2770795655166491
stream,965,0.8750165761084733,15.666683206169804,1.4247745788064439
stream,966,0.8759082787504274,15.377672756305424,1.3884386124098076
stream,967,0.8767619200029816,15.68847386899389,1.4024934469057655
stream,968,0.8770445613259118,16.248823147262602,1.4035957793203881
stream,969,0.8775465648933387,14.456304105125021,1.2925346906312578
stream,970,0.878283564207216,14.735652795285622,1.2132092632088562
stream,971,0.8796286237935459,15.09283194385596,1.1581260624165806
stream,972,0.8810459039191364,16.300976129868115,1.2946135831224737
stream,973,0.8819697733035212,17.522967178594932,1.2702933859196686
stream,974,0.8827586601311076,18.318671286705154,1.5212768686571359
stream,975,0.8830276353867836,18.18168514913983,1.576312339536078
stream,976,0.8835719204170528,18.224727357310886,1.5691401144758705
stream,977,0.8840752552509695,18.232602935801616,1.5691401144758705
stream,978,0.8850114703468749,25.009594543663418,1.8086590471658583
stream,979,0.8855290814418051,24.563988444003545,2.0258400724663965
stream,980,0.8857943918948343,24.528524610103798,1.9869109277055967
stream,981,0.8863849628795154,26.366528675705144,2.059973258114787
stream,982,0.886728872941413,26.33498598080782,2.101565494384597
stream,983,0.8862854738620669,30.64905215648848,2.2348157867291008
stream,984,0.8853482383673276,25.585994962443106,1.9167220885424594
stream,985,0.8852116162448712,25.64016073291848,1.8025244763058843
stream,986,0.8857567377282292,25.620173648795838,1.8021782823611983
stream,987,0.8853314315397594,28.40158275049497,1.8944713595905367
stream,988,0.8852620289450914,27.523904423865886,2.084061632392036
stream,989,0.8845068167916516,27.64044039931345,2.055246216118395
stream,990,0.884473401137745,26.949593878726198,1.9813644998926776
stream,991,0.8845034848135763,29.72218432700797,2.0427641391589475
stream,992,0.8836505379140793,28.235037581368957,2.016324644351385
stream,993,0.8845218388304263,26.8847144580376,2.1254137241437183
stream,994,0.8852162051794382,27.798539975902827,2.0711329452180918
stream,995,0.8858898836882776,27.642674588620007,2.0460874991197575
stream,996,0.8870774288874552,27.646735461083168,2.024550219741365
stream,997,0.8873298599446808,29.810185170464273,2.052595653840377
stream,998,0.88814802138317,23.4862317613798,1.9678624576168735
stream,999,0.8887693139255067,24.425812683235197,1.8166033531130632
stream,1000,0.8896802280113918,24.77860392980905,1.9197875026825322
stream,1001,0.8904508176640924,23.008668969966998,1.8725862189396403
stream,1002,0.8913407987593982,23.287959172756967,1.8083245089449544
stream,1003,0.8924159123274761,18.091123657174194,1.6839701138731877
stream,1004,0.8935609800506749,17.612014372574052,1.5740743985200507
stream,1005,0.8944244193614608,17.68386057957595,1.5456731841889777
stream,1006,0.8953354449902252,17.92394366398584,1.5344223911895292
stream,1007,0.8964308335669254,14.300570820338317,1.4390249675716287
stream,1008,0.8971928667785468,14.198234782748841,1.2491611046108226
stream,1009,0.897763692402002,13.941806329359945,1.2233096668037684
stream,1010,0.8986150096435805,14.702889423891191,1.2517043864436268
stream,1011,0.899293037378592,11.865664149189366,1.2761800363260447
stream,1012,0.899995990996886,12.410568403307947,1.2315478966749036
stream,1013,0.9008893157543403,9.472642971081855,1.1202268925258305
stream,1014,0.9016426195044196,7.818418792915578,0.7991063159583129
stream,1015,0.9020001344013467,8.072820124909468,0.7724066515852737
stream,1016,0.9024513041553667,8.760145331393128,0.8628023815032948
stream,1017,0.9032126474097204,6.6034776298198326,0.852993386115222
stream,1018,0.904062626894715,6.150891220591451,0.6987104828814588
stream,1019,0.9051317319947348,5.762677416779713,0.6230700440653716
stream,1020,0.9059663134973368,6.065599314144746,0.5202469247417258
stream,1021,0.9066982127687502,5.861392586787644,0.45770085067472815
stream,1022,0.9070058766779974,6.822213688488036,0.576240972115188
stream,1023,0.9077188271244977,8.740464166737132,0.7625821278316669
stream,1024,0.908498291805352,10.247540867173683,0.7631562590996585
stream,1025,0.9101305532730254,14.796690206981115,0.788334463876499
stream,1026,0.9115723753537671,15.19635518691888,1.0913748702996113
stream,1027,0.9129078952619675,15.45369789566295,1.1360020676846831
stream,1028,0.9141576530114975,16.115331177122783,1.1928005825331056
stream,1029,0.9156514166327122,16.295363362803684,1.2374158598226945
stream,1030,0.9170494534806791,17.171318944425458,1.2287797173623045
stream,1031,0.9183525350965906,18.78278065914538,1.1429341989038637
stream,1032,0.919447239584749,18.374015738692894,1.2284814255798382
stream,1033,0.9201623036433996,19.4225968156197,1.2730109982157118
stream,1034,0.9207585215614504,19.50812106729596,1.2760582723857856
stream,1035,0.9212005598547996,20.65889240729731,1.3577393763071697
stream,1036,0.9213479414073252,19.84254060773256,1.3256749333644868
stream,1037,0.9224494737488211,21.575914360430236,1.385422052762366
stream,1038,0.9227838708402347,22.285303192772492,1.533348132447978
stream,1039,0.9233044912829469,21.73133459091594,1.538090161923717
stream,1040,0.9245175240498922,21.032459107609657,1.538853601830009
stream,1041,0.9257098938289032,20.755433630375563,1.5375311747400713
stream,1042,0.9266870933684171,20.82259149479171,1.450655662798032
stream,1043,0.9276529309801317,19.422727584231705,1.2090787511607435
stream,1044,0.9286886185642504,18.376774000803948,1.206488823662026
stream,1045,0.9289522666191361,14.27074996624491,1.2714110476416807
stream,1046,0.928501930405038,13.751132007251849,0.9777375063378274
stream,1047,0.9279557707254301,13.522493379947225,0.9378953180097828
stream,1048,0.9268845124680057,13.164828751585794,0.8968520150943967
stream,1049,0.925852445289885,13.25962442357951,0.9076878322168926
stream,1050,0.9250698713738945,12.618027142590721,0.8884502108358976
stream,1051,0.9236305253560865,10.732476549694436,0.8951244962350007
stream,1052,0.9225158585768554,12.900177285559039,0.7888546082541367
stream,1053,0.9213247842412321,11.845950633681287,0.8095821208878956
stream,1054,0.9203123309860402,13.559442652000342,0.8591817560329988
stream,1055,0.9194935848037817,12.411564790899575,0.904678619237163
stream,1056,0.9188781223338048,13.896106368784226,0.9494285187364067
stream,1057,0.9184308676548957,12.789650168248164,0.8748530542018539
stream,1058,0.9180232079501248,12.098492501583257,0.7384874140753447
stream,1059,0.9175094706541325,14.14337047445865,0.807758392970018
stream,1060,0.9170321324222184,14.439876923308072,0.8282444563587376
stream,1061,0.9165240393441274,14.427008287252491,0.829418523077617
stream,1062,0.9159524239739657,13.249344281806545,0.8010238291955497
stream,1063,0.9154683932682119,15.114827659655832,0.8448061534605511
stream,1064,0.9151130137094324,14.684656586156196,0.914886728118378
stream,1065,0.9143224722996008,15.694706091335922,0.8491258290965441
stream,1066,0.9131292334480966,15.574099702503732,0.9075569672276027
stream,1067,0.912362398363656,17.343086456883995,0.9546493006938797
stream,1068,0.9114873861223268,17.41455796022068,1.0811701789652348
stream,1069,0.9103352205104311,17.392110120730877,1.0770071512869615
stream,1070,0.9088976459991048,16.47111308485224,1.0863558849357053
stream,1071,0.9076049397665723,16.21575406366247,1.090751552594254
stream,1072,0.9055308656579976,13.924585715829116,1.0456945615393634
stream,1073,0.9055123705954128,17.943820779570153,1.0917586254443983
stream,1074,0.9047487146285245,16.09361020818839,1.2128721734980141
stream,1075,0.9047832343696987,16.89359139231695,1.1190464327954894
stream,1076,0.9051371970359252,15.90856292131014,1.0170656872995048
stream,1077,0.9060908746037765,15.52662293732719,1.0129973210697938
stream,1078,0.9081257835737421,20.25316095254769,1.1099456889215675
stream,1079,0.909219628219329,18.21839786497505,1.204844639437221
stream,1080,0.9097747843779015,17.995683743186127,1.1830923074380744
stream,1081,0.9104941575892143,18.387066127801134,1.230930436323293
stream,1082,0.9107885370159657,18.29938270584213,1.23554963671463
stream,1083,0.9116234603487804,16.953722398030006,1.2822228633832897
stream,1084,0.9128654880209167,17.249707396661616,1.2216099239639397
stream,1085,0.9145386516988147,15.576542341669004,1.1875108267931518
stream,1086,0.9150254544228135,18.365237805026013,1.2566175296219928
stream,1087,0.916068651159333,18.33821157536387,1.5073514294396093
stream,1088,0.9168871596680314,18.283273764158363,1.4897523898700928
stream,1089,0.9186528335306682,19.978214863445988,1.576267721088493
stream,1090,0.9198572485819195,21.12660960240461,1.8074613296891764
stream,1091,0.9209528826157594,21.12642009956072,1.831006001769716
stream,1092,0.9221476544637265,21.3251045112629,1.8399019681886266
stream,1093,0.9231060368501299,17.650444669713956,1.7494445996986216
stream,1094,0.9237791061008775,18.054120897328755,1.5646301277777586
stream,1095,0.9245766647130396,17.075881851372404,1.523155851346705
stream,1096,0.9252765170294092,16.64858445129226,1.5403633901117328
stream,1097,0.9253730426070733,16.891919645308995,1.5763598947262594
stream,1098,0.9242280676620939,15.35738368572249,1.5022260909961895
stream,1099,0.9230164768325765,15.38593791809232,1.4262942952888165
stream,1100,0.9213490970367731,16.22408326841674,1.4443566232397658
stream,1101,0.9187723927116446,15.957300602174728,1.4142091568456947
stream,1102,0.9171468734261782,16.111292663184425,1.4332245001187678
stream,1103,0.9164386356550015,14.808294253017722,1.3478310608800737
stream,1104,0.9171889855590575,15.589069498076341,1.3921901530748066
stream,1105,0.9164414642762913,18.247719782865016,1.6298318750754812
stream,1106,0.9159739568980452,15.825701153436471,1.6936051234330225
stream,1107,0.9145714166241854,16.12668904248758,1.5353983338562562
stream,1108,0.9142209697669893,15.81275269909062,1.5046511400736606
stream,1109,0.9139032821727235,13.868132482104581,1.3657195179740305
stream,1110,0.9142180801406976,13.616741347687446,1.1593502528922996
stream,1111,0.9159611675341709,18.22691972566856,1.1643958811647035
stream,1112,0.9170339771817242,18.077945355395617,1.260551769311342
stream,1113,0.9190935051167909,18.337225400470135,1.23584137919483
stream,1114,0.9203445696415296,17.973822499947943,1.2830030470422684
stream,1115,0.9218830435796653,18.017103062006836,1.2939682482971642
stream,1116,0.9231649981214425,18.158407248645084,1.2899902630990012
stream,1117,0.9242900295125053,17.699331742447217,1.254366826456856
stream,1118,0.9249567705042719,14.55308899637777,1.2206042401076167
stream,1119,0.925243990165287,14.513131093859302,1.1162309276781774
stream,1120,0.9250209603279206,14.679568145887066,1.1268322131527795
stream,1121,0.9245706302013883,14.553467931870527,1.1671970708199282
stream,1122,0.9237357789059272,14.638028141817335,1.1458303101883838
stream,1123,0.9223830640335445,14.715396160933036,1.1528072899093191
stream,1124,0.9212395579978224,14.760645281106768,1.1220390430304366
stream,1125,0.9204757659409686,12.332480439035308,0.9004702658099464
stream,1126,0.9195706353992815,12.512073743322489,0.7516219416080612
stream,1127,0.9195202281549943,10.52915299109535,0.6311966848217133
stream,1128,0.9197151289090916,10.509023015883932,0.5382777592045646
stream,1129,0.9200886313827404,10.697386982132407,0.536725147573191
stream,1130,0.9199333920322956,9.663056868186755,0.5178298669847249
stream,1131,0.9210503882342345,8.343878112885166,0.6182598900081192
stream,1132,0.9219209529535228,9.92720878140197,0.9088171724352357
stream,1133,0.9219299390899209,10.088944038072512,0.8994467757014712
stream,1134,0.9211339738521896,11.212265130442544,0.852872719444714
stream,1135,0.9204349301449642,11.119324033370967,0.8590392925443636
stream,1136,0.9198442827532313,11.349248806698977,0.855734478060114
stream,1137,0.9193240298484309,11.482317785222584,0.8531684942341629
stream,1138,0.9176783315269149,12.113796664165184,0.8590497114581577
stream,1139,0.9165600682247176,12.113124665425815,0.8809990593221105
stream,1140,0.9150452952982915,14.255913008249433,0.9840241158550216
stream,1141,0.9126492533923406,14.235970643679202,1.0451832970026607
stream,1142,0.910472722830242,14.095175503767628,1.0394477596665448
stream,1143,0.9081132804671661,15.346803819323084,1.1245668413548489
stream,1144,0.9045102797166138,14.253596570424113,1.1219926664287496
stream,1145,0.9023080856384292,14.413273017018131,1.1375600429083033
stream,1146,0.8997473844898536,14.69690953313376,1.1768287261044432
stream,1147,0.8988843843853441,14.610737113075153,1.1640279903189947
stream,1148,0.8996195102472464,14.588070820263718,1.1618675090540929
stream,1149,0.9006912233531759,15.741313894045106,1.2235023178291804
stream,1150,0.9002865996150557,15.730051353674858,1.2688283926209156
stream,1151,0.9003960662255072,12.439261246602204,1.1298376435031665
stream,1152,0.9005384824198207,10.928592895556871,0.7366107966385457
stream,1153,0.9004685381807199,11.249743613184357,0.8022491826930871
stream,1154,0.9010652865047587,11.16033750208634,0.9576041289726644
stream,1155,0.9002275002742667,11.426157648508747,1.0330421608869214
stream,1156,0.8992005934432283,11.010915903229161,1.0253730096472065
stream,1157,0.8986034393634588,10.84499800126646,1.0266557758083428
stream,1158,0.8969672459092397,10.156400785394352,1.0241139166041129
stream,1159,0.8947199417789327,10.215182043616128,1.0006560764334174
stream,1160,0.8941440128307423,7.004142313254285,0.869686658269819
stream,1161,0.8922479388901836,7.017396427027409,0.7498829765414323
stream,1162,0.890911633051891,7.471402665487393,0.7599351366827664
stream,1163,0.8893597237417594,6.973230418277071,0.6623266871211844
stream,1164,0.887772628040317,6.872741823062649,0.6615488116335987
stream,1165,0.8876170282654349,6.735742093596188,0.6353260716010402
stream,1166,0.8863870750739087,8.5682211404301,0.7295758299507509
stream,1167,0.8872177406954882,10.467253166152156,1.0440895470345821
stream,1168,0.889640458714923,10.978523377223418,1.0608485102432392
stream,1169,0.8919506882967512,12.068363302789031,1.0164012139239849
stream,1170,0.8951260112953898,12.857896127546493,0.9742092503819287
stream,1171,0.8985581766991142,13.064940128594746,1.0654674859233313
stream,1172,0.902774327096626,14.137032144825216,1.1544694094234702
stream,1173,0.9046822179437627,15.636232989032987,1.3443202077442402
stream,1174,0.9045063119493222,15.50575769843011,1.1986108709983923
stream,1175,0.9051559360794325,15.21152146687028,1.1276050804403055
stream,1176,0.9053655851935936,15.226113021578513,1.127289825605839
stream,1177,0.9060112761620347,15.259023053090033,1.1421855433642314
stream,1178,0.9062167419600549,17.68264227944657,1.2161294119456747
stream,1179,0.9063346805504174,17.64103025663626,1.2649947278117768
stream,1180,0.9068592743849128,18.002319267596302,1.2866761515458902
stream,1181,0.9062109780374336,21.236513465512022,1.5205171456833295
stream,1182,0.9055000762340688,20.947714579724718,1.5609296424002015
stream,1183,0.904997901435554,20.26495691995574,1.5879507269442252
stream,1184,0.9045636185429543,20.75270093904576,1.6053925987747437
stream,1185,0.90418578524155,21.20998335847586,1.597956488082481
stream,1186,0.9038463549769353,18.5746940572782,1.4398219858660808
stream,1187,0.9040675577469132,16.905384517803146,1.1052054665529096
stream,1188,0.9040969029572045,16.651437062631878,1.1199376675281012
stream,1189,0.9050352357660834,17.329640968874045,1.28395672883327
stream,1190,0.9053303415879652,17.062715220850414,1.4948803148539451
stream,1191,0.9052037591496445,16.979805568550944,1.407525389709169
stream,1192,0.9046780297402125,16.16443835256428,1.3204758930029623
stream,1193,0.9047951783302551,15.745005086312968,1.213335583355939
stream,1194,0.9042726551638384,14.833069457670137,1.295835646652706
stream,1195,0.9033524103471565,14.863153180192791,1.2649950231113845
stream,1196,0.9027705830372028,16.5384808516952,1.3246487347388944
stream,1197,0.9026184911191218,16.537189485851364,1.3808559220169827
stream,1198,0.9016355522184424,14.325373056430509,1.3087426609210973
stream,1199,0.9005982158927655,14.531220139107234,1.2905320158340852
stream,1200,0.898220067756828,15.457594157454222,1.3920231960045288
stream,1201,0.8951015529961274,12.281338951924175,1.2128915253400645
stream,1202,0.8928941445888883,12.1455071222809,1.1773042307840642
stream,1203,0.8899237157787077,13.081176372407247,1.1680105573197963
stream,1204,0.8895643138847882,13.85588260058184,1.2809766600091845
stream,1205,0.8908379252788079,14.091577287224474,1.2809766600091845
stream,1206,0.8918130827270788,15.069295821730156,1.3967754824482006
stream,1207,0.8914958932961821,14.86599229982094,1.413636705379291
stream,1208,0.8910081637584384,14.710097144629406,1.3837387449264116
stream,1209,0.8910293405907239,12.547942131777262,1.2567645353155088
stream,1210,0.8945243862745089,15.52424893369215,1.057675904132148
stream,1211,0.8969618268251013,18.19435069090684,1.5109472117577847
stream,1212,0.8971769076191366,19.209491624094255,1.5140305260144367
stream,1213,0.8983621583198763,17.15742980139526,1.4415744463005749
stream,1214,0.90031184545656,17.344442887643183,1.3727432591303883
stream,1215,0.9009024520197344,17.561508105629837,1.372845484808218
stream,1216,0.9007059714025365,16.744527114698705,1.3158809885983438
stream,1217,0.9004644947203965,16.780437022412833,1.2517077929089213
stream,1218,0.9011280935846446,16.56824224833727,1.252150550381269
stream,1219,0.9021534951140011,16.443790178824024,1.230169016509295
stream,1220,0.9034951297342109,15.555850361277239,1.1129132450074464
stream,1221,0.9042604939323842,15.5108704263707,1.0604001554099076
stream,1222,0.904378254822066,15.626427260509232,1.0500344747102357
stream,1223,0.9053618012856399,14.619956263558274,1.0331321370329922
stream,1224,0.9065844658451204,13.383108154526834,0.8848419815650488
stream,1225,0.9074691403455046,14.445044064527773,0.9849734120674484
stream,1226,0.908702986116556,13.563005078750729,0.9294840050909903
stream,1227,0.9101045174030434,20.925585259919714,1.236523088502969
stream,1228,0.9118083144471277,20.8535436050316,1.5385770505199898
stream,1229,0.9137971904480277,20.086679569450666,1.501970243149207
stream,1230,0.915077304125231,16.587276151073436,1.4836951288088576
stream,1231,0.9174212658701388,14.79273366112396,1.0428478771937626
stream,1232,0.920322319549008,13.410537857655934,1.0692453726174918
stream,1233,0.9227972683417056,13.291579291800605,0.9838583066571747
stream,1234,0.9253006702105945,13.913962984003353,1.0078315080366012
stream,1235,0.927518663358268,14.160422488175522,1.0925997430126466
stream,1236,0.9294226234986541,13.267333805650143,1.1084069723725052
stream,1237,0.931595666341851,13.23474952220169,1.1006734007470356
stream,1238,0.933680190311973,13.305400809105947,1.1118570305975142
stream,1239,0.9350018247124581,14.300717863765176,1.135189900646771
stream,1240,0.9363698208335562,13.942658443459734,1.143268688517404
stream,1241,0.9375169061704113,13.947338454766701,1.1401742014357437
stream,1242,0.9386817849745377,14.146529557603628,1.1501018114571857
stream,1243,0.9397587539861361,14.789231794714976,1.2428350937841115
stream,1244,0.9408755562862489,15.26105979832128,1.324696472113123
stream,1245,0.9417022263601058,13.45736502950894,1.2297681707376897
stream,1246,0.9422907735548822,13.36969549005635,1.1664809359149557
stream,1247,0.9426933219099468,6.0222871346708295,0.8397993395141815
stream,1248,0.9433272435062199,6.550121403460762,0.5507273502674429
stream,1249,0.9433478967670329,7.818701805967831,0.6430575168447952
stream,1250,0.9437989768095827,11.163152131952645,1.0256679328532181
stream,1251,0.9443150387440431,10.163914685451212,1.1147034317387432
stream,1252,0.9445264262116251,10.263958626614551,1.0812749581863463
stream,1253,0.9450132680551501,11.45682093691396,1.1689087856153069
stream,1254,0.9454699339889818,10.813381302042025,1.132211245873198
stream,1255,0.9456158668720044,10.346704640155613,1.0551038273871558
stream,1256,0.9460487022076531,10.968252102568153,1.0916221306071583
stream,1257,0.946052288271243,11.232637227827974,1.0915514699362978
stream,1258,0.9459118250609526,11.517256525901946,1.1118532204071896
stream,1259,0.9452690268285701,11.144795933271327,1.0796329617918468
stream,1260,0.9445444576828412,11.722256379189682,1.0665149765175106
stream,1261,0.9450461999999153,12.016861939784588,1.145611178028974
stream,1262,0.9455212939905882,11.702130218900477,1.1624266870138389
stream,1263,0.9452657076740832,11.501327168416987,1.071800386652832
stream,1264,0.9447230658680726,11.290986287562308,0.9900803038368784
stream,1265,0.943638994865841,11.120823917379102,0.9882891641438776
stream,1266,0.9427621026221829,11.135354746868577,0.9641068332552516
stream,1267,0.9407534036414187,12.808921517092202,1.0040799679566543
stream,1268,0.9380648383463721,13.122274139675318,0.9933219914676454
stream,1269,0.9370981550313688,13.031540760486255,1.047746915580983
stream,1270,0.9364183853281126,9.831609662977222,0.6645928334095099
stream,1271,0.9341743544474747,11.615101829890454,0.6508300932605882
stream,1272,0.9299116482965585,16.92396050555479,0.6696521689811757
stream,1273,0.9265008939627899,15.78238746799878,0.8492559756406979
stream,1274,0.9252402568691633,15.66518321436035,0.8371509242253212
stream,1275,0.923168050247735,15.85846033534789,0.8543949882242869
stream,1276,0.9209898902132676,15.763884767986054,0.7944654663327285
stream,1277,0.9198761685479775,15.805387936324824,0.8676215507245617
stream,1278,0.917119359530059,16.867098715769004,0.9476197194903545
stream,1279,0.9135224158528579,17.384357591183278,0.9484077486595891
stream,1280,0.9098822134847465,16.760235364309626,0.9839591652730705
stream,1281,0.9065118977019017,16.925585111627548,0.9170079851967305
stream,1282,0.9013166011114468,17.475837907273664,0.883004957997252
stream,1283,0.8967110881020482,17.615827731615752,0.9607493924479712
stream,1284,0.8928295167376583,17.545761221904797,0.9607996436377786
stream,1285,0.8913273750816945,18.33855016669257,0.9685674741289988
stream,1286,0.889202487643946,18.57014709871848,1.0166933598738375
stream,1287,0.8875734452584607,17.108688140973033,1.0238031960558756
stream,1288,0.8872558491189784,17.99503118086136,1.0415692511113472
stream,1289,0.8872086904215267,17.713894758878435,0.8774670131776242
stream,1290,0.8873740035441181,17.54121271925304,0.8880029802810931
stream,1291,0.8893722329804948,18.366739696979728,0.8863395850137877
stream,1292,0.8903903329937677,13.175344692102412,0.8995614854791706
stream,1293,0.8912701850973228,14.766881903260826,0.7683785252389604
stream,1294,0.8912358921068108,14.65868847355614,0.827303302561379
stream,1295,0.8917371875354805,14.536411094346391,0.8033674548723847
stream,1296,0.8919101913103744,14.042120591238719,0.8055979428747657
stream,1297,0.8909808842717025,14.059396488809922,0.7330189411719544
stream,1298,0.8897695367918672,12.642337240072541,0.6351311665372622
stream,1299,0.8892095671985992,11.864393973858949,0.6506352231044539
stream,1300,0.889032045519518,12.10531908416066,0.6170425834263006
stream,1301,0.8898420988959526,11.651002645204793,0.6096587066577704
stream,1302,0.8912244495227901,10.93089482498865,0.6105603550445323
stream,1303,0.8919569194802848,11.323617158116237,0.5629668482343789
stream,1304,0.8925414780565385,11.795993733832095,0.5610793712735573
stream,1305,0.8931080625514188,10.958097542541202,0.5717234497224013
stream,1306,0.8926194518155518,11.54225474310664,0.5382673081864757
stream,1307,0.892057764899237,11.381379148976146,0.5071052404694487
stream,1308,0.8904492086048733,11.37892249357003,0.5106073819401524
stream,1309,0.8896510850802384,10.988923799986626,0.6855220066000391
stream,1310,0.8879251247092245,11.022502911507726,0.6962636344111042
stream,1311,0.8870467425124478,8.47374210905908,0.6051736725962158
stream,1312,0.8864254788938808,8.941401330097008,0.6215820732668602
stream,1313,0.8869508480070968,7.775958346169949,0.5597697861338212
stream,1314,0.8868161846758589,7.808519354216733,0.529236787574604
stream,1315,0.8845288273061873,8.64064665485811,0.5863061200373278
stream,1316,0.883249158256331,9.693606524888759,0.5839875417038353
stream,1317,0.8831337826289869,9.325440778483216,0.6137036179862392
stream,1318,0.8831395828122278,9.38554303635268,0.600015953559746
stream,1319,0.8818766399552667,8.952620055044399,0.5867864102859031
stream,1320,0.8802821418847564,8.789423465387804,0.5832758744159978
stream,1321,0.8822848716344802,12.369102108989662,0.679914545756819
stream,1322,0.8850033822933302,13.21291516149718,0.7172090691476707
stream,1323,0.8866626134088226,12.16501115449999,0.7204684583441936
stream,1324,0.8885612559229242,11.774432704578798,0.7306761456166129
stream,1325,0.8900983741464332,12.061558616432198,0.7622700299711407
stream,1326,0.8916969171243548,11.982848118760886,0.8376701779520453
stream,1327,0.892100338437139,12.834451148167307,0.8209526703952924
stream,1328,0.8925153730085241,12.063705015898849,0.9593503078789771
stream,1329,0.891480836246572,11.444159411087208,0.8314534292714965
stream,1330,0.8911759968054834,11.514630086264455,0.7949305397061657
stream,1331,0.8910144552705912,11.458251908695932,0.799026154670723
stream,1332,0.8941276722026211,12.584325936551432,0.8261158824258658
stream,1333,0.8969107807509717,12.690919219955473,0.9167442227396886
stream,1334,0.8974783736584979,15.170501230876154,0.9024607422953697
stream,1335,0.8994982768824232,14.29931977449711,0.9214197788713868
stream,1336,0.9016319798530934,13.571267663244326,0.9258206678827886
stream,1337,0.9039448816942809,13.88193562394635,0.8951772988355736
stream,1338,0.905640593019823,13.859248727375048,0.9208152129850065
stream,1339,0.9079351325852996,14.067540149760125,0.919863112101302
stream,1340,0.9092818666306789,13.978802921694653,0.92728110844712
stream,1341,0.9106142742969711,11.447022201710126,0.8594205531967987
stream,1342,0.9115063704030003,10.664838518584922,0.8452609903510758
stream,1343,0.9120970339733099,10.780361193240077,0.8087881330602222
stream,1344,0.912266611475182,10.536912214974867,0.7995673706948436
stream,1345,0.9129722676709282,10.360823628597464,0.7458336830875992
stream,1346,0.9142675440499527,10.12058472604688,0.6604694942174485
stream,1347,0.9161544971779539,9.856764015799552,0.6604243630067796
stream,1348,0.9186195512784507,11.410566212939248,0.5206634813139649
stream,1349,0.9218267664748637,12.656721490468637,0.4750824373490532
stream,1350,0.9249940798643114,12.778603361621284,0.49999015046190687
stream,1351,0.9284937858913064,13.817829638009012,0.5100848240101498
stream,1352,0.930909488446825,13.55894006170756,0.6289601421339591
stream,1353,0.9329478317501363,13.038049229733902,0.49494232982162617
stream,1354,0.9342960117563801,11.146412070717156,0.4998507479616136
stream,1355,0.9350517610640423,11.443244749458874,0.42319772047667953
stream,1356,0.935148780490998,11.437446456652715,0.4189432485384856
stream,1357,0.9354109749803473,11.915534454670494,0.4824663781448243
stream,1358,0.9349937410502384,13.02675860035721,0.598188645905419
stream,1359,0.9349059097812829,14.252851768763296,0.7564520424025807
stream,1360,0.9345061741732062,14.315344537911077,0.8273874517143197
stream,1361,0.9346640043754522,13.28375975005653,0.7935197515286984
stream,1362,0.9350130199309221,13.499656476878686,0.778393904273745
stream,1363,0.9345147225633306,15.537435158608805,0.8138256815364011
stream,1364,0.9333877282816027,16.58383468995288,0.8263856350345814
stream,1365,0.9319181374573564,17.400633635516815,0.8262855760097256
stream,1366,0.9313576070276856,17.86929736603225,0.9600501131835905
stream,1367,0.9309065101849842,17.19844798578032,0.9947184068706659
stream,1368,0.9311103299248473,14.842304402522043,0.9804601959205097
stream,1369,0.9318565698125049,13.816493238811892,1.0141823836081754
stream,1370,0.9329510960673404,13.926440435640561,1.0374419666039691
stream,1371,0.9337888187462292,12.90524481694525,1.0429581380810717
stream,1372,0.9345143009466433,12.336697138503062,0.8737133346624939
stream,1373,0.9355703401677667,12.50501994705714,0.9183030524727431
stream,1374,0.9364072737801127,12.090698523677139,0.9284191404964087
stream,1375,0.9368464462346066,11.762003915919456,0.9290437991965967
stream,1376,0.9371010663079744,11.433512861830142,0.9288676098408567
stream,1377,0.9372119429477882,10.712532362267256,0.8697171083496544
stream,1378,0.9374081603911709,10.012714558001559,0.7258887575335818
stream,1379,0.9375781009321397,8.979506717503206,0.5660956725761909
stream,1380,0.9376824929787971,9.027481753534698,0.5309651138614089
stream,1381,0.9376116366365271,9.759195138665435,0.5779831331964159
stream,1382,0.9373423608072314,9.502982777873884,0.6105627770954466
stream,1383,0.9371680903731392,8.027648431587089,0.6116038927267454
stream,1384,0.9370270742017895,8.748104230863936,0.6073962929099362
stream,1385,0.9367331382555634,8.244408547349387,0.7553996271509117
stream,1386,0.9364870868410928,7.620069636644315,0.6740587769984916
stream,1387,0.9360669879727282,7.680742587083102,0.6514537353984874
stream,1388,0.9356421276156344,8.369555578638597,0.6978563419696548
stream,1389,0.9353234211862724,8.155830097088794,0.7240538514332997
stream,1390,0.9350470400632788,7.999569427278857,0.695589338736113
stream,1391,0.9344546734429976,9.293520591216485,0.6955893083978427
stream,1392,0.9335719456514057,8.283814503023114,0.7181554776747967
stream,1393,0.9326001350958535,8.523422616102975,0.6629846412875467
stream,1394,0.9314843828067926,8.319003306331943,0.6468108453569741
stream,1395,0.929724096785402,8.569726509490122,0.6653640219662669
stream,1396,0.928767771173482,8.852444955266229,0.7135110138841754
stream,1397,0.9277813499376593,9.596818034659199,0.7924173085378052
stream,1398,0.9261341669033393,10.513346884804617,0.791549349090151
stream,1399,0.9245361912595141,10.169615552377724,0.815317613114778
stream,1400,0.9244612139889331,11.65289997186132,0.849543656037033
stream,1401,0.924469497785736,11.480186459320215,0.8125475570207207
stream,1402,0.9247219418458009,11.470121785818463,0.7880939710553371
stream,1403,0.9251693031718914,10.845145392967467,0.7543844576532079
stream,1404,0.9256149070210427,9.142790060368723,0.7552528860400146
stream,1405,0.9249233433368721,11.26240532126387,0.750260715402937
stream,1406,0.9233371383680647,11.015737995541139,0.751308702557136
stream,1407,0.921461042657227,12.219131327703595,0.7684601851268341
stream,1408,0.9194616957155909,11.389066824033009,0.7656677751421571
stream,1409,0.9187427198998598,12.111449422677698,0.7189507604369983
stream,1410,0.9190922044710832,12.270023469968569,0.7069900696356867
stream,1411,0.9197320341851549,10.956669445225534,0.710171786746883
stream,1412,0.9214220805101759,10.98000645208478,0.662409719439729
stream,1413,0.9225938529701014,10.930821578213482,0.651964278904516
stream,1414,0.9228793537156971,10.931648214993777,0.6525984993957027
stream,1415,0.9223414615451287,10.64542315697458,0.6329740639835699
stream,1416,0.9220387397980636,10.338576553876406,0.5851484458462647
stream,1417,0.9214692543076957,9.552539464814672,0.5041598401511533
stream,1418,0.9211287755950708,8.379821629939409,0.5155747569828345
stream,1419,0.9212291823395694,8.8561440422549,0.4945369246264426
stream,1420,0.9215666962992991,7.258982530171102,0.4373666549188368
stream,1421,0.9220820287808505,6.797517548604095,0.43076764898688097
stream,1422,0.9226399464562453,6.7877366471007825,0.4222145940241614
stream,1423,0.9230489982250125,6.747713022424944,0.4194153135805699
stream,1424,0.9229200218594438,6.633977915670361,0.4092076090495214
stream,1425,0.9226609651798571,5.093081660868222,0.30273007586049
stream,1426,0.9224898710631199,8.007432030443633,0.5286317143128476
stream,1427,0.9223698115256234,6.9457364880310175,0.6395608156700306
stream,1428,0.9221395104969845,6.911945719586341,0.5908628745765191
stream,1429,0.9219868212925464,6.691063579555792,0.6130642296423009
stream,1430,0.9216427566264301,6.351787236478641,0.633982110807493
stream,1431,0.9210643724388281,6.489855153038368,0.6193303742040572
stream,1432,0.9205193710281063,6.4682661807568005,0.627454639441211
stream,1433,0.9198397412060465,6.264769199093552,0.6265721000799908
stream,1434,0.9190308149615798,6.315648692081092,0.6298053424167556
stream,1435,0.91811925838592,6.850210445516505,0.637959766593289
stream,1436,0.9175789257379552,7.044317009053561,0.6449808109635529
stream,1437,0.9169782191426304,10.897132031993701,0.8694880911507935
stream,1438,0.916543123711799,10.769542524624061,1.0462816121173724
stream,1439,0.9161171116071,10.474780311362705,1.0442234215220605
stream,1440,0.9160133604425229,10.944672314913806,1.0249089387673367
stream,1441,0.9162032590082885,12.179115129980746,1.0257405101486712
stream,1442,0.9162008113441141,13.863113975943874,1.2269420595928449
stream,1443,0.9163162950430496,15.651792035709546,1.2287007032328348
stream,1444,0.9159493553714502,15.874925970859753,1.2594949732592922
stream,1445,0.9154268220434422,14.963194983654976,1.2236028725974493
stream,1446,0.9146211626020294,12.149860742893784,0.9410756078216502
stream,1447,0.9136937275647731,12.10607350358256,0.8253344648989495
stream,1448,0.9132531973829405,12.121690519247922,0.8225514801176466
stream,1449,0.9123132422904554,11.786274629662149,0.7867743647579092
stream,1450,0.9117485152143484,11.816291292471282,0.7766110609134722
stream,1451,0.9121374363569267,12.131055734936549,0.7753711191217861
stream,1452,0.9114513343184651,12.714121986645312,0.7671624343834138
stream,1453,0.9112158233310923,12.515765457640176,0.7922547573885039
stream,1454,0.9110897637505159,12.811760687318309,0.8016541146159616
stream,1455,0.9124775027430835,12.502896109239414,0.8360145450492945
stream,1456,0.9136104501257971,12.498811554360449,0.8578629645597607
stream,1457,0.9140143675293072,8.71782860587954,0.6310763960020617
stream,1458,0.9142886080792041,10.483125070288184,0.47928192183433416
stream,1459,0.9145008888750421,10.70076096002786,0.628089548702832
stream,1460,0.914084475600262,10.468574684676344,0.6839864367840548
stream,1461,0.9147663440664895,9.586060651102287,0.7248728593360554
stream,1462,0.9166869371788391,9.38777383625485,0.51793578440712
stream,1463,0.9174796204047856,7.589910219769628,0.5816962462332397
stream,1464,0.918994033084594,7.65682481630912,0.5620161350330358
stream,1465,0.9200196175763249,7.602522154536479,0.5869864737106704
stream,1466,0.9204107407975519,8.248516846049409,0.6208750398885783
stream,1467,0.9209868223388682,8.10235098672295,0.6305400974838176
stream,1468,0.9211619048825402,9.88180080107601,0.7467687337636884
stream,1469,0.921488142378992,9.805670603219184,0.8496488644471706
stream,1470,0.9221803638119828,10.119873549515814,0.8744164524944783
stream,1471,0.9220754837910294,9.677480600219651,0.8821348332463959
stream,1472,0.9213989345892544,10.828269583796901,0.9742218175290475
stream,1473,0.9208090235458125,11.005144618007984,1.0590601602643348
stream,1474,0.9206228361825968,10.934562890980974,1.0787858285891045
stream,1475,0.9202144269200662,10.853100483496087,1.0374552761071105
stream,1476,0.9209603740919329,11.967823413432983,1.0931929909145024
stream,1477,0.9212324770653195,12.033951932282275,1.1328139516484053
stream,1478,0.9229187289009261,10.944724698282526,1.0984718421955442
stream,1479,0.9242638658896185,10.461973911359395,0.9846696686230396
stream,1480,0.9249579078402191,10.476911829785578,0.9388871307382318
stream,1481,0.925514085594366,9.979921610785935,0.8961936110599619
stream,1482,0.9257786384337501,8.498587139164894,0.8927547543919475
stream,1483,0.9260415978256061,9.095242975804075,0.838927832842974
stream,1484,0.9267424945685115,9.795456949196604,0.8289920670801446
stream,1485,0.9273267484063383,9.967177718286885,0.8201499046639266
stream,1486,0.9274100510381645,9.52527738874393,0.8524542216888904
stream,1487,0.9274039350496078,9.922762128782104,0.8191057124974659
stream,1488,0.9279073840497516,8.620423313289594,0.7504134623075605
stream,1489,0.9282583381545045,8.454829898278454,0.6598953581526601
stream,1490,0.9289734934831401,8.247985344696435,0.616972736281202
stream,1491,0.9291188596003799,10.494936834225,0.7536299003566735
stream,1492,0.9292443839297989,9.157940161572311,0.8079712272589943
stream,1493,0.9293021853063519,9.856241720060941,0.6883968107593963
stream,1494,0.929293585802377,9.576696817886704,0.6951826430750473
stream,1495,0.9297096266977564,9.45190927190531,0.6941843351284156
stream,1496,0.9303904731894492,8.82233160690116,0.616322640542903
stream,1497,0.9311209519808125,9.806283074404938,0.7051500653732322
stream,1498,0.9317353846375169,9.500481940153545,0.7028945040789484
stream,1499,0.9322733491596488,10.090298258673343,0.6681792380264889
stream,1500,0.932519810276811,9.83865048730179,0.6627522188132192
stream,1501,0.9328378852546033,10.737492090201801,0.678167008241518
stream,1502,0.9333247646569439,10.742521731182126,0.7194547492147437
stream,1503,0.9336258350319612,11.173015820648704,0.7416054147777831
stream,1504,0.9337711308922564,11.600612640506595,0.7449723433548359
stream,1505,0.9340439488893857,13.079221608735173,0.933315399121873
stream,1506,0.93409569066206,13.257450335727613,1.0452735719365271
stream,1507,0.934650307738671,12.95158602935533,1.0499261404127942
stream,1508,0.9353811322394449,14.275124991061848,1.0962226208281929
stream,1509,0.935438300124493,14.285293803549822,1.1863768432007131
stream,1510,0.9346669839659195,15.63508859205846,1.2349160898298823
stream,1511,0.9340884758384639,13.550993633097017,1.1943745465900164
stream,1512,0.9345880479165225,13.656542626208886,1.0492639720236785
stream,1513,0.9352616158271427,12.950604337662515,1.0554073708196108
stream,1514,0.9357608891255489,13.465527281210763,1.0050154925830155
stream,1515,0.9360378605534095,14.049826386180774,1.0048405251449228
stream,1516,0.9362258170404941,13.795048100507366,1.0024233503946123
stream,1517,0.9361012857760797,12.88043458832225,0.8791717057934626
stream,1518,0.935380492215998,12.438727028204264,0.8922578503460548
stream,1519,0.9347346698597389,11.850669171223064,0.8909105394411753
stream,1520,0.9338754970837781,11.863244242482052,0.8861876780544516
stream,1521,0.9324239926062523,11.073680472343675,0.879249013043565
stream,1522,0.9320026953668761,11.479309324355661,0.8410770230752056
stream,1523,0.9310940892919684,10.539390166393018,0.8302748444567143
stream,1524,0.9310884581694882,9.255391232994304,0.8465517802576842
stream,1525,0.9301721413599668,8.28410936921996,0.6867871139222852
stream,1526,0.9281946180881185,8.05328742200161,0.6160508170794287
stream,1527,0.9272601754969997,7.954627485326011,0.6123212266211515
stream,1528,0.9272447239714762,6.136101357645246,0.5175259420046838
stream,1529,0.9278142184073078,6.1327471948358285,0.4128748123041832
stream,1530,0.9289969808321278,4.819638258826151,0.38622304877398805
stream,1531,0.9294768534647491,4.650581407352337,0.28014341004083043
stream,1532,0.9297307880575059,4.146974147951837,0.2820568540665261
stream,1533,0.9304501505788584,5.258368014487118,0.31724354827633244
stream,1534,0.9308455497720566,5.608682839527903,0.4582454487691075
stream,1535,0.93139284952989,5.323271105872609,0.5559450368589669
stream,1536,0.9318421748089941,4.953282214784219,0.5530956529557634
stream,1537,0.9326529266528539,4.810868323077344,0.5497714531648514
stream,1538,0.9323148185665123,4.85438588333911,0.5369339280000511
stream,1539,0.9316886421065304,5.8517108133783715,0.5508746637391794
stream,1540,0.9310490166152553,6.213353391864843,0.6784424539533723
stream,1541,0.930326759678444,7.188296115086973,0.7600721723117301
stream,1542,0.9297220673728462,6.910245755193776,0.7729746198506724
stream,1543,0.9291999070955062,7.03570379210976,0.7806415135586876
stream,1544,0.9283987451534804,8.053865569420035,0.785998697265425
stream,1545,0.9275949153449411,7.4016699695807775,0.8098834025573295
stream,1546,0.9270054094928776,7.997295543162053,0.7854971196401318
stream,1547,0.926372651982282,9.23186313090321,0.7852817088170942
stream,1548,0.9262429273392836,9.997727649122076,0.8998777270327288
stream,1549,0.9255525586062966,10.322563212507745,1.0146452088164948
stream,1550,0.9257954936166417,10.705409938791638,1.044489816759859
stream,1551,0.9259767381969224,11.159819551643391,1.0432946369240008
stream,1552,0.9263212086898844,11.524492665162553,1.1052758873111055
stream,1553,0.9267722384770851,10.846475143296841,1.1209785580837495
stream,1554,0.9270210540063197,9.990431218698019,1.0114099300837909
stream,1555,0.9273664713556342,9.759111915560343,0.9159896327590505
stream,1556,0.9274018115396913,9.711949727277005,0.9144333574708555
stream,1557,0.9269879677958455,9.66482343256786,0.916847691928458
stream,1558,0.9261438991150203,9.674361978045699,0.9221201325141432
stream,1559,0.9251853644690091,8.911410891633171,0.9434153036960623
stream,1560,0.9250766337878924,9.737342937995354,0.8333741508978868
stream,1561,0.9249147924716556,8.78014678428847,0.8133330276266274
stream,1562,0.9242604101907983,8.86759011370597,0.7975395388403487
stream,1563,0.9237314270824701,8.76783648257747,0.7967794112032758
stream,1564,0.9236851536580252,7.692702512339193,0.7705167779600698
stream,1565,0.9232323372742613,8.04372004862323,0.7292207318674214
stream,1566,0.9229004448898666,7.083637042882759,0.6619277262835876
stream,1567,0.9222244391197398,5.83125977859047,0.6651745616798415
stream,1568,0.9220335786154573,5.92204759327694,0.5905322011784836
stream,1569,0.9213227541157347,5.6381647474814445,0.48205740537893127
stream,1570,0.9192662884456767,6.344520462184908,0.4903270367041961
stream,1571,0.9175489931334443,6.969778365520757,0.6894001238715748
stream,1572,0.9168830089560042,7.960734773036862,0.6264531274435751
stream,1573,0.915400035319176,7.724980324719236,0.6859948477498374
stream,1574,0.9166624035391391,11.146867272431694,0.9385885047657754
stream,1575,0.9183063230398748,11.722260948981967,0.9648798695254521
stream,1576,0.9187781745356781,12.242623283984384,1.0271214899063188
stream,1577,0.918373097610856,13.676353867408128,1.0266323299430893
stream,1578,0.9180047522012801,13.622696681168453,1.068827872664954
stream,1579,0.9174615246498508,13.53672571238606,1.0495448068933984
stream,1580,0.9175944567976954,12.339554297764188,1.0370753023428188
stream,1581,0.9177713906975226,12.223879484801705,0.9648916334522962
stream,1582,0.9174562959127601,11.99993270146256,0.9660796101959386
stream,1583,0.9171643822325464,12.353614762168613,0.9583471622574831
stream,1584,0.9162249758637553,13.28442405753519,1.0523888576065408
stream,1585,0.9153163590208243,13.10679613564969,1.1378349270243595
stream,1586,0.9146767714907278,13.157195217297204,1.1205265095835764
stream,1587,0.9137226756818118,15.780988000652464,1.2416832818000654
stream,1588,0.912836025832494,14.950333021966962,1.3490915782537822
stream,1589,0.9116431404684487,15.230243866108975,1.355757852091523
stream,1590,0.9105246826673692,14.17759997956648,1.2958197207832634
stream,1591,0.9095429986435659,13.226971720355392,1.0931909816279821
stream,1592,0.9077236231828444,11.878860779689274,1.0924252966700043
stream,1593,0.907439994828071,13.642972325769762,1.0590698452295049
stream,1594,0.9069362188930269,10.254675169225825,0.8476996201323707
stream,1595,0.9069743249966535,9.591514066833813,0.832580072287605
stream,1596,0.9080452817011427,10.131704892986187,0.8015653681590095
stream,1597,0.9089120361136436,9.45556987795213,0.7984245386518539
stream,1598,0.9095141047654244,9.512905962258815,0.7824695275556537
stream,1599,0.9096633380043396,9.371663257184288,0.7732635624391505
stream,1600,0.9095553695454265,9.707932840630681,0.7799062574407224
stream,1601,0.908768956014254,9.697479432817092,0.8071199645866173
stream,1602,0.9079916642840198,9.694417843056097,0.8059319796188175
stream,1603,0.9065961063080351,9.847898815750757,0.8100069782790785
stream,1604,0.9048391410844645,9.3555812144351,0.7710273332914381
stream,1605,0.90148276471202,10.118464219936058,0.6579195324189624
stream,1606,0.8977351174632932,11.825330599189696,0.6578885340251074
stream,1607,0.8949081974750486,9.25877777388218,0.5659188097082739
stream,1608,0.8933830930999233,9.246074568633414,0.4217432495846607
stream,1609,0.8900458435667105,9.497416910682546,0.4475515431442748
stream,1610,0.8864280788676707,9.73208909155528,0.48973941903462703
stream,1611,0.8869105167836514,9.928302017693344,0.49071314874578464
stream,1612,0.8876897216444507,10.232455505842532,0.5478957110157658
stream,1613,0.8883637646974135,8.834136438586576,0.47014690478250415
stream,1614,0.8885077210163672,8.787338980491478,0.4168151137061511
stream,1615,0.8847100344233423,10.258951250063816,0.46334232885418525
stream,1616,0.8818379408413919,10.090883271229918,0.5940270969656771
stream,1617,0.8779791888433555,9.324885567680502,0.6622076283087548
stream,1618,0.8765360801546425,9.90515664817132,0.6524188601297469
stream,1619,0.8732295392924541,10.847282136835075,0.7647503064304505
stream,1620,0.8747314955787151,13.092279860185489,0.9611531723026095
stream,1621,0.874141333776867,14.025418488661904,1.203753863591287
stream,1622,0.8733307477994791,14.026152803299501,1.2320085845136464
stream,1623,0.8750179724803344,14.800284657902619,1.2413982698224577
stream,1624,0.876885602389404,14.37417518455694,1.2147648329791967
stream,1625,0.8762080817731002,16.379175726063227,1.3797524234362248
stream,1626,0.8764871609191294,14.841761809088311,1.5508427570653016
stream,1627,0.8761746010136868,14.946993223109821,1.5532941818630073
stream,1628,0.8769570848676945,15.077004991080214,1.562642916855772
stream,1629,0.8767089358804772,14.583837101051074,1.5508139360484934
stream,1630,0.8767855327440478,14.140770244216935,1.508967039843546
stream,1631,0.8758702043276273,13.976817292560693,1.5173518863965259
stream,1632,0.8740834453668883,15.01676277153637,1.486087291575552
stream,1633,0.8729439601846705,14.945959773868603,1.6001914120582879
stream,1634,0.871875653440804,15.525058568852195,1.5814928222121518
stream,1635,0.8711410568850155,14.846122693124189,1.5214132150340378
stream,1636,0.8697466399860964,14.086904385844294,1.4304738768712104
stream,1637,0.868757589209403,14.30799036461393,1.3832957939129245
stream,1638,0.8674946460593339,13.926771486234552,1.4061313842574792
stream,1639,0.8666853092651651,14.185673527052787,1.3730322869577256
stream,1640,0.8662444659802677,11.899104725673007,1.1801582766458272
stream,1641,0.8660348053309104,10.96227016526581,0.9214040124075307
stream,1642,0.8661483152501631,10.997637334785747,0.8935821327642451
stream,1643,0.8662830022105723,9.595474710230201,0.8598501988709341
stream,1644,0.8665536458828945,9.491317963680697,0.8354720585430282
stream,1645,0.8668692400367733,6.59137085079372,0.6710913205060365
stream,1646,0.8669828315175485,6.341324145752524,0.5102301165113474
stream,1647,0.8673680491530508,6.540160770669967,0.4833856173909066
stream,1648,0.8671471288117808,6.830876216951705,0.5346407309255299
stream,1649,0.8665543604155131,6.755046023616618,0.5147112811375582
stream,1650,0.8659536729240632,6.772613313078577,0.513965075000756
stream,1651,0.8652255950696364,6.643711515431631,0.5068233491665334
stream,1652,0.8648520162491055,5.326008004145967,0.47916311790372423
stream,1653,0.8643938956467229,4.661624340758745,0.37199431319206583
stream,1654,0.863787052496104,4.117540841476259,0.36926505124093967
stream,1655,0.8632446109091164,3.494751744735445,0.37232710527256546
stream,1656,0.8625876347772652,3.6799748784375454,0.32548949196125454
stream,1657,0.8620037320284571,3.4781680560074895,0.30968104007373076
stream,1658,0.8614106872249058,4.292484301238659,0.33653292004997853
stream,1659,0.8609311641413364,3.089429535080783,0.27608905436130826
stream,1660,0.8604758663266768,3.3126536079009874,0.27256017530739457
stream,1661,0.8598239139092698,4.035965641463118,0.3714281982518558
stream,1662,0.8598748117657165,4.766249384327864,0.37236293014597593
stream,1663,0.85940775410324,4.905005505952248,0.4157384587758318
stream,1664,0.8596241847950211,5.4133429251281155,0.47171422166383414
stream,1665,0.8587386792279641,8.412392970832034,0.6839244538348391
stream,1666,0.8578710375980731,8.921094062404112,0.8903109481491095
stream,1667,0.8575900584389524,8.950217649709906,0.8808350397558009
stream,1668,0.8565275302966897,9.065878854350217,0.8636284687568285
stream,1669,0.8558330095010719,9.08168583370647,0.9016397947757588
stream,1670,0.854689191515525,9.375849175062053,0.9148057393424647
stream,1671,0.8536430807768018,9.600434603631285,0.9514381119246348
stream,1672,0.8526797628544787,10.320105513149983,0.9639034880498997
stream,1673,0.8527853527270648,10.667427866548003,0.951788321752075
stream,1674,0.8527591881401865,10.698328949648413,0.9732162043238013
stream,1675,0.8535091753456086,10.628549576211965,0.981286099325338
stream,1676,0.8542671976744329,13.242897018862656,1.082713827508046
stream,1677,0.8549798111208838,13.628276842212262,1.1156191332618268
stream,1678,0.8554287427630614,13.54394745542216,1.0408665225115126
stream,1679,0.855352327047615,13.989451716899971,1.129931039759204
stream,1680,0.8552480247164144,14.39622539274146,1.1228695282421572
stream,1681,0.854942618583391,13.675046943579938,1.034813427654021
stream,1682,0.8552734303694006,14.966835174569162,1.128119923127915
stream,1683,0.8554789351983243,14.846365200836035,1.1328839380291973
stream,1684,0.8555749382244654,14.334869884516442,1.07313704796063
stream,1685,0.855330727343078,11.509795689056954,0.8667799790060009
stream,1686,0.8552745561192756,11.386798756679083,0.6502251252522253
stream,1687,0.854910790369771,11.027339036388744,0.6772536232877968
stream,1688,0.8542967209229657,11.764565857689147,0.6744522318201107
stream,1689,0.8528425245383842,13.277525248699172,0.6297590124200368
stream,1690,0.8527840281629032,13.379329232173786,0.7645856576637253
stream,1691,0.8521045264157517,14.125171116743026,0.8094219447821521
stream,1692,0.8505333845624481,13.381900297093194,0.84770745100045
stream,1693,0.8492564701864083,13.146353719871588,0.8566338480341551
stream,1694,0.8484764453786393,13.341404101815382,0.8415175699498559
stream,1695,0.8467850748106871,15.632686407219126,0.9562243251436578
stream,1696,0.8448441892930435,14.34387361556928,0.8339495575841029
stream,1697,0.8418128186275748,18.268134722775795,0.8108930087693087
stream,1698,0.8401228865589445,17.282587467638205,1.0095891717576067
stream,1699,0.8394070601706669,16.916822901743092,0.896755505485437
stream,1700,0.8388494547634181,15.999484168672353,0.8927403642660162
stream,1701,0.8397203695121251,16.0394514168983,0.8706642210488863
stream,1702,0.8412567614717963,14.024918649270088,0.7891253586753558
stream,1703,0.8434313403630995,14.239753811798167,0.7537351644462924
stream,1704,0.8471720103442089,14.83156730760243,0.7550529005399642
stream,1705,0.8520919225562732,14.53352785954669,0.7790502631880621
stream,1706,0.857693732435349,14.721326329922658,0.7959050212833738
stream,1707,0.8646268971798269,15.635973297162828,0.8867104709006608
stream,1708,0.8693384920179819,16.478516921273346,1.0493801613971616
stream,1709,0.8730085550670634,17.757908664891673,1.0494034359246185
stream,1710,0.8758624559587241,17.824557845792114,1.1366747884966222
stream,1711,0.8790929336413816,16.814935279677428,1.0604524211190476
stream,1712,0.8826815408985802,18.58874706381225,1.076278151161082
stream,1713,0.8852820512110404,19.0037137559523,1.0777041040422752
stream,1714,0.8865175932076653,18.832961179822867,1.0921815518529525
stream,1715,0.8873143457102668,16.55122084467215,0.9667600366272009
stream,1716,0.8884186725671709,15.767153226055813,1.0465652794230216
stream,1717,0.8896678824566572,14.013401095151178,1.050479101911058
stream,1718,0.8902840783585779,14.10282064025599,0.9655134179696824
stream,1719,0.8911675968497267,16.673146950102737,1.1305313675113848
stream,1720,0.8924489509012977,19.15690157938281,1.130361304111571
stream,1721,0.891727706513221,19.112247596510368,1.208750180044383
stream,1722,0.890228210499257,19.730758260002823,1.2093963679616917
stream,1723,0.8890477423173218,21.695301986691476,1.2017722815000438
stream,1724,0.8877367069985704,21.41789616610366,1.3549158886795576
stream,1725,0.8863789012020915,22.981314826564834,1.3519327850836267
stream,1726,0.8852504775934708,22.673518406595928,1.4562548123419226
stream,1727,0.8851725959603266,21.735853824062744,1.3540808685710515
stream,1728,0.8859383634085527,22.020906189085633,1.193269258381774
stream,1729,0.8861423590473233,19.84008437574823,1.411480756286437
stream,1730,0.8854308479200722,19.364519997551724,1.19732669776882
stream,1731,0.8863662777530888,24.643610404126704,1.3738114027484845
stream,1732,0.8871495080958832,23.073904656507388,1.45015707458826
stream,1733,0.8878889221193018,22.557529687773307,1.4483136225313342
stream,1734,0.8881253187067683,22.64438765061898,1.4276322676033328
stream,1735,0.8883729735432526,24.725567183955786,1.4698201492959595
stream,1736,0.8901269940604066,30.44771642846109,1.4263974232189596
stream,1737,0.8919702674385829,28.33452968316087,1.5480500907407724
stream,1738,0.8935548515163152,29.25356552557184,1.43766057102753
stream,1739,0.894837622419297,26.69517653884474,1.2991005790368562
stream,1740,0.8962549998308306,24.21220188789985,1.3046702069147103
stream,1741,0.8977710167395,24.413946973543656,1.2395009330388949
stream,1742,0.8996343241710877,23.75315686351605,1.2306824550439548
stream,1743,0.9017527167208622,21.60528927549092,1.2248579220976983
stream,1744,0.9043485945207135,22.78886280187841,1.1487855092449821
stream,1745,0.9064927345799254,21.679078495001583,1.2827709012352717
stream,1746,0.9089322706458328,23.803122262251694,1.3344329516722455
stream,1747,0.9106492448011421,25.74851331636296,1.6848257964090463
stream,1748,0.911703131537388,24.243641579256433,1.6416672147187796
stream,1749,0.9126331802101193,24.746446650211716,1.4268444318729239
stream,1750,0.9129407995575992,24.827959237473447,1.4165153996366215
stream,1751,0.9129653697563914,20.81824870918765,1.258875316798514
stream,1752,0.9123751511752531,21.4483396754561,1.1161390181942537
stream,1753,0.9115850619482172,21.45109801159156,1.145411296135886
stream,1754,0.9102812960726265,22.104170536411914,1.1838283018615217
stream,1755,0.9086201958530018,19.948616872897365,1.1729261019594588
stream,1756,0.906322751482728,14.033536009092673,1.200777593825847
stream,1757,0.9039155274991739,13.544779908833402,1.085908784955355
stream,1758,0.9011495371882028,12.546473377648505,1.0843203529490562
stream,1759,0.8985519583521115,13.242360560369137,1.0889091773200201
stream,1760,0.8957949982809982,13.422173209967202,1.1349905393139266
stream,1761,0.8929648211546684,13.717035001038852,1.188104990743609
stream,1762,0.8905652493609726,13.911433587380383,1.185610291902378
stream,1763,0.8892589531363366,14.18364027953345,1.1853177391202345
stream,1764,0.8889897238562432,12.964590676264752,1.1074460628001799
stream,1765,0.8892133559926374,13.317690324704405,1.0008255274939606
stream,1766,0.8903102795997835,13.490894380532207,1.0760683550547698
stream,1767,0.8917444577765357,11.859029292552277,0.7344264576626869
stream,1768,0.8935809974962483,10.95639813228484,0.7352009213478906
stream,1769,0.8957514151584305,10.61767026109045,0.7652407253135516
stream,1770,0.8979403200896521,10.774068071895123,0.8075340126791224
stream,1771,0.8994935388028633,9.524986835478241,0.7882227005403981
stream,1772,0.9003300678982831,10.48761298371544,0.881697294512001
stream,1773,0.9008617625480679,11.743767414860466,1.0330879935771309
stream,1774,0.9011688705289259,11.256157888337535,1.1227803364512035
stream,1775,0.9015088696530896,11.318145252006556,1.1115700624120022
stream,1776,0.9020087878742044,10.794757697544007,1.0447896620783792
stream,1777,0.9022335583304357,11.12718810226449,1.0186238287266227
stream,1778,0.9023853072229737,11.427951813045754,1.0686686632694498
stream,1779,0.9025312986113387,14.17049678196093,1.2195540244976588
stream,1780,0.9023495788289592,14.115686403390598,1.3810591686609885
stream,1781,0.9026643250868186,15.992887736196586,1.3682273671779897
stream,1782,0.9027970579973011,15.957112511608763,1.5022468195470409
stream,1783,0.9032977218166214,17.613773317721776,1.6361473324955564
stream,1784,0.9038613768522387,19.046395182495413,1.6354339221235996
stream,1785,0.9043469155197661,19.367959052008587,1.5803805374996953
stream,1786,0.9050609612261501,16.804429714267833,1.3580301080092827
stream,1787,0.9056941098483688,16.483030417537417,1.3339519271726263
stream,1788,0.9065930298158797,16.621906311973333,1.3317034347399423
stream,1789,0.9070880137831492,18.779451590252386,1.473910589876061
stream,1790,0.908032313666065,19.573012822497276,1.4303004111559288
stream,1791,0.9093523084303907,22.06868162547991,1.6264387016813096
stream,1792,0.910494756357171,20.261008260025037,1.636022230977136
stream,1793,0.9115782546301098,18.989942518441577,1.451091795480878
stream,1794,0.912883516686084,19.26209511905822,1.3436638299629078
stream,1795,0.9139805352019704,19.73649288508046,1.4365553502612693
stream,1796,0.9149332194530998,19.603839296714064,1.4586045706033428
stream,1797,0.9158560106997161,19.46134307088545,1.4825075467112259
stream,1798,0.9168143347822205,22.189382842805117,1.5090847288320064
stream,1799,0.9181370745472196,18.654137595914424,1.4139468968157738
