segment,end_index,DeltaClkB_nsps,Baseline_nsps,LowerBound_nsps,UpperBound_nsps
stream,0,,570.6416666666667,555.6416666666667,585.6416666666667
stream,1,576.0,570.6416666666667,555.6416666666667,585.6416666666667
stream,2,577.0,570.6416666666667,555.6416666666667,585.6416666666667
stream,3,576.0,570.6416666666667,555.6416666666667,585.6416666666667
stream,4,576.0,570.6416666666667,555.6416666666667,585.6416666666667
stream,5,576.0,570.6416666666667,555.6416666666667,585.6416666666667
stream,6,576.0,570.6416666666667,555.6416666666667,585.6416666666667
stream,7,575.0,570.6416666666667,555.6416666666667,585.6416666666667
stream,8,576.0,570.6416666666667,555.6416666666667,585.6416666666667
stream,9,576.0,570.6416666666667,555.6416666666667,585.6416666666667
stream,10,575.0,570.6416666666667,555.6416666666667,585.6416666666667
stream,11,576.0,570.6416666666667,555.6416666666667,585.6416666666667
stream,12,575.0,570.6416666666667,555.6416666666667,585.6416666666667
stream,13,576.0,570.6416666666667,555.6416666666667,585.6416666666667
stream,14,575.0,570.6416666666667,555.6416666666667,585.6416666666667
stream,15,575.0,570.6416666666667,555.6416666666667,585.6416666666667
stream,16,575.0,570.6416666666667,555.6416666666667,585.6416666666667
stream,17,575.0,570.6416666666667,555.6416666666667,585.6416666666667
stream,18,575.0,570.6416666666667,555.6416666666667,585.6416666666667
stream,19,575.0,570.6416666666667,555.6416666666667,585.6416666666667
stream,20,575.0,570.6416666666667,555.6416666666667,585.6416666666667
stream,21,575.0,570.6416666666667,555.6416666666667,585.6416666666667
stream,22,575.0,570.6416666666667,555.6416666666667,585.6416666666667
stream,23,574.0,570.6416666666667,555.6416666666667,585.6416666666667
stream,24,575.0,570.6416666666667,555.6416666666667,585.6416666666667
stream,25,574.0,570.6416666666667,555.6416666666667,585.6416666666667
stream,26,574.0,570.6416666666667,555.6416666666667,585.6416666666667
stream,27,574.0,570.6416666666667,555.6416666666667,585.6416666666667
stream,28,574.0,570.6416666666667,555.6416666666667,585.6416666666667
stream,29,574.0,570.6416666666667,555.6416666666667,585.6416666666667
stream,30,574.0,570.6416666666667,555.6416666666667,585.6416666666667
stream,31,574.0,570.6416666666667,555.6416666666667,585.6416666666667
stream,32,573.0,570.6416666666667,555.6416666666667,585.6416666666667
stream,33,574.0,570.6416666666667,555.6416666666667,585.6416666666667
stream,34,574.0,570.6416666666667,555.6416666666667,585.6416666666667
stream,35,573.0,570.6416666666667,555.6416666666667,585.6416666666667
stream,36,573.0,570.6416666666667,555.6416666666667,585.6416666666667
stream,37,574.0,570.6416666666667,555.6416666666667,585.6416666666667
stream,38,574.0,570.6416666666667,555.6416666666667,585.6416666666667
stream,39,573.0,570.6416666666667,555.6416666666667,585.6416666666667
stream,40,573.0,570.6416666666667,555.6416666666667,585.6416666666667
stream,41,574.0,570.6416666666667,555.6416666666667,585.6416666666667
stream,42,573.0,570.6416666666667,555.6416666666667,585.6416666666667
stream,43,574.0,570.6416666666667,555.6416666666667,585.6416666666667
stream,44,574.0,570.6416666666667,555.6416666666667,585.6416666666667
stream,45,573.0,570.6416666666667,555.6416666666667,585.6416666666667
stream,46,574.0,570.6416666666667,555.6416666666667,585.6416666666667
stream,47,573.0,570.6416666666667,555.6416666666667,585.6416666666667
stream,48,574.0,570.6416666666667,555.6416666666667,585.6416666666667
stream,49,573.0,570.6416666666667,555.6416666666667,585.6416666666667
stream,50,573.0,570.6416666666667,555.6416666666667,585.6416666666667
stream,51,574.0,570.6416666666667,555.6416666666667,585.6416666666667
stream,52,574.0,570.6416666666667,555.6416666666667,585.6416666666667
stream,53,573.0,570.6416666666667,555.6416666666667,585.6416666666667
stream,54,573.0,570.6416666666667,555.6416666666667,585.6416666666667
stream,55,574.0,570.6416666666667,555.6416666666667,585.6416666666667
stream,56,573.0,570.6416666666667,555.6416666666667,585.6416666666667
stream,57,573.0,570.6416666666667,555.6416666666667,585.6416666666667
stream,58,574.0,570.6416666666667,555.6416666666667,585.6416666666667
stream,59,573.0,570.6416666666667,555.6416666666667,585.6416666666667
stream,60,574.0,570.6416666666667,555.6416666666667,585.6416666666667
stream,61,573.0,570.6416666666667,555.6416666666667,585.6416666666667
stream,62,574.0,570.6416666666667,555.6416666666667,585.6416666666667
stream,63,573.0,570.6416666666667,555.6416666666667,585.6416666666667
stream,64,573.0,570.6416666666667,555.6416666666667,585.6416666666667
stream,65,574.0,570.6416666666667,555.6416666666667,585.6416666666667
stream,66,573.0,570.6416666666667,555.6416666666667,585.6416666666667
stream,67,573.0,570.6416666666667,555.6416666666667,585.6416666666667
stream,68,573.0,570.6416666666667,555.6416666666667,585.6416666666667
stream,69,573.0,570.6416666666667,555.6416666666667,585.6416666666667
stream,70,573.0,570.6416666666667,555.6416666666667,585.6416666666667
stream,71,572.0,570.6416666666667,555.6416666666667,585.6416666666667
stream,72,573.0,570.6416666666667,555.6416666666667,585.6416666666667
stream,73,573.0,570.6416666666667,555.6416666666667,585.6416666666667
stream,74,572.0,570.6416666666667,555.6416666666667,585.6416666666667
stream,75,573.0,570.6416666666667,555.6416666666667,585.6416666666667
stream,76,572.0,570.6416666666667,555.6416666666667,585.6416666666667
stream,77,572.0,570.6416666666667,555.6416666666667,585.6416666666667
stream,78,573.0,570.6416666666667,555.6416666666667,585.6416666666667
stream,79,572.0,570.6416666666667,555.6416666666667,585.6416666666667
stream,80,572.0,570.6416666666667,555.6416666666667,585.6416666666667
stream,81,572.0,570.6416666666667,555.6416666666667,585.6416666666667
stream,82,572.0,570.6416666666667,555.6416666666667,585.6416666666667
stream,83,573.0,570.6416666666667,555.6416666666667,585.6416666666667
stream,84,572.0,570.6416666666667,555.6416666666667,585.6416666666667
stream,85,573.0,570.6416666666667,555.6416666666667,585.6416666666667
stream,86,572.0,570.6416666666667,555.6416666666667,585.6416666666667
stream,87,572.0,570.6416666666667,555.6416666666667,585.6416666666667
stream,88,572.0,570.6416666666667,555.6416666666667,585.6416666666667
stream,89,572.0,570.6416666666667,555.6416666666667,585.6416666666667
stream,90,573.0,570.6416666666667,555.6416666666667,585.6416666666667
stream,91,572.0,570.6416666666667,555.6416666666667,585.6416666666667
stream,92,572.0,570.6416666666667,555.6416666666667,585.6416666666667
stream,93,573.0,570.6416666666667,555.6416666666667,585.6416666666667
stream,94,572.0,570.6416666666667,555.6416666666667,585.6416666666667
stream,95,573.0,570.6416666666667,555.6416666666667,585.6416666666667
stream,96,573.0,570.6416666666667,555.6416666666667,585.6416666666667
stream,97,573.0,570.6416666666667,555.6416666666667,585.6416666666667
stream,98,573.0,570.6416666666667,555.6416666666667,585.6416666666667
stream,99,572.0,570.6416666666667,555.6416666666667,585.6416666666667
stream,100,573.0,570.6416666666667,555.6416666666667,585.6416666666667
stream,101,573.0,570.6416666666667,555.6416666666667,585.6416666666667
stream,102,573.0,570.6416666666667,555.6416666666667,585.6416666666667
stream,103,572.0,570.6416666666667,555.6416666666667,585.6416666666667
stream,104,573.0,570.6416666666667,555.6416666666667,585.6416666666667
stream,105,572.0,570.6416666666667,555.6416666666667,585.6416666666667
stream,106,573.0,570.6416666666667,555.6416666666667,585.6416666666667
stream,107,572.0,570.6416666666667,555.6416666666667,585.6416666666667
stream,108,573.0,570.6416666666667,555.6416666666667,585.6416666666667
stream,109,572.0,570.6416666666667,555.6416666666667,585.6416666666667
stream,110,572.0,570.6416666666667,555.6416666666667,585.6416666666667
stream,111,572.0,570.6416666666667,555.6416666666667,585.6416666666667
stream,112,573.0,570.6416666666667,555.6416666666667,585.6416666666667
stream,113,572.0,570.6416666666667,555.6416666666667,585.6416666666667
stream,114,572.0,570.6416666666667,555.6416666666667,585.6416666666667
stream,115,572.0,570.6416666666667,555.6416666666667,585.6416666666667
stream,116,573.0,570.6416666666667,555.6416666666667,585.6416666666667
stream,117,572.0,570.6416666666667,555.6416666666667,585.6416666666667
stream,118,571.0,570.6416666666667,555.6416666666667,585.6416666666667
stream,119,572.0,570.6416666666667,555.6416666666667,585.6416666666667
stream,120,571.0,570.6416666666667,555.6416666666667,585.6416666666667
stream,121,572.0,570.6416666666667,555.6416666666667,585.6416666666667
stream,122,571.0,570.6416666666667,555.6416666666667,585.6416666666667
stream,123,572.0,570.6416666666667,555.6416666666667,585.6416666666667
stream,124,571.0,570.6416666666667,555.6416666666667,585.6416666666667
stream,125,571.0,570.6416666666667,555.6416666666667,585.6416666666667
stream,126,571.0,570.6416666666667,555.6416666666667,585.6416666666667
stream,127,571.0,570.6416666666667,555.6416666666667,585.6416666666667
stream,128,571.0,570.6416666666667,555.6416666666667,585.6416666666667
stream,129,571.0,570.6416666666667,555.6416666666667,585.6416666666667
stream,130,571.0,570.6416666666667,555.6416666666667,585.6416666666667
stream,131,571.0,570.6416666666667,555.6416666666667,585.6416666666667
stream,132,570.0,570.6416666666667,555.6416666666667,585.6416666666667
stream,133,571.0,570.6416666666667,555.6416666666667,585.6416666666667
stream,134,571.0,570.6416666666667,555.6416666666667,585.6416666666667
stream,135,571.0,570.6416666666667,555.6416666666667,585.6416666666667
stream,136,571.0,570.6416666666667,555.6416666666667,585.6416666666667
stream,137,571.0,570.6416666666667,555.6416666666667,585.6416666666667
stream,138,572.0,570.6416666666667,555.6416666666667,585.6416666666667
stream,139,571.0,570.6416666666667,555.6416666666667,585.6416666666667
stream,140,571.0,570.6416666666667,555.6416666666667,585.6416666666667
stream,141,571.0,570.6416666666667,555.6416666666667,585.6416666666667
stream,142,571.0,570.6416666666667,555.6416666666667,585.6416666666667
stream,143,572.0,570.6416666666667,555.6416666666667,585.6416666666667
stream,144,571.0,570.6416666666667,555.6416666666667,585.6416666666667
stream,145,572.0,570.6416666666667,555.6416666666667,585.6416666666667
stream,146,571.0,570.6416666666667,555.6416666666667,585.6416666666667
stream,147,571.0,570.6416666666667,555.6416666666667,585.6416666666667
stream,148,571.0,570.6416666666667,555.6416666666667,585.6416666666667
stream,149,571.0,570.6416666666667,555.6416666666667,585.6416666666667
stream,150,571.0,570.6416666666667,555.6416666666667,585.6416666666667
stream,151,571.0,570.6416666666667,555.6416666666667,585.6416666666667
stream,152,571.0,570.6416666666667,555.6416666666667,585.6416666666667
stream,153,571.0,570.6416666666667,555.6416666666667,585.6416666666667
stream,154,571.0,570.6416666666667,555.6416666666667,585.6416666666667
stream,155,571.0,570.6416666666667,555.6416666666667,585.6416666666667
stream,156,571.0,570.6416666666667,555.6416666666667,585.6416666666667
stream,157,571.0,570.6416666666667,555.6416666666667,585.6416666666667
stream,158,572.0,570.6416666666667,555.6416666666667,585.6416666666667
stream,159,572.0,570.6416666666667,555.6416666666667,585.6416666666667
stream,160,572.0,570.6416666666667,555.6416666666667,585.6416666666667
stream,161,572.0,570.6416666666667,555.6416666666667,585.6416666666667
stream,162,572.0,570.6416666666667,555.6416666666667,585.6416666666667
stream,163,572.0,570.6416666666667,555.6416666666667,585.6416666666667
stream,164,572.0,570.6416666666667,555.6416666666667,585.6416666666667
stream,165,572.0,570.6416666666667,555.6416666666667,585.6416666666667
stream,166,572.0,570.6416666666667,555.6416666666667,585.6416666666667
stream,167,572.0,570.6416666666667,555.6416666666667,585.6416666666667
stream,168,572.0,570.6416666666667,555.6416666666667,585.6416666666667
stream,169,572.0,570.6416666666667,555.6416666666667,585.6416666666667
stream,170,571.0,570.6416666666667,555.6416666666667,585.6416666666667
stream,171,572.0,570.6416666666667,555.6416666666667,585.6416666666667
stream,172,572.0,570.6416666666667,555.6416666666667,585.6416666666667
stream,173,571.0,570.6416666666667,555.6416666666667,585.6416666666667
stream,174,572.0,570.6416666666667,555.6416666666667,585.6416666666667
stream,175,571.0,570.6416666666667,555.6416666666667,585.6416666666667
stream,176,572.0,570.6416666666667,555.6416666666667,585.6416666666667
stream,177,571.0,570.6416666666667,555.6416666666667,585.6416666666667
stream,178,571.0,570.6416666666667,555.6416666666667,585.6416666666667
stream,179,572.0,570.6416666666667,555.6416666666667,585.6416666666667
stream,180,571.0,570.6416666666667,555.6416666666667,585.6416666666667
stream,181,572.0,570.6416666666667,555.6416666666667,585.6416666666667
stream,182,571.0,570.6416666666667,555.6416666666667,585.6416666666667
stream,183,572.0,570.6416666666667,555.6416666666667,585.6416666666667
stream,184,571.0,570.6416666666667,555.6416666666667,585.6416666666667
stream,185,571.0,570.6416666666667,555.6416666666667,585.6416666666667
stream,186,572.0,570.6416666666667,555.6416666666667,585.6416666666667
stream,187,571.0,570.6416666666667,555.6416666666667,585.6416666666667
stream,188,572.0,570.6416666666667,555.6416666666667,585.6416666666667
stream,189,571.0,570.6416666666667,555.6416666666667,585.6416666666667
stream,190,571.0,570.6416666666667,555.6416666666667,585.6416666666667
stream,191,571.0,570.6416666666667,555.6416666666667,585.6416666666667
stream,192,571.0,570.6416666666667,555.6416666666667,585.6416666666667
stream,193,572.0,570.6416666666667,555.6416666666667,585.6416666666667
stream,194,571.0,570.6416666666667,555.6416666666667,585.6416666666667
stream,195,571.0,570.6416666666667,555.6416666666667,585.6416666666667
stream,196,571.0,570.6416666666667,555.6416666666667,585.6416666666667
stream,197,571.0,570.6416666666667,555.6416666666667,585.6416666666667
stream,198,571.0,570.6416666666667,555.6416666666667,585.6416666666667
stream,199,571.0,570.6416666666667,555.6416666666667,585.6416666666667
stream,200,571.0,570.6416666666667,555.6416666666667,585.6416666666667
stream,201,571.0,570.6416666666667,555.6416666666667,585.6416666666667
stream,202,571.0,570.6416666666667,555.6416666666667,585.6416666666667
stream,203,571.0,570.6416666666667,555.6416666666667,585.6416666666667
stream,204,571.0,570.6416666666667,555.6416666666667,585.6416666666667
stream,205,571.0,570.6416666666667,555.6416666666667,585.6416666666667
stream,206,571.0,570.6416666666667,555.6416666666667,585.6416666666667
stream,207,570.0,570.6416666666667,555.6416666666667,585.6416666666667
stream,208,571.0,570.6416666666667,555.6416666666667,585.6416666666667
stream,209,571.0,570.6416666666667,555.6416666666667,585.6416666666667
stream,210,570.0,570.6416666666667,555.6416666666667,585.6416666666667
stream,211,571.0,570.6416666666667,555.6416666666667,585.6416666666667
stream,212,571.0,570.6416666666667,555.6416666666667,585.6416666666667
stream,213,570.0,570.6416666666667,555.6416666666667,585.6416666666667
stream,214,571.0,570.6416666666667,555.6416666666667,585.6416666666667
stream,215,571.0,570.6416666666667,555.6416666666667,585.6416666666667
stream,216,570.0,570.6416666666667,555.6416666666667,585.6416666666667
stream,217,570.0,570.6416666666667,555.6416666666667,585.6416666666667
stream,218,571.0,570.6416666666667,555.6416666666667,585.6416666666667
stream,219,570.0,570.6416666666667,555.6416666666667,585.6416666666667
stream,220,570.0,570.6416666666667,555.6416666666667,585.6416666666667
stream,221,571.0,570.6416666666667,555.6416666666667,585.6416666666667
stream,222,570.0,570.6416666666667,555.6416666666667,585.6416666666667
stream,223,570.0,570.6416666666667,555.6416666666667,585.6416666666667
stream,224,570.0,570.6416666666667,555.6416666666667,585.6416666666667
stream,225,570.0,570.6416666666667,555.6416666666667,585.6416666666667
stream,226,571.0,570.6416666666667,555.6416666666667,585.6416666666667
stream,227,570.0,570.6416666666667,555.6416666666667,585.6416666666667
stream,228,570.0,570.6416666666667,555.6416666666667,585.6416666666667
stream,229,570.0,570.6416666666667,555.6416666666667,585.6416666666667
stream,230,570.0,570.6416666666667,555.6416666666667,585.6416666666667
stream,231,570.0,570.6416666666667,555.6416666666667,585.6416666666667
stream,232,571.0,570.6416666666667,555.6416666666667,585.6416666666667
stream,233,570.0,570.6416666666667,555.6416666666667,585.6416666666667
stream,234,570.0,570.6416666666667,555.6416666666667,585.6416666666667
stream,235,570.0,570.6416666666667,555.6416666666667,585.6416666666667
stream,236,570.0,570.6416666666667,555.6416666666667,585.6416666666667
stream,237,571.0,570.6416666666667,555.6416666666667,585.6416666666667
stream,238,570.0,570.6416666666667,555.6416666666667,585.6416666666667
stream,239,570.0,570.6416666666667,555.6416666666667,585.6416666666667
stream,240,570.0,570.6416666666667,555.6416666666667,585.6416666666667
stream,241,570.0,570.6416666666667,555.6416666666667,585.6416666666667
stream,242,571.0,570.6416666666667,555.6416666666667,585.6416666666667
stream,243,570.0,570.6416666666667,555.6416666666667,585.6416666666667
stream,244,570.0,570.6416666666667,555.6416666666667,585.6416666666667
stream,245,571.0,570.6416666666667,555.6416666666667,585.6416666666667
stream,246,570.0,570.6416666666667,555.6416666666667,585.6416666666667
stream,247,570.0,570.6416666666667,555.6416666666667,585.6416666666667
stream,248,571.0,570.6416666666667,555.6416666666667,585.6416666666667
stream,249,570.0,570.6416666666667,555.6416666666667,585.6416666666667
stream,250,571.0,570.6416666666667,555.6416666666667,585.6416666666667
stream,251,570.0,570.6416666666667,555.6416666666667,585.6416666666667
stream,252,571.0,570.6416666666667,555.6416666666667,585.6416666666667
stream,253,570.0,570.6416666666667,555.6416666666667,585.6416666666667
stream,254,571.0,570.6416666666667,555.6416666666667,585.6416666666667
stream,255,570.0,570.6416666666667,555.6416666666667,585.6416666666667
stream,256,570.0,570.6416666666667,555.6416666666667,585.6416666666667
stream,257,571.0,570.6416666666667,555.6416666666667,585.6416666666667
stream,258,570.0,570.6416666666667,555.6416666666667,585.6416666666667
stream,259,571.0,570.6416666666667,555.6416666666667,585.6416666666667
stream,260,571.0,570.6416666666667,555.6416666666667,585.6416666666667
stream,261,570.0,570.6416666666667,555.6416666666667,585.6416666666667
stream,262,571.0,570.6416666666667,555.6416666666667,585.6416666666667
stream,263,571.0,570.6416666666667,555.6416666666667,585.6416666666667
stream,264,570.0,570.6416666666667,555.6416666666667,585.6416666666667
stream,265,571.0,570.6416666666667,555.6416666666667,585.6416666666667
stream,266,571.0,570.6416666666667,555.6416666666667,585.6416666666667
stream,267,571.0,570.6416666666667,555.6416666666667,585.6416666666667
stream,268,570.0,570.6416666666667,555.6416666666667,585.6416666666667
stream,269,571.0,570.6416666666667,555.6416666666667,585.6416666666667
stream,270,571.0,570.6416666666667,555.6416666666667,585.6416666666667
stream,271,571.0,570.6416666666667,555.6416666666667,585.6416666666667
stream,272,571.0,570.6416666666667,555.6416666666667,585.6416666666667
stream,273,570.0,570.6416666666667,555.6416666666667,585.6416666666667
stream,274,571.0,570.6416666666667,555.6416666666667,585.6416666666667
stream,275,571.0,570.6416666666667,555.6416666666667,585.6416666666667
stream,276,570.0,570.6416666666667,555.6416666666667,585.6416666666667
stream,277,570.0,570.6416666666667,555.6416666666667,585.6416666666667
stream,278,571.0,570.6416666666667,555.6416666666667,585.6416666666667
stream,279,570.0,570.6416666666667,555.6416666666667,585.6416666666667
stream,280,570.0,570.6416666666667,555.6416666666667,585.6416666666667
stream,281,571.0,570.6416666666667,555.6416666666667,585.6416666666667
stream,282,570.0,570.6416666666667,555.6416666666667,585.6416666666667
stream,283,570.0,570.6416666666667,555.6416666666667,585.6416666666667
stream,284,570.0,570.6416666666667,555.6416666666667,585.6416666666667
stream,285,570.0,570.6416666666667,555.6416666666667,585.6416666666667
stream,286,570.0,570.6416666666667,555.6416666666667,585.6416666666667
stream,287,570.0,570.6416666666667,555.6416666666667,585.6416666666667
stream,288,571.0,570.6416666666667,555.6416666666667,585.6416666666667
stream,289,570.0,570.6416666666667,555.6416666666667,585.6416666666667
stream,290,571.0,570.6416666666667,555.6416666666667,585.6416666666667
stream,291,570.0,570.6416666666667,555.6416666666667,585.6416666666667
stream,292,571.0,570.6416666666667,555.6416666666667,585.6416666666667
stream,293,570.0,570.6416666666667,555.6416666666667,585.6416666666667
stream,294,570.0,570.6416666666667,555.6416666666667,585.6416666666667
stream,295,570.0,570.6416666666667,555.6416666666667,585.6416666666667
stream,296,571.0,570.6416666666667,555.6416666666667,585.6416666666667
stream,297,570.0,570.6416666666667,555.6416666666667,585.6416666666667
stream,298,570.0,570.6416666666667,555.6416666666667,585.6416666666667
stream,299,570.0,570.6416666666667,555.6416666666667,585.6416666666667
stream,300,570.0,570.6416666666667,555.6416666666667,585.6416666666667
stream,301,570.0,570.6416666666667,555.6416666666667,585.6416666666667
stream,302,570.0,570.6416666666667,555.6416666666667,585.6416666666667
stream,303,570.0,570.6416666666667,555.6416666666667,585.6416666666667
stream,304,569.0,570.6416666666667,555.6416666666667,585.6416666666667
stream,305,570.0,570.6416666666667,555.6416666666667,585.6416666666667
stream,306,570.0,570.6416666666667,555.6416666666667,585.6416666666667
stream,307,569.0,570.6416666666667,555.6416666666667,585.6416666666667
stream,308,570.0,570.6416666666667,555.6416666666667,585.6416666666667
stream,309,569.0,570.6416666666667,555.6416666666667,585.6416666666667
stream,310,570.0,570.6416666666667,555.6416666666667,585.6416666666667
stream,311,569.0,570.6416666666667,555.6416666666667,585.6416666666667
stream,312,570.0,570.6416666666667,555.6416666666667,585.6416666666667
stream,313,570.0,570.6416666666667,555.6416666666667,585.6416666666667
stream,314,569.0,570.6416666666667,555.6416666666667,585.6416666666667
stream,315,570.0,570.6416666666667,555.6416666666667,585.6416666666667
stream,316,570.0,570.6416666666667,555.6416666666667,585.6416666666667
stream,317,570.0,570.6416666666667,555.6416666666667,585.6416666666667
stream,318,570.0,570.6416666666667,555.6416666666667,585.6416666666667
stream,319,570.0,570.6416666666667,555.6416666666667,585.6416666666667
stream,320,570.0,570.6416666666667,555.6416666666667,585.6416666666667
stream,321,570.0,570.6416666666667,555.6416666666667,585.6416666666667
stream,322,570.0,570.6416666666667,555.6416666666667,585.6416666666667
stream,323,570.0,570.6416666666667,555.6416666666667,585.6416666666667
stream,324,570.0,570.6416666666667,555.6416666666667,585.6416666666667
stream,325,570.0,570.6416666666667,555.6416666666667,585.6416666666667
stream,326,569.0,570.6416666666667,555.6416666666667,585.6416666666667
stream,327,570.0,570.6416666666667,555.6416666666667,585.6416666666667
stream,328,570.0,570.6416666666667,555.6416666666667,585.6416666666667
stream,329,570.0,570.6416666666667,555.6416666666667,585.6416666666667
stream,330,570.0,570.6416666666667,555.6416666666667,585.6416666666667
stream,331,570.0,570.6416666666667,555.6416666666667,585.6416666666667
stream,332,570.0,570.6416666666667,555.6416666666667,585.6416666666667
stream,333,570.0,570.6416666666667,555.6416666666667,585.6416666666667
stream,334,570.0,570.6416666666667,555.6416666666667,585.6416666666667
stream,335,570.0,570.6416666666667,555.6416666666667,585.6416666666667
stream,336,570.0,570.6416666666667,555.6416666666667,585.6416666666667
stream,337,570.0,570.6416666666667,555.6416666666667,585.6416666666667
stream,338,570.0,570.6416666666667,555.6416666666667,585.6416666666667
stream,339,570.0,570.6416666666667,555.6416666666667,585.6416666666667
stream,340,570.0,570.6416666666667,555.6416666666667,585.6416666666667
stream,341,570.0,570.6416666666667,555.6416666666667,585.6416666666667
stream,342,569.0,570.6416666666667,555.6416666666667,585.6416666666667
stream,343,569.0,570.6416666666667,555.6416666666667,585.6416666666667
stream,344,569.0,570.6416666666667,555.6416666666667,585.6416666666667
stream,345,569.0,570.6416666666667,555.6416666666667,585.6416666666667
stream,346,569.0,570.6416666666667,555.6416666666667,585.6416666666667
stream,347,569.0,570.6416666666667,555.6416666666667,585.6416666666667
stream,348,570.0,570.6416666666667,555.6416666666667,585.6416666666667
stream,349,570.0,570.6416666666667,555.6416666666667,585.6416666666667
stream,350,569.0,570.6416666666667,555.6416666666667,585.6416666666667
stream,351,570.0,570.6416666666667,555.6416666666667,585.6416666666667
stream,352,570.0,570.6416666666667,555.6416666666667,585.6416666666667
stream,353,570.0,570.6416666666667,555.6416666666667,585.6416666666667
stream,354,569.0,570.6416666666667,555.6416666666667,585.6416666666667
stream,355,569.0,570.6416666666667,555.6416666666667,585.6416666666667
stream,356,569.0,570.6416666666667,555.6416666666667,585.6416666666667
stream,357,569.0,570.6416666666667,555.6416666666667,585.6416666666667
stream,358,569.0,570.6416666666667,555.6416666666667,585.6416666666667
stream,359,569.0,570.6416666666667,555.6416666666667,585.6416666666667
stream,360,568.0,570.6416666666667,555.6416666666667,585.6416666666667
stream,361,567.0,570.6416666666667,555.6416666666667,585.6416666666667
stream,362,569.0,570.6416666666667,555.6416666666667,585.6416666666667
stream,363,568.0,570.6416666666667,555.6416666666667,585.6416666666667
stream,364,568.0,570.6416666666667,555.6416666666667,585.6416666666667
stream,365,568.0,570.6416666666667,555.6416666666667,585.6416666666667
stream,366,569.0,570.6416666666667,555.6416666666667,585.6416666666667
stream,367,568.0,570.6416666666667,555.6416666666667,585.6416666666667
stream,368,569.0,570.6416666666667,555.6416666666667,585.6416666666667
stream,369,569.0,570.6416666666667,555.6416666666667,585.6416666666667
stream,370,568.0,570.6416666666667,555.6416666666667,585.6416666666667
stream,371,569.0,570.6416666666667,555.6416666666667,585.6416666666667
stream,372,569.0,570.6416666666667,555.6416666666667,585.6416666666667
stream,373,569.0,570.6416666666667,555.6416666666667,585.6416666666667
stream,374,569.0,570.6416666666667,555.6416666666667,585.6416666666667
stream,375,568.0,570.6416666666667,555.6416666666667,585.6416666666667
stream,376,569.0,570.6416666666667,555.6416666666667,585.6416666666667
stream,377,569.0,570.6416666666667,555.6416666666667,585.6416666666667
stream,378,569.0,570.6416666666667,555.6416666666667,585.6416666666667
stream,379,569.0,570.6416666666667,555.6416666666667,585.6416666666667
stream,380,569.0,570.6416666666667,555.6416666666667,585.6416666666667
stream,381,569.0,570.6416666666667,555.6416666666667,585.6416666666667
stream,382,569.0,570.6416666666667,555.6416666666667,585.6416666666667
stream,383,569.0,570.6416666666667,555.6416666666667,585.6416666666667
stream,384,569.0,570.6416666666667,555.6416666666667,585.6416666666667
stream,385,570.0,570.6416666666667,555.6416666666667,585.6416666666667
stream,386,569.0,570.6416666666667,555.6416666666667,585.6416666666667
stream,387,569.0,570.6416666666667,555.6416666666667,585.6416666666667
stream,388,570.0,570.6416666666667,555.6416666666667,585.6416666666667
stream,389,569.0,570.6416666666667,555.6416666666667,585.6416666666667
stream,390,570.0,570.6416666666667,555.6416666666667,585.6416666666667
stream,391,569.0,570.6416666666667,555.6416666666667,585.6416666666667
stream,392,570.0,570.6416666666667,555.6416666666667,585.6416666666667
stream,393,569.0,570.6416666666667,555.6416666666667,585.6416666666667
stream,394,569.0,570.6416666666667,555.6416666666667,585.6416666666667
stream,395,569.0,570.6416666666667,555.6416666666667,585.6416666666667
stream,396,570.0,570.6416666666667,555.6416666666667,585.6416666666667
stream,397,569.0,570.6416666666667,555.6416666666667,585.6416666666667
stream,398,569.0,570.6416666666667,555.6416666666667,585.6416666666667
stream,399,568.0,570.6416666666667,555.6416666666667,585.6416666666667
stream,400,569.0,570.6416666666667,555.6416666666667,585.6416666666667
stream,401,569.0,570.6416666666667,555.6416666666667,585.6416666666667
stream,402,569.0,570.6416666666667,555.6416666666667,585.6416666666667
stream,403,569.0,570.6416666666667,555.6416666666667,585.6416666666667
stream,404,569.0,570.6416666666667,555.6416666666667,585.6416666666667
stream,405,569.0,570.6416666666667,555.6416666666667,585.6416666666667
stream,406,569.0,570.6416666666667,555.6416666666667,585.6416666666667
stream,407,569.0,570.6416666666667,555.6416666666667,585.6416666666667
stream,408,568.0,570.6416666666667,555.6416666666667,585.6416666666667
stream,409,569.0,570.6416666666667,555.6416666666667,585.6416666666667
stream,410,569.0,570.6416666666667,555.6416666666667,585.6416666666667
stream,411,569.0,570.6416666666667,555.6416666666667,585.6416666666667
stream,412,568.0,570.6416666666667,555.6416666666667,585.6416666666667
stream,413,569.0,570.6416666666667,555.6416666666667,585.6416666666667
stream,414,568.0,570.6416666666667,555.6416666666667,585.6416666666667
stream,415,569.0,570.6416666666667,555.6416666666667,585.6416666666667
stream,416,568.0,570.6416666666667,555.6416666666667,585.6416666666667
stream,417,569.0,570.6416666666667,555.6416666666667,585.6416666666667
stream,418,568.0,570.6416666666667,555.6416666666667,585.6416666666667
stream,419,569.0,570.6416666666667,555.6416666666667,585.6416666666667
stream,420,568.0,570.6416666666667,555.6416666666667,585.6416666666667
stream,421,569.0,570.6416666666667,555.6416666666667,585.6416666666667
stream,422,568.0,570.6416666666667,555.6416666666667,585.6416666666667
stream,423,569.0,570.6416666666667,555.6416666666667,585.6416666666667
stream,424,569.0,570.6416666666667,555.6416666666667,585.6416666666667
stream,425,569.0,570.6416666666667,555.6416666666667,585.6416666666667
stream,426,568.0,570.6416666666667,555.6416666666667,585.6416666666667
stream,427,569.0,570.6416666666667,555.6416666666667,585.6416666666667
stream,428,569.0,570.6416666666667,555.6416666666667,585.6416666666667
stream,429,569.0,570.6416666666667,555.6416666666667,585.6416666666667
stream,430,568.0,570.6416666666667,555.6416666666667,585.6416666666667
stream,431,569.0,570.6416666666667,555.6416666666667,585.6416666666667
stream,432,569.0,570.6416666666667,555.6416666666667,585.6416666666667
stream,433,569.0,570.6416666666667,555.6416666666667,585.6416666666667
stream,434,569.0,570.6416666666667,555.6416666666667,585.6416666666667
stream,435,569.0,570.6416666666667,555.6416666666667,585.6416666666667
stream,436,569.0,570.6416666666667,555.6416666666667,585.6416666666667
stream,437,569.0,570.6416666666667,555.6416666666667,585.6416666666667
stream,438,569.0,570.6416666666667,555.6416666666667,585.6416666666667
stream,439,569.0,570.6416666666667,555.6416666666667,585.6416666666667
stream,440,570.0,570.6416666666667,555.6416666666667,585.6416666666667
stream,441,570.0,570.6416666666667,555.6416666666667,585.6416666666667
stream,442,570.0,570.6416666666667,555.6416666666667,585.6416666666667
stream,443,570.0,570.6416666666667,555.6416666666667,585.6416666666667
stream,444,570.0,570.6416666666667,555.6416666666667,585.6416666666667
stream,445,570.0,570.6416666666667,555.6416666666667,585.6416666666667
stream,446,569.0,570.6416666666667,555.6416666666667,585.6416666666667
stream,447,570.0,570.6416666666667,555.6416666666667,585.6416666666667
stream,448,570.0,570.6416666666667,555.6416666666667,585.6416666666667
stream,449,569.0,570.6416666666667,555.6416666666667,585.6416666666667
stream,450,570.0,570.6416666666667,555.6416666666667,585.6416666666667
stream,451,569.0,570.6416666666667,555.6416666666667,585.6416666666667
stream,452,570.0,570.6416666666667,555.6416666666667,585.6416666666667
stream,453,569.0,570.6416666666667,555.6416666666667,585.6416666666667
stream,454,569.0,570.6416666666667,555.6416666666667,585.6416666666667
stream,455,570.0,570.6416666666667,555.6416666666667,585.6416666666667
stream,456,569.0,570.6416666666667,555.6416666666667,585.6416666666667
stream,457,569.0,570.6416666666667,555.6416666666667,585.6416666666667
stream,458,569.0,570.6416666666667,555.6416666666667,585.6416666666667
stream,459,569.0,570.6416666666667,555.6416666666667,585.6416666666667
stream,460,569.0,570.6416666666667,555.6416666666667,585.6416666666667
stream,461,569.0,570.6416666666667,555.6416666666667,585.6416666666667
stream,462,569.0,570.6416666666667,555.6416666666667,585.6416666666667
stream,463,569.0,570.6416666666667,555.6416666666667,585.6416666666667
stream,464,569.0,570.6416666666667,555.6416666666667,585.6416666666667
stream,465,569.0,570.6416666666667,555.6416666666667,585.6416666666667
stream,466,569.0,570.6416666666667,555.6416666666667,585.6416666666667
stream,467,568.0,570.6416666666667,555.6416666666667,585.6416666666667
stream,468,569.0,570.6416666666667,555.6416666666667,585.6416666666667
stream,469,569.0,570.6416666666667,555.6416666666667,585.6416666666667
stream,470,569.0,570.6416666666667,555.6416666666667,585.6416666666667
stream,471,569.0,570.6416666666667,555.6416666666667,585.6416666666667
stream,472,568.0,570.6416666666667,555.6416666666667,585.6416666666667
stream,473,569.0,570.6416666666667,555.6416666666667,585.6416666666667
stream,474,569.0,570.6416666666667,555.6416666666667,585.6416666666667
stream,475,569.0,570.6416666666667,555.6416666666667,585.6416666666667
stream,476,568.0,570.6416666666667,555.6416666666667,585.6416666666667
stream,477,569.0,570.6416666666667,555.6416666666667,585.6416666666667
stream,478,569.0,570.6416666666667,555.6416666666667,585.6416666666667
stream,479,568.0,570.6416666666667,555.6416666666667,585.6416666666667
stream,480,569.0,570.6416666666667,555.6416666666667,585.6416666666667
stream,481,569.0,570.6416666666667,555.6416666666667,585.6416666666667
stream,482,569.0,570.6416666666667,555.6416666666667,585.6416666666667
stream,483,568.0,570.6416666666667,555.6416666666667,585.6416666666667
stream,484,569.0,570.6416666666667,555.6416666666667,585.6416666666667
stream,485,569.0,570.6416666666667,555.6416666666667,585.6416666666667
stream,486,569.0,570.6416666666667,555.6416666666667,585.6416666666667
stream,487,569.0,570.6416666666667,555.6416666666667,585.6416666666667
stream,488,568.0,570.6416666666667,555.6416666666667,585.6416666666667
stream,489,569.0,570.6416666666667,555.6416666666667,585.6416666666667
stream,490,569.0,570.6416666666667,555.6416666666667,585.6416666666667
stream,491,569.0,570.6416666666667,555.6416666666667,585.6416666666667
stream,492,569.0,570.6416666666667,555.6416666666667,585.6416666666667
stream,493,569.0,570.6416666666667,555.6416666666667,585.6416666666667
stream,494,569.0,570.6416666666667,555.6416666666667,585.6416666666667
stream,495,569.0,570.6416666666667,555.6416666666667,585.6416666666667
stream,496,570.0,570.6416666666667,555.6416666666667,585.6416666666667
stream,497,569.0,570.6416666666667,555.6416666666667,585.6416666666667
stream,498,569.0,570.6416666666667,555.6416666666667,585.6416666666667
stream,499,569.0,570.6416666666667,555.6416666666667,585.6416666666667
stream,500,569.0,570.6416666666667,555.6416666666667,585.6416666666667
stream,501,569.0,570.6416666666667,555.6416666666667,585.6416666666667
stream,502,569.0,570.6416666666667,555.6416666666667,585.6416666666667
stream,503,570.0,570.6416666666667,555.6416666666667,585.6416666666667
stream,504,569.0,570.6416666666667,555.6416666666667,585.6416666666667
stream,505,569.0,570.6416666666667,555.6416666666667,585.6416666666667
stream,506,570.0,570.6416666666667,555.6416666666667,585.6416666666667
stream,507,569.0,570.6416666666667,555.6416666666667,585.6416666666667
stream,508,569.0,570.6416666666667,555.6416666666667,585.6416666666667
stream,509,569.0,570.6416666666667,555.6416666666667,585.6416666666667
stream,510,570.0,570.6416666666667,555.6416666666667,585.6416666666667
stream,511,569.0,570.6416666666667,555.6416666666667,585.6416666666667
stream,512,569.0,570.6416666666667,555.6416666666667,585.6416666666667
stream,513,570.0,570.6416666666667,555.6416666666667,585.6416666666667
stream,514,569.0,570.6416666666667,555.6416666666667,585.6416666666667
stream,515,570.0,570.6416666666667,555.6416666666667,585.6416666666667
stream,516,569.0,570.6416666666667,555.6416666666667,585.6416666666667
stream,517,570.0,570.6416666666667,555.6416666666667,585.6416666666667
stream,518,570.0,570.6416666666667,555.6416666666667,585.6416666666667
stream,519,569.0,570.6416666666667,555.6416666666667,585.6416666666667
stream,520,570.0,570.6416666666667,555.6416666666667,585.6416666666667
stream,521,570.0,570.6416666666667,555.6416666666667,585.6416666666667
stream,522,570.0,570.6416666666667,555.6416666666667,585.6416666666667
stream,523,570.0,570.6416666666667,555.6416666666667,585.6416666666667
stream,524,570.0,570.6416666666667,555.6416666666667,585.6416666666667
stream,525,570.0,570.6416666666667,555.6416666666667,585.6416666666667
stream,526,570.0,570.6416666666667,555.6416666666667,585.6416666666667
stream,527,570.0,570.6416666666667,555.6416666666667,585.6416666666667
stream,528,570.0,570.6416666666667,555.6416666666667,585.6416666666667
stream,529,569.0,570.6416666666667,555.6416666666667,585.6416666666667
stream,530,570.0,570.6416666666667,555.6416666666667,585.6416666666667
stream,531,570.0,570.6416666666667,555.6416666666667,585.6416666666667
stream,532,570.0,570.6416666666667,555.6416666666667,585.6416666666667
stream,533,569.0,570.6416666666667,555.6416666666667,585.6416666666667
stream,534,570.0,570.6416666666667,555.6416666666667,585.6416666666667
stream,535,570.0,570.6416666666667,555.6416666666667,585.6416666666667
stream,536,570.0,570.6416666666667,555.6416666666667,585.6416666666667
stream,537,569.0,570.6416666666667,555.6416666666667,585.6416666666667
stream,538,570.0,570.6416666666667,555.6416666666667,585.6416666666667
stream,539,570.0,570.6416666666667,555.6416666666667,585.6416666666667
stream,540,570.0,570.6416666666667,555.6416666666667,585.6416666666667
stream,541,570.0,570.6416666666667,555.6416666666667,585.6416666666667
stream,542,570.0,570.6416666666667,555.6416666666667,585.6416666666667
stream,543,570.0,570.6416666666667,555.6416666666667,585.6416666666667
stream,544,570.0,570.6416666666667,555.6416666666667,585.6416666666667
stream,545,570.0,570.6416666666667,555.6416666666667,585.6416666666667
stream,546,570.0,570.6416666666667,555.6416666666667,585.6416666666667
stream,547,571.0,570.6416666666667,555.6416666666667,585.6416666666667
stream,548,570.0,570.6416666666667,555.6416666666667,585.6416666666667
stream,549,570.0,570.6416666666667,555.6416666666667,585.6416666666667
stream,550,570.0,570.6416666666667,555.6416666666667,585.6416666666667
stream,551,570.0,570.6416666666667,555.6416666666667,585.6416666666667
stream,552,570.0,570.6416666666667,555.6416666666667,585.6416666666667
stream,553,570.0,570.6416666666667,555.6416666666667,585.6416666666667
stream,554,570.0,570.6416666666667,555.6416666666667,585.6416666666667
stream,555,570.0,570.6416666666667,555.6416666666667,585.6416666666667
stream,556,570.0,570.6416666666667,555.6416666666667,585.6416666666667
stream,557,570.0,570.6416666666667,555.6416666666667,585.6416666666667
stream,558,570.0,570.6416666666667,555.6416666666667,585.6416666666667
stream,559,570.0,570.6416666666667,555.6416666666667,585.6416666666667
stream,560,571.0,570.6416666666667,555.6416666666667,585.6416666666667
stream,561,570.0,570.6416666666667,555.6416666666667,585.6416666666667
stream,562,570.0,570.6416666666667,555.6416666666667,585.6416666666667
stream,563,570.0,570.6416666666667,555.6416666666667,585.6416666666667
stream,564,570.0,570.6416666666667,555.6416666666667,585.6416666666667
stream,565,571.0,570.6416666666667,555.6416666666667,585.6416666666667
stream,566,570.0,570.6416666666667,555.6416666666667,585.6416666666667
stream,567,570.0,570.6416666666667,555.6416666666667,585.6416666666667
stream,568,570.0,570.6416666666667,555.6416666666667,585.6416666666667
stream,569,570.0,570.6416666666667,555.6416666666667,585.6416666666667
stream,570,570.0,570.6416666666667,555.6416666666667,585.6416666666667
stream,571,570.0,570.6416666666667,555.6416666666667,585.6416666666667
stream,572,570.0,570.6416666666667,555.6416666666667,585.6416666666667
stream,573,571.0,570.6416666666667,555.6416666666667,585.6416666666667
stream,574,570.0,570.6416666666667,555.6416666666667,585.6416666666667
stream,575,570.0,570.6416666666667,555.6416666666667,585.6416666666667
stream,576,570.0,570.6416666666667,555.6416666666667,585.6416666666667
stream,577,570.0,570.6416666666667,555.6416666666667,585.6416666666667
stream,578,571.0,570.6416666666667,555.6416666666667,585.6416666666667
stream,579,570.0,570.6416666666667,555.6416666666667,585.6416666666667
stream,580,571.0,570.6416666666667,555.6416666666667,585.6416666666667
stream,581,570.0,570.6416666666667,555.6416666666667,585.6416666666667
stream,582,570.0,570.6416666666667,555.6416666666667,585.6416666666667
stream,583,570.0,570.6416666666667,555.6416666666667,585.6416666666667
stream,584,571.0,570.6416666666667,555.6416666666667,585.6416666666667
stream,585,570.0,570.6416666666667,555.6416666666667,585.6416666666667
stream,586,570.0,570.6416666666667,555.6416666666667,585.6416666666667
stream,587,570.0,570.6416666666667,555.6416666666667,585.6416666666667
stream,588,571.0,570.6416666666667,555.6416666666667,585.6416666666667
stream,589,570.0,570.6416666666667,555.6416666666667,585.6416666666667
stream,590,571.0,570.6416666666667,555.6416666666667,585.6416666666667
stream,591,570.0,570.6416666666667,555.6416666666667,585.6416666666667
stream,592,570.0,570.6416666666667,555.6416666666667,585.6416666666667
stream,593,570.0,570.6416666666667,555.6416666666667,585.6416666666667
stream,594,571.0,570.6416666666667,555.6416666666667,585.6416666666667
stream,595,570.0,570.6416666666667,555.6416666666667,585.6416666666667
stream,596,570.0,570.6416666666667,555.6416666666667,585.6416666666667
stream,597,570.0,570.6416666666667,555.6416666666667,585.6416666666667
stream,598,570.0,570.6416666666667,555.6416666666667,585.6416666666667
stream,599,570.0,570.6416666666667,555.6416666666667,585.6416666666667
stream,600,570.0,570.6416666666667,555.6416666666667,585.6416666666667
stream,601,570.0,570.6416666666667,555.6416666666667,585.6416666666667
stream,602,570.0,570.6416666666667,555.6416666666667,585.6416666666667
stream,603,570.0,570.6416666666667,555.6416666666667,585.6416666666667
stream,604,570.0,570.6416666666667,555.6416666666667,585.6416666666667
stream,605,570.0,570.6416666666667,555.6416666666667,585.6416666666667
stream,606,570.0,570.6416666666667,555.6416666666667,585.6416666666667
stream,607,570.0,570.6416666666667,555.6416666666667,585.6416666666667
stream,608,571.0,570.6416666666667,555.6416666666667,585.6416666666667
stream,609,570.0,570.6416666666667,555.6416666666667,585.6416666666667
stream,610,570.0,570.6416666666667,555.6416666666667,585.6416666666667
stream,611,571.0,570.6416666666667,555.6416666666667,585.6416666666667
stream,612,570.0,570.6416666666667,555.6416666666667,585.6416666666667
stream,613,570.0,570.6416666666667,555.6416666666667,585.6416666666667
stream,614,571.0,570.6416666666667,555.6416666666667,585.6416666666667
stream,615,570.0,570.6416666666667,555.6416666666667,585.6416666666667
stream,616,570.0,570.6416666666667,555.6416666666667,585.6416666666667
stream,617,570.0,570.6416666666667,555.6416666666667,585.6416666666667
stream,618,570.0,570.6416666666667,555.6416666666667,585.6416666666667
stream,619,570.0,570.6416666666667,555.6416666666667,585.6416666666667
stream,620,571.0,570.6416666666667,555.6416666666667,585.6416666666667
stream,621,570.0,570.6416666666667,555.6416666666667,585.6416666666667
stream,622,570.0,570.6416666666667,555.6416666666667,585.6416666666667
stream,623,570.0,570.6416666666667,555.6416666666667,585.6416666666667
stream,624,570.0,570.6416666666667,555.6416666666667,585.6416666666667
stream,625,571.0,570.6416666666667,555.6416666666667,585.6416666666667
stream,626,570.0,570.6416666666667,555.6416666666667,585.6416666666667
stream,627,570.0,570.6416666666667,555.6416666666667,585.6416666666667
stream,628,571.0,570.6416666666667,555.6416666666667,585.6416666666667
stream,629,570.0,570.6416666666667,555.6416666666667,585.6416666666667
stream,630,571.0,570.6416666666667,555.6416666666667,585.6416666666667
stream,631,570.0,570.6416666666667,555.6416666666667,585.6416666666667
stream,632,570.0,570.6416666666667,555.6416666666667,585.6416666666667
stream,633,571.0,570.6416666666667,555.6416666666667,585.6416666666667
stream,634,570.0,570.6416666666667,555.6416666666667,585.6416666666667
stream,635,570.0,570.6416666666667,555.6416666666667,585.6416666666667
stream,636,570.0,570.6416666666667,555.6416666666667,585.6416666666667
stream,637,570.0,570.6416666666667,555.6416666666667,585.6416666666667
stream,638,570.0,570.6416666666667,555.6416666666667,585.6416666666667
stream,639,570.0,570.6416666666667,555.6416666666667,585.6416666666667
stream,640,570.0,570.6416666666667,555.6416666666667,585.6416666666667
stream,641,570.0,570.6416666666667,555.6416666666667,585.6416666666667
stream,642,569.0,570.6416666666667,555.6416666666667,585.6416666666667
stream,643,570.0,570.6416666666667,555.6416666666667,585.6416666666667
stream,644,570.0,570.6416666666667,555.6416666666667,585.6416666666667
stream,645,570.0,570.6416666666667,555.6416666666667,585.6416666666667
stream,646,569.0,570.6416666666667,555.6416666666667,585.6416666666667
stream,647,570.0,570.6416666666667,555.6416666666667,585.6416666666667
stream,648,570.0,570.6416666666667,555.6416666666667,585.6416666666667
stream,649,569.0,570.6416666666667,555.6416666666667,585.6416666666667
stream,650,570.0,570.6416666666667,555.6416666666667,585.6416666666667
stream,651,569.0,570.6416666666667,555.6416666666667,585.6416666666667
stream,652,570.0,570.6416666666667,555.6416666666667,585.6416666666667
stream,653,569.0,570.6416666666667,555.6416666666667,585.6416666666667
stream,654,570.0,570.6416666666667,555.6416666666667,585.6416666666667
stream,655,569.0,570.6416666666667,555.6416666666667,585.6416666666667
stream,656,569.0,570.6416666666667,555.6416666666667,585.6416666666667
stream,657,570.0,570.6416666666667,555.6416666666667,585.6416666666667
stream,658,569.0,570.6416666666667,555.6416666666667,585.6416666666667
stream,659,569.0,570.6416666666667,555.6416666666667,585.6416666666667
stream,660,570.0,570.6416666666667,555.6416666666667,585.6416666666667
stream,661,569.0,570.6416666666667,555.6416666666667,585.6416666666667
stream,662,569.0,570.6416666666667,555.6416666666667,585.6416666666667
stream,663,569.0,570.6416666666667,555.6416666666667,585.6416666666667
stream,664,569.0,570.6416666666667,555.6416666666667,585.6416666666667
stream,665,569.0,570.6416666666667,555.6416666666667,585.6416666666667
stream,666,569.0,570.6416666666667,555.6416666666667,585.6416666666667
stream,667,569.0,570.6416666666667,555.6416666666667,585.6416666666667
stream,668,570.0,570.6416666666667,555.6416666666667,585.6416666666667
stream,669,569.0,570.6416666666667,555.6416666666667,585.6416666666667
stream,670,570.0,570.6416666666667,555.6416666666667,585.6416666666667
stream,671,569.0,570.6416666666667,555.6416666666667,585.6416666666667
stream,672,570.0,570.6416666666667,555.6416666666667,585.6416666666667
stream,673,569.0,570.6416666666667,555.6416666666667,585.6416666666667
stream,674,570.0,570.6416666666667,555.6416666666667,585.6416666666667
stream,675,569.0,570.6416666666667,555.6416666666667,585.6416666666667
stream,676,570.0,570.6416666666667,555.6416666666667,585.6416666666667
stream,677,569.0,570.6416666666667,555.6416666666667,585.6416666666667
stream,678,570.0,570.6416666666667,555.6416666666667,585.6416666666667
stream,679,570.0,570.6416666666667,555.6416666666667,585.6416666666667
stream,680,569.0,570.6416666666667,555.6416666666667,585.6416666666667
stream,681,570.0,570.6416666666667,555.6416666666667,585.6416666666667
stream,682,569.0,570.6416666666667,555.6416666666667,585.6416666666667
stream,683,570.0,570.6416666666667,555.6416666666667,585.6416666666667
stream,684,569.0,570.6416666666667,555.6416666666667,585.6416666666667
stream,685,570.0,570.6416666666667,555.6416666666667,585.6416666666667
stream,686,569.0,570.6416666666667,555.6416666666667,585.6416666666667
stream,687,570.0,570.6416666666667,555.6416666666667,585.6416666666667
stream,688,569.0,570.6416666666667,555.6416666666667,585.6416666666667
stream,689,570.0,570.6416666666667,555.6416666666667,585.6416666666667
stream,690,570.0,570.6416666666667,555.6416666666667,585.6416666666667
stream,691,569.0,570.6416666666667,555.6416666666667,585.6416666666667
stream,692,570.0,570.6416666666667,555.6416666666667,585.6416666666667
stream,693,569.0,570.6416666666667,555.6416666666667,585.6416666666667
stream,694,570.0,570.6416666666667,555.6416666666667,585.6416666666667
stream,695,569.0,570.6416666666667,555.6416666666667,585.6416666666667
stream,696,570.0,570.6416666666667,555.6416666666667,585.6416666666667
stream,697,570.0,570.6416666666667,555.6416666666667,585.6416666666667
stream,698,569.0,570.6416666666667,555.6416666666667,585.6416666666667
stream,699,570.0,570.6416666666667,555.6416666666667,585.6416666666667
stream,700,570.0,570.6416666666667,555.6416666666667,585.6416666666667
stream,701,570.0,570.6416666666667,555.6416666666667,585.6416666666667
stream,702,570.0,570.6416666666667,555.6416666666667,585.6416666666667
stream,703,570.0,570.6416666666667,555.6416666666667,585.6416666666667
stream,704,570.0,570.6416666666667,555.6416666666667,585.6416666666667
stream,705,570.0,570.6416666666667,555.6416666666667,585.6416666666667
stream,706,570.0,570.6416666666667,555.6416666666667,585.6416666666667
stream,707,570.0,570.6416666666667,555.6416666666667,585.6416666666667
stream,708,570.0,570.6416666666667,555.6416666666667,585.6416666666667
stream,709,570.0,570.6416666666667,555.6416666666667,585.6416666666667
stream,710,570.0,570.6416666666667,555.6416666666667,585.6416666666667
stream,711,571.0,570.6416666666667,555.6416666666667,585.6416666666667
stream,712,570.0,570.6416666666667,555.6416666666667,585.6416666666667
stream,713,571.0,570.6416666666667,555.6416666666667,585.6416666666667
stream,714,570.0,570.6416666666667,555.6416666666667,585.6416666666667
stream,715,570.0,570.6416666666667,555.6416666666667,585.6416666666667
stream,716,571.0,570.6416666666667,555.6416666666667,585.6416666666667
stream,717,570.0,570.6416666666667,555.6416666666667,585.6416666666667
stream,718,570.0,570.6416666666667,555.6416666666667,585.6416666666667
stream,719,571.0,570.6416666666667,555.6416666666667,585.6416666666667
stream,720,570.0,570.6416666666667,555.6416666666667,585.6416666666667
stream,721,571.0,570.6416666666667,555.6416666666667,585.6416666666667
stream,722,570.0,570.6416666666667,555.6416666666667,585.6416666666667
stream,723,571.0,570.6416666666667,555.6416666666667,585.6416666666667
stream,724,571.0,570.6416666666667,555.6416666666667,585.6416666666667
stream,725,571.0,570.6416666666667,555.6416666666667,585.6416666666667
stream,726,570.0,570.6416666666667,555.6416666666667,585.6416666666667
stream,727,571.0,570.6416666666667,555.6416666666667,585.6416666666667
stream,728,571.0,570.6416666666667,555.6416666666667,585.6416666666667
stream,729,571.0,570.6416666666667,555.6416666666667,585.6416666666667
stream,730,571.0,570.6416666666667,555.6416666666667,585.6416666666667
stream,731,571.0,570.6416666666667,555.6416666666667,585.6416666666667
stream,732,571.0,570.6416666666667,555.6416666666667,585.6416666666667
stream,733,571.0,570.6416666666667,555.6416666666667,585.6416666666667
stream,734,571.0,570.6416666666667,555.6416666666667,585.6416666666667
stream,735,571.0,570.6416666666667,555.6416666666667,585.6416666666667
stream,736,571.0,570.6416666666667,555.6416666666667,585.6416666666667
stream,737,571.0,570.6416666666667,555.6416666666667,585.6416666666667
stream,738,571.0,570.6416666666667,555.6416666666667,585.6416666666667
stream,739,571.0,570.6416666666667,555.6416666666667,585.6416666666667
stream,740,571.0,570.6416666666667,555.6416666666667,585.6416666666667
stream,741,570.0,570.6416666666667,555.6416666666667,585.6416666666667
stream,742,571.0,570.6416666666667,555.6416666666667,585.6416666666667
stream,743,571.0,570.6416666666667,555.6416666666667,585.6416666666667
stream,744,571.0,570.6416666666667,555.6416666666667,585.6416666666667
stream,745,571.0,570.6416666666667,555.6416666666667,585.6416666666667
stream,746,570.0,570.6416666666667,555.6416666666667,585.6416666666667
stream,747,571.0,570.6416666666667,555.6416666666667,585.6416666666667
stream,748,570.0,570.6416666666667,555.6416666666667,585.6416666666667
stream,749,571.0,570.6416666666667,555.6416666666667,585.6416666666667
stream,750,571.0,570.6416666666667,555.6416666666667,585.6416666666667
stream,751,570.0,570.6416666666667,555.6416666666667,585.6416666666667
stream,752,571.0,570.6416666666667,555.6416666666667,585.6416666666667
stream,753,571.0,570.6416666666667,555.6416666666667,585.6416666666667
stream,754,571.0,570.6416666666667,555.6416666666667,585.6416666666667
stream,755,571.0,570.6416666666667,555.6416666666667,585.6416666666667
stream,756,571.0,570.6416666666667,555.6416666666667,585.6416666666667
stream,757,571.0,570.6416666666667,555.6416666666667,585.6416666666667
stream,758,571.0,570.6416666666667,555.6416666666667,585.6416666666667
stream,759,571.0,570.6416666666667,555.6416666666667,585.6416666666667
stream,760,571.0,570.6416666666667,555.6416666666667,585.6416666666667
stream,761,571.0,570.6416666666667,555.6416666666667,585.6416666666667
stream,762,571.0,570.6416666666667,555.6416666666667,585.6416666666667
stream,763,570.0,570.6416666666667,555.6416666666667,585.6416666666667
stream,764,571.0,570.6416666666667,555.6416666666667,585.6416666666667
stream,765,571.0,570.6416666666667,555.6416666666667,585.6416666666667
stream,766,571.0,570.6416666666667,555.6416666666667,585.6416666666667
stream,767,571.0,570.6416666666667,555.6416666666667,585.6416666666667
stream,768,571.0,570.6416666666667,555.6416666666667,585.6416666666667
stream,769,570.0,570.6416666666667,555.6416666666667,585.6416666666667
stream,770,571.0,570.6416666666667,555.6416666666667,585.6416666666667
stream,771,571.0,570.6416666666667,555.6416666666667,585.6416666666667
stream,772,571.0,570.6416666666667,555.6416666666667,585.6416666666667
stream,773,571.0,570.6416666666667,555.6416666666667,585.6416666666667
stream,774,570.0,570.6416666666667,555.6416666666667,585.6416666666667
stream,775,571.0,570.6416666666667,555.6416666666667,585.6416666666667
stream,776,570.0,570.6416666666667,555.6416666666667,585.6416666666667
stream,777,571.0,570.6416666666667,555.6416666666667,585.6416666666667
stream,778,570.0,570.6416666666667,555.6416666666667,585.6416666666667
stream,779,571.0,570.6416666666667,555.6416666666667,585.6416666666667
stream,780,571.0,570.6416666666667,555.6416666666667,585.6416666666667
stream,781,571.0,570.6416666666667,555.6416666666667,585.6416666666667
stream,782,570.0,570.6416666666667,555.6416666666667,585.6416666666667
stream,783,571.0,570.6416666666667,555.6416666666667,585.6416666666667
stream,784,571.0,570.6416666666667,555.6416666666667,585.6416666666667
stream,785,571.0,570.6416666666667,555.6416666666667,585.6416666666667
stream,786,571.0,570.6416666666667,555.6416666666667,585.6416666666667
stream,787,571.0,570.6416666666667,555.6416666666667,585.6416666666667
stream,788,571.0,570.6416666666667,555.6416666666667,585.6416666666667
stream,789,571.0,570.6416666666667,555.6416666666667,585.6416666666667
stream,790,571.0,570.6416666666667,555.6416666666667,585.6416666666667
stream,791,571.0,570.6416666666667,555.6416666666667,585.6416666666667
stream,792,571.0,570.6416666666667,555.6416666666667,585.6416666666667
stream,793,571.0,570.6416666666667,555.6416666666667,585.6416666666667
stream,794,571.0,570.6416666666667,555.6416666666667,585.6416666666667
stream,795,571.0,570.6416666666667,555.6416666666667,585.6416666666667
stream,796,571.0,570.6416666666667,555.6416666666667,585.6416666666667
stream,797,571.0,570.6416666666667,555.6416666666667,585.6416666666667
stream,798,571.0,570.6416666666667,555.6416666666667,585.6416666666667
stream,799,571.0,570.6416666666667,555.6416666666667,585.6416666666667
stream,800,571.0,570.6416666666667,555.6416666666667,585.6416666666667
stream,801,571.0,570.6416666666667,555.6416666666667,585.6416666666667
stream,802,571.0,570.6416666666667,555.6416666666667,585.6416666666667
stream,803,572.0,570.6416666666667,555.6416666666667,585.6416666666667
stream,804,571.0,570.6416666666667,555.6416666666667,585.6416666666667
stream,805,572.0,570.6416666666667,555.6416666666667,585.6416666666667
stream,806,571.0,570.6416666666667,555.6416666666667,585.6416666666667
stream,807,572.0,570.6416666666667,555.6416666666667,585.6416666666667
stream,808,572.0,570.6416666666667,555.6416666666667,585.6416666666667
stream,809,571.0,570.6416666666667,555.6416666666667,585.6416666666667
stream,810,572.0,570.6416666666667,555.6416666666667,585.6416666666667
stream,811,572.0,570.6416666666667,555.6416666666667,585.6416666666667
stream,812,572.0,570.6416666666667,555.6416666666667,585.6416666666667
stream,813,572.0,570.6416666666667,555.6416666666667,585.6416666666667
stream,814,572.0,570.6416666666667,555.6416666666667,585.6416666666667
stream,815,571.0,570.6416666666667,555.6416666666667,585.6416666666667
stream,816,572.0,570.6416666666667,555.6416666666667,585.6416666666667
stream,817,572.0,570.6416666666667,555.6416666666667,585.6416666666667
stream,818,572.0,570.6416666666667,555.6416666666667,585.6416666666667
stream,819,572.0,570.6416666666667,555.6416666666667,585.6416666666667
stream,820,572.0,570.6416666666667,555.6416666666667,585.6416666666667
stream,821,572.0,570.6416666666667,555.6416666666667,585.6416666666667
stream,822,572.0,570.6416666666667,555.6416666666667,585.6416666666667
stream,823,572.0,570.6416666666667,555.6416666666667,585.6416666666667
stream,824,571.0,570.6416666666667,555.6416666666667,585.6416666666667
stream,825,572.0,570.6416666666667,555.6416666666667,585.6416666666667
stream,826,572.0,570.6416666666667,555.6416666666667,585.6416666666667
stream,827,571.0,570.6416666666667,555.6416666666667,585.6416666666667
stream,828,572.0,570.6416666666667,555.6416666666667,585.6416666666667
stream,829,571.0,570.6416666666667,555.6416666666667,585.6416666666667
stream,830,572.0,570.6416666666667,555.6416666666667,585.6416666666667
stream,831,572.0,570.6416666666667,555.6416666666667,585.6416666666667
stream,832,571.0,570.6416666666667,555.6416666666667,585.6416666666667
stream,833,572.0,570.6416666666667,555.6416666666667,585.6416666666667
stream,834,571.0,570.6416666666667,555.6416666666667,585.6416666666667
stream,835,572.0,570.6416666666667,555.6416666666667,585.6416666666667
stream,836,571.0,570.6416666666667,555.6416666666667,585.6416666666667
stream,837,571.0,570.6416666666667,555.6416666666667,585.6416666666667
stream,838,572.0,570.6416666666667,555.6416666666667,585.6416666666667
stream,839,571.0,570.6416666666667,555.6416666666667,585.6416666666667
stream,840,571.0,570.6416666666667,555.6416666666667,585.6416666666667
stream,841,571.0,570.6416666666667,555.6416666666667,585.6416666666667
stream,842,571.0,570.6416666666667,555.6416666666667,585.6416666666667
stream,843,572.0,570.6416666666667,555.6416666666667,585.6416666666667
stream,844,571.0,570.6416666666667,555.6416666666667,585.6416666666667
stream,845,571.0,570.6416666666667,555.6416666666667,585.6416666666667
stream,846,571.0,570.6416666666667,555.6416666666667,585.6416666666667
stream,847,571.0,570.6416666666667,555.6416666666667,585.6416666666667
stream,848,571.0,570.6416666666667,555.6416666666667,585.6416666666667
stream,849,571.0,570.6416666666667,555.6416666666667,585.6416666666667
stream,850,572.0,570.6416666666667,555.6416666666667,585.6416666666667
stream,851,571.0,570.6416666666667,555.6416666666667,585.6416666666667
stream,852,571.0,570.6416666666667,555.6416666666667,585.6416666666667
stream,853,572.0,570.6416666666667,555.6416666666667,585.6416666666667
stream,854,571.0,570.6416666666667,555.6416666666667,585.6416666666667
stream,855,571.0,570.6416666666667,555.6416666666667,585.6416666666667
stream,856,572.0,570.6416666666667,555.6416666666667,585.6416666666667
stream,857,572.0,570.6416666666667,555.6416666666667,585.6416666666667
stream,858,571.0,570.6416666666667,555.6416666666667,585.6416666666667
stream,859,572.0,570.6416666666667,555.6416666666667,585.6416666666667
stream,860,571.0,570.6416666666667,555.6416666666667,585.6416666666667
stream,861,572.0,570.6416666666667,555.6416666666667,585.6416666666667
stream,862,571.0,570.6416666666667,555.6416666666667,585.6416666666667
stream,863,572.0,570.6416666666667,555.6416666666667,585.6416666666667
stream,864,572.0,570.6416666666667,555.6416666666667,585.6416666666667
stream,865,571.0,570.6416666666667,555.6416666666667,585.6416666666667
stream,866,572.0,570.6416666666667,555.6416666666667,585.6416666666667
stream,867,572.0,570.6416666666667,555.6416666666667,585.6416666666667
stream,868,571.0,570.6416666666667,555.6416666666667,585.6416666666667
stream,869,572.0,570.6416666666667,555.6416666666667,585.6416666666667
stream,870,571.0,570.6416666666667,555.6416666666667,585.6416666666667
stream,871,572.0,570.6416666666667,555.6416666666667,585.6416666666667
stream,872,571.0,570.6416666666667,555.6416666666667,585.6416666666667
stream,873,571.0,570.6416666666667,555.6416666666667,585.6416666666667
stream,874,572.0,570.6416666666667,555.6416666666667,585.6416666666667
stream,875,571.0,570.6416666666667,555.6416666666667,585.6416666666667
stream,876,571.0,570.6416666666667,555.6416666666667,585.6416666666667
stream,877,572.0,570.6416666666667,555.6416666666667,585.6416666666667
stream,878,572.0,570.6416666666667,555.6416666666667,585.6416666666667
stream,879,571.0,570.6416666666667,555.6416666666667,585.6416666666667
stream,880,571.0,570.6416666666667,555.6416666666667,585.6416666666667
stream,881,572.0,570.6416666666667,555.6416666666667,585.6416666666667
stream,882,571.0,570.6416666666667,555.6416666666667,585.6416666666667
stream,883,571.0,570.6416666666667,555.6416666666667,585.6416666666667
stream,884,571.0,570.6416666666667,555.6416666666667,585.6416666666667
stream,885,571.0,570.6416666666667,555.6416666666667,585.6416666666667
stream,886,571.0,570.6416666666667,555.6416666666667,585.6416666666667
stream,887,571.0,570.6416666666667,555.6416666666667,585.6416666666667
stream,888,572.0,570.6416666666667,555.6416666666667,585.6416666666667
stream,889,571.0,570.6416666666667,555.6416666666667,585.6416666666667
stream,890,571.0,570.6416666666667,555.6416666666667,585.6416666666667
stream,891,571.0,570.6416666666667,555.6416666666667,585.6416666666667
stream,892,571.0,570.6416666666667,555.6416666666667,585.6416666666667
stream,893,572.0,570.6416666666667,555.6416666666667,585.6416666666667
stream,894,571.0,570.6416666666667,555.6416666666667,585.6416666666667
stream,895,571.0,570.6416666666667,555.6416666666667,585.6416666666667
stream,896,572.0,570.6416666666667,555.6416666666667,585.6416666666667
stream,897,571.0,570.6416666666667,555.6416666666667,585.6416666666667
stream,898,571.0,570.6416666666667,555.6416666666667,585.6416666666667
stream,899,571.0,570.6416666666667,555.6416666666667,585.6416666666667
stream,900,571.0,570.6416666666667,555.6416666666667,585.6416666666667
stream,901,571.0,570.6416666666667,555.6416666666667,585.6416666666667
stream,902,571.0,570.6416666666667,555.6416666666667,585.6416666666667
stream,903,571.0,570.6416666666667,555.6416666666667,585.6416666666667
stream,904,571.0,570.6416666666667,555.6416666666667,585.6416666666667
stream,905,571.0,570.6416666666667,555.6416666666667,585.6416666666667
stream,906,571.0,570.6416666666667,555.6416666666667,585.6416666666667
stream,907,571.0,570.6416666666667,555.6416666666667,585.6416666666667
stream,908,571.0,570.6416666666667,555.6416666666667,585.6416666666667
stream,909,571.0,570.6416666666667,555.6416666666667,585.6416666666667
stream,910,571.0,570.6416666666667,555.6416666666667,585.6416666666667
stream,911,571.0,570.6416666666667,555.6416666666667,585.6416666666667
stream,912,571.0,570.6416666666667,555.6416666666667,585.6416666666667
stream,913,571.0,570.6416666666667,555.6416666666667,585.6416666666667
stream,914,572.0,570.6416666666667,555.6416666666667,585.6416666666667
stream,915,571.0,570.6416666666667,555.6416666666667,585.6416666666667
stream,916,571.0,570.6416666666667,555.6416666666667,585.6416666666667
stream,917,572.0,570.6416666666667,555.6416666666667,585.6416666666667
stream,918,571.0,570.6416666666667,555.6416666666667,585.6416666666667
stream,919,571.0,570.6416666666667,555.6416666666667,585.6416666666667
stream,920,572.0,570.6416666666667,555.6416666666667,585.6416666666667
stream,921,571.0,570.6416666666667,555.6416666666667,585.6416666666667
stream,922,572.0,570.6416666666667,555.6416666666667,585.6416666666667
stream,923,571.0,570.6416666666667,555.6416666666667,585.6416666666667
stream,924,571.0,570.6416666666667,555.6416666666667,585.6416666666667
stream,925,572.0,570.6416666666667,555.6416666666667,585.6416666666667
stream,926,572.0,570.6416666666667,555.6416666666667,585.6416666666667
stream,927,571.0,570.6416666666667,555.6416666666667,585.6416666666667
stream,928,572.0,570.6416666666667,555.6416666666667,585.6416666666667
stream,929,572.0,570.6416666666667,555.6416666666667,585.6416666666667
stream,930,572.0,570.6416666666667,555.6416666666667,585.6416666666667
stream,931,572.0,570.6416666666667,555.6416666666667,585.6416666666667
stream,932,572.0,570.6416666666667,555.6416666666667,585.6416666666667
stream,933,573.0,570.6416666666667,555.6416666666667,585.6416666666667
stream,934,572.0,570.6416666666667,555.6416666666667,585.6416666666667
stream,935,573.0,570.6416666666667,555.6416666666667,585.6416666666667
stream,936,572.0,570.6416666666667,555.6416666666667,585.6416666666667
stream,937,573.0,570.6416666666667,555.6416666666667,585.6416666666667
stream,938,573.0,570.6416666666667,555.6416666666667,585.6416666666667
stream,939,573.0,570.6416666666667,555.6416666666667,585.6416666666667
stream,940,573.0,570.6416666666667,555.6416666666667,585.6416666666667
stream,941,572.0,570.6416666666667,555.6416666666667,585.6416666666667
stream,942,573.0,570.6416666666667,555.6416666666667,585.6416666666667
stream,943,573.0,570.6416666666667,555.6416666666667,585.6416666666667
stream,944,573.0,570.6416666666667,555.6416666666667,585.6416666666667
stream,945,573.0,570.6416666666667,555.6416666666667,585.6416666666667
stream,946,573.0,570.6416666666667,555.6416666666667,585.6416666666667
stream,947,573.0,570.6416666666667,555.6416666666667,585.6416666666667
stream,948,573.0,570.6416666666667,555.6416666666667,585.6416666666667
stream,949,573.0,570.6416666666667,555.6416666666667,585.6416666666667
stream,950,574.0,570.6416666666667,555.6416666666667,585.6416666666667
stream,951,573.0,570.6416666666667,555.6416666666667,585.6416666666667
stream,952,574.0,570.6416666666667,555.6416666666667,585.6416666666667
stream,953,574.0,570.6416666666667,555.6416666666667,585.6416666666667
stream,954,574.0,570.6416666666667,555.6416666666667,585.6416666666667
stream,955,574.0,570.6416666666667,555.6416666666667,585.6416666666667
stream,956,574.0,570.6416666666667,555.6416666666667,585.6416666666667
stream,957,574.0,570.6416666666667,555.6416666666667,585.6416666666667
stream,958,574.0,570.6416666666667,555.6416666666667,585.6416666666667
stream,959,574.0,570.6416666666667,555.6416666666667,585.6416666666667
stream,960,574.0,570.6416666666667,555.6416666666667,585.6416666666667
stream,961,574.0,570.6416666666667,555.6416666666667,585.6416666666667
stream,962,573.0,570.6416666666667,555.6416666666667,585.6416666666667
stream,963,574.0,570.6416666666667,555.6416666666667,585.6416666666667
stream,964,574.0,570.6416666666667,555.6416666666667,585.6416666666667
stream,965,573.0,570.6416666666667,555.6416666666667,585.6416666666667
stream,966,573.0,570.6416666666667,555.6416666666667,585.6416666666667
stream,967,574.0,570.6416666666667,555.6416666666667,585.6416666666667
stream,968,574.0,570.6416666666667,555.6416666666667,585.6416666666667
stream,969,574.0,570.6416666666667,555.6416666666667,585.6416666666667
stream,970,574.0,570.6416666666667,555.6416666666667,585.6416666666667
stream,971,574.0,570.6416666666667,555.6416666666667,585.6416666666667
stream,972,574.0,570.6416666666667,555.6416666666667,585.6416666666667
stream,973,574.0,570.6416666666667,555.6416666666667,585.6416666666667
stream,974,574.0,570.6416666666667,555.6416666666667,585.6416666666667
stream,975,574.0,570.6416666666667,555.6416666666667,585.6416666666667
stream,976,573.0,570.6416666666667,555.6416666666667,585.6416666666667
stream,977,574.0,570.6416666666667,555.6416666666667,585.6416666666667
stream,978,573.0,570.6416666666667,555.6416666666667,585.6416666666667
stream,979,574.0,570.6416666666667,555.6416666666667,585.6416666666667
stream,980,573.0,570.6416666666667,555.6416666666667,585.6416666666667
stream,981,573.0,570.6416666666667,555.6416666666667,585.6416666666667
stream,982,574.0,570.6416666666667,555.6416666666667,585.6416666666667
stream,983,573.0,570.6416666666667,555.6416666666667,585.6416666666667
stream,984,573.0,570.6416666666667,555.6416666666667,585.6416666666667
stream,985,574.0,570.6416666666667,555.6416666666667,585.6416666666667
stream,986,573.0,570.6416666666667,555.6416666666667,585.6416666666667
stream,987,573.0,570.6416666666667,555.6416666666667,585.6416666666667
stream,988,574.0,570.6416666666667,555.6416666666667,585.6416666666667
stream,989,573.0,570.6416666666667,555.6416666666667,585.6416666666667
stream,990,573.0,570.6416666666667,555.6416666666667,585.6416666666667
stream,991,574.0,570.6416666666667,555.6416666666667,585.6416666666667
stream,992,573.0,570.6416666666667,555.6416666666667,585.6416666666667
stream,993,573.0,570.6416666666667,555.6416666666667,585.6416666666667
stream,994,573.0,570.6416666666667,555.6416666666667,585.6416666666667
stream,995,573.0,570.6416666666667,555.6416666666667,585.6416666666667
stream,996,572.0,570.6416666666667,555.6416666666667,585.6416666666667
stream,997,573.0,570.6416666666667,555.6416666666667,585.6416666666667
stream,998,572.0,570.6416666666667,555.6416666666667,585.6416666666667
stream,999,572.0,570.6416666666667,555.6416666666667,585.6416666666667
stream,1000,573.0,570.6416666666667,555.6416666666667,585.6416666666667
stream,1001,572.0,570.6416666666667,555.6416666666667,585.6416666666667
stream,1002,572.0,570.6416666666667,555.6416666666667,585.6416666666667
stream,1003,572.0,570.6416666666667,555.6416666666667,585.6416666666667
stream,1004,573.0,570.6416666666667,555.6416666666667,585.6416666666667
stream,1005,572.0,570.6416666666667,555.6416666666667,585.6416666666667
stream,1006,573.0,570.6416666666667,555.6416666666667,585.6416666666667
stream,1007,573.0,570.6416666666667,555.6416666666667,585.6416666666667
stream,1008,572.0,570.6416666666667,555.6416666666667,585.6416666666667
stream,1009,573.0,570.6416666666667,555.6416666666667,585.6416666666667
stream,1010,572.0,570.6416666666667,555.6416666666667,585.6416666666667
stream,1011,573.0,570.6416666666667,555.6416666666667,585.6416666666667
stream,1012,572.0,570.6416666666667,555.6416666666667,585.6416666666667
stream,1013,572.0,570.6416666666667,555.6416666666667,585.6416666666667
stream,1014,572.0,570.6416666666667,555.6416666666667,585.6416666666667
stream,1015,573.0,570.6416666666667,555.6416666666667,585.6416666666667
stream,1016,572.0,570.6416666666667,555.6416666666667,585.6416666666667
stream,1017,572.0,570.6416666666667,555.6416666666667,585.6416666666667
stream,1018,573.0,570.6416666666667,555.6416666666667,585.6416666666667
stream,1019,572.0,570.6416666666667,555.6416666666667,585.6416666666667
stream,1020,572.0,570.6416666666667,555.6416666666667,585.6416666666667
stream,1021,572.0,570.6416666666667,555.6416666666667,585.6416666666667
stream,1022,573.0,570.6416666666667,555.6416666666667,585.6416666666667
stream,1023,573.0,570.6416666666667,555.6416666666667,585.6416666666667
stream,1024,573.0,570.6416666666667,555.6416666666667,585.6416666666667
stream,1025,573.0,570.6416666666667,555.6416666666667,585.6416666666667
stream,1026,574.0,570.6416666666667,555.6416666666667,585.6416666666667
stream,1027,573.0,570.6416666666667,555.6416666666667,585.6416666666667
stream,1028,574.0,570.6416666666667,555.6416666666667,585.6416666666667
stream,1029,573.0,570.6416666666667,555.6416666666667,585.6416666666667
stream,1030,574.0,570.6416666666667,555.6416666666667,585.6416666666667
stream,1031,573.0,570.6416666666667,555.6416666666667,585.6416666666667
stream,1032,573.0,570.6416666666667,555.6416666666667,585.6416666666667
stream,1033,574.0,570.6416666666667,555.6416666666667,585.6416666666667
stream,1034,573.0,570.6416666666667,555.6416666666667,585.6416666666667
stream,1035,573.0,570.6416666666667,555.6416666666667,585.6416666666667
stream,1036,573.0,570.6416666666667,555.6416666666667,585.6416666666667
stream,1037,573.0,570.6416666666667,555.6416666666667,585.6416666666667
stream,1038,573.0,570.6416666666667,555.6416666666667,585.6416666666667
stream,1039,573.0,570.6416666666667,555.6416666666667,585.6416666666667
stream,1040,573.0,570.6416666666667,555.6416666666667,585.6416666666667
stream,1041,573.0,570.6416666666667,555.6416666666667,585.6416666666667
stream,1042,572.0,570.6416666666667,555.6416666666667,585.6416666666667
stream,1043,573.0,570.6416666666667,555.6416666666667,585.6416666666667
stream,1044,573.0,570.6416666666667,555.6416666666667,585.6416666666667
stream,1045,573.0,570.6416666666667,555.6416666666667,585.6416666666667
stream,1046,572.0,570.6416666666667,555.6416666666667,585.6416666666667
stream,1047,573.0,570.6416666666667,555.6416666666667,585.6416666666667
stream,1048,573.0,570.6416666666667,555.6416666666667,585.6416666666667
stream,1049,572.0,570.6416666666667,555.6416666666667,585.6416666666667
stream,1050,573.0,570.6416666666667,555.6416666666667,585.6416666666667
stream,1051,572.0,570.6416666666667,555.6416666666667,585.6416666666667
stream,1052,573.0,570.6416666666667,555.6416666666667,585.6416666666667
stream,1053,572.0,570.6416666666667,555.6416666666667,585.6416666666667
stream,1054,572.0,570.6416666666667,555.6416666666667,585.6416666666667
stream,1055,573.0,570.6416666666667,555.6416666666667,585.6416666666667
stream,1056,572.0,570.6416666666667,555.6416666666667,585.6416666666667
stream,1057,573.0,570.6416666666667,555.6416666666667,585.6416666666667
stream,1058,572.0,570.6416666666667,555.6416666666667,585.6416666666667
stream,1059,573.0,570.6416666666667,555.6416666666667,585.6416666666667
stream,1060,573.0,570.6416666666667,555.6416666666667,585.6416666666667
stream,1061,573.0,570.6416666666667,555.6416666666667,585.6416666666667
stream,1062,572.0,570.6416666666667,555.6416666666667,585.6416666666667
stream,1063,573.0,570.6416666666667,555.6416666666667,585.6416666666667
stream,1064,573.0,570.6416666666667,555.6416666666667,585.6416666666667
stream,1065,572.0,570.6416666666667,555.6416666666667,585.6416666666667
stream,1066,573.0,570.6416666666667,555.6416666666667,585.6416666666667
stream,1067,573.0,570.6416666666667,555.6416666666667,585.6416666666667
stream,1068,573.0,570.6416666666667,555.6416666666667,585.6416666666667
stream,1069,572.0,570.6416666666667,555.6416666666667,585.6416666666667
stream,1070,573.0,570.6416666666667,555.6416666666667,585.6416666666667
stream,1071,573.0,570.6416666666667,555.6416666666667,585.6416666666667
stream,1072,573.0,570.6416666666667,555.6416666666667,585.6416666666667
stream,1073,573.0,570.6416666666667,555.6416666666667,585.6416666666667
stream,1074,573.0,570.6416666666667,555.6416666666667,585.6416666666667
stream,1075,572.0,570.6416666666667,555.6416666666667,585.6416666666667
stream,1076,573.0,570.6416666666667,555.6416666666667,585.6416666666667
stream,1077,573.0,570.6416666666667,555.6416666666667,585.6416666666667
stream,1078,572.0,570.6416666666667,555.6416666666667,585.6416666666667
stream,1079,572.0,570.6416666666667,555.6416666666667,585.6416666666667
stream,1080,573.0,570.6416666666667,555.6416666666667,585.6416666666667
stream,1081,573.0,570.6416666666667,555.6416666666667,585.6416666666667
stream,1082,572.0,570.6416666666667,555.6416666666667,585.6416666666667
stream,1083,573.0,570.6416666666667,555.6416666666667,585.6416666666667
stream,1084,572.0,570.6416666666667,555.6416666666667,585.6416666666667
stream,1085,573.0,570.6416666666667,555.6416666666667,585.6416666666667
stream,1086,573.0,570.6416666666667,555.6416666666667,585.6416666666667
stream,1087,572.0,570.6416666666667,555.6416666666667,585.6416666666667
stream,1088,573.0,570.6416666666667,555.6416666666667,585.6416666666667
stream,1089,572.0,570.6416666666667,555.6416666666667,585.6416666666667
stream,1090,573.0,570.6416666666667,555.6416666666667,585.6416666666667
stream,1091,572.0,570.6416666666667,555.6416666666667,585.6416666666667
stream,1092,573.0,570.6416666666667,555.6416666666667,585.6416666666667
stream,1093,572.0,570.6416666666667,555.6416666666667,585.6416666666667
stream,1094,573.0,570.6416666666667,555.6416666666667,585.6416666666667
stream,1095,572.0,570.6416666666667,555.6416666666667,585.6416666666667
stream,1096,573.0,570.6416666666667,555.6416666666667,585.6416666666667
stream,1097,573.0,570.6416666666667,555.6416666666667,585.6416666666667
stream,1098,572.0,570.6416666666667,555.6416666666667,585.6416666666667
stream,1099,573.0,570.6416666666667,555.6416666666667,585.6416666666667
stream,1100,572.0,570.6416666666667,555.6416666666667,585.6416666666667
stream,1101,573.0,570.6416666666667,555.6416666666667,585.6416666666667
stream,1102,572.0,570.6416666666667,555.6416666666667,585.6416666666667
stream,1103,573.0,570.6416666666667,555.6416666666667,585.6416666666667
stream,1104,572.0,570.6416666666667,555.6416666666667,585.6416666666667
stream,1105,572.0,570.6416666666667,555.6416666666667,585.6416666666667
stream,1106,572.0,570.6416666666667,555.6416666666667,585.6416666666667
stream,1107,573.0,570.6416666666667,555.6416666666667,585.6416666666667
stream,1108,572.0,570.6416666666667,555.6416666666667,585.6416666666667
stream,1109,572.0,570.6416666666667,555.6416666666667,585.6416666666667
stream,1110,572.0,570.6416666666667,555.6416666666667,585.6416666666667
stream,1111,573.0,570.6416666666667,555.6416666666667,585.6416666666667
stream,1112,572.0,570.6416666666667,555.6416666666667,585.6416666666667
stream,1113,573.0,570.6416666666667,555.6416666666667,585.6416666666667
stream,1114,572.0,570.6416666666667,555.6416666666667,585.6416666666667
stream,1115,573.0,570.6416666666667,555.6416666666667,585.6416666666667
stream,1116,572.0,570.6416666666667,555.6416666666667,585.6416666666667
stream,1117,573.0,570.6416666666667,555.6416666666667,585.6416666666667
stream,1118,572.0,570.6416666666667,555.6416666666667,585.6416666666667
stream,1119,573.0,570.6416666666667,555.6416666666667,585.6416666666667
stream,1120,573.0,570.6416666666667,555.6416666666667,585.6416666666667
stream,1121,573.0,570.6416666666667,555.6416666666667,585.6416666666667
stream,1122,573.0,570.6416666666667,555.6416666666667,585.6416666666667
stream,1123,573.0,570.6416666666667,555.6416666666667,585.6416666666667
stream,1124,573.0,570.6416666666667,555.6416666666667,585.6416666666667
stream,1125,573.0,570.6416666666667,555.6416666666667,585.6416666666667
stream,1126,573.0,570.6416666666667,555.6416666666667,585.6416666666667
stream,1127,573.0,570.6416666666667,555.6416666666667,585.6416666666667
stream,1128,573.0,570.6416666666667,555.6416666666667,585.6416666666667
stream,1129,573.0,570.6416666666667,555.6416666666667,585.6416666666667
stream,1130,573.0,570.6416666666667,555.6416666666667,585.6416666666667
stream,1131,573.0,570.6416666666667,555.6416666666667,585.6416666666667
stream,1132,573.0,570.6416666666667,555.6416666666667,585.6416666666667
stream,1133,573.0,570.6416666666667,555.6416666666667,585.6416666666667
stream,1134,573.0,570.6416666666667,555.6416666666667,585.6416666666667
stream,1135,574.0,570.6416666666667,555.6416666666667,585.6416666666667
stream,1136,573.0,570.6416666666667,555.6416666666667,585.6416666666667
stream,1137,573.0,570.6416666666667,555.6416666666667,585.6416666666667
stream,1138,573.0,570.6416666666667,555.6416666666667,585.6416666666667
stream,1139,573.0,570.6416666666667,555.6416666666667,585.6416666666667
stream,1140,573.0,570.6416666666667,555.6416666666667,585.6416666666667
stream,1141,573.0,570.6416666666667,555.6416666666667,585.6416666666667
stream,1142,573.0,570.6416666666667,555.6416666666667,585.6416666666667
stream,1143,573.0,570.6416666666667,555.6416666666667,585.6416666666667
stream,1144,573.0,570.6416666666667,555.6416666666667,585.6416666666667
stream,1145,573.0,570.6416666666667,555.6416666666667,585.6416666666667
stream,1146,573.0,570.6416666666667,555.6416666666667,585.6416666666667
stream,1147,573.0,570.6416666666667,555.6416666666667,585.6416666666667
stream,1148,573.0,570.6416666666667,555.6416666666667,585.6416666666667
stream,1149,574.0,570.6416666666667,555.6416666666667,585.6416666666667
stream,1150,573.0,570.6416666666667,555.6416666666667,585.6416666666667
stream,1151,573.0,570.6416666666667,555.6416666666667,585.6416666666667
stream,1152,573.0,570.6416666666667,555.6416666666667,585.6416666666667
stream,1153,574.0,570.6416666666667,555.6416666666667,585.6416666666667
stream,1154,573.0,570.6416666666667,555.6416666666667,585.6416666666667
stream,1155,573.0,570.6416666666667,555.6416666666667,585.6416666666667
stream,1156,573.0,570.6416666666667,555.6416666666667,585.6416666666667
stream,1157,574.0,570.6416666666667,555.6416666666667,585.6416666666667
stream,1158,573.0,570.6416666666667,555.6416666666667,585.6416666666667
stream,1159,573.0,570.6416666666667,555.6416666666667,585.6416666666667
stream,1160,573.0,570.6416666666667,555.6416666666667,585.6416666666667
stream,1161,574.0,570.6416666666667,555.6416666666667,585.6416666666667
stream,1162,573.0,570.6416666666667,555.6416666666667,585.6416666666667
stream,1163,573.0,570.6416666666667,555.6416666666667,585.6416666666667
stream,1164,574.0,570.6416666666667,555.6416666666667,585.6416666666667
stream,1165,573.0,570.6416666666667,555.6416666666667,585.6416666666667
stream,1166,573.0,570.6416666666667,555.6416666666667,585.6416666666667
stream,1167,574.0,570.6416666666667,555.6416666666667,585.6416666666667
stream,1168,573.0,570.6416666666667,555.6416666666667,585.6416666666667
stream,1169,574.0,570.6416666666667,555.6416666666667,585.6416666666667
stream,1170,573.0,570.6416666666667,555.6416666666667,585.6416666666667
stream,1171,574.0,570.6416666666667,555.6416666666667,585.6416666666667
stream,1172,573.0,570.6416666666667,555.6416666666667,585.6416666666667
stream,1173,573.0,570.6416666666667,555.6416666666667,585.6416666666667
stream,1174,573.0,570.6416666666667,555.6416666666667,585.6416666666667
stream,1175,573.0,570.6416666666667,555.6416666666667,585.6416666666667
stream,1176,572.0,570.6416666666667,555.6416666666667,585.6416666666667
stream,1177,573.0,570.6416666666667,555.6416666666667,585.6416666666667
stream,1178,573.0,570.6416666666667,555.6416666666667,585.6416666666667
stream,1179,573.0,570.6416666666667,555.6416666666667,585.6416666666667
stream,1180,572.0,570.6416666666667,555.6416666666667,585.6416666666667
stream,1181,573.0,570.6416666666667,555.6416666666667,585.6416666666667
stream,1182,572.0,570.6416666666667,555.6416666666667,585.6416666666667
stream,1183,572.0,570.6416666666667,555.6416666666667,585.6416666666667
stream,1184,572.0,570.6416666666667,555.6416666666667,585.6416666666667
stream,1185,573.0,570.6416666666667,555.6416666666667,585.6416666666667
stream,1186,572.0,570.6416666666667,555.6416666666667,585.6416666666667
stream,1187,572.0,570.6416666666667,555.6416666666667,585.6416666666667
stream,1188,572.0,570.6416666666667,555.6416666666667,585.6416666666667
stream,1189,572.0,570.6416666666667,555.6416666666667,585.6416666666667
stream,1190,573.0,570.6416666666667,555.6416666666667,585.6416666666667
stream,1191,573.0,570.6416666666667,555.6416666666667,585.6416666666667
stream,1192,573.0,570.6416666666667,555.6416666666667,585.6416666666667
stream,1193,573.0,570.6416666666667,555.6416666666667,585.6416666666667
stream,1194,573.0,570.6416666666667,555.6416666666667,585.6416666666667
stream,1195,573.0,570.6416666666667,555.6416666666667,585.6416666666667
stream,1196,573.0,570.6416666666667,555.6416666666667,585.6416666666667
stream,1197,573.0,570.6416666666667,555.6416666666667,585.6416666666667
stream,1198,574.0,570.6416666666667,555.6416666666667,585.6416666666667
stream,1199,573.0,570.6416666666667,555.6416666666667,585.6416666666667
stream,1200,573.0,570.6416666666667,555.6416666666667,585.6416666666667
stream,1201,573.0,570.6416666666667,555.6416666666667,585.6416666666667
stream,1202,573.0,570.6416666666667,555.6416666666667,585.6416666666667
stream,1203,573.0,570.6416666666667,555.6416666666667,585.6416666666667
stream,1204,573.0,570.6416666666667,555.6416666666667,585.6416666666667
stream,1205,572.0,570.6416666666667,555.6416666666667,585.6416666666667
stream,1206,573.0,570.6416666666667,555.6416666666667,585.6416666666667
stream,1207,574.0,570.6416666666667,555.6416666666667,585.6416666666667
stream,1208,573.0,570.6416666666667,555.6416666666667,585.6416666666667
stream,1209,574.0,570.6416666666667,555.6416666666667,585.6416666666667
stream,1210,574.0,570.6416666666667,555.6416666666667,585.6416666666667
stream,1211,574.0,570.6416666666667,555.6416666666667,585.6416666666667
stream,1212,574.0,570.6416666666667,555.6416666666667,585.6416666666667
stream,1213,574.0,570.6416666666667,555.6416666666667,585.6416666666667
stream,1214,574.0,570.6416666666667,555.6416666666667,585.6416666666667
stream,1215,574.0,570.6416666666667,555.6416666666667,585.6416666666667
stream,1216,574.0,570.6416666666667,555.6416666666667,585.6416666666667
stream,1217,574.0,570.6416666666667,555.6416666666667,585.6416666666667
stream,1218,574.0,570.6416666666667,555.6416666666667,585.6416666666667
stream,1219,574.0,570.6416666666667,555.6416666666667,585.6416666666667
stream,1220,574.0,570.6416666666667,555.6416666666667,585.6416666666667
stream,1221,574.0,570.6416666666667,555.6416666666667,585.6416666666667
stream,1222,574.0,570.6416666666667,555.6416666666667,585.6416666666667
stream,1223,574.0,570.6416666666667,555.6416666666667,585.6416666666667
stream,1224,574.0,570.6416666666667,555.6416666666667,585.6416666666667
stream,1225,573.0,570.6416666666667,555.6416666666667,585.6416666666667
stream,1226,574.0,570.6416666666667,555.6416666666667,585.6416666666667
stream,1227,574.0,570.6416666666667,555.6416666666667,585.6416666666667
stream,1228,573.0,570.6416666666667,555.6416666666667,585.6416666666667
stream,1229,574.0,570.6416666666667,555.6416666666667,585.6416666666667
stream,1230,574.0,570.6416666666667,555.6416666666667,585.6416666666667
stream,1231,574.0,570.6416666666667,555.6416666666667,585.6416666666667
stream,1232,573.0,570.6416666666667,555.6416666666667,585.6416666666667
stream,1233,574.0,570.6416666666667,555.6416666666667,585.6416666666667
stream,1234,574.0,570.6416666666667,555.6416666666667,585.6416666666667
stream,1235,574.0,570.6416666666667,555.6416666666667,585.6416666666667
stream,1236,574.0,570.6416666666667,555.6416666666667,585.6416666666667
stream,1237,573.0,570.6416666666667,555.6416666666667,585.6416666666667
stream,1238,574.0,570.6416666666667,555.6416666666667,585.6416666666667
stream,1239,574.0,570.6416666666667,555.6416666666667,585.6416666666667
stream,1240,574.0,570.6416666666667,555.6416666666667,585.6416666666667
stream,1241,574.0,570.6416666666667,555.6416666666667,585.6416666666667
stream,1242,573.0,570.6416666666667,555.6416666666667,585.6416666666667
stream,1243,574.0,570.6416666666667,555.6416666666667,585.6416666666667
stream,1244,574.0,570.6416666666667,555.6416666666667,585.6416666666667
stream,1245,573.0,570.6416666666667,555.6416666666667,585.6416666666667
stream,1246,574.0,570.6416666666667,555.6416666666667,585.6416666666667
stream,1247,574.0,570.6416666666667,555.6416666666667,585.6416666666667
stream,1248,574.0,570.6416666666667,555.6416666666667,585.6416666666667
stream,1249,575.0,570.6416666666667,555.6416666666667,585.6416666666667
stream,1250,574.0,570.6416666666667,555.6416666666667,585.6416666666667
stream,1251,574.0,570.6416666666667,555.6416666666667,585.6416666666667
stream,1252,574.0,570.6416666666667,555.6416666666667,585.6416666666667
stream,1253,575.0,570.6416666666667,555.6416666666667,585.6416666666667
stream,1254,574.0,570.6416666666667,555.6416666666667,585.6416666666667
stream,1255,575.0,570.6416666666667,555.6416666666667,585.6416666666667
stream,1256,575.0,570.6416666666667,555.6416666666667,585.6416666666667
stream,1257,575.0,570.6416666666667,555.6416666666667,585.6416666666667
stream,1258,575.0,570.6416666666667,555.6416666666667,585.6416666666667
stream,1259,575.0,570.6416666666667,555.6416666666667,585.6416666666667
stream,1260,576.0,570.6416666666667,555.6416666666667,585.6416666666667
stream,1261,575.0,570.6416666666667,555.6416666666667,585.6416666666667
stream,1262,576.0,570.6416666666667,555.6416666666667,585.6416666666667
stream,1263,576.0,570.6416666666667,555.6416666666667,585.6416666666667
stream,1264,576.0,570.6416666666667,555.6416666666667,585.6416666666667
stream,1265,576.0,570.6416666666667,555.6416666666667,585.6416666666667
stream,1266,576.0,570.6416666666667,555.6416666666667,585.6416666666667
stream,1267,576.0,570.6416666666667,555.6416666666667,585.6416666666667
stream,1268,577.0,570.6416666666667,555.6416666666667,585.6416666666667
stream,1269,576.0,570.6416666666667,555.6416666666667,585.6416666666667
stream,1270,577.0,570.6416666666667,555.6416666666667,585.6416666666667
stream,1271,576.0,570.6416666666667,555.6416666666667,585.6416666666667
stream,1272,576.0,570.6416666666667,555.6416666666667,585.6416666666667
stream,1273,577.0,570.6416666666667,555.6416666666667,585.6416666666667
stream,1274,576.0,570.6416666666667,555.6416666666667,585.6416666666667
stream,1275,577.0,570.6416666666667,555.6416666666667,585.6416666666667
stream,1276,576.0,570.6416666666667,555.6416666666667,585.6416666666667
stream,1277,576.0,570.6416666666667,555.6416666666667,585.6416666666667
stream,1278,577.0,570.6416666666667,555.6416666666667,585.6416666666667
stream,1279,576.0,570.6416666666667,555.6416666666667,585.6416666666667
stream,1280,577.0,570.6416666666667,555.6416666666667,585.6416666666667
stream,1281,576.0,570.6416666666667,555.6416666666667,585.6416666666667
stream,1282,577.0,570.6416666666667,555.6416666666667,585.6416666666667
stream,1283,577.0,570.6416666666667,555.6416666666667,585.6416666666667
stream,1284,577.0,570.6416666666667,555.6416666666667,585.6416666666667
stream,1285,577.0,570.6416666666667,555.6416666666667,585.6416666666667
stream,1286,576.0,570.6416666666667,555.6416666666667,585.6416666666667
stream,1287,577.0,570.6416666666667,555.6416666666667,585.6416666666667
stream,1288,577.0,570.6416666666667,555.6416666666667,585.6416666666667
stream,1289,577.0,570.6416666666667,555.6416666666667,585.6416666666667
stream,1290,577.0,570.6416666666667,555.6416666666667,585.6416666666667
stream,1291,577.0,570.6416666666667,555.6416666666667,585.6416666666667
stream,1292,577.0,570.6416666666667,555.6416666666667,585.6416666666667
stream,1293,577.0,570.6416666666667,555.6416666666667,585.6416666666667
stream,1294,578.0,570.6416666666667,555.6416666666667,585.6416666666667
stream,1295,577.0,570.6416666666667,555.6416666666667,585.6416666666667
stream,1296,577.0,570.6416666666667,555.6416666666667,585.6416666666667
stream,1297,577.0,570.6416666666667,555.6416666666667,585.6416666666667
stream,1298,578.0,570.6416666666667,555.6416666666667,585.6416666666667
stream,1299,577.0,570.6416666666667,555.6416666666667,585.6416666666667
stream,1300,577.0,570.6416666666667,555.6416666666667,585.6416666666667
stream,1301,577.0,570.6416666666667,555.6416666666667,585.6416666666667
stream,1302,577.0,570.6416666666667,555.6416666666667,585.6416666666667
stream,1303,577.0,570.6416666666667,555.6416666666667,585.6416666666667
stream,1304,577.0,570.6416666666667,555.6416666666667,585.6416666666667
stream,1305,577.0,570.6416666666667,555.6416666666667,585.6416666666667
stream,1306,577.0,570.6416666666667,555.6416666666667,585.6416666666667
stream,1307,577.0,570.6416666666667,555.6416666666667,585.6416666666667
stream,1308,578.0,570.6416666666667,555.6416666666667,585.6416666666667
stream,1309,577.0,570.6416666666667,555.6416666666667,585.6416666666667
stream,1310,577.0,570.6416666666667,555.6416666666667,585.6416666666667
stream,1311,577.0,570.6416666666667,555.6416666666667,585.6416666666667
stream,1312,577.0,570.6416666666667,555.6416666666667,585.6416666666667
stream,1313,578.0,570.6416666666667,555.6416666666667,585.6416666666667
stream,1314,577.0,570.6416666666667,555.6416666666667,585.6416666666667
stream,1315,577.0,570.6416666666667,555.6416666666667,585.6416666666667
stream,1316,578.0,570.6416666666667,555.6416666666667,585.6416666666667
stream,1317,577.0,570.6416666666667,555.6416666666667,585.6416666666667
stream,1318,577.0,570.6416666666667,555.6416666666667,585.6416666666667
stream,1319,577.0,570.6416666666667,555.6416666666667,585.6416666666667
stream,1320,578.0,570.6416666666667,555.6416666666667,585.6416666666667
stream,1321,577.0,570.6416666666667,555.6416666666667,585.6416666666667
stream,1322,577.0,570.6416666666667,555.6416666666667,585.6416666666667
stream,1323,577.0,570.6416666666667,555.6416666666667,585.6416666666667
stream,1324,578.0,570.6416666666667,555.6416666666667,585.6416666666667
stream,1325,577.0,570.6416666666667,555.6416666666667,585.6416666666667
stream,1326,578.0,570.6416666666667,555.6416666666667,585.6416666666667
stream,1327,577.0,570.6416666666667,555.6416666666667,585.6416666666667
stream,1328,577.0,570.6416666666667,555.6416666666667,585.6416666666667
stream,1329,578.0,570.6416666666667,555.6416666666667,585.6416666666667
stream,1330,577.0,570.6416666666667,555.6416666666667,585.6416666666667
stream,1331,578.0,570.6416666666667,555.6416666666667,585.6416666666667
stream,1332,577.0,570.6416666666667,555.6416666666667,585.6416666666667
stream,1333,578.0,570.6416666666667,555.6416666666667,585.6416666666667
stream,1334,577.0,570.6416666666667,555.6416666666667,585.6416666666667
stream,1335,577.0,570.6416666666667,555.6416666666667,585.6416666666667
stream,1336,577.0,570.6416666666667,555.6416666666667,585.6416666666667
stream,1337,577.0,570.6416666666667,555.6416666666667,585.6416666666667
stream,1338,578.0,570.6416666666667,555.6416666666667,585.6416666666667
stream,1339,577.0,570.6416666666667,555.6416666666667,585.6416666666667
stream,1340,577.0,570.6416666666667,555.6416666666667,585.6416666666667
stream,1341,577.0,570.6416666666667,555.6416666666667,585.6416666666667
stream,1342,577.0,570.6416666666667,555.6416666666667,585.6416666666667
stream,1343,577.0,570.6416666666667,555.6416666666667,585.6416666666667
stream,1344,577.0,570.6416666666667,555.6416666666667,585.6416666666667
stream,1345,578.0,570.6416666666667,555.6416666666667,585.6416666666667
stream,1346,577.0,570.6416666666667,555.6416666666667,585.6416666666667
stream,1347,577.0,570.6416666666667,555.6416666666667,585.6416666666667
stream,1348,578.0,570.6416666666667,555.6416666666667,585.6416666666667
stream,1349,577.0,570.6416666666667,555.6416666666667,585.6416666666667
stream,1350,578.0,570.6416666666667,555.6416666666667,585.6416666666667
stream,1351,578.0,570.6416666666667,555.6416666666667,585.6416666666667
stream,1352,577.0,570.6416666666667,555.6416666666667,585.6416666666667
stream,1353,578.0,570.6416666666667,555.6416666666667,585.6416666666667
stream,1354,577.0,570.6416666666667,555.6416666666667,585.6416666666667
stream,1355,578.0,570.6416666666667,555.6416666666667,585.6416666666667
stream,1356,577.0,570.6416666666667,555.6416666666667,585.6416666666667
stream,1357,578.0,570.6416666666667,555.6416666666667,585.6416666666667
stream,1358,578.0,570.6416666666667,555.6416666666667,585.6416666666667
stream,1359,578.0,570.6416666666667,555.6416666666667,585.6416666666667
stream,1360,578.0,570.6416666666667,555.6416666666667,585.6416666666667
stream,1361,578.0,570.6416666666667,555.6416666666667,585.6416666666667
stream,1362,578.0,570.6416666666667,555.6416666666667,585.6416666666667
stream,1363,578.0,570.6416666666667,555.6416666666667,585.6416666666667
stream,1364,578.0,570.6416666666667,555.6416666666667,585.6416666666667
stream,1365,579.0,570.6416666666667,555.6416666666667,585.6416666666667
stream,1366,578.0,570.6416666666667,555.6416666666667,585.6416666666667
stream,1367,579.0,570.6416666666667,555.6416666666667,585.6416666666667
stream,1368,579.0,570.6416666666667,555.6416666666667,585.6416666666667
stream,1369,578.0,570.6416666666667,555.6416666666667,585.6416666666667
stream,1370,579.0,570.6416666666667,555.6416666666667,585.6416666666667
stream,1371,579.0,570.6416666666667,555.6416666666667,585.6416666666667
stream,1372,579.0,570.6416666666667,555.6416666666667,585.6416666666667
stream,1373,579.0,570.6416666666667,555.6416666666667,585.6416666666667
stream,1374,578.0,570.6416666666667,555.6416666666667,585.6416666666667
stream,1375,579.0,570.6416666666667,555.6416666666667,585.6416666666667
stream,1376,579.0,570.6416666666667,555.6416666666667,585.6416666666667
stream,1377,579.0,570.6416666666667,555.6416666666667,585.6416666666667
stream,1378,579.0,570.6416666666667,555.6416666666667,585.6416666666667
stream,1379,580.0,570.6416666666667,555.6416666666667,585.6416666666667
stream,1380,580.0,570.6416666666667,555.6416666666667,585.6416666666667
stream,1381,579.0,570.6416666666667,555.6416666666667,585.6416666666667
stream,1382,580.0,570.6416666666667,555.6416666666667,585.6416666666667
stream,1383,580.0,570.6416666666667,555.6416666666667,585.6416666666667
stream,1384,579.0,570.6416666666667,555.6416666666667,585.6416666666667
stream,1385,580.0,570.6416666666667,555.6416666666667,585.6416666666667
stream,1386,579.0,570.6416666666667,555.6416666666667,585.6416666666667
stream,1387,580.0,570.6416666666667,555.6416666666667,585.6416666666667
stream,1388,579.0,570.6416666666667,555.6416666666667,585.6416666666667
stream,1389,580.0,570.6416666666667,555.6416666666667,585.6416666666667
stream,1390,580.0,570.6416666666667,555.6416666666667,585.6416666666667
stream,1391,580.0,570.6416666666667,555.6416666666667,585.6416666666667
stream,1392,579.0,570.6416666666667,555.6416666666667,585.6416666666667
stream,1393,580.0,570.6416666666667,555.6416666666667,585.6416666666667
stream,1394,579.0,570.6416666666667,555.6416666666667,585.6416666666667
stream,1395,580.0,570.6416666666667,555.6416666666667,585.6416666666667
stream,1396,579.0,570.6416666666667,555.6416666666667,585.6416666666667
stream,1397,580.0,570.6416666666667,555.6416666666667,585.6416666666667
stream,1398,579.0,570.6416666666667,555.6416666666667,585.6416666666667
stream,1399,580.0,570.6416666666667,555.6416666666667,585.6416666666667
stream,1400,579.0,570.6416666666667,555.6416666666667,585.6416666666667
stream,1401,579.0,570.6416666666667,555.6416666666667,585.6416666666667
stream,1402,579.0,570.6416666666667,555.6416666666667,585.6416666666667
stream,1403,579.0,570.6416666666667,555.6416666666667,585.6416666666667
stream,1404,579.0,570.6416666666667,555.6416666666667,585.6416666666667
stream,1405,580.0,570.6416666666667,555.6416666666667,585.6416666666667
stream,1406,579.0,570.6416666666667,555.6416666666667,585.6416666666667
stream,1407,579.0,570.6416666666667,555.6416666666667,585.6416666666667
stream,1408,579.0,570.6416666666667,555.6416666666667,585.6416666666667
stream,1409,579.0,570.6416666666667,555.6416666666667,585.6416666666667
stream,1410,579.0,570.6416666666667,555.6416666666667,585.6416666666667
stream,1411,579.0,570.6416666666667,555.6416666666667,585.6416666666667
stream,1412,579.0,570.6416666666667,555.6416666666667,585.6416666666667
stream,1413,579.0,570.6416666666667,555.6416666666667,585.6416666666667
stream,1414,579.0,570.6416666666667,555.6416666666667,585.6416666666667
stream,1415,579.0,570.6416666666667,555.6416666666667,585.6416666666667
stream,1416,579.0,570.6416666666667,555.6416666666667,585.6416666666667
stream,1417,579.0,570.6416666666667,555.6416666666667,585.6416666666667
stream,1418,579.0,570.6416666666667,555.6416666666667,585.6416666666667
stream,1419,579.0,570.6416666666667,555.6416666666667,585.6416666666667
stream,1420,580.0,570.6416666666667,555.6416666666667,585.6416666666667
stream,1421,579.0,570.6416666666667,555.6416666666667,585.6416666666667
stream,1422,579.0,570.6416666666667,555.6416666666667,585.6416666666667
stream,1423,580.0,570.6416666666667,555.6416666666667,585.6416666666667
stream,1424,579.0,570.6416666666667,555.6416666666667,585.6416666666667
stream,1425,580.0,570.6416666666667,555.6416666666667,585.6416666666667
stream,1426,579.0,570.6416666666667,555.6416666666667,585.6416666666667
stream,1427,579.0,570.6416666666667,555.6416666666667,585.6416666666667
stream,1428,579.0,570.6416666666667,555.6416666666667,585.6416666666667
stream,1429,579.0,570.6416666666667,555.6416666666667,585.6416666666667
stream,1430,579.0,570.6416666666667,555.6416666666667,585.6416666666667
stream,1431,579.0,570.6416666666667,555.6416666666667,585.6416666666667
stream,1432,579.0,570.6416666666667,555.6416666666667,585.6416666666667
stream,1433,579.0,570.6416666666667,555.6416666666667,585.6416666666667
stream,1434,579.0,570.6416666666667,555.6416666666667,585.6416666666667
stream,1435,578.0,570.6416666666667,555.6416666666667,585.6416666666667
stream,1436,579.0,570.6416666666667,555.6416666666667,585.6416666666667
stream,1437,579.0,570.6416666666667,555.6416666666667,585.6416666666667
stream,1438,579.0,570.6416666666667,555.6416666666667,585.6416666666667
stream,1439,579.0,570.6416666666667,555.6416666666667,585.6416666666667
stream,1440,579.0,570.6416666666667,555.6416666666667,585.6416666666667
stream,1441,578.0,570.6416666666667,555.6416666666667,585.6416666666667
stream,1442,579.0,570.6416666666667,555.6416666666667,585.6416666666667
stream,1443,579.0,570.6416666666667,555.6416666666667,585.6416666666667
stream,1444,579.0,570.6416666666667,555.6416666666667,585.6416666666667
stream,1445,578.0,570.6416666666667,555.6416666666667,585.6416666666667
stream,1446,579.0,570.6416666666667,555.6416666666667,585.6416666666667
stream,1447,578.0,570.6416666666667,555.6416666666667,585.6416666666667
stream,1448,579.0,570.6416666666667,555.6416666666667,585.6416666666667
stream,1449,578.0,570.6416666666667,555.6416666666667,585.6416666666667
stream,1450,578.0,570.6416666666667,555.6416666666667,585.6416666666667
stream,1451,578.0,570.6416666666667,555.6416666666667,585.6416666666667
stream,1452,578.0,570.6416666666667,555.6416666666667,585.6416666666667
stream,1453,578.0,570.6416666666667,555.6416666666667,585.6416666666667
stream,1454,578.0,570.6416666666667,555.6416666666667,585.6416666666667
stream,1455,578.0,570.6416666666667,555.6416666666667,585.6416666666667
stream,1456,578.0,570.6416666666667,555.6416666666667,585.6416666666667
stream,1457,579.0,570.6416666666667,555.6416666666667,585.6416666666667
stream,1458,578.0,570.6416666666667,555.6416666666667,585.6416666666667
stream,1459,578.0,570.6416666666667,555.6416666666667,585.6416666666667
stream,1460,577.0,570.6416666666667,555.6416666666667,585.6416666666667
stream,1461,578.0,570.6416666666667,555.6416666666667,585.6416666666667
stream,1462,578.0,570.6416666666667,555.6416666666667,585.6416666666667
stream,1463,578.0,570.6416666666667,555.6416666666667,585.6416666666667
stream,1464,577.0,570.6416666666667,555.6416666666667,585.6416666666667
stream,1465,578.0,570.6416666666667,555.6416666666667,585.6416666666667
stream,1466,578.0,570.6416666666667,555.6416666666667,585.6416666666667
stream,1467,577.0,570.6416666666667,555.6416666666667,585.6416666666667
stream,1468,577.0,570.6416666666667,555.6416666666667,585.6416666666667
stream,1469,577.0,570.6416666666667,555.6416666666667,585.6416666666667
stream,1470,577.0,570.6416666666667,555.6416666666667,585.6416666666667
stream,1471,577.0,570.6416666666667,555.6416666666667,585.6416666666667
stream,1472,577.0,570.6416666666667,555.6416666666667,585.6416666666667
stream,1473,578.0,570.6416666666667,555.6416666666667,585.6416666666667
stream,1474,577.0,570.6416666666667,555.6416666666667,585.6416666666667
stream,1475,577.0,570.6416666666667,555.6416666666667,585.6416666666667
stream,1476,577.0,570.6416666666667,555.6416666666667,585.6416666666667
stream,1477,577.0,570.6416666666667,555.6416666666667,585.6416666666667
stream,1478,577.0,570.6416666666667,555.6416666666667,585.6416666666667
stream,1479,577.0,570.6416666666667,555.6416666666667,585.6416666666667
stream,1480,577.0,570.6416666666667,555.6416666666667,585.6416666666667
stream,1481,576.0,570.6416666666667,555.6416666666667,585.6416666666667
stream,1482,577.0,570.6416666666667,555.6416666666667,585.6416666666667
stream,1483,576.0,570.6416666666667,555.6416666666667,585.6416666666667
stream,1484,577.0,570.6416666666667,555.6416666666667,585.6416666666667
stream,1485,576.0,570.6416666666667,555.6416666666667,585.6416666666667
stream,1486,577.0,570.6416666666667,555.6416666666667,585.6416666666667
stream,1487,576.0,570.6416666666667,555.6416666666667,585.6416666666667
stream,1488,577.0,570.6416666666667,555.6416666666667,585.6416666666667
stream,1489,576.0,570.6416666666667,555.6416666666667,585.6416666666667
stream,1490,577.0,570.6416666666667,555.6416666666667,585.6416666666667
stream,1491,576.0,570.6416666666667,555.6416666666667,585.6416666666667
stream,1492,576.0,570.6416666666667,555.6416666666667,585.6416666666667
stream,1493,577.0,570.6416666666667,555.6416666666667,585.6416666666667
stream,1494,576.0,570.6416666666667,555.6416666666667,585.6416666666667
stream,1495,576.0,570.6416666666667,555.6416666666667,585.6416666666667
stream,1496,577.0,570.6416666666667,555.6416666666667,585.6416666666667
stream,1497,576.0,570.6416666666667,555.6416666666667,585.6416666666667
stream,1498,576.0,570.6416666666667,555.6416666666667,585.6416666666667
stream,1499,577.0,570.6416666666667,555.6416666666667,585.6416666666667
stream,1500,576.0,570.6416666666667,555.6416666666667,585.6416666666667
stream,1501,576.0,570.6416666666667,555.6416666666667,585.6416666666667
stream,1502,576.0,570.6416666666667,555.6416666666667,585.6416666666667
stream,1503,577.0,570.6416666666667,555.6416666666667,585.6416666666667
stream,1504,576.0,570.6416666666667,555.6416666666667,585.6416666666667
stream,1505,577.0,570.6416666666667,555.6416666666667,585.6416666666667
stream,1506,576.0,570.6416666666667,555.6416666666667,585.6416666666667
stream,1507,576.0,570.6416666666667,555.6416666666667,585.6416666666667
stream,1508,576.0,570.6416666666667,555.6416666666667,585.6416666666667
stream,1509,576.0,570.6416666666667,555.6416666666667,585.6416666666667
stream,1510,576.0,570.6416666666667,555.6416666666667,585.6416666666667
stream,1511,576.0,570.6416666666667,555.6416666666667,585.6416666666667
stream,1512,577.0,570.6416666666667,555.6416666666667,585.6416666666667
stream,1513,576.0,570.6416666666667,555.6416666666667,585.6416666666667
stream,1514,576.0,570.6416666666667,555.6416666666667,585.6416666666667
stream,1515,576.0,570.6416666666667,555.6416666666667,585.6416666666667
stream,1516,576.0,570.6416666666667,555.6416666666667,585.6416666666667
stream,1517,576.0,570.6416666666667,555.6416666666667,585.6416666666667
stream,1518,577.0,570.6416666666667,555.6416666666667,585.6416666666667
stream,1519,576.0,570.6416666666667,555.6416666666667,585.6416666666667
stream,1520,576.0,570.6416666666667,555.6416666666667,585.6416666666667
stream,1521,576.0,570.6416666666667,555.6416666666667,585.6416666666667
stream,1522,577.0,570.6416666666667,555.6416666666667,585.6416666666667
stream,1523,576.0,570.6416666666667,555.6416666666667,585.6416666666667
stream,1524,576.0,570.6416666666667,555.6416666666667,585.6416666666667
stream,1525,576.0,570.6416666666667,555.6416666666667,585.6416666666667
stream,1526,576.0,570.6416666666667,555.6416666666667,585.6416666666667
stream,1527,576.0,570.6416666666667,555.6416666666667,585.6416666666667
stream,1528,576.0,570.6416666666667,555.6416666666667,585.6416666666667
stream,1529,577.0,570.6416666666667,555.6416666666667,585.6416666666667
stream,1530,576.0,570.6416666666667,555.6416666666667,585.6416666666667
stream,1531,576.0,570.6416666666667,555.6416666666667,585.6416666666667
stream,1532,577.0,570.6416666666667,555.6416666666667,585.6416666666667
stream,1533,577.0,570.6416666666667,555.6416666666667,585.6416666666667
stream,1534,577.0,570.6416666666667,555.6416666666667,585.6416666666667
stream,1535,577.0,570.6416666666667,555.6416666666667,585.6416666666667
stream,1536,577.0,570.6416666666667,555.6416666666667,585.6416666666667
stream,1537,577.0,570.6416666666667,555.6416666666667,585.6416666666667
stream,1538,577.0,570.6416666666667,555.6416666666667,585.6416666666667
stream,1539,578.0,570.6416666666667,555.6416666666667,585.6416666666667
stream,1540,577.0,570.6416666666667,555.6416666666667,585.6416666666667
stream,1541,578.0,570.6416666666667,555.6416666666667,585.6416666666667
stream,1542,578.0,570.6416666666667,555.6416666666667,585.6416666666667
stream,1543,578.0,570.6416666666667,555.6416666666667,585.6416666666667
stream,1544,577.0,570.6416666666667,555.6416666666667,585.6416666666667
stream,1545,578.0,570.6416666666667,555.6416666666667,585.6416666666667
stream,1546,578.0,570.6416666666667,555.6416666666667,585.6416666666667
stream,1547,578.0,570.6416666666667,555.6416666666667,585.6416666666667
stream,1548,578.0,570.6416666666667,555.6416666666667,585.6416666666667
stream,1549,578.0,570.6416666666667,555.6416666666667,585.6416666666667
stream,1550,578.0,570.6416666666667,555.6416666666667,585.6416666666667
stream,1551,577.0,570.6416666666667,555.6416666666667,585.6416666666667
stream,1552,578.0,570.6416666666667,555.6416666666667,585.6416666666667
stream,1553,578.0,570.6416666666667,555.6416666666667,585.6416666666667
stream,1554,577.0,570.6416666666667,555.6416666666667,585.6416666666667
stream,1555,578.0,570.6416666666667,555.6416666666667,585.6416666666667
stream,1556,578.0,570.6416666666667,555.6416666666667,585.6416666666667
stream,1557,578.0,570.6416666666667,555.6416666666667,585.6416666666667
stream,1558,578.0,570.6416666666667,555.6416666666667,585.6416666666667
stream,1559,578.0,570.6416666666667,555.6416666666667,585.6416666666667
stream,1560,577.0,570.6416666666667,555.6416666666667,585.6416666666667
stream,1561,578.0,570.6416666666667,555.6416666666667,585.6416666666667
stream,1562,577.0,570.6416666666667,555.6416666666667,585.6416666666667
stream,1563,578.0,570.6416666666667,555.6416666666667,585.6416666666667
stream,1564,577.0,570.6416666666667,555.6416666666667,585.6416666666667
stream,1565,578.0,570.6416666666667,555.6416666666667,585.6416666666667
stream,1566,577.0,570.6416666666667,555.6416666666667,585.6416666666667
stream,1567,577.0,570.6416666666667,555.6416666666667,585.6416666666667
stream,1568,577.0,570.6416666666667,555.6416666666667,585.6416666666667
stream,1569,578.0,570.6416666666667,555.6416666666667,585.6416666666667
stream,1570,577.0,570.6416666666667,555.6416666666667,585.6416666666667
stream,1571,578.0,570.6416666666667,555.6416666666667,585.6416666666667
stream,1572,577.0,570.6416666666667,555.6416666666667,585.6416666666667
stream,1573,578.0,570.6416666666667,555.6416666666667,585.6416666666667
stream,1574,578.0,570.6416666666667,555.6416666666667,585.6416666666667
stream,1575,577.0,570.6416666666667,555.6416666666667,585.6416666666667
stream,1576,578.0,570.6416666666667,555.6416666666667,585.6416666666667
stream,1577,577.0,570.6416666666667,555.6416666666667,585.6416666666667
stream,1578,577.0,570.6416666666667,555.6416666666667,585.6416666666667
stream,1579,578.0,570.6416666666667,555.6416666666667,585.6416666666667
stream,1580,577.0,570.6416666666667,555.6416666666667,585.6416666666667
stream,1581,578.0,570.6416666666667,555.6416666666667,585.6416666666667
stream,1582,578.0,570.6416666666667,555.6416666666667,585.6416666666667
stream,1583,578.0,570.6416666666667,555.6416666666667,585.6416666666667
stream,1584,578.0,570.6416666666667,555.6416666666667,585.6416666666667
stream,1585,578.0,570.6416666666667,555.6416666666667,585.6416666666667
stream,1586,578.0,570.6416666666667,555.6416666666667,585.6416666666667
stream,1587,579.0,570.6416666666667,555.6416666666667,585.6416666666667
stream,1588,579.0,570.6416666666667,555.6416666666667,585.6416666666667
stream,1589,578.0,570.6416666666667,555.6416666666667,585.6416666666667
stream,1590,579.0,570.6416666666667,555.6416666666667,585.6416666666667
stream,1591,579.0,570.6416666666667,555.6416666666667,585.6416666666667
stream,1592,580.0,570.6416666666667,555.6416666666667,585.6416666666667
stream,1593,579.0,570.6416666666667,555.6416666666667,585.6416666666667
stream,1594,580.0,570.6416666666667,555.6416666666667,585.6416666666667
stream,1595,579.0,570.6416666666667,555.6416666666667,585.6416666666667
stream,1596,579.0,570.6416666666667,555.6416666666667,585.6416666666667
stream,1597,580.0,570.6416666666667,555.6416666666667,585.6416666666667
stream,1598,579.0,570.6416666666667,555.6416666666667,585.6416666666667
stream,1599,579.0,570.6416666666667,555.6416666666667,585.6416666666667
stream,1600,579.0,570.6416666666667,555.6416666666667,585.6416666666667
stream,1601,580.0,570.6416666666667,555.6416666666667,585.6416666666667
stream,1602,579.0,570.6416666666667,555.6416666666667,585.6416666666667
stream,1603,579.0,570.6416666666667,555.6416666666667,585.6416666666667
stream,1604,579.0,570.6416666666667,555.6416666666667,585.6416666666667
stream,1605,579.0,570.6416666666667,555.6416666666667,585.6416666666667
stream,1606,579.0,570.6416666666667,555.6416666666667,585.6416666666667
stream,1607,580.0,570.6416666666667,555.6416666666667,585.6416666666667
stream,1608,579.0,570.6416666666667,555.6416666666667,585.6416666666667
stream,1609,580.0,570.6416666666667,555.6416666666667,585.6416666666667
stream,1610,579.0,570.6416666666667,555.6416666666667,585.6416666666667
stream,1611,580.0,570.6416666666667,555.6416666666667,585.6416666666667
stream,1612,579.0,570.6416666666667,555.6416666666667,585.6416666666667
stream,1613,579.0,570.6416666666667,555.6416666666667,585.6416666666667
stream,1614,579.0,570.6416666666667,555.6416666666667,585.6416666666667
stream,1615,579.0,570.6416666666667,555.6416666666667,585.6416666666667
stream,1616,580.0,570.6416666666667,555.6416666666667,585.6416666666667
stream,1617,579.0,570.6416666666667,555.6416666666667,585.6416666666667
stream,1618,579.0,570.6416666666667,555.6416666666667,585.6416666666667
stream,1619,579.0,570.6416666666667,555.6416666666667,585.6416666666667
stream,1620,579.0,570.6416666666667,555.6416666666667,585.6416666666667
stream,1621,580.0,570.6416666666667,555.6416666666667,585.6416666666667
stream,1622,579.0,570.6416666666667,555.6416666666667,585.6416666666667
stream,1623,580.0,570.6416666666667,555.6416666666667,585.6416666666667
stream,1624,580.0,570.6416666666667,555.6416666666667,585.6416666666667
stream,1625,580.0,570.6416666666667,555.6416666666667,585.6416666666667
stream,1626,580.0,570.6416666666667,555.6416666666667,585.6416666666667
stream,1627,580.0,570.6416666666667,555.6416666666667,585.6416666666667
stream,1628,580.0,570.6416666666667,555.6416666666667,585.6416666666667
stream,1629,580.0,570.6416666666667,555.6416666666667,585.6416666666667
stream,1630,580.0,570.6416666666667,555.6416666666667,585.6416666666667
stream,1631,580.0,570.6416666666667,555.6416666666667,585.6416666666667
stream,1632,580.0,570.6416666666667,555.6416666666667,585.6416666666667
stream,1633,580.0,570.6416666666667,555.6416666666667,585.6416666666667
stream,1634,580.0,570.6416666666667,555.6416666666667,585.6416666666667
stream,1635,580.0,570.6416666666667,555.6416666666667,585.6416666666667
stream,1636,580.0,570.6416666666667,555.6416666666667,585.6416666666667
stream,1637,580.0,570.6416666666667,555.6416666666667,585.6416666666667
stream,1638,581.0,570.6416666666667,555.6416666666667,585.6416666666667
stream,1639,580.0,570.6416666666667,555.6416666666667,585.6416666666667
stream,1640,581.0,570.6416666666667,555.6416666666667,585.6416666666667
stream,1641,580.0,570.6416666666667,555.6416666666667,585.6416666666667
stream,1642,581.0,570.6416666666667,555.6416666666667,585.6416666666667
stream,1643,581.0,570.6416666666667,555.6416666666667,585.6416666666667
stream,1644,581.0,570.6416666666667,555.6416666666667,585.6416666666667
stream,1645,581.0,570.6416666666667,555.6416666666667,585.6416666666667
stream,1646,581.0,570.6416666666667,555.6416666666667,585.6416666666667
stream,1647,582.0,570.6416666666667,555.6416666666667,585.6416666666667
stream,1648,582.0,570.6416666666667,555.6416666666667,585.6416666666667
stream,1649,582.0,570.6416666666667,555.6416666666667,585.6416666666667
stream,1650,582.0,570.6416666666667,555.6416666666667,585.6416666666667
stream,1651,582.0,570.6416666666667,555.6416666666667,585.6416666666667
stream,1652,582.0,570.6416666666667,555.6416666666667,585.6416666666667
stream,1653,583.0,570.6416666666667,555.6416666666667,585.6416666666667
stream,1654,583.0,570.6416666666667,555.6416666666667,585.6416666666667
stream,1655,582.0,570.6416666666667,555.6416666666667,585.6416666666667
stream,1656,583.0,570.6416666666667,555.6416666666667,585.6416666666667
stream,1657,584.0,570.6416666666667,555.6416666666667,585.6416666666667
stream,1658,583.0,570.6416666666667,555.6416666666667,585.6416666666667
stream,1659,584.0,570.6416666666667,555.6416666666667,585.6416666666667
stream,1660,584.0,570.6416666666667,555.6416666666667,585.6416666666667
stream,1661,583.0,570.6416666666667,555.6416666666667,585.6416666666667
stream,1662,585.0,570.6416666666667,555.6416666666667,585.6416666666667
stream,1663,584.0,570.6416666666667,555.6416666666667,585.6416666666667
stream,1664,585.0,570.6416666666667,555.6416666666667,585.6416666666667
stream,1665,584.0,570.6416666666667,555.6416666666667,585.6416666666667
stream,1666,585.0,570.6416666666667,555.6416666666667,585.6416666666667
stream,1667,584.0,570.6416666666667,555.6416666666667,585.6416666666667
stream,1668,585.0,570.6416666666667,555.6416666666667,585.6416666666667
stream,1669,584.0,570.6416666666667,555.6416666666667,585.6416666666667
stream,1670,585.0,570.6416666666667,555.6416666666667,585.6416666666667
stream,1671,585.0,570.6416666666667,555.6416666666667,585.6416666666667
stream,1672,585.0,570.6416666666667,555.6416666666667,585.6416666666667
stream,1673,585.0,570.6416666666667,555.6416666666667,585.6416666666667
stream,1674,585.0,570.6416666666667,555.6416666666667,585.6416666666667
stream,1675,585.0,570.6416666666667,555.6416666666667,585.6416666666667
stream,1676,585.0,570.6416666666667,555.6416666666667,585.6416666666667
stream,1677,586.0,570.6416666666667,555.6416666666667,585.6416666666667
stream,1678,585.0,570.6416666666667,555.6416666666667,585.6416666666667
stream,1679,586.0,570.6416666666667,555.6416666666667,585.6416666666667
stream,1680,585.0,570.6416666666667,555.6416666666667,585.6416666666667
stream,1681,585.0,570.6416666666667,555.6416666666667,585.6416666666667
stream,1682,586.0,570.6416666666667,555.6416666666667,585.6416666666667
stream,1683,585.0,570.6416666666667,555.6416666666667,585.6416666666667
stream,1684,586.0,570.6416666666667,555.6416666666667,585.6416666666667
stream,1685,586.0,570.6416666666667,555.6416666666667,585.6416666666667
stream,1686,586.0,570.6416666666667,555.6416666666667,585.6416666666667
stream,1687,585.0,570.6416666666667,555.6416666666667,585.6416666666667
stream,1688,585.0,570.6416666666667,555.6416666666667,585.6416666666667
stream,1689,585.0,570.6416666666667,555.6416666666667,585.6416666666667
stream,1690,585.0,570.6416666666667,555.6416666666667,585.6416666666667
stream,1691,586.0,570.6416666666667,555.6416666666667,585.6416666666667
stream,1692,585.0,570.6416666666667,555.6416666666667,585.6416666666667
stream,1693,585.0,570.6416666666667,555.6416666666667,585.6416666666667
stream,1694,585.0,570.6416666666667,555.6416666666667,585.6416666666667
stream,1695,586.0,570.6416666666667,555.6416666666667,585.6416666666667
stream,1696,585.0,570.6416666666667,555.6416666666667,585.6416666666667
stream,1697,585.0,570.6416666666667,555.6416666666667,585.6416666666667
stream,1698,585.0,570.6416666666667,555.6416666666667,585.6416666666667
stream,1699,586.0,570.6416666666667,555.6416666666667,585.6416666666667
stream,1700,585.0,570.6416666666667,555.6416666666667,585.6416666666667
stream,1701,585.0,570.6416666666667,555.6416666666667,585.6416666666667
stream,1702,585.0,570.6416666666667,555.6416666666667,585.6416666666667
stream,1703,586.0,570.6416666666667,555.6416666666667,585.6416666666667
stream,1704,585.0,570.6416666666667,555.6416666666667,585.6416666666667
stream,1705,586.0,570.6416666666667,555.6416666666667,585.6416666666667
stream,1706,586.0,570.6416666666667,555.6416666666667,585.6416666666667
stream,1707,586.0,570.6416666666667,555.6416666666667,585.6416666666667
stream,1708,586.0,570.6416666666667,555.6416666666667,585.6416666666667
stream,1709,586.0,570.6416666666667,555.6416666666667,585.6416666666667
stream,1710,586.0,570.6416666666667,555.6416666666667,585.6416666666667
stream,1711,586.0,570.6416666666667,555.6416666666667,585.6416666666667
stream,1712,586.0,570.6416666666667,555.6416666666667,585.6416666666667
stream,1713,586.0,570.6416666666667,555.6416666666667,585.6416666666667
stream,1714,587.0,570.6416666666667,555.6416666666667,585.6416666666667
stream,1715,586.0,570.6416666666667,555.6416666666667,585.6416666666667
stream,1716,586.0,570.6416666666667,555.6416666666667,585.6416666666667
stream,1717,587.0,570.6416666666667,555.6416666666667,585.6416666666667
stream,1718,586.0,570.6416666666667,555.6416666666667,585.6416666666667
stream,1719,586.0,570.6416666666667,555.6416666666667,585.6416666666667
stream,1720,587.0,570.6416666666667,555.6416666666667,585.6416666666667
stream,1721,587.0,570.6416666666667,555.6416666666667,585.6416666666667
stream,1722,586.0,570.6416666666667,555.6416666666667,585.6416666666667
stream,1723,587.0,570.6416666666667,555.6416666666667,585.6416666666667
stream,1724,586.0,570.6416666666667,555.6416666666667,585.6416666666667
stream,1725,587.0,570.6416666666667,555.6416666666667,585.6416666666667
stream,1726,587.0,570.6416666666667,555.6416666666667,585.6416666666667
stream,1727,586.0,570.6416666666667,555.6416666666667,585.6416666666667
stream,1728,587.0,570.6416666666667,555.6416666666667,585.6416666666667
stream,1729,587.0,570.6416666666667,555.6416666666667,585.6416666666667
stream,1730,586.0,570.6416666666667,555.6416666666667,585.6416666666667
stream,1731,587.0,570.6416666666667,555.6416666666667,585.6416666666667
stream,1732,586.0,570.6416666666667,555.6416666666667,585.6416666666667
stream,1733,586.0,570.6416666666667,555.6416666666667,585.6416666666667
stream,1734,587.0,570.6416666666667,555.6416666666667,585.6416666666667
stream,1735,586.0,570.6416666666667,555.6416666666667,585.6416666666667
stream,1736,586.0,570.6416666666667,555.6416666666667,585.6416666666667
stream,1737,587.0,570.6416666666667,555.6416666666667,585.6416666666667
stream,1738,586.0,570.6416666666667,555.6416666666667,585.6416666666667
stream,1739,586.0,570.6416666666667,555.6416666666667,585.6416666666667
stream,1740,586.0,570.6416666666667,555.6416666666667,585.6416666666667
stream,1741,586.0,570.6416666666667,555.6416666666667,585.6416666666667
stream,1742,586.0,570.6416666666667,555.6416666666667,585.6416666666667
stream,1743,587.0,570.6416666666667,555.6416666666667,585.6416666666667
stream,1744,586.0,570.6416666666667,555.6416666666667,585.6416666666667
stream,1745,586.0,570.6416666666667,555.6416666666667,585.6416666666667
stream,1746,586.0,570.6416666666667,555.6416666666667,585.6416666666667
stream,1747,586.0,570.6416666666667,555.6416666666667,585.6416666666667
stream,1748,586.0,570.6416666666667,555.6416666666667,585.6416666666667
stream,1749,586.0,570.6416666666667,555.6416666666667,585.6416666666667
stream,1750,586.0,570.6416666666667,555.6416666666667,585.6416666666667
stream,1751,586.0,570.6416666666667,555.6416666666667,585.6416666666667
stream,1752,586.0,570.6416666666667,555.6416666666667,585.6416666666667
stream,1753,586.0,570.6416666666667,555.6416666666667,585.6416666666667
stream,1754,587.0,570.6416666666667,555.6416666666667,585.6416666666667
stream,1755,586.0,570.6416666666667,555.6416666666667,585.6416666666667
stream,1756,587.0,570.6416666666667,555.6416666666667,585.6416666666667
stream,1757,587.0,570.6416666666667,555.6416666666667,585.6416666666667
stream,1758,587.0,570.6416666666667,555.6416666666667,585.6416666666667
stream,1759,587.0,570.6416666666667,555.6416666666667,585.6416666666667
stream,1760,587.0,570.6416666666667,555.6416666666667,585.6416666666667
stream,1761,586.0,570.6416666666667,555.6416666666667,585.6416666666667
stream,1762,587.0,570.6416666666667,555.6416666666667,585.6416666666667
stream,1763,588.0,570.6416666666667,555.6416666666667,585.6416666666667
stream,1764,586.0,570.6416666666667,555.6416666666667,585.6416666666667
stream,1765,587.0,570.6416666666667,555.6416666666667,585.6416666666667
stream,1766,587.0,570.6416666666667,555.6416666666667,585.6416666666667
stream,1767,587.0,570.6416666666667,555.6416666666667,585.6416666666667
stream,1768,587.0,570.6416666666667,555.6416666666667,585.6416666666667
stream,1769,587.0,570.6416666666667,555.6416666666667,585.6416666666667
stream,1770,587.0,570.6416666666667,555.6416666666667,585.6416666666667
stream,1771,587.0,570.6416666666667,555.6416666666667,585.6416666666667
stream,1772,586.0,570.6416666666667,555.6416666666667,585.6416666666667
stream,1773,587.0,570.6416666666667,555.6416666666667,585.6416666666667
stream,1774,586.0,570.6416666666667,555.6416666666667,585.6416666666667
stream,1775,587.0,570.6416666666667,555.6416666666667,585.6416666666667
stream,1776,587.0,570.6416666666667,555.6416666666667,585.6416666666667
stream,1777,586.0,570.6416666666667,555.6416666666667,585.6416666666667
stream,1778,587.0,570.6416666666667,555.6416666666667,585.6416666666667
stream,1779,586.0,570.6416666666667,555.6416666666667,585.6416666666667
stream,1780,587.0,570.6416666666667,555.6416666666667,585.6416666666667
stream,1781,586.0,570.6416666666667,555.6416666666667,585.6416666666667
stream,1782,587.0,570.6416666666667,555.6416666666667,585.6416666666667
stream,1783,587.0,570.6416666666667,555.6416666666667,585.6416666666667
stream,1784,586.0,570.6416666666667,555.6416666666667,585.6416666666667
stream,1785,587.0,570.6416666666667,555.6416666666667,585.6416666666667
stream,1786,586.0,570.6416666666667,555.6416666666667,585.6416666666667
stream,1787,586.0,570.6416666666667,555.6416666666667,585.6416666666667
stream,1788,586.0,570.6416666666667,555.6416666666667,585.6416666666667
stream,1789,587.0,570.6416666666667,555.6416666666667,585.6416666666667
stream,1790,586.0,570.6416666666667,555.6416666666667,585.6416666666667
stream,1791,586.0,570.6416666666667,555.6416666666667,585.6416666666667
stream,1792,586.0,570.6416666666667,555.6416666666667,585.6416666666667
stream,1793,586.0,570.6416666666667,555.6416666666667,585.6416666666667
stream,1794,586.0,570.6416666666667,555.6416666666667,585.6416666666667
stream,1795,586.0,570.6416666666667,555.6416666666667,585.6416666666667
stream,1796,585.0,570.6416666666667,555.6416666666667,585.6416666666667
stream,1797,586.0,570.6416666666667,555.6416666666667,585.6416666666667
stream,1798,585.0,570.6416666666667,555.6416666666667,585.6416666666667
stream,1799,586.0,570.6416666666667,555.6416666666667,585.6416666666667
