segment,end_index,DeltaClkB_nsps,Baseline_nsps,LowerBound_nsps,UpperBound_nsps
stream,0,,606.7766666666666,591.7766666666666,621.7766666666666
stream,1,602.0,606.7766666666666,591.7766666666666,621.7766666666666
stream,2,602.0,606.7766666666666,591.7766666666666,621.7766666666666
stream,3,602.0,606.7766666666666,591.7766666666666,621.7766666666666
stream,4,602.0,606.7766666666666,591.7766666666666,621.7766666666666
stream,5,602.0,606.7766666666666,591.7766666666666,621.7766666666666
stream,6,603.0,606.7766666666666,591.7766666666666,621.7766666666666
stream,7,602.0,606.7766666666666,591.7766666666666,621.7766666666666
stream,8,603.0,606.7766666666666,591.7766666666666,621.7766666666666
stream,9,602.0,606.7766666666666,591.7766666666666,621.7766666666666
stream,10,603.0,606.7766666666666,591.7766666666666,621.7766666666666
stream,11,603.0,606.7766666666666,591.7766666666666,621.7766666666666
stream,12,603.0,606.7766666666666,591.7766666666666,621.7766666666666
stream,13,603.0,606.7766666666666,591.7766666666666,621.7766666666666
stream,14,603.0,606.7766666666666,591.7766666666666,621.7766666666666
stream,15,603.0,606.7766666666666,591.7766666666666,621.7766666666666
stream,16,604.0,606.7766666666666,591.7766666666666,621.7766666666666
stream,17,603.0,606.7766666666666,591.7766666666666,621.7766666666666
stream,18,603.0,606.7766666666666,591.7766666666666,621.7766666666666
stream,19,604.0,606.7766666666666,591.7766666666666,621.7766666666666
stream,20,603.0,606.7766666666666,591.7766666666666,621.7766666666666
stream,21,603.0,606.7766666666666,591.7766666666666,621.7766666666666
stream,22,604.0,606.7766666666666,591.7766666666666,621.7766666666666
stream,23,604.0,606.7766666666666,591.7766666666666,621.7766666666666
stream,24,604.0,606.7766666666666,591.7766666666666,621.7766666666666
stream,25,603.0,606.7766666666666,591.7766666666666,621.7766666666666
stream,26,604.0,606.7766666666666,591.7766666666666,621.7766666666666
stream,27,604.0,606.7766666666666,591.7766666666666,621.7766666666666
stream,28,603.0,606.7766666666666,591.7766666666666,621.7766666666666
stream,29,604.0,606.7766666666666,591.7766666666666,621.7766666666666
stream,30,603.0,606.7766666666666,591.7766666666666,621.7766666666666
stream,31,603.0,606.7766666666666,591.7766666666666,621.7766666666666
stream,32,604.0,606.7766666666666,591.7766666666666,621.7766666666666
stream,33,603.0,606.7766666666666,591.7766666666666,621.7766666666666
stream,34,604.0,606.7766666666666,591.7766666666666,621.7766666666666
stream,35,604.0,606.7766666666666,591.7766666666666,621.7766666666666
stream,36,603.0,606.7766666666666,591.7766666666666,621.7766666666666
stream,37,603.0,606.7766666666666,591.7766666666666,621.7766666666666
stream,38,604.0,606.7766666666666,591.7766666666666,621.7766666666666
stream,39,603.0,606.7766666666666,591.7766666666666,621.7766666666666
stream,40,603.0,606.7766666666666,591.7766666666666,621.7766666666666
stream,41,603.0,606.7766666666666,591.7766666666666,621.7766666666666
stream,42,603.0,606.7766666666666,591.7766666666666,621.7766666666666
stream,43,603.0,606.7766666666666,591.7766666666666,621.7766666666666
stream,44,603.0,606.7766666666666,591.7766666666666,621.7766666666666
stream,45,603.0,606.7766666666666,591.7766666666666,621.7766666666666
stream,46,604.0,606.7766666666666,591.7766666666666,621.7766666666666
stream,47,603.0,606.7766666666666,591.7766666666666,621.7766666666666
stream,48,604.0,606.7766666666666,591.7766666666666,621.7766666666666
stream,49,603.0,606.7766666666666,591.7766666666666,621.7766666666666
stream,50,604.0,606.7766666666666,591.7766666666666,621.7766666666666
stream,51,604.0,606.7766666666666,591.7766666666666,621.7766666666666
stream,52,604.0,606.7766666666666,591.7766666666666,621.7766666666666
stream,53,604.0,606.7766666666666,591.7766666666666,621.7766666666666
stream,54,604.0,606.7766666666666,591.7766666666666,621.7766666666666
stream,55,603.0,606.7766666666666,591.7766666666666,621.7766666666666
stream,56,603.0,606.7766666666666,591.7766666666666,621.7766666666666
stream,57,604.0,606.7766666666666,591.7766666666666,621.7766666666666
stream,58,603.0,606.7766666666666,591.7766666666666,621.7766666666666
stream,59,604.0,606.7766666666666,591.7766666666666,621.7766666666666
stream,60,604.0,606.7766666666666,591.7766666666666,621.7766666666666
stream,61,604.0,606.7766666666666,591.7766666666666,621.7766666666666
stream,62,604.0,606.7766666666666,591.7766666666666,621.7766666666666
stream,63,604.0,606.7766666666666,591.7766666666666,621.7766666666666
stream,64,604.0,606.7766666666666,591.7766666666666,621.7766666666666
stream,65,603.0,606.7766666666666,591.7766666666666,621.7766666666666
stream,66,604.0,606.7766666666666,591.7766666666666,621.7766666666666
stream,67,603.0,606.7766666666666,591.7766666666666,621.7766666666666
stream,68,604.0,606.7766666666666,591.7766666666666,621.7766666666666
stream,69,604.0,606.7766666666666,591.7766666666666,621.7766666666666
stream,70,604.0,606.7766666666666,591.7766666666666,621.7766666666666
stream,71,603.0,606.7766666666666,591.7766666666666,621.7766666666666
stream,72,604.0,606.7766666666666,591.7766666666666,621.7766666666666
stream,73,603.0,606.7766666666666,591.7766666666666,621.7766666666666
stream,74,604.0,606.7766666666666,591.7766666666666,621.7766666666666
stream,75,603.0,606.7766666666666,591.7766666666666,621.7766666666666
stream,76,604.0,606.7766666666666,591.7766666666666,621.7766666666666
stream,77,603.0,606.7766666666666,591.7766666666666,621.7766666666666
stream,78,603.0,606.7766666666666,591.7766666666666,621.7766666666666
stream,79,603.0,606.7766666666666,591.7766666666666,621.7766666666666
stream,80,604.0,606.7766666666666,591.7766666666666,621.7766666666666
stream,81,603.0,606.7766666666666,591.7766666666666,621.7766666666666
stream,82,603.0,606.7766666666666,591.7766666666666,621.7766666666666
stream,83,604.0,606.7766666666666,591.7766666666666,621.7766666666666
stream,84,604.0,606.7766666666666,591.7766666666666,621.7766666666666
stream,85,604.0,606.7766666666666,591.7766666666666,621.7766666666666
stream,86,603.0,606.7766666666666,591.7766666666666,621.7766666666666
stream,87,604.0,606.7766666666666,591.7766666666666,621.7766666666666
stream,88,604.0,606.7766666666666,591.7766666666666,621.7766666666666
stream,89,604.0,606.7766666666666,591.7766666666666,621.7766666666666
stream,90,603.0,606.7766666666666,591.7766666666666,621.7766666666666
stream,91,604.0,606.7766666666666,591.7766666666666,621.7766666666666
stream,92,604.0,606.7766666666666,591.7766666666666,621.7766666666666
stream,93,603.0,606.7766666666666,591.7766666666666,621.7766666666666
stream,94,605.0,606.7766666666666,591.7766666666666,621.7766666666666
stream,95,605.0,606.7766666666666,591.7766666666666,621.7766666666666
stream,96,604.0,606.7766666666666,591.7766666666666,621.7766666666666
stream,97,605.0,606.7766666666666,591.7766666666666,621.7766666666666
stream,98,604.0,606.7766666666666,591.7766666666666,621.7766666666666
stream,99,605.0,606.7766666666666,591.7766666666666,621.7766666666666
stream,100,604.0,606.7766666666666,591.7766666666666,621.7766666666666
stream,101,604.0,606.7766666666666,591.7766666666666,621.7766666666666
stream,102,605.0,606.7766666666666,591.7766666666666,621.7766666666666
stream,103,604.0,606.7766666666666,591.7766666666666,621.7766666666666
stream,104,605.0,606.7766666666666,591.7766666666666,621.7766666666666
stream,105,605.0,606.7766666666666,591.7766666666666,621.7766666666666
stream,106,604.0,606.7766666666666,591.7766666666666,621.7766666666666
stream,107,605.0,606.7766666666666,591.7766666666666,621.7766666666666
stream,108,605.0,606.7766666666666,591.7766666666666,621.7766666666666
stream,109,604.0,606.7766666666666,591.7766666666666,621.7766666666666
stream,110,605.0,606.7766666666666,591.7766666666666,621.7766666666666
stream,111,605.0,606.7766666666666,591.7766666666666,621.7766666666666
stream,112,606.0,606.7766666666666,591.7766666666666,621.7766666666666
stream,113,605.0,606.7766666666666,591.7766666666666,621.7766666666666
stream,114,606.0,606.7766666666666,591.7766666666666,621.7766666666666
stream,115,606.0,606.7766666666666,591.7766666666666,621.7766666666666
stream,116,606.0,606.7766666666666,591.7766666666666,621.7766666666666
stream,117,606.0,606.7766666666666,591.7766666666666,621.7766666666666
stream,118,605.0,606.7766666666666,591.7766666666666,621.7766666666666
stream,119,606.0,606.7766666666666,591.7766666666666,621.7766666666666
stream,120,606.0,606.7766666666666,591.7766666666666,621.7766666666666
stream,121,606.0,606.7766666666666,591.7766666666666,621.7766666666666
stream,122,607.0,606.7766666666666,591.7766666666666,621.7766666666666
stream,123,606.0,606.7766666666666,591.7766666666666,621.7766666666666
stream,124,606.0,606.7766666666666,591.7766666666666,621.7766666666666
stream,125,606.0,606.7766666666666,591.7766666666666,621.7766666666666
stream,126,607.0,606.7766666666666,591.7766666666666,621.7766666666666
stream,127,605.0,606.7766666666666,591.7766666666666,621.7766666666666
stream,128,606.0,606.7766666666666,591.7766666666666,621.7766666666666
stream,129,606.0,606.7766666666666,591.7766666666666,621.7766666666666
stream,130,606.0,606.7766666666666,591.7766666666666,621.7766666666666
stream,131,606.0,606.7766666666666,591.7766666666666,621.7766666666666
stream,132,606.0,606.7766666666666,591.7766666666666,621.7766666666666
stream,133,607.0,606.7766666666666,591.7766666666666,621.7766666666666
stream,134,606.0,606.7766666666666,591.7766666666666,621.7766666666666
stream,135,606.0,606.7766666666666,591.7766666666666,621.7766666666666
stream,136,607.0,606.7766666666666,591.7766666666666,621.7766666666666
stream,137,608.0,606.7766666666666,591.7766666666666,621.7766666666666
stream,138,607.0,606.7766666666666,591.7766666666666,621.7766666666666
stream,139,607.0,606.7766666666666,591.7766666666666,621.7766666666666
stream,140,607.0,606.7766666666666,591.7766666666666,621.7766666666666
stream,141,607.0,606.7766666666666,591.7766666666666,621.7766666666666
stream,142,607.0,606.7766666666666,591.7766666666666,621.7766666666666
stream,143,606.0,606.7766666666666,591.7766666666666,621.7766666666666
stream,144,607.0,606.7766666666666,591.7766666666666,621.7766666666666
stream,145,606.0,606.7766666666666,591.7766666666666,621.7766666666666
stream,146,607.0,606.7766666666666,591.7766666666666,621.7766666666666
stream,147,606.0,606.7766666666666,591.7766666666666,621.7766666666666
stream,148,606.0,606.7766666666666,591.7766666666666,621.7766666666666
stream,149,606.0,606.7766666666666,591.7766666666666,621.7766666666666
stream,150,606.0,606.7766666666666,591.7766666666666,621.7766666666666
stream,151,606.0,606.7766666666666,591.7766666666666,621.7766666666666
stream,152,606.0,606.7766666666666,591.7766666666666,621.7766666666666
stream,153,606.0,606.7766666666666,591.7766666666666,621.7766666666666
stream,154,606.0,606.7766666666666,591.7766666666666,621.7766666666666
stream,155,606.0,606.7766666666666,591.7766666666666,621.7766666666666
stream,156,606.0,606.7766666666666,591.7766666666666,621.7766666666666
stream,157,605.0,606.7766666666666,591.7766666666666,621.7766666666666
stream,158,606.0,606.7766666666666,591.7766666666666,621.7766666666666
stream,159,606.0,606.7766666666666,591.7766666666666,621.7766666666666
stream,160,606.0,606.7766666666666,591.7766666666666,621.7766666666666
stream,161,606.0,606.7766666666666,591.7766666666666,621.7766666666666
stream,162,607.0,606.7766666666666,591.7766666666666,621.7766666666666
stream,163,606.0,606.7766666666666,591.7766666666666,621.7766666666666
stream,164,607.0,606.7766666666666,591.7766666666666,621.7766666666666
stream,165,606.0,606.7766666666666,591.7766666666666,621.7766666666666
stream,166,607.0,606.7766666666666,591.7766666666666,621.7766666666666
stream,167,607.0,606.7766666666666,591.7766666666666,621.7766666666666
stream,168,607.0,606.7766666666666,591.7766666666666,621.7766666666666
stream,169,607.0,606.7766666666666,591.7766666666666,621.7766666666666
stream,170,607.0,606.7766666666666,591.7766666666666,621.7766666666666
stream,171,608.0,606.7766666666666,591.7766666666666,621.7766666666666
stream,172,607.0,606.7766666666666,591.7766666666666,621.7766666666666
stream,173,607.0,606.7766666666666,591.7766666666666,621.7766666666666
stream,174,608.0,606.7766666666666,591.7766666666666,621.7766666666666
stream,175,608.0,606.7766666666666,591.7766666666666,621.7766666666666
stream,176,607.0,606.7766666666666,591.7766666666666,621.7766666666666
stream,177,608.0,606.7766666666666,591.7766666666666,621.7766666666666
stream,178,608.0,606.7766666666666,591.7766666666666,621.7766666666666
stream,179,608.0,606.7766666666666,591.7766666666666,621.7766666666666
stream,180,608.0,606.7766666666666,591.7766666666666,621.7766666666666
stream,181,608.0,606.7766666666666,591.7766666666666,621.7766666666666
stream,182,608.0,606.7766666666666,591.7766666666666,621.7766666666666
stream,183,609.0,606.7766666666666,591.7766666666666,621.7766666666666
stream,184,608.0,606.7766666666666,591.7766666666666,621.7766666666666
stream,185,608.0,606.7766666666666,591.7766666666666,621.7766666666666
stream,186,608.0,606.7766666666666,591.7766666666666,621.7766666666666
stream,187,608.0,606.7766666666666,591.7766666666666,621.7766666666666
stream,188,608.0,606.7766666666666,591.7766666666666,621.7766666666666
stream,189,608.0,606.7766666666666,591.7766666666666,621.7766666666666
stream,190,609.0,606.7766666666666,591.7766666666666,621.7766666666666
stream,191,608.0,606.7766666666666,591.7766666666666,621.7766666666666
stream,192,608.0,606.7766666666666,591.7766666666666,621.7766666666666
stream,193,608.0,606.7766666666666,591.7766666666666,621.7766666666666
stream,194,609.0,606.7766666666666,591.7766666666666,621.7766666666666
stream,195,608.0,606.7766666666666,591.7766666666666,621.7766666666666
stream,196,608.0,606.7766666666666,591.7766666666666,621.7766666666666
stream,197,608.0,606.7766666666666,591.7766666666666,621.7766666666666
stream,198,608.0,606.7766666666666,591.7766666666666,621.7766666666666
stream,199,607.0,606.7766666666666,591.7766666666666,621.7766666666666
stream,200,608.0,606.7766666666666,591.7766666666666,621.7766666666666
stream,201,608.0,606.7766666666666,591.7766666666666,621.7766666666666
stream,202,608.0,606.7766666666666,591.7766666666666,621.7766666666666
stream,203,608.0,606.7766666666666,591.7766666666666,621.7766666666666
stream,204,608.0,606.7766666666666,591.7766666666666,621.7766666666666
stream,205,609.0,606.7766666666666,591.7766666666666,621.7766666666666
stream,206,608.0,606.7766666666666,591.7766666666666,621.7766666666666
stream,207,609.0,606.7766666666666,591.7766666666666,621.7766666666666
stream,208,609.0,606.7766666666666,591.7766666666666,621.7766666666666
stream,209,609.0,606.7766666666666,591.7766666666666,621.7766666666666
stream,210,608.0,606.7766666666666,591.7766666666666,621.7766666666666
stream,211,609.0,606.7766666666666,591.7766666666666,621.7766666666666
stream,212,609.0,606.7766666666666,591.7766666666666,621.7766666666666
stream,213,609.0,606.7766666666666,591.7766666666666,621.7766666666666
stream,214,609.0,606.7766666666666,591.7766666666666,621.7766666666666
stream,215,609.0,606.7766666666666,591.7766666666666,621.7766666666666
stream,216,609.0,606.7766666666666,591.7766666666666,621.7766666666666
stream,217,609.0,606.7766666666666,591.7766666666666,621.7766666666666
stream,218,609.0,606.7766666666666,591.7766666666666,621.7766666666666
stream,219,610.0,606.7766666666666,591.7766666666666,621.7766666666666
stream,220,609.0,606.7766666666666,591.7766666666666,621.7766666666666
stream,221,609.0,606.7766666666666,591.7766666666666,621.7766666666666
stream,222,609.0,606.7766666666666,591.7766666666666,621.7766666666666
stream,223,610.0,606.7766666666666,591.7766666666666,621.7766666666666
stream,224,609.0,606.7766666666666,591.7766666666666,621.7766666666666
stream,225,610.0,606.7766666666666,591.7766666666666,621.7766666666666
stream,226,609.0,606.7766666666666,591.7766666666666,621.7766666666666
stream,227,610.0,606.7766666666666,591.7766666666666,621.7766666666666
stream,228,609.0,606.7766666666666,591.7766666666666,621.7766666666666
stream,229,610.0,606.7766666666666,591.7766666666666,621.7766666666666
stream,230,610.0,606.7766666666666,591.7766666666666,621.7766666666666
stream,231,609.0,606.7766666666666,591.7766666666666,621.7766666666666
stream,232,610.0,606.7766666666666,591.7766666666666,621.7766666666666
stream,233,610.0,606.7766666666666,591.7766666666666,621.7766666666666
stream,234,610.0,606.7766666666666,591.7766666666666,621.7766666666666
stream,235,609.0,606.7766666666666,591.7766666666666,621.7766666666666
stream,236,610.0,606.7766666666666,591.7766666666666,621.7766666666666
stream,237,610.0,606.7766666666666,591.7766666666666,621.7766666666666
stream,238,610.0,606.7766666666666,591.7766666666666,621.7766666666666
stream,239,610.0,606.7766666666666,591.7766666666666,621.7766666666666
stream,240,610.0,606.7766666666666,591.7766666666666,621.7766666666666
stream,241,611.0,606.7766666666666,591.7766666666666,621.7766666666666
stream,242,610.0,606.7766666666666,591.7766666666666,621.7766666666666
stream,243,611.0,606.7766666666666,591.7766666666666,621.7766666666666
stream,244,610.0,606.7766666666666,591.7766666666666,621.7766666666666
stream,245,610.0,606.7766666666666,591.7766666666666,621.7766666666666
stream,246,611.0,606.7766666666666,591.7766666666666,621.7766666666666
stream,247,610.0,606.7766666666666,591.7766666666666,621.7766666666666
stream,248,610.0,606.7766666666666,591.7766666666666,621.7766666666666
stream,249,611.0,606.7766666666666,591.7766666666666,621.7766666666666
stream,250,610.0,606.7766666666666,591.7766666666666,621.7766666666666
stream,251,611.0,606.7766666666666,591.7766666666666,621.7766666666666
stream,252,610.0,606.7766666666666,591.7766666666666,621.7766666666666
stream,253,611.0,606.7766666666666,591.7766666666666,621.7766666666666
stream,254,611.0,606.7766666666666,591.7766666666666,621.7766666666666
stream,255,610.0,606.7766666666666,591.7766666666666,621.7766666666666
stream,256,611.0,606.7766666666666,591.7766666666666,621.7766666666666
stream,257,611.0,606.7766666666666,591.7766666666666,621.7766666666666
stream,258,610.0,606.7766666666666,591.7766666666666,621.7766666666666
stream,259,610.0,606.7766666666666,591.7766666666666,621.7766666666666
stream,260,611.0,606.7766666666666,591.7766666666666,621.7766666666666
stream,261,610.0,606.7766666666666,591.7766666666666,621.7766666666666
stream,262,611.0,606.7766666666666,591.7766666666666,621.7766666666666
stream,263,611.0,606.7766666666666,591.7766666666666,621.7766666666666
stream,264,611.0,606.7766666666666,591.7766666666666,621.7766666666666
stream,265,611.0,606.7766666666666,591.7766666666666,621.7766666666666
stream,266,610.0,606.7766666666666,591.7766666666666,621.7766666666666
stream,267,611.0,606.7766666666666,591.7766666666666,621.7766666666666
stream,268,611.0,606.7766666666666,591.7766666666666,621.7766666666666
stream,269,610.0,606.7766666666666,591.7766666666666,621.7766666666666
stream,270,611.0,606.7766666666666,591.7766666666666,621.7766666666666
stream,271,611.0,606.7766666666666,591.7766666666666,621.7766666666666
stream,272,611.0,606.7766666666666,591.7766666666666,621.7766666666666
stream,273,612.0,606.7766666666666,591.7766666666666,621.7766666666666
stream,274,611.0,606.7766666666666,591.7766666666666,621.7766666666666
stream,275,611.0,606.7766666666666,591.7766666666666,621.7766666666666
stream,276,611.0,606.7766666666666,591.7766666666666,621.7766666666666
stream,277,611.0,606.7766666666666,591.7766666666666,621.7766666666666
stream,278,611.0,606.7766666666666,591.7766666666666,621.7766666666666
stream,279,611.0,606.7766666666666,591.7766666666666,621.7766666666666
stream,280,610.0,606.7766666666666,591.7766666666666,621.7766666666666
stream,281,611.0,606.7766666666666,591.7766666666666,621.7766666666666
stream,282,611.0,606.7766666666666,591.7766666666666,621.7766666666666
stream,283,611.0,606.7766666666666,591.7766666666666,621.7766666666666
stream,284,611.0,606.7766666666666,591.7766666666666,621.7766666666666
stream,285,611.0,606.7766666666666,591.7766666666666,621.7766666666666
stream,286,610.0,606.7766666666666,591.7766666666666,621.7766666666666
stream,287,612.0,606.7766666666666,591.7766666666666,621.7766666666666
stream,288,610.0,606.7766666666666,591.7766666666666,621.7766666666666
stream,289,611.0,606.7766666666666,591.7766666666666,621.7766666666666
stream,290,611.0,606.7766666666666,591.7766666666666,621.7766666666666
stream,291,611.0,606.7766666666666,591.7766666666666,621.7766666666666
stream,292,610.0,606.7766666666666,591.7766666666666,621.7766666666666
stream,293,611.0,606.7766666666666,591.7766666666666,621.7766666666666
stream,294,611.0,606.7766666666666,591.7766666666666,621.7766666666666
stream,295,610.0,606.7766666666666,591.7766666666666,621.7766666666666
stream,296,610.0,606.7766666666666,591.7766666666666,621.7766666666666
stream,297,611.0,606.7766666666666,591.7766666666666,621.7766666666666
stream,298,610.0,606.7766666666666,591.7766666666666,621.7766666666666
stream,299,609.0,606.7766666666666,591.7766666666666,621.7766666666666
stream,300,610.0,606.7766666666666,591.7766666666666,621.7766666666666
stream,301,609.0,606.7766666666666,591.7766666666666,621.7766666666666
stream,302,609.0,606.7766666666666,591.7766666666666,621.7766666666666
stream,303,610.0,606.7766666666666,591.7766666666666,621.7766666666666
stream,304,610.0,606.7766666666666,591.7766666666666,621.7766666666666
stream,305,609.0,606.7766666666666,591.7766666666666,621.7766666666666
stream,306,610.0,606.7766666666666,591.7766666666666,621.7766666666666
stream,307,610.0,606.7766666666666,591.7766666666666,621.7766666666666
stream,308,610.0,606.7766666666666,591.7766666666666,621.7766666666666
stream,309,609.0,606.7766666666666,591.7766666666666,621.7766666666666
stream,310,610.0,606.7766666666666,591.7766666666666,621.7766666666666
stream,311,609.0,606.7766666666666,591.7766666666666,621.7766666666666
stream,312,610.0,606.7766666666666,591.7766666666666,621.7766666666666
stream,313,609.0,606.7766666666666,591.7766666666666,621.7766666666666
stream,314,609.0,606.7766666666666,591.7766666666666,621.7766666666666
stream,315,609.0,606.7766666666666,591.7766666666666,621.7766666666666
stream,316,609.0,606.7766666666666,591.7766666666666,621.7766666666666
stream,317,609.0,606.7766666666666,591.7766666666666,621.7766666666666
stream,318,608.0,606.7766666666666,591.7766666666666,621.7766666666666
stream,319,609.0,606.7766666666666,591.7766666666666,621.7766666666666
stream,320,608.0,606.7766666666666,591.7766666666666,621.7766666666666
stream,321,609.0,606.7766666666666,591.7766666666666,621.7766666666666
stream,322,608.0,606.7766666666666,591.7766666666666,621.7766666666666
stream,323,609.0,606.7766666666666,591.7766666666666,621.7766666666666
stream,324,608.0,606.7766666666666,591.7766666666666,621.7766666666666
stream,325,609.0,606.7766666666666,591.7766666666666,621.7766666666666
stream,326,608.0,606.7766666666666,591.7766666666666,621.7766666666666
stream,327,609.0,606.7766666666666,591.7766666666666,621.7766666666666
stream,328,608.0,606.7766666666666,591.7766666666666,621.7766666666666
stream,329,609.0,606.7766666666666,591.7766666666666,621.7766666666666
stream,330,608.0,606.7766666666666,591.7766666666666,621.7766666666666
stream,331,608.0,606.7766666666666,591.7766666666666,621.7766666666666
stream,332,609.0,606.7766666666666,591.7766666666666,621.7766666666666
stream,333,608.0,606.7766666666666,591.7766666666666,621.7766666666666
stream,334,608.0,606.7766666666666,591.7766666666666,621.7766666666666
stream,335,609.0,606.7766666666666,591.7766666666666,621.7766666666666
stream,336,608.0,606.7766666666666,591.7766666666666,621.7766666666666
stream,337,608.0,606.7766666666666,591.7766666666666,621.7766666666666
stream,338,608.0,606.7766666666666,591.7766666666666,621.7766666666666
stream,339,608.0,606.7766666666666,591.7766666666666,621.7766666666666
stream,340,607.0,606.7766666666666,591.7766666666666,621.7766666666666
stream,341,608.0,606.7766666666666,591.7766666666666,621.7766666666666
stream,342,608.0,606.7766666666666,591.7766666666666,621.7766666666666
stream,343,607.0,606.7766666666666,591.7766666666666,621.7766666666666
stream,344,608.0,606.7766666666666,591.7766666666666,621.7766666666666
stream,345,607.0,606.7766666666666,591.7766666666666,621.7766666666666
stream,346,607.0,606.7766666666666,591.7766666666666,621.7766666666666
stream,347,607.0,606.7766666666666,591.7766666666666,621.7766666666666
stream,348,607.0,606.7766666666666,591.7766666666666,621.7766666666666
stream,349,607.0,606.7766666666666,591.7766666666666,621.7766666666666
stream,350,607.0,606.7766666666666,591.7766666666666,621.7766666666666
stream,351,607.0,606.7766666666666,591.7766666666666,621.7766666666666
stream,352,607.0,606.7766666666666,591.7766666666666,621.7766666666666
stream,353,606.0,606.7766666666666,591.7766666666666,621.7766666666666
stream,354,607.0,606.7766666666666,591.7766666666666,621.7766666666666
stream,355,607.0,606.7766666666666,591.7766666666666,621.7766666666666
stream,356,608.0,606.7766666666666,591.7766666666666,621.7766666666666
stream,357,607.0,606.7766666666666,591.7766666666666,621.7766666666666
stream,358,607.0,606.7766666666666,591.7766666666666,621.7766666666666
stream,359,608.0,606.7766666666666,591.7766666666666,621.7766666666666
stream,360,607.0,606.7766666666666,591.7766666666666,621.7766666666666
stream,361,608.0,606.7766666666666,591.7766666666666,621.7766666666666
stream,362,607.0,606.7766666666666,591.7766666666666,621.7766666666666
stream,363,607.0,606.7766666666666,591.7766666666666,621.7766666666666
stream,364,607.0,606.7766666666666,591.7766666666666,621.7766666666666
stream,365,607.0,606.7766666666666,591.7766666666666,621.7766666666666
stream,366,607.0,606.7766666666666,591.7766666666666,621.7766666666666
stream,367,607.0,606.7766666666666,591.7766666666666,621.7766666666666
stream,368,607.0,606.7766666666666,591.7766666666666,621.7766666666666
stream,369,607.0,606.7766666666666,591.7766666666666,621.7766666666666
stream,370,607.0,606.7766666666666,591.7766666666666,621.7766666666666
stream,371,607.0,606.7766666666666,591.7766666666666,621.7766666666666
stream,372,607.0,606.7766666666666,591.7766666666666,621.7766666666666
stream,373,607.0,606.7766666666666,591.7766666666666,621.7766666666666
stream,374,606.0,606.7766666666666,591.7766666666666,621.7766666666666
stream,375,607.0,606.7766666666666,591.7766666666666,621.7766666666666
stream,376,607.0,606.7766666666666,591.7766666666666,621.7766666666666
stream,377,607.0,606.7766666666666,591.7766666666666,621.7766666666666
stream,378,607.0,606.7766666666666,591.7766666666666,621.7766666666666
stream,379,607.0,606.7766666666666,591.7766666666666,621.7766666666666
stream,380,607.0,606.7766666666666,591.7766666666666,621.7766666666666
stream,381,606.0,606.7766666666666,591.7766666666666,621.7766666666666
stream,382,607.0,606.7766666666666,591.7766666666666,621.7766666666666
stream,383,607.0,606.7766666666666,591.7766666666666,621.7766666666666
stream,384,606.0,606.7766666666666,591.7766666666666,621.7766666666666
stream,385,607.0,606.7766666666666,591.7766666666666,621.7766666666666
stream,386,607.0,606.7766666666666,591.7766666666666,621.7766666666666
stream,387,606.0,606.7766666666666,591.7766666666666,621.7766666666666
stream,388,607.0,606.7766666666666,591.7766666666666,621.7766666666666
stream,389,607.0,606.7766666666666,591.7766666666666,621.7766666666666
stream,390,607.0,606.7766666666666,591.7766666666666,621.7766666666666
stream,391,606.0,606.7766666666666,591.7766666666666,621.7766666666666
stream,392,607.0,606.7766666666666,591.7766666666666,621.7766666666666
stream,393,606.0,606.7766666666666,591.7766666666666,621.7766666666666
stream,394,607.0,606.7766666666666,591.7766666666666,621.7766666666666
stream,395,606.0,606.7766666666666,591.7766666666666,621.7766666666666
stream,396,607.0,606.7766666666666,591.7766666666666,621.7766666666666
stream,397,606.0,606.7766666666666,591.7766666666666,621.7766666666666
stream,398,607.0,606.7766666666666,591.7766666666666,621.7766666666666
stream,399,606.0,606.7766666666666,591.7766666666666,621.7766666666666
stream,400,607.0,606.7766666666666,591.7766666666666,621.7766666666666
stream,401,606.0,606.7766666666666,591.7766666666666,621.7766666666666
stream,402,607.0,606.7766666666666,591.7766666666666,621.7766666666666
stream,403,607.0,606.7766666666666,591.7766666666666,621.7766666666666
stream,404,607.0,606.7766666666666,591.7766666666666,621.7766666666666
stream,405,607.0,606.7766666666666,591.7766666666666,621.7766666666666
stream,406,607.0,606.7766666666666,591.7766666666666,621.7766666666666
stream,407,607.0,606.7766666666666,591.7766666666666,621.7766666666666
stream,408,607.0,606.7766666666666,591.7766666666666,621.7766666666666
stream,409,607.0,606.7766666666666,591.7766666666666,621.7766666666666
stream,410,607.0,606.7766666666666,591.7766666666666,621.7766666666666
stream,411,606.0,606.7766666666666,591.7766666666666,621.7766666666666
stream,412,607.0,606.7766666666666,591.7766666666666,621.7766666666666
stream,413,606.0,606.7766666666666,591.7766666666666,621.7766666666666
stream,414,607.0,606.7766666666666,591.7766666666666,621.7766666666666
stream,415,606.0,606.7766666666666,591.7766666666666,621.7766666666666
stream,416,607.0,606.7766666666666,591.7766666666666,621.7766666666666
stream,417,606.0,606.7766666666666,591.7766666666666,621.7766666666666
stream,418,607.0,606.7766666666666,591.7766666666666,621.7766666666666
stream,419,606.0,606.7766666666666,591.7766666666666,621.7766666666666
stream,420,606.0,606.7766666666666,591.7766666666666,621.7766666666666
stream,421,607.0,606.7766666666666,591.7766666666666,621.7766666666666
stream,422,606.0,606.7766666666666,591.7766666666666,621.7766666666666
stream,423,607.0,606.7766666666666,591.7766666666666,621.7766666666666
stream,424,606.0,606.7766666666666,591.7766666666666,621.7766666666666
stream,425,606.0,606.7766666666666,591.7766666666666,621.7766666666666
stream,426,606.0,606.7766666666666,591.7766666666666,621.7766666666666
stream,427,606.0,606.7766666666666,591.7766666666666,621.7766666666666
stream,428,606.0,606.7766666666666,591.7766666666666,621.7766666666666
stream,429,607.0,606.7766666666666,591.7766666666666,621.7766666666666
stream,430,607.0,606.7766666666666,591.7766666666666,621.7766666666666
stream,431,606.0,606.7766666666666,591.7766666666666,621.7766666666666
stream,432,607.0,606.7766666666666,591.7766666666666,621.7766666666666
stream,433,606.0,606.7766666666666,591.7766666666666,621.7766666666666
stream,434,607.0,606.7766666666666,591.7766666666666,621.7766666666666
stream,435,607.0,606.7766666666666,591.7766666666666,621.7766666666666
stream,436,606.0,606.7766666666666,591.7766666666666,621.7766666666666
stream,437,606.0,606.7766666666666,591.7766666666666,621.7766666666666
stream,438,606.0,606.7766666666666,591.7766666666666,621.7766666666666
stream,439,606.0,606.7766666666666,591.7766666666666,621.7766666666666
stream,440,605.0,606.7766666666666,591.7766666666666,621.7766666666666
stream,441,605.0,606.7766666666666,591.7766666666666,621.7766666666666
stream,442,605.0,606.7766666666666,591.7766666666666,621.7766666666666
stream,443,605.0,606.7766666666666,591.7766666666666,621.7766666666666
stream,444,605.0,606.7766666666666,591.7766666666666,621.7766666666666
stream,445,606.0,606.7766666666666,591.7766666666666,621.7766666666666
stream,446,605.0,606.7766666666666,591.7766666666666,621.7766666666666
stream,447,605.0,606.7766666666666,591.7766666666666,621.7766666666666
stream,448,605.0,606.7766666666666,591.7766666666666,621.7766666666666
stream,449,605.0,606.7766666666666,591.7766666666666,621.7766666666666
stream,450,606.0,606.7766666666666,591.7766666666666,621.7766666666666
stream,451,605.0,606.7766666666666,591.7766666666666,621.7766666666666
stream,452,605.0,606.7766666666666,591.7766666666666,621.7766666666666
stream,453,605.0,606.7766666666666,591.7766666666666,621.7766666666666
stream,454,605.0,606.7766666666666,591.7766666666666,621.7766666666666
stream,455,605.0,606.7766666666666,591.7766666666666,621.7766666666666
stream,456,605.0,606.7766666666666,591.7766666666666,621.7766666666666
stream,457,605.0,606.7766666666666,591.7766666666666,621.7766666666666
stream,458,605.0,606.7766666666666,591.7766666666666,621.7766666666666
stream,459,606.0,606.7766666666666,591.7766666666666,621.7766666666666
stream,460,605.0,606.7766666666666,591.7766666666666,621.7766666666666
stream,461,606.0,606.7766666666666,591.7766666666666,621.7766666666666
stream,462,606.0,606.7766666666666,591.7766666666666,621.7766666666666
stream,463,606.0,606.7766666666666,591.7766666666666,621.7766666666666
stream,464,606.0,606.7766666666666,591.7766666666666,621.7766666666666
stream,465,606.0,606.7766666666666,591.7766666666666,621.7766666666666
stream,466,606.0,606.7766666666666,591.7766666666666,621.7766666666666
stream,467,607.0,606.7766666666666,591.7766666666666,621.7766666666666
stream,468,607.0,606.7766666666666,591.7766666666666,621.7766666666666
stream,469,606.0,606.7766666666666,591.7766666666666,621.7766666666666
stream,470,607.0,606.7766666666666,591.7766666666666,621.7766666666666
stream,471,607.0,606.7766666666666,591.7766666666666,621.7766666666666
stream,472,608.0,606.7766666666666,591.7766666666666,621.7766666666666
stream,473,607.0,606.7766666666666,591.7766666666666,621.7766666666666
stream,474,608.0,606.7766666666666,591.7766666666666,621.7766666666666
stream,475,607.0,606.7766666666666,591.7766666666666,621.7766666666666
stream,476,607.0,606.7766666666666,591.7766666666666,621.7766666666666
stream,477,607.0,606.7766666666666,591.7766666666666,621.7766666666666
stream,478,608.0,606.7766666666666,591.7766666666666,621.7766666666666
stream,479,607.0,606.7766666666666,591.7766666666666,621.7766666666666
stream,480,607.0,606.7766666666666,591.7766666666666,621.7766666666666
stream,481,608.0,606.7766666666666,591.7766666666666,621.7766666666666
stream,482,607.0,606.7766666666666,591.7766666666666,621.7766666666666
stream,483,608.0,606.7766666666666,591.7766666666666,621.7766666666666
stream,484,607.0,606.7766666666666,591.7766666666666,621.7766666666666
stream,485,607.0,606.7766666666666,591.7766666666666,621.7766666666666
stream,486,608.0,606.7766666666666,591.7766666666666,621.7766666666666
stream,487,607.0,606.7766666666666,591.7766666666666,621.7766666666666
stream,488,607.0,606.7766666666666,591.7766666666666,621.7766666666666
stream,489,608.0,606.7766666666666,591.7766666666666,621.7766666666666
stream,490,608.0,606.7766666666666,591.7766666666666,621.7766666666666
stream,491,607.0,606.7766666666666,591.7766666666666,621.7766666666666
stream,492,608.0,606.7766666666666,591.7766666666666,621.7766666666666
stream,493,608.0,606.7766666666666,591.7766666666666,621.7766666666666
stream,494,608.0,606.7766666666666,591.7766666666666,621.7766666666666
stream,495,608.0,606.7766666666666,591.7766666666666,621.7766666666666
stream,496,608.0,606.7766666666666,591.7766666666666,621.7766666666666
stream,497,608.0,606.7766666666666,591.7766666666666,621.7766666666666
stream,498,608.0,606.7766666666666,591.7766666666666,621.7766666666666
stream,499,608.0,606.7766666666666,591.7766666666666,621.7766666666666
stream,500,608.0,606.7766666666666,591.7766666666666,621.7766666666666
stream,501,608.0,606.7766666666666,591.7766666666666,621.7766666666666
stream,502,607.0,606.7766666666666,591.7766666666666,621.7766666666666
stream,503,608.0,606.7766666666666,591.7766666666666,621.7766666666666
stream,504,608.0,606.7766666666666,591.7766666666666,621.7766666666666
stream,505,608.0,606.7766666666666,591.7766666666666,621.7766666666666
stream,506,608.0,606.7766666666666,591.7766666666666,621.7766666666666
stream,507,609.0,606.7766666666666,591.7766666666666,621.7766666666666
stream,508,608.0,606.7766666666666,591.7766666666666,621.7766666666666
stream,509,608.0,606.7766666666666,591.7766666666666,621.7766666666666
stream,510,609.0,606.7766666666666,591.7766666666666,621.7766666666666
stream,511,608.0,606.7766666666666,591.7766666666666,621.7766666666666
stream,512,608.0,606.7766666666666,591.7766666666666,621.7766666666666
stream,513,608.0,606.7766666666666,591.7766666666666,621.7766666666666
stream,514,608.0,606.7766666666666,591.7766666666666,621.7766666666666
stream,515,608.0,606.7766666666666,591.7766666666666,621.7766666666666
stream,516,609.0,606.7766666666666,591.7766666666666,621.7766666666666
stream,517,609.0,606.7766666666666,591.7766666666666,621.7766666666666
stream,518,608.0,606.7766666666666,591.7766666666666,621.7766666666666
stream,519,609.0,606.7766666666666,591.7766666666666,621.7766666666666
stream,520,608.0,606.7766666666666,591.7766666666666,621.7766666666666
stream,521,608.0,606.7766666666666,591.7766666666666,621.7766666666666
stream,522,607.0,606.7766666666666,591.7766666666666,621.7766666666666
stream,523,608.0,606.7766666666666,591.7766666666666,621.7766666666666
stream,524,607.0,606.7766666666666,591.7766666666666,621.7766666666666
stream,525,606.0,606.7766666666666,591.7766666666666,621.7766666666666
stream,526,607.0,606.7766666666666,591.7766666666666,621.7766666666666
stream,527,606.0,606.7766666666666,591.7766666666666,621.7766666666666
stream,528,607.0,606.7766666666666,591.7766666666666,621.7766666666666
stream,529,608.0,606.7766666666666,591.7766666666666,621.7766666666666
stream,530,607.0,606.7766666666666,591.7766666666666,621.7766666666666
stream,531,607.0,606.7766666666666,591.7766666666666,621.7766666666666
stream,532,606.0,606.7766666666666,591.7766666666666,621.7766666666666
stream,533,607.0,606.7766666666666,591.7766666666666,621.7766666666666
stream,534,606.0,606.7766666666666,591.7766666666666,621.7766666666666
stream,535,606.0,606.7766666666666,591.7766666666666,621.7766666666666
stream,536,605.0,606.7766666666666,591.7766666666666,621.7766666666666
stream,537,606.0,606.7766666666666,591.7766666666666,621.7766666666666
stream,538,605.0,606.7766666666666,591.7766666666666,621.7766666666666
stream,539,605.0,606.7766666666666,591.7766666666666,621.7766666666666
stream,540,606.0,606.7766666666666,591.7766666666666,621.7766666666666
stream,541,605.0,606.7766666666666,591.7766666666666,621.7766666666666
stream,542,607.0,606.7766666666666,591.7766666666666,621.7766666666666
stream,543,606.0,606.7766666666666,591.7766666666666,621.7766666666666
stream,544,606.0,606.7766666666666,591.7766666666666,621.7766666666666
stream,545,606.0,606.7766666666666,591.7766666666666,621.7766666666666
stream,546,606.0,606.7766666666666,591.7766666666666,621.7766666666666
stream,547,605.0,606.7766666666666,591.7766666666666,621.7766666666666
stream,548,606.0,606.7766666666666,591.7766666666666,621.7766666666666
stream,549,606.0,606.7766666666666,591.7766666666666,621.7766666666666
stream,550,605.0,606.7766666666666,591.7766666666666,621.7766666666666
stream,551,605.0,606.7766666666666,591.7766666666666,621.7766666666666
stream,552,605.0,606.7766666666666,591.7766666666666,621.7766666666666
stream,553,605.0,606.7766666666666,591.7766666666666,621.7766666666666
stream,554,605.0,606.7766666666666,591.7766666666666,621.7766666666666
stream,555,605.0,606.7766666666666,591.7766666666666,621.7766666666666
stream,556,605.0,606.7766666666666,591.7766666666666,621.7766666666666
stream,557,605.0,606.7766666666666,591.7766666666666,621.7766666666666
stream,558,605.0,606.7766666666666,591.7766666666666,621.7766666666666
stream,559,604.0,606.7766666666666,591.7766666666666,621.7766666666666
stream,560,605.0,606.7766666666666,591.7766666666666,621.7766666666666
stream,561,605.0,606.7766666666666,591.7766666666666,621.7766666666666
stream,562,604.0,606.7766666666666,591.7766666666666,621.7766666666666
stream,563,604.0,606.7766666666666,591.7766666666666,621.7766666666666
stream,564,604.0,606.7766666666666,591.7766666666666,621.7766666666666
stream,565,605.0,606.7766666666666,591.7766666666666,621.7766666666666
stream,566,604.0,606.7766666666666,591.7766666666666,621.7766666666666
stream,567,605.0,606.7766666666666,591.7766666666666,621.7766666666666
stream,568,604.0,606.7766666666666,591.7766666666666,621.7766666666666
stream,569,605.0,606.7766666666666,591.7766666666666,621.7766666666666
stream,570,604.0,606.7766666666666,591.7766666666666,621.7766666666666
stream,571,605.0,606.7766666666666,591.7766666666666,621.7766666666666
stream,572,605.0,606.7766666666666,591.7766666666666,621.7766666666666
stream,573,606.0,606.7766666666666,591.7766666666666,621.7766666666666
stream,574,606.0,606.7766666666666,591.7766666666666,621.7766666666666
stream,575,607.0,606.7766666666666,591.7766666666666,621.7766666666666
stream,576,606.0,606.7766666666666,591.7766666666666,621.7766666666666
stream,577,606.0,606.7766666666666,591.7766666666666,621.7766666666666
stream,578,606.0,606.7766666666666,591.7766666666666,621.7766666666666
stream,579,607.0,606.7766666666666,591.7766666666666,621.7766666666666
stream,580,606.0,606.7766666666666,591.7766666666666,621.7766666666666
stream,581,606.0,606.7766666666666,591.7766666666666,621.7766666666666
stream,582,607.0,606.7766666666666,591.7766666666666,621.7766666666666
stream,583,606.0,606.7766666666666,591.7766666666666,621.7766666666666
stream,584,606.0,606.7766666666666,591.7766666666666,621.7766666666666
stream,585,607.0,606.7766666666666,591.7766666666666,621.7766666666666
stream,586,606.0,606.7766666666666,591.7766666666666,621.7766666666666
stream,587,606.0,606.7766666666666,591.7766666666666,621.7766666666666
stream,588,606.0,606.7766666666666,591.7766666666666,621.7766666666666
stream,589,607.0,606.7766666666666,591.7766666666666,621.7766666666666
stream,590,606.0,606.7766666666666,591.7766666666666,621.7766666666666
stream,591,607.0,606.7766666666666,591.7766666666666,621.7766666666666
stream,592,606.0,606.7766666666666,591.7766666666666,621.7766666666666
stream,593,606.0,606.7766666666666,591.7766666666666,621.7766666666666
stream,594,607.0,606.7766666666666,591.7766666666666,621.7766666666666
stream,595,606.0,606.7766666666666,591.7766666666666,621.7766666666666
stream,596,606.0,606.7766666666666,591.7766666666666,621.7766666666666
stream,597,607.0,606.7766666666666,591.7766666666666,621.7766666666666
stream,598,607.0,606.7766666666666,591.7766666666666,621.7766666666666
stream,599,607.0,606.7766666666666,591.7766666666666,621.7766666666666
stream,600,607.0,606.7766666666666,591.7766666666666,621.7766666666666
stream,601,606.0,606.7766666666666,591.7766666666666,621.7766666666666
stream,602,607.0,606.7766666666666,591.7766666666666,621.7766666666666
stream,603,606.0,606.7766666666666,591.7766666666666,621.7766666666666
stream,604,606.0,606.7766666666666,591.7766666666666,621.7766666666666
stream,605,607.0,606.7766666666666,591.7766666666666,621.7766666666666
stream,606,606.0,606.7766666666666,591.7766666666666,621.7766666666666
stream,607,606.0,606.7766666666666,591.7766666666666,621.7766666666666
stream,608,606.0,606.7766666666666,591.7766666666666,621.7766666666666
stream,609,606.0,606.7766666666666,591.7766666666666,621.7766666666666
stream,610,606.0,606.7766666666666,591.7766666666666,621.7766666666666
stream,611,606.0,606.7766666666666,591.7766666666666,621.7766666666666
stream,612,606.0,606.7766666666666,591.7766666666666,621.7766666666666
stream,613,606.0,606.7766666666666,591.7766666666666,621.7766666666666
stream,614,607.0,606.7766666666666,591.7766666666666,621.7766666666666
stream,615,606.0,606.7766666666666,591.7766666666666,621.7766666666666
stream,616,607.0,606.7766666666666,591.7766666666666,621.7766666666666
stream,617,607.0,606.7766666666666,591.7766666666666,621.7766666666666
stream,618,607.0,606.7766666666666,591.7766666666666,621.7766666666666
stream,619,606.0,606.7766666666666,591.7766666666666,621.7766666666666
stream,620,607.0,606.7766666666666,591.7766666666666,621.7766666666666
stream,621,608.0,606.7766666666666,591.7766666666666,621.7766666666666
stream,622,607.0,606.7766666666666,591.7766666666666,621.7766666666666
stream,623,608.0,606.7766666666666,591.7766666666666,621.7766666666666
stream,624,607.0,606.7766666666666,591.7766666666666,621.7766666666666
stream,625,608.0,606.7766666666666,591.7766666666666,621.7766666666666
stream,626,608.0,606.7766666666666,591.7766666666666,621.7766666666666
stream,627,607.0,606.7766666666666,591.7766666666666,621.7766666666666
stream,628,608.0,606.7766666666666,591.7766666666666,621.7766666666666
stream,629,607.0,606.7766666666666,591.7766666666666,621.7766666666666
stream,630,608.0,606.7766666666666,591.7766666666666,621.7766666666666
stream,631,607.0,606.7766666666666,591.7766666666666,621.7766666666666
stream,632,607.0,606.7766666666666,591.7766666666666,621.7766666666666
stream,633,607.0,606.7766666666666,591.7766666666666,621.7766666666666
stream,634,608.0,606.7766666666666,591.7766666666666,621.7766666666666
stream,635,607.0,606.7766666666666,591.7766666666666,621.7766666666666
stream,636,607.0,606.7766666666666,591.7766666666666,621.7766666666666
stream,637,608.0,606.7766666666666,591.7766666666666,621.7766666666666
stream,638,608.0,606.7766666666666,591.7766666666666,621.7766666666666
stream,639,607.0,606.7766666666666,591.7766666666666,621.7766666666666
stream,640,607.0,606.7766666666666,591.7766666666666,621.7766666666666
stream,641,608.0,606.7766666666666,591.7766666666666,621.7766666666666
stream,642,607.0,606.7766666666666,591.7766666666666,621.7766666666666
stream,643,607.0,606.7766666666666,591.7766666666666,621.7766666666666
stream,644,607.0,606.7766666666666,591.7766666666666,621.7766666666666
stream,645,607.0,606.7766666666666,591.7766666666666,621.7766666666666
stream,646,607.0,606.7766666666666,591.7766666666666,621.7766666666666
stream,647,606.0,606.7766666666666,591.7766666666666,621.7766666666666
stream,648,607.0,606.7766666666666,591.7766666666666,621.7766666666666
stream,649,607.0,606.7766666666666,591.7766666666666,621.7766666666666
stream,650,608.0,606.7766666666666,591.7766666666666,621.7766666666666
stream,651,607.0,606.7766666666666,591.7766666666666,621.7766666666666
stream,652,607.0,606.7766666666666,591.7766666666666,621.7766666666666
stream,653,607.0,606.7766666666666,591.7766666666666,621.7766666666666
stream,654,607.0,606.7766666666666,591.7766666666666,621.7766666666666
stream,655,607.0,606.7766666666666,591.7766666666666,621.7766666666666
stream,656,607.0,606.7766666666666,591.7766666666666,621.7766666666666
stream,657,607.0,606.7766666666666,591.7766666666666,621.7766666666666
stream,658,606.0,606.7766666666666,591.7766666666666,621.7766666666666
stream,659,607.0,606.7766666666666,591.7766666666666,621.7766666666666
stream,660,606.0,606.7766666666666,591.7766666666666,621.7766666666666
stream,661,607.0,606.7766666666666,591.7766666666666,621.7766666666666
stream,662,606.0,606.7766666666666,591.7766666666666,621.7766666666666
stream,663,607.0,606.7766666666666,591.7766666666666,621.7766666666666
stream,664,606.0,606.7766666666666,591.7766666666666,621.7766666666666
stream,665,607.0,606.7766666666666,591.7766666666666,621.7766666666666
stream,666,606.0,606.7766666666666,591.7766666666666,621.7766666666666
stream,667,607.0,606.7766666666666,591.7766666666666,621.7766666666666
stream,668,607.0,606.7766666666666,591.7766666666666,621.7766666666666
stream,669,607.0,606.7766666666666,591.7766666666666,621.7766666666666
stream,670,607.0,606.7766666666666,591.7766666666666,621.7766666666666
stream,671,607.0,606.7766666666666,591.7766666666666,621.7766666666666
stream,672,607.0,606.7766666666666,591.7766666666666,621.7766666666666
stream,673,608.0,606.7766666666666,591.7766666666666,621.7766666666666
stream,674,607.0,606.7766666666666,591.7766666666666,621.7766666666666
stream,675,608.0,606.7766666666666,591.7766666666666,621.7766666666666
stream,676,608.0,606.7766666666666,591.7766666666666,621.7766666666666
stream,677,607.0,606.7766666666666,591.7766666666666,621.7766666666666
stream,678,608.0,606.7766666666666,591.7766666666666,621.7766666666666
stream,679,608.0,606.7766666666666,591.7766666666666,621.7766666666666
stream,680,607.0,606.7766666666666,591.7766666666666,621.7766666666666
stream,681,608.0,606.7766666666666,591.7766666666666,621.7766666666666
stream,682,608.0,606.7766666666666,591.7766666666666,621.7766666666666
stream,683,607.0,606.7766666666666,591.7766666666666,621.7766666666666
stream,684,608.0,606.7766666666666,591.7766666666666,621.7766666666666
stream,685,608.0,606.7766666666666,591.7766666666666,621.7766666666666
stream,686,608.0,606.7766666666666,591.7766666666666,621.7766666666666
stream,687,608.0,606.7766666666666,591.7766666666666,621.7766666666666
stream,688,608.0,606.7766666666666,591.7766666666666,621.7766666666666
stream,689,608.0,606.7766666666666,591.7766666666666,621.7766666666666
stream,690,608.0,606.7766666666666,591.7766666666666,621.7766666666666
stream,691,609.0,606.7766666666666,591.7766666666666,621.7766666666666
stream,692,608.0,606.7766666666666,591.7766666666666,621.7766666666666
stream,693,609.0,606.7766666666666,591.7766666666666,621.7766666666666
stream,694,608.0,606.7766666666666,591.7766666666666,621.7766666666666
stream,695,609.0,606.7766666666666,591.7766666666666,621.7766666666666
stream,696,608.0,606.7766666666666,591.7766666666666,621.7766666666666
stream,697,609.0,606.7766666666666,591.7766666666666,621.7766666666666
stream,698,608.0,606.7766666666666,591.7766666666666,621.7766666666666
stream,699,609.0,606.7766666666666,591.7766666666666,621.7766666666666
stream,700,609.0,606.7766666666666,591.7766666666666,621.7766666666666
stream,701,608.0,606.7766666666666,591.7766666666666,621.7766666666666
stream,702,609.0,606.7766666666666,591.7766666666666,621.7766666666666
stream,703,608.0,606.7766666666666,591.7766666666666,621.7766666666666
stream,704,609.0,606.7766666666666,591.7766666666666,621.7766666666666
stream,705,608.0,606.7766666666666,591.7766666666666,621.7766666666666
stream,706,608.0,606.7766666666666,591.7766666666666,621.7766666666666
stream,707,608.0,606.7766666666666,591.7766666666666,621.7766666666666
stream,708,609.0,606.7766666666666,591.7766666666666,621.7766666666666
stream,709,608.0,606.7766666666666,591.7766666666666,621.7766666666666
stream,710,608.0,606.7766666666666,591.7766666666666,621.7766666666666
stream,711,608.0,606.7766666666666,591.7766666666666,621.7766666666666
stream,712,608.0,606.7766666666666,591.7766666666666,621.7766666666666
stream,713,608.0,606.7766666666666,591.7766666666666,621.7766666666666
stream,714,609.0,606.7766666666666,591.7766666666666,621.7766666666666
stream,715,608.0,606.7766666666666,591.7766666666666,621.7766666666666
stream,716,609.0,606.7766666666666,591.7766666666666,621.7766666666666
stream,717,608.0,606.7766666666666,591.7766666666666,621.7766666666666
stream,718,608.0,606.7766666666666,591.7766666666666,621.7766666666666
stream,719,609.0,606.7766666666666,591.7766666666666,621.7766666666666
stream,720,608.0,606.7766666666666,591.7766666666666,621.7766666666666
stream,721,609.0,606.7766666666666,591.7766666666666,621.7766666666666
stream,722,608.0,606.7766666666666,591.7766666666666,621.7766666666666
stream,723,609.0,606.7766666666666,591.7766666666666,621.7766666666666
stream,724,608.0,606.7766666666666,591.7766666666666,621.7766666666666
stream,725,609.0,606.7766666666666,591.7766666666666,621.7766666666666
stream,726,608.0,606.7766666666666,591.7766666666666,621.7766666666666
stream,727,608.0,606.7766666666666,591.7766666666666,621.7766666666666
stream,728,608.0,606.7766666666666,591.7766666666666,621.7766666666666
stream,729,608.0,606.7766666666666,591.7766666666666,621.7766666666666
stream,730,608.0,606.7766666666666,591.7766666666666,621.7766666666666
stream,731,608.0,606.7766666666666,591.7766666666666,621.7766666666666
stream,732,608.0,606.7766666666666,591.7766666666666,621.7766666666666
stream,733,608.0,606.7766666666666,591.7766666666666,621.7766666666666
stream,734,608.0,606.7766666666666,591.7766666666666,621.7766666666666
stream,735,608.0,606.7766666666666,591.7766666666666,621.7766666666666
stream,736,607.0,606.7766666666666,591.7766666666666,621.7766666666666
stream,737,607.0,606.7766666666666,591.7766666666666,621.7766666666666
stream,738,608.0,606.7766666666666,591.7766666666666,621.7766666666666
stream,739,607.0,606.7766666666666,591.7766666666666,621.7766666666666
stream,740,607.0,606.7766666666666,591.7766666666666,621.7766666666666
stream,741,607.0,606.7766666666666,591.7766666666666,621.7766666666666
stream,742,607.0,606.7766666666666,591.7766666666666,621.7766666666666
stream,743,607.0,606.7766666666666,591.7766666666666,621.7766666666666
stream,744,607.0,606.7766666666666,591.7766666666666,621.7766666666666
stream,745,607.0,606.7766666666666,591.7766666666666,621.7766666666666
stream,746,607.0,606.7766666666666,591.7766666666666,621.7766666666666
stream,747,606.0,606.7766666666666,591.7766666666666,621.7766666666666
stream,748,607.0,606.7766666666666,591.7766666666666,621.7766666666666
stream,749,607.0,606.7766666666666,591.7766666666666,621.7766666666666
stream,750,607.0,606.7766666666666,591.7766666666666,621.7766666666666
stream,751,606.0,606.7766666666666,591.7766666666666,621.7766666666666
stream,752,607.0,606.7766666666666,591.7766666666666,621.7766666666666
stream,753,607.0,606.7766666666666,591.7766666666666,621.7766666666666
stream,754,607.0,606.7766666666666,591.7766666666666,621.7766666666666
stream,755,607.0,606.7766666666666,591.7766666666666,621.7766666666666
stream,756,606.0,606.7766666666666,591.7766666666666,621.7766666666666
stream,757,607.0,606.7766666666666,591.7766666666666,621.7766666666666
stream,758,607.0,606.7766666666666,591.7766666666666,621.7766666666666
stream,759,606.0,606.7766666666666,591.7766666666666,621.7766666666666
stream,760,607.0,606.7766666666666,591.7766666666666,621.7766666666666
stream,761,607.0,606.7766666666666,591.7766666666666,621.7766666666666
stream,762,606.0,606.7766666666666,591.7766666666666,621.7766666666666
stream,763,607.0,606.7766666666666,591.7766666666666,621.7766666666666
stream,764,607.0,606.7766666666666,591.7766666666666,621.7766666666666
stream,765,607.0,606.7766666666666,591.7766666666666,621.7766666666666
stream,766,607.0,606.7766666666666,591.7766666666666,621.7766666666666
stream,767,607.0,606.7766666666666,591.7766666666666,621.7766666666666
stream,768,607.0,606.7766666666666,591.7766666666666,621.7766666666666
stream,769,606.0,606.7766666666666,591.7766666666666,621.7766666666666
stream,770,607.0,606.7766666666666,591.7766666666666,621.7766666666666
stream,771,607.0,606.7766666666666,591.7766666666666,621.7766666666666
stream,772,607.0,606.7766666666666,591.7766666666666,621.7766666666666
stream,773,607.0,606.7766666666666,591.7766666666666,621.7766666666666
stream,774,607.0,606.7766666666666,591.7766666666666,621.7766666666666
stream,775,607.0,606.7766666666666,591.7766666666666,621.7766666666666
stream,776,607.0,606.7766666666666,591.7766666666666,621.7766666666666
stream,777,607.0,606.7766666666666,591.7766666666666,621.7766666666666
stream,778,607.0,606.7766666666666,591.7766666666666,621.7766666666666
stream,779,606.0,606.7766666666666,591.7766666666666,621.7766666666666
stream,780,607.0,606.7766666666666,591.7766666666666,621.7766666666666
stream,781,607.0,606.7766666666666,591.7766666666666,621.7766666666666
stream,782,606.0,606.7766666666666,591.7766666666666,621.7766666666666
stream,783,607.0,606.7766666666666,591.7766666666666,621.7766666666666
stream,784,606.0,606.7766666666666,591.7766666666666,621.7766666666666
stream,785,607.0,606.7766666666666,591.7766666666666,621.7766666666666
stream,786,606.0,606.7766666666666,591.7766666666666,621.7766666666666
stream,787,607.0,606.7766666666666,591.7766666666666,621.7766666666666
stream,788,607.0,606.7766666666666,591.7766666666666,621.7766666666666
stream,789,606.0,606.7766666666666,591.7766666666666,621.7766666666666
stream,790,606.0,606.7766666666666,591.7766666666666,621.7766666666666
stream,791,606.0,606.7766666666666,591.7766666666666,621.7766666666666
stream,792,606.0,606.7766666666666,591.7766666666666,621.7766666666666
stream,793,605.0,606.7766666666666,591.7766666666666,621.7766666666666
stream,794,606.0,606.7766666666666,591.7766666666666,621.7766666666666
stream,795,605.0,606.7766666666666,591.7766666666666,621.7766666666666
stream,796,606.0,606.7766666666666,591.7766666666666,621.7766666666666
stream,797,606.0,606.7766666666666,591.7766666666666,621.7766666666666
stream,798,605.0,606.7766666666666,591.7766666666666,621.7766666666666
stream,799,605.0,606.7766666666666,591.7766666666666,621.7766666666666
stream,800,605.0,606.7766666666666,591.7766666666666,621.7766666666666
stream,801,605.0,606.7766666666666,591.7766666666666,621.7766666666666
stream,802,605.0,606.7766666666666,591.7766666666666,621.7766666666666
stream,803,604.0,606.7766666666666,591.7766666666666,621.7766666666666
stream,804,605.0,606.7766666666666,591.7766666666666,621.7766666666666
stream,805,605.0,606.7766666666666,591.7766666666666,621.7766666666666
stream,806,605.0,606.7766666666666,591.7766666666666,621.7766666666666
stream,807,604.0,606.7766666666666,591.7766666666666,621.7766666666666
stream,808,605.0,606.7766666666666,591.7766666666666,621.7766666666666
stream,809,605.0,606.7766666666666,591.7766666666666,621.7766666666666
stream,810,604.0,606.7766666666666,591.7766666666666,621.7766666666666
stream,811,605.0,606.7766666666666,591.7766666666666,621.7766666666666
stream,812,604.0,606.7766666666666,591.7766666666666,621.7766666666666
stream,813,604.0,606.7766666666666,591.7766666666666,621.7766666666666
stream,814,604.0,606.7766666666666,591.7766666666666,621.7766666666666
stream,815,605.0,606.7766666666666,591.7766666666666,621.7766666666666
stream,816,604.0,606.7766666666666,591.7766666666666,621.7766666666666
stream,817,604.0,606.7766666666666,591.7766666666666,621.7766666666666
stream,818,605.0,606.7766666666666,591.7766666666666,621.7766666666666
stream,819,604.0,606.7766666666666,591.7766666666666,621.7766666666666
stream,820,605.0,606.7766666666666,591.7766666666666,621.7766666666666
stream,821,604.0,606.7766666666666,591.7766666666666,621.7766666666666
stream,822,604.0,606.7766666666666,591.7766666666666,621.7766666666666
stream,823,604.0,606.7766666666666,591.7766666666666,621.7766666666666
stream,824,604.0,606.7766666666666,591.7766666666666,621.7766666666666
stream,825,604.0,606.7766666666666,591.7766666666666,621.7766666666666
stream,826,604.0,606.7766666666666,591.7766666666666,621.7766666666666
stream,827,605.0,606.7766666666666,591.7766666666666,621.7766666666666
stream,828,605.0,606.7766666666666,591.7766666666666,621.7766666666666
stream,829,604.0,606.7766666666666,591.7766666666666,621.7766666666666
stream,830,605.0,606.7766666666666,591.7766666666666,621.7766666666666
stream,831,605.0,606.7766666666666,591.7766666666666,621.7766666666666
stream,832,605.0,606.7766666666666,591.7766666666666,621.7766666666666
stream,833,604.0,606.7766666666666,591.7766666666666,621.7766666666666
stream,834,605.0,606.7766666666666,591.7766666666666,621.7766666666666
stream,835,605.0,606.7766666666666,591.7766666666666,621.7766666666666
stream,836,604.0,606.7766666666666,591.7766666666666,621.7766666666666
stream,837,605.0,606.7766666666666,591.7766666666666,621.7766666666666
stream,838,604.0,606.7766666666666,591.7766666666666,621.7766666666666
stream,839,605.0,606.7766666666666,591.7766666666666,621.7766666666666
stream,840,605.0,606.7766666666666,591.7766666666666,621.7766666666666
stream,841,604.0,606.7766666666666,591.7766666666666,621.7766666666666
stream,842,605.0,606.7766666666666,591.7766666666666,621.7766666666666
stream,843,605.0,606.7766666666666,591.7766666666666,621.7766666666666
stream,844,604.0,606.7766666666666,591.7766666666666,621.7766666666666
stream,845,604.0,606.7766666666666,591.7766666666666,621.7766666666666
stream,846,605.0,606.7766666666666,591.7766666666666,621.7766666666666
stream,847,605.0,606.7766666666666,591.7766666666666,621.7766666666666
stream,848,604.0,606.7766666666666,591.7766666666666,621.7766666666666
stream,849,605.0,606.7766666666666,591.7766666666666,621.7766666666666
stream,850,604.0,606.7766666666666,591.7766666666666,621.7766666666666
stream,851,604.0,606.7766666666666,591.7766666666666,621.7766666666666
stream,852,605.0,606.7766666666666,591.7766666666666,621.7766666666666
stream,853,604.0,606.7766666666666,591.7766666666666,621.7766666666666
stream,854,603.0,606.7766666666666,591.7766666666666,621.7766666666666
stream,855,604.0,606.7766666666666,591.7766666666666,621.7766666666666
stream,856,604.0,606.7766666666666,591.7766666666666,621.7766666666666
stream,857,604.0,606.7766666666666,591.7766666666666,621.7766666666666
stream,858,604.0,606.7766666666666,591.7766666666666,621.7766666666666
stream,859,604.0,606.7766666666666,591.7766666666666,621.7766666666666
stream,860,604.0,606.7766666666666,591.7766666666666,621.7766666666666
stream,861,604.0,606.7766666666666,591.7766666666666,621.7766666666666
stream,862,603.0,606.7766666666666,591.7766666666666,621.7766666666666
stream,863,604.0,606.7766666666666,591.7766666666666,621.7766666666666
stream,864,604.0,606.7766666666666,591.7766666666666,621.7766666666666
stream,865,603.0,606.7766666666666,591.7766666666666,621.7766666666666
stream,866,602.0,606.7766666666666,591.7766666666666,621.7766666666666
stream,867,603.0,606.7766666666666,591.7766666666666,621.7766666666666
stream,868,603.0,606.7766666666666,591.7766666666666,621.7766666666666
stream,869,603.0,606.7766666666666,591.7766666666666,621.7766666666666
stream,870,603.0,606.7766666666666,591.7766666666666,621.7766666666666
stream,871,602.0,606.7766666666666,591.7766666666666,621.7766666666666
stream,872,603.0,606.7766666666666,591.7766666666666,621.7766666666666
stream,873,603.0,606.7766666666666,591.7766666666666,621.7766666666666
stream,874,602.0,606.7766666666666,591.7766666666666,621.7766666666666
stream,875,603.0,606.7766666666666,591.7766666666666,621.7766666666666
stream,876,602.0,606.7766666666666,591.7766666666666,621.7766666666666
stream,877,603.0,606.7766666666666,591.7766666666666,621.7766666666666
stream,878,602.0,606.7766666666666,591.7766666666666,621.7766666666666
stream,879,603.0,606.7766666666666,591.7766666666666,621.7766666666666
stream,880,602.0,606.7766666666666,591.7766666666666,621.7766666666666
stream,881,602.0,606.7766666666666,591.7766666666666,621.7766666666666
stream,882,602.0,606.7766666666666,591.7766666666666,621.7766666666666
stream,883,602.0,606.7766666666666,591.7766666666666,621.7766666666666
stream,884,602.0,606.7766666666666,591.7766666666666,621.7766666666666
stream,885,602.0,606.7766666666666,591.7766666666666,621.7766666666666
stream,886,602.0,606.7766666666666,591.7766666666666,621.7766666666666
stream,887,601.0,606.7766666666666,591.7766666666666,621.7766666666666
stream,888,602.0,606.7766666666666,591.7766666666666,621.7766666666666
stream,889,601.0,606.7766666666666,591.7766666666666,621.7766666666666
stream,890,601.0,606.7766666666666,591.7766666666666,621.7766666666666
stream,891,602.0,606.7766666666666,591.7766666666666,621.7766666666666
stream,892,601.0,606.7766666666666,591.7766666666666,621.7766666666666
stream,893,601.0,606.7766666666666,591.7766666666666,621.7766666666666
stream,894,600.0,606.7766666666666,591.7766666666666,621.7766666666666
stream,895,601.0,606.7766666666666,591.7766666666666,621.7766666666666
stream,896,601.0,606.7766666666666,591.7766666666666,621.7766666666666
stream,897,602.0,606.7766666666666,591.7766666666666,621.7766666666666
stream,898,601.0,606.7766666666666,591.7766666666666,621.7766666666666
stream,899,602.0,606.7766666666666,591.7766666666666,621.7766666666666
stream,900,602.0,606.7766666666666,591.7766666666666,621.7766666666666
stream,901,602.0,606.7766666666666,591.7766666666666,621.7766666666666
stream,902,601.0,606.7766666666666,591.7766666666666,621.7766666666666
stream,903,602.0,606.7766666666666,591.7766666666666,621.7766666666666
stream,904,601.0,606.7766666666666,591.7766666666666,621.7766666666666
stream,905,601.0,606.7766666666666,591.7766666666666,621.7766666666666
stream,906,601.0,606.7766666666666,591.7766666666666,621.7766666666666
stream,907,601.0,606.7766666666666,591.7766666666666,621.7766666666666
stream,908,601.0,606.7766666666666,591.7766666666666,621.7766666666666
stream,909,601.0,606.7766666666666,591.7766666666666,621.7766666666666
stream,910,601.0,606.7766666666666,591.7766666666666,621.7766666666666
stream,911,601.0,606.7766666666666,591.7766666666666,621.7766666666666
stream,912,601.0,606.7766666666666,591.7766666666666,621.7766666666666
stream,913,601.0,606.7766666666666,591.7766666666666,621.7766666666666
stream,914,601.0,606.7766666666666,591.7766666666666,621.7766666666666
stream,915,600.0,606.7766666666666,591.7766666666666,621.7766666666666
stream,916,600.0,606.7766666666666,591.7766666666666,621.7766666666666
stream,917,600.0,606.7766666666666,591.7766666666666,621.7766666666666
stream,918,601.0,606.7766666666666,591.7766666666666,621.7766666666666
stream,919,600.0,606.7766666666666,591.7766666666666,621.7766666666666
stream,920,600.0,606.7766666666666,591.7766666666666,621.7766666666666
stream,921,599.0,606.7766666666666,591.7766666666666,621.7766666666666
stream,922,599.0,606.7766666666666,591.7766666666666,621.7766666666666
stream,923,599.0,606.7766666666666,591.7766666666666,621.7766666666666
stream,924,599.0,606.7766666666666,591.7766666666666,621.7766666666666
stream,925,600.0,606.7766666666666,591.7766666666666,621.7766666666666
stream,926,599.0,606.7766666666666,591.7766666666666,621.7766666666666
stream,927,599.0,606.7766666666666,591.7766666666666,621.7766666666666
stream,928,599.0,606.7766666666666,591.7766666666666,621.7766666666666
stream,929,600.0,606.7766666666666,591.7766666666666,621.7766666666666
stream,930,599.0,606.7766666666666,591.7766666666666,621.7766666666666
stream,931,599.0,606.7766666666666,591.7766666666666,621.7766666666666
stream,932,599.0,606.7766666666666,591.7766666666666,621.7766666666666
stream,933,599.0,606.7766666666666,591.7766666666666,621.7766666666666
stream,934,599.0,606.7766666666666,591.7766666666666,621.7766666666666
stream,935,599.0,606.7766666666666,591.7766666666666,621.7766666666666
stream,936,599.0,606.7766666666666,591.7766666666666,621.7766666666666
stream,937,598.0,606.7766666666666,591.7766666666666,621.7766666666666
stream,938,598.0,606.7766666666666,591.7766666666666,621.7766666666666
stream,939,599.0,606.7766666666666,591.7766666666666,621.7766666666666
stream,940,598.0,606.7766666666666,591.7766666666666,621.7766666666666
stream,941,597.0,606.7766666666666,591.7766666666666,621.7766666666666
stream,942,598.0,606.7766666666666,591.7766666666666,621.7766666666666
stream,943,597.0,606.7766666666666,591.7766666666666,621.7766666666666
stream,944,597.0,606.7766666666666,591.7766666666666,621.7766666666666
stream,945,597.0,606.7766666666666,591.7766666666666,621.7766666666666
stream,946,597.0,606.7766666666666,591.7766666666666,621.7766666666666
stream,947,597.0,606.7766666666666,591.7766666666666,621.7766666666666
stream,948,597.0,606.7766666666666,591.7766666666666,621.7766666666666
stream,949,597.0,606.7766666666666,591.7766666666666,621.7766666666666
stream,950,596.0,606.7766666666666,591.7766666666666,621.7766666666666
stream,951,596.0,606.7766666666666,591.7766666666666,621.7766666666666
stream,952,596.0,606.7766666666666,591.7766666666666,621.7766666666666
stream,953,595.0,606.7766666666666,591.7766666666666,621.7766666666666
stream,954,595.0,606.7766666666666,591.7766666666666,621.7766666666666
stream,955,596.0,606.7766666666666,591.7766666666666,621.7766666666666
stream,956,595.0,606.7766666666666,591.7766666666666,621.7766666666666
stream,957,595.0,606.7766666666666,591.7766666666666,621.7766666666666
stream,958,596.0,606.7766666666666,591.7766666666666,621.7766666666666
stream,959,595.0,606.7766666666666,591.7766666666666,621.7766666666666
stream,960,596.0,606.7766666666666,591.7766666666666,621.7766666666666
stream,961,595.0,606.7766666666666,591.7766666666666,621.7766666666666
stream,962,595.0,606.7766666666666,591.7766666666666,621.7766666666666
stream,963,594.0,606.7766666666666,591.7766666666666,621.7766666666666
stream,964,594.0,606.7766666666666,591.7766666666666,621.7766666666666
stream,965,594.0,606.7766666666666,591.7766666666666,621.7766666666666
stream,966,594.0,606.7766666666666,591.7766666666666,621.7766666666666
stream,967,594.0,606.7766666666666,591.7766666666666,621.7766666666666
stream,968,595.0,606.7766666666666,591.7766666666666,621.7766666666666
stream,969,593.0,606.7766666666666,591.7766666666666,621.7766666666666
stream,970,593.0,606.7766666666666,591.7766666666666,621.7766666666666
stream,971,594.0,606.7766666666666,591.7766666666666,621.7766666666666
stream,972,594.0,606.7766666666666,591.7766666666666,621.7766666666666
stream,973,594.0,606.7766666666666,591.7766666666666,621.7766666666666
stream,974,594.0,606.7766666666666,591.7766666666666,621.7766666666666
stream,975,594.0,606.7766666666666,591.7766666666666,621.7766666666666
stream,976,594.0,606.7766666666666,591.7766666666666,621.7766666666666
stream,977,595.0,606.7766666666666,591.7766666666666,621.7766666666666
stream,978,595.0,606.7766666666666,591.7766666666666,621.7766666666666
stream,979,595.0,606.7766666666666,591.7766666666666,621.7766666666666
stream,980,595.0,606.7766666666666,591.7766666666666,621.7766666666666
stream,981,595.0,606.7766666666666,591.7766666666666,621.7766666666666
stream,982,594.0,606.7766666666666,591.7766666666666,621.7766666666666
stream,983,595.0,606.7766666666666,591.7766666666666,621.7766666666666
stream,984,594.0,606.7766666666666,591.7766666666666,621.7766666666666
stream,985,594.0,606.7766666666666,591.7766666666666,621.7766666666666
stream,986,595.0,606.7766666666666,591.7766666666666,621.7766666666666
stream,987,594.0,606.7766666666666,591.7766666666666,621.7766666666666
stream,988,594.0,606.7766666666666,591.7766666666666,621.7766666666666
stream,989,594.0,606.7766666666666,591.7766666666666,621.7766666666666
stream,990,595.0,606.7766666666666,591.7766666666666,621.7766666666666
stream,991,595.0,606.7766666666666,591.7766666666666,621.7766666666666
stream,992,595.0,606.7766666666666,591.7766666666666,621.7766666666666
stream,993,595.0,606.7766666666666,591.7766666666666,621.7766666666666
stream,994,595.0,606.7766666666666,591.7766666666666,621.7766666666666
stream,995,594.0,606.7766666666666,591.7766666666666,621.7766666666666
stream,996,595.0,606.7766666666666,591.7766666666666,621.7766666666666
stream,997,595.0,606.7766666666666,591.7766666666666,621.7766666666666
stream,998,594.0,606.7766666666666,591.7766666666666,621.7766666666666
stream,999,595.0,606.7766666666666,591.7766666666666,621.7766666666666
stream,1000,595.0,606.7766666666666,591.7766666666666,621.7766666666666
stream,1001,595.0,606.7766666666666,591.7766666666666,621.7766666666666
stream,1002,594.0,606.7766666666666,591.7766666666666,621.7766666666666
stream,1003,595.0,606.7766666666666,591.7766666666666,621.7766666666666
stream,1004,594.0,606.7766666666666,591.7766666666666,621.7766666666666
stream,1005,595.0,606.7766666666666,591.7766666666666,621.7766666666666
stream,1006,596.0,606.7766666666666,591.7766666666666,621.7766666666666
stream,1007,595.0,606.7766666666666,591.7766666666666,621.7766666666666
stream,1008,595.0,606.7766666666666,591.7766666666666,621.7766666666666
stream,1009,595.0,606.7766666666666,591.7766666666666,621.7766666666666
stream,1010,595.0,606.7766666666666,591.7766666666666,621.7766666666666
stream,1011,595.0,606.7766666666666,591.7766666666666,621.7766666666666
stream,1012,596.0,606.7766666666666,591.7766666666666,621.7766666666666
stream,1013,596.0,606.7766666666666,591.7766666666666,621.7766666666666
stream,1014,596.0,606.7766666666666,591.7766666666666,621.7766666666666
stream,1015,596.0,606.7766666666666,591.7766666666666,621.7766666666666
stream,1016,597.0,606.7766666666666,591.7766666666666,621.7766666666666
stream,1017,596.0,606.7766666666666,591.7766666666666,621.7766666666666
stream,1018,596.0,606.7766666666666,591.7766666666666,621.7766666666666
stream,1019,597.0,606.7766666666666,591.7766666666666,621.7766666666666
stream,1020,596.0,606.7766666666666,591.7766666666666,621.7766666666666
stream,1021,596.0,606.7766666666666,591.7766666666666,621.7766666666666
stream,1022,597.0,606.7766666666666,591.7766666666666,621.7766666666666
stream,1023,596.0,606.7766666666666,591.7766666666666,621.7766666666666
stream,1024,597.0,606.7766666666666,591.7766666666666,621.7766666666666
stream,1025,597.0,606.7766666666666,591.7766666666666,621.7766666666666
stream,1026,597.0,606.7766666666666,591.7766666666666,621.7766666666666
stream,1027,598.0,606.7766666666666,591.7766666666666,621.7766666666666
stream,1028,597.0,606.7766666666666,591.7766666666666,621.7766666666666
stream,1029,597.0,606.7766666666666,591.7766666666666,621.7766666666666
stream,1030,598.0,606.7766666666666,591.7766666666666,621.7766666666666
stream,1031,597.0,606.7766666666666,591.7766666666666,621.7766666666666
stream,1032,597.0,606.7766666666666,591.7766666666666,621.7766666666666
stream,1033,597.0,606.7766666666666,591.7766666666666,621.7766666666666
stream,1034,597.0,606.7766666666666,591.7766666666666,621.7766666666666
stream,1035,598.0,606.7766666666666,591.7766666666666,621.7766666666666
stream,1036,598.0,606.7766666666666,591.7766666666666,621.7766666666666
stream,1037,598.0,606.7766666666666,591.7766666666666,621.7766666666666
stream,1038,599.0,606.7766666666666,591.7766666666666,621.7766666666666
stream,1039,598.0,606.7766666666666,591.7766666666666,621.7766666666666
stream,1040,598.0,606.7766666666666,591.7766666666666,621.7766666666666
stream,1041,598.0,606.7766666666666,591.7766666666666,621.7766666666666
stream,1042,599.0,606.7766666666666,591.7766666666666,621.7766666666666
stream,1043,598.0,606.7766666666666,591.7766666666666,621.7766666666666
stream,1044,599.0,606.7766666666666,591.7766666666666,621.7766666666666
stream,1045,599.0,606.7766666666666,591.7766666666666,621.7766666666666
stream,1046,599.0,606.7766666666666,591.7766666666666,621.7766666666666
stream,1047,599.0,606.7766666666666,591.7766666666666,621.7766666666666
stream,1048,599.0,606.7766666666666,591.7766666666666,621.7766666666666
stream,1049,599.0,606.7766666666666,591.7766666666666,621.7766666666666
stream,1050,599.0,606.7766666666666,591.7766666666666,621.7766666666666
stream,1051,600.0,606.7766666666666,591.7766666666666,621.7766666666666
stream,1052,600.0,606.7766666666666,591.7766666666666,621.7766666666666
stream,1053,599.0,606.7766666666666,591.7766666666666,621.7766666666666
stream,1054,599.0,606.7766666666666,591.7766666666666,621.7766666666666
stream,1055,599.0,606.7766666666666,591.7766666666666,621.7766666666666
stream,1056,599.0,606.7766666666666,591.7766666666666,621.7766666666666
stream,1057,599.0,606.7766666666666,591.7766666666666,621.7766666666666
stream,1058,600.0,606.7766666666666,591.7766666666666,621.7766666666666
stream,1059,600.0,606.7766666666666,591.7766666666666,621.7766666666666
stream,1060,600.0,606.7766666666666,591.7766666666666,621.7766666666666
stream,1061,599.0,606.7766666666666,591.7766666666666,621.7766666666666
stream,1062,600.0,606.7766666666666,591.7766666666666,621.7766666666666
stream,1063,600.0,606.7766666666666,591.7766666666666,621.7766666666666
stream,1064,599.0,606.7766666666666,591.7766666666666,621.7766666666666
stream,1065,600.0,606.7766666666666,591.7766666666666,621.7766666666666
stream,1066,600.0,606.7766666666666,591.7766666666666,621.7766666666666
stream,1067,600.0,606.7766666666666,591.7766666666666,621.7766666666666
stream,1068,601.0,606.7766666666666,591.7766666666666,621.7766666666666
stream,1069,601.0,606.7766666666666,591.7766666666666,621.7766666666666
stream,1070,601.0,606.7766666666666,591.7766666666666,621.7766666666666
stream,1071,602.0,606.7766666666666,591.7766666666666,621.7766666666666
stream,1072,601.0,606.7766666666666,591.7766666666666,621.7766666666666
stream,1073,601.0,606.7766666666666,591.7766666666666,621.7766666666666
stream,1074,601.0,606.7766666666666,591.7766666666666,621.7766666666666
stream,1075,602.0,606.7766666666666,591.7766666666666,621.7766666666666
stream,1076,602.0,606.7766666666666,591.7766666666666,621.7766666666666
stream,1077,602.0,606.7766666666666,591.7766666666666,621.7766666666666
stream,1078,603.0,606.7766666666666,591.7766666666666,621.7766666666666
stream,1079,602.0,606.7766666666666,591.7766666666666,621.7766666666666
stream,1080,604.0,606.7766666666666,591.7766666666666,621.7766666666666
stream,1081,604.0,606.7766666666666,591.7766666666666,621.7766666666666
stream,1082,603.0,606.7766666666666,591.7766666666666,621.7766666666666
stream,1083,604.0,606.7766666666666,591.7766666666666,621.7766666666666
stream,1084,602.0,606.7766666666666,591.7766666666666,621.7766666666666
stream,1085,603.0,606.7766666666666,591.7766666666666,621.7766666666666
stream,1086,603.0,606.7766666666666,591.7766666666666,621.7766666666666
stream,1087,604.0,606.7766666666666,591.7766666666666,621.7766666666666
stream,1088,604.0,606.7766666666666,591.7766666666666,621.7766666666666
stream,1089,604.0,606.7766666666666,591.7766666666666,621.7766666666666
stream,1090,604.0,606.7766666666666,591.7766666666666,621.7766666666666
stream,1091,604.0,606.7766666666666,591.7766666666666,621.7766666666666
stream,1092,604.0,606.7766666666666,591.7766666666666,621.7766666666666
stream,1093,604.0,606.7766666666666,591.7766666666666,621.7766666666666
stream,1094,604.0,606.7766666666666,591.7766666666666,621.7766666666666
stream,1095,604.0,606.7766666666666,591.7766666666666,621.7766666666666
stream,1096,604.0,606.7766666666666,591.7766666666666,621.7766666666666
stream,1097,604.0,606.7766666666666,591.7766666666666,621.7766666666666
stream,1098,605.0,606.7766666666666,591.7766666666666,621.7766666666666
stream,1099,604.0,606.7766666666666,591.7766666666666,621.7766666666666
stream,1100,605.0,606.7766666666666,591.7766666666666,621.7766666666666
stream,1101,603.0,606.7766666666666,591.7766666666666,621.7766666666666
stream,1102,604.0,606.7766666666666,591.7766666666666,621.7766666666666
stream,1103,604.0,606.7766666666666,591.7766666666666,621.7766666666666
stream,1104,604.0,606.7766666666666,591.7766666666666,621.7766666666666
stream,1105,604.0,606.7766666666666,591.7766666666666,621.7766666666666
stream,1106,604.0,606.7766666666666,591.7766666666666,621.7766666666666
stream,1107,604.0,606.7766666666666,591.7766666666666,621.7766666666666
stream,1108,605.0,606.7766666666666,591.7766666666666,621.7766666666666
stream,1109,604.0,606.7766666666666,591.7766666666666,621.7766666666666
stream,1110,605.0,606.7766666666666,591.7766666666666,621.7766666666666
stream,1111,604.0,606.7766666666666,591.7766666666666,621.7766666666666
stream,1112,605.0,606.7766666666666,591.7766666666666,621.7766666666666
stream,1113,605.0,606.7766666666666,591.7766666666666,621.7766666666666
stream,1114,604.0,606.7766666666666,591.7766666666666,621.7766666666666
stream,1115,604.0,606.7766666666666,591.7766666666666,621.7766666666666
stream,1116,604.0,606.7766666666666,591.7766666666666,621.7766666666666
stream,1117,603.0,606.7766666666666,591.7766666666666,621.7766666666666
stream,1118,603.0,606.7766666666666,591.7766666666666,621.7766666666666
stream,1119,604.0,606.7766666666666,591.7766666666666,621.7766666666666
stream,1120,604.0,606.7766666666666,591.7766666666666,621.7766666666666
stream,1121,605.0,606.7766666666666,591.7766666666666,621.7766666666666
stream,1122,604.0,606.7766666666666,591.7766666666666,621.7766666666666
stream,1123,604.0,606.7766666666666,591.7766666666666,621.7766666666666
stream,1124,603.0,606.7766666666666,591.7766666666666,621.7766666666666
stream,1125,604.0,606.7766666666666,591.7766666666666,621.7766666666666
stream,1126,604.0,606.7766666666666,591.7766666666666,621.7766666666666
stream,1127,603.0,606.7766666666666,591.7766666666666,621.7766666666666
stream,1128,603.0,606.7766666666666,591.7766666666666,621.7766666666666
stream,1129,603.0,606.7766666666666,591.7766666666666,621.7766666666666
stream,1130,604.0,606.7766666666666,591.7766666666666,621.7766666666666
stream,1131,605.0,606.7766666666666,591.7766666666666,621.7766666666666
stream,1132,604.0,606.7766666666666,591.7766666666666,621.7766666666666
stream,1133,604.0,606.7766666666666,591.7766666666666,621.7766666666666
stream,1134,604.0,606.7766666666666,591.7766666666666,621.7766666666666
stream,1135,604.0,606.7766666666666,591.7766666666666,621.7766666666666
stream,1136,604.0,606.7766666666666,591.7766666666666,621.7766666666666
stream,1137,603.0,606.7766666666666,591.7766666666666,621.7766666666666
stream,1138,604.0,606.7766666666666,591.7766666666666,621.7766666666666
stream,1139,602.0,606.7766666666666,591.7766666666666,621.7766666666666
stream,1140,603.0,606.7766666666666,591.7766666666666,621.7766666666666
stream,1141,603.0,606.7766666666666,591.7766666666666,621.7766666666666
stream,1142,603.0,606.7766666666666,591.7766666666666,621.7766666666666
stream,1143,603.0,606.7766666666666,591.7766666666666,621.7766666666666
stream,1144,604.0,606.7766666666666,591.7766666666666,621.7766666666666
stream,1145,604.0,606.7766666666666,591.7766666666666,621.7766666666666
stream,1146,604.0,606.7766666666666,591.7766666666666,621.7766666666666
stream,1147,604.0,606.7766666666666,591.7766666666666,621.7766666666666
stream,1148,604.0,606.7766666666666,591.7766666666666,621.7766666666666
stream,1149,604.0,606.7766666666666,591.7766666666666,621.7766666666666
stream,1150,603.0,606.7766666666666,591.7766666666666,621.7766666666666
stream,1151,603.0,606.7766666666666,591.7766666666666,621.7766666666666
stream,1152,602.0,606.7766666666666,591.7766666666666,621.7766666666666
stream,1153,603.0,606.7766666666666,591.7766666666666,621.7766666666666
stream,1154,603.0,606.7766666666666,591.7766666666666,621.7766666666666
stream,1155,604.0,606.7766666666666,591.7766666666666,621.7766666666666
stream,1156,603.0,606.7766666666666,591.7766666666666,621.7766666666666
stream,1157,603.0,606.7766666666666,591.7766666666666,621.7766666666666
stream,1158,602.0,606.7766666666666,591.7766666666666,621.7766666666666
stream,1159,603.0,606.7766666666666,591.7766666666666,621.7766666666666
stream,1160,603.0,606.7766666666666,591.7766666666666,621.7766666666666
stream,1161,602.0,606.7766666666666,591.7766666666666,621.7766666666666
stream,1162,602.0,606.7766666666666,591.7766666666666,621.7766666666666
stream,1163,602.0,606.7766666666666,591.7766666666666,621.7766666666666
stream,1164,603.0,606.7766666666666,591.7766666666666,621.7766666666666
stream,1165,603.0,606.7766666666666,591.7766666666666,621.7766666666666
stream,1166,603.0,606.7766666666666,591.7766666666666,621.7766666666666
stream,1167,602.0,606.7766666666666,591.7766666666666,621.7766666666666
stream,1168,603.0,606.7766666666666,591.7766666666666,621.7766666666666
stream,1169,603.0,606.7766666666666,591.7766666666666,621.7766666666666
stream,1170,603.0,606.7766666666666,591.7766666666666,621.7766666666666
stream,1171,603.0,606.7766666666666,591.7766666666666,621.7766666666666
stream,1172,603.0,606.7766666666666,591.7766666666666,621.7766666666666
stream,1173,603.0,606.7766666666666,591.7766666666666,621.7766666666666
stream,1174,602.0,606.7766666666666,591.7766666666666,621.7766666666666
stream,1175,603.0,606.7766666666666,591.7766666666666,621.7766666666666
stream,1176,603.0,606.7766666666666,591.7766666666666,621.7766666666666
stream,1177,603.0,606.7766666666666,591.7766666666666,621.7766666666666
stream,1178,603.0,606.7766666666666,591.7766666666666,621.7766666666666
stream,1179,602.0,606.7766666666666,591.7766666666666,621.7766666666666
stream,1180,603.0,606.7766666666666,591.7766666666666,621.7766666666666
stream,1181,602.0,606.7766666666666,591.7766666666666,621.7766666666666
stream,1182,603.0,606.7766666666666,591.7766666666666,621.7766666666666
stream,1183,603.0,606.7766666666666,591.7766666666666,621.7766666666666
stream,1184,603.0,606.7766666666666,591.7766666666666,621.7766666666666
stream,1185,602.0,606.7766666666666,591.7766666666666,621.7766666666666
stream,1186,603.0,606.7766666666666,591.7766666666666,621.7766666666666
stream,1187,604.0,606.7766666666666,591.7766666666666,621.7766666666666
stream,1188,603.0,606.7766666666666,591.7766666666666,621.7766666666666
stream,1189,603.0,606.7766666666666,591.7766666666666,621.7766666666666
stream,1190,603.0,606.7766666666666,591.7766666666666,621.7766666666666
stream,1191,603.0,606.7766666666666,591.7766666666666,621.7766666666666
stream,1192,603.0,606.7766666666666,591.7766666666666,621.7766666666666
stream,1193,603.0,606.7766666666666,591.7766666666666,621.7766666666666
stream,1194,604.0,606.7766666666666,591.7766666666666,621.7766666666666
stream,1195,603.0,606.7766666666666,591.7766666666666,621.7766666666666
stream,1196,603.0,606.7766666666666,591.7766666666666,621.7766666666666
stream,1197,604.0,606.7766666666666,591.7766666666666,621.7766666666666
stream,1198,603.0,606.7766666666666,591.7766666666666,621.7766666666666
stream,1199,604.0,606.7766666666666,591.7766666666666,621.7766666666666
stream,1200,604.0,606.7766666666666,591.7766666666666,621.7766666666666
stream,1201,603.0,606.7766666666666,591.7766666666666,621.7766666666666
stream,1202,604.0,606.7766666666666,591.7766666666666,621.7766666666666
stream,1203,603.0,606.7766666666666,591.7766666666666,621.7766666666666
stream,1204,604.0,606.7766666666666,591.7766666666666,621.7766666666666
stream,1205,603.0,606.7766666666666,591.7766666666666,621.7766666666666
stream,1206,604.0,606.7766666666666,591.7766666666666,621.7766666666666
stream,1207,604.0,606.7766666666666,591.7766666666666,621.7766666666666
stream,1208,604.0,606.7766666666666,591.7766666666666,621.7766666666666
stream,1209,604.0,606.7766666666666,591.7766666666666,621.7766666666666
stream,1210,605.0,606.7766666666666,591.7766666666666,621.7766666666666
stream,1211,605.0,606.7766666666666,591.7766666666666,621.7766666666666
stream,1212,605.0,606.7766666666666,591.7766666666666,621.7766666666666
stream,1213,604.0,606.7766666666666,591.7766666666666,621.7766666666666
stream,1214,605.0,606.7766666666666,591.7766666666666,621.7766666666666
stream,1215,605.0,606.7766666666666,591.7766666666666,621.7766666666666
stream,1216,605.0,606.7766666666666,591.7766666666666,621.7766666666666
stream,1217,605.0,606.7766666666666,591.7766666666666,621.7766666666666
stream,1218,606.0,606.7766666666666,591.7766666666666,621.7766666666666
stream,1219,605.0,606.7766666666666,591.7766666666666,621.7766666666666
stream,1220,605.0,606.7766666666666,591.7766666666666,621.7766666666666
stream,1221,605.0,606.7766666666666,591.7766666666666,621.7766666666666
stream,1222,605.0,606.7766666666666,591.7766666666666,621.7766666666666
stream,1223,605.0,606.7766666666666,591.7766666666666,621.7766666666666
stream,1224,606.0,606.7766666666666,591.7766666666666,621.7766666666666
stream,1225,605.0,606.7766666666666,591.7766666666666,621.7766666666666
stream,1226,605.0,606.7766666666666,591.7766666666666,621.7766666666666
stream,1227,605.0,606.7766666666666,591.7766666666666,621.7766666666666
stream,1228,605.0,606.7766666666666,591.7766666666666,621.7766666666666
stream,1229,605.0,606.7766666666666,591.7766666666666,621.7766666666666
stream,1230,605.0,606.7766666666666,591.7766666666666,621.7766666666666
stream,1231,604.0,606.7766666666666,591.7766666666666,621.7766666666666
stream,1232,605.0,606.7766666666666,591.7766666666666,621.7766666666666
stream,1233,604.0,606.7766666666666,591.7766666666666,621.7766666666666
stream,1234,605.0,606.7766666666666,591.7766666666666,621.7766666666666
stream,1235,604.0,606.7766666666666,591.7766666666666,621.7766666666666
stream,1236,605.0,606.7766666666666,591.7766666666666,621.7766666666666
stream,1237,604.0,606.7766666666666,591.7766666666666,621.7766666666666
stream,1238,605.0,606.7766666666666,591.7766666666666,621.7766666666666
stream,1239,605.0,606.7766666666666,591.7766666666666,621.7766666666666
stream,1240,604.0,606.7766666666666,591.7766666666666,621.7766666666666
stream,1241,604.0,606.7766666666666,591.7766666666666,621.7766666666666
stream,1242,604.0,606.7766666666666,591.7766666666666,621.7766666666666
stream,1243,605.0,606.7766666666666,591.7766666666666,621.7766666666666
stream,1244,604.0,606.7766666666666,591.7766666666666,621.7766666666666
stream,1245,603.0,606.7766666666666,591.7766666666666,621.7766666666666
stream,1246,604.0,606.7766666666666,591.7766666666666,621.7766666666666
stream,1247,602.0,606.7766666666666,591.7766666666666,621.7766666666666
stream,1248,603.0,606.7766666666666,591.7766666666666,621.7766666666666
stream,1249,602.0,606.7766666666666,591.7766666666666,621.7766666666666
stream,1250,603.0,606.7766666666666,591.7766666666666,621.7766666666666
stream,1251,602.0,606.7766666666666,591.7766666666666,621.7766666666666
stream,1252,602.0,606.7766666666666,591.7766666666666,621.7766666666666
stream,1253,603.0,606.7766666666666,591.7766666666666,621.7766666666666
stream,1254,602.0,606.7766666666666,591.7766666666666,621.7766666666666
stream,1255,603.0,606.7766666666666,591.7766666666666,621.7766666666666
stream,1256,602.0,606.7766666666666,591.7766666666666,621.7766666666666
stream,1257,603.0,606.7766666666666,591.7766666666666,621.7766666666666
stream,1258,602.0,606.7766666666666,591.7766666666666,621.7766666666666
stream,1259,603.0,606.7766666666666,591.7766666666666,621.7766666666666
stream,1260,602.0,606.7766666666666,591.7766666666666,621.7766666666666
stream,1261,603.0,606.7766666666666,591.7766666666666,621.7766666666666
stream,1262,603.0,606.7766666666666,591.7766666666666,621.7766666666666
stream,1263,602.0,606.7766666666666,591.7766666666666,621.7766666666666
stream,1264,603.0,606.7766666666666,591.7766666666666,621.7766666666666
stream,1265,603.0,606.7766666666666,591.7766666666666,621.7766666666666
stream,1266,602.0,606.7766666666666,591.7766666666666,621.7766666666666
stream,1267,603.0,606.7766666666666,591.7766666666666,621.7766666666666
stream,1268,603.0,606.7766666666666,591.7766666666666,621.7766666666666
stream,1269,603.0,606.7766666666666,591.7766666666666,621.7766666666666
stream,1270,603.0,606.7766666666666,591.7766666666666,621.7766666666666
stream,1271,604.0,606.7766666666666,591.7766666666666,621.7766666666666
stream,1272,604.0,606.7766666666666,591.7766666666666,621.7766666666666
stream,1273,603.0,606.7766666666666,591.7766666666666,621.7766666666666
stream,1274,604.0,606.7766666666666,591.7766666666666,621.7766666666666
stream,1275,603.0,606.7766666666666,591.7766666666666,621.7766666666666
stream,1276,603.0,606.7766666666666,591.7766666666666,621.7766666666666
stream,1277,604.0,606.7766666666666,591.7766666666666,621.7766666666666
stream,1278,603.0,606.7766666666666,591.7766666666666,621.7766666666666
stream,1279,604.0,606.7766666666666,591.7766666666666,621.7766666666666
stream,1280,603.0,606.7766666666666,591.7766666666666,621.7766666666666
stream,1281,604.0,606.7766666666666,591.7766666666666,621.7766666666666
stream,1282,603.0,606.7766666666666,591.7766666666666,621.7766666666666
stream,1283,604.0,606.7766666666666,591.7766666666666,621.7766666666666
stream,1284,603.0,606.7766666666666,591.7766666666666,621.7766666666666
stream,1285,604.0,606.7766666666666,591.7766666666666,621.7766666666666
stream,1286,604.0,606.7766666666666,591.7766666666666,621.7766666666666
stream,1287,604.0,606.7766666666666,591.7766666666666,621.7766666666666
stream,1288,604.0,606.7766666666666,591.7766666666666,621.7766666666666
stream,1289,604.0,606.7766666666666,591.7766666666666,621.7766666666666
stream,1290,604.0,606.7766666666666,591.7766666666666,621.7766666666666
stream,1291,604.0,606.7766666666666,591.7766666666666,621.7766666666666
stream,1292,604.0,606.7766666666666,591.7766666666666,621.7766666666666
stream,1293,604.0,606.7766666666666,591.7766666666666,621.7766666666666
stream,1294,603.0,606.7766666666666,591.7766666666666,621.7766666666666
stream,1295,603.0,606.7766666666666,591.7766666666666,621.7766666666666
stream,1296,603.0,606.7766666666666,591.7766666666666,621.7766666666666
stream,1297,603.0,606.7766666666666,591.7766666666666,621.7766666666666
stream,1298,602.0,606.7766666666666,591.7766666666666,621.7766666666666
stream,1299,603.0,606.7766666666666,591.7766666666666,621.7766666666666
stream,1300,602.0,606.7766666666666,591.7766666666666,621.7766666666666
stream,1301,602.0,606.7766666666666,591.7766666666666,621.7766666666666
stream,1302,602.0,606.7766666666666,591.7766666666666,621.7766666666666
stream,1303,602.0,606.7766666666666,591.7766666666666,621.7766666666666
stream,1304,603.0,606.7766666666666,591.7766666666666,621.7766666666666
stream,1305,602.0,606.7766666666666,591.7766666666666,621.7766666666666
stream,1306,603.0,606.7766666666666,591.7766666666666,621.7766666666666
stream,1307,602.0,606.7766666666666,591.7766666666666,621.7766666666666
stream,1308,602.0,606.7766666666666,591.7766666666666,621.7766666666666
stream,1309,604.0,606.7766666666666,591.7766666666666,621.7766666666666
stream,1310,603.0,606.7766666666666,591.7766666666666,621.7766666666666
stream,1311,603.0,606.7766666666666,591.7766666666666,621.7766666666666
stream,1312,602.0,606.7766666666666,591.7766666666666,621.7766666666666
stream,1313,603.0,606.7766666666666,591.7766666666666,621.7766666666666
stream,1314,602.0,606.7766666666666,591.7766666666666,621.7766666666666
stream,1315,603.0,606.7766666666666,591.7766666666666,621.7766666666666
stream,1316,602.0,606.7766666666666,591.7766666666666,621.7766666666666
stream,1317,603.0,606.7766666666666,591.7766666666666,621.7766666666666
stream,1318,603.0,606.7766666666666,591.7766666666666,621.7766666666666
stream,1319,603.0,606.7766666666666,591.7766666666666,621.7766666666666
stream,1320,602.0,606.7766666666666,591.7766666666666,621.7766666666666
stream,1321,603.0,606.7766666666666,591.7766666666666,621.7766666666666
stream,1322,603.0,606.7766666666666,591.7766666666666,621.7766666666666
stream,1323,602.0,606.7766666666666,591.7766666666666,621.7766666666666
stream,1324,603.0,606.7766666666666,591.7766666666666,621.7766666666666
stream,1325,603.0,606.7766666666666,591.7766666666666,621.7766666666666
stream,1326,603.0,606.7766666666666,591.7766666666666,621.7766666666666
stream,1327,602.0,606.7766666666666,591.7766666666666,621.7766666666666
stream,1328,602.0,606.7766666666666,591.7766666666666,621.7766666666666
stream,1329,603.0,606.7766666666666,591.7766666666666,621.7766666666666
stream,1330,602.0,606.7766666666666,591.7766666666666,621.7766666666666
stream,1331,602.0,606.7766666666666,591.7766666666666,621.7766666666666
stream,1332,602.0,606.7766666666666,591.7766666666666,621.7766666666666
stream,1333,602.0,606.7766666666666,591.7766666666666,621.7766666666666
stream,1334,602.0,606.7766666666666,591.7766666666666,621.7766666666666
stream,1335,602.0,606.7766666666666,591.7766666666666,621.7766666666666
stream,1336,602.0,606.7766666666666,591.7766666666666,621.7766666666666
stream,1337,602.0,606.7766666666666,591.7766666666666,621.7766666666666
stream,1338,602.0,606.7766666666666,591.7766666666666,621.7766666666666
stream,1339,602.0,606.7766666666666,591.7766666666666,621.7766666666666
stream,1340,602.0,606.7766666666666,591.7766666666666,621.7766666666666
stream,1341,603.0,606.7766666666666,591.7766666666666,621.7766666666666
stream,1342,603.0,606.7766666666666,591.7766666666666,621.7766666666666
stream,1343,602.0,606.7766666666666,591.7766666666666,621.7766666666666
stream,1344,603.0,606.7766666666666,591.7766666666666,621.7766666666666
stream,1345,602.0,606.7766666666666,591.7766666666666,621.7766666666666
stream,1346,603.0,606.7766666666666,591.7766666666666,621.7766666666666
stream,1347,602.0,606.7766666666666,591.7766666666666,621.7766666666666
stream,1348,603.0,606.7766666666666,591.7766666666666,621.7766666666666
stream,1349,602.0,606.7766666666666,591.7766666666666,621.7766666666666
stream,1350,602.0,606.7766666666666,591.7766666666666,621.7766666666666
stream,1351,602.0,606.7766666666666,591.7766666666666,621.7766666666666
stream,1352,602.0,606.7766666666666,591.7766666666666,621.7766666666666
stream,1353,602.0,606.7766666666666,591.7766666666666,621.7766666666666
stream,1354,602.0,606.7766666666666,591.7766666666666,621.7766666666666
stream,1355,603.0,606.7766666666666,591.7766666666666,621.7766666666666
stream,1356,602.0,606.7766666666666,591.7766666666666,621.7766666666666
stream,1357,602.0,606.7766666666666,591.7766666666666,621.7766666666666
stream,1358,602.0,606.7766666666666,591.7766666666666,621.7766666666666
stream,1359,603.0,606.7766666666666,591.7766666666666,621.7766666666666
stream,1360,602.0,606.7766666666666,591.7766666666666,621.7766666666666
stream,1361,603.0,606.7766666666666,591.7766666666666,621.7766666666666
stream,1362,603.0,606.7766666666666,591.7766666666666,621.7766666666666
stream,1363,602.0,606.7766666666666,591.7766666666666,621.7766666666666
stream,1364,603.0,606.7766666666666,591.7766666666666,621.7766666666666
stream,1365,603.0,606.7766666666666,591.7766666666666,621.7766666666666
stream,1366,603.0,606.7766666666666,591.7766666666666,621.7766666666666
stream,1367,603.0,606.7766666666666,591.7766666666666,621.7766666666666
stream,1368,603.0,606.7766666666666,591.7766666666666,621.7766666666666
stream,1369,604.0,606.7766666666666,591.7766666666666,621.7766666666666
stream,1370,602.0,606.7766666666666,591.7766666666666,621.7766666666666
stream,1371,603.0,606.7766666666666,591.7766666666666,621.7766666666666
stream,1372,604.0,606.7766666666666,591.7766666666666,621.7766666666666
stream,1373,603.0,606.7766666666666,591.7766666666666,621.7766666666666
stream,1374,604.0,606.7766666666666,591.7766666666666,621.7766666666666
stream,1375,604.0,606.7766666666666,591.7766666666666,621.7766666666666
stream,1376,603.0,606.7766666666666,591.7766666666666,621.7766666666666
stream,1377,605.0,606.7766666666666,591.7766666666666,621.7766666666666
stream,1378,604.0,606.7766666666666,591.7766666666666,621.7766666666666
stream,1379,604.0,606.7766666666666,591.7766666666666,621.7766666666666
stream,1380,605.0,606.7766666666666,591.7766666666666,621.7766666666666
stream,1381,605.0,606.7766666666666,591.7766666666666,621.7766666666666
stream,1382,604.0,606.7766666666666,591.7766666666666,621.7766666666666
stream,1383,604.0,606.7766666666666,591.7766666666666,621.7766666666666
stream,1384,605.0,606.7766666666666,591.7766666666666,621.7766666666666
stream,1385,605.0,606.7766666666666,591.7766666666666,621.7766666666666
stream,1386,605.0,606.7766666666666,591.7766666666666,621.7766666666666
stream,1387,605.0,606.7766666666666,591.7766666666666,621.7766666666666
stream,1388,606.0,606.7766666666666,591.7766666666666,621.7766666666666
stream,1389,605.0,606.7766666666666,591.7766666666666,621.7766666666666
stream,1390,606.0,606.7766666666666,591.7766666666666,621.7766666666666
stream,1391,605.0,606.7766666666666,591.7766666666666,621.7766666666666
stream,1392,605.0,606.7766666666666,591.7766666666666,621.7766666666666
stream,1393,605.0,606.7766666666666,591.7766666666666,621.7766666666666
stream,1394,605.0,606.7766666666666,591.7766666666666,621.7766666666666
stream,1395,604.0,606.7766666666666,591.7766666666666,621.7766666666666
stream,1396,605.0,606.7766666666666,591.7766666666666,621.7766666666666
stream,1397,605.0,606.7766666666666,591.7766666666666,621.7766666666666
stream,1398,604.0,606.7766666666666,591.7766666666666,621.7766666666666
stream,1399,605.0,606.7766666666666,591.7766666666666,621.7766666666666
stream,1400,604.0,606.7766666666666,591.7766666666666,621.7766666666666
stream,1401,606.0,606.7766666666666,591.7766666666666,621.7766666666666
stream,1402,604.0,606.7766666666666,591.7766666666666,621.7766666666666
stream,1403,605.0,606.7766666666666,591.7766666666666,621.7766666666666
stream,1404,605.0,606.7766666666666,591.7766666666666,621.7766666666666
stream,1405,604.0,606.7766666666666,591.7766666666666,621.7766666666666
stream,1406,605.0,606.7766666666666,591.7766666666666,621.7766666666666
stream,1407,604.0,606.7766666666666,591.7766666666666,621.7766666666666
stream,1408,605.0,606.7766666666666,591.7766666666666,621.7766666666666
stream,1409,605.0,606.7766666666666,591.7766666666666,621.7766666666666
stream,1410,606.0,606.7766666666666,591.7766666666666,621.7766666666666
stream,1411,604.0,606.7766666666666,591.7766666666666,621.7766666666666
stream,1412,606.0,606.7766666666666,591.7766666666666,621.7766666666666
stream,1413,606.0,606.7766666666666,591.7766666666666,621.7766666666666
stream,1414,606.0,606.7766666666666,591.7766666666666,621.7766666666666
stream,1415,606.0,606.7766666666666,591.7766666666666,621.7766666666666
stream,1416,606.0,606.7766666666666,591.7766666666666,621.7766666666666
stream,1417,606.0,606.7766666666666,591.7766666666666,621.7766666666666
stream,1418,607.0,606.7766666666666,591.7766666666666,621.7766666666666
stream,1419,607.0,606.7766666666666,591.7766666666666,621.7766666666666
stream,1420,607.0,606.7766666666666,591.7766666666666,621.7766666666666
stream,1421,607.0,606.7766666666666,591.7766666666666,621.7766666666666
stream,1422,607.0,606.7766666666666,591.7766666666666,621.7766666666666
stream,1423,608.0,606.7766666666666,591.7766666666666,621.7766666666666
stream,1424,607.0,606.7766666666666,591.7766666666666,621.7766666666666
stream,1425,607.0,606.7766666666666,591.7766666666666,621.7766666666666
stream,1426,607.0,606.7766666666666,591.7766666666666,621.7766666666666
stream,1427,607.0,606.7766666666666,591.7766666666666,621.7766666666666
stream,1428,608.0,606.7766666666666,591.7766666666666,621.7766666666666
stream,1429,608.0,606.7766666666666,591.7766666666666,621.7766666666666
stream,1430,608.0,606.7766666666666,591.7766666666666,621.7766666666666
stream,1431,609.0,606.7766666666666,591.7766666666666,621.7766666666666
stream,1432,608.0,606.7766666666666,591.7766666666666,621.7766666666666
stream,1433,609.0,606.7766666666666,591.7766666666666,621.7766666666666
stream,1434,608.0,606.7766666666666,591.7766666666666,621.7766666666666
stream,1435,608.0,606.7766666666666,591.7766666666666,621.7766666666666
stream,1436,609.0,606.7766666666666,591.7766666666666,621.7766666666666
stream,1437,608.0,606.7766666666666,591.7766666666666,621.7766666666666
stream,1438,609.0,606.7766666666666,591.7766666666666,621.7766666666666
stream,1439,608.0,606.7766666666666,591.7766666666666,621.7766666666666
stream,1440,609.0,606.7766666666666,591.7766666666666,621.7766666666666
stream,1441,609.0,606.7766666666666,591.7766666666666,621.7766666666666
stream,1442,609.0,606.7766666666666,591.7766666666666,621.7766666666666
stream,1443,609.0,606.7766666666666,591.7766666666666,621.7766666666666
stream,1444,609.0,606.7766666666666,591.7766666666666,621.7766666666666
stream,1445,608.0,606.7766666666666,591.7766666666666,621.7766666666666
stream,1446,608.0,606.7766666666666,591.7766666666666,621.7766666666666
stream,1447,608.0,606.7766666666666,591.7766666666666,621.7766666666666
stream,1448,607.0,606.7766666666666,591.7766666666666,621.7766666666666
stream,1449,608.0,606.7766666666666,591.7766666666666,621.7766666666666
stream,1450,607.0,606.7766666666666,591.7766666666666,621.7766666666666
stream,1451,607.0,606.7766666666666,591.7766666666666,621.7766666666666
stream,1452,607.0,606.7766666666666,591.7766666666666,621.7766666666666
stream,1453,607.0,606.7766666666666,591.7766666666666,621.7766666666666
stream,1454,607.0,606.7766666666666,591.7766666666666,621.7766666666666
stream,1455,608.0,606.7766666666666,591.7766666666666,621.7766666666666
stream,1456,607.0,606.7766666666666,591.7766666666666,621.7766666666666
stream,1457,608.0,606.7766666666666,591.7766666666666,621.7766666666666
stream,1458,608.0,606.7766666666666,591.7766666666666,621.7766666666666
stream,1459,608.0,606.7766666666666,591.7766666666666,621.7766666666666
stream,1460,607.0,606.7766666666666,591.7766666666666,621.7766666666666
stream,1461,607.0,606.7766666666666,591.7766666666666,621.7766666666666
stream,1462,608.0,606.7766666666666,591.7766666666666,621.7766666666666
stream,1463,607.0,606.7766666666666,591.7766666666666,621.7766666666666
stream,1464,608.0,606.7766666666666,591.7766666666666,621.7766666666666
stream,1465,608.0,606.7766666666666,591.7766666666666,621.7766666666666
stream,1466,607.0,606.7766666666666,591.7766666666666,621.7766666666666
stream,1467,607.0,606.7766666666666,591.7766666666666,621.7766666666666
stream,1468,607.0,606.7766666666666,591.7766666666666,621.7766666666666
stream,1469,608.0,606.7766666666666,591.7766666666666,621.7766666666666
stream,1470,607.0,606.7766666666666,591.7766666666666,621.7766666666666
stream,1471,608.0,606.7766666666666,591.7766666666666,621.7766666666666
stream,1472,607.0,606.7766666666666,591.7766666666666,621.7766666666666
stream,1473,607.0,606.7766666666666,591.7766666666666,621.7766666666666
stream,1474,608.0,606.7766666666666,591.7766666666666,621.7766666666666
stream,1475,606.0,606.7766666666666,591.7766666666666,621.7766666666666
stream,1476,607.0,606.7766666666666,591.7766666666666,621.7766666666666
stream,1477,607.0,606.7766666666666,591.7766666666666,621.7766666666666
stream,1478,606.0,606.7766666666666,591.7766666666666,621.7766666666666
stream,1479,607.0,606.7766666666666,591.7766666666666,621.7766666666666
stream,1480,606.0,606.7766666666666,591.7766666666666,621.7766666666666
stream,1481,605.0,606.7766666666666,591.7766666666666,621.7766666666666
stream,1482,606.0,606.7766666666666,591.7766666666666,621.7766666666666
stream,1483,604.0,606.7766666666666,591.7766666666666,621.7766666666666
stream,1484,605.0,606.7766666666666,591.7766666666666,621.7766666666666
stream,1485,605.0,606.7766666666666,591.7766666666666,621.7766666666666
stream,1486,604.0,606.7766666666666,591.7766666666666,621.7766666666666
stream,1487,605.0,606.7766666666666,591.7766666666666,621.7766666666666
stream,1488,604.0,606.7766666666666,591.7766666666666,621.7766666666666
stream,1489,604.0,606.7766666666666,591.7766666666666,621.7766666666666
stream,1490,605.0,606.7766666666666,591.7766666666666,621.7766666666666
stream,1491,604.0,606.7766666666666,591.7766666666666,621.7766666666666
stream,1492,604.0,606.7766666666666,591.7766666666666,621.7766666666666
stream,1493,604.0,606.7766666666666,591.7766666666666,621.7766666666666
stream,1494,605.0,606.7766666666666,591.7766666666666,621.7766666666666
stream,1495,604.0,606.7766666666666,591.7766666666666,621.7766666666666
stream,1496,604.0,606.7766666666666,591.7766666666666,621.7766666666666
stream,1497,604.0,606.7766666666666,591.7766666666666,621.7766666666666
stream,1498,605.0,606.7766666666666,591.7766666666666,621.7766666666666
stream,1499,604.0,606.7766666666666,591.7766666666666,621.7766666666666
stream,1500,603.0,606.7766666666666,591.7766666666666,621.7766666666666
stream,1501,604.0,606.7766666666666,591.7766666666666,621.7766666666666
stream,1502,604.0,606.7766666666666,591.7766666666666,621.7766666666666
stream,1503,603.0,606.7766666666666,591.7766666666666,621.7766666666666
stream,1504,604.0,606.7766666666666,591.7766666666666,621.7766666666666
stream,1505,603.0,606.7766666666666,591.7766666666666,621.7766666666666
stream,1506,604.0,606.7766666666666,591.7766666666666,621.7766666666666
stream,1507,603.0,606.7766666666666,591.7766666666666,621.7766666666666
stream,1508,603.0,606.7766666666666,591.7766666666666,621.7766666666666
stream,1509,604.0,606.7766666666666,591.7766666666666,621.7766666666666
stream,1510,603.0,606.7766666666666,591.7766666666666,621.7766666666666
stream,1511,603.0,606.7766666666666,591.7766666666666,621.7766666666666
stream,1512,603.0,606.7766666666666,591.7766666666666,621.7766666666666
stream,1513,603.0,606.7766666666666,591.7766666666666,621.7766666666666
stream,1514,602.0,606.7766666666666,591.7766666666666,621.7766666666666
stream,1515,603.0,606.7766666666666,591.7766666666666,621.7766666666666
stream,1516,603.0,606.7766666666666,591.7766666666666,621.7766666666666
stream,1517,603.0,606.7766666666666,591.7766666666666,621.7766666666666
stream,1518,603.0,606.7766666666666,591.7766666666666,621.7766666666666
stream,1519,603.0,606.7766666666666,591.7766666666666,621.7766666666666
stream,1520,603.0,606.7766666666666,591.7766666666666,621.7766666666666
stream,1521,603.0,606.7766666666666,591.7766666666666,621.7766666666666
stream,1522,603.0,606.7766666666666,591.7766666666666,621.7766666666666
stream,1523,603.0,606.7766666666666,591.7766666666666,621.7766666666666
stream,1524,602.0,606.7766666666666,591.7766666666666,621.7766666666666
stream,1525,603.0,606.7766666666666,591.7766666666666,621.7766666666666
stream,1526,602.0,606.7766666666666,591.7766666666666,621.7766666666666
stream,1527,603.0,606.7766666666666,591.7766666666666,621.7766666666666
stream,1528,603.0,606.7766666666666,591.7766666666666,621.7766666666666
stream,1529,603.0,606.7766666666666,591.7766666666666,621.7766666666666
stream,1530,603.0,606.7766666666666,591.7766666666666,621.7766666666666
stream,1531,603.0,606.7766666666666,591.7766666666666,621.7766666666666
stream,1532,603.0,606.7766666666666,591.7766666666666,621.7766666666666
stream,1533,602.0,606.7766666666666,591.7766666666666,621.7766666666666
stream,1534,603.0,606.7766666666666,591.7766666666666,621.7766666666666
stream,1535,602.0,606.7766666666666,591.7766666666666,621.7766666666666
stream,1536,603.0,606.7766666666666,591.7766666666666,621.7766666666666
stream,1537,602.0,606.7766666666666,591.7766666666666,621.7766666666666
stream,1538,602.0,606.7766666666666,591.7766666666666,621.7766666666666
stream,1539,602.0,606.7766666666666,591.7766666666666,621.7766666666666
stream,1540,602.0,606.7766666666666,591.7766666666666,621.7766666666666
stream,1541,602.0,606.7766666666666,591.7766666666666,621.7766666666666
stream,1542,602.0,606.7766666666666,591.7766666666666,621.7766666666666
stream,1543,601.0,606.7766666666666,591.7766666666666,621.7766666666666
stream,1544,602.0,606.7766666666666,591.7766666666666,621.7766666666666
stream,1545,601.0,606.7766666666666,591.7766666666666,621.7766666666666
stream,1546,602.0,606.7766666666666,591.7766666666666,621.7766666666666
stream,1547,601.0,606.7766666666666,591.7766666666666,621.7766666666666
stream,1548,601.0,606.7766666666666,591.7766666666666,621.7766666666666
stream,1549,602.0,606.7766666666666,591.7766666666666,621.7766666666666
stream,1550,601.0,606.7766666666666,591.7766666666666,621.7766666666666
stream,1551,601.0,606.7766666666666,591.7766666666666,621.7766666666666
stream,1552,601.0,606.7766666666666,591.7766666666666,621.7766666666666
stream,1553,602.0,606.7766666666666,591.7766666666666,621.7766666666666
stream,1554,601.0,606.7766666666666,591.7766666666666,621.7766666666666
stream,1555,602.0,606.7766666666666,591.7766666666666,621.7766666666666
stream,1556,601.0,606.7766666666666,591.7766666666666,621.7766666666666
stream,1557,601.0,606.7766666666666,591.7766666666666,621.7766666666666
stream,1558,602.0,606.7766666666666,591.7766666666666,621.7766666666666
stream,1559,601.0,606.7766666666666,591.7766666666666,621.7766666666666
stream,1560,602.0,606.7766666666666,591.7766666666666,621.7766666666666
stream,1561,601.0,606.7766666666666,591.7766666666666,621.7766666666666
stream,1562,601.0,606.7766666666666,591.7766666666666,621.7766666666666
stream,1563,601.0,606.7766666666666,591.7766666666666,621.7766666666666
stream,1564,601.0,606.7766666666666,591.7766666666666,621.7766666666666
stream,1565,601.0,606.7766666666666,591.7766666666666,621.7766666666666
stream,1566,600.0,606.7766666666666,591.7766666666666,621.7766666666666
stream,1567,601.0,606.7766666666666,591.7766666666666,621.7766666666666
stream,1568,600.0,606.7766666666666,591.7766666666666,621.7766666666666
stream,1569,601.0,606.7766666666666,591.7766666666666,621.7766666666666
stream,1570,600.0,606.7766666666666,591.7766666666666,621.7766666666666
stream,1571,600.0,606.7766666666666,591.7766666666666,621.7766666666666
stream,1572,600.0,606.7766666666666,591.7766666666666,621.7766666666666
stream,1573,600.0,606.7766666666666,591.7766666666666,621.7766666666666
stream,1574,600.0,606.7766666666666,591.7766666666666,621.7766666666666
stream,1575,600.0,606.7766666666666,591.7766666666666,621.7766666666666
stream,1576,600.0,606.7766666666666,591.7766666666666,621.7766666666666
stream,1577,599.0,606.7766666666666,591.7766666666666,621.7766666666666
stream,1578,600.0,606.7766666666666,591.7766666666666,621.7766666666666
stream,1579,600.0,606.7766666666666,591.7766666666666,621.7766666666666
stream,1580,599.0,606.7766666666666,591.7766666666666,621.7766666666666
stream,1581,600.0,606.7766666666666,591.7766666666666,621.7766666666666
stream,1582,600.0,606.7766666666666,591.7766666666666,621.7766666666666
stream,1583,599.0,606.7766666666666,591.7766666666666,621.7766666666666
stream,1584,599.0,606.7766666666666,591.7766666666666,621.7766666666666
stream,1585,600.0,606.7766666666666,591.7766666666666,621.7766666666666
stream,1586,599.0,606.7766666666666,591.7766666666666,621.7766666666666
stream,1587,600.0,606.7766666666666,591.7766666666666,621.7766666666666
stream,1588,599.0,606.7766666666666,591.7766666666666,621.7766666666666
stream,1589,600.0,606.7766666666666,591.7766666666666,621.7766666666666
stream,1590,599.0,606.7766666666666,591.7766666666666,621.7766666666666
stream,1591,599.0,606.7766666666666,591.7766666666666,621.7766666666666
stream,1592,600.0,606.7766666666666,591.7766666666666,621.7766666666666
stream,1593,599.0,606.7766666666666,591.7766666666666,621.7766666666666
stream,1594,599.0,606.7766666666666,591.7766666666666,621.7766666666666
stream,1595,599.0,606.7766666666666,591.7766666666666,621.7766666666666
stream,1596,599.0,606.7766666666666,591.7766666666666,621.7766666666666
stream,1597,599.0,606.7766666666666,591.7766666666666,621.7766666666666
stream,1598,599.0,606.7766666666666,591.7766666666666,621.7766666666666
stream,1599,599.0,606.7766666666666,591.7766666666666,621.7766666666666
stream,1600,599.0,606.7766666666666,591.7766666666666,621.7766666666666
stream,1601,599.0,606.7766666666666,591.7766666666666,621.7766666666666
stream,1602,599.0,606.7766666666666,591.7766666666666,621.7766666666666
stream,1603,598.0,606.7766666666666,591.7766666666666,621.7766666666666
stream,1604,599.0,606.7766666666666,591.7766666666666,621.7766666666666
stream,1605,598.0,606.7766666666666,591.7766666666666,621.7766666666666
stream,1606,599.0,606.7766666666666,591.7766666666666,621.7766666666666
stream,1607,599.0,606.7766666666666,591.7766666666666,621.7766666666666
stream,1608,598.0,606.7766666666666,591.7766666666666,621.7766666666666
stream,1609,599.0,606.7766666666666,591.7766666666666,621.7766666666666
stream,1610,598.0,606.7766666666666,591.7766666666666,621.7766666666666
stream,1611,598.0,606.7766666666666,591.7766666666666,621.7766666666666
stream,1612,599.0,606.7766666666666,591.7766666666666,621.7766666666666
stream,1613,598.0,606.7766666666666,591.7766666666666,621.7766666666666
stream,1614,599.0,606.7766666666666,591.7766666666666,621.7766666666666
stream,1615,598.0,606.7766666666666,591.7766666666666,621.7766666666666
stream,1616,599.0,606.7766666666666,591.7766666666666,621.7766666666666
stream,1617,599.0,606.7766666666666,591.7766666666666,621.7766666666666
stream,1618,598.0,606.7766666666666,591.7766666666666,621.7766666666666
stream,1619,598.0,606.7766666666666,591.7766666666666,621.7766666666666
stream,1620,598.0,606.7766666666666,591.7766666666666,621.7766666666666
stream,1621,598.0,606.7766666666666,591.7766666666666,621.7766666666666
stream,1622,598.0,606.7766666666666,591.7766666666666,621.7766666666666
stream,1623,597.0,606.7766666666666,591.7766666666666,621.7766666666666
stream,1624,598.0,606.7766666666666,591.7766666666666,621.7766666666666
stream,1625,597.0,606.7766666666666,591.7766666666666,621.7766666666666
stream,1626,598.0,606.7766666666666,591.7766666666666,621.7766666666666
stream,1627,597.0,606.7766666666666,591.7766666666666,621.7766666666666
stream,1628,597.0,606.7766666666666,591.7766666666666,621.7766666666666
stream,1629,597.0,606.7766666666666,591.7766666666666,621.7766666666666
stream,1630,597.0,606.7766666666666,591.7766666666666,621.7766666666666
stream,1631,597.0,606.7766666666666,591.7766666666666,621.7766666666666
stream,1632,597.0,606.7766666666666,591.7766666666666,621.7766666666666
stream,1633,596.0,606.7766666666666,591.7766666666666,621.7766666666666
stream,1634,597.0,606.7766666666666,591.7766666666666,621.7766666666666
stream,1635,597.0,606.7766666666666,591.7766666666666,621.7766666666666
stream,1636,597.0,606.7766666666666,591.7766666666666,621.7766666666666
stream,1637,597.0,606.7766666666666,591.7766666666666,621.7766666666666
stream,1638,596.0,606.7766666666666,591.7766666666666,621.7766666666666
stream,1639,597.0,606.7766666666666,591.7766666666666,621.7766666666666
stream,1640,596.0,606.7766666666666,591.7766666666666,621.7766666666666
stream,1641,596.0,606.7766666666666,591.7766666666666,621.7766666666666
stream,1642,596.0,606.7766666666666,591.7766666666666,621.7766666666666
stream,1643,595.0,606.7766666666666,591.7766666666666,621.7766666666666
stream,1644,596.0,606.7766666666666,591.7766666666666,621.7766666666666
stream,1645,595.0,606.7766666666666,591.7766666666666,621.7766666666666
stream,1646,596.0,606.7766666666666,591.7766666666666,621.7766666666666
stream,1647,595.0,606.7766666666666,591.7766666666666,621.7766666666666
stream,1648,595.0,606.7766666666666,591.7766666666666,621.7766666666666
stream,1649,595.0,606.7766666666666,591.7766666666666,621.7766666666666
stream,1650,594.0,606.7766666666666,591.7766666666666,621.7766666666666
stream,1651,595.0,606.7766666666666,591.7766666666666,621.7766666666666
stream,1652,594.0,606.7766666666666,591.7766666666666,621.7766666666666
stream,1653,593.0,606.7766666666666,591.7766666666666,621.7766666666666
stream,1654,594.0,606.7766666666666,591.7766666666666,621.7766666666666
stream,1655,594.0,606.7766666666666,591.7766666666666,621.7766666666666
stream,1656,594.0,606.7766666666666,591.7766666666666,621.7766666666666
stream,1657,593.0,606.7766666666666,591.7766666666666,621.7766666666666
stream,1658,594.0,606.7766666666666,591.7766666666666,621.7766666666666
stream,1659,594.0,606.7766666666666,591.7766666666666,621.7766666666666
stream,1660,594.0,606.7766666666666,591.7766666666666,621.7766666666666
stream,1661,595.0,606.7766666666666,591.7766666666666,621.7766666666666
stream,1662,594.0,606.7766666666666,591.7766666666666,621.7766666666666
stream,1663,594.0,606.7766666666666,591.7766666666666,621.7766666666666
stream,1664,595.0,606.7766666666666,591.7766666666666,621.7766666666666
stream,1665,595.0,606.7766666666666,591.7766666666666,621.7766666666666
stream,1666,595.0,606.7766666666666,591.7766666666666,621.7766666666666
stream,1667,594.0,606.7766666666666,591.7766666666666,621.7766666666666
stream,1668,594.0,606.7766666666666,591.7766666666666,621.7766666666666
stream,1669,594.0,606.7766666666666,591.7766666666666,621.7766666666666
stream,1670,594.0,606.7766666666666,591.7766666666666,621.7766666666666
stream,1671,593.0,606.7766666666666,591.7766666666666,621.7766666666666
stream,1672,594.0,606.7766666666666,591.7766666666666,621.7766666666666
stream,1673,593.0,606.7766666666666,591.7766666666666,621.7766666666666
stream,1674,594.0,606.7766666666666,591.7766666666666,621.7766666666666
stream,1675,593.0,606.7766666666666,591.7766666666666,621.7766666666666
stream,1676,593.0,606.7766666666666,591.7766666666666,621.7766666666666
stream,1677,593.0,606.7766666666666,591.7766666666666,621.7766666666666
stream,1678,592.0,606.7766666666666,591.7766666666666,621.7766666666666
stream,1679,593.0,606.7766666666666,591.7766666666666,621.7766666666666
stream,1680,592.0,606.7766666666666,591.7766666666666,621.7766666666666
stream,1681,593.0,606.7766666666666,591.7766666666666,621.7766666666666
stream,1682,592.0,606.7766666666666,591.7766666666666,621.7766666666666
stream,1683,593.0,606.7766666666666,591.7766666666666,621.7766666666666
stream,1684,592.0,606.7766666666666,591.7766666666666,621.7766666666666
stream,1685,592.0,606.7766666666666,591.7766666666666,621.7766666666666
stream,1686,592.0,606.7766666666666,591.7766666666666,621.7766666666666
stream,1687,592.0,606.7766666666666,591.7766666666666,621.7766666666666
stream,1688,593.0,606.7766666666666,591.7766666666666,621.7766666666666
stream,1689,592.0,606.7766666666666,591.7766666666666,621.7766666666666
stream,1690,592.0,606.7766666666666,591.7766666666666,621.7766666666666
stream,1691,593.0,606.7766666666666,591.7766666666666,621.7766666666666
stream,1692,593.0,606.7766666666666,591.7766666666666,621.7766666666666
stream,1693,592.0,606.7766666666666,591.7766666666666,621.7766666666666
stream,1694,592.0,606.7766666666666,591.7766666666666,621.7766666666666
stream,1695,593.0,606.7766666666666,591.7766666666666,621.7766666666666
stream,1696,592.0,606.7766666666666,591.7766666666666,621.7766666666666
stream,1697,592.0,606.7766666666666,591.7766666666666,621.7766666666666
stream,1698,591.0,606.7766666666666,591.7766666666666,621.7766666666666
stream,1699,592.0,606.7766666666666,591.7766666666666,621.7766666666666
stream,1700,591.0,606.7766666666666,591.7766666666666,621.7766666666666
stream,1701,592.0,606.7766666666666,591.7766666666666,621.7766666666666
stream,1702,591.0,606.7766666666666,591.7766666666666,621.7766666666666
stream,1703,591.0,606.7766666666666,591.7766666666666,621.7766666666666
stream,1704,591.0,606.7766666666666,591.7766666666666,621.7766666666666
stream,1705,591.0,606.7766666666666,591.7766666666666,621.7766666666666
stream,1706,590.0,606.7766666666666,591.7766666666666,621.7766666666666
stream,1707,591.0,606.7766666666666,591.7766666666666,621.7766666666666
stream,1708,590.0,606.7766666666666,591.7766666666666,621.7766666666666
stream,1709,590.0,606.7766666666666,591.7766666666666,621.7766666666666
stream,1710,591.0,606.7766666666666,591.7766666666666,621.7766666666666
stream,1711,590.0,606.7766666666666,591.7766666666666,621.7766666666666
stream,1712,591.0,606.7766666666666,591.7766666666666,621.7766666666666
stream,1713,590.0,606.7766666666666,591.7766666666666,621.7766666666666
stream,1714,591.0,606.7766666666666,591.7766666666666,621.7766666666666
stream,1715,590.0,606.7766666666666,591.7766666666666,621.7766666666666
stream,1716,590.0,606.7766666666666,591.7766666666666,621.7766666666666
stream,1717,590.0,606.7766666666666,591.7766666666666,621.7766666666666
stream,1718,591.0,606.7766666666666,591.7766666666666,621.7766666666666
stream,1719,590.0,606.7766666666666,591.7766666666666,621.7766666666666
stream,1720,590.0,606.7766666666666,591.7766666666666,621.7766666666666
stream,1721,590.0,606.7766666666666,591.7766666666666,621.7766666666666
stream,1722,590.0,606.7766666666666,591.7766666666666,621.7766666666666
stream,1723,589.0,606.7766666666666,591.7766666666666,621.7766666666666
stream,1724,590.0,606.7766666666666,591.7766666666666,621.7766666666666
stream,1725,589.0,606.7766666666666,591.7766666666666,621.7766666666666
stream,1726,589.0,606.7766666666666,591.7766666666666,621.7766666666666
stream,1727,590.0,606.7766666666666,591.7766666666666,621.7766666666666
stream,1728,589.0,606.7766666666666,591.7766666666666,621.7766666666666
stream,1729,589.0,606.7766666666666,591.7766666666666,621.7766666666666
stream,1730,589.0,606.7766666666666,591.7766666666666,621.7766666666666
stream,1731,590.0,606.7766666666666,591.7766666666666,621.7766666666666
stream,1732,589.0,606.7766666666666,591.7766666666666,621.7766666666666
stream,1733,590.0,606.7766666666666,591.7766666666666,621.7766666666666
stream,1734,590.0,606.7766666666666,591.7766666666666,621.7766666666666
stream,1735,590.0,606.7766666666666,591.7766666666666,621.7766666666666
stream,1736,589.0,606.7766666666666,591.7766666666666,621.7766666666666
stream,1737,589.0,606.7766666666666,591.7766666666666,621.7766666666666
stream,1738,589.0,606.7766666666666,591.7766666666666,621.7766666666666
stream,1739,589.0,606.7766666666666,591.7766666666666,621.7766666666666
stream,1740,589.0,606.7766666666666,591.7766666666666,621.7766666666666
stream,1741,589.0,606.7766666666666,591.7766666666666,621.7766666666666
stream,1742,588.0,606.7766666666666,591.7766666666666,621.7766666666666
stream,1743,588.0,606.7766666666666,591.7766666666666,621.7766666666666
stream,1744,588.0,606.7766666666666,591.7766666666666,621.7766666666666
stream,1745,588.0,606.7766666666666,591.7766666666666,621.7766666666666
stream,1746,589.0,606.7766666666666,591.7766666666666,621.7766666666666
stream,1747,588.0,606.7766666666666,591.7766666666666,621.7766666666666
stream,1748,589.0,606.7766666666666,591.7766666666666,621.7766666666666
stream,1749,588.0,606.7766666666666,591.7766666666666,621.7766666666666
stream,1750,587.0,606.7766666666666,591.7766666666666,621.7766666666666
stream,1751,587.0,606.7766666666666,591.7766666666666,621.7766666666666
stream,1752,587.0,606.7766666666666,591.7766666666666,621.7766666666666
stream,1753,587.0,606.7766666666666,591.7766666666666,621.7766666666666
stream,1754,587.0,606.7766666666666,591.7766666666666,621.7766666666666
stream,1755,587.0,606.7766666666666,591.7766666666666,621.7766666666666
stream,1756,587.0,606.7766666666666,591.7766666666666,621.7766666666666
stream,1757,587.0,606.7766666666666,591.7766666666666,621.7766666666666
stream,1758,587.0,606.7766666666666,591.7766666666666,621.7766666666666
stream,1759,586.0,606.7766666666666,591.7766666666666,621.7766666666666
stream,1760,586.0,606.7766666666666,591.7766666666666,621.7766666666666
stream,1761,587.0,606.7766666666666,591.7766666666666,621.7766666666666
stream,1762,586.0,606.7766666666666,591.7766666666666,621.7766666666666
stream,1763,586.0,606.7766666666666,591.7766666666666,621.7766666666666
stream,1764,586.0,606.7766666666666,591.7766666666666,621.7766666666666
stream,1765,586.0,606.7766666666666,591.7766666666666,621.7766666666666
stream,1766,586.0,606.7766666666666,591.7766666666666,621.7766666666666
stream,1767,586.0,606.7766666666666,591.7766666666666,621.7766666666666
stream,1768,586.0,606.7766666666666,591.7766666666666,621.7766666666666
stream,1769,586.0,606.7766666666666,591.7766666666666,621.7766666666666
stream,1770,585.0,606.7766666666666,591.7766666666666,621.7766666666666
stream,1771,586.0,606.7766666666666,591.7766666666666,621.7766666666666
stream,1772,585.0,606.7766666666666,591.7766666666666,621.7766666666666
stream,1773,586.0,606.7766666666666,591.7766666666666,621.7766666666666
stream,1774,585.0,606.7766666666666,591.7766666666666,621.7766666666666
stream,1775,586.0,606.7766666666666,591.7766666666666,621.7766666666666
stream,1776,586.0,606.7766666666666,591.7766666666666,621.7766666666666
stream,1777,586.0,606.7766666666666,591.7766666666666,621.7766666666666
stream,1778,587.0,606.7766666666666,591.7766666666666,621.7766666666666
stream,1779,587.0,606.7766666666666,591.7766666666666,621.7766666666666
stream,1780,586.0,606.7766666666666,591.7766666666666,621.7766666666666
stream,1781,587.0,606.7766666666666,591.7766666666666,621.7766666666666
stream,1782,586.0,606.7766666666666,591.7766666666666,621.7766666666666
stream,1783,587.0,606.7766666666666,591.7766666666666,621.7766666666666
stream,1784,587.0,606.7766666666666,591.7766666666666,621.7766666666666
stream,1785,587.0,606.7766666666666,591.7766666666666,621.7766666666666
stream,1786,587.0,606.7766666666666,591.7766666666666,621.7766666666666
stream,1787,587.0,606.7766666666666,591.7766666666666,621.7766666666666
stream,1788,587.0,606.7766666666666,591.7766666666666,621.7766666666666
stream,1789,587.0,606.7766666666666,591.7766666666666,621.7766666666666
stream,1790,588.0,606.7766666666666,591.7766666666666,621.7766666666666
stream,1791,588.0,606.7766666666666,591.7766666666666,621.7766666666666
stream,1792,587.0,606.7766666666666,591.7766666666666,621.7766666666666
stream,1793,588.0,606.7766666666666,591.7766666666666,621.7766666666666
stream,1794,588.0,606.7766666666666,591.7766666666666,621.7766666666666
stream,1795,587.0,606.7766666666666,591.7766666666666,621.7766666666666
stream,1796,588.0,606.7766666666666,591.7766666666666,621.7766666666666
stream,1797,587.0,606.7766666666666,591.7766666666666,621.7766666666666
stream,1798,587.0,606.7766666666666,591.7766666666666,621.7766666666666
stream,1799,588.0,606.7766666666666,591.7766666666666,621.7766666666666
